sequence,arm_id,scenario_id,trial_number,scenario_type,status,contract_valid,provider_failed,focal_vulnerable_candidate_id,parsed_ranking,vulnerable_candidate_rank,top_1_success,top_4_success,reciprocal_rank,latency_ms,raw_artifact,validation_errors
1,deterministic_structural,os15-s0001,1,positive,valid,True,False,os15-c000446,"[""os15-c000446"",""os15-c000452"",""os15-c000293"",""os15-c000112"",""os15-c000236""]",1,True,True,1.0,0,results/owasp-sqli-v15-1-confirmatory-final/owasp-sqli-v15-1-confirmatory-20260823T131208Z/raw/ranking-rows/sequence-0001__deterministic_structural__os15-s0001__trial-1.json,[]
2,deterministic_structural,os15-s0002,1,positive,valid,True,False,os15-c000023,"[""os15-c000023"",""os15-c000203"",""os15-c000362"",""os15-c000152"",""os15-c000084""]",1,True,True,1.0,0,results/owasp-sqli-v15-1-confirmatory-final/owasp-sqli-v15-1-confirmatory-20260823T131208Z/raw/ranking-rows/sequence-0002__deterministic_structural__os15-s0002__trial-1.json,[]
3,deterministic_structural,os15-s0003,1,positive,valid,True,False,os15-c000086,"[""os15-c000086"",""os15-c000432"",""os15-c000020"",""os15-c000064"",""os15-c000481""]",1,True,True,1.0,0,results/owasp-sqli-v15-1-confirmatory-final/owasp-sqli-v15-1-confirmatory-20260823T131208Z/raw/ranking-rows/sequence-0003__deterministic_structural__os15-s0003__trial-1.json,[]
4,deterministic_structural,os15-s0004,1,positive,valid,True,False,os15-c000005,"[""os15-c000005"",""os15-c000162"",""os15-c000373"",""os15-c000153"",""os15-c000503""]",1,True,True,1.0,0,results/owasp-sqli-v15-1-confirmatory-final/owasp-sqli-v15-1-confirmatory-20260823T131208Z/raw/ranking-rows/sequence-0004__deterministic_structural__os15-s0004__trial-1.json,[]
5,deterministic_structural,os15-s0005,1,positive,valid,True,False,os15-c000010,"[""os15-c000051"",""os15-c000074"",""os15-c000010"",""os15-c000093"",""os15-c000111""]",3,False,True,0.333333,0,results/owasp-sqli-v15-1-confirmatory-final/owasp-sqli-v15-1-confirmatory-20260823T131208Z/raw/ranking-rows/sequence-0005__deterministic_structural__os15-s0005__trial-1.json,[]
6,deterministic_structural,os15-s0006,1,positive,valid,True,False,os15-c000262,"[""os15-c000329"",""os15-c000358"",""os15-c000466"",""os15-c000083"",""os15-c000262""]",5,False,False,0.2,0,results/owasp-sqli-v15-1-confirmatory-final/owasp-sqli-v15-1-confirmatory-20260823T131208Z/raw/ranking-rows/sequence-0006__deterministic_structural__os15-s0006__trial-1.json,[]
7,deterministic_structural,os15-s0007,1,positive,valid,True,False,os15-c000232,"[""os15-c000232"",""os15-c000372"",""os15-c000223"",""os15-c000410"",""os15-c000493""]",1,True,True,1.0,0,results/owasp-sqli-v15-1-confirmatory-final/owasp-sqli-v15-1-confirmatory-20260823T131208Z/raw/ranking-rows/sequence-0007__deterministic_structural__os15-s0007__trial-1.json,[]
8,deterministic_structural,os15-s0008,1,positive,valid,True,False,os15-c000202,"[""os15-c000192"",""os15-c000202"",""os15-c000336"",""os15-c000087"",""os15-c000455""]",2,False,True,0.5,0,results/owasp-sqli-v15-1-confirmatory-final/owasp-sqli-v15-1-confirmatory-20260823T131208Z/raw/ranking-rows/sequence-0008__deterministic_structural__os15-s0008__trial-1.json,[]
9,deterministic_structural,os15-s0009,1,positive,valid,True,False,os15-c000415,"[""os15-c000151"",""os15-c000337"",""os15-c000216"",""os15-c000323"",""os15-c000415""]",5,False,False,0.2,0,results/owasp-sqli-v15-1-confirmatory-final/owasp-sqli-v15-1-confirmatory-20260823T131208Z/raw/ranking-rows/sequence-0009__deterministic_structural__os15-s0009__trial-1.json,[]
10,deterministic_structural,os15-s0010,1,positive,valid,True,False,os15-c000482,"[""os15-c000131"",""os15-c000308"",""os15-c000388"",""os15-c000482"",""os15-c000154""]",4,False,True,0.25,0,results/owasp-sqli-v15-1-confirmatory-final/owasp-sqli-v15-1-confirmatory-20260823T131208Z/raw/ranking-rows/sequence-0010__deterministic_structural__os15-s0010__trial-1.json,[]
11,deterministic_structural,os15-s0011,1,positive,valid,True,False,os15-c000365,"[""os15-c000073"",""os15-c000365"",""os15-c000469"",""os15-c000501"",""os15-c000116""]",2,False,True,0.5,0,results/owasp-sqli-v15-1-confirmatory-final/owasp-sqli-v15-1-confirmatory-20260823T131208Z/raw/ranking-rows/sequence-0011__deterministic_structural__os15-s0011__trial-1.json,[]
12,deterministic_structural,os15-s0012,1,positive,valid,True,False,os15-c000273,"[""os15-c000243"",""os15-c000103"",""os15-c000427"",""os15-c000492"",""os15-c000273""]",5,False,False,0.2,0,results/owasp-sqli-v15-1-confirmatory-final/owasp-sqli-v15-1-confirmatory-20260823T131208Z/raw/ranking-rows/sequence-0012__deterministic_structural__os15-s0012__trial-1.json,[]
13,deterministic_structural,os15-s0013,1,positive,valid,True,False,os15-c000082,"[""os15-c000067"",""os15-c000331"",""os15-c000082"",""os15-c000305"",""os15-c000261""]",3,False,True,0.333333,0,results/owasp-sqli-v15-1-confirmatory-final/owasp-sqli-v15-1-confirmatory-20260823T131208Z/raw/ranking-rows/sequence-0013__deterministic_structural__os15-s0013__trial-1.json,[]
14,deterministic_structural,os15-s0014,1,positive,valid,True,False,os15-c000072,"[""os15-c000072"",""os15-c000396"",""os15-c000408"",""os15-c000464"",""os15-c000384""]",1,True,True,1.0,0,results/owasp-sqli-v15-1-confirmatory-final/owasp-sqli-v15-1-confirmatory-20260823T131208Z/raw/ranking-rows/sequence-0014__deterministic_structural__os15-s0014__trial-1.json,[]
15,deterministic_structural,os15-s0015,1,positive,valid,True,False,os15-c000105,"[""os15-c000195"",""os15-c000110"",""os15-c000485"",""os15-c000105"",""os15-c000163""]",4,False,True,0.25,0,results/owasp-sqli-v15-1-confirmatory-final/owasp-sqli-v15-1-confirmatory-20260823T131208Z/raw/ranking-rows/sequence-0015__deterministic_structural__os15-s0015__trial-1.json,[]
16,deterministic_structural,os15-s0016,1,positive,valid,True,False,os15-c000174,"[""os15-c000392"",""os15-c000174"",""os15-c000351"",""os15-c000414"",""os15-c000325""]",2,False,True,0.5,0,results/owasp-sqli-v15-1-confirmatory-final/owasp-sqli-v15-1-confirmatory-20260823T131208Z/raw/ranking-rows/sequence-0016__deterministic_structural__os15-s0016__trial-1.json,[]
17,deterministic_structural,os15-s0017,1,positive,valid,True,False,os15-c000468,"[""os15-c000210"",""os15-c000135"",""os15-c000468"",""os15-c000284"",""os15-c000450""]",3,False,True,0.333333,0,results/owasp-sqli-v15-1-confirmatory-final/owasp-sqli-v15-1-confirmatory-20260823T131208Z/raw/ranking-rows/sequence-0017__deterministic_structural__os15-s0017__trial-1.json,[]
18,deterministic_structural,os15-s0018,1,positive,valid,True,False,os15-c000292,"[""os15-c000122"",""os15-c000220"",""os15-c000311"",""os15-c000292"",""os15-c000426""]",4,False,True,0.25,0,results/owasp-sqli-v15-1-confirmatory-final/owasp-sqli-v15-1-confirmatory-20260823T131208Z/raw/ranking-rows/sequence-0018__deterministic_structural__os15-s0018__trial-1.json,[]
19,deterministic_structural,os15-s0019,1,positive,valid,True,False,os15-c000253,"[""os15-c000312"",""os15-c000321"",""os15-c000063"",""os15-c000470"",""os15-c000253""]",5,False,False,0.2,0,results/owasp-sqli-v15-1-confirmatory-final/owasp-sqli-v15-1-confirmatory-20260823T131208Z/raw/ranking-rows/sequence-0019__deterministic_structural__os15-s0019__trial-1.json,[]
20,deterministic_structural,os15-s0020,1,positive,valid,True,False,os15-c000291,"[""os15-c000150"",""os15-c000364"",""os15-c000291"",""os15-c000491"",""os15-c000324""]",3,False,True,0.333333,0,results/owasp-sqli-v15-1-confirmatory-final/owasp-sqli-v15-1-confirmatory-20260823T131208Z/raw/ranking-rows/sequence-0020__deterministic_structural__os15-s0020__trial-1.json,[]
21,deterministic_structural,os15-s0021,1,positive,valid,True,False,os15-c000353,"[""os15-c000025"",""os15-c000343"",""os15-c000353"",""os15-c000367"",""os15-c000295""]",3,False,True,0.333333,0,results/owasp-sqli-v15-1-confirmatory-final/owasp-sqli-v15-1-confirmatory-20260823T131208Z/raw/ranking-rows/sequence-0021__deterministic_structural__os15-s0021__trial-1.json,[]
22,deterministic_structural,os15-s0022,1,positive,valid,True,False,os15-c000465,"[""os15-c000171"",""os15-c000209"",""os15-c000366"",""os15-c000465"",""os15-c000218""]",4,False,True,0.25,0,results/owasp-sqli-v15-1-confirmatory-final/owasp-sqli-v15-1-confirmatory-20260823T131208Z/raw/ranking-rows/sequence-0022__deterministic_structural__os15-s0022__trial-1.json,[]
23,deterministic_structural,os15-s0023,1,positive,valid,True,False,os15-c000334,"[""os15-c000052"",""os15-c000054"",""os15-c000207"",""os15-c000334"",""os15-c000502""]",4,False,True,0.25,0,results/owasp-sqli-v15-1-confirmatory-final/owasp-sqli-v15-1-confirmatory-20260823T131208Z/raw/ranking-rows/sequence-0023__deterministic_structural__os15-s0023__trial-1.json,[]
24,deterministic_structural,os15-s0024,1,positive,valid,True,False,os15-c000075,"[""os15-c000053"",""os15-c000330"",""os15-c000075"",""os15-c000428"",""os15-c000236""]",3,False,True,0.333333,0,results/owasp-sqli-v15-1-confirmatory-final/owasp-sqli-v15-1-confirmatory-20260823T131208Z/raw/ranking-rows/sequence-0024__deterministic_structural__os15-s0024__trial-1.json,[]
25,deterministic_structural,os15-s0025,1,positive,valid,True,False,os15-c000055,"[""os15-c000452"",""os15-c000055"",""os15-c000152"",""os15-c000293"",""os15-c000112""]",2,False,True,0.5,0,results/owasp-sqli-v15-1-confirmatory-final/owasp-sqli-v15-1-confirmatory-20260823T131208Z/raw/ranking-rows/sequence-0025__deterministic_structural__os15-s0025__trial-1.json,[]
26,deterministic_structural,os15-s0026,1,positive,valid,True,False,os15-c000409,"[""os15-c000203"",""os15-c000362"",""os15-c000481"",""os15-c000409"",""os15-c000084""]",4,False,True,0.25,0,results/owasp-sqli-v15-1-confirmatory-final/owasp-sqli-v15-1-confirmatory-20260823T131208Z/raw/ranking-rows/sequence-0026__deterministic_structural__os15-s0026__trial-1.json,[]
27,deterministic_structural,os15-s0027,1,positive,valid,True,False,os15-c000267,"[""os15-c000432"",""os15-c000020"",""os15-c000064"",""os15-c000153"",""os15-c000267""]",5,False,False,0.2,0,results/owasp-sqli-v15-1-confirmatory-final/owasp-sqli-v15-1-confirmatory-20260823T131208Z/raw/ranking-rows/sequence-0027__deterministic_structural__os15-s0027__trial-1.json,[]
28,deterministic_structural,os15-s0028,1,positive,valid,True,False,os15-c000184,"[""os15-c000051"",""os15-c000184"",""os15-c000162"",""os15-c000373"",""os15-c000503""]",2,False,True,0.5,0,results/owasp-sqli-v15-1-confirmatory-final/owasp-sqli-v15-1-confirmatory-20260823T131208Z/raw/ranking-rows/sequence-0028__deterministic_structural__os15-s0028__trial-1.json,[]
29,deterministic_structural,os15-s0029,1,positive,valid,True,False,os15-c000066,"[""os15-c000074"",""os15-c000466"",""os15-c000093"",""os15-c000111"",""os15-c000066""]",5,False,False,0.2,0,results/owasp-sqli-v15-1-confirmatory-final/owasp-sqli-v15-1-confirmatory-20260823T131208Z/raw/ranking-rows/sequence-0029__deterministic_structural__os15-s0029__trial-1.json,[]
30,deterministic_structural,os15-s0030,1,positive,valid,True,False,os15-c000477,"[""os15-c000329"",""os15-c000358"",""os15-c000477"",""os15-c000083"",""os15-c000493""]",3,False,True,0.333333,0,results/owasp-sqli-v15-1-confirmatory-final/owasp-sqli-v15-1-confirmatory-20260823T131208Z/raw/ranking-rows/sequence-0030__deterministic_structural__os15-s0030__trial-1.json,[]
31,deterministic_structural,os15-s0031,1,positive,valid,True,False,os15-c000283,"[""os15-c000372"",""os15-c000087"",""os15-c000283"",""os15-c000223"",""os15-c000410""]",3,False,True,0.333333,0,results/owasp-sqli-v15-1-confirmatory-final/owasp-sqli-v15-1-confirmatory-20260823T131208Z/raw/ranking-rows/sequence-0031__deterministic_structural__os15-s0031__trial-1.json,[]
32,deterministic_structural,os15-s0032,1,positive,valid,True,False,os15-c000454,"[""os15-c000192"",""os15-c000336"",""os15-c000337"",""os15-c000454"",""os15-c000455""]",4,False,True,0.25,0,results/owasp-sqli-v15-1-confirmatory-final/owasp-sqli-v15-1-confirmatory-20260823T131208Z/raw/ranking-rows/sequence-0032__deterministic_structural__os15-s0032__trial-1.json,[]
33,deterministic_structural,os15-s0033,1,positive,valid,True,False,os15-c000076,"[""os15-c000151"",""os15-c000216"",""os15-c000323"",""os15-c000388"",""os15-c000076""]",5,False,False,0.2,0,results/owasp-sqli-v15-1-confirmatory-final/owasp-sqli-v15-1-confirmatory-20260823T131208Z/raw/ranking-rows/sequence-0033__deterministic_structural__os15-s0033__trial-1.json,[]
34,deterministic_structural,os15-s0034,1,positive,valid,True,False,os15-c000183,"[""os15-c000131"",""os15-c000183"",""os15-c000308"",""os15-c000469"",""os15-c000154""]",2,False,True,0.5,0,results/owasp-sqli-v15-1-confirmatory-final/owasp-sqli-v15-1-confirmatory-20260823T131208Z/raw/ranking-rows/sequence-0034__deterministic_structural__os15-s0034__trial-1.json,[]
35,deterministic_structural,os15-s0035,1,positive,valid,True,False,os15-c000445,"[""os15-c000073"",""os15-c000501"",""os15-c000116"",""os15-c000427"",""os15-c000445""]",5,False,False,0.2,0,results/owasp-sqli-v15-1-confirmatory-final/owasp-sqli-v15-1-confirmatory-20260823T131208Z/raw/ranking-rows/sequence-0035__deterministic_structural__os15-s0035__trial-1.json,[]
36,deterministic_structural,os15-s0036,1,positive,valid,True,False,os15-c000394,"[""os15-c000243"",""os15-c000331"",""os15-c000103"",""os15-c000394"",""os15-c000492""]",4,False,True,0.25,0,results/owasp-sqli-v15-1-confirmatory-final/owasp-sqli-v15-1-confirmatory-20260823T131208Z/raw/ranking-rows/sequence-0036__deterministic_structural__os15-s0036__trial-1.json,[]
37,deterministic_structural,os15-s0037,1,positive,valid,True,False,os15-c000242,"[""os15-c000067"",""os15-c000242"",""os15-c000305"",""os15-c000261"",""os15-c000384""]",2,False,True,0.5,0,results/owasp-sqli-v15-1-confirmatory-final/owasp-sqli-v15-1-confirmatory-20260823T131208Z/raw/ranking-rows/sequence-0037__deterministic_structural__os15-s0037__trial-1.json,[]
38,deterministic_structural,os15-s0038,1,positive,valid,True,False,os15-c000272,"[""os15-c000396"",""os15-c000110"",""os15-c000408"",""os15-c000464"",""os15-c000272""]",5,False,False,0.2,0,results/owasp-sqli-v15-1-confirmatory-final/owasp-sqli-v15-1-confirmatory-20260823T131208Z/raw/ranking-rows/sequence-0038__deterministic_structural__os15-s0038__trial-1.json,[]
39,deterministic_structural,os15-s0039,1,positive,valid,True,False,os15-c000480,"[""os15-c000392"",""os15-c000195"",""os15-c000480"",""os15-c000485"",""os15-c000163""]",3,False,True,0.333333,0,results/owasp-sqli-v15-1-confirmatory-final/owasp-sqli-v15-1-confirmatory-20260823T131208Z/raw/ranking-rows/sequence-0039__deterministic_structural__os15-s0039__trial-1.json,[]
40,deterministic_structural,os15-s0040,1,positive,valid,True,False,os15-c000234,"[""os15-c000351"",""os15-c000234"",""os15-c000414"",""os15-c000284"",""os15-c000325""]",2,False,True,0.5,0,results/owasp-sqli-v15-1-confirmatory-final/owasp-sqli-v15-1-confirmatory-20260823T131208Z/raw/ranking-rows/sequence-0040__deterministic_structural__os15-s0040__trial-1.json,[]
41,deterministic_structural,os15-s0041,1,positive,valid,True,False,os15-c000356,"[""os15-c000122"",""os15-c000210"",""os15-c000356"",""os15-c000135"",""os15-c000450""]",3,False,True,0.333333,0,results/owasp-sqli-v15-1-confirmatory-final/owasp-sqli-v15-1-confirmatory-20260823T131208Z/raw/ranking-rows/sequence-0041__deterministic_structural__os15-s0041__trial-1.json,[]
42,deterministic_structural,os15-s0042,1,positive,valid,True,False,os15-c000354,"[""os15-c000220"",""os15-c000311"",""os15-c000321"",""os15-c000354"",""os15-c000426""]",4,False,True,0.25,0,results/owasp-sqli-v15-1-confirmatory-final/owasp-sqli-v15-1-confirmatory-20260823T131208Z/raw/ranking-rows/sequence-0042__deterministic_structural__os15-s0042__trial-1.json,[]
43,deterministic_structural,os15-s0043,1,positive,valid,True,False,os15-c000016,"[""os15-c000312"",""os15-c000016"",""os15-c000063"",""os15-c000470"",""os15-c000491""]",2,False,True,0.5,0,results/owasp-sqli-v15-1-confirmatory-final/owasp-sqli-v15-1-confirmatory-20260823T131208Z/raw/ranking-rows/sequence-0043__deterministic_structural__os15-s0043__trial-1.json,[]
44,deterministic_structural,os15-s0044,1,positive,valid,True,False,os15-c000024,"[""os15-c000150"",""os15-c000024"",""os15-c000364"",""os15-c000295"",""os15-c000324""]",2,False,True,0.5,0,results/owasp-sqli-v15-1-confirmatory-final/owasp-sqli-v15-1-confirmatory-20260823T131208Z/raw/ranking-rows/sequence-0044__deterministic_structural__os15-s0044__trial-1.json,[]
45,deterministic_structural,os15-s0045,1,positive,valid,True,False,os15-c000387,"[""os15-c000387"",""os15-c000025"",""os15-c000343"",""os15-c000367"",""os15-c000218""]",1,True,True,1.0,0,results/owasp-sqli-v15-1-confirmatory-final/owasp-sqli-v15-1-confirmatory-20260823T131208Z/raw/ranking-rows/sequence-0045__deterministic_structural__os15-s0045__trial-1.json,[]
46,deterministic_structural,os15-s0046,1,positive,valid,True,False,os15-c000304,"[""os15-c000171"",""os15-c000209"",""os15-c000366"",""os15-c000304"",""os15-c000502""]",4,False,True,0.25,0,results/owasp-sqli-v15-1-confirmatory-final/owasp-sqli-v15-1-confirmatory-20260823T131208Z/raw/ranking-rows/sequence-0046__deterministic_structural__os15-s0046__trial-1.json,[]
47,deterministic_structural,os15-s0047,1,positive,valid,True,False,os15-c000147,"[""os15-c000052"",""os15-c000054"",""os15-c000207"",""os15-c000147"",""os15-c000428""]",4,False,True,0.25,0,results/owasp-sqli-v15-1-confirmatory-final/owasp-sqli-v15-1-confirmatory-20260823T131208Z/raw/ranking-rows/sequence-0047__deterministic_structural__os15-s0047__trial-1.json,[]
48,deterministic_structural,os15-s0048,1,positive,valid,True,False,os15-c000021,"[""os15-c000021"",""os15-c000053"",""os15-c000330"",""os15-c000293"",""os15-c000236""]",1,True,True,1.0,0,results/owasp-sqli-v15-1-confirmatory-final/owasp-sqli-v15-1-confirmatory-20260823T131208Z/raw/ranking-rows/sequence-0048__deterministic_structural__os15-s0048__trial-1.json,[]
49,deterministic_structural,os15-s0049,1,positive,valid,True,False,os15-c000274,"[""os15-c000274"",""os15-c000452"",""os15-c000362"",""os15-c000152"",""os15-c000112""]",1,True,True,1.0,0,results/owasp-sqli-v15-1-confirmatory-final/owasp-sqli-v15-1-confirmatory-20260823T131208Z/raw/ranking-rows/sequence-0049__deterministic_structural__os15-s0049__trial-1.json,[]
50,deterministic_structural,os15-s0050,1,positive,valid,True,False,os15-c000094,"[""os15-c000432"",""os15-c000203"",""os15-c000481"",""os15-c000094"",""os15-c000084""]",4,False,True,0.25,0,results/owasp-sqli-v15-1-confirmatory-final/owasp-sqli-v15-1-confirmatory-20260823T131208Z/raw/ranking-rows/sequence-0050__deterministic_structural__os15-s0050__trial-1.json,[]
51,deterministic_structural,os15-s0051,1,positive,valid,True,False,os15-c000008,"[""os15-c000020"",""os15-c000064"",""os15-c000153"",""os15-c000008"",""os15-c000503""]",4,False,True,0.25,0,results/owasp-sqli-v15-1-confirmatory-final/owasp-sqli-v15-1-confirmatory-20260823T131208Z/raw/ranking-rows/sequence-0051__deterministic_structural__os15-s0051__trial-1.json,[]
52,deterministic_structural,os15-s0052,1,positive,valid,True,False,os15-c000371,"[""os15-c000371"",""os15-c000051"",""os15-c000162"",""os15-c000373"",""os15-c000111""]",1,True,True,1.0,0,results/owasp-sqli-v15-1-confirmatory-final/owasp-sqli-v15-1-confirmatory-20260823T131208Z/raw/ranking-rows/sequence-0052__deterministic_structural__os15-s0052__trial-1.json,[]
53,deterministic_structural,os15-s0053,1,positive,valid,True,False,os15-c000145,"[""os15-c000358"",""os15-c000074"",""os15-c000145"",""os15-c000466"",""os15-c000093""]",3,False,True,0.333333,0,results/owasp-sqli-v15-1-confirmatory-final/owasp-sqli-v15-1-confirmatory-20260823T131208Z/raw/ranking-rows/sequence-0053__deterministic_structural__os15-s0053__trial-1.json,[]
54,deterministic_structural,os15-s0054,1,positive,valid,True,False,os15-c000003,"[""os15-c000003"",""os15-c000372"",""os15-c000329"",""os15-c000083"",""os15-c000493""]",1,True,True,1.0,0,results/owasp-sqli-v15-1-confirmatory-final/owasp-sqli-v15-1-confirmatory-20260823T131208Z/raw/ranking-rows/sequence-0054__deterministic_structural__os15-s0054__trial-1.json,[]
55,deterministic_structural,os15-s0055,1,positive,valid,True,False,os15-c000224,"[""os15-c000224"",""os15-c000336"",""os15-c000087"",""os15-c000223"",""os15-c000410""]",1,True,True,1.0,0,results/owasp-sqli-v15-1-confirmatory-final/owasp-sqli-v15-1-confirmatory-20260823T131208Z/raw/ranking-rows/sequence-0055__deterministic_structural__os15-s0055__trial-1.json,[]
56,deterministic_structural,os15-s0056,1,positive,valid,True,False,os15-c000146,"[""os15-c000151"",""os15-c000192"",""os15-c000337"",""os15-c000146"",""os15-c000455""]",4,False,True,0.25,0,results/owasp-sqli-v15-1-confirmatory-final/owasp-sqli-v15-1-confirmatory-20260823T131208Z/raw/ranking-rows/sequence-0056__deterministic_structural__os15-s0056__trial-1.json,[]
57,deterministic_structural,os15-s0057,1,positive,valid,True,False,os15-c000190,"[""os15-c000131"",""os15-c000190"",""os15-c000216"",""os15-c000323"",""os15-c000388""]",2,False,True,0.5,0,results/owasp-sqli-v15-1-confirmatory-final/owasp-sqli-v15-1-confirmatory-20260823T131208Z/raw/ranking-rows/sequence-0057__deterministic_structural__os15-s0057__trial-1.json,[]
58,deterministic_structural,os15-s0058,1,positive,valid,True,False,os15-c000225,"[""os15-c000225"",""os15-c000308"",""os15-c000469"",""os15-c000501"",""os15-c000154""]",1,True,True,1.0,0,results/owasp-sqli-v15-1-confirmatory-final/owasp-sqli-v15-1-confirmatory-20260823T131208Z/raw/ranking-rows/sequence-0058__deterministic_structural__os15-s0058__trial-1.json,[]
59,deterministic_structural,os15-s0059,1,positive,valid,True,False,os15-c000486,"[""os15-c000073"",""os15-c000486"",""os15-c000116"",""os15-c000427"",""os15-c000492""]",2,False,True,0.5,0,results/owasp-sqli-v15-1-confirmatory-final/owasp-sqli-v15-1-confirmatory-20260823T131208Z/raw/ranking-rows/sequence-0059__deterministic_structural__os15-s0059__trial-1.json,[]
60,deterministic_structural,os15-s0060,1,positive,valid,True,False,os15-c000015,"[""os15-c000067"",""os15-c000243"",""os15-c000015"",""os15-c000331"",""os15-c000103""]",3,False,True,0.333333,0,results/owasp-sqli-v15-1-confirmatory-final/owasp-sqli-v15-1-confirmatory-20260823T131208Z/raw/ranking-rows/sequence-0060__deterministic_structural__os15-s0060__trial-1.json,[]
61,deterministic_structural,os15-s0061,1,positive,valid,True,False,os15-c000096,"[""os15-c000305"",""os15-c000464"",""os15-c000096"",""os15-c000261"",""os15-c000384""]",3,False,True,0.333333,0,results/owasp-sqli-v15-1-confirmatory-final/owasp-sqli-v15-1-confirmatory-20260823T131208Z/raw/ranking-rows/sequence-0061__deterministic_structural__os15-s0061__trial-1.json,[]
62,deterministic_structural,os15-s0062,1,positive,valid,True,False,os15-c000302,"[""os15-c000396"",""os15-c000195"",""os15-c000110"",""os15-c000302"",""os15-c000408""]",4,False,True,0.25,0,results/owasp-sqli-v15-1-confirmatory-final/owasp-sqli-v15-1-confirmatory-20260823T131208Z/raw/ranking-rows/sequence-0062__deterministic_structural__os15-s0062__trial-1.json,[]
63,deterministic_structural,os15-s0063,1,positive,valid,True,False,os15-c000423,"[""os15-c000392"",""os15-c000485"",""os15-c000163"",""os15-c000423"",""os15-c000325""]",4,False,True,0.25,0,results/owasp-sqli-v15-1-confirmatory-final/owasp-sqli-v15-1-confirmatory-20260823T131208Z/raw/ranking-rows/sequence-0063__deterministic_structural__os15-s0063__trial-1.json,[]
64,deterministic_structural,os15-s0064,1,positive,valid,True,False,os15-c000386,"[""os15-c000386"",""os15-c000351"",""os15-c000414"",""os15-c000284"",""os15-c000450""]",1,True,True,1.0,0,results/owasp-sqli-v15-1-confirmatory-final/owasp-sqli-v15-1-confirmatory-20260823T131208Z/raw/ranking-rows/sequence-0064__deterministic_structural__os15-s0064__trial-1.json,[]
65,deterministic_structural,os15-s0065,1,positive,valid,True,False,os15-c000065,"[""os15-c000122"",""os15-c000220"",""os15-c000210"",""os15-c000135"",""os15-c000065""]",5,False,False,0.2,0,results/owasp-sqli-v15-1-confirmatory-final/owasp-sqli-v15-1-confirmatory-20260823T131208Z/raw/ranking-rows/sequence-0065__deterministic_structural__os15-s0065__trial-1.json,[]
66,deterministic_structural,os15-s0066,1,positive,valid,True,False,os15-c000200,"[""os15-c000311"",""os15-c000321"",""os15-c000200"",""os15-c000470"",""os15-c000426""]",3,False,True,0.333333,0,results/owasp-sqli-v15-1-confirmatory-final/owasp-sqli-v15-1-confirmatory-20260823T131208Z/raw/ranking-rows/sequence-0066__deterministic_structural__os15-s0066__trial-1.json,[]
67,deterministic_structural,os15-s0067,1,positive,valid,True,False,os15-c000201,"[""os15-c000312"",""os15-c000063"",""os15-c000201"",""os15-c000491"",""os15-c000324""]",3,False,True,0.333333,0,results/owasp-sqli-v15-1-confirmatory-final/owasp-sqli-v15-1-confirmatory-20260823T131208Z/raw/ranking-rows/sequence-0067__deterministic_structural__os15-s0067__trial-1.json,[]
68,deterministic_structural,os15-s0068,1,positive,valid,True,False,os15-c000352,"[""os15-c000150"",""os15-c000025"",""os15-c000352"",""os15-c000364"",""os15-c000295""]",3,False,True,0.333333,0,results/owasp-sqli-v15-1-confirmatory-final/owasp-sqli-v15-1-confirmatory-20260823T131208Z/raw/ranking-rows/sequence-0068__deterministic_structural__os15-s0068__trial-1.json,[]
69,deterministic_structural,os15-s0069,1,positive,valid,True,False,os15-c000136,"[""os15-c000209"",""os15-c000343"",""os15-c000367"",""os15-c000136"",""os15-c000218""]",4,False,True,0.25,0,results/owasp-sqli-v15-1-confirmatory-final/owasp-sqli-v15-1-confirmatory-20260823T131208Z/raw/ranking-rows/sequence-0069__deterministic_structural__os15-s0069__trial-1.json,[]
70,deterministic_structural,os15-s0070,1,positive,valid,True,False,os15-c000484,"[""os15-c000052"",""os15-c000171"",""os15-c000366"",""os15-c000484"",""os15-c000502""]",4,False,True,0.25,0,results/owasp-sqli-v15-1-confirmatory-final/owasp-sqli-v15-1-confirmatory-20260823T131208Z/raw/ranking-rows/sequence-0070__deterministic_structural__os15-s0070__trial-1.json,[]
71,deterministic_structural,os15-s0071,1,positive,valid,True,False,os15-c000483,"[""os15-c000053"",""os15-c000054"",""os15-c000207"",""os15-c000483"",""os15-c000428""]",4,False,True,0.25,0,results/owasp-sqli-v15-1-confirmatory-final/owasp-sqli-v15-1-confirmatory-20260823T131208Z/raw/ranking-rows/sequence-0071__deterministic_structural__os15-s0071__trial-1.json,[]
72,deterministic_structural,os15-s0072,1,positive,valid,True,False,os15-c000363,"[""os15-c000330"",""os15-c000363"",""os15-c000293"",""os15-c000112"",""os15-c000236""]",2,False,True,0.5,0,results/owasp-sqli-v15-1-confirmatory-final/owasp-sqli-v15-1-confirmatory-20260823T131208Z/raw/ranking-rows/sequence-0072__deterministic_structural__os15-s0072__trial-1.json,[]
73,deterministic_structural,os15-s0073,1,positive,valid,True,False,os15-c000219,"[""os15-c000219"",""os15-c000452"",""os15-c000203"",""os15-c000362"",""os15-c000152""]",1,True,True,1.0,0,results/owasp-sqli-v15-1-confirmatory-final/owasp-sqli-v15-1-confirmatory-20260823T131208Z/raw/ranking-rows/sequence-0073__deterministic_structural__os15-s0073__trial-1.json,[]
74,deterministic_structural,os15-s0074,1,positive,valid,True,False,os15-c000085,"[""os15-c000085"",""os15-c000432"",""os15-c000020"",""os15-c000481"",""os15-c000084""]",1,True,True,1.0,0,results/owasp-sqli-v15-1-confirmatory-final/owasp-sqli-v15-1-confirmatory-20260823T131208Z/raw/ranking-rows/sequence-0074__deterministic_structural__os15-s0074__trial-1.json,[]
75,deterministic_structural,os15-s0075,1,positive,valid,True,False,os15-c000444,"[""os15-c000064"",""os15-c000162"",""os15-c000153"",""os15-c000444"",""os15-c000503""]",4,False,True,0.25,0,results/owasp-sqli-v15-1-confirmatory-final/owasp-sqli-v15-1-confirmatory-20260823T131208Z/raw/ranking-rows/sequence-0075__deterministic_structural__os15-s0075__trial-1.json,[]
76,deterministic_structural,os15-s0076,1,positive,valid,True,False,os15-c000178,"[""os15-c000051"",""os15-c000178"",""os15-c000074"",""os15-c000373"",""os15-c000111""]",2,False,True,0.5,0,results/owasp-sqli-v15-1-confirmatory-final/owasp-sqli-v15-1-confirmatory-20260823T131208Z/raw/ranking-rows/sequence-0076__deterministic_structural__os15-s0076__trial-1.json,[]
77,deterministic_structural,os15-s0077,1,positive,valid,True,False,os15-c000062,"[""os15-c000062"",""os15-c000329"",""os15-c000358"",""os15-c000466"",""os15-c000093""]",1,True,True,1.0,0,results/owasp-sqli-v15-1-confirmatory-final/owasp-sqli-v15-1-confirmatory-20260823T131208Z/raw/ranking-rows/sequence-0077__deterministic_structural__os15-s0077__trial-1.json,[]
78,deterministic_structural,os15-s0078,1,positive,valid,True,False,os15-c000443,"[""os15-c000372"",""os15-c000443"",""os15-c000083"",""os15-c000410"",""os15-c000493""]",2,False,True,0.5,0,results/owasp-sqli-v15-1-confirmatory-final/owasp-sqli-v15-1-confirmatory-20260823T131208Z/raw/ranking-rows/sequence-0078__deterministic_structural__os15-s0078__trial-1.json,[]
79,deterministic_structural,os15-s0079,1,positive,valid,True,False,os15-c000282,"[""os15-c000336"",""os15-c000087"",""os15-c000282"",""os15-c000223"",""os15-c000455""]",3,False,True,0.333333,0,results/owasp-sqli-v15-1-confirmatory-final/owasp-sqli-v15-1-confirmatory-20260823T131208Z/raw/ranking-rows/sequence-0079__deterministic_structural__os15-s0079__trial-1.json,[]
80,deterministic_structural,os15-s0080,1,positive,valid,True,False,os15-c000181,"[""os15-c000151"",""os15-c000181"",""os15-c000192"",""os15-c000337"",""os15-c000216""]",2,False,True,0.5,0,results/owasp-sqli-v15-1-confirmatory-final/owasp-sqli-v15-1-confirmatory-20260823T131208Z/raw/ranking-rows/sequence-0080__deterministic_structural__os15-s0080__trial-1.json,[]
81,deterministic_structural,os15-s0081,1,positive,valid,True,False,os15-c000117,"[""os15-c000131"",""os15-c000308"",""os15-c000323"",""os15-c000388"",""os15-c000117""]",5,False,False,0.2,0,results/owasp-sqli-v15-1-confirmatory-final/owasp-sqli-v15-1-confirmatory-20260823T131208Z/raw/ranking-rows/sequence-0081__deterministic_structural__os15-s0081__trial-1.json,[]
82,deterministic_structural,os15-s0082,1,positive,valid,True,False,os15-c000425,"[""os15-c000073"",""os15-c000469"",""os15-c000501"",""os15-c000425"",""os15-c000154""]",4,False,True,0.25,0,results/owasp-sqli-v15-1-confirmatory-final/owasp-sqli-v15-1-confirmatory-20260823T131208Z/raw/ranking-rows/sequence-0082__deterministic_structural__os15-s0082__trial-1.json,[]
83,deterministic_structural,os15-s0083,1,positive,valid,True,False,os15-c000436,"[""os15-c000103"",""os15-c000116"",""os15-c000427"",""os15-c000492"",""os15-c000436""]",5,False,False,0.2,0,results/owasp-sqli-v15-1-confirmatory-final/owasp-sqli-v15-1-confirmatory-20260823T131208Z/raw/ranking-rows/sequence-0083__deterministic_structural__os15-s0083__trial-1.json,[]
84,deterministic_structural,os15-s0084,1,positive,valid,True,False,os15-c000395,"[""os15-c000067"",""os15-c000243"",""os15-c000331"",""os15-c000261"",""os15-c000395""]",5,False,False,0.2,0,results/owasp-sqli-v15-1-confirmatory-final/owasp-sqli-v15-1-confirmatory-20260823T131208Z/raw/ranking-rows/sequence-0084__deterministic_structural__os15-s0084__trial-1.json,[]
85,deterministic_structural,os15-s0085,1,positive,valid,True,False,os15-c000235,"[""os15-c000396"",""os15-c000305"",""os15-c000464"",""os15-c000235"",""os15-c000384""]",4,False,True,0.25,0,results/owasp-sqli-v15-1-confirmatory-final/owasp-sqli-v15-1-confirmatory-20260823T131208Z/raw/ranking-rows/sequence-0085__deterministic_structural__os15-s0085__trial-1.json,[]
86,deterministic_structural,os15-s0086,1,positive,valid,True,False,os15-c000453,"[""os15-c000195"",""os15-c000110"",""os15-c000408"",""os15-c000453"",""os15-c000485""]",4,False,True,0.25,0,results/owasp-sqli-v15-1-confirmatory-final/owasp-sqli-v15-1-confirmatory-20260823T131208Z/raw/ranking-rows/sequence-0086__deterministic_structural__os15-s0086__trial-1.json,[]
87,deterministic_structural,os15-s0087,1,positive,valid,True,False,os15-c000092,"[""os15-c000392"",""os15-c000092"",""os15-c000163"",""os15-c000414"",""os15-c000325""]",2,False,True,0.5,0,results/owasp-sqli-v15-1-confirmatory-final/owasp-sqli-v15-1-confirmatory-20260823T131208Z/raw/ranking-rows/sequence-0087__deterministic_structural__os15-s0087__trial-1.json,[]
88,deterministic_structural,os15-s0088,1,positive,valid,True,False,os15-c000233,"[""os15-c000233"",""os15-c000210"",""os15-c000351"",""os15-c000284"",""os15-c000450""]",1,True,True,1.0,0,results/owasp-sqli-v15-1-confirmatory-final/owasp-sqli-v15-1-confirmatory-20260823T131208Z/raw/ranking-rows/sequence-0088__deterministic_structural__os15-s0088__trial-1.json,[]
89,deterministic_structural,os15-s0089,1,positive,valid,True,False,os15-c000194,"[""os15-c000122"",""os15-c000220"",""os15-c000311"",""os15-c000194"",""os15-c000135""]",4,False,True,0.25,0,results/owasp-sqli-v15-1-confirmatory-final/owasp-sqli-v15-1-confirmatory-20260823T131208Z/raw/ranking-rows/sequence-0089__deterministic_structural__os15-s0089__trial-1.json,[]
90,deterministic_structural,os15-s0090,1,positive,valid,True,False,os15-c000130,"[""os15-c000312"",""os15-c000321"",""os15-c000470"",""os15-c000426"",""os15-c000130""]",5,False,False,0.2,0,results/owasp-sqli-v15-1-confirmatory-final/owasp-sqli-v15-1-confirmatory-20260823T131208Z/raw/ranking-rows/sequence-0090__deterministic_structural__os15-s0090__trial-1.json,[]
91,deterministic_structural,os15-s0091,1,positive,valid,True,False,os15-c000478,"[""os15-c000150"",""os15-c000063"",""os15-c000478"",""os15-c000491"",""os15-c000324""]",3,False,True,0.333333,0,results/owasp-sqli-v15-1-confirmatory-final/owasp-sqli-v15-1-confirmatory-20260823T131208Z/raw/ranking-rows/sequence-0091__deterministic_structural__os15-s0091__trial-1.json,[]
92,deterministic_structural,os15-s0092,1,positive,valid,True,False,os15-c000191,"[""os15-c000025"",""os15-c000191"",""os15-c000343"",""os15-c000364"",""os15-c000295""]",2,False,True,0.5,0,results/owasp-sqli-v15-1-confirmatory-final/owasp-sqli-v15-1-confirmatory-20260823T131208Z/raw/ranking-rows/sequence-0092__deterministic_structural__os15-s0092__trial-1.json,[]
93,deterministic_structural,os15-s0093,1,positive,valid,True,False,os15-c000217,"[""os15-c000209"",""os15-c000366"",""os15-c000367"",""os15-c000217"",""os15-c000218""]",4,False,True,0.25,0,results/owasp-sqli-v15-1-confirmatory-final/owasp-sqli-v15-1-confirmatory-20260823T131208Z/raw/ranking-rows/sequence-0093__deterministic_structural__os15-s0093__trial-1.json,[]
94,deterministic_structural,os15-s0094,1,positive,valid,True,False,os15-c000307,"[""os15-c000052"",""os15-c000171"",""os15-c000207"",""os15-c000307"",""os15-c000502""]",4,False,True,0.25,0,results/owasp-sqli-v15-1-confirmatory-final/owasp-sqli-v15-1-confirmatory-20260823T131208Z/raw/ranking-rows/sequence-0094__deterministic_structural__os15-s0094__trial-1.json,[]
95,deterministic_structural,os15-s0095,1,positive,valid,True,False,os15-c000306,"[""os15-c000053"",""os15-c000054"",""os15-c000330"",""os15-c000306"",""os15-c000428""]",4,False,True,0.25,0,results/owasp-sqli-v15-1-confirmatory-final/owasp-sqli-v15-1-confirmatory-20260823T131208Z/raw/ranking-rows/sequence-0095__deterministic_structural__os15-s0095__trial-1.json,[]
96,deterministic_structural,os15-s0096,1,positive,valid,True,False,os15-c000142,"[""os15-c000452"",""os15-c000142"",""os15-c000293"",""os15-c000112"",""os15-c000236""]",2,False,True,0.5,0,results/owasp-sqli-v15-1-confirmatory-final/owasp-sqli-v15-1-confirmatory-20260823T131208Z/raw/ranking-rows/sequence-0096__deterministic_structural__os15-s0096__trial-1.json,[]
97,deterministic_structural,os15-s0097,1,positive,valid,True,False,os15-c000361,"[""os15-c000203"",""os15-c000361"",""os15-c000362"",""os15-c000152"",""os15-c000084""]",2,False,True,0.5,0,results/owasp-sqli-v15-1-confirmatory-final/owasp-sqli-v15-1-confirmatory-20260823T131208Z/raw/ranking-rows/sequence-0097__deterministic_structural__os15-s0097__trial-1.json,[]
98,deterministic_structural,os15-s0098,1,positive,valid,True,False,os15-c000059,"[""os15-c000432"",""os15-c000020"",""os15-c000059"",""os15-c000064"",""os15-c000481""]",3,False,True,0.333333,0,results/owasp-sqli-v15-1-confirmatory-final/owasp-sqli-v15-1-confirmatory-20260823T131208Z/raw/ranking-rows/sequence-0098__deterministic_structural__os15-s0098__trial-1.json,[]
99,deterministic_structural,os15-s0099,1,positive,valid,True,False,os15-c000129,"[""os15-c000162"",""os15-c000373"",""os15-c000129"",""os15-c000153"",""os15-c000503""]",3,False,True,0.333333,0,results/owasp-sqli-v15-1-confirmatory-final/owasp-sqli-v15-1-confirmatory-20260823T131208Z/raw/ranking-rows/sequence-0099__deterministic_structural__os15-s0099__trial-1.json,[]
100,deterministic_structural,os15-s0100,1,positive,valid,True,False,os15-c000095,"[""os15-c000051"",""os15-c000074"",""os15-c000093"",""os15-c000095"",""os15-c000111""]",4,False,True,0.25,0,results/owasp-sqli-v15-1-confirmatory-final/owasp-sqli-v15-1-confirmatory-20260823T131208Z/raw/ranking-rows/sequence-0100__deterministic_structural__os15-s0100__trial-1.json,[]
101,deterministic_structural,os15-s0101,1,positive,valid,True,False,os15-c000034,"[""os15-c000034"",""os15-c000329"",""os15-c000358"",""os15-c000466"",""os15-c000083""]",1,True,True,1.0,0,results/owasp-sqli-v15-1-confirmatory-final/owasp-sqli-v15-1-confirmatory-20260823T131208Z/raw/ranking-rows/sequence-0101__deterministic_structural__os15-s0101__trial-1.json,[]
102,deterministic_structural,os15-s0102,1,positive,valid,True,False,os15-c000193,"[""os15-c000372"",""os15-c000193"",""os15-c000223"",""os15-c000410"",""os15-c000493""]",2,False,True,0.5,0,results/owasp-sqli-v15-1-confirmatory-final/owasp-sqli-v15-1-confirmatory-20260823T131208Z/raw/ranking-rows/sequence-0102__deterministic_structural__os15-s0102__trial-1.json,[]
103,deterministic_structural,os15-s0103,1,positive,valid,True,False,os15-c000357,"[""os15-c000192"",""os15-c000336"",""os15-c000357"",""os15-c000087"",""os15-c000455""]",3,False,True,0.333333,0,results/owasp-sqli-v15-1-confirmatory-final/owasp-sqli-v15-1-confirmatory-20260823T131208Z/raw/ranking-rows/sequence-0103__deterministic_structural__os15-s0103__trial-1.json,[]
104,deterministic_structural,os15-s0104,1,positive,valid,True,False,os15-c000109,"[""os15-c000109"",""os15-c000151"",""os15-c000337"",""os15-c000216"",""os15-c000323""]",1,True,True,1.0,0,results/owasp-sqli-v15-1-confirmatory-final/owasp-sqli-v15-1-confirmatory-20260823T131208Z/raw/ranking-rows/sequence-0104__deterministic_structural__os15-s0104__trial-1.json,[]
105,deterministic_structural,os15-s0105,1,positive,valid,True,False,os15-c000179,"[""os15-c000131"",""os15-c000179"",""os15-c000308"",""os15-c000388"",""os15-c000154""]",2,False,True,0.5,0,results/owasp-sqli-v15-1-confirmatory-final/owasp-sqli-v15-1-confirmatory-20260823T131208Z/raw/ranking-rows/sequence-0105__deterministic_structural__os15-s0105__trial-1.json,[]
106,deterministic_structural,os15-s0106,1,negative_only,valid,True,False,not_applicable,"[""os15-c000452"",""os15-c000152"",""os15-c000293"",""os15-c000112"",""os15-c000236""]",not_applicable,not_applicable,not_applicable,not_applicable,0,results/owasp-sqli-v15-1-confirmatory-final/owasp-sqli-v15-1-confirmatory-20260823T131208Z/raw/ranking-rows/sequence-0106__deterministic_structural__os15-s0106__trial-1.json,[]
107,deterministic_structural,os15-s0107,1,negative_only,valid,True,False,not_applicable,"[""os15-c000432"",""os15-c000203"",""os15-c000362"",""os15-c000481"",""os15-c000084""]",not_applicable,not_applicable,not_applicable,not_applicable,0,results/owasp-sqli-v15-1-confirmatory-final/owasp-sqli-v15-1-confirmatory-20260823T131208Z/raw/ranking-rows/sequence-0107__deterministic_structural__os15-s0107__trial-1.json,[]
108,deterministic_structural,os15-s0108,1,negative_only,valid,True,False,not_applicable,"[""os15-c000020"",""os15-c000064"",""os15-c000162"",""os15-c000153"",""os15-c000503""]",not_applicable,not_applicable,not_applicable,not_applicable,0,results/owasp-sqli-v15-1-confirmatory-final/owasp-sqli-v15-1-confirmatory-20260823T131208Z/raw/ranking-rows/sequence-0108__deterministic_structural__os15-s0108__trial-1.json,[]
109,deterministic_structural,os15-s0109,1,negative_only,valid,True,False,not_applicable,"[""os15-c000051"",""os15-c000074"",""os15-c000373"",""os15-c000093"",""os15-c000111""]",not_applicable,not_applicable,not_applicable,not_applicable,0,results/owasp-sqli-v15-1-confirmatory-final/owasp-sqli-v15-1-confirmatory-20260823T131208Z/raw/ranking-rows/sequence-0109__deterministic_structural__os15-s0109__trial-1.json,[]
110,deterministic_structural,os15-s0110,1,negative_only,valid,True,False,not_applicable,"[""os15-c000329"",""os15-c000358"",""os15-c000466"",""os15-c000083"",""os15-c000493""]",not_applicable,not_applicable,not_applicable,not_applicable,0,results/owasp-sqli-v15-1-confirmatory-final/owasp-sqli-v15-1-confirmatory-20260823T131208Z/raw/ranking-rows/sequence-0110__deterministic_structural__os15-s0110__trial-1.json,[]
111,deterministic_structural,os15-s0111,1,negative_only,valid,True,False,not_applicable,"[""os15-c000372"",""os15-c000336"",""os15-c000087"",""os15-c000223"",""os15-c000410""]",not_applicable,not_applicable,not_applicable,not_applicable,0,results/owasp-sqli-v15-1-confirmatory-final/owasp-sqli-v15-1-confirmatory-20260823T131208Z/raw/ranking-rows/sequence-0111__deterministic_structural__os15-s0111__trial-1.json,[]
112,deterministic_structural,os15-s0112,1,negative_only,valid,True,False,not_applicable,"[""os15-c000151"",""os15-c000192"",""os15-c000337"",""os15-c000216"",""os15-c000455""]",not_applicable,not_applicable,not_applicable,not_applicable,0,results/owasp-sqli-v15-1-confirmatory-final/owasp-sqli-v15-1-confirmatory-20260823T131208Z/raw/ranking-rows/sequence-0112__deterministic_structural__os15-s0112__trial-1.json,[]
113,deterministic_structural,os15-s0113,1,negative_only,valid,True,False,not_applicable,"[""os15-c000131"",""os15-c000308"",""os15-c000323"",""os15-c000388"",""os15-c000154""]",not_applicable,not_applicable,not_applicable,not_applicable,0,results/owasp-sqli-v15-1-confirmatory-final/owasp-sqli-v15-1-confirmatory-20260823T131208Z/raw/ranking-rows/sequence-0113__deterministic_structural__os15-s0113__trial-1.json,[]
114,deterministic_structural,os15-s0114,1,negative_only,valid,True,False,not_applicable,"[""os15-c000073"",""os15-c000469"",""os15-c000501"",""os15-c000116"",""os15-c000427""]",not_applicable,not_applicable,not_applicable,not_applicable,0,results/owasp-sqli-v15-1-confirmatory-final/owasp-sqli-v15-1-confirmatory-20260823T131208Z/raw/ranking-rows/sequence-0114__deterministic_structural__os15-s0114__trial-1.json,[]
115,deterministic_structural,os15-s0115,1,negative_only,valid,True,False,not_applicable,"[""os15-c000067"",""os15-c000243"",""os15-c000331"",""os15-c000103"",""os15-c000492""]",not_applicable,not_applicable,not_applicable,not_applicable,0,results/owasp-sqli-v15-1-confirmatory-final/owasp-sqli-v15-1-confirmatory-20260823T131208Z/raw/ranking-rows/sequence-0115__deterministic_structural__os15-s0115__trial-1.json,[]
116,deterministic_structural,os15-s0116,1,negative_only,valid,True,False,not_applicable,"[""os15-c000396"",""os15-c000305"",""os15-c000464"",""os15-c000261"",""os15-c000384""]",not_applicable,not_applicable,not_applicable,not_applicable,0,results/owasp-sqli-v15-1-confirmatory-final/owasp-sqli-v15-1-confirmatory-20260823T131208Z/raw/ranking-rows/sequence-0116__deterministic_structural__os15-s0116__trial-1.json,[]
117,deterministic_structural,os15-s0117,1,negative_only,valid,True,False,not_applicable,"[""os15-c000195"",""os15-c000110"",""os15-c000408"",""os15-c000485"",""os15-c000163""]",not_applicable,not_applicable,not_applicable,not_applicable,0,results/owasp-sqli-v15-1-confirmatory-final/owasp-sqli-v15-1-confirmatory-20260823T131208Z/raw/ranking-rows/sequence-0117__deterministic_structural__os15-s0117__trial-1.json,[]
118,deterministic_structural,os15-s0118,1,negative_only,valid,True,False,not_applicable,"[""os15-c000392"",""os15-c000351"",""os15-c000414"",""os15-c000284"",""os15-c000325""]",not_applicable,not_applicable,not_applicable,not_applicable,0,results/owasp-sqli-v15-1-confirmatory-final/owasp-sqli-v15-1-confirmatory-20260823T131208Z/raw/ranking-rows/sequence-0118__deterministic_structural__os15-s0118__trial-1.json,[]
119,deterministic_structural,os15-s0119,1,negative_only,valid,True,False,not_applicable,"[""os15-c000122"",""os15-c000220"",""os15-c000210"",""os15-c000135"",""os15-c000450""]",not_applicable,not_applicable,not_applicable,not_applicable,0,results/owasp-sqli-v15-1-confirmatory-final/owasp-sqli-v15-1-confirmatory-20260823T131208Z/raw/ranking-rows/sequence-0119__deterministic_structural__os15-s0119__trial-1.json,[]
120,deterministic_structural,os15-s0120,1,negative_only,valid,True,False,not_applicable,"[""os15-c000311"",""os15-c000312"",""os15-c000321"",""os15-c000470"",""os15-c000426""]",not_applicable,not_applicable,not_applicable,not_applicable,0,results/owasp-sqli-v15-1-confirmatory-final/owasp-sqli-v15-1-confirmatory-20260823T131208Z/raw/ranking-rows/sequence-0120__deterministic_structural__os15-s0120__trial-1.json,[]
121,deterministic_structural,os15-s0121,1,negative_only,valid,True,False,not_applicable,"[""os15-c000150"",""os15-c000063"",""os15-c000364"",""os15-c000491"",""os15-c000324""]",not_applicable,not_applicable,not_applicable,not_applicable,0,results/owasp-sqli-v15-1-confirmatory-final/owasp-sqli-v15-1-confirmatory-20260823T131208Z/raw/ranking-rows/sequence-0121__deterministic_structural__os15-s0121__trial-1.json,[]
122,deterministic_structural,os15-s0122,1,negative_only,valid,True,False,not_applicable,"[""os15-c000025"",""os15-c000343"",""os15-c000367"",""os15-c000295"",""os15-c000218""]",not_applicable,not_applicable,not_applicable,not_applicable,0,results/owasp-sqli-v15-1-confirmatory-final/owasp-sqli-v15-1-confirmatory-20260823T131208Z/raw/ranking-rows/sequence-0122__deterministic_structural__os15-s0122__trial-1.json,[]
123,deterministic_structural,os15-s0123,1,negative_only,valid,True,False,not_applicable,"[""os15-c000052"",""os15-c000171"",""os15-c000209"",""os15-c000366"",""os15-c000502""]",not_applicable,not_applicable,not_applicable,not_applicable,0,results/owasp-sqli-v15-1-confirmatory-final/owasp-sqli-v15-1-confirmatory-20260823T131208Z/raw/ranking-rows/sequence-0123__deterministic_structural__os15-s0123__trial-1.json,[]
124,deterministic_structural,os15-s0124,1,negative_only,valid,True,False,not_applicable,"[""os15-c000053"",""os15-c000054"",""os15-c000207"",""os15-c000330"",""os15-c000428""]",not_applicable,not_applicable,not_applicable,not_applicable,0,results/owasp-sqli-v15-1-confirmatory-final/owasp-sqli-v15-1-confirmatory-20260823T131208Z/raw/ranking-rows/sequence-0124__deterministic_structural__os15-s0124__trial-1.json,[]
125,proprietary_gpt,os15-s0001,1,positive,valid,True,False,os15-c000446,"[""os15-c000236"",""os15-c000112"",""os15-c000293"",""os15-c000452"",""os15-c000446""]",5,False,False,0.2,3737,results/owasp-sqli-v15-1-confirmatory-final/owasp-sqli-v15-1-confirmatory-20260823T131208Z/raw/ranking-rows/sequence-0125__proprietary_gpt__os15-s0001__trial-1.json,[]
126,proprietary_gpt,os15-s0001,2,positive,valid,True,False,os15-c000446,"[""os15-c000236"",""os15-c000112"",""os15-c000293"",""os15-c000452"",""os15-c000446""]",5,False,False,0.2,4063,results/owasp-sqli-v15-1-confirmatory-final/owasp-sqli-v15-1-confirmatory-20260823T131208Z/raw/ranking-rows/sequence-0126__proprietary_gpt__os15-s0001__trial-2.json,[]
127,proprietary_gpt,os15-s0001,3,positive,valid,True,False,os15-c000446,"[""os15-c000236"",""os15-c000112"",""os15-c000293"",""os15-c000452"",""os15-c000446""]",5,False,False,0.2,4570,results/owasp-sqli-v15-1-confirmatory-final/owasp-sqli-v15-1-confirmatory-20260823T131208Z/raw/ranking-rows/sequence-0127__proprietary_gpt__os15-s0001__trial-3.json,[]
128,proprietary_gpt,os15-s0001,4,positive,valid,True,False,os15-c000446,"[""os15-c000236"",""os15-c000112"",""os15-c000293"",""os15-c000452"",""os15-c000446""]",5,False,False,0.2,4669,results/owasp-sqli-v15-1-confirmatory-final/owasp-sqli-v15-1-confirmatory-20260823T131208Z/raw/ranking-rows/sequence-0128__proprietary_gpt__os15-s0001__trial-4.json,[]
129,proprietary_gpt,os15-s0001,5,positive,valid,True,False,os15-c000446,"[""os15-c000236"",""os15-c000112"",""os15-c000293"",""os15-c000452"",""os15-c000446""]",5,False,False,0.2,4346,results/owasp-sqli-v15-1-confirmatory-final/owasp-sqli-v15-1-confirmatory-20260823T131208Z/raw/ranking-rows/sequence-0129__proprietary_gpt__os15-s0001__trial-5.json,[]
130,proprietary_gpt,os15-s0002,1,positive,valid,True,False,os15-c000023,"[""os15-c000084"",""os15-c000152"",""os15-c000023"",""os15-c000203"",""os15-c000362""]",3,False,True,0.333333,4822,results/owasp-sqli-v15-1-confirmatory-final/owasp-sqli-v15-1-confirmatory-20260823T131208Z/raw/ranking-rows/sequence-0130__proprietary_gpt__os15-s0002__trial-1.json,[]
131,proprietary_gpt,os15-s0002,2,positive,valid,True,False,os15-c000023,"[""os15-c000084"",""os15-c000152"",""os15-c000023"",""os15-c000203"",""os15-c000362""]",3,False,True,0.333333,5116,results/owasp-sqli-v15-1-confirmatory-final/owasp-sqli-v15-1-confirmatory-20260823T131208Z/raw/ranking-rows/sequence-0131__proprietary_gpt__os15-s0002__trial-2.json,[]
132,proprietary_gpt,os15-s0002,3,positive,valid,True,False,os15-c000023,"[""os15-c000084"",""os15-c000152"",""os15-c000023"",""os15-c000203"",""os15-c000362""]",3,False,True,0.333333,5431,results/owasp-sqli-v15-1-confirmatory-final/owasp-sqli-v15-1-confirmatory-20260823T131208Z/raw/ranking-rows/sequence-0132__proprietary_gpt__os15-s0002__trial-3.json,[]
133,proprietary_gpt,os15-s0002,4,positive,valid,True,False,os15-c000023,"[""os15-c000084"",""os15-c000152"",""os15-c000023"",""os15-c000203"",""os15-c000362""]",3,False,True,0.333333,5779,results/owasp-sqli-v15-1-confirmatory-final/owasp-sqli-v15-1-confirmatory-20260823T131208Z/raw/ranking-rows/sequence-0133__proprietary_gpt__os15-s0002__trial-4.json,[]
134,proprietary_gpt,os15-s0002,5,positive,valid,True,False,os15-c000023,"[""os15-c000084"",""os15-c000152"",""os15-c000023"",""os15-c000203"",""os15-c000362""]",3,False,True,0.333333,4300,results/owasp-sqli-v15-1-confirmatory-final/owasp-sqli-v15-1-confirmatory-20260823T131208Z/raw/ranking-rows/sequence-0134__proprietary_gpt__os15-s0002__trial-5.json,[]
135,proprietary_gpt,os15-s0003,1,positive,valid,True,False,os15-c000086,"[""os15-c000481"",""os15-c000432"",""os15-c000086"",""os15-c000020"",""os15-c000064""]",3,False,True,0.333333,4773,results/owasp-sqli-v15-1-confirmatory-final/owasp-sqli-v15-1-confirmatory-20260823T131208Z/raw/ranking-rows/sequence-0135__proprietary_gpt__os15-s0003__trial-1.json,[]
136,proprietary_gpt,os15-s0003,2,positive,valid,True,False,os15-c000086,"[""os15-c000481"",""os15-c000432"",""os15-c000086"",""os15-c000064"",""os15-c000020""]",3,False,True,0.333333,4574,results/owasp-sqli-v15-1-confirmatory-final/owasp-sqli-v15-1-confirmatory-20260823T131208Z/raw/ranking-rows/sequence-0136__proprietary_gpt__os15-s0003__trial-2.json,[]
137,proprietary_gpt,os15-s0003,3,positive,valid,True,False,os15-c000086,"[""os15-c000481"",""os15-c000432"",""os15-c000086"",""os15-c000020"",""os15-c000064""]",3,False,True,0.333333,4507,results/owasp-sqli-v15-1-confirmatory-final/owasp-sqli-v15-1-confirmatory-20260823T131208Z/raw/ranking-rows/sequence-0137__proprietary_gpt__os15-s0003__trial-3.json,[]
138,proprietary_gpt,os15-s0003,4,positive,valid,True,False,os15-c000086,"[""os15-c000481"",""os15-c000432"",""os15-c000086"",""os15-c000020"",""os15-c000064""]",3,False,True,0.333333,4455,results/owasp-sqli-v15-1-confirmatory-final/owasp-sqli-v15-1-confirmatory-20260823T131208Z/raw/ranking-rows/sequence-0138__proprietary_gpt__os15-s0003__trial-4.json,[]
139,proprietary_gpt,os15-s0003,5,positive,valid,True,False,os15-c000086,"[""os15-c000481"",""os15-c000432"",""os15-c000086"",""os15-c000020"",""os15-c000064""]",3,False,True,0.333333,4236,results/owasp-sqli-v15-1-confirmatory-final/owasp-sqli-v15-1-confirmatory-20260823T131208Z/raw/ranking-rows/sequence-0139__proprietary_gpt__os15-s0003__trial-5.json,[]
140,proprietary_gpt,os15-s0004,1,positive,valid,True,False,os15-c000005,"[""os15-c000503"",""os15-c000005"",""os15-c000153"",""os15-c000162"",""os15-c000373""]",2,False,True,0.5,4721,results/owasp-sqli-v15-1-confirmatory-final/owasp-sqli-v15-1-confirmatory-20260823T131208Z/raw/ranking-rows/sequence-0140__proprietary_gpt__os15-s0004__trial-1.json,[]
141,proprietary_gpt,os15-s0004,2,positive,valid,True,False,os15-c000005,"[""os15-c000503"",""os15-c000153"",""os15-c000162"",""os15-c000373"",""os15-c000005""]",5,False,False,0.2,4207,results/owasp-sqli-v15-1-confirmatory-final/owasp-sqli-v15-1-confirmatory-20260823T131208Z/raw/ranking-rows/sequence-0141__proprietary_gpt__os15-s0004__trial-2.json,[]
142,proprietary_gpt,os15-s0004,3,positive,valid,True,False,os15-c000005,"[""os15-c000162"",""os15-c000373"",""os15-c000005"",""os15-c000153"",""os15-c000503""]",3,False,True,0.333333,6190,results/owasp-sqli-v15-1-confirmatory-final/owasp-sqli-v15-1-confirmatory-20260823T131208Z/raw/ranking-rows/sequence-0142__proprietary_gpt__os15-s0004__trial-3.json,[]
143,proprietary_gpt,os15-s0004,4,positive,valid,True,False,os15-c000005,"[""os15-c000162"",""os15-c000373"",""os15-c000005"",""os15-c000153"",""os15-c000503""]",3,False,True,0.333333,3961,results/owasp-sqli-v15-1-confirmatory-final/owasp-sqli-v15-1-confirmatory-20260823T131208Z/raw/ranking-rows/sequence-0143__proprietary_gpt__os15-s0004__trial-4.json,[]
144,proprietary_gpt,os15-s0004,5,positive,valid,True,False,os15-c000005,"[""os15-c000162"",""os15-c000373"",""os15-c000005"",""os15-c000153"",""os15-c000503""]",3,False,True,0.333333,4606,results/owasp-sqli-v15-1-confirmatory-final/owasp-sqli-v15-1-confirmatory-20260823T131208Z/raw/ranking-rows/sequence-0144__proprietary_gpt__os15-s0004__trial-5.json,[]
145,proprietary_gpt,os15-s0005,1,positive,valid,True,False,os15-c000010,"[""os15-c000111"",""os15-c000093"",""os15-c000010"",""os15-c000074"",""os15-c000051""]",3,False,True,0.333333,5094,results/owasp-sqli-v15-1-confirmatory-final/owasp-sqli-v15-1-confirmatory-20260823T131208Z/raw/ranking-rows/sequence-0145__proprietary_gpt__os15-s0005__trial-1.json,[]
146,proprietary_gpt,os15-s0005,2,positive,valid,True,False,os15-c000010,"[""os15-c000111"",""os15-c000093"",""os15-c000010"",""os15-c000074"",""os15-c000051""]",3,False,True,0.333333,3656,results/owasp-sqli-v15-1-confirmatory-final/owasp-sqli-v15-1-confirmatory-20260823T131208Z/raw/ranking-rows/sequence-0146__proprietary_gpt__os15-s0005__trial-2.json,[]
147,proprietary_gpt,os15-s0005,3,positive,valid,True,False,os15-c000010,"[""os15-c000111"",""os15-c000093"",""os15-c000010"",""os15-c000074"",""os15-c000051""]",3,False,True,0.333333,3629,results/owasp-sqli-v15-1-confirmatory-final/owasp-sqli-v15-1-confirmatory-20260823T131208Z/raw/ranking-rows/sequence-0147__proprietary_gpt__os15-s0005__trial-3.json,[]
148,proprietary_gpt,os15-s0005,4,positive,valid,True,False,os15-c000010,"[""os15-c000111"",""os15-c000074"",""os15-c000093"",""os15-c000010"",""os15-c000051""]",4,False,True,0.25,4996,results/owasp-sqli-v15-1-confirmatory-final/owasp-sqli-v15-1-confirmatory-20260823T131208Z/raw/ranking-rows/sequence-0148__proprietary_gpt__os15-s0005__trial-4.json,[]
149,proprietary_gpt,os15-s0005,5,positive,valid,True,False,os15-c000010,"[""os15-c000111"",""os15-c000074"",""os15-c000093"",""os15-c000010"",""os15-c000051""]",4,False,True,0.25,4876,results/owasp-sqli-v15-1-confirmatory-final/owasp-sqli-v15-1-confirmatory-20260823T131208Z/raw/ranking-rows/sequence-0149__proprietary_gpt__os15-s0005__trial-5.json,[]
150,proprietary_gpt,os15-s0006,1,positive,valid,True,False,os15-c000262,"[""os15-c000083"",""os15-c000466"",""os15-c000262"",""os15-c000358"",""os15-c000329""]",3,False,True,0.333333,4758,results/owasp-sqli-v15-1-confirmatory-final/owasp-sqli-v15-1-confirmatory-20260823T131208Z/raw/ranking-rows/sequence-0150__proprietary_gpt__os15-s0006__trial-1.json,[]
151,proprietary_gpt,os15-s0006,2,positive,valid,True,False,os15-c000262,"[""os15-c000466"",""os15-c000083"",""os15-c000262"",""os15-c000329"",""os15-c000358""]",3,False,True,0.333333,5301,results/owasp-sqli-v15-1-confirmatory-final/owasp-sqli-v15-1-confirmatory-20260823T131208Z/raw/ranking-rows/sequence-0151__proprietary_gpt__os15-s0006__trial-2.json,[]
152,proprietary_gpt,os15-s0006,3,positive,valid,True,False,os15-c000262,"[""os15-c000262"",""os15-c000466"",""os15-c000083"",""os15-c000358"",""os15-c000329""]",1,True,True,1.0,4548,results/owasp-sqli-v15-1-confirmatory-final/owasp-sqli-v15-1-confirmatory-20260823T131208Z/raw/ranking-rows/sequence-0152__proprietary_gpt__os15-s0006__trial-3.json,[]
153,proprietary_gpt,os15-s0006,4,positive,valid,True,False,os15-c000262,"[""os15-c000083"",""os15-c000262"",""os15-c000466"",""os15-c000358"",""os15-c000329""]",2,False,True,0.5,5291,results/owasp-sqli-v15-1-confirmatory-final/owasp-sqli-v15-1-confirmatory-20260823T131208Z/raw/ranking-rows/sequence-0153__proprietary_gpt__os15-s0006__trial-4.json,[]
154,proprietary_gpt,os15-s0006,5,positive,valid,True,False,os15-c000262,"[""os15-c000262"",""os15-c000083"",""os15-c000466"",""os15-c000358"",""os15-c000329""]",1,True,True,1.0,4652,results/owasp-sqli-v15-1-confirmatory-final/owasp-sqli-v15-1-confirmatory-20260823T131208Z/raw/ranking-rows/sequence-0154__proprietary_gpt__os15-s0006__trial-5.json,[]
155,proprietary_gpt,os15-s0007,1,positive,valid,True,False,os15-c000232,"[""os15-c000223"",""os15-c000493"",""os15-c000410"",""os15-c000372"",""os15-c000232""]",5,False,False,0.2,3945,results/owasp-sqli-v15-1-confirmatory-final/owasp-sqli-v15-1-confirmatory-20260823T131208Z/raw/ranking-rows/sequence-0155__proprietary_gpt__os15-s0007__trial-1.json,[]
156,proprietary_gpt,os15-s0007,2,positive,valid,True,False,os15-c000232,"[""os15-c000223"",""os15-c000493"",""os15-c000410"",""os15-c000372"",""os15-c000232""]",5,False,False,0.2,3837,results/owasp-sqli-v15-1-confirmatory-final/owasp-sqli-v15-1-confirmatory-20260823T131208Z/raw/ranking-rows/sequence-0156__proprietary_gpt__os15-s0007__trial-2.json,[]
157,proprietary_gpt,os15-s0007,3,positive,valid,True,False,os15-c000232,"[""os15-c000223"",""os15-c000493"",""os15-c000410"",""os15-c000372"",""os15-c000232""]",5,False,False,0.2,4279,results/owasp-sqli-v15-1-confirmatory-final/owasp-sqli-v15-1-confirmatory-20260823T131208Z/raw/ranking-rows/sequence-0157__proprietary_gpt__os15-s0007__trial-3.json,[]
158,proprietary_gpt,os15-s0007,4,positive,valid,True,False,os15-c000232,"[""os15-c000223"",""os15-c000493"",""os15-c000410"",""os15-c000372"",""os15-c000232""]",5,False,False,0.2,3786,results/owasp-sqli-v15-1-confirmatory-final/owasp-sqli-v15-1-confirmatory-20260823T131208Z/raw/ranking-rows/sequence-0158__proprietary_gpt__os15-s0007__trial-4.json,[]
159,proprietary_gpt,os15-s0007,5,positive,valid,True,False,os15-c000232,"[""os15-c000223"",""os15-c000493"",""os15-c000410"",""os15-c000372"",""os15-c000232""]",5,False,False,0.2,3992,results/owasp-sqli-v15-1-confirmatory-final/owasp-sqli-v15-1-confirmatory-20260823T131208Z/raw/ranking-rows/sequence-0159__proprietary_gpt__os15-s0007__trial-5.json,[]
160,proprietary_gpt,os15-s0008,1,positive,valid,True,False,os15-c000202,"[""os15-c000455"",""os15-c000087"",""os15-c000192"",""os15-c000202"",""os15-c000336""]",4,False,True,0.25,6263,results/owasp-sqli-v15-1-confirmatory-final/owasp-sqli-v15-1-confirmatory-20260823T131208Z/raw/ranking-rows/sequence-0160__proprietary_gpt__os15-s0008__trial-1.json,[]
161,proprietary_gpt,os15-s0008,2,positive,valid,True,False,os15-c000202,"[""os15-c000455"",""os15-c000087"",""os15-c000192"",""os15-c000202"",""os15-c000336""]",4,False,True,0.25,6525,results/owasp-sqli-v15-1-confirmatory-final/owasp-sqli-v15-1-confirmatory-20260823T131208Z/raw/ranking-rows/sequence-0161__proprietary_gpt__os15-s0008__trial-2.json,[]
162,proprietary_gpt,os15-s0008,3,positive,valid,True,False,os15-c000202,"[""os15-c000455"",""os15-c000087"",""os15-c000192"",""os15-c000202"",""os15-c000336""]",4,False,True,0.25,4312,results/owasp-sqli-v15-1-confirmatory-final/owasp-sqli-v15-1-confirmatory-20260823T131208Z/raw/ranking-rows/sequence-0162__proprietary_gpt__os15-s0008__trial-3.json,[]
163,proprietary_gpt,os15-s0008,4,positive,valid,True,False,os15-c000202,"[""os15-c000455"",""os15-c000087"",""os15-c000192"",""os15-c000202"",""os15-c000336""]",4,False,True,0.25,4750,results/owasp-sqli-v15-1-confirmatory-final/owasp-sqli-v15-1-confirmatory-20260823T131208Z/raw/ranking-rows/sequence-0163__proprietary_gpt__os15-s0008__trial-4.json,[]
164,proprietary_gpt,os15-s0008,5,positive,valid,True,False,os15-c000202,"[""os15-c000087"",""os15-c000455"",""os15-c000192"",""os15-c000202"",""os15-c000336""]",4,False,True,0.25,4634,results/owasp-sqli-v15-1-confirmatory-final/owasp-sqli-v15-1-confirmatory-20260823T131208Z/raw/ranking-rows/sequence-0164__proprietary_gpt__os15-s0008__trial-5.json,[]
165,proprietary_gpt,os15-s0009,1,positive,valid,True,False,os15-c000415,"[""os15-c000216"",""os15-c000323"",""os15-c000415"",""os15-c000151"",""os15-c000337""]",3,False,True,0.333333,5027,results/owasp-sqli-v15-1-confirmatory-final/owasp-sqli-v15-1-confirmatory-20260823T131208Z/raw/ranking-rows/sequence-0165__proprietary_gpt__os15-s0009__trial-1.json,[]
166,proprietary_gpt,os15-s0009,2,positive,valid,True,False,os15-c000415,"[""os15-c000216"",""os15-c000323"",""os15-c000415"",""os15-c000151"",""os15-c000337""]",3,False,True,0.333333,6708,results/owasp-sqli-v15-1-confirmatory-final/owasp-sqli-v15-1-confirmatory-20260823T131208Z/raw/ranking-rows/sequence-0166__proprietary_gpt__os15-s0009__trial-2.json,[]
167,proprietary_gpt,os15-s0009,3,positive,valid,True,False,os15-c000415,"[""os15-c000216"",""os15-c000323"",""os15-c000415"",""os15-c000151"",""os15-c000337""]",3,False,True,0.333333,4890,results/owasp-sqli-v15-1-confirmatory-final/owasp-sqli-v15-1-confirmatory-20260823T131208Z/raw/ranking-rows/sequence-0167__proprietary_gpt__os15-s0009__trial-3.json,[]
168,proprietary_gpt,os15-s0009,4,positive,valid,True,False,os15-c000415,"[""os15-c000216"",""os15-c000323"",""os15-c000415"",""os15-c000151"",""os15-c000337""]",3,False,True,0.333333,4984,results/owasp-sqli-v15-1-confirmatory-final/owasp-sqli-v15-1-confirmatory-20260823T131208Z/raw/ranking-rows/sequence-0168__proprietary_gpt__os15-s0009__trial-4.json,[]
169,proprietary_gpt,os15-s0009,5,positive,valid,True,False,os15-c000415,"[""os15-c000216"",""os15-c000323"",""os15-c000415"",""os15-c000151"",""os15-c000337""]",3,False,True,0.333333,5241,results/owasp-sqli-v15-1-confirmatory-final/owasp-sqli-v15-1-confirmatory-20260823T131208Z/raw/ranking-rows/sequence-0169__proprietary_gpt__os15-s0009__trial-5.json,[]
170,proprietary_gpt,os15-s0010,1,positive,valid,True,False,os15-c000482,"[""os15-c000154"",""os15-c000308"",""os15-c000388"",""os15-c000482"",""os15-c000131""]",4,False,True,0.25,4341,results/owasp-sqli-v15-1-confirmatory-final/owasp-sqli-v15-1-confirmatory-20260823T131208Z/raw/ranking-rows/sequence-0170__proprietary_gpt__os15-s0010__trial-1.json,[]
171,proprietary_gpt,os15-s0010,2,positive,valid,True,False,os15-c000482,"[""os15-c000154"",""os15-c000308"",""os15-c000388"",""os15-c000482"",""os15-c000131""]",4,False,True,0.25,3884,results/owasp-sqli-v15-1-confirmatory-final/owasp-sqli-v15-1-confirmatory-20260823T131208Z/raw/ranking-rows/sequence-0171__proprietary_gpt__os15-s0010__trial-2.json,[]
172,proprietary_gpt,os15-s0010,3,positive,valid,True,False,os15-c000482,"[""os15-c000154"",""os15-c000308"",""os15-c000388"",""os15-c000482"",""os15-c000131""]",4,False,True,0.25,3859,results/owasp-sqli-v15-1-confirmatory-final/owasp-sqli-v15-1-confirmatory-20260823T131208Z/raw/ranking-rows/sequence-0172__proprietary_gpt__os15-s0010__trial-3.json,[]
173,proprietary_gpt,os15-s0010,4,positive,valid,True,False,os15-c000482,"[""os15-c000154"",""os15-c000308"",""os15-c000388"",""os15-c000482"",""os15-c000131""]",4,False,True,0.25,5413,results/owasp-sqli-v15-1-confirmatory-final/owasp-sqli-v15-1-confirmatory-20260823T131208Z/raw/ranking-rows/sequence-0173__proprietary_gpt__os15-s0010__trial-4.json,[]
174,proprietary_gpt,os15-s0010,5,positive,valid,True,False,os15-c000482,"[""os15-c000154"",""os15-c000308"",""os15-c000388"",""os15-c000482"",""os15-c000131""]",4,False,True,0.25,4840,results/owasp-sqli-v15-1-confirmatory-final/owasp-sqli-v15-1-confirmatory-20260823T131208Z/raw/ranking-rows/sequence-0174__proprietary_gpt__os15-s0010__trial-5.json,[]
175,proprietary_gpt,os15-s0011,1,positive,valid,True,False,os15-c000365,"[""os15-c000501"",""os15-c000469"",""os15-c000116"",""os15-c000073"",""os15-c000365""]",5,False,False,0.2,5012,results/owasp-sqli-v15-1-confirmatory-final/owasp-sqli-v15-1-confirmatory-20260823T131208Z/raw/ranking-rows/sequence-0175__proprietary_gpt__os15-s0011__trial-1.json,[]
176,proprietary_gpt,os15-s0011,2,positive,valid,True,False,os15-c000365,"[""os15-c000501"",""os15-c000469"",""os15-c000116"",""os15-c000073"",""os15-c000365""]",5,False,False,0.2,4182,results/owasp-sqli-v15-1-confirmatory-final/owasp-sqli-v15-1-confirmatory-20260823T131208Z/raw/ranking-rows/sequence-0176__proprietary_gpt__os15-s0011__trial-2.json,[]
177,proprietary_gpt,os15-s0011,3,positive,valid,True,False,os15-c000365,"[""os15-c000501"",""os15-c000469"",""os15-c000116"",""os15-c000073"",""os15-c000365""]",5,False,False,0.2,4189,results/owasp-sqli-v15-1-confirmatory-final/owasp-sqli-v15-1-confirmatory-20260823T131208Z/raw/ranking-rows/sequence-0177__proprietary_gpt__os15-s0011__trial-3.json,[]
178,proprietary_gpt,os15-s0011,4,positive,valid,True,False,os15-c000365,"[""os15-c000501"",""os15-c000469"",""os15-c000116"",""os15-c000073"",""os15-c000365""]",5,False,False,0.2,5322,results/owasp-sqli-v15-1-confirmatory-final/owasp-sqli-v15-1-confirmatory-20260823T131208Z/raw/ranking-rows/sequence-0178__proprietary_gpt__os15-s0011__trial-4.json,[]
179,proprietary_gpt,os15-s0011,5,positive,valid,True,False,os15-c000365,"[""os15-c000501"",""os15-c000469"",""os15-c000116"",""os15-c000073"",""os15-c000365""]",5,False,False,0.2,5793,results/owasp-sqli-v15-1-confirmatory-final/owasp-sqli-v15-1-confirmatory-20260823T131208Z/raw/ranking-rows/sequence-0179__proprietary_gpt__os15-s0011__trial-5.json,[]
180,proprietary_gpt,os15-s0012,1,positive,valid,True,False,os15-c000273,"[""os15-c000273"",""os15-c000492"",""os15-c000103"",""os15-c000427"",""os15-c000243""]",1,True,True,1.0,3846,results/owasp-sqli-v15-1-confirmatory-final/owasp-sqli-v15-1-confirmatory-20260823T131208Z/raw/ranking-rows/sequence-0180__proprietary_gpt__os15-s0012__trial-1.json,[]
181,proprietary_gpt,os15-s0012,2,positive,valid,True,False,os15-c000273,"[""os15-c000273"",""os15-c000492"",""os15-c000103"",""os15-c000427"",""os15-c000243""]",1,True,True,1.0,3763,results/owasp-sqli-v15-1-confirmatory-final/owasp-sqli-v15-1-confirmatory-20260823T131208Z/raw/ranking-rows/sequence-0181__proprietary_gpt__os15-s0012__trial-2.json,[]
182,proprietary_gpt,os15-s0012,3,positive,valid,True,False,os15-c000273,"[""os15-c000273"",""os15-c000492"",""os15-c000103"",""os15-c000427"",""os15-c000243""]",1,True,True,1.0,4058,results/owasp-sqli-v15-1-confirmatory-final/owasp-sqli-v15-1-confirmatory-20260823T131208Z/raw/ranking-rows/sequence-0182__proprietary_gpt__os15-s0012__trial-3.json,[]
183,proprietary_gpt,os15-s0012,4,positive,valid,True,False,os15-c000273,"[""os15-c000273"",""os15-c000492"",""os15-c000103"",""os15-c000427"",""os15-c000243""]",1,True,True,1.0,3394,results/owasp-sqli-v15-1-confirmatory-final/owasp-sqli-v15-1-confirmatory-20260823T131208Z/raw/ranking-rows/sequence-0183__proprietary_gpt__os15-s0012__trial-4.json,[]
184,proprietary_gpt,os15-s0012,5,positive,valid,True,False,os15-c000273,"[""os15-c000273"",""os15-c000492"",""os15-c000103"",""os15-c000427"",""os15-c000243""]",1,True,True,1.0,4024,results/owasp-sqli-v15-1-confirmatory-final/owasp-sqli-v15-1-confirmatory-20260823T131208Z/raw/ranking-rows/sequence-0184__proprietary_gpt__os15-s0012__trial-5.json,[]
185,proprietary_gpt,os15-s0013,1,positive,valid,True,False,os15-c000082,"[""os15-c000305"",""os15-c000082"",""os15-c000261"",""os15-c000067"",""os15-c000331""]",2,False,True,0.5,4529,results/owasp-sqli-v15-1-confirmatory-final/owasp-sqli-v15-1-confirmatory-20260823T131208Z/raw/ranking-rows/sequence-0185__proprietary_gpt__os15-s0013__trial-1.json,[]
186,proprietary_gpt,os15-s0013,2,positive,valid,True,False,os15-c000082,"[""os15-c000305"",""os15-c000082"",""os15-c000261"",""os15-c000067"",""os15-c000331""]",2,False,True,0.5,4395,results/owasp-sqli-v15-1-confirmatory-final/owasp-sqli-v15-1-confirmatory-20260823T131208Z/raw/ranking-rows/sequence-0186__proprietary_gpt__os15-s0013__trial-2.json,[]
187,proprietary_gpt,os15-s0013,3,positive,valid,True,False,os15-c000082,"[""os15-c000305"",""os15-c000082"",""os15-c000261"",""os15-c000067"",""os15-c000331""]",2,False,True,0.5,4798,results/owasp-sqli-v15-1-confirmatory-final/owasp-sqli-v15-1-confirmatory-20260823T131208Z/raw/ranking-rows/sequence-0187__proprietary_gpt__os15-s0013__trial-3.json,[]
188,proprietary_gpt,os15-s0013,4,positive,valid,True,False,os15-c000082,"[""os15-c000305"",""os15-c000082"",""os15-c000261"",""os15-c000067"",""os15-c000331""]",2,False,True,0.5,4489,results/owasp-sqli-v15-1-confirmatory-final/owasp-sqli-v15-1-confirmatory-20260823T131208Z/raw/ranking-rows/sequence-0188__proprietary_gpt__os15-s0013__trial-4.json,[]
189,proprietary_gpt,os15-s0013,5,positive,valid,True,False,os15-c000082,"[""os15-c000305"",""os15-c000082"",""os15-c000261"",""os15-c000067"",""os15-c000331""]",2,False,True,0.5,4508,results/owasp-sqli-v15-1-confirmatory-final/owasp-sqli-v15-1-confirmatory-20260823T131208Z/raw/ranking-rows/sequence-0189__proprietary_gpt__os15-s0013__trial-5.json,[]
190,proprietary_gpt,os15-s0014,1,positive,valid,True,False,os15-c000072,"[""os15-c000384"",""os15-c000464"",""os15-c000408"",""os15-c000072"",""os15-c000396""]",4,False,True,0.25,3807,results/owasp-sqli-v15-1-confirmatory-final/owasp-sqli-v15-1-confirmatory-20260823T131208Z/raw/ranking-rows/sequence-0190__proprietary_gpt__os15-s0014__trial-1.json,[]
191,proprietary_gpt,os15-s0014,2,positive,valid,True,False,os15-c000072,"[""os15-c000408"",""os15-c000464"",""os15-c000384"",""os15-c000072"",""os15-c000396""]",4,False,True,0.25,4610,results/owasp-sqli-v15-1-confirmatory-final/owasp-sqli-v15-1-confirmatory-20260823T131208Z/raw/ranking-rows/sequence-0191__proprietary_gpt__os15-s0014__trial-2.json,[]
192,proprietary_gpt,os15-s0014,3,positive,valid,True,False,os15-c000072,"[""os15-c000072"",""os15-c000396"",""os15-c000384"",""os15-c000464"",""os15-c000408""]",1,True,True,1.0,4884,results/owasp-sqli-v15-1-confirmatory-final/owasp-sqli-v15-1-confirmatory-20260823T131208Z/raw/ranking-rows/sequence-0192__proprietary_gpt__os15-s0014__trial-3.json,[]
193,proprietary_gpt,os15-s0014,4,positive,provider_failed,False,True,os15-c000072,"[""os15-c000072"",""os15-c000396"",""os15-c000384"",""os15-c000464"",""os15-c000408""]",not_applicable,not_applicable,not_applicable,not_applicable,92,results/owasp-sqli-v15-1-confirmatory-final/owasp-sqli-v15-1-confirmatory-20260823T131208Z/raw/ranking-rows/sequence-0193__proprietary_gpt__os15-s0014__trial-4.json,"[""model command exited with 1""]"
194,proprietary_gpt,os15-s0014,5,positive,provider_failed,False,True,os15-c000072,"[""os15-c000072"",""os15-c000396"",""os15-c000384"",""os15-c000464"",""os15-c000408""]",not_applicable,not_applicable,not_applicable,not_applicable,165,results/owasp-sqli-v15-1-confirmatory-final/owasp-sqli-v15-1-confirmatory-20260823T131208Z/raw/ranking-rows/sequence-0194__proprietary_gpt__os15-s0014__trial-5.json,"[""model command exited with 1""]"
195,proprietary_gpt,os15-s0015,1,positive,valid,True,False,os15-c000105,"[""os15-c000485"",""os15-c000110"",""os15-c000163"",""os15-c000105"",""os15-c000195""]",4,False,True,0.25,4258,results/owasp-sqli-v15-1-confirmatory-final/owasp-sqli-v15-1-confirmatory-20260823T131208Z/raw/ranking-rows/sequence-0195__proprietary_gpt__os15-s0015__trial-1.json,[]
196,proprietary_gpt,os15-s0015,2,positive,valid,True,False,os15-c000105,"[""os15-c000163"",""os15-c000485"",""os15-c000110"",""os15-c000105"",""os15-c000195""]",4,False,True,0.25,6076,results/owasp-sqli-v15-1-confirmatory-final/owasp-sqli-v15-1-confirmatory-20260823T131208Z/raw/ranking-rows/sequence-0196__proprietary_gpt__os15-s0015__trial-2.json,[]
197,proprietary_gpt,os15-s0015,3,positive,valid,True,False,os15-c000105,"[""os15-c000485"",""os15-c000163"",""os15-c000110"",""os15-c000105"",""os15-c000195""]",4,False,True,0.25,4789,results/owasp-sqli-v15-1-confirmatory-final/owasp-sqli-v15-1-confirmatory-20260823T131208Z/raw/ranking-rows/sequence-0197__proprietary_gpt__os15-s0015__trial-3.json,[]
198,proprietary_gpt,os15-s0015,4,positive,valid,True,False,os15-c000105,"[""os15-c000485"",""os15-c000110"",""os15-c000163"",""os15-c000105"",""os15-c000195""]",4,False,True,0.25,6148,results/owasp-sqli-v15-1-confirmatory-final/owasp-sqli-v15-1-confirmatory-20260823T131208Z/raw/ranking-rows/sequence-0198__proprietary_gpt__os15-s0015__trial-4.json,[]
199,proprietary_gpt,os15-s0015,5,positive,valid,True,False,os15-c000105,"[""os15-c000485"",""os15-c000110"",""os15-c000163"",""os15-c000105"",""os15-c000195""]",4,False,True,0.25,4272,results/owasp-sqli-v15-1-confirmatory-final/owasp-sqli-v15-1-confirmatory-20260823T131208Z/raw/ranking-rows/sequence-0199__proprietary_gpt__os15-s0015__trial-5.json,[]
200,proprietary_gpt,os15-s0016,1,positive,valid,True,False,os15-c000174,"[""os15-c000325"",""os15-c000414"",""os15-c000392"",""os15-c000351"",""os15-c000174""]",5,False,False,0.2,5011,results/owasp-sqli-v15-1-confirmatory-final/owasp-sqli-v15-1-confirmatory-20260823T131208Z/raw/ranking-rows/sequence-0200__proprietary_gpt__os15-s0016__trial-1.json,[]
201,proprietary_gpt,os15-s0016,2,positive,valid,True,False,os15-c000174,"[""os15-c000325"",""os15-c000414"",""os15-c000392"",""os15-c000174"",""os15-c000351""]",4,False,True,0.25,3814,results/owasp-sqli-v15-1-confirmatory-final/owasp-sqli-v15-1-confirmatory-20260823T131208Z/raw/ranking-rows/sequence-0201__proprietary_gpt__os15-s0016__trial-2.json,[]
202,proprietary_gpt,os15-s0016,3,positive,valid,True,False,os15-c000174,"[""os15-c000325"",""os15-c000414"",""os15-c000392"",""os15-c000174"",""os15-c000351""]",4,False,True,0.25,4065,results/owasp-sqli-v15-1-confirmatory-final/owasp-sqli-v15-1-confirmatory-20260823T131208Z/raw/ranking-rows/sequence-0202__proprietary_gpt__os15-s0016__trial-3.json,[]
203,proprietary_gpt,os15-s0016,4,positive,valid,True,False,os15-c000174,"[""os15-c000325"",""os15-c000414"",""os15-c000392"",""os15-c000351"",""os15-c000174""]",5,False,False,0.2,4425,results/owasp-sqli-v15-1-confirmatory-final/owasp-sqli-v15-1-confirmatory-20260823T131208Z/raw/ranking-rows/sequence-0203__proprietary_gpt__os15-s0016__trial-4.json,[]
204,proprietary_gpt,os15-s0016,5,positive,valid,True,False,os15-c000174,"[""os15-c000325"",""os15-c000414"",""os15-c000392"",""os15-c000174"",""os15-c000351""]",4,False,True,0.25,4150,results/owasp-sqli-v15-1-confirmatory-final/owasp-sqli-v15-1-confirmatory-20260823T131208Z/raw/ranking-rows/sequence-0204__proprietary_gpt__os15-s0016__trial-5.json,[]
205,proprietary_gpt,os15-s0017,1,positive,valid,True,False,os15-c000468,"[""os15-c000450"",""os15-c000284"",""os15-c000468"",""os15-c000135"",""os15-c000210""]",3,False,True,0.333333,3777,results/owasp-sqli-v15-1-confirmatory-final/owasp-sqli-v15-1-confirmatory-20260823T131208Z/raw/ranking-rows/sequence-0205__proprietary_gpt__os15-s0017__trial-1.json,[]
206,proprietary_gpt,os15-s0017,2,positive,valid,True,False,os15-c000468,"[""os15-c000450"",""os15-c000284"",""os15-c000468"",""os15-c000135"",""os15-c000210""]",3,False,True,0.333333,4471,results/owasp-sqli-v15-1-confirmatory-final/owasp-sqli-v15-1-confirmatory-20260823T131208Z/raw/ranking-rows/sequence-0206__proprietary_gpt__os15-s0017__trial-2.json,[]
207,proprietary_gpt,os15-s0017,3,positive,valid,True,False,os15-c000468,"[""os15-c000450"",""os15-c000284"",""os15-c000468"",""os15-c000135"",""os15-c000210""]",3,False,True,0.333333,4949,results/owasp-sqli-v15-1-confirmatory-final/owasp-sqli-v15-1-confirmatory-20260823T131208Z/raw/ranking-rows/sequence-0207__proprietary_gpt__os15-s0017__trial-3.json,[]
208,proprietary_gpt,os15-s0017,4,positive,valid,True,False,os15-c000468,"[""os15-c000450"",""os15-c000284"",""os15-c000468"",""os15-c000135"",""os15-c000210""]",3,False,True,0.333333,4290,results/owasp-sqli-v15-1-confirmatory-final/owasp-sqli-v15-1-confirmatory-20260823T131208Z/raw/ranking-rows/sequence-0208__proprietary_gpt__os15-s0017__trial-4.json,[]
209,proprietary_gpt,os15-s0017,5,positive,valid,True,False,os15-c000468,"[""os15-c000450"",""os15-c000284"",""os15-c000468"",""os15-c000135"",""os15-c000210""]",3,False,True,0.333333,4516,results/owasp-sqli-v15-1-confirmatory-final/owasp-sqli-v15-1-confirmatory-20260823T131208Z/raw/ranking-rows/sequence-0209__proprietary_gpt__os15-s0017__trial-5.json,[]
210,proprietary_gpt,os15-s0018,1,positive,valid,True,False,os15-c000292,"[""os15-c000426"",""os15-c000292"",""os15-c000311"",""os15-c000122"",""os15-c000220""]",2,False,True,0.5,4441,results/owasp-sqli-v15-1-confirmatory-final/owasp-sqli-v15-1-confirmatory-20260823T131208Z/raw/ranking-rows/sequence-0210__proprietary_gpt__os15-s0018__trial-1.json,[]
211,proprietary_gpt,os15-s0018,2,positive,valid,True,False,os15-c000292,"[""os15-c000292"",""os15-c000426"",""os15-c000311"",""os15-c000122"",""os15-c000220""]",1,True,True,1.0,4819,results/owasp-sqli-v15-1-confirmatory-final/owasp-sqli-v15-1-confirmatory-20260823T131208Z/raw/ranking-rows/sequence-0211__proprietary_gpt__os15-s0018__trial-2.json,[]
212,proprietary_gpt,os15-s0018,3,positive,valid,True,False,os15-c000292,"[""os15-c000292"",""os15-c000426"",""os15-c000311"",""os15-c000122"",""os15-c000220""]",1,True,True,1.0,4707,results/owasp-sqli-v15-1-confirmatory-final/owasp-sqli-v15-1-confirmatory-20260823T131208Z/raw/ranking-rows/sequence-0212__proprietary_gpt__os15-s0018__trial-3.json,[]
213,proprietary_gpt,os15-s0018,4,positive,valid,True,False,os15-c000292,"[""os15-c000292"",""os15-c000426"",""os15-c000122"",""os15-c000220"",""os15-c000311""]",1,True,True,1.0,6386,results/owasp-sqli-v15-1-confirmatory-final/owasp-sqli-v15-1-confirmatory-20260823T131208Z/raw/ranking-rows/sequence-0213__proprietary_gpt__os15-s0018__trial-4.json,[]
214,proprietary_gpt,os15-s0018,5,positive,valid,True,False,os15-c000292,"[""os15-c000292"",""os15-c000426"",""os15-c000311"",""os15-c000122"",""os15-c000220""]",1,True,True,1.0,4122,results/owasp-sqli-v15-1-confirmatory-final/owasp-sqli-v15-1-confirmatory-20260823T131208Z/raw/ranking-rows/sequence-0214__proprietary_gpt__os15-s0018__trial-5.json,[]
215,proprietary_gpt,os15-s0019,1,positive,valid,True,False,os15-c000253,"[""os15-c000470"",""os15-c000253"",""os15-c000312"",""os15-c000321"",""os15-c000063""]",2,False,True,0.5,4704,results/owasp-sqli-v15-1-confirmatory-final/owasp-sqli-v15-1-confirmatory-20260823T131208Z/raw/ranking-rows/sequence-0215__proprietary_gpt__os15-s0019__trial-1.json,[]
216,proprietary_gpt,os15-s0019,2,positive,valid,True,False,os15-c000253,"[""os15-c000470"",""os15-c000253"",""os15-c000312"",""os15-c000321"",""os15-c000063""]",2,False,True,0.5,4169,results/owasp-sqli-v15-1-confirmatory-final/owasp-sqli-v15-1-confirmatory-20260823T131208Z/raw/ranking-rows/sequence-0216__proprietary_gpt__os15-s0019__trial-2.json,[]
217,proprietary_gpt,os15-s0019,3,positive,valid,True,False,os15-c000253,"[""os15-c000470"",""os15-c000253"",""os15-c000312"",""os15-c000321"",""os15-c000063""]",2,False,True,0.5,3994,results/owasp-sqli-v15-1-confirmatory-final/owasp-sqli-v15-1-confirmatory-20260823T131208Z/raw/ranking-rows/sequence-0217__proprietary_gpt__os15-s0019__trial-3.json,[]
218,proprietary_gpt,os15-s0019,4,positive,valid,True,False,os15-c000253,"[""os15-c000470"",""os15-c000253"",""os15-c000312"",""os15-c000321"",""os15-c000063""]",2,False,True,0.5,4649,results/owasp-sqli-v15-1-confirmatory-final/owasp-sqli-v15-1-confirmatory-20260823T131208Z/raw/ranking-rows/sequence-0218__proprietary_gpt__os15-s0019__trial-4.json,[]
219,proprietary_gpt,os15-s0019,5,positive,valid,True,False,os15-c000253,"[""os15-c000470"",""os15-c000253"",""os15-c000312"",""os15-c000321"",""os15-c000063""]",2,False,True,0.5,4745,results/owasp-sqli-v15-1-confirmatory-final/owasp-sqli-v15-1-confirmatory-20260823T131208Z/raw/ranking-rows/sequence-0219__proprietary_gpt__os15-s0019__trial-5.json,[]
220,proprietary_gpt,os15-s0020,1,positive,valid,True,False,os15-c000291,"[""os15-c000491"",""os15-c000291"",""os15-c000324"",""os15-c000150"",""os15-c000364""]",2,False,True,0.5,4749,results/owasp-sqli-v15-1-confirmatory-final/owasp-sqli-v15-1-confirmatory-20260823T131208Z/raw/ranking-rows/sequence-0220__proprietary_gpt__os15-s0020__trial-1.json,[]
221,proprietary_gpt,os15-s0020,2,positive,valid,True,False,os15-c000291,"[""os15-c000491"",""os15-c000291"",""os15-c000324"",""os15-c000150"",""os15-c000364""]",2,False,True,0.5,4630,results/owasp-sqli-v15-1-confirmatory-final/owasp-sqli-v15-1-confirmatory-20260823T131208Z/raw/ranking-rows/sequence-0221__proprietary_gpt__os15-s0020__trial-2.json,[]
222,proprietary_gpt,os15-s0020,3,positive,valid,True,False,os15-c000291,"[""os15-c000491"",""os15-c000291"",""os15-c000324"",""os15-c000150"",""os15-c000364""]",2,False,True,0.5,4763,results/owasp-sqli-v15-1-confirmatory-final/owasp-sqli-v15-1-confirmatory-20260823T131208Z/raw/ranking-rows/sequence-0222__proprietary_gpt__os15-s0020__trial-3.json,[]
223,proprietary_gpt,os15-s0020,4,positive,valid,True,False,os15-c000291,"[""os15-c000491"",""os15-c000291"",""os15-c000324"",""os15-c000150"",""os15-c000364""]",2,False,True,0.5,5102,results/owasp-sqli-v15-1-confirmatory-final/owasp-sqli-v15-1-confirmatory-20260823T131208Z/raw/ranking-rows/sequence-0223__proprietary_gpt__os15-s0020__trial-4.json,[]
224,proprietary_gpt,os15-s0020,5,positive,valid,True,False,os15-c000291,"[""os15-c000491"",""os15-c000291"",""os15-c000324"",""os15-c000150"",""os15-c000364""]",2,False,True,0.5,4360,results/owasp-sqli-v15-1-confirmatory-final/owasp-sqli-v15-1-confirmatory-20260823T131208Z/raw/ranking-rows/sequence-0224__proprietary_gpt__os15-s0020__trial-5.json,[]
225,proprietary_gpt,os15-s0021,1,positive,valid,True,False,os15-c000353,"[""os15-c000295"",""os15-c000343"",""os15-c000353"",""os15-c000367"",""os15-c000025""]",3,False,True,0.333333,3738,results/owasp-sqli-v15-1-confirmatory-final/owasp-sqli-v15-1-confirmatory-20260823T131208Z/raw/ranking-rows/sequence-0225__proprietary_gpt__os15-s0021__trial-1.json,[]
226,proprietary_gpt,os15-s0021,2,positive,valid,True,False,os15-c000353,"[""os15-c000295"",""os15-c000343"",""os15-c000353"",""os15-c000367"",""os15-c000025""]",3,False,True,0.333333,4780,results/owasp-sqli-v15-1-confirmatory-final/owasp-sqli-v15-1-confirmatory-20260823T131208Z/raw/ranking-rows/sequence-0226__proprietary_gpt__os15-s0021__trial-2.json,[]
227,proprietary_gpt,os15-s0021,3,positive,valid,True,False,os15-c000353,"[""os15-c000295"",""os15-c000343"",""os15-c000353"",""os15-c000367"",""os15-c000025""]",3,False,True,0.333333,4794,results/owasp-sqli-v15-1-confirmatory-final/owasp-sqli-v15-1-confirmatory-20260823T131208Z/raw/ranking-rows/sequence-0227__proprietary_gpt__os15-s0021__trial-3.json,[]
228,proprietary_gpt,os15-s0021,4,positive,valid,True,False,os15-c000353,"[""os15-c000295"",""os15-c000343"",""os15-c000353"",""os15-c000367"",""os15-c000025""]",3,False,True,0.333333,3867,results/owasp-sqli-v15-1-confirmatory-final/owasp-sqli-v15-1-confirmatory-20260823T131208Z/raw/ranking-rows/sequence-0228__proprietary_gpt__os15-s0021__trial-4.json,[]
229,proprietary_gpt,os15-s0021,5,positive,valid,True,False,os15-c000353,"[""os15-c000295"",""os15-c000025"",""os15-c000343"",""os15-c000353"",""os15-c000367""]",4,False,True,0.25,4096,results/owasp-sqli-v15-1-confirmatory-final/owasp-sqli-v15-1-confirmatory-20260823T131208Z/raw/ranking-rows/sequence-0229__proprietary_gpt__os15-s0021__trial-5.json,[]
230,proprietary_gpt,os15-s0022,1,positive,valid,True,False,os15-c000465,"[""os15-c000218"",""os15-c000465"",""os15-c000171"",""os15-c000209"",""os15-c000366""]",2,False,True,0.5,4711,results/owasp-sqli-v15-1-confirmatory-final/owasp-sqli-v15-1-confirmatory-20260823T131208Z/raw/ranking-rows/sequence-0230__proprietary_gpt__os15-s0022__trial-1.json,[]
231,proprietary_gpt,os15-s0022,2,positive,valid,True,False,os15-c000465,"[""os15-c000218"",""os15-c000465"",""os15-c000171"",""os15-c000209"",""os15-c000366""]",2,False,True,0.5,4712,results/owasp-sqli-v15-1-confirmatory-final/owasp-sqli-v15-1-confirmatory-20260823T131208Z/raw/ranking-rows/sequence-0231__proprietary_gpt__os15-s0022__trial-2.json,[]
232,proprietary_gpt,os15-s0022,3,positive,valid,True,False,os15-c000465,"[""os15-c000218"",""os15-c000465"",""os15-c000171"",""os15-c000209"",""os15-c000366""]",2,False,True,0.5,4931,results/owasp-sqli-v15-1-confirmatory-final/owasp-sqli-v15-1-confirmatory-20260823T131208Z/raw/ranking-rows/sequence-0232__proprietary_gpt__os15-s0022__trial-3.json,[]
233,proprietary_gpt,os15-s0022,4,positive,valid,True,False,os15-c000465,"[""os15-c000218"",""os15-c000465"",""os15-c000171"",""os15-c000209"",""os15-c000366""]",2,False,True,0.5,6361,results/owasp-sqli-v15-1-confirmatory-final/owasp-sqli-v15-1-confirmatory-20260823T131208Z/raw/ranking-rows/sequence-0233__proprietary_gpt__os15-s0022__trial-4.json,[]
234,proprietary_gpt,os15-s0022,5,positive,valid,True,False,os15-c000465,"[""os15-c000218"",""os15-c000465"",""os15-c000209"",""os15-c000366"",""os15-c000171""]",2,False,True,0.5,4387,results/owasp-sqli-v15-1-confirmatory-final/owasp-sqli-v15-1-confirmatory-20260823T131208Z/raw/ranking-rows/sequence-0234__proprietary_gpt__os15-s0022__trial-5.json,[]
235,proprietary_gpt,os15-s0023,1,positive,valid,True,False,os15-c000334,"[""os15-c000502"",""os15-c000334"",""os15-c000052"",""os15-c000207"",""os15-c000054""]",2,False,True,0.5,4477,results/owasp-sqli-v15-1-confirmatory-final/owasp-sqli-v15-1-confirmatory-20260823T131208Z/raw/ranking-rows/sequence-0235__proprietary_gpt__os15-s0023__trial-1.json,[]
236,proprietary_gpt,os15-s0023,2,positive,valid,True,False,os15-c000334,"[""os15-c000502"",""os15-c000334"",""os15-c000052"",""os15-c000207"",""os15-c000054""]",2,False,True,0.5,4510,results/owasp-sqli-v15-1-confirmatory-final/owasp-sqli-v15-1-confirmatory-20260823T131208Z/raw/ranking-rows/sequence-0236__proprietary_gpt__os15-s0023__trial-2.json,[]
237,proprietary_gpt,os15-s0023,3,positive,valid,True,False,os15-c000334,"[""os15-c000502"",""os15-c000052"",""os15-c000207"",""os15-c000054"",""os15-c000334""]",5,False,False,0.2,4755,results/owasp-sqli-v15-1-confirmatory-final/owasp-sqli-v15-1-confirmatory-20260823T131208Z/raw/ranking-rows/sequence-0237__proprietary_gpt__os15-s0023__trial-3.json,[]
238,proprietary_gpt,os15-s0023,4,positive,valid,True,False,os15-c000334,"[""os15-c000502"",""os15-c000334"",""os15-c000052"",""os15-c000207"",""os15-c000054""]",2,False,True,0.5,4269,results/owasp-sqli-v15-1-confirmatory-final/owasp-sqli-v15-1-confirmatory-20260823T131208Z/raw/ranking-rows/sequence-0238__proprietary_gpt__os15-s0023__trial-4.json,[]
239,proprietary_gpt,os15-s0023,5,positive,valid,True,False,os15-c000334,"[""os15-c000502"",""os15-c000334"",""os15-c000052"",""os15-c000207"",""os15-c000054""]",2,False,True,0.5,4196,results/owasp-sqli-v15-1-confirmatory-final/owasp-sqli-v15-1-confirmatory-20260823T131208Z/raw/ranking-rows/sequence-0239__proprietary_gpt__os15-s0023__trial-5.json,[]
240,proprietary_gpt,os15-s0024,1,positive,valid,True,False,os15-c000075,"[""os15-c000236"",""os15-c000075"",""os15-c000428"",""os15-c000053"",""os15-c000330""]",2,False,True,0.5,4183,results/owasp-sqli-v15-1-confirmatory-final/owasp-sqli-v15-1-confirmatory-20260823T131208Z/raw/ranking-rows/sequence-0240__proprietary_gpt__os15-s0024__trial-1.json,[]
241,proprietary_gpt,os15-s0024,2,positive,valid,True,False,os15-c000075,"[""os15-c000236"",""os15-c000075"",""os15-c000428"",""os15-c000053"",""os15-c000330""]",2,False,True,0.5,3465,results/owasp-sqli-v15-1-confirmatory-final/owasp-sqli-v15-1-confirmatory-20260823T131208Z/raw/ranking-rows/sequence-0241__proprietary_gpt__os15-s0024__trial-2.json,[]
242,proprietary_gpt,os15-s0024,3,positive,valid,True,False,os15-c000075,"[""os15-c000236"",""os15-c000075"",""os15-c000428"",""os15-c000053"",""os15-c000330""]",2,False,True,0.5,4002,results/owasp-sqli-v15-1-confirmatory-final/owasp-sqli-v15-1-confirmatory-20260823T131208Z/raw/ranking-rows/sequence-0242__proprietary_gpt__os15-s0024__trial-3.json,[]
243,proprietary_gpt,os15-s0024,4,positive,valid,True,False,os15-c000075,"[""os15-c000236"",""os15-c000075"",""os15-c000428"",""os15-c000053"",""os15-c000330""]",2,False,True,0.5,3479,results/owasp-sqli-v15-1-confirmatory-final/owasp-sqli-v15-1-confirmatory-20260823T131208Z/raw/ranking-rows/sequence-0243__proprietary_gpt__os15-s0024__trial-4.json,[]
244,proprietary_gpt,os15-s0024,5,positive,valid,True,False,os15-c000075,"[""os15-c000236"",""os15-c000075"",""os15-c000428"",""os15-c000053"",""os15-c000330""]",2,False,True,0.5,4206,results/owasp-sqli-v15-1-confirmatory-final/owasp-sqli-v15-1-confirmatory-20260823T131208Z/raw/ranking-rows/sequence-0244__proprietary_gpt__os15-s0024__trial-5.json,[]
245,proprietary_gpt,os15-s0025,1,positive,valid,True,False,os15-c000055,"[""os15-c000112"",""os15-c000152"",""os15-c000293"",""os15-c000452"",""os15-c000055""]",5,False,False,0.2,6763,results/owasp-sqli-v15-1-confirmatory-final/owasp-sqli-v15-1-confirmatory-20260823T131208Z/raw/ranking-rows/sequence-0245__proprietary_gpt__os15-s0025__trial-1.json,[]
246,proprietary_gpt,os15-s0025,2,positive,valid,True,False,os15-c000055,"[""os15-c000112"",""os15-c000152"",""os15-c000293"",""os15-c000452"",""os15-c000055""]",5,False,False,0.2,8919,results/owasp-sqli-v15-1-confirmatory-final/owasp-sqli-v15-1-confirmatory-20260823T131208Z/raw/ranking-rows/sequence-0246__proprietary_gpt__os15-s0025__trial-2.json,[]
247,proprietary_gpt,os15-s0025,3,positive,valid,True,False,os15-c000055,"[""os15-c000452"",""os15-c000152"",""os15-c000293"",""os15-c000112"",""os15-c000055""]",5,False,False,0.2,7905,results/owasp-sqli-v15-1-confirmatory-final/owasp-sqli-v15-1-confirmatory-20260823T131208Z/raw/ranking-rows/sequence-0247__proprietary_gpt__os15-s0025__trial-3.json,[]
248,proprietary_gpt,os15-s0025,4,positive,valid,True,False,os15-c000055,"[""os15-c000452"",""os15-c000152"",""os15-c000293"",""os15-c000112"",""os15-c000055""]",5,False,False,0.2,6724,results/owasp-sqli-v15-1-confirmatory-final/owasp-sqli-v15-1-confirmatory-20260823T131208Z/raw/ranking-rows/sequence-0248__proprietary_gpt__os15-s0025__trial-4.json,[]
249,proprietary_gpt,os15-s0025,5,positive,valid,True,False,os15-c000055,"[""os15-c000452"",""os15-c000152"",""os15-c000293"",""os15-c000112"",""os15-c000055""]",5,False,False,0.2,9329,results/owasp-sqli-v15-1-confirmatory-final/owasp-sqli-v15-1-confirmatory-20260823T131208Z/raw/ranking-rows/sequence-0249__proprietary_gpt__os15-s0025__trial-5.json,[]
250,proprietary_gpt,os15-s0026,1,positive,valid,True,False,os15-c000409,"[""os15-c000481"",""os15-c000409"",""os15-c000084"",""os15-c000362"",""os15-c000203""]",2,False,True,0.5,4900,results/owasp-sqli-v15-1-confirmatory-final/owasp-sqli-v15-1-confirmatory-20260823T131208Z/raw/ranking-rows/sequence-0250__proprietary_gpt__os15-s0026__trial-1.json,[]
251,proprietary_gpt,os15-s0026,2,positive,valid,True,False,os15-c000409,"[""os15-c000084"",""os15-c000481"",""os15-c000409"",""os15-c000362"",""os15-c000203""]",3,False,True,0.333333,5370,results/owasp-sqli-v15-1-confirmatory-final/owasp-sqli-v15-1-confirmatory-20260823T131208Z/raw/ranking-rows/sequence-0251__proprietary_gpt__os15-s0026__trial-2.json,[]
252,proprietary_gpt,os15-s0026,3,positive,valid,True,False,os15-c000409,"[""os15-c000084"",""os15-c000409"",""os15-c000481"",""os15-c000362"",""os15-c000203""]",2,False,True,0.5,4291,results/owasp-sqli-v15-1-confirmatory-final/owasp-sqli-v15-1-confirmatory-20260823T131208Z/raw/ranking-rows/sequence-0252__proprietary_gpt__os15-s0026__trial-3.json,[]
253,proprietary_gpt,os15-s0026,4,positive,valid,True,False,os15-c000409,"[""os15-c000481"",""os15-c000409"",""os15-c000084"",""os15-c000203"",""os15-c000362""]",2,False,True,0.5,5512,results/owasp-sqli-v15-1-confirmatory-final/owasp-sqli-v15-1-confirmatory-20260823T131208Z/raw/ranking-rows/sequence-0253__proprietary_gpt__os15-s0026__trial-4.json,[]
254,proprietary_gpt,os15-s0026,5,positive,valid,True,False,os15-c000409,"[""os15-c000084"",""os15-c000481"",""os15-c000409"",""os15-c000203"",""os15-c000362""]",3,False,True,0.333333,5023,results/owasp-sqli-v15-1-confirmatory-final/owasp-sqli-v15-1-confirmatory-20260823T131208Z/raw/ranking-rows/sequence-0254__proprietary_gpt__os15-s0026__trial-5.json,[]
255,proprietary_gpt,os15-s0027,1,positive,valid,True,False,os15-c000267,"[""os15-c000153"",""os15-c000267"",""os15-c000432"",""os15-c000064"",""os15-c000020""]",2,False,True,0.5,4591,results/owasp-sqli-v15-1-confirmatory-final/owasp-sqli-v15-1-confirmatory-20260823T131208Z/raw/ranking-rows/sequence-0255__proprietary_gpt__os15-s0027__trial-1.json,[]
256,proprietary_gpt,os15-s0027,2,positive,valid,True,False,os15-c000267,"[""os15-c000153"",""os15-c000267"",""os15-c000432"",""os15-c000064"",""os15-c000020""]",2,False,True,0.5,5309,results/owasp-sqli-v15-1-confirmatory-final/owasp-sqli-v15-1-confirmatory-20260823T131208Z/raw/ranking-rows/sequence-0256__proprietary_gpt__os15-s0027__trial-2.json,[]
257,proprietary_gpt,os15-s0027,3,positive,valid,True,False,os15-c000267,"[""os15-c000153"",""os15-c000267"",""os15-c000432"",""os15-c000064"",""os15-c000020""]",2,False,True,0.5,5193,results/owasp-sqli-v15-1-confirmatory-final/owasp-sqli-v15-1-confirmatory-20260823T131208Z/raw/ranking-rows/sequence-0257__proprietary_gpt__os15-s0027__trial-3.json,[]
258,proprietary_gpt,os15-s0027,4,positive,valid,True,False,os15-c000267,"[""os15-c000153"",""os15-c000267"",""os15-c000432"",""os15-c000020"",""os15-c000064""]",2,False,True,0.5,6641,results/owasp-sqli-v15-1-confirmatory-final/owasp-sqli-v15-1-confirmatory-20260823T131208Z/raw/ranking-rows/sequence-0258__proprietary_gpt__os15-s0027__trial-4.json,[]
259,proprietary_gpt,os15-s0027,5,positive,valid,True,False,os15-c000267,"[""os15-c000153"",""os15-c000267"",""os15-c000432"",""os15-c000064"",""os15-c000020""]",2,False,True,0.5,3735,results/owasp-sqli-v15-1-confirmatory-final/owasp-sqli-v15-1-confirmatory-20260823T131208Z/raw/ranking-rows/sequence-0259__proprietary_gpt__os15-s0027__trial-5.json,[]
260,proprietary_gpt,os15-s0028,1,positive,valid,True,False,os15-c000184,"[""os15-c000503"",""os15-c000162"",""os15-c000373"",""os15-c000051"",""os15-c000184""]",5,False,False,0.2,3332,results/owasp-sqli-v15-1-confirmatory-final/owasp-sqli-v15-1-confirmatory-20260823T131208Z/raw/ranking-rows/sequence-0260__proprietary_gpt__os15-s0028__trial-1.json,[]
261,proprietary_gpt,os15-s0028,2,positive,valid,True,False,os15-c000184,"[""os15-c000503"",""os15-c000162"",""os15-c000373"",""os15-c000051"",""os15-c000184""]",5,False,False,0.2,3758,results/owasp-sqli-v15-1-confirmatory-final/owasp-sqli-v15-1-confirmatory-20260823T131208Z/raw/ranking-rows/sequence-0261__proprietary_gpt__os15-s0028__trial-2.json,[]
262,proprietary_gpt,os15-s0028,3,positive,valid,True,False,os15-c000184,"[""os15-c000503"",""os15-c000162"",""os15-c000373"",""os15-c000051"",""os15-c000184""]",5,False,False,0.2,4087,results/owasp-sqli-v15-1-confirmatory-final/owasp-sqli-v15-1-confirmatory-20260823T131208Z/raw/ranking-rows/sequence-0262__proprietary_gpt__os15-s0028__trial-3.json,[]
263,proprietary_gpt,os15-s0028,4,positive,valid,True,False,os15-c000184,"[""os15-c000503"",""os15-c000162"",""os15-c000373"",""os15-c000051"",""os15-c000184""]",5,False,False,0.2,3011,results/owasp-sqli-v15-1-confirmatory-final/owasp-sqli-v15-1-confirmatory-20260823T131208Z/raw/ranking-rows/sequence-0263__proprietary_gpt__os15-s0028__trial-4.json,[]
264,proprietary_gpt,os15-s0028,5,positive,valid,True,False,os15-c000184,"[""os15-c000503"",""os15-c000162"",""os15-c000373"",""os15-c000051"",""os15-c000184""]",5,False,False,0.2,3800,results/owasp-sqli-v15-1-confirmatory-final/owasp-sqli-v15-1-confirmatory-20260823T131208Z/raw/ranking-rows/sequence-0264__proprietary_gpt__os15-s0028__trial-5.json,[]
265,proprietary_gpt,os15-s0029,1,positive,valid,True,False,os15-c000066,"[""os15-c000066"",""os15-c000111"",""os15-c000093"",""os15-c000466"",""os15-c000074""]",1,True,True,1.0,4323,results/owasp-sqli-v15-1-confirmatory-final/owasp-sqli-v15-1-confirmatory-20260823T131208Z/raw/ranking-rows/sequence-0265__proprietary_gpt__os15-s0029__trial-1.json,[]
266,proprietary_gpt,os15-s0029,2,positive,valid,True,False,os15-c000066,"[""os15-c000066"",""os15-c000111"",""os15-c000466"",""os15-c000074"",""os15-c000093""]",1,True,True,1.0,4148,results/owasp-sqli-v15-1-confirmatory-final/owasp-sqli-v15-1-confirmatory-20260823T131208Z/raw/ranking-rows/sequence-0266__proprietary_gpt__os15-s0029__trial-2.json,[]
267,proprietary_gpt,os15-s0029,3,positive,valid,True,False,os15-c000066,"[""os15-c000066"",""os15-c000111"",""os15-c000466"",""os15-c000074"",""os15-c000093""]",1,True,True,1.0,6262,results/owasp-sqli-v15-1-confirmatory-final/owasp-sqli-v15-1-confirmatory-20260823T131208Z/raw/ranking-rows/sequence-0267__proprietary_gpt__os15-s0029__trial-3.json,[]
268,proprietary_gpt,os15-s0029,4,positive,valid,True,False,os15-c000066,"[""os15-c000066"",""os15-c000111"",""os15-c000466"",""os15-c000074"",""os15-c000093""]",1,True,True,1.0,5775,results/owasp-sqli-v15-1-confirmatory-final/owasp-sqli-v15-1-confirmatory-20260823T131208Z/raw/ranking-rows/sequence-0268__proprietary_gpt__os15-s0029__trial-4.json,[]
269,proprietary_gpt,os15-s0029,5,positive,valid,True,False,os15-c000066,"[""os15-c000066"",""os15-c000111"",""os15-c000466"",""os15-c000074"",""os15-c000093""]",1,True,True,1.0,4819,results/owasp-sqli-v15-1-confirmatory-final/owasp-sqli-v15-1-confirmatory-20260823T131208Z/raw/ranking-rows/sequence-0269__proprietary_gpt__os15-s0029__trial-5.json,[]
270,proprietary_gpt,os15-s0030,1,positive,valid,True,False,os15-c000477,"[""os15-c000493"",""os15-c000083"",""os15-c000477"",""os15-c000329"",""os15-c000358""]",3,False,True,0.333333,5188,results/owasp-sqli-v15-1-confirmatory-final/owasp-sqli-v15-1-confirmatory-20260823T131208Z/raw/ranking-rows/sequence-0270__proprietary_gpt__os15-s0030__trial-1.json,[]
271,proprietary_gpt,os15-s0030,2,positive,valid,True,False,os15-c000477,"[""os15-c000493"",""os15-c000477"",""os15-c000083"",""os15-c000358"",""os15-c000329""]",2,False,True,0.5,6208,results/owasp-sqli-v15-1-confirmatory-final/owasp-sqli-v15-1-confirmatory-20260823T131208Z/raw/ranking-rows/sequence-0271__proprietary_gpt__os15-s0030__trial-2.json,[]
272,proprietary_gpt,os15-s0030,3,positive,valid,True,False,os15-c000477,"[""os15-c000477"",""os15-c000493"",""os15-c000083"",""os15-c000358"",""os15-c000329""]",1,True,True,1.0,6687,results/owasp-sqli-v15-1-confirmatory-final/owasp-sqli-v15-1-confirmatory-20260823T131208Z/raw/ranking-rows/sequence-0272__proprietary_gpt__os15-s0030__trial-3.json,[]
273,proprietary_gpt,os15-s0030,4,positive,valid,True,False,os15-c000477,"[""os15-c000493"",""os15-c000083"",""os15-c000477"",""os15-c000329"",""os15-c000358""]",3,False,True,0.333333,5538,results/owasp-sqli-v15-1-confirmatory-final/owasp-sqli-v15-1-confirmatory-20260823T131208Z/raw/ranking-rows/sequence-0273__proprietary_gpt__os15-s0030__trial-4.json,[]
274,proprietary_gpt,os15-s0030,5,positive,valid,True,False,os15-c000477,"[""os15-c000477"",""os15-c000493"",""os15-c000083"",""os15-c000358"",""os15-c000329""]",1,True,True,1.0,4350,results/owasp-sqli-v15-1-confirmatory-final/owasp-sqli-v15-1-confirmatory-20260823T131208Z/raw/ranking-rows/sequence-0274__proprietary_gpt__os15-s0030__trial-5.json,[]
275,proprietary_gpt,os15-s0031,1,positive,valid,True,False,os15-c000283,"[""os15-c000223"",""os15-c000410"",""os15-c000283"",""os15-c000087"",""os15-c000372""]",3,False,True,0.333333,4443,results/owasp-sqli-v15-1-confirmatory-final/owasp-sqli-v15-1-confirmatory-20260823T131208Z/raw/ranking-rows/sequence-0275__proprietary_gpt__os15-s0031__trial-1.json,[]
276,proprietary_gpt,os15-s0031,2,positive,valid,True,False,os15-c000283,"[""os15-c000223"",""os15-c000410"",""os15-c000283"",""os15-c000372"",""os15-c000087""]",3,False,True,0.333333,3515,results/owasp-sqli-v15-1-confirmatory-final/owasp-sqli-v15-1-confirmatory-20260823T131208Z/raw/ranking-rows/sequence-0276__proprietary_gpt__os15-s0031__trial-2.json,[]
277,proprietary_gpt,os15-s0031,3,positive,valid,True,False,os15-c000283,"[""os15-c000223"",""os15-c000410"",""os15-c000283"",""os15-c000087"",""os15-c000372""]",3,False,True,0.333333,5549,results/owasp-sqli-v15-1-confirmatory-final/owasp-sqli-v15-1-confirmatory-20260823T131208Z/raw/ranking-rows/sequence-0277__proprietary_gpt__os15-s0031__trial-3.json,[]
278,proprietary_gpt,os15-s0031,4,positive,valid,True,False,os15-c000283,"[""os15-c000223"",""os15-c000410"",""os15-c000283"",""os15-c000087"",""os15-c000372""]",3,False,True,0.333333,4742,results/owasp-sqli-v15-1-confirmatory-final/owasp-sqli-v15-1-confirmatory-20260823T131208Z/raw/ranking-rows/sequence-0278__proprietary_gpt__os15-s0031__trial-4.json,[]
279,proprietary_gpt,os15-s0031,5,positive,valid,True,False,os15-c000283,"[""os15-c000223"",""os15-c000410"",""os15-c000283"",""os15-c000087"",""os15-c000372""]",3,False,True,0.333333,4073,results/owasp-sqli-v15-1-confirmatory-final/owasp-sqli-v15-1-confirmatory-20260823T131208Z/raw/ranking-rows/sequence-0279__proprietary_gpt__os15-s0031__trial-5.json,[]
280,proprietary_gpt,os15-s0032,1,positive,valid,True,False,os15-c000454,"[""os15-c000455"",""os15-c000454"",""os15-c000192"",""os15-c000336"",""os15-c000337""]",2,False,True,0.5,8894,results/owasp-sqli-v15-1-confirmatory-final/owasp-sqli-v15-1-confirmatory-20260823T131208Z/raw/ranking-rows/sequence-0280__proprietary_gpt__os15-s0032__trial-1.json,[]
281,proprietary_gpt,os15-s0032,2,positive,valid,True,False,os15-c000454,"[""os15-c000454"",""os15-c000455"",""os15-c000192"",""os15-c000337"",""os15-c000336""]",1,True,True,1.0,4230,results/owasp-sqli-v15-1-confirmatory-final/owasp-sqli-v15-1-confirmatory-20260823T131208Z/raw/ranking-rows/sequence-0281__proprietary_gpt__os15-s0032__trial-2.json,[]
282,proprietary_gpt,os15-s0032,3,positive,valid,True,False,os15-c000454,"[""os15-c000454"",""os15-c000455"",""os15-c000192"",""os15-c000337"",""os15-c000336""]",1,True,True,1.0,5680,results/owasp-sqli-v15-1-confirmatory-final/owasp-sqli-v15-1-confirmatory-20260823T131208Z/raw/ranking-rows/sequence-0282__proprietary_gpt__os15-s0032__trial-3.json,[]
283,proprietary_gpt,os15-s0032,4,positive,valid,True,False,os15-c000454,"[""os15-c000455"",""os15-c000454"",""os15-c000192"",""os15-c000337"",""os15-c000336""]",2,False,True,0.5,4834,results/owasp-sqli-v15-1-confirmatory-final/owasp-sqli-v15-1-confirmatory-20260823T131208Z/raw/ranking-rows/sequence-0283__proprietary_gpt__os15-s0032__trial-4.json,[]
284,proprietary_gpt,os15-s0032,5,positive,valid,True,False,os15-c000454,"[""os15-c000455"",""os15-c000454"",""os15-c000192"",""os15-c000337"",""os15-c000336""]",2,False,True,0.5,3561,results/owasp-sqli-v15-1-confirmatory-final/owasp-sqli-v15-1-confirmatory-20260823T131208Z/raw/ranking-rows/sequence-0284__proprietary_gpt__os15-s0032__trial-5.json,[]
285,proprietary_gpt,os15-s0033,1,positive,valid,True,False,os15-c000076,"[""os15-c000076"",""os15-c000216"",""os15-c000388"",""os15-c000323"",""os15-c000151""]",1,True,True,1.0,3948,results/owasp-sqli-v15-1-confirmatory-final/owasp-sqli-v15-1-confirmatory-20260823T131208Z/raw/ranking-rows/sequence-0285__proprietary_gpt__os15-s0033__trial-1.json,[]
286,proprietary_gpt,os15-s0033,2,positive,valid,True,False,os15-c000076,"[""os15-c000076"",""os15-c000216"",""os15-c000388"",""os15-c000323"",""os15-c000151""]",1,True,True,1.0,4426,results/owasp-sqli-v15-1-confirmatory-final/owasp-sqli-v15-1-confirmatory-20260823T131208Z/raw/ranking-rows/sequence-0286__proprietary_gpt__os15-s0033__trial-2.json,[]
287,proprietary_gpt,os15-s0033,3,positive,valid,True,False,os15-c000076,"[""os15-c000151"",""os15-c000216"",""os15-c000323"",""os15-c000388"",""os15-c000076""]",5,False,False,0.2,4723,results/owasp-sqli-v15-1-confirmatory-final/owasp-sqli-v15-1-confirmatory-20260823T131208Z/raw/ranking-rows/sequence-0287__proprietary_gpt__os15-s0033__trial-3.json,[]
288,proprietary_gpt,os15-s0033,4,positive,valid,True,False,os15-c000076,"[""os15-c000151"",""os15-c000216"",""os15-c000388"",""os15-c000323"",""os15-c000076""]",5,False,False,0.2,4603,results/owasp-sqli-v15-1-confirmatory-final/owasp-sqli-v15-1-confirmatory-20260823T131208Z/raw/ranking-rows/sequence-0288__proprietary_gpt__os15-s0033__trial-4.json,[]
289,proprietary_gpt,os15-s0033,5,positive,valid,True,False,os15-c000076,"[""os15-c000076"",""os15-c000216"",""os15-c000388"",""os15-c000323"",""os15-c000151""]",1,True,True,1.0,4388,results/owasp-sqli-v15-1-confirmatory-final/owasp-sqli-v15-1-confirmatory-20260823T131208Z/raw/ranking-rows/sequence-0289__proprietary_gpt__os15-s0033__trial-5.json,[]
290,proprietary_gpt,os15-s0034,1,positive,valid,True,False,os15-c000183,"[""os15-c000154"",""os15-c000308"",""os15-c000469"",""os15-c000131"",""os15-c000183""]",5,False,False,0.2,4020,results/owasp-sqli-v15-1-confirmatory-final/owasp-sqli-v15-1-confirmatory-20260823T131208Z/raw/ranking-rows/sequence-0290__proprietary_gpt__os15-s0034__trial-1.json,[]
291,proprietary_gpt,os15-s0034,2,positive,valid,True,False,os15-c000183,"[""os15-c000154"",""os15-c000308"",""os15-c000469"",""os15-c000131"",""os15-c000183""]",5,False,False,0.2,5341,results/owasp-sqli-v15-1-confirmatory-final/owasp-sqli-v15-1-confirmatory-20260823T131208Z/raw/ranking-rows/sequence-0291__proprietary_gpt__os15-s0034__trial-2.json,[]
292,proprietary_gpt,os15-s0034,3,positive,valid,True,False,os15-c000183,"[""os15-c000154"",""os15-c000308"",""os15-c000469"",""os15-c000131"",""os15-c000183""]",5,False,False,0.2,3618,results/owasp-sqli-v15-1-confirmatory-final/owasp-sqli-v15-1-confirmatory-20260823T131208Z/raw/ranking-rows/sequence-0292__proprietary_gpt__os15-s0034__trial-3.json,[]
293,proprietary_gpt,os15-s0034,4,positive,valid,True,False,os15-c000183,"[""os15-c000154"",""os15-c000308"",""os15-c000469"",""os15-c000131"",""os15-c000183""]",5,False,False,0.2,4519,results/owasp-sqli-v15-1-confirmatory-final/owasp-sqli-v15-1-confirmatory-20260823T131208Z/raw/ranking-rows/sequence-0293__proprietary_gpt__os15-s0034__trial-4.json,[]
294,proprietary_gpt,os15-s0034,5,positive,valid,True,False,os15-c000183,"[""os15-c000154"",""os15-c000308"",""os15-c000469"",""os15-c000131"",""os15-c000183""]",5,False,False,0.2,4826,results/owasp-sqli-v15-1-confirmatory-final/owasp-sqli-v15-1-confirmatory-20260823T131208Z/raw/ranking-rows/sequence-0294__proprietary_gpt__os15-s0034__trial-5.json,[]
295,proprietary_gpt,os15-s0035,1,positive,valid,True,False,os15-c000445,"[""os15-c000445"",""os15-c000116"",""os15-c000427"",""os15-c000501"",""os15-c000073""]",1,True,True,1.0,4325,results/owasp-sqli-v15-1-confirmatory-final/owasp-sqli-v15-1-confirmatory-20260823T131208Z/raw/ranking-rows/sequence-0295__proprietary_gpt__os15-s0035__trial-1.json,[]
296,proprietary_gpt,os15-s0035,2,positive,valid,True,False,os15-c000445,"[""os15-c000445"",""os15-c000116"",""os15-c000427"",""os15-c000501"",""os15-c000073""]",1,True,True,1.0,5905,results/owasp-sqli-v15-1-confirmatory-final/owasp-sqli-v15-1-confirmatory-20260823T131208Z/raw/ranking-rows/sequence-0296__proprietary_gpt__os15-s0035__trial-2.json,[]
297,proprietary_gpt,os15-s0035,3,positive,valid,True,False,os15-c000445,"[""os15-c000116"",""os15-c000427"",""os15-c000445"",""os15-c000501"",""os15-c000073""]",3,False,True,0.333333,5035,results/owasp-sqli-v15-1-confirmatory-final/owasp-sqli-v15-1-confirmatory-20260823T131208Z/raw/ranking-rows/sequence-0297__proprietary_gpt__os15-s0035__trial-3.json,[]
298,proprietary_gpt,os15-s0035,4,positive,valid,True,False,os15-c000445,"[""os15-c000445"",""os15-c000116"",""os15-c000427"",""os15-c000501"",""os15-c000073""]",1,True,True,1.0,4856,results/owasp-sqli-v15-1-confirmatory-final/owasp-sqli-v15-1-confirmatory-20260823T131208Z/raw/ranking-rows/sequence-0298__proprietary_gpt__os15-s0035__trial-4.json,[]
299,proprietary_gpt,os15-s0035,5,positive,valid,True,False,os15-c000445,"[""os15-c000445"",""os15-c000116"",""os15-c000501"",""os15-c000427"",""os15-c000073""]",1,True,True,1.0,4772,results/owasp-sqli-v15-1-confirmatory-final/owasp-sqli-v15-1-confirmatory-20260823T131208Z/raw/ranking-rows/sequence-0299__proprietary_gpt__os15-s0035__trial-5.json,[]
300,proprietary_gpt,os15-s0036,1,positive,valid,True,False,os15-c000394,"[""os15-c000394"",""os15-c000492"",""os15-c000103"",""os15-c000243"",""os15-c000331""]",1,True,True,1.0,3648,results/owasp-sqli-v15-1-confirmatory-final/owasp-sqli-v15-1-confirmatory-20260823T131208Z/raw/ranking-rows/sequence-0300__proprietary_gpt__os15-s0036__trial-1.json,[]
301,proprietary_gpt,os15-s0036,2,positive,valid,True,False,os15-c000394,"[""os15-c000394"",""os15-c000492"",""os15-c000103"",""os15-c000243"",""os15-c000331""]",1,True,True,1.0,3477,results/owasp-sqli-v15-1-confirmatory-final/owasp-sqli-v15-1-confirmatory-20260823T131208Z/raw/ranking-rows/sequence-0301__proprietary_gpt__os15-s0036__trial-2.json,[]
302,proprietary_gpt,os15-s0036,3,positive,valid,True,False,os15-c000394,"[""os15-c000394"",""os15-c000492"",""os15-c000103"",""os15-c000243"",""os15-c000331""]",1,True,True,1.0,3821,results/owasp-sqli-v15-1-confirmatory-final/owasp-sqli-v15-1-confirmatory-20260823T131208Z/raw/ranking-rows/sequence-0302__proprietary_gpt__os15-s0036__trial-3.json,[]
303,proprietary_gpt,os15-s0036,4,positive,valid,True,False,os15-c000394,"[""os15-c000394"",""os15-c000492"",""os15-c000103"",""os15-c000243"",""os15-c000331""]",1,True,True,1.0,3680,results/owasp-sqli-v15-1-confirmatory-final/owasp-sqli-v15-1-confirmatory-20260823T131208Z/raw/ranking-rows/sequence-0303__proprietary_gpt__os15-s0036__trial-4.json,[]
304,proprietary_gpt,os15-s0036,5,positive,valid,True,False,os15-c000394,"[""os15-c000394"",""os15-c000492"",""os15-c000103"",""os15-c000243"",""os15-c000331""]",1,True,True,1.0,4463,results/owasp-sqli-v15-1-confirmatory-final/owasp-sqli-v15-1-confirmatory-20260823T131208Z/raw/ranking-rows/sequence-0304__proprietary_gpt__os15-s0036__trial-5.json,[]
305,proprietary_gpt,os15-s0037,1,positive,valid,True,False,os15-c000242,"[""os15-c000305"",""os15-c000384"",""os15-c000261"",""os15-c000242"",""os15-c000067""]",4,False,True,0.25,5268,results/owasp-sqli-v15-1-confirmatory-final/owasp-sqli-v15-1-confirmatory-20260823T131208Z/raw/ranking-rows/sequence-0305__proprietary_gpt__os15-s0037__trial-1.json,[]
306,proprietary_gpt,os15-s0037,2,positive,valid,True,False,os15-c000242,"[""os15-c000384"",""os15-c000261"",""os15-c000305"",""os15-c000242"",""os15-c000067""]",4,False,True,0.25,4433,results/owasp-sqli-v15-1-confirmatory-final/owasp-sqli-v15-1-confirmatory-20260823T131208Z/raw/ranking-rows/sequence-0306__proprietary_gpt__os15-s0037__trial-2.json,[]
307,proprietary_gpt,os15-s0037,3,positive,valid,True,False,os15-c000242,"[""os15-c000384"",""os15-c000305"",""os15-c000261"",""os15-c000242"",""os15-c000067""]",4,False,True,0.25,4557,results/owasp-sqli-v15-1-confirmatory-final/owasp-sqli-v15-1-confirmatory-20260823T131208Z/raw/ranking-rows/sequence-0307__proprietary_gpt__os15-s0037__trial-3.json,[]
308,proprietary_gpt,os15-s0037,4,positive,valid,True,False,os15-c000242,"[""os15-c000384"",""os15-c000261"",""os15-c000305"",""os15-c000242"",""os15-c000067""]",4,False,True,0.25,4543,results/owasp-sqli-v15-1-confirmatory-final/owasp-sqli-v15-1-confirmatory-20260823T131208Z/raw/ranking-rows/sequence-0308__proprietary_gpt__os15-s0037__trial-4.json,[]
309,proprietary_gpt,os15-s0037,5,positive,valid,True,False,os15-c000242,"[""os15-c000384"",""os15-c000305"",""os15-c000261"",""os15-c000242"",""os15-c000067""]",4,False,True,0.25,3523,results/owasp-sqli-v15-1-confirmatory-final/owasp-sqli-v15-1-confirmatory-20260823T131208Z/raw/ranking-rows/sequence-0309__proprietary_gpt__os15-s0037__trial-5.json,[]
310,proprietary_gpt,os15-s0038,1,positive,valid,True,False,os15-c000272,"[""os15-c000396"",""os15-c000272"",""os15-c000110"",""os15-c000408"",""os15-c000464""]",2,False,True,0.5,3716,results/owasp-sqli-v15-1-confirmatory-final/owasp-sqli-v15-1-confirmatory-20260823T131208Z/raw/ranking-rows/sequence-0310__proprietary_gpt__os15-s0038__trial-1.json,[]
311,proprietary_gpt,os15-s0038,2,positive,valid,True,False,os15-c000272,"[""os15-c000272"",""os15-c000110"",""os15-c000408"",""os15-c000464"",""os15-c000396""]",1,True,True,1.0,4312,results/owasp-sqli-v15-1-confirmatory-final/owasp-sqli-v15-1-confirmatory-20260823T131208Z/raw/ranking-rows/sequence-0311__proprietary_gpt__os15-s0038__trial-2.json,[]
312,proprietary_gpt,os15-s0038,3,positive,valid,True,False,os15-c000272,"[""os15-c000110"",""os15-c000408"",""os15-c000464"",""os15-c000272"",""os15-c000396""]",4,False,True,0.25,3693,results/owasp-sqli-v15-1-confirmatory-final/owasp-sqli-v15-1-confirmatory-20260823T131208Z/raw/ranking-rows/sequence-0312__proprietary_gpt__os15-s0038__trial-3.json,[]
313,proprietary_gpt,os15-s0038,4,positive,valid,True,False,os15-c000272,"[""os15-c000110"",""os15-c000408"",""os15-c000464"",""os15-c000272"",""os15-c000396""]",4,False,True,0.25,4532,results/owasp-sqli-v15-1-confirmatory-final/owasp-sqli-v15-1-confirmatory-20260823T131208Z/raw/ranking-rows/sequence-0313__proprietary_gpt__os15-s0038__trial-4.json,[]
314,proprietary_gpt,os15-s0038,5,positive,valid,True,False,os15-c000272,"[""os15-c000110"",""os15-c000408"",""os15-c000464"",""os15-c000272"",""os15-c000396""]",4,False,True,0.25,4664,results/owasp-sqli-v15-1-confirmatory-final/owasp-sqli-v15-1-confirmatory-20260823T131208Z/raw/ranking-rows/sequence-0314__proprietary_gpt__os15-s0038__trial-5.json,[]
315,proprietary_gpt,os15-s0039,1,positive,valid,True,False,os15-c000480,"[""os15-c000485"",""os15-c000480"",""os15-c000163"",""os15-c000392"",""os15-c000195""]",2,False,True,0.5,5148,results/owasp-sqli-v15-1-confirmatory-final/owasp-sqli-v15-1-confirmatory-20260823T131208Z/raw/ranking-rows/sequence-0315__proprietary_gpt__os15-s0039__trial-1.json,[]
316,proprietary_gpt,os15-s0039,2,positive,valid,True,False,os15-c000480,"[""os15-c000485"",""os15-c000480"",""os15-c000163"",""os15-c000392"",""os15-c000195""]",2,False,True,0.5,4663,results/owasp-sqli-v15-1-confirmatory-final/owasp-sqli-v15-1-confirmatory-20260823T131208Z/raw/ranking-rows/sequence-0316__proprietary_gpt__os15-s0039__trial-2.json,[]
317,proprietary_gpt,os15-s0039,3,positive,valid,True,False,os15-c000480,"[""os15-c000485"",""os15-c000480"",""os15-c000163"",""os15-c000392"",""os15-c000195""]",2,False,True,0.5,4488,results/owasp-sqli-v15-1-confirmatory-final/owasp-sqli-v15-1-confirmatory-20260823T131208Z/raw/ranking-rows/sequence-0317__proprietary_gpt__os15-s0039__trial-3.json,[]
318,proprietary_gpt,os15-s0039,4,positive,valid,True,False,os15-c000480,"[""os15-c000485"",""os15-c000480"",""os15-c000163"",""os15-c000392"",""os15-c000195""]",2,False,True,0.5,4568,results/owasp-sqli-v15-1-confirmatory-final/owasp-sqli-v15-1-confirmatory-20260823T131208Z/raw/ranking-rows/sequence-0318__proprietary_gpt__os15-s0039__trial-4.json,[]
319,proprietary_gpt,os15-s0039,5,positive,valid,True,False,os15-c000480,"[""os15-c000163"",""os15-c000485"",""os15-c000480"",""os15-c000392"",""os15-c000195""]",3,False,True,0.333333,3872,results/owasp-sqli-v15-1-confirmatory-final/owasp-sqli-v15-1-confirmatory-20260823T131208Z/raw/ranking-rows/sequence-0319__proprietary_gpt__os15-s0039__trial-5.json,[]
320,proprietary_gpt,os15-s0040,1,positive,valid,True,False,os15-c000234,"[""os15-c000325"",""os15-c000284"",""os15-c000414"",""os15-c000234"",""os15-c000351""]",4,False,True,0.25,4102,results/owasp-sqli-v15-1-confirmatory-final/owasp-sqli-v15-1-confirmatory-20260823T131208Z/raw/ranking-rows/sequence-0320__proprietary_gpt__os15-s0040__trial-1.json,[]
321,proprietary_gpt,os15-s0040,2,positive,valid,True,False,os15-c000234,"[""os15-c000325"",""os15-c000284"",""os15-c000414"",""os15-c000234"",""os15-c000351""]",4,False,True,0.25,4566,results/owasp-sqli-v15-1-confirmatory-final/owasp-sqli-v15-1-confirmatory-20260823T131208Z/raw/ranking-rows/sequence-0321__proprietary_gpt__os15-s0040__trial-2.json,[]
322,proprietary_gpt,os15-s0040,3,positive,valid,True,False,os15-c000234,"[""os15-c000325"",""os15-c000284"",""os15-c000414"",""os15-c000234"",""os15-c000351""]",4,False,True,0.25,4117,results/owasp-sqli-v15-1-confirmatory-final/owasp-sqli-v15-1-confirmatory-20260823T131208Z/raw/ranking-rows/sequence-0322__proprietary_gpt__os15-s0040__trial-3.json,[]
323,proprietary_gpt,os15-s0040,4,positive,valid,True,False,os15-c000234,"[""os15-c000325"",""os15-c000284"",""os15-c000234"",""os15-c000414"",""os15-c000351""]",3,False,True,0.333333,6194,results/owasp-sqli-v15-1-confirmatory-final/owasp-sqli-v15-1-confirmatory-20260823T131208Z/raw/ranking-rows/sequence-0323__proprietary_gpt__os15-s0040__trial-4.json,[]
324,proprietary_gpt,os15-s0040,5,positive,valid,True,False,os15-c000234,"[""os15-c000325"",""os15-c000284"",""os15-c000234"",""os15-c000414"",""os15-c000351""]",3,False,True,0.333333,4841,results/owasp-sqli-v15-1-confirmatory-final/owasp-sqli-v15-1-confirmatory-20260823T131208Z/raw/ranking-rows/sequence-0324__proprietary_gpt__os15-s0040__trial-5.json,[]
325,proprietary_gpt,os15-s0041,1,positive,valid,True,False,os15-c000356,"[""os15-c000450"",""os15-c000135"",""os15-c000122"",""os15-c000356"",""os15-c000210""]",4,False,True,0.25,3231,results/owasp-sqli-v15-1-confirmatory-final/owasp-sqli-v15-1-confirmatory-20260823T131208Z/raw/ranking-rows/sequence-0325__proprietary_gpt__os15-s0041__trial-1.json,[]
326,proprietary_gpt,os15-s0041,2,positive,valid,True,False,os15-c000356,"[""os15-c000450"",""os15-c000135"",""os15-c000122"",""os15-c000356"",""os15-c000210""]",4,False,True,0.25,5320,results/owasp-sqli-v15-1-confirmatory-final/owasp-sqli-v15-1-confirmatory-20260823T131208Z/raw/ranking-rows/sequence-0326__proprietary_gpt__os15-s0041__trial-2.json,[]
327,proprietary_gpt,os15-s0041,3,positive,valid,True,False,os15-c000356,"[""os15-c000450"",""os15-c000135"",""os15-c000122"",""os15-c000356"",""os15-c000210""]",4,False,True,0.25,3974,results/owasp-sqli-v15-1-confirmatory-final/owasp-sqli-v15-1-confirmatory-20260823T131208Z/raw/ranking-rows/sequence-0327__proprietary_gpt__os15-s0041__trial-3.json,[]
328,proprietary_gpt,os15-s0041,4,positive,valid,True,False,os15-c000356,"[""os15-c000450"",""os15-c000135"",""os15-c000122"",""os15-c000356"",""os15-c000210""]",4,False,True,0.25,3572,results/owasp-sqli-v15-1-confirmatory-final/owasp-sqli-v15-1-confirmatory-20260823T131208Z/raw/ranking-rows/sequence-0328__proprietary_gpt__os15-s0041__trial-4.json,[]
329,proprietary_gpt,os15-s0041,5,positive,valid,True,False,os15-c000356,"[""os15-c000450"",""os15-c000135"",""os15-c000122"",""os15-c000210"",""os15-c000356""]",5,False,False,0.2,4442,results/owasp-sqli-v15-1-confirmatory-final/owasp-sqli-v15-1-confirmatory-20260823T131208Z/raw/ranking-rows/sequence-0329__proprietary_gpt__os15-s0041__trial-5.json,[]
330,proprietary_gpt,os15-s0042,1,positive,valid,True,False,os15-c000354,"[""os15-c000426"",""os15-c000220"",""os15-c000321"",""os15-c000311"",""os15-c000354""]",5,False,False,0.2,4177,results/owasp-sqli-v15-1-confirmatory-final/owasp-sqli-v15-1-confirmatory-20260823T131208Z/raw/ranking-rows/sequence-0330__proprietary_gpt__os15-s0042__trial-1.json,[]
331,proprietary_gpt,os15-s0042,2,positive,valid,True,False,os15-c000354,"[""os15-c000426"",""os15-c000220"",""os15-c000311"",""os15-c000321"",""os15-c000354""]",5,False,False,0.2,4809,results/owasp-sqli-v15-1-confirmatory-final/owasp-sqli-v15-1-confirmatory-20260823T131208Z/raw/ranking-rows/sequence-0331__proprietary_gpt__os15-s0042__trial-2.json,[]
332,proprietary_gpt,os15-s0042,3,positive,valid,True,False,os15-c000354,"[""os15-c000426"",""os15-c000220"",""os15-c000321"",""os15-c000311"",""os15-c000354""]",5,False,False,0.2,4591,results/owasp-sqli-v15-1-confirmatory-final/owasp-sqli-v15-1-confirmatory-20260823T131208Z/raw/ranking-rows/sequence-0332__proprietary_gpt__os15-s0042__trial-3.json,[]
333,proprietary_gpt,os15-s0042,4,positive,valid,True,False,os15-c000354,"[""os15-c000426"",""os15-c000220"",""os15-c000311"",""os15-c000321"",""os15-c000354""]",5,False,False,0.2,4265,results/owasp-sqli-v15-1-confirmatory-final/owasp-sqli-v15-1-confirmatory-20260823T131208Z/raw/ranking-rows/sequence-0333__proprietary_gpt__os15-s0042__trial-4.json,[]
334,proprietary_gpt,os15-s0042,5,positive,valid,True,False,os15-c000354,"[""os15-c000220"",""os15-c000321"",""os15-c000311"",""os15-c000426"",""os15-c000354""]",5,False,False,0.2,4552,results/owasp-sqli-v15-1-confirmatory-final/owasp-sqli-v15-1-confirmatory-20260823T131208Z/raw/ranking-rows/sequence-0334__proprietary_gpt__os15-s0042__trial-5.json,[]
335,proprietary_gpt,os15-s0043,1,positive,valid,True,False,os15-c000016,"[""os15-c000470"",""os15-c000491"",""os15-c000312"",""os15-c000063"",""os15-c000016""]",5,False,False,0.2,4804,results/owasp-sqli-v15-1-confirmatory-final/owasp-sqli-v15-1-confirmatory-20260823T131208Z/raw/ranking-rows/sequence-0335__proprietary_gpt__os15-s0043__trial-1.json,[]
336,proprietary_gpt,os15-s0043,2,positive,valid,True,False,os15-c000016,"[""os15-c000470"",""os15-c000491"",""os15-c000312"",""os15-c000063"",""os15-c000016""]",5,False,False,0.2,6211,results/owasp-sqli-v15-1-confirmatory-final/owasp-sqli-v15-1-confirmatory-20260823T131208Z/raw/ranking-rows/sequence-0336__proprietary_gpt__os15-s0043__trial-2.json,[]
337,proprietary_gpt,os15-s0043,3,positive,valid,True,False,os15-c000016,"[""os15-c000470"",""os15-c000491"",""os15-c000312"",""os15-c000016"",""os15-c000063""]",4,False,True,0.25,3631,results/owasp-sqli-v15-1-confirmatory-final/owasp-sqli-v15-1-confirmatory-20260823T131208Z/raw/ranking-rows/sequence-0337__proprietary_gpt__os15-s0043__trial-3.json,[]
338,proprietary_gpt,os15-s0043,4,positive,valid,True,False,os15-c000016,"[""os15-c000470"",""os15-c000491"",""os15-c000312"",""os15-c000063"",""os15-c000016""]",5,False,False,0.2,8195,results/owasp-sqli-v15-1-confirmatory-final/owasp-sqli-v15-1-confirmatory-20260823T131208Z/raw/ranking-rows/sequence-0338__proprietary_gpt__os15-s0043__trial-4.json,[]
339,proprietary_gpt,os15-s0043,5,positive,valid,True,False,os15-c000016,"[""os15-c000470"",""os15-c000491"",""os15-c000312"",""os15-c000063"",""os15-c000016""]",5,False,False,0.2,5311,results/owasp-sqli-v15-1-confirmatory-final/owasp-sqli-v15-1-confirmatory-20260823T131208Z/raw/ranking-rows/sequence-0339__proprietary_gpt__os15-s0043__trial-5.json,[]
340,proprietary_gpt,os15-s0044,1,positive,valid,True,False,os15-c000024,"[""os15-c000150"",""os15-c000295"",""os15-c000324"",""os15-c000024"",""os15-c000364""]",4,False,True,0.25,6605,results/owasp-sqli-v15-1-confirmatory-final/owasp-sqli-v15-1-confirmatory-20260823T131208Z/raw/ranking-rows/sequence-0340__proprietary_gpt__os15-s0044__trial-1.json,[]
341,proprietary_gpt,os15-s0044,2,positive,valid,True,False,os15-c000024,"[""os15-c000150"",""os15-c000024"",""os15-c000364"",""os15-c000295"",""os15-c000324""]",2,False,True,0.5,7383,results/owasp-sqli-v15-1-confirmatory-final/owasp-sqli-v15-1-confirmatory-20260823T131208Z/raw/ranking-rows/sequence-0341__proprietary_gpt__os15-s0044__trial-2.json,[]
342,proprietary_gpt,os15-s0044,3,positive,valid,True,False,os15-c000024,"[""os15-c000150"",""os15-c000295"",""os15-c000324"",""os15-c000364"",""os15-c000024""]",5,False,False,0.2,5767,results/owasp-sqli-v15-1-confirmatory-final/owasp-sqli-v15-1-confirmatory-20260823T131208Z/raw/ranking-rows/sequence-0342__proprietary_gpt__os15-s0044__trial-3.json,[]
343,proprietary_gpt,os15-s0044,4,positive,valid,True,False,os15-c000024,"[""os15-c000150"",""os15-c000295"",""os15-c000324"",""os15-c000364"",""os15-c000024""]",5,False,False,0.2,6539,results/owasp-sqli-v15-1-confirmatory-final/owasp-sqli-v15-1-confirmatory-20260823T131208Z/raw/ranking-rows/sequence-0343__proprietary_gpt__os15-s0044__trial-4.json,[]
344,proprietary_gpt,os15-s0044,5,positive,valid,True,False,os15-c000024,"[""os15-c000150"",""os15-c000295"",""os15-c000324"",""os15-c000024"",""os15-c000364""]",4,False,True,0.25,5798,results/owasp-sqli-v15-1-confirmatory-final/owasp-sqli-v15-1-confirmatory-20260823T131208Z/raw/ranking-rows/sequence-0344__proprietary_gpt__os15-s0044__trial-5.json,[]
345,proprietary_gpt,os15-s0045,1,positive,valid,True,False,os15-c000387,"[""os15-c000218"",""os15-c000387"",""os15-c000025"",""os15-c000367"",""os15-c000343""]",2,False,True,0.5,5093,results/owasp-sqli-v15-1-confirmatory-final/owasp-sqli-v15-1-confirmatory-20260823T131208Z/raw/ranking-rows/sequence-0345__proprietary_gpt__os15-s0045__trial-1.json,[]
346,proprietary_gpt,os15-s0045,2,positive,valid,True,False,os15-c000387,"[""os15-c000218"",""os15-c000387"",""os15-c000025"",""os15-c000367"",""os15-c000343""]",2,False,True,0.5,4407,results/owasp-sqli-v15-1-confirmatory-final/owasp-sqli-v15-1-confirmatory-20260823T131208Z/raw/ranking-rows/sequence-0346__proprietary_gpt__os15-s0045__trial-2.json,[]
347,proprietary_gpt,os15-s0045,3,positive,valid,True,False,os15-c000387,"[""os15-c000218"",""os15-c000387"",""os15-c000025"",""os15-c000367"",""os15-c000343""]",2,False,True,0.5,4211,results/owasp-sqli-v15-1-confirmatory-final/owasp-sqli-v15-1-confirmatory-20260823T131208Z/raw/ranking-rows/sequence-0347__proprietary_gpt__os15-s0045__trial-3.json,[]
348,proprietary_gpt,os15-s0045,4,positive,valid,True,False,os15-c000387,"[""os15-c000218"",""os15-c000387"",""os15-c000025"",""os15-c000367"",""os15-c000343""]",2,False,True,0.5,4567,results/owasp-sqli-v15-1-confirmatory-final/owasp-sqli-v15-1-confirmatory-20260823T131208Z/raw/ranking-rows/sequence-0348__proprietary_gpt__os15-s0045__trial-4.json,[]
349,proprietary_gpt,os15-s0045,5,positive,valid,True,False,os15-c000387,"[""os15-c000218"",""os15-c000387"",""os15-c000025"",""os15-c000367"",""os15-c000343""]",2,False,True,0.5,4002,results/owasp-sqli-v15-1-confirmatory-final/owasp-sqli-v15-1-confirmatory-20260823T131208Z/raw/ranking-rows/sequence-0349__proprietary_gpt__os15-s0045__trial-5.json,[]
350,proprietary_gpt,os15-s0046,1,positive,valid,True,False,os15-c000304,"[""os15-c000502"",""os15-c000304"",""os15-c000171"",""os15-c000209"",""os15-c000366""]",2,False,True,0.5,7687,results/owasp-sqli-v15-1-confirmatory-final/owasp-sqli-v15-1-confirmatory-20260823T131208Z/raw/ranking-rows/sequence-0350__proprietary_gpt__os15-s0046__trial-1.json,[]
351,proprietary_gpt,os15-s0046,2,positive,valid,True,False,os15-c000304,"[""os15-c000502"",""os15-c000304"",""os15-c000171"",""os15-c000209"",""os15-c000366""]",2,False,True,0.5,3769,results/owasp-sqli-v15-1-confirmatory-final/owasp-sqli-v15-1-confirmatory-20260823T131208Z/raw/ranking-rows/sequence-0351__proprietary_gpt__os15-s0046__trial-2.json,[]
352,proprietary_gpt,os15-s0046,3,positive,valid,True,False,os15-c000304,"[""os15-c000304"",""os15-c000502"",""os15-c000171"",""os15-c000209"",""os15-c000366""]",1,True,True,1.0,5282,results/owasp-sqli-v15-1-confirmatory-final/owasp-sqli-v15-1-confirmatory-20260823T131208Z/raw/ranking-rows/sequence-0352__proprietary_gpt__os15-s0046__trial-3.json,[]
353,proprietary_gpt,os15-s0046,4,positive,valid,True,False,os15-c000304,"[""os15-c000304"",""os15-c000502"",""os15-c000171"",""os15-c000209"",""os15-c000366""]",1,True,True,1.0,3963,results/owasp-sqli-v15-1-confirmatory-final/owasp-sqli-v15-1-confirmatory-20260823T131208Z/raw/ranking-rows/sequence-0353__proprietary_gpt__os15-s0046__trial-4.json,[]
354,proprietary_gpt,os15-s0046,5,positive,valid,True,False,os15-c000304,"[""os15-c000304"",""os15-c000502"",""os15-c000171"",""os15-c000209"",""os15-c000366""]",1,True,True,1.0,5912,results/owasp-sqli-v15-1-confirmatory-final/owasp-sqli-v15-1-confirmatory-20260823T131208Z/raw/ranking-rows/sequence-0354__proprietary_gpt__os15-s0046__trial-5.json,[]
355,proprietary_gpt,os15-s0047,1,positive,valid,True,False,os15-c000147,"[""os15-c000147"",""os15-c000428"",""os15-c000207"",""os15-c000054"",""os15-c000052""]",1,True,True,1.0,3923,results/owasp-sqli-v15-1-confirmatory-final/owasp-sqli-v15-1-confirmatory-20260823T131208Z/raw/ranking-rows/sequence-0355__proprietary_gpt__os15-s0047__trial-1.json,[]
356,proprietary_gpt,os15-s0047,2,positive,valid,True,False,os15-c000147,"[""os15-c000147"",""os15-c000428"",""os15-c000207"",""os15-c000054"",""os15-c000052""]",1,True,True,1.0,5241,results/owasp-sqli-v15-1-confirmatory-final/owasp-sqli-v15-1-confirmatory-20260823T131208Z/raw/ranking-rows/sequence-0356__proprietary_gpt__os15-s0047__trial-2.json,[]
357,proprietary_gpt,os15-s0047,3,positive,valid,True,False,os15-c000147,"[""os15-c000147"",""os15-c000428"",""os15-c000207"",""os15-c000054"",""os15-c000052""]",1,True,True,1.0,4843,results/owasp-sqli-v15-1-confirmatory-final/owasp-sqli-v15-1-confirmatory-20260823T131208Z/raw/ranking-rows/sequence-0357__proprietary_gpt__os15-s0047__trial-3.json,[]
358,proprietary_gpt,os15-s0047,4,positive,valid,True,False,os15-c000147,"[""os15-c000147"",""os15-c000428"",""os15-c000207"",""os15-c000054"",""os15-c000052""]",1,True,True,1.0,4909,results/owasp-sqli-v15-1-confirmatory-final/owasp-sqli-v15-1-confirmatory-20260823T131208Z/raw/ranking-rows/sequence-0358__proprietary_gpt__os15-s0047__trial-4.json,[]
359,proprietary_gpt,os15-s0047,5,positive,valid,True,False,os15-c000147,"[""os15-c000147"",""os15-c000428"",""os15-c000207"",""os15-c000054"",""os15-c000052""]",1,True,True,1.0,4720,results/owasp-sqli-v15-1-confirmatory-final/owasp-sqli-v15-1-confirmatory-20260823T131208Z/raw/ranking-rows/sequence-0359__proprietary_gpt__os15-s0047__trial-5.json,[]
360,proprietary_gpt,os15-s0048,1,positive,valid,True,False,os15-c000021,"[""os15-c000236"",""os15-c000293"",""os15-c000053"",""os15-c000330"",""os15-c000021""]",5,False,False,0.2,5589,results/owasp-sqli-v15-1-confirmatory-final/owasp-sqli-v15-1-confirmatory-20260823T131208Z/raw/ranking-rows/sequence-0360__proprietary_gpt__os15-s0048__trial-1.json,[]
361,proprietary_gpt,os15-s0048,2,positive,valid,True,False,os15-c000021,"[""os15-c000236"",""os15-c000293"",""os15-c000330"",""os15-c000021"",""os15-c000053""]",4,False,True,0.25,18868,results/owasp-sqli-v15-1-confirmatory-final/owasp-sqli-v15-1-confirmatory-20260823T131208Z/raw/ranking-rows/sequence-0361__proprietary_gpt__os15-s0048__trial-2.json,[]
362,proprietary_gpt,os15-s0048,3,positive,valid,True,False,os15-c000021,"[""os15-c000293"",""os15-c000236"",""os15-c000330"",""os15-c000021"",""os15-c000053""]",4,False,True,0.25,4254,results/owasp-sqli-v15-1-confirmatory-final/owasp-sqli-v15-1-confirmatory-20260823T131208Z/raw/ranking-rows/sequence-0362__proprietary_gpt__os15-s0048__trial-3.json,[]
363,proprietary_gpt,os15-s0048,4,positive,valid,True,False,os15-c000021,"[""os15-c000236"",""os15-c000293"",""os15-c000053"",""os15-c000330"",""os15-c000021""]",5,False,False,0.2,4742,results/owasp-sqli-v15-1-confirmatory-final/owasp-sqli-v15-1-confirmatory-20260823T131208Z/raw/ranking-rows/sequence-0363__proprietary_gpt__os15-s0048__trial-4.json,[]
364,proprietary_gpt,os15-s0048,5,positive,valid,True,False,os15-c000021,"[""os15-c000236"",""os15-c000293"",""os15-c000330"",""os15-c000021"",""os15-c000053""]",4,False,True,0.25,4596,results/owasp-sqli-v15-1-confirmatory-final/owasp-sqli-v15-1-confirmatory-20260823T131208Z/raw/ranking-rows/sequence-0364__proprietary_gpt__os15-s0048__trial-5.json,[]
365,proprietary_gpt,os15-s0049,1,positive,valid,True,False,os15-c000274,"[""os15-c000112"",""os15-c000152"",""os15-c000452"",""os15-c000274"",""os15-c000362""]",4,False,True,0.25,4249,results/owasp-sqli-v15-1-confirmatory-final/owasp-sqli-v15-1-confirmatory-20260823T131208Z/raw/ranking-rows/sequence-0365__proprietary_gpt__os15-s0049__trial-1.json,[]
366,proprietary_gpt,os15-s0049,2,positive,valid,True,False,os15-c000274,"[""os15-c000112"",""os15-c000152"",""os15-c000452"",""os15-c000274"",""os15-c000362""]",4,False,True,0.25,3983,results/owasp-sqli-v15-1-confirmatory-final/owasp-sqli-v15-1-confirmatory-20260823T131208Z/raw/ranking-rows/sequence-0366__proprietary_gpt__os15-s0049__trial-2.json,[]
367,proprietary_gpt,os15-s0049,3,positive,valid,True,False,os15-c000274,"[""os15-c000112"",""os15-c000152"",""os15-c000452"",""os15-c000274"",""os15-c000362""]",4,False,True,0.25,4499,results/owasp-sqli-v15-1-confirmatory-final/owasp-sqli-v15-1-confirmatory-20260823T131208Z/raw/ranking-rows/sequence-0367__proprietary_gpt__os15-s0049__trial-3.json,[]
368,proprietary_gpt,os15-s0049,4,positive,valid,True,False,os15-c000274,"[""os15-c000112"",""os15-c000152"",""os15-c000452"",""os15-c000274"",""os15-c000362""]",4,False,True,0.25,3398,results/owasp-sqli-v15-1-confirmatory-final/owasp-sqli-v15-1-confirmatory-20260823T131208Z/raw/ranking-rows/sequence-0368__proprietary_gpt__os15-s0049__trial-4.json,[]
369,proprietary_gpt,os15-s0049,5,positive,valid,True,False,os15-c000274,"[""os15-c000112"",""os15-c000152"",""os15-c000452"",""os15-c000274"",""os15-c000362""]",4,False,True,0.25,4676,results/owasp-sqli-v15-1-confirmatory-final/owasp-sqli-v15-1-confirmatory-20260823T131208Z/raw/ranking-rows/sequence-0369__proprietary_gpt__os15-s0049__trial-5.json,[]
370,proprietary_gpt,os15-s0050,1,positive,valid,True,False,os15-c000094,"[""os15-c000084"",""os15-c000481"",""os15-c000094"",""os15-c000432"",""os15-c000203""]",3,False,True,0.333333,6832,results/owasp-sqli-v15-1-confirmatory-final/owasp-sqli-v15-1-confirmatory-20260823T131208Z/raw/ranking-rows/sequence-0370__proprietary_gpt__os15-s0050__trial-1.json,[]
371,proprietary_gpt,os15-s0050,2,positive,valid,True,False,os15-c000094,"[""os15-c000084"",""os15-c000481"",""os15-c000094"",""os15-c000432"",""os15-c000203""]",3,False,True,0.333333,4465,results/owasp-sqli-v15-1-confirmatory-final/owasp-sqli-v15-1-confirmatory-20260823T131208Z/raw/ranking-rows/sequence-0371__proprietary_gpt__os15-s0050__trial-2.json,[]
372,proprietary_gpt,os15-s0050,3,positive,valid,True,False,os15-c000094,"[""os15-c000084"",""os15-c000094"",""os15-c000481"",""os15-c000432"",""os15-c000203""]",2,False,True,0.5,4913,results/owasp-sqli-v15-1-confirmatory-final/owasp-sqli-v15-1-confirmatory-20260823T131208Z/raw/ranking-rows/sequence-0372__proprietary_gpt__os15-s0050__trial-3.json,[]
373,proprietary_gpt,os15-s0050,4,positive,valid,True,False,os15-c000094,"[""os15-c000084"",""os15-c000481"",""os15-c000094"",""os15-c000432"",""os15-c000203""]",3,False,True,0.333333,5652,results/owasp-sqli-v15-1-confirmatory-final/owasp-sqli-v15-1-confirmatory-20260823T131208Z/raw/ranking-rows/sequence-0373__proprietary_gpt__os15-s0050__trial-4.json,[]
374,proprietary_gpt,os15-s0050,5,positive,valid,True,False,os15-c000094,"[""os15-c000084"",""os15-c000094"",""os15-c000481"",""os15-c000432"",""os15-c000203""]",2,False,True,0.5,4584,results/owasp-sqli-v15-1-confirmatory-final/owasp-sqli-v15-1-confirmatory-20260823T131208Z/raw/ranking-rows/sequence-0374__proprietary_gpt__os15-s0050__trial-5.json,[]
375,proprietary_gpt,os15-s0051,1,positive,valid,True,False,os15-c000008,"[""os15-c000503"",""os15-c000008"",""os15-c000153"",""os15-c000020"",""os15-c000064""]",2,False,True,0.5,5288,results/owasp-sqli-v15-1-confirmatory-final/owasp-sqli-v15-1-confirmatory-20260823T131208Z/raw/ranking-rows/sequence-0375__proprietary_gpt__os15-s0051__trial-1.json,[]
376,proprietary_gpt,os15-s0051,2,positive,valid,True,False,os15-c000008,"[""os15-c000503"",""os15-c000008"",""os15-c000153"",""os15-c000064"",""os15-c000020""]",2,False,True,0.5,3989,results/owasp-sqli-v15-1-confirmatory-final/owasp-sqli-v15-1-confirmatory-20260823T131208Z/raw/ranking-rows/sequence-0376__proprietary_gpt__os15-s0051__trial-2.json,[]
377,proprietary_gpt,os15-s0051,3,positive,valid,True,False,os15-c000008,"[""os15-c000153"",""os15-c000503"",""os15-c000008"",""os15-c000020"",""os15-c000064""]",3,False,True,0.333333,4566,results/owasp-sqli-v15-1-confirmatory-final/owasp-sqli-v15-1-confirmatory-20260823T131208Z/raw/ranking-rows/sequence-0377__proprietary_gpt__os15-s0051__trial-3.json,[]
378,proprietary_gpt,os15-s0051,4,positive,valid,True,False,os15-c000008,"[""os15-c000503"",""os15-c000008"",""os15-c000153"",""os15-c000064"",""os15-c000020""]",2,False,True,0.5,4649,results/owasp-sqli-v15-1-confirmatory-final/owasp-sqli-v15-1-confirmatory-20260823T131208Z/raw/ranking-rows/sequence-0378__proprietary_gpt__os15-s0051__trial-4.json,[]
379,proprietary_gpt,os15-s0051,5,positive,valid,True,False,os15-c000008,"[""os15-c000153"",""os15-c000503"",""os15-c000008"",""os15-c000020"",""os15-c000064""]",3,False,True,0.333333,4074,results/owasp-sqli-v15-1-confirmatory-final/owasp-sqli-v15-1-confirmatory-20260823T131208Z/raw/ranking-rows/sequence-0379__proprietary_gpt__os15-s0051__trial-5.json,[]
380,proprietary_gpt,os15-s0052,1,positive,valid,True,False,os15-c000371,"[""os15-c000373"",""os15-c000162"",""os15-c000111"",""os15-c000371"",""os15-c000051""]",4,False,True,0.25,4645,results/owasp-sqli-v15-1-confirmatory-final/owasp-sqli-v15-1-confirmatory-20260823T131208Z/raw/ranking-rows/sequence-0380__proprietary_gpt__os15-s0052__trial-1.json,[]
381,proprietary_gpt,os15-s0052,2,positive,valid,True,False,os15-c000371,"[""os15-c000373"",""os15-c000162"",""os15-c000111"",""os15-c000371"",""os15-c000051""]",4,False,True,0.25,4767,results/owasp-sqli-v15-1-confirmatory-final/owasp-sqli-v15-1-confirmatory-20260823T131208Z/raw/ranking-rows/sequence-0381__proprietary_gpt__os15-s0052__trial-2.json,[]
382,proprietary_gpt,os15-s0052,3,positive,valid,True,False,os15-c000371,"[""os15-c000373"",""os15-c000162"",""os15-c000111"",""os15-c000371"",""os15-c000051""]",4,False,True,0.25,4599,results/owasp-sqli-v15-1-confirmatory-final/owasp-sqli-v15-1-confirmatory-20260823T131208Z/raw/ranking-rows/sequence-0382__proprietary_gpt__os15-s0052__trial-3.json,[]
383,proprietary_gpt,os15-s0052,4,positive,valid,True,False,os15-c000371,"[""os15-c000373"",""os15-c000111"",""os15-c000162"",""os15-c000371"",""os15-c000051""]",4,False,True,0.25,4483,results/owasp-sqli-v15-1-confirmatory-final/owasp-sqli-v15-1-confirmatory-20260823T131208Z/raw/ranking-rows/sequence-0383__proprietary_gpt__os15-s0052__trial-4.json,[]
384,proprietary_gpt,os15-s0052,5,positive,valid,True,False,os15-c000371,"[""os15-c000373"",""os15-c000162"",""os15-c000111"",""os15-c000371"",""os15-c000051""]",4,False,True,0.25,4139,results/owasp-sqli-v15-1-confirmatory-final/owasp-sqli-v15-1-confirmatory-20260823T131208Z/raw/ranking-rows/sequence-0384__proprietary_gpt__os15-s0052__trial-5.json,[]
385,proprietary_gpt,os15-s0053,1,positive,valid,True,False,os15-c000145,"[""os15-c000466"",""os15-c000074"",""os15-c000145"",""os15-c000093"",""os15-c000358""]",3,False,True,0.333333,3642,results/owasp-sqli-v15-1-confirmatory-final/owasp-sqli-v15-1-confirmatory-20260823T131208Z/raw/ranking-rows/sequence-0385__proprietary_gpt__os15-s0053__trial-1.json,[]
386,proprietary_gpt,os15-s0053,2,positive,valid,True,False,os15-c000145,"[""os15-c000466"",""os15-c000074"",""os15-c000145"",""os15-c000093"",""os15-c000358""]",3,False,True,0.333333,3663,results/owasp-sqli-v15-1-confirmatory-final/owasp-sqli-v15-1-confirmatory-20260823T131208Z/raw/ranking-rows/sequence-0386__proprietary_gpt__os15-s0053__trial-2.json,[]
387,proprietary_gpt,os15-s0053,3,positive,valid,True,False,os15-c000145,"[""os15-c000466"",""os15-c000074"",""os15-c000145"",""os15-c000093"",""os15-c000358""]",3,False,True,0.333333,17709,results/owasp-sqli-v15-1-confirmatory-final/owasp-sqli-v15-1-confirmatory-20260823T131208Z/raw/ranking-rows/sequence-0387__proprietary_gpt__os15-s0053__trial-3.json,[]
388,proprietary_gpt,os15-s0053,4,positive,valid,True,False,os15-c000145,"[""os15-c000466"",""os15-c000074"",""os15-c000145"",""os15-c000093"",""os15-c000358""]",3,False,True,0.333333,4115,results/owasp-sqli-v15-1-confirmatory-final/owasp-sqli-v15-1-confirmatory-20260823T131208Z/raw/ranking-rows/sequence-0388__proprietary_gpt__os15-s0053__trial-4.json,[]
389,proprietary_gpt,os15-s0053,5,positive,valid,True,False,os15-c000145,"[""os15-c000466"",""os15-c000074"",""os15-c000145"",""os15-c000093"",""os15-c000358""]",3,False,True,0.333333,3959,results/owasp-sqli-v15-1-confirmatory-final/owasp-sqli-v15-1-confirmatory-20260823T131208Z/raw/ranking-rows/sequence-0389__proprietary_gpt__os15-s0053__trial-5.json,[]
390,proprietary_gpt,os15-s0054,1,positive,valid,True,False,os15-c000003,"[""os15-c000493"",""os15-c000083"",""os15-c000372"",""os15-c000003"",""os15-c000329""]",4,False,True,0.25,3751,results/owasp-sqli-v15-1-confirmatory-final/owasp-sqli-v15-1-confirmatory-20260823T131208Z/raw/ranking-rows/sequence-0390__proprietary_gpt__os15-s0054__trial-1.json,[]
391,proprietary_gpt,os15-s0054,2,positive,valid,True,False,os15-c000003,"[""os15-c000493"",""os15-c000083"",""os15-c000372"",""os15-c000003"",""os15-c000329""]",4,False,True,0.25,3925,results/owasp-sqli-v15-1-confirmatory-final/owasp-sqli-v15-1-confirmatory-20260823T131208Z/raw/ranking-rows/sequence-0391__proprietary_gpt__os15-s0054__trial-2.json,[]
392,proprietary_gpt,os15-s0054,3,positive,valid,True,False,os15-c000003,"[""os15-c000493"",""os15-c000083"",""os15-c000372"",""os15-c000003"",""os15-c000329""]",4,False,True,0.25,4375,results/owasp-sqli-v15-1-confirmatory-final/owasp-sqli-v15-1-confirmatory-20260823T131208Z/raw/ranking-rows/sequence-0392__proprietary_gpt__os15-s0054__trial-3.json,[]
393,proprietary_gpt,os15-s0054,4,positive,valid,True,False,os15-c000003,"[""os15-c000493"",""os15-c000083"",""os15-c000372"",""os15-c000003"",""os15-c000329""]",4,False,True,0.25,3774,results/owasp-sqli-v15-1-confirmatory-final/owasp-sqli-v15-1-confirmatory-20260823T131208Z/raw/ranking-rows/sequence-0393__proprietary_gpt__os15-s0054__trial-4.json,[]
394,proprietary_gpt,os15-s0054,5,positive,valid,True,False,os15-c000003,"[""os15-c000493"",""os15-c000083"",""os15-c000372"",""os15-c000003"",""os15-c000329""]",4,False,True,0.25,4286,results/owasp-sqli-v15-1-confirmatory-final/owasp-sqli-v15-1-confirmatory-20260823T131208Z/raw/ranking-rows/sequence-0394__proprietary_gpt__os15-s0054__trial-5.json,[]
395,proprietary_gpt,os15-s0055,1,positive,valid,True,False,os15-c000224,"[""os15-c000223"",""os15-c000410"",""os15-c000087"",""os15-c000224"",""os15-c000336""]",4,False,True,0.25,3957,results/owasp-sqli-v15-1-confirmatory-final/owasp-sqli-v15-1-confirmatory-20260823T131208Z/raw/ranking-rows/sequence-0395__proprietary_gpt__os15-s0055__trial-1.json,[]
396,proprietary_gpt,os15-s0055,2,positive,valid,True,False,os15-c000224,"[""os15-c000410"",""os15-c000223"",""os15-c000087"",""os15-c000224"",""os15-c000336""]",4,False,True,0.25,3907,results/owasp-sqli-v15-1-confirmatory-final/owasp-sqli-v15-1-confirmatory-20260823T131208Z/raw/ranking-rows/sequence-0396__proprietary_gpt__os15-s0055__trial-2.json,[]
397,proprietary_gpt,os15-s0055,3,positive,valid,True,False,os15-c000224,"[""os15-c000410"",""os15-c000223"",""os15-c000087"",""os15-c000224"",""os15-c000336""]",4,False,True,0.25,3845,results/owasp-sqli-v15-1-confirmatory-final/owasp-sqli-v15-1-confirmatory-20260823T131208Z/raw/ranking-rows/sequence-0397__proprietary_gpt__os15-s0055__trial-3.json,[]
398,proprietary_gpt,os15-s0055,4,positive,valid,True,False,os15-c000224,"[""os15-c000410"",""os15-c000223"",""os15-c000087"",""os15-c000224"",""os15-c000336""]",4,False,True,0.25,3825,results/owasp-sqli-v15-1-confirmatory-final/owasp-sqli-v15-1-confirmatory-20260823T131208Z/raw/ranking-rows/sequence-0398__proprietary_gpt__os15-s0055__trial-4.json,[]
399,proprietary_gpt,os15-s0055,5,positive,valid,True,False,os15-c000224,"[""os15-c000410"",""os15-c000223"",""os15-c000087"",""os15-c000224"",""os15-c000336""]",4,False,True,0.25,4429,results/owasp-sqli-v15-1-confirmatory-final/owasp-sqli-v15-1-confirmatory-20260823T131208Z/raw/ranking-rows/sequence-0399__proprietary_gpt__os15-s0055__trial-5.json,[]
400,proprietary_gpt,os15-s0056,1,positive,valid,True,False,os15-c000146,"[""os15-c000146"",""os15-c000455"",""os15-c000151"",""os15-c000192"",""os15-c000337""]",1,True,True,1.0,4388,results/owasp-sqli-v15-1-confirmatory-final/owasp-sqli-v15-1-confirmatory-20260823T131208Z/raw/ranking-rows/sequence-0400__proprietary_gpt__os15-s0056__trial-1.json,[]
401,proprietary_gpt,os15-s0056,2,positive,valid,True,False,os15-c000146,"[""os15-c000455"",""os15-c000146"",""os15-c000151"",""os15-c000192"",""os15-c000337""]",2,False,True,0.5,3401,results/owasp-sqli-v15-1-confirmatory-final/owasp-sqli-v15-1-confirmatory-20260823T131208Z/raw/ranking-rows/sequence-0401__proprietary_gpt__os15-s0056__trial-2.json,[]
402,proprietary_gpt,os15-s0056,3,positive,valid,True,False,os15-c000146,"[""os15-c000455"",""os15-c000146"",""os15-c000151"",""os15-c000192"",""os15-c000337""]",2,False,True,0.5,4498,results/owasp-sqli-v15-1-confirmatory-final/owasp-sqli-v15-1-confirmatory-20260823T131208Z/raw/ranking-rows/sequence-0402__proprietary_gpt__os15-s0056__trial-3.json,[]
403,proprietary_gpt,os15-s0056,4,positive,valid,True,False,os15-c000146,"[""os15-c000146"",""os15-c000455"",""os15-c000151"",""os15-c000192"",""os15-c000337""]",1,True,True,1.0,4682,results/owasp-sqli-v15-1-confirmatory-final/owasp-sqli-v15-1-confirmatory-20260823T131208Z/raw/ranking-rows/sequence-0403__proprietary_gpt__os15-s0056__trial-4.json,[]
404,proprietary_gpt,os15-s0056,5,positive,valid,True,False,os15-c000146,"[""os15-c000455"",""os15-c000146"",""os15-c000151"",""os15-c000192"",""os15-c000337""]",2,False,True,0.5,6080,results/owasp-sqli-v15-1-confirmatory-final/owasp-sqli-v15-1-confirmatory-20260823T131208Z/raw/ranking-rows/sequence-0404__proprietary_gpt__os15-s0056__trial-5.json,[]
405,proprietary_gpt,os15-s0057,1,positive,valid,True,False,os15-c000190,"[""os15-c000323"",""os15-c000216"",""os15-c000388"",""os15-c000131"",""os15-c000190""]",5,False,False,0.2,3962,results/owasp-sqli-v15-1-confirmatory-final/owasp-sqli-v15-1-confirmatory-20260823T131208Z/raw/ranking-rows/sequence-0405__proprietary_gpt__os15-s0057__trial-1.json,[]
406,proprietary_gpt,os15-s0057,2,positive,valid,True,False,os15-c000190,"[""os15-c000323"",""os15-c000216"",""os15-c000388"",""os15-c000131"",""os15-c000190""]",5,False,False,0.2,4143,results/owasp-sqli-v15-1-confirmatory-final/owasp-sqli-v15-1-confirmatory-20260823T131208Z/raw/ranking-rows/sequence-0406__proprietary_gpt__os15-s0057__trial-2.json,[]
407,proprietary_gpt,os15-s0057,3,positive,valid,True,False,os15-c000190,"[""os15-c000323"",""os15-c000216"",""os15-c000388"",""os15-c000131"",""os15-c000190""]",5,False,False,0.2,4318,results/owasp-sqli-v15-1-confirmatory-final/owasp-sqli-v15-1-confirmatory-20260823T131208Z/raw/ranking-rows/sequence-0407__proprietary_gpt__os15-s0057__trial-3.json,[]
408,proprietary_gpt,os15-s0057,4,positive,valid,True,False,os15-c000190,"[""os15-c000323"",""os15-c000216"",""os15-c000388"",""os15-c000131"",""os15-c000190""]",5,False,False,0.2,3721,results/owasp-sqli-v15-1-confirmatory-final/owasp-sqli-v15-1-confirmatory-20260823T131208Z/raw/ranking-rows/sequence-0408__proprietary_gpt__os15-s0057__trial-4.json,[]
409,proprietary_gpt,os15-s0057,5,positive,valid,True,False,os15-c000190,"[""os15-c000323"",""os15-c000216"",""os15-c000388"",""os15-c000131"",""os15-c000190""]",5,False,False,0.2,4078,results/owasp-sqli-v15-1-confirmatory-final/owasp-sqli-v15-1-confirmatory-20260823T131208Z/raw/ranking-rows/sequence-0409__proprietary_gpt__os15-s0057__trial-5.json,[]
410,proprietary_gpt,os15-s0058,1,positive,valid,True,False,os15-c000225,"[""os15-c000154"",""os15-c000501"",""os15-c000469"",""os15-c000308"",""os15-c000225""]",5,False,False,0.2,3617,results/owasp-sqli-v15-1-confirmatory-final/owasp-sqli-v15-1-confirmatory-20260823T131208Z/raw/ranking-rows/sequence-0410__proprietary_gpt__os15-s0058__trial-1.json,[]
411,proprietary_gpt,os15-s0058,2,positive,valid,True,False,os15-c000225,"[""os15-c000154"",""os15-c000501"",""os15-c000469"",""os15-c000308"",""os15-c000225""]",5,False,False,0.2,5056,results/owasp-sqli-v15-1-confirmatory-final/owasp-sqli-v15-1-confirmatory-20260823T131208Z/raw/ranking-rows/sequence-0411__proprietary_gpt__os15-s0058__trial-2.json,[]
412,proprietary_gpt,os15-s0058,3,positive,valid,True,False,os15-c000225,"[""os15-c000154"",""os15-c000501"",""os15-c000469"",""os15-c000308"",""os15-c000225""]",5,False,False,0.2,7425,results/owasp-sqli-v15-1-confirmatory-final/owasp-sqli-v15-1-confirmatory-20260823T131208Z/raw/ranking-rows/sequence-0412__proprietary_gpt__os15-s0058__trial-3.json,[]
413,proprietary_gpt,os15-s0058,4,positive,valid,True,False,os15-c000225,"[""os15-c000154"",""os15-c000501"",""os15-c000469"",""os15-c000308"",""os15-c000225""]",5,False,False,0.2,5305,results/owasp-sqli-v15-1-confirmatory-final/owasp-sqli-v15-1-confirmatory-20260823T131208Z/raw/ranking-rows/sequence-0413__proprietary_gpt__os15-s0058__trial-4.json,[]
414,proprietary_gpt,os15-s0058,5,positive,valid,True,False,os15-c000225,"[""os15-c000154"",""os15-c000501"",""os15-c000469"",""os15-c000308"",""os15-c000225""]",5,False,False,0.2,4925,results/owasp-sqli-v15-1-confirmatory-final/owasp-sqli-v15-1-confirmatory-20260823T131208Z/raw/ranking-rows/sequence-0414__proprietary_gpt__os15-s0058__trial-5.json,[]
415,proprietary_gpt,os15-s0059,1,positive,valid,True,False,os15-c000486,"[""os15-c000492"",""os15-c000116"",""os15-c000486"",""os15-c000427"",""os15-c000073""]",3,False,True,0.333333,5999,results/owasp-sqli-v15-1-confirmatory-final/owasp-sqli-v15-1-confirmatory-20260823T131208Z/raw/ranking-rows/sequence-0415__proprietary_gpt__os15-s0059__trial-1.json,[]
416,proprietary_gpt,os15-s0059,2,positive,valid,True,False,os15-c000486,"[""os15-c000492"",""os15-c000116"",""os15-c000486"",""os15-c000427"",""os15-c000073""]",3,False,True,0.333333,4511,results/owasp-sqli-v15-1-confirmatory-final/owasp-sqli-v15-1-confirmatory-20260823T131208Z/raw/ranking-rows/sequence-0416__proprietary_gpt__os15-s0059__trial-2.json,[]
417,proprietary_gpt,os15-s0059,3,positive,valid,True,False,os15-c000486,"[""os15-c000492"",""os15-c000116"",""os15-c000486"",""os15-c000427"",""os15-c000073""]",3,False,True,0.333333,5088,results/owasp-sqli-v15-1-confirmatory-final/owasp-sqli-v15-1-confirmatory-20260823T131208Z/raw/ranking-rows/sequence-0417__proprietary_gpt__os15-s0059__trial-3.json,[]
418,proprietary_gpt,os15-s0059,4,positive,valid,True,False,os15-c000486,"[""os15-c000492"",""os15-c000116"",""os15-c000486"",""os15-c000427"",""os15-c000073""]",3,False,True,0.333333,4330,results/owasp-sqli-v15-1-confirmatory-final/owasp-sqli-v15-1-confirmatory-20260823T131208Z/raw/ranking-rows/sequence-0418__proprietary_gpt__os15-s0059__trial-4.json,[]
419,proprietary_gpt,os15-s0059,5,positive,valid,True,False,os15-c000486,"[""os15-c000492"",""os15-c000116"",""os15-c000486"",""os15-c000427"",""os15-c000073""]",3,False,True,0.333333,4336,results/owasp-sqli-v15-1-confirmatory-final/owasp-sqli-v15-1-confirmatory-20260823T131208Z/raw/ranking-rows/sequence-0419__proprietary_gpt__os15-s0059__trial-5.json,[]
420,proprietary_gpt,os15-s0060,1,positive,valid,True,False,os15-c000015,"[""os15-c000103"",""os15-c000067"",""os15-c000243"",""os15-c000331"",""os15-c000015""]",5,False,False,0.2,4284,results/owasp-sqli-v15-1-confirmatory-final/owasp-sqli-v15-1-confirmatory-20260823T131208Z/raw/ranking-rows/sequence-0420__proprietary_gpt__os15-s0060__trial-1.json,[]
421,proprietary_gpt,os15-s0060,2,positive,valid,True,False,os15-c000015,"[""os15-c000103"",""os15-c000067"",""os15-c000243"",""os15-c000331"",""os15-c000015""]",5,False,False,0.2,3782,results/owasp-sqli-v15-1-confirmatory-final/owasp-sqli-v15-1-confirmatory-20260823T131208Z/raw/ranking-rows/sequence-0421__proprietary_gpt__os15-s0060__trial-2.json,[]
422,proprietary_gpt,os15-s0060,3,positive,valid,True,False,os15-c000015,"[""os15-c000103"",""os15-c000067"",""os15-c000243"",""os15-c000331"",""os15-c000015""]",5,False,False,0.2,3427,results/owasp-sqli-v15-1-confirmatory-final/owasp-sqli-v15-1-confirmatory-20260823T131208Z/raw/ranking-rows/sequence-0422__proprietary_gpt__os15-s0060__trial-3.json,[]
423,proprietary_gpt,os15-s0060,4,positive,valid,True,False,os15-c000015,"[""os15-c000103"",""os15-c000067"",""os15-c000243"",""os15-c000331"",""os15-c000015""]",5,False,False,0.2,3823,results/owasp-sqli-v15-1-confirmatory-final/owasp-sqli-v15-1-confirmatory-20260823T131208Z/raw/ranking-rows/sequence-0423__proprietary_gpt__os15-s0060__trial-4.json,[]
424,proprietary_gpt,os15-s0060,5,positive,valid,True,False,os15-c000015,"[""os15-c000103"",""os15-c000067"",""os15-c000243"",""os15-c000331"",""os15-c000015""]",5,False,False,0.2,3160,results/owasp-sqli-v15-1-confirmatory-final/owasp-sqli-v15-1-confirmatory-20260823T131208Z/raw/ranking-rows/sequence-0424__proprietary_gpt__os15-s0060__trial-5.json,[]
425,proprietary_gpt,os15-s0061,1,positive,valid,True,False,os15-c000096,"[""os15-c000305"",""os15-c000464"",""os15-c000384"",""os15-c000096"",""os15-c000261""]",4,False,True,0.25,3314,results/owasp-sqli-v15-1-confirmatory-final/owasp-sqli-v15-1-confirmatory-20260823T131208Z/raw/ranking-rows/sequence-0425__proprietary_gpt__os15-s0061__trial-1.json,[]
426,proprietary_gpt,os15-s0061,2,positive,valid,True,False,os15-c000096,"[""os15-c000305"",""os15-c000464"",""os15-c000384"",""os15-c000096"",""os15-c000261""]",4,False,True,0.25,4812,results/owasp-sqli-v15-1-confirmatory-final/owasp-sqli-v15-1-confirmatory-20260823T131208Z/raw/ranking-rows/sequence-0426__proprietary_gpt__os15-s0061__trial-2.json,[]
427,proprietary_gpt,os15-s0061,3,positive,valid,True,False,os15-c000096,"[""os15-c000305"",""os15-c000464"",""os15-c000384"",""os15-c000096"",""os15-c000261""]",4,False,True,0.25,4864,results/owasp-sqli-v15-1-confirmatory-final/owasp-sqli-v15-1-confirmatory-20260823T131208Z/raw/ranking-rows/sequence-0427__proprietary_gpt__os15-s0061__trial-3.json,[]
428,proprietary_gpt,os15-s0061,4,positive,valid,True,False,os15-c000096,"[""os15-c000305"",""os15-c000464"",""os15-c000384"",""os15-c000096"",""os15-c000261""]",4,False,True,0.25,4559,results/owasp-sqli-v15-1-confirmatory-final/owasp-sqli-v15-1-confirmatory-20260823T131208Z/raw/ranking-rows/sequence-0428__proprietary_gpt__os15-s0061__trial-4.json,[]
429,proprietary_gpt,os15-s0061,5,positive,valid,True,False,os15-c000096,"[""os15-c000305"",""os15-c000464"",""os15-c000384"",""os15-c000096"",""os15-c000261""]",4,False,True,0.25,4243,results/owasp-sqli-v15-1-confirmatory-final/owasp-sqli-v15-1-confirmatory-20260823T131208Z/raw/ranking-rows/sequence-0429__proprietary_gpt__os15-s0061__trial-5.json,[]
430,proprietary_gpt,os15-s0062,1,positive,valid,True,False,os15-c000302,"[""os15-c000302"",""os15-c000408"",""os15-c000110"",""os15-c000396"",""os15-c000195""]",1,True,True,1.0,4663,results/owasp-sqli-v15-1-confirmatory-final/owasp-sqli-v15-1-confirmatory-20260823T131208Z/raw/ranking-rows/sequence-0430__proprietary_gpt__os15-s0062__trial-1.json,[]
431,proprietary_gpt,os15-s0062,2,positive,valid,True,False,os15-c000302,"[""os15-c000302"",""os15-c000408"",""os15-c000110"",""os15-c000396"",""os15-c000195""]",1,True,True,1.0,3930,results/owasp-sqli-v15-1-confirmatory-final/owasp-sqli-v15-1-confirmatory-20260823T131208Z/raw/ranking-rows/sequence-0431__proprietary_gpt__os15-s0062__trial-2.json,[]
432,proprietary_gpt,os15-s0062,3,positive,valid,True,False,os15-c000302,"[""os15-c000302"",""os15-c000408"",""os15-c000110"",""os15-c000396"",""os15-c000195""]",1,True,True,1.0,4467,results/owasp-sqli-v15-1-confirmatory-final/owasp-sqli-v15-1-confirmatory-20260823T131208Z/raw/ranking-rows/sequence-0432__proprietary_gpt__os15-s0062__trial-3.json,[]
433,proprietary_gpt,os15-s0062,4,positive,valid,True,False,os15-c000302,"[""os15-c000302"",""os15-c000408"",""os15-c000110"",""os15-c000396"",""os15-c000195""]",1,True,True,1.0,5713,results/owasp-sqli-v15-1-confirmatory-final/owasp-sqli-v15-1-confirmatory-20260823T131208Z/raw/ranking-rows/sequence-0433__proprietary_gpt__os15-s0062__trial-4.json,[]
434,proprietary_gpt,os15-s0062,5,positive,valid,True,False,os15-c000302,"[""os15-c000302"",""os15-c000408"",""os15-c000110"",""os15-c000396"",""os15-c000195""]",1,True,True,1.0,5506,results/owasp-sqli-v15-1-confirmatory-final/owasp-sqli-v15-1-confirmatory-20260823T131208Z/raw/ranking-rows/sequence-0434__proprietary_gpt__os15-s0062__trial-5.json,[]
435,proprietary_gpt,os15-s0063,1,positive,valid,True,False,os15-c000423,"[""os15-c000325"",""os15-c000163"",""os15-c000423"",""os15-c000485"",""os15-c000392""]",3,False,True,0.333333,3786,results/owasp-sqli-v15-1-confirmatory-final/owasp-sqli-v15-1-confirmatory-20260823T131208Z/raw/ranking-rows/sequence-0435__proprietary_gpt__os15-s0063__trial-1.json,[]
436,proprietary_gpt,os15-s0063,2,positive,valid,True,False,os15-c000423,"[""os15-c000325"",""os15-c000163"",""os15-c000485"",""os15-c000423"",""os15-c000392""]",4,False,True,0.25,3625,results/owasp-sqli-v15-1-confirmatory-final/owasp-sqli-v15-1-confirmatory-20260823T131208Z/raw/ranking-rows/sequence-0436__proprietary_gpt__os15-s0063__trial-2.json,[]
437,proprietary_gpt,os15-s0063,3,positive,valid,True,False,os15-c000423,"[""os15-c000325"",""os15-c000163"",""os15-c000423"",""os15-c000485"",""os15-c000392""]",3,False,True,0.333333,5082,results/owasp-sqli-v15-1-confirmatory-final/owasp-sqli-v15-1-confirmatory-20260823T131208Z/raw/ranking-rows/sequence-0437__proprietary_gpt__os15-s0063__trial-3.json,[]
438,proprietary_gpt,os15-s0063,4,positive,valid,True,False,os15-c000423,"[""os15-c000325"",""os15-c000163"",""os15-c000423"",""os15-c000485"",""os15-c000392""]",3,False,True,0.333333,4665,results/owasp-sqli-v15-1-confirmatory-final/owasp-sqli-v15-1-confirmatory-20260823T131208Z/raw/ranking-rows/sequence-0438__proprietary_gpt__os15-s0063__trial-4.json,[]
439,proprietary_gpt,os15-s0063,5,positive,valid,True,False,os15-c000423,"[""os15-c000325"",""os15-c000163"",""os15-c000423"",""os15-c000485"",""os15-c000392""]",3,False,True,0.333333,4119,results/owasp-sqli-v15-1-confirmatory-final/owasp-sqli-v15-1-confirmatory-20260823T131208Z/raw/ranking-rows/sequence-0439__proprietary_gpt__os15-s0063__trial-5.json,[]
440,proprietary_gpt,os15-s0064,1,positive,valid,True,False,os15-c000386,"[""os15-c000414"",""os15-c000284"",""os15-c000450"",""os15-c000386"",""os15-c000351""]",4,False,True,0.25,5532,results/owasp-sqli-v15-1-confirmatory-final/owasp-sqli-v15-1-confirmatory-20260823T131208Z/raw/ranking-rows/sequence-0440__proprietary_gpt__os15-s0064__trial-1.json,[]
441,proprietary_gpt,os15-s0064,2,positive,valid,True,False,os15-c000386,"[""os15-c000386"",""os15-c000351"",""os15-c000414"",""os15-c000284"",""os15-c000450""]",1,True,True,1.0,5197,results/owasp-sqli-v15-1-confirmatory-final/owasp-sqli-v15-1-confirmatory-20260823T131208Z/raw/ranking-rows/sequence-0441__proprietary_gpt__os15-s0064__trial-2.json,[]
442,proprietary_gpt,os15-s0064,3,positive,valid,True,False,os15-c000386,"[""os15-c000284"",""os15-c000450"",""os15-c000414"",""os15-c000386"",""os15-c000351""]",4,False,True,0.25,3810,results/owasp-sqli-v15-1-confirmatory-final/owasp-sqli-v15-1-confirmatory-20260823T131208Z/raw/ranking-rows/sequence-0442__proprietary_gpt__os15-s0064__trial-3.json,[]
443,proprietary_gpt,os15-s0064,4,positive,valid,True,False,os15-c000386,"[""os15-c000386"",""os15-c000414"",""os15-c000284"",""os15-c000450"",""os15-c000351""]",1,True,True,1.0,4866,results/owasp-sqli-v15-1-confirmatory-final/owasp-sqli-v15-1-confirmatory-20260823T131208Z/raw/ranking-rows/sequence-0443__proprietary_gpt__os15-s0064__trial-4.json,[]
444,proprietary_gpt,os15-s0064,5,positive,valid,True,False,os15-c000386,"[""os15-c000386"",""os15-c000414"",""os15-c000284"",""os15-c000450"",""os15-c000351""]",1,True,True,1.0,3461,results/owasp-sqli-v15-1-confirmatory-final/owasp-sqli-v15-1-confirmatory-20260823T131208Z/raw/ranking-rows/sequence-0444__proprietary_gpt__os15-s0064__trial-5.json,[]
445,proprietary_gpt,os15-s0065,1,positive,valid,True,False,os15-c000065,"[""os15-c000065"",""os15-c000135"",""os15-c000220"",""os15-c000122"",""os15-c000210""]",1,True,True,1.0,3729,results/owasp-sqli-v15-1-confirmatory-final/owasp-sqli-v15-1-confirmatory-20260823T131208Z/raw/ranking-rows/sequence-0445__proprietary_gpt__os15-s0065__trial-1.json,[]
446,proprietary_gpt,os15-s0065,2,positive,valid,True,False,os15-c000065,"[""os15-c000065"",""os15-c000135"",""os15-c000220"",""os15-c000122"",""os15-c000210""]",1,True,True,1.0,4234,results/owasp-sqli-v15-1-confirmatory-final/owasp-sqli-v15-1-confirmatory-20260823T131208Z/raw/ranking-rows/sequence-0446__proprietary_gpt__os15-s0065__trial-2.json,[]
447,proprietary_gpt,os15-s0065,3,positive,valid,True,False,os15-c000065,"[""os15-c000065"",""os15-c000135"",""os15-c000220"",""os15-c000122"",""os15-c000210""]",1,True,True,1.0,3851,results/owasp-sqli-v15-1-confirmatory-final/owasp-sqli-v15-1-confirmatory-20260823T131208Z/raw/ranking-rows/sequence-0447__proprietary_gpt__os15-s0065__trial-3.json,[]
448,proprietary_gpt,os15-s0065,4,positive,valid,True,False,os15-c000065,"[""os15-c000065"",""os15-c000135"",""os15-c000220"",""os15-c000122"",""os15-c000210""]",1,True,True,1.0,6758,results/owasp-sqli-v15-1-confirmatory-final/owasp-sqli-v15-1-confirmatory-20260823T131208Z/raw/ranking-rows/sequence-0448__proprietary_gpt__os15-s0065__trial-4.json,[]
449,proprietary_gpt,os15-s0065,5,positive,valid,True,False,os15-c000065,"[""os15-c000065"",""os15-c000135"",""os15-c000220"",""os15-c000122"",""os15-c000210""]",1,True,True,1.0,3599,results/owasp-sqli-v15-1-confirmatory-final/owasp-sqli-v15-1-confirmatory-20260823T131208Z/raw/ranking-rows/sequence-0449__proprietary_gpt__os15-s0065__trial-5.json,[]
450,proprietary_gpt,os15-s0066,1,positive,valid,True,False,os15-c000200,"[""os15-c000470"",""os15-c000426"",""os15-c000311"",""os15-c000321"",""os15-c000200""]",5,False,False,0.2,4693,results/owasp-sqli-v15-1-confirmatory-final/owasp-sqli-v15-1-confirmatory-20260823T131208Z/raw/ranking-rows/sequence-0450__proprietary_gpt__os15-s0066__trial-1.json,[]
451,proprietary_gpt,os15-s0066,2,positive,valid,True,False,os15-c000200,"[""os15-c000470"",""os15-c000426"",""os15-c000311"",""os15-c000321"",""os15-c000200""]",5,False,False,0.2,4494,results/owasp-sqli-v15-1-confirmatory-final/owasp-sqli-v15-1-confirmatory-20260823T131208Z/raw/ranking-rows/sequence-0451__proprietary_gpt__os15-s0066__trial-2.json,[]
452,proprietary_gpt,os15-s0066,3,positive,valid,True,False,os15-c000200,"[""os15-c000470"",""os15-c000426"",""os15-c000311"",""os15-c000321"",""os15-c000200""]",5,False,False,0.2,5161,results/owasp-sqli-v15-1-confirmatory-final/owasp-sqli-v15-1-confirmatory-20260823T131208Z/raw/ranking-rows/sequence-0452__proprietary_gpt__os15-s0066__trial-3.json,[]
453,proprietary_gpt,os15-s0066,4,positive,valid,True,False,os15-c000200,"[""os15-c000470"",""os15-c000426"",""os15-c000311"",""os15-c000321"",""os15-c000200""]",5,False,False,0.2,4956,results/owasp-sqli-v15-1-confirmatory-final/owasp-sqli-v15-1-confirmatory-20260823T131208Z/raw/ranking-rows/sequence-0453__proprietary_gpt__os15-s0066__trial-4.json,[]
454,proprietary_gpt,os15-s0066,5,positive,valid,True,False,os15-c000200,"[""os15-c000470"",""os15-c000426"",""os15-c000311"",""os15-c000321"",""os15-c000200""]",5,False,False,0.2,4523,results/owasp-sqli-v15-1-confirmatory-final/owasp-sqli-v15-1-confirmatory-20260823T131208Z/raw/ranking-rows/sequence-0454__proprietary_gpt__os15-s0066__trial-5.json,[]
455,proprietary_gpt,os15-s0067,1,positive,valid,True,False,os15-c000201,"[""os15-c000491"",""os15-c000324"",""os15-c000312"",""os15-c000063"",""os15-c000201""]",5,False,False,0.2,3534,results/owasp-sqli-v15-1-confirmatory-final/owasp-sqli-v15-1-confirmatory-20260823T131208Z/raw/ranking-rows/sequence-0455__proprietary_gpt__os15-s0067__trial-1.json,[]
456,proprietary_gpt,os15-s0067,2,positive,valid,True,False,os15-c000201,"[""os15-c000324"",""os15-c000491"",""os15-c000312"",""os15-c000063"",""os15-c000201""]",5,False,False,0.2,4212,results/owasp-sqli-v15-1-confirmatory-final/owasp-sqli-v15-1-confirmatory-20260823T131208Z/raw/ranking-rows/sequence-0456__proprietary_gpt__os15-s0067__trial-2.json,[]
457,proprietary_gpt,os15-s0067,3,positive,valid,True,False,os15-c000201,"[""os15-c000491"",""os15-c000324"",""os15-c000312"",""os15-c000063"",""os15-c000201""]",5,False,False,0.2,3953,results/owasp-sqli-v15-1-confirmatory-final/owasp-sqli-v15-1-confirmatory-20260823T131208Z/raw/ranking-rows/sequence-0457__proprietary_gpt__os15-s0067__trial-3.json,[]
458,proprietary_gpt,os15-s0067,4,positive,valid,True,False,os15-c000201,"[""os15-c000491"",""os15-c000324"",""os15-c000312"",""os15-c000063"",""os15-c000201""]",5,False,False,0.2,3566,results/owasp-sqli-v15-1-confirmatory-final/owasp-sqli-v15-1-confirmatory-20260823T131208Z/raw/ranking-rows/sequence-0458__proprietary_gpt__os15-s0067__trial-4.json,[]
459,proprietary_gpt,os15-s0067,5,positive,valid,True,False,os15-c000201,"[""os15-c000491"",""os15-c000324"",""os15-c000312"",""os15-c000063"",""os15-c000201""]",5,False,False,0.2,3380,results/owasp-sqli-v15-1-confirmatory-final/owasp-sqli-v15-1-confirmatory-20260823T131208Z/raw/ranking-rows/sequence-0459__proprietary_gpt__os15-s0067__trial-5.json,[]
460,proprietary_gpt,os15-s0068,1,positive,valid,True,False,os15-c000352,"[""os15-c000295"",""os15-c000150"",""os15-c000025"",""os15-c000352"",""os15-c000364""]",4,False,True,0.25,3762,results/owasp-sqli-v15-1-confirmatory-final/owasp-sqli-v15-1-confirmatory-20260823T131208Z/raw/ranking-rows/sequence-0460__proprietary_gpt__os15-s0068__trial-1.json,[]
461,proprietary_gpt,os15-s0068,2,positive,valid,True,False,os15-c000352,"[""os15-c000295"",""os15-c000150"",""os15-c000025"",""os15-c000352"",""os15-c000364""]",4,False,True,0.25,4432,results/owasp-sqli-v15-1-confirmatory-final/owasp-sqli-v15-1-confirmatory-20260823T131208Z/raw/ranking-rows/sequence-0461__proprietary_gpt__os15-s0068__trial-2.json,[]
462,proprietary_gpt,os15-s0068,3,positive,valid,True,False,os15-c000352,"[""os15-c000295"",""os15-c000150"",""os15-c000025"",""os15-c000352"",""os15-c000364""]",4,False,True,0.25,4680,results/owasp-sqli-v15-1-confirmatory-final/owasp-sqli-v15-1-confirmatory-20260823T131208Z/raw/ranking-rows/sequence-0462__proprietary_gpt__os15-s0068__trial-3.json,[]
463,proprietary_gpt,os15-s0068,4,positive,valid,True,False,os15-c000352,"[""os15-c000295"",""os15-c000150"",""os15-c000025"",""os15-c000352"",""os15-c000364""]",4,False,True,0.25,6046,results/owasp-sqli-v15-1-confirmatory-final/owasp-sqli-v15-1-confirmatory-20260823T131208Z/raw/ranking-rows/sequence-0463__proprietary_gpt__os15-s0068__trial-4.json,[]
464,proprietary_gpt,os15-s0068,5,positive,valid,True,False,os15-c000352,"[""os15-c000295"",""os15-c000150"",""os15-c000025"",""os15-c000352"",""os15-c000364""]",4,False,True,0.25,3721,results/owasp-sqli-v15-1-confirmatory-final/owasp-sqli-v15-1-confirmatory-20260823T131208Z/raw/ranking-rows/sequence-0464__proprietary_gpt__os15-s0068__trial-5.json,[]
465,proprietary_gpt,os15-s0069,1,positive,valid,True,False,os15-c000136,"[""os15-c000136"",""os15-c000218"",""os15-c000209"",""os15-c000343"",""os15-c000367""]",1,True,True,1.0,4189,results/owasp-sqli-v15-1-confirmatory-final/owasp-sqli-v15-1-confirmatory-20260823T131208Z/raw/ranking-rows/sequence-0465__proprietary_gpt__os15-s0069__trial-1.json,[]
466,proprietary_gpt,os15-s0069,2,positive,valid,True,False,os15-c000136,"[""os15-c000136"",""os15-c000218"",""os15-c000209"",""os15-c000343"",""os15-c000367""]",1,True,True,1.0,5041,results/owasp-sqli-v15-1-confirmatory-final/owasp-sqli-v15-1-confirmatory-20260823T131208Z/raw/ranking-rows/sequence-0466__proprietary_gpt__os15-s0069__trial-2.json,[]
467,proprietary_gpt,os15-s0069,3,positive,valid,True,False,os15-c000136,"[""os15-c000136"",""os15-c000218"",""os15-c000209"",""os15-c000343"",""os15-c000367""]",1,True,True,1.0,4569,results/owasp-sqli-v15-1-confirmatory-final/owasp-sqli-v15-1-confirmatory-20260823T131208Z/raw/ranking-rows/sequence-0467__proprietary_gpt__os15-s0069__trial-3.json,[]
468,proprietary_gpt,os15-s0069,4,positive,valid,True,False,os15-c000136,"[""os15-c000136"",""os15-c000218"",""os15-c000209"",""os15-c000343"",""os15-c000367""]",1,True,True,1.0,4818,results/owasp-sqli-v15-1-confirmatory-final/owasp-sqli-v15-1-confirmatory-20260823T131208Z/raw/ranking-rows/sequence-0468__proprietary_gpt__os15-s0069__trial-4.json,[]
469,proprietary_gpt,os15-s0069,5,positive,valid,True,False,os15-c000136,"[""os15-c000136"",""os15-c000218"",""os15-c000209"",""os15-c000343"",""os15-c000367""]",1,True,True,1.0,4688,results/owasp-sqli-v15-1-confirmatory-final/owasp-sqli-v15-1-confirmatory-20260823T131208Z/raw/ranking-rows/sequence-0469__proprietary_gpt__os15-s0069__trial-5.json,[]
470,proprietary_gpt,os15-s0070,1,positive,valid,True,False,os15-c000484,"[""os15-c000484"",""os15-c000502"",""os15-c000171"",""os15-c000052"",""os15-c000366""]",1,True,True,1.0,3968,results/owasp-sqli-v15-1-confirmatory-final/owasp-sqli-v15-1-confirmatory-20260823T131208Z/raw/ranking-rows/sequence-0470__proprietary_gpt__os15-s0070__trial-1.json,[]
471,proprietary_gpt,os15-s0070,2,positive,valid,True,False,os15-c000484,"[""os15-c000484"",""os15-c000502"",""os15-c000052"",""os15-c000366"",""os15-c000171""]",1,True,True,1.0,4467,results/owasp-sqli-v15-1-confirmatory-final/owasp-sqli-v15-1-confirmatory-20260823T131208Z/raw/ranking-rows/sequence-0471__proprietary_gpt__os15-s0070__trial-2.json,[]
472,proprietary_gpt,os15-s0070,3,positive,valid,True,False,os15-c000484,"[""os15-c000484"",""os15-c000502"",""os15-c000171"",""os15-c000052"",""os15-c000366""]",1,True,True,1.0,4409,results/owasp-sqli-v15-1-confirmatory-final/owasp-sqli-v15-1-confirmatory-20260823T131208Z/raw/ranking-rows/sequence-0472__proprietary_gpt__os15-s0070__trial-3.json,[]
473,proprietary_gpt,os15-s0070,4,positive,valid,True,False,os15-c000484,"[""os15-c000484"",""os15-c000502"",""os15-c000052"",""os15-c000366"",""os15-c000171""]",1,True,True,1.0,5257,results/owasp-sqli-v15-1-confirmatory-final/owasp-sqli-v15-1-confirmatory-20260823T131208Z/raw/ranking-rows/sequence-0473__proprietary_gpt__os15-s0070__trial-4.json,[]
474,proprietary_gpt,os15-s0070,5,positive,valid,True,False,os15-c000484,"[""os15-c000484"",""os15-c000502"",""os15-c000171"",""os15-c000052"",""os15-c000366""]",1,True,True,1.0,4436,results/owasp-sqli-v15-1-confirmatory-final/owasp-sqli-v15-1-confirmatory-20260823T131208Z/raw/ranking-rows/sequence-0474__proprietary_gpt__os15-s0070__trial-5.json,[]
475,proprietary_gpt,os15-s0071,1,positive,valid,True,False,os15-c000483,"[""os15-c000483"",""os15-c000428"",""os15-c000053"",""os15-c000207"",""os15-c000054""]",1,True,True,1.0,4451,results/owasp-sqli-v15-1-confirmatory-final/owasp-sqli-v15-1-confirmatory-20260823T131208Z/raw/ranking-rows/sequence-0475__proprietary_gpt__os15-s0071__trial-1.json,[]
476,proprietary_gpt,os15-s0071,2,positive,valid,True,False,os15-c000483,"[""os15-c000483"",""os15-c000428"",""os15-c000053"",""os15-c000207"",""os15-c000054""]",1,True,True,1.0,3916,results/owasp-sqli-v15-1-confirmatory-final/owasp-sqli-v15-1-confirmatory-20260823T131208Z/raw/ranking-rows/sequence-0476__proprietary_gpt__os15-s0071__trial-2.json,[]
477,proprietary_gpt,os15-s0071,3,positive,valid,True,False,os15-c000483,"[""os15-c000483"",""os15-c000428"",""os15-c000053"",""os15-c000207"",""os15-c000054""]",1,True,True,1.0,3594,results/owasp-sqli-v15-1-confirmatory-final/owasp-sqli-v15-1-confirmatory-20260823T131208Z/raw/ranking-rows/sequence-0477__proprietary_gpt__os15-s0071__trial-3.json,[]
478,proprietary_gpt,os15-s0071,4,positive,valid,True,False,os15-c000483,"[""os15-c000483"",""os15-c000428"",""os15-c000053"",""os15-c000207"",""os15-c000054""]",1,True,True,1.0,4628,results/owasp-sqli-v15-1-confirmatory-final/owasp-sqli-v15-1-confirmatory-20260823T131208Z/raw/ranking-rows/sequence-0478__proprietary_gpt__os15-s0071__trial-4.json,[]
479,proprietary_gpt,os15-s0071,5,positive,valid,True,False,os15-c000483,"[""os15-c000483"",""os15-c000428"",""os15-c000053"",""os15-c000207"",""os15-c000054""]",1,True,True,1.0,4801,results/owasp-sqli-v15-1-confirmatory-final/owasp-sqli-v15-1-confirmatory-20260823T131208Z/raw/ranking-rows/sequence-0479__proprietary_gpt__os15-s0071__trial-5.json,[]
480,proprietary_gpt,os15-s0072,1,positive,valid,True,False,os15-c000363,"[""os15-c000112"",""os15-c000236"",""os15-c000293"",""os15-c000363"",""os15-c000330""]",4,False,True,0.25,3515,results/owasp-sqli-v15-1-confirmatory-final/owasp-sqli-v15-1-confirmatory-20260823T131208Z/raw/ranking-rows/sequence-0480__proprietary_gpt__os15-s0072__trial-1.json,[]
481,proprietary_gpt,os15-s0072,2,positive,valid,True,False,os15-c000363,"[""os15-c000112"",""os15-c000236"",""os15-c000293"",""os15-c000363"",""os15-c000330""]",4,False,True,0.25,3546,results/owasp-sqli-v15-1-confirmatory-final/owasp-sqli-v15-1-confirmatory-20260823T131208Z/raw/ranking-rows/sequence-0481__proprietary_gpt__os15-s0072__trial-2.json,[]
482,proprietary_gpt,os15-s0072,3,positive,valid,True,False,os15-c000363,"[""os15-c000112"",""os15-c000236"",""os15-c000293"",""os15-c000363"",""os15-c000330""]",4,False,True,0.25,3161,results/owasp-sqli-v15-1-confirmatory-final/owasp-sqli-v15-1-confirmatory-20260823T131208Z/raw/ranking-rows/sequence-0482__proprietary_gpt__os15-s0072__trial-3.json,[]
483,proprietary_gpt,os15-s0072,4,positive,valid,True,False,os15-c000363,"[""os15-c000112"",""os15-c000236"",""os15-c000293"",""os15-c000363"",""os15-c000330""]",4,False,True,0.25,3731,results/owasp-sqli-v15-1-confirmatory-final/owasp-sqli-v15-1-confirmatory-20260823T131208Z/raw/ranking-rows/sequence-0483__proprietary_gpt__os15-s0072__trial-4.json,[]
484,proprietary_gpt,os15-s0072,5,positive,valid,True,False,os15-c000363,"[""os15-c000112"",""os15-c000236"",""os15-c000293"",""os15-c000363"",""os15-c000330""]",4,False,True,0.25,2922,results/owasp-sqli-v15-1-confirmatory-final/owasp-sqli-v15-1-confirmatory-20260823T131208Z/raw/ranking-rows/sequence-0484__proprietary_gpt__os15-s0072__trial-5.json,[]
485,proprietary_gpt,os15-s0073,1,positive,valid,True,False,os15-c000219,"[""os15-c000152"",""os15-c000219"",""os15-c000452"",""os15-c000362"",""os15-c000203""]",2,False,True,0.5,5234,results/owasp-sqli-v15-1-confirmatory-final/owasp-sqli-v15-1-confirmatory-20260823T131208Z/raw/ranking-rows/sequence-0485__proprietary_gpt__os15-s0073__trial-1.json,[]
486,proprietary_gpt,os15-s0073,2,positive,valid,True,False,os15-c000219,"[""os15-c000152"",""os15-c000219"",""os15-c000452"",""os15-c000362"",""os15-c000203""]",2,False,True,0.5,54278,results/owasp-sqli-v15-1-confirmatory-final/owasp-sqli-v15-1-confirmatory-20260823T131208Z/raw/ranking-rows/sequence-0486__proprietary_gpt__os15-s0073__trial-2.json,[]
487,proprietary_gpt,os15-s0073,3,positive,valid,True,False,os15-c000219,"[""os15-c000152"",""os15-c000219"",""os15-c000452"",""os15-c000362"",""os15-c000203""]",2,False,True,0.5,4154,results/owasp-sqli-v15-1-confirmatory-final/owasp-sqli-v15-1-confirmatory-20260823T131208Z/raw/ranking-rows/sequence-0487__proprietary_gpt__os15-s0073__trial-3.json,[]
488,proprietary_gpt,os15-s0073,4,positive,valid,True,False,os15-c000219,"[""os15-c000152"",""os15-c000219"",""os15-c000452"",""os15-c000362"",""os15-c000203""]",2,False,True,0.5,5438,results/owasp-sqli-v15-1-confirmatory-final/owasp-sqli-v15-1-confirmatory-20260823T131208Z/raw/ranking-rows/sequence-0488__proprietary_gpt__os15-s0073__trial-4.json,[]
489,proprietary_gpt,os15-s0073,5,positive,valid,True,False,os15-c000219,"[""os15-c000152"",""os15-c000219"",""os15-c000452"",""os15-c000362"",""os15-c000203""]",2,False,True,0.5,4910,results/owasp-sqli-v15-1-confirmatory-final/owasp-sqli-v15-1-confirmatory-20260823T131208Z/raw/ranking-rows/sequence-0489__proprietary_gpt__os15-s0073__trial-5.json,[]
490,proprietary_gpt,os15-s0074,1,positive,valid,True,False,os15-c000085,"[""os15-c000084"",""os15-c000481"",""os15-c000085"",""os15-c000432"",""os15-c000020""]",3,False,True,0.333333,4921,results/owasp-sqli-v15-1-confirmatory-final/owasp-sqli-v15-1-confirmatory-20260823T131208Z/raw/ranking-rows/sequence-0490__proprietary_gpt__os15-s0074__trial-1.json,[]
491,proprietary_gpt,os15-s0074,2,positive,valid,True,False,os15-c000085,"[""os15-c000084"",""os15-c000481"",""os15-c000085"",""os15-c000432"",""os15-c000020""]",3,False,True,0.333333,4540,results/owasp-sqli-v15-1-confirmatory-final/owasp-sqli-v15-1-confirmatory-20260823T131208Z/raw/ranking-rows/sequence-0491__proprietary_gpt__os15-s0074__trial-2.json,[]
492,proprietary_gpt,os15-s0074,3,positive,valid,True,False,os15-c000085,"[""os15-c000084"",""os15-c000481"",""os15-c000085"",""os15-c000432"",""os15-c000020""]",3,False,True,0.333333,4429,results/owasp-sqli-v15-1-confirmatory-final/owasp-sqli-v15-1-confirmatory-20260823T131208Z/raw/ranking-rows/sequence-0492__proprietary_gpt__os15-s0074__trial-3.json,[]
493,proprietary_gpt,os15-s0074,4,positive,valid,True,False,os15-c000085,"[""os15-c000084"",""os15-c000481"",""os15-c000085"",""os15-c000432"",""os15-c000020""]",3,False,True,0.333333,4695,results/owasp-sqli-v15-1-confirmatory-final/owasp-sqli-v15-1-confirmatory-20260823T131208Z/raw/ranking-rows/sequence-0493__proprietary_gpt__os15-s0074__trial-4.json,[]
494,proprietary_gpt,os15-s0074,5,positive,valid,True,False,os15-c000085,"[""os15-c000084"",""os15-c000481"",""os15-c000085"",""os15-c000432"",""os15-c000020""]",3,False,True,0.333333,4264,results/owasp-sqli-v15-1-confirmatory-final/owasp-sqli-v15-1-confirmatory-20260823T131208Z/raw/ranking-rows/sequence-0494__proprietary_gpt__os15-s0074__trial-5.json,[]
495,proprietary_gpt,os15-s0075,1,positive,valid,True,False,os15-c000444,"[""os15-c000153"",""os15-c000444"",""os15-c000162"",""os15-c000503"",""os15-c000064""]",2,False,True,0.5,4536,results/owasp-sqli-v15-1-confirmatory-final/owasp-sqli-v15-1-confirmatory-20260823T131208Z/raw/ranking-rows/sequence-0495__proprietary_gpt__os15-s0075__trial-1.json,[]
496,proprietary_gpt,os15-s0075,2,positive,valid,True,False,os15-c000444,"[""os15-c000503"",""os15-c000444"",""os15-c000153"",""os15-c000162"",""os15-c000064""]",2,False,True,0.5,3585,results/owasp-sqli-v15-1-confirmatory-final/owasp-sqli-v15-1-confirmatory-20260823T131208Z/raw/ranking-rows/sequence-0496__proprietary_gpt__os15-s0075__trial-2.json,[]
497,proprietary_gpt,os15-s0075,3,positive,valid,True,False,os15-c000444,"[""os15-c000503"",""os15-c000444"",""os15-c000153"",""os15-c000162"",""os15-c000064""]",2,False,True,0.5,3594,results/owasp-sqli-v15-1-confirmatory-final/owasp-sqli-v15-1-confirmatory-20260823T131208Z/raw/ranking-rows/sequence-0497__proprietary_gpt__os15-s0075__trial-3.json,[]
498,proprietary_gpt,os15-s0075,4,positive,valid,True,False,os15-c000444,"[""os15-c000503"",""os15-c000444"",""os15-c000153"",""os15-c000162"",""os15-c000064""]",2,False,True,0.5,3351,results/owasp-sqli-v15-1-confirmatory-final/owasp-sqli-v15-1-confirmatory-20260823T131208Z/raw/ranking-rows/sequence-0498__proprietary_gpt__os15-s0075__trial-4.json,[]
499,proprietary_gpt,os15-s0075,5,positive,provider_failed,False,True,os15-c000444,"[""os15-c000444"",""os15-c000064"",""os15-c000153"",""os15-c000503"",""os15-c000162""]",not_applicable,not_applicable,not_applicable,not_applicable,60037,results/owasp-sqli-v15-1-confirmatory-final/owasp-sqli-v15-1-confirmatory-20260823T131208Z/raw/ranking-rows/sequence-0499__proprietary_gpt__os15-s0075__trial-5.json,"[""model command timed out after 60 seconds""]"
500,proprietary_gpt,os15-s0076,1,positive,valid,True,False,os15-c000178,"[""os15-c000373"",""os15-c000074"",""os15-c000111"",""os15-c000178"",""os15-c000051""]",4,False,True,0.25,3761,results/owasp-sqli-v15-1-confirmatory-final/owasp-sqli-v15-1-confirmatory-20260823T131208Z/raw/ranking-rows/sequence-0500__proprietary_gpt__os15-s0076__trial-1.json,[]
501,proprietary_gpt,os15-s0076,2,positive,valid,True,False,os15-c000178,"[""os15-c000111"",""os15-c000373"",""os15-c000074"",""os15-c000178"",""os15-c000051""]",4,False,True,0.25,3445,results/owasp-sqli-v15-1-confirmatory-final/owasp-sqli-v15-1-confirmatory-20260823T131208Z/raw/ranking-rows/sequence-0501__proprietary_gpt__os15-s0076__trial-2.json,[]
502,proprietary_gpt,os15-s0076,3,positive,valid,True,False,os15-c000178,"[""os15-c000373"",""os15-c000074"",""os15-c000111"",""os15-c000178"",""os15-c000051""]",4,False,True,0.25,4130,results/owasp-sqli-v15-1-confirmatory-final/owasp-sqli-v15-1-confirmatory-20260823T131208Z/raw/ranking-rows/sequence-0502__proprietary_gpt__os15-s0076__trial-3.json,[]
503,proprietary_gpt,os15-s0076,4,positive,valid,True,False,os15-c000178,"[""os15-c000111"",""os15-c000373"",""os15-c000074"",""os15-c000178"",""os15-c000051""]",4,False,True,0.25,4125,results/owasp-sqli-v15-1-confirmatory-final/owasp-sqli-v15-1-confirmatory-20260823T131208Z/raw/ranking-rows/sequence-0503__proprietary_gpt__os15-s0076__trial-4.json,[]
504,proprietary_gpt,os15-s0076,5,positive,valid,True,False,os15-c000178,"[""os15-c000111"",""os15-c000373"",""os15-c000074"",""os15-c000051"",""os15-c000178""]",5,False,False,0.2,4940,results/owasp-sqli-v15-1-confirmatory-final/owasp-sqli-v15-1-confirmatory-20260823T131208Z/raw/ranking-rows/sequence-0504__proprietary_gpt__os15-s0076__trial-5.json,[]
505,proprietary_gpt,os15-s0077,1,positive,valid,True,False,os15-c000062,"[""os15-c000466"",""os15-c000093"",""os15-c000329"",""os15-c000358"",""os15-c000062""]",5,False,False,0.2,3924,results/owasp-sqli-v15-1-confirmatory-final/owasp-sqli-v15-1-confirmatory-20260823T131208Z/raw/ranking-rows/sequence-0505__proprietary_gpt__os15-s0077__trial-1.json,[]
506,proprietary_gpt,os15-s0077,2,positive,valid,True,False,os15-c000062,"[""os15-c000466"",""os15-c000093"",""os15-c000329"",""os15-c000358"",""os15-c000062""]",5,False,False,0.2,4252,results/owasp-sqli-v15-1-confirmatory-final/owasp-sqli-v15-1-confirmatory-20260823T131208Z/raw/ranking-rows/sequence-0506__proprietary_gpt__os15-s0077__trial-2.json,[]
507,proprietary_gpt,os15-s0077,3,positive,valid,True,False,os15-c000062,"[""os15-c000466"",""os15-c000093"",""os15-c000329"",""os15-c000358"",""os15-c000062""]",5,False,False,0.2,4154,results/owasp-sqli-v15-1-confirmatory-final/owasp-sqli-v15-1-confirmatory-20260823T131208Z/raw/ranking-rows/sequence-0507__proprietary_gpt__os15-s0077__trial-3.json,[]
508,proprietary_gpt,os15-s0077,4,positive,valid,True,False,os15-c000062,"[""os15-c000466"",""os15-c000093"",""os15-c000329"",""os15-c000358"",""os15-c000062""]",5,False,False,0.2,4133,results/owasp-sqli-v15-1-confirmatory-final/owasp-sqli-v15-1-confirmatory-20260823T131208Z/raw/ranking-rows/sequence-0508__proprietary_gpt__os15-s0077__trial-4.json,[]
509,proprietary_gpt,os15-s0077,5,positive,valid,True,False,os15-c000062,"[""os15-c000466"",""os15-c000093"",""os15-c000329"",""os15-c000358"",""os15-c000062""]",5,False,False,0.2,4058,results/owasp-sqli-v15-1-confirmatory-final/owasp-sqli-v15-1-confirmatory-20260823T131208Z/raw/ranking-rows/sequence-0509__proprietary_gpt__os15-s0077__trial-5.json,[]
510,proprietary_gpt,os15-s0078,1,positive,valid,True,False,os15-c000443,"[""os15-c000493"",""os15-c000410"",""os15-c000083"",""os15-c000443"",""os15-c000372""]",4,False,True,0.25,6114,results/owasp-sqli-v15-1-confirmatory-final/owasp-sqli-v15-1-confirmatory-20260823T131208Z/raw/ranking-rows/sequence-0510__proprietary_gpt__os15-s0078__trial-1.json,[]
511,proprietary_gpt,os15-s0078,2,positive,valid,True,False,os15-c000443,"[""os15-c000493"",""os15-c000410"",""os15-c000083"",""os15-c000443"",""os15-c000372""]",4,False,True,0.25,4295,results/owasp-sqli-v15-1-confirmatory-final/owasp-sqli-v15-1-confirmatory-20260823T131208Z/raw/ranking-rows/sequence-0511__proprietary_gpt__os15-s0078__trial-2.json,[]
512,proprietary_gpt,os15-s0078,3,positive,valid,True,False,os15-c000443,"[""os15-c000493"",""os15-c000410"",""os15-c000083"",""os15-c000443"",""os15-c000372""]",4,False,True,0.25,4603,results/owasp-sqli-v15-1-confirmatory-final/owasp-sqli-v15-1-confirmatory-20260823T131208Z/raw/ranking-rows/sequence-0512__proprietary_gpt__os15-s0078__trial-3.json,[]
513,proprietary_gpt,os15-s0078,4,positive,valid,True,False,os15-c000443,"[""os15-c000493"",""os15-c000410"",""os15-c000083"",""os15-c000443"",""os15-c000372""]",4,False,True,0.25,4668,results/owasp-sqli-v15-1-confirmatory-final/owasp-sqli-v15-1-confirmatory-20260823T131208Z/raw/ranking-rows/sequence-0513__proprietary_gpt__os15-s0078__trial-4.json,[]
514,proprietary_gpt,os15-s0078,5,positive,valid,True,False,os15-c000443,"[""os15-c000493"",""os15-c000410"",""os15-c000083"",""os15-c000443"",""os15-c000372""]",4,False,True,0.25,4105,results/owasp-sqli-v15-1-confirmatory-final/owasp-sqli-v15-1-confirmatory-20260823T131208Z/raw/ranking-rows/sequence-0514__proprietary_gpt__os15-s0078__trial-5.json,[]
515,proprietary_gpt,os15-s0079,1,positive,valid,True,False,os15-c000282,"[""os15-c000282"",""os15-c000087"",""os15-c000223"",""os15-c000455"",""os15-c000336""]",1,True,True,1.0,4526,results/owasp-sqli-v15-1-confirmatory-final/owasp-sqli-v15-1-confirmatory-20260823T131208Z/raw/ranking-rows/sequence-0515__proprietary_gpt__os15-s0079__trial-1.json,[]
516,proprietary_gpt,os15-s0079,2,positive,valid,True,False,os15-c000282,"[""os15-c000223"",""os15-c000455"",""os15-c000282"",""os15-c000087"",""os15-c000336""]",3,False,True,0.333333,4600,results/owasp-sqli-v15-1-confirmatory-final/owasp-sqli-v15-1-confirmatory-20260823T131208Z/raw/ranking-rows/sequence-0516__proprietary_gpt__os15-s0079__trial-2.json,[]
517,proprietary_gpt,os15-s0079,3,positive,valid,True,False,os15-c000282,"[""os15-c000223"",""os15-c000455"",""os15-c000282"",""os15-c000087"",""os15-c000336""]",3,False,True,0.333333,3947,results/owasp-sqli-v15-1-confirmatory-final/owasp-sqli-v15-1-confirmatory-20260823T131208Z/raw/ranking-rows/sequence-0517__proprietary_gpt__os15-s0079__trial-3.json,[]
518,proprietary_gpt,os15-s0079,4,positive,valid,True,False,os15-c000282,"[""os15-c000087"",""os15-c000282"",""os15-c000223"",""os15-c000455"",""os15-c000336""]",2,False,True,0.5,4575,results/owasp-sqli-v15-1-confirmatory-final/owasp-sqli-v15-1-confirmatory-20260823T131208Z/raw/ranking-rows/sequence-0518__proprietary_gpt__os15-s0079__trial-4.json,[]
519,proprietary_gpt,os15-s0079,5,positive,valid,True,False,os15-c000282,"[""os15-c000282"",""os15-c000087"",""os15-c000223"",""os15-c000455"",""os15-c000336""]",1,True,True,1.0,5726,results/owasp-sqli-v15-1-confirmatory-final/owasp-sqli-v15-1-confirmatory-20260823T131208Z/raw/ranking-rows/sequence-0519__proprietary_gpt__os15-s0079__trial-5.json,[]
520,proprietary_gpt,os15-s0080,1,positive,valid,True,False,os15-c000181,"[""os15-c000216"",""os15-c000151"",""os15-c000192"",""os15-c000337"",""os15-c000181""]",5,False,False,0.2,4338,results/owasp-sqli-v15-1-confirmatory-final/owasp-sqli-v15-1-confirmatory-20260823T131208Z/raw/ranking-rows/sequence-0520__proprietary_gpt__os15-s0080__trial-1.json,[]
521,proprietary_gpt,os15-s0080,2,positive,valid,True,False,os15-c000181,"[""os15-c000216"",""os15-c000151"",""os15-c000192"",""os15-c000337"",""os15-c000181""]",5,False,False,0.2,5045,results/owasp-sqli-v15-1-confirmatory-final/owasp-sqli-v15-1-confirmatory-20260823T131208Z/raw/ranking-rows/sequence-0521__proprietary_gpt__os15-s0080__trial-2.json,[]
522,proprietary_gpt,os15-s0080,3,positive,valid,True,False,os15-c000181,"[""os15-c000216"",""os15-c000151"",""os15-c000192"",""os15-c000337"",""os15-c000181""]",5,False,False,0.2,3728,results/owasp-sqli-v15-1-confirmatory-final/owasp-sqli-v15-1-confirmatory-20260823T131208Z/raw/ranking-rows/sequence-0522__proprietary_gpt__os15-s0080__trial-3.json,[]
523,proprietary_gpt,os15-s0080,4,positive,valid,True,False,os15-c000181,"[""os15-c000216"",""os15-c000151"",""os15-c000192"",""os15-c000337"",""os15-c000181""]",5,False,False,0.2,3650,results/owasp-sqli-v15-1-confirmatory-final/owasp-sqli-v15-1-confirmatory-20260823T131208Z/raw/ranking-rows/sequence-0523__proprietary_gpt__os15-s0080__trial-4.json,[]
524,proprietary_gpt,os15-s0080,5,positive,valid,True,False,os15-c000181,"[""os15-c000216"",""os15-c000151"",""os15-c000192"",""os15-c000337"",""os15-c000181""]",5,False,False,0.2,3180,results/owasp-sqli-v15-1-confirmatory-final/owasp-sqli-v15-1-confirmatory-20260823T131208Z/raw/ranking-rows/sequence-0524__proprietary_gpt__os15-s0080__trial-5.json,[]
525,proprietary_gpt,os15-s0081,1,positive,valid,True,False,os15-c000117,"[""os15-c000117"",""os15-c000308"",""os15-c000323"",""os15-c000388"",""os15-c000131""]",1,True,True,1.0,3674,results/owasp-sqli-v15-1-confirmatory-final/owasp-sqli-v15-1-confirmatory-20260823T131208Z/raw/ranking-rows/sequence-0525__proprietary_gpt__os15-s0081__trial-1.json,[]
526,proprietary_gpt,os15-s0081,2,positive,valid,True,False,os15-c000117,"[""os15-c000117"",""os15-c000308"",""os15-c000323"",""os15-c000388"",""os15-c000131""]",1,True,True,1.0,4533,results/owasp-sqli-v15-1-confirmatory-final/owasp-sqli-v15-1-confirmatory-20260823T131208Z/raw/ranking-rows/sequence-0526__proprietary_gpt__os15-s0081__trial-2.json,[]
527,proprietary_gpt,os15-s0081,3,positive,valid,True,False,os15-c000117,"[""os15-c000117"",""os15-c000308"",""os15-c000323"",""os15-c000388"",""os15-c000131""]",1,True,True,1.0,3456,results/owasp-sqli-v15-1-confirmatory-final/owasp-sqli-v15-1-confirmatory-20260823T131208Z/raw/ranking-rows/sequence-0527__proprietary_gpt__os15-s0081__trial-3.json,[]
528,proprietary_gpt,os15-s0081,4,positive,valid,True,False,os15-c000117,"[""os15-c000117"",""os15-c000308"",""os15-c000323"",""os15-c000388"",""os15-c000131""]",1,True,True,1.0,5547,results/owasp-sqli-v15-1-confirmatory-final/owasp-sqli-v15-1-confirmatory-20260823T131208Z/raw/ranking-rows/sequence-0528__proprietary_gpt__os15-s0081__trial-4.json,[]
529,proprietary_gpt,os15-s0081,5,positive,valid,True,False,os15-c000117,"[""os15-c000117"",""os15-c000308"",""os15-c000323"",""os15-c000388"",""os15-c000131""]",1,True,True,1.0,4402,results/owasp-sqli-v15-1-confirmatory-final/owasp-sqli-v15-1-confirmatory-20260823T131208Z/raw/ranking-rows/sequence-0529__proprietary_gpt__os15-s0081__trial-5.json,[]
530,proprietary_gpt,os15-s0082,1,positive,valid,True,False,os15-c000425,"[""os15-c000154"",""os15-c000501"",""os15-c000469"",""os15-c000425"",""os15-c000073""]",4,False,True,0.25,3583,results/owasp-sqli-v15-1-confirmatory-final/owasp-sqli-v15-1-confirmatory-20260823T131208Z/raw/ranking-rows/sequence-0530__proprietary_gpt__os15-s0082__trial-1.json,[]
531,proprietary_gpt,os15-s0082,2,positive,valid,True,False,os15-c000425,"[""os15-c000154"",""os15-c000501"",""os15-c000469"",""os15-c000425"",""os15-c000073""]",4,False,True,0.25,4020,results/owasp-sqli-v15-1-confirmatory-final/owasp-sqli-v15-1-confirmatory-20260823T131208Z/raw/ranking-rows/sequence-0531__proprietary_gpt__os15-s0082__trial-2.json,[]
532,proprietary_gpt,os15-s0082,3,positive,valid,True,False,os15-c000425,"[""os15-c000154"",""os15-c000501"",""os15-c000469"",""os15-c000425"",""os15-c000073""]",4,False,True,0.25,5973,results/owasp-sqli-v15-1-confirmatory-final/owasp-sqli-v15-1-confirmatory-20260823T131208Z/raw/ranking-rows/sequence-0532__proprietary_gpt__os15-s0082__trial-3.json,[]
533,proprietary_gpt,os15-s0082,4,positive,valid,True,False,os15-c000425,"[""os15-c000154"",""os15-c000501"",""os15-c000469"",""os15-c000425"",""os15-c000073""]",4,False,True,0.25,4009,results/owasp-sqli-v15-1-confirmatory-final/owasp-sqli-v15-1-confirmatory-20260823T131208Z/raw/ranking-rows/sequence-0533__proprietary_gpt__os15-s0082__trial-4.json,[]
534,proprietary_gpt,os15-s0082,5,positive,valid,True,False,os15-c000425,"[""os15-c000154"",""os15-c000501"",""os15-c000469"",""os15-c000425"",""os15-c000073""]",4,False,True,0.25,3844,results/owasp-sqli-v15-1-confirmatory-final/owasp-sqli-v15-1-confirmatory-20260823T131208Z/raw/ranking-rows/sequence-0534__proprietary_gpt__os15-s0082__trial-5.json,[]
535,proprietary_gpt,os15-s0083,1,positive,valid,True,False,os15-c000436,"[""os15-c000427"",""os15-c000103"",""os15-c000116"",""os15-c000492"",""os15-c000436""]",5,False,False,0.2,3465,results/owasp-sqli-v15-1-confirmatory-final/owasp-sqli-v15-1-confirmatory-20260823T131208Z/raw/ranking-rows/sequence-0535__proprietary_gpt__os15-s0083__trial-1.json,[]
536,proprietary_gpt,os15-s0083,2,positive,valid,True,False,os15-c000436,"[""os15-c000436"",""os15-c000116"",""os15-c000492"",""os15-c000427"",""os15-c000103""]",1,True,True,1.0,3018,results/owasp-sqli-v15-1-confirmatory-final/owasp-sqli-v15-1-confirmatory-20260823T131208Z/raw/ranking-rows/sequence-0536__proprietary_gpt__os15-s0083__trial-2.json,[]
537,proprietary_gpt,os15-s0083,3,positive,valid,True,False,os15-c000436,"[""os15-c000427"",""os15-c000103"",""os15-c000116"",""os15-c000492"",""os15-c000436""]",5,False,False,0.2,4862,results/owasp-sqli-v15-1-confirmatory-final/owasp-sqli-v15-1-confirmatory-20260823T131208Z/raw/ranking-rows/sequence-0537__proprietary_gpt__os15-s0083__trial-3.json,[]
538,proprietary_gpt,os15-s0083,4,positive,valid,True,False,os15-c000436,"[""os15-c000436"",""os15-c000116"",""os15-c000492"",""os15-c000103"",""os15-c000427""]",1,True,True,1.0,3672,results/owasp-sqli-v15-1-confirmatory-final/owasp-sqli-v15-1-confirmatory-20260823T131208Z/raw/ranking-rows/sequence-0538__proprietary_gpt__os15-s0083__trial-4.json,[]
539,proprietary_gpt,os15-s0083,5,positive,valid,True,False,os15-c000436,"[""os15-c000427"",""os15-c000103"",""os15-c000116"",""os15-c000492"",""os15-c000436""]",5,False,False,0.2,3900,results/owasp-sqli-v15-1-confirmatory-final/owasp-sqli-v15-1-confirmatory-20260823T131208Z/raw/ranking-rows/sequence-0539__proprietary_gpt__os15-s0083__trial-5.json,[]
540,proprietary_gpt,os15-s0084,1,positive,valid,True,False,os15-c000395,"[""os15-c000395"",""os15-c000261"",""os15-c000067"",""os15-c000243"",""os15-c000331""]",1,True,True,1.0,4092,results/owasp-sqli-v15-1-confirmatory-final/owasp-sqli-v15-1-confirmatory-20260823T131208Z/raw/ranking-rows/sequence-0540__proprietary_gpt__os15-s0084__trial-1.json,[]
541,proprietary_gpt,os15-s0084,2,positive,valid,True,False,os15-c000395,"[""os15-c000395"",""os15-c000261"",""os15-c000067"",""os15-c000243"",""os15-c000331""]",1,True,True,1.0,5967,results/owasp-sqli-v15-1-confirmatory-final/owasp-sqli-v15-1-confirmatory-20260823T131208Z/raw/ranking-rows/sequence-0541__proprietary_gpt__os15-s0084__trial-2.json,[]
542,proprietary_gpt,os15-s0084,3,positive,valid,True,False,os15-c000395,"[""os15-c000395"",""os15-c000261"",""os15-c000067"",""os15-c000243"",""os15-c000331""]",1,True,True,1.0,5941,results/owasp-sqli-v15-1-confirmatory-final/owasp-sqli-v15-1-confirmatory-20260823T131208Z/raw/ranking-rows/sequence-0542__proprietary_gpt__os15-s0084__trial-3.json,[]
543,proprietary_gpt,os15-s0084,4,positive,valid,True,False,os15-c000395,"[""os15-c000067"",""os15-c000243"",""os15-c000261"",""os15-c000395"",""os15-c000331""]",4,False,True,0.25,5850,results/owasp-sqli-v15-1-confirmatory-final/owasp-sqli-v15-1-confirmatory-20260823T131208Z/raw/ranking-rows/sequence-0543__proprietary_gpt__os15-s0084__trial-4.json,[]
544,proprietary_gpt,os15-s0084,5,positive,valid,True,False,os15-c000395,"[""os15-c000395"",""os15-c000261"",""os15-c000067"",""os15-c000243"",""os15-c000331""]",1,True,True,1.0,4495,results/owasp-sqli-v15-1-confirmatory-final/owasp-sqli-v15-1-confirmatory-20260823T131208Z/raw/ranking-rows/sequence-0544__proprietary_gpt__os15-s0084__trial-5.json,[]
545,proprietary_gpt,os15-s0085,1,positive,valid,True,False,os15-c000235,"[""os15-c000235"",""os15-c000384"",""os15-c000305"",""os15-c000464"",""os15-c000396""]",1,True,True,1.0,5121,results/owasp-sqli-v15-1-confirmatory-final/owasp-sqli-v15-1-confirmatory-20260823T131208Z/raw/ranking-rows/sequence-0545__proprietary_gpt__os15-s0085__trial-1.json,[]
546,proprietary_gpt,os15-s0085,2,positive,valid,True,False,os15-c000235,"[""os15-c000235"",""os15-c000384"",""os15-c000305"",""os15-c000464"",""os15-c000396""]",1,True,True,1.0,4306,results/owasp-sqli-v15-1-confirmatory-final/owasp-sqli-v15-1-confirmatory-20260823T131208Z/raw/ranking-rows/sequence-0546__proprietary_gpt__os15-s0085__trial-2.json,[]
547,proprietary_gpt,os15-s0085,3,positive,valid,True,False,os15-c000235,"[""os15-c000235"",""os15-c000384"",""os15-c000305"",""os15-c000464"",""os15-c000396""]",1,True,True,1.0,4147,results/owasp-sqli-v15-1-confirmatory-final/owasp-sqli-v15-1-confirmatory-20260823T131208Z/raw/ranking-rows/sequence-0547__proprietary_gpt__os15-s0085__trial-3.json,[]
548,proprietary_gpt,os15-s0085,4,positive,valid,True,False,os15-c000235,"[""os15-c000235"",""os15-c000384"",""os15-c000305"",""os15-c000464"",""os15-c000396""]",1,True,True,1.0,4265,results/owasp-sqli-v15-1-confirmatory-final/owasp-sqli-v15-1-confirmatory-20260823T131208Z/raw/ranking-rows/sequence-0548__proprietary_gpt__os15-s0085__trial-4.json,[]
549,proprietary_gpt,os15-s0085,5,positive,valid,True,False,os15-c000235,"[""os15-c000235"",""os15-c000384"",""os15-c000305"",""os15-c000464"",""os15-c000396""]",1,True,True,1.0,4057,results/owasp-sqli-v15-1-confirmatory-final/owasp-sqli-v15-1-confirmatory-20260823T131208Z/raw/ranking-rows/sequence-0549__proprietary_gpt__os15-s0085__trial-5.json,[]
550,proprietary_gpt,os15-s0086,1,positive,valid,True,False,os15-c000453,"[""os15-c000408"",""os15-c000110"",""os15-c000485"",""os15-c000453"",""os15-c000195""]",4,False,True,0.25,3275,results/owasp-sqli-v15-1-confirmatory-final/owasp-sqli-v15-1-confirmatory-20260823T131208Z/raw/ranking-rows/sequence-0550__proprietary_gpt__os15-s0086__trial-1.json,[]
551,proprietary_gpt,os15-s0086,2,positive,valid,True,False,os15-c000453,"[""os15-c000408"",""os15-c000110"",""os15-c000485"",""os15-c000453"",""os15-c000195""]",4,False,True,0.25,3782,results/owasp-sqli-v15-1-confirmatory-final/owasp-sqli-v15-1-confirmatory-20260823T131208Z/raw/ranking-rows/sequence-0551__proprietary_gpt__os15-s0086__trial-2.json,[]
552,proprietary_gpt,os15-s0086,3,positive,valid,True,False,os15-c000453,"[""os15-c000408"",""os15-c000110"",""os15-c000485"",""os15-c000453"",""os15-c000195""]",4,False,True,0.25,3875,results/owasp-sqli-v15-1-confirmatory-final/owasp-sqli-v15-1-confirmatory-20260823T131208Z/raw/ranking-rows/sequence-0552__proprietary_gpt__os15-s0086__trial-3.json,[]
553,proprietary_gpt,os15-s0086,4,positive,valid,True,False,os15-c000453,"[""os15-c000408"",""os15-c000110"",""os15-c000485"",""os15-c000453"",""os15-c000195""]",4,False,True,0.25,3422,results/owasp-sqli-v15-1-confirmatory-final/owasp-sqli-v15-1-confirmatory-20260823T131208Z/raw/ranking-rows/sequence-0553__proprietary_gpt__os15-s0086__trial-4.json,[]
554,proprietary_gpt,os15-s0086,5,positive,valid,True,False,os15-c000453,"[""os15-c000408"",""os15-c000110"",""os15-c000485"",""os15-c000453"",""os15-c000195""]",4,False,True,0.25,3664,results/owasp-sqli-v15-1-confirmatory-final/owasp-sqli-v15-1-confirmatory-20260823T131208Z/raw/ranking-rows/sequence-0554__proprietary_gpt__os15-s0086__trial-5.json,[]
555,proprietary_gpt,os15-s0087,1,positive,valid,True,False,os15-c000092,"[""os15-c000325"",""os15-c000163"",""os15-c000092"",""os15-c000414"",""os15-c000392""]",3,False,True,0.333333,3236,results/owasp-sqli-v15-1-confirmatory-final/owasp-sqli-v15-1-confirmatory-20260823T131208Z/raw/ranking-rows/sequence-0555__proprietary_gpt__os15-s0087__trial-1.json,[]
556,proprietary_gpt,os15-s0087,2,positive,valid,True,False,os15-c000092,"[""os15-c000325"",""os15-c000163"",""os15-c000092"",""os15-c000414"",""os15-c000392""]",3,False,True,0.333333,3819,results/owasp-sqli-v15-1-confirmatory-final/owasp-sqli-v15-1-confirmatory-20260823T131208Z/raw/ranking-rows/sequence-0556__proprietary_gpt__os15-s0087__trial-2.json,[]
557,proprietary_gpt,os15-s0087,3,positive,valid,True,False,os15-c000092,"[""os15-c000325"",""os15-c000163"",""os15-c000092"",""os15-c000414"",""os15-c000392""]",3,False,True,0.333333,3099,results/owasp-sqli-v15-1-confirmatory-final/owasp-sqli-v15-1-confirmatory-20260823T131208Z/raw/ranking-rows/sequence-0557__proprietary_gpt__os15-s0087__trial-3.json,[]
558,proprietary_gpt,os15-s0087,4,positive,valid,True,False,os15-c000092,"[""os15-c000325"",""os15-c000163"",""os15-c000092"",""os15-c000414"",""os15-c000392""]",3,False,True,0.333333,3328,results/owasp-sqli-v15-1-confirmatory-final/owasp-sqli-v15-1-confirmatory-20260823T131208Z/raw/ranking-rows/sequence-0558__proprietary_gpt__os15-s0087__trial-4.json,[]
559,proprietary_gpt,os15-s0087,5,positive,valid,True,False,os15-c000092,"[""os15-c000325"",""os15-c000163"",""os15-c000092"",""os15-c000414"",""os15-c000392""]",3,False,True,0.333333,3199,results/owasp-sqli-v15-1-confirmatory-final/owasp-sqli-v15-1-confirmatory-20260823T131208Z/raw/ranking-rows/sequence-0559__proprietary_gpt__os15-s0087__trial-5.json,[]
560,proprietary_gpt,os15-s0088,1,positive,valid,True,False,os15-c000233,"[""os15-c000450"",""os15-c000284"",""os15-c000233"",""os15-c000351"",""os15-c000210""]",3,False,True,0.333333,3721,results/owasp-sqli-v15-1-confirmatory-final/owasp-sqli-v15-1-confirmatory-20260823T131208Z/raw/ranking-rows/sequence-0560__proprietary_gpt__os15-s0088__trial-1.json,[]
561,proprietary_gpt,os15-s0088,2,positive,valid,True,False,os15-c000233,"[""os15-c000450"",""os15-c000284"",""os15-c000233"",""os15-c000351"",""os15-c000210""]",3,False,True,0.333333,4794,results/owasp-sqli-v15-1-confirmatory-final/owasp-sqli-v15-1-confirmatory-20260823T131208Z/raw/ranking-rows/sequence-0561__proprietary_gpt__os15-s0088__trial-2.json,[]
562,proprietary_gpt,os15-s0088,3,positive,valid,True,False,os15-c000233,"[""os15-c000450"",""os15-c000284"",""os15-c000233"",""os15-c000351"",""os15-c000210""]",3,False,True,0.333333,3969,results/owasp-sqli-v15-1-confirmatory-final/owasp-sqli-v15-1-confirmatory-20260823T131208Z/raw/ranking-rows/sequence-0562__proprietary_gpt__os15-s0088__trial-3.json,[]
563,proprietary_gpt,os15-s0088,4,positive,valid,True,False,os15-c000233,"[""os15-c000450"",""os15-c000284"",""os15-c000233"",""os15-c000351"",""os15-c000210""]",3,False,True,0.333333,3403,results/owasp-sqli-v15-1-confirmatory-final/owasp-sqli-v15-1-confirmatory-20260823T131208Z/raw/ranking-rows/sequence-0563__proprietary_gpt__os15-s0088__trial-4.json,[]
564,proprietary_gpt,os15-s0088,5,positive,valid,True,False,os15-c000233,"[""os15-c000450"",""os15-c000284"",""os15-c000233"",""os15-c000351"",""os15-c000210""]",3,False,True,0.333333,4934,results/owasp-sqli-v15-1-confirmatory-final/owasp-sqli-v15-1-confirmatory-20260823T131208Z/raw/ranking-rows/sequence-0564__proprietary_gpt__os15-s0088__trial-5.json,[]
565,proprietary_gpt,os15-s0089,1,positive,valid,True,False,os15-c000194,"[""os15-c000135"",""os15-c000122"",""os15-c000220"",""os15-c000311"",""os15-c000194""]",5,False,False,0.2,3822,results/owasp-sqli-v15-1-confirmatory-final/owasp-sqli-v15-1-confirmatory-20260823T131208Z/raw/ranking-rows/sequence-0565__proprietary_gpt__os15-s0089__trial-1.json,[]
566,proprietary_gpt,os15-s0089,2,positive,valid,True,False,os15-c000194,"[""os15-c000135"",""os15-c000122"",""os15-c000220"",""os15-c000311"",""os15-c000194""]",5,False,False,0.2,4447,results/owasp-sqli-v15-1-confirmatory-final/owasp-sqli-v15-1-confirmatory-20260823T131208Z/raw/ranking-rows/sequence-0566__proprietary_gpt__os15-s0089__trial-2.json,[]
567,proprietary_gpt,os15-s0089,3,positive,valid,True,False,os15-c000194,"[""os15-c000135"",""os15-c000122"",""os15-c000220"",""os15-c000311"",""os15-c000194""]",5,False,False,0.2,3593,results/owasp-sqli-v15-1-confirmatory-final/owasp-sqli-v15-1-confirmatory-20260823T131208Z/raw/ranking-rows/sequence-0567__proprietary_gpt__os15-s0089__trial-3.json,[]
568,proprietary_gpt,os15-s0089,4,positive,valid,True,False,os15-c000194,"[""os15-c000135"",""os15-c000122"",""os15-c000220"",""os15-c000311"",""os15-c000194""]",5,False,False,0.2,3744,results/owasp-sqli-v15-1-confirmatory-final/owasp-sqli-v15-1-confirmatory-20260823T131208Z/raw/ranking-rows/sequence-0568__proprietary_gpt__os15-s0089__trial-4.json,[]
569,proprietary_gpt,os15-s0089,5,positive,valid,True,False,os15-c000194,"[""os15-c000135"",""os15-c000122"",""os15-c000220"",""os15-c000311"",""os15-c000194""]",5,False,False,0.2,3095,results/owasp-sqli-v15-1-confirmatory-final/owasp-sqli-v15-1-confirmatory-20260823T131208Z/raw/ranking-rows/sequence-0569__proprietary_gpt__os15-s0089__trial-5.json,[]
570,proprietary_gpt,os15-s0090,1,positive,valid,True,False,os15-c000130,"[""os15-c000130"",""os15-c000470"",""os15-c000426"",""os15-c000312"",""os15-c000321""]",1,True,True,1.0,3557,results/owasp-sqli-v15-1-confirmatory-final/owasp-sqli-v15-1-confirmatory-20260823T131208Z/raw/ranking-rows/sequence-0570__proprietary_gpt__os15-s0090__trial-1.json,[]
571,proprietary_gpt,os15-s0090,2,positive,valid,True,False,os15-c000130,"[""os15-c000130"",""os15-c000470"",""os15-c000426"",""os15-c000312"",""os15-c000321""]",1,True,True,1.0,3718,results/owasp-sqli-v15-1-confirmatory-final/owasp-sqli-v15-1-confirmatory-20260823T131208Z/raw/ranking-rows/sequence-0571__proprietary_gpt__os15-s0090__trial-2.json,[]
572,proprietary_gpt,os15-s0090,3,positive,valid,True,False,os15-c000130,"[""os15-c000130"",""os15-c000470"",""os15-c000426"",""os15-c000312"",""os15-c000321""]",1,True,True,1.0,4206,results/owasp-sqli-v15-1-confirmatory-final/owasp-sqli-v15-1-confirmatory-20260823T131208Z/raw/ranking-rows/sequence-0572__proprietary_gpt__os15-s0090__trial-3.json,[]
573,proprietary_gpt,os15-s0090,4,positive,valid,True,False,os15-c000130,"[""os15-c000130"",""os15-c000470"",""os15-c000426"",""os15-c000312"",""os15-c000321""]",1,True,True,1.0,5470,results/owasp-sqli-v15-1-confirmatory-final/owasp-sqli-v15-1-confirmatory-20260823T131208Z/raw/ranking-rows/sequence-0573__proprietary_gpt__os15-s0090__trial-4.json,[]
574,proprietary_gpt,os15-s0090,5,positive,valid,True,False,os15-c000130,"[""os15-c000130"",""os15-c000426"",""os15-c000470"",""os15-c000312"",""os15-c000321""]",1,True,True,1.0,4157,results/owasp-sqli-v15-1-confirmatory-final/owasp-sqli-v15-1-confirmatory-20260823T131208Z/raw/ranking-rows/sequence-0574__proprietary_gpt__os15-s0090__trial-5.json,[]
575,proprietary_gpt,os15-s0091,1,positive,valid,True,False,os15-c000478,"[""os15-c000491"",""os15-c000478"",""os15-c000324"",""os15-c000150"",""os15-c000063""]",2,False,True,0.5,4248,results/owasp-sqli-v15-1-confirmatory-final/owasp-sqli-v15-1-confirmatory-20260823T131208Z/raw/ranking-rows/sequence-0575__proprietary_gpt__os15-s0091__trial-1.json,[]
576,proprietary_gpt,os15-s0091,2,positive,valid,True,False,os15-c000478,"[""os15-c000491"",""os15-c000478"",""os15-c000324"",""os15-c000150"",""os15-c000063""]",2,False,True,0.5,4486,results/owasp-sqli-v15-1-confirmatory-final/owasp-sqli-v15-1-confirmatory-20260823T131208Z/raw/ranking-rows/sequence-0576__proprietary_gpt__os15-s0091__trial-2.json,[]
577,proprietary_gpt,os15-s0091,3,positive,valid,True,False,os15-c000478,"[""os15-c000491"",""os15-c000478"",""os15-c000324"",""os15-c000150"",""os15-c000063""]",2,False,True,0.5,4539,results/owasp-sqli-v15-1-confirmatory-final/owasp-sqli-v15-1-confirmatory-20260823T131208Z/raw/ranking-rows/sequence-0577__proprietary_gpt__os15-s0091__trial-3.json,[]
578,proprietary_gpt,os15-s0091,4,positive,valid,True,False,os15-c000478,"[""os15-c000491"",""os15-c000478"",""os15-c000324"",""os15-c000150"",""os15-c000063""]",2,False,True,0.5,4297,results/owasp-sqli-v15-1-confirmatory-final/owasp-sqli-v15-1-confirmatory-20260823T131208Z/raw/ranking-rows/sequence-0578__proprietary_gpt__os15-s0091__trial-4.json,[]
579,proprietary_gpt,os15-s0091,5,positive,valid,True,False,os15-c000478,"[""os15-c000324"",""os15-c000491"",""os15-c000478"",""os15-c000150"",""os15-c000063""]",3,False,True,0.333333,4760,results/owasp-sqli-v15-1-confirmatory-final/owasp-sqli-v15-1-confirmatory-20260823T131208Z/raw/ranking-rows/sequence-0579__proprietary_gpt__os15-s0091__trial-5.json,[]
580,proprietary_gpt,os15-s0092,1,positive,valid,True,False,os15-c000191,"[""os15-c000295"",""os15-c000025"",""os15-c000191"",""os15-c000364"",""os15-c000343""]",3,False,True,0.333333,4302,results/owasp-sqli-v15-1-confirmatory-final/owasp-sqli-v15-1-confirmatory-20260823T131208Z/raw/ranking-rows/sequence-0580__proprietary_gpt__os15-s0092__trial-1.json,[]
581,proprietary_gpt,os15-s0092,2,positive,valid,True,False,os15-c000191,"[""os15-c000295"",""os15-c000025"",""os15-c000191"",""os15-c000343"",""os15-c000364""]",3,False,True,0.333333,4997,results/owasp-sqli-v15-1-confirmatory-final/owasp-sqli-v15-1-confirmatory-20260823T131208Z/raw/ranking-rows/sequence-0581__proprietary_gpt__os15-s0092__trial-2.json,[]
582,proprietary_gpt,os15-s0092,3,positive,valid,True,False,os15-c000191,"[""os15-c000295"",""os15-c000025"",""os15-c000191"",""os15-c000364"",""os15-c000343""]",3,False,True,0.333333,3988,results/owasp-sqli-v15-1-confirmatory-final/owasp-sqli-v15-1-confirmatory-20260823T131208Z/raw/ranking-rows/sequence-0582__proprietary_gpt__os15-s0092__trial-3.json,[]
583,proprietary_gpt,os15-s0092,4,positive,valid,True,False,os15-c000191,"[""os15-c000295"",""os15-c000025"",""os15-c000191"",""os15-c000364"",""os15-c000343""]",3,False,True,0.333333,4520,results/owasp-sqli-v15-1-confirmatory-final/owasp-sqli-v15-1-confirmatory-20260823T131208Z/raw/ranking-rows/sequence-0583__proprietary_gpt__os15-s0092__trial-4.json,[]
584,proprietary_gpt,os15-s0092,5,positive,valid,True,False,os15-c000191,"[""os15-c000295"",""os15-c000025"",""os15-c000191"",""os15-c000364"",""os15-c000343""]",3,False,True,0.333333,4645,results/owasp-sqli-v15-1-confirmatory-final/owasp-sqli-v15-1-confirmatory-20260823T131208Z/raw/ranking-rows/sequence-0584__proprietary_gpt__os15-s0092__trial-5.json,[]
585,proprietary_gpt,os15-s0093,1,positive,valid,True,False,os15-c000217,"[""os15-c000218"",""os15-c000217"",""os15-c000367"",""os15-c000209"",""os15-c000366""]",2,False,True,0.5,2998,results/owasp-sqli-v15-1-confirmatory-final/owasp-sqli-v15-1-confirmatory-20260823T131208Z/raw/ranking-rows/sequence-0585__proprietary_gpt__os15-s0093__trial-1.json,[]
586,proprietary_gpt,os15-s0093,2,positive,valid,True,False,os15-c000217,"[""os15-c000218"",""os15-c000217"",""os15-c000367"",""os15-c000209"",""os15-c000366""]",2,False,True,0.5,3086,results/owasp-sqli-v15-1-confirmatory-final/owasp-sqli-v15-1-confirmatory-20260823T131208Z/raw/ranking-rows/sequence-0586__proprietary_gpt__os15-s0093__trial-2.json,[]
587,proprietary_gpt,os15-s0093,3,positive,valid,True,False,os15-c000217,"[""os15-c000218"",""os15-c000217"",""os15-c000209"",""os15-c000366"",""os15-c000367""]",2,False,True,0.5,3891,results/owasp-sqli-v15-1-confirmatory-final/owasp-sqli-v15-1-confirmatory-20260823T131208Z/raw/ranking-rows/sequence-0587__proprietary_gpt__os15-s0093__trial-3.json,[]
588,proprietary_gpt,os15-s0093,4,positive,valid,True,False,os15-c000217,"[""os15-c000218"",""os15-c000217"",""os15-c000209"",""os15-c000366"",""os15-c000367""]",2,False,True,0.5,4256,results/owasp-sqli-v15-1-confirmatory-final/owasp-sqli-v15-1-confirmatory-20260823T131208Z/raw/ranking-rows/sequence-0588__proprietary_gpt__os15-s0093__trial-4.json,[]
589,proprietary_gpt,os15-s0093,5,positive,valid,True,False,os15-c000217,"[""os15-c000218"",""os15-c000217"",""os15-c000367"",""os15-c000209"",""os15-c000366""]",2,False,True,0.5,3549,results/owasp-sqli-v15-1-confirmatory-final/owasp-sqli-v15-1-confirmatory-20260823T131208Z/raw/ranking-rows/sequence-0589__proprietary_gpt__os15-s0093__trial-5.json,[]
590,proprietary_gpt,os15-s0094,1,positive,valid,True,False,os15-c000307,"[""os15-c000502"",""os15-c000307"",""os15-c000171"",""os15-c000207"",""os15-c000052""]",2,False,True,0.5,3824,results/owasp-sqli-v15-1-confirmatory-final/owasp-sqli-v15-1-confirmatory-20260823T131208Z/raw/ranking-rows/sequence-0590__proprietary_gpt__os15-s0094__trial-1.json,[]
591,proprietary_gpt,os15-s0094,2,positive,valid,True,False,os15-c000307,"[""os15-c000502"",""os15-c000307"",""os15-c000171"",""os15-c000207"",""os15-c000052""]",2,False,True,0.5,3524,results/owasp-sqli-v15-1-confirmatory-final/owasp-sqli-v15-1-confirmatory-20260823T131208Z/raw/ranking-rows/sequence-0591__proprietary_gpt__os15-s0094__trial-2.json,[]
592,proprietary_gpt,os15-s0094,3,positive,valid,True,False,os15-c000307,"[""os15-c000307"",""os15-c000502"",""os15-c000171"",""os15-c000207"",""os15-c000052""]",1,True,True,1.0,3755,results/owasp-sqli-v15-1-confirmatory-final/owasp-sqli-v15-1-confirmatory-20260823T131208Z/raw/ranking-rows/sequence-0592__proprietary_gpt__os15-s0094__trial-3.json,[]
593,proprietary_gpt,os15-s0094,4,positive,valid,True,False,os15-c000307,"[""os15-c000307"",""os15-c000502"",""os15-c000171"",""os15-c000052"",""os15-c000207""]",1,True,True,1.0,4328,results/owasp-sqli-v15-1-confirmatory-final/owasp-sqli-v15-1-confirmatory-20260823T131208Z/raw/ranking-rows/sequence-0593__proprietary_gpt__os15-s0094__trial-4.json,[]
594,proprietary_gpt,os15-s0094,5,positive,valid,True,False,os15-c000307,"[""os15-c000502"",""os15-c000307"",""os15-c000171"",""os15-c000207"",""os15-c000052""]",2,False,True,0.5,3728,results/owasp-sqli-v15-1-confirmatory-final/owasp-sqli-v15-1-confirmatory-20260823T131208Z/raw/ranking-rows/sequence-0594__proprietary_gpt__os15-s0094__trial-5.json,[]
595,proprietary_gpt,os15-s0095,1,positive,valid,True,False,os15-c000306,"[""os15-c000306"",""os15-c000428"",""os15-c000330"",""os15-c000053"",""os15-c000054""]",1,True,True,1.0,4420,results/owasp-sqli-v15-1-confirmatory-final/owasp-sqli-v15-1-confirmatory-20260823T131208Z/raw/ranking-rows/sequence-0595__proprietary_gpt__os15-s0095__trial-1.json,[]
596,proprietary_gpt,os15-s0095,2,positive,valid,True,False,os15-c000306,"[""os15-c000428"",""os15-c000306"",""os15-c000330"",""os15-c000054"",""os15-c000053""]",2,False,True,0.5,3584,results/owasp-sqli-v15-1-confirmatory-final/owasp-sqli-v15-1-confirmatory-20260823T131208Z/raw/ranking-rows/sequence-0596__proprietary_gpt__os15-s0095__trial-2.json,[]
597,proprietary_gpt,os15-s0095,3,positive,valid,True,False,os15-c000306,"[""os15-c000428"",""os15-c000306"",""os15-c000330"",""os15-c000054"",""os15-c000053""]",2,False,True,0.5,3393,results/owasp-sqli-v15-1-confirmatory-final/owasp-sqli-v15-1-confirmatory-20260823T131208Z/raw/ranking-rows/sequence-0597__proprietary_gpt__os15-s0095__trial-3.json,[]
598,proprietary_gpt,os15-s0095,4,positive,valid,True,False,os15-c000306,"[""os15-c000306"",""os15-c000428"",""os15-c000330"",""os15-c000054"",""os15-c000053""]",1,True,True,1.0,3781,results/owasp-sqli-v15-1-confirmatory-final/owasp-sqli-v15-1-confirmatory-20260823T131208Z/raw/ranking-rows/sequence-0598__proprietary_gpt__os15-s0095__trial-4.json,[]
599,proprietary_gpt,os15-s0095,5,positive,valid,True,False,os15-c000306,"[""os15-c000428"",""os15-c000306"",""os15-c000330"",""os15-c000054"",""os15-c000053""]",2,False,True,0.5,4144,results/owasp-sqli-v15-1-confirmatory-final/owasp-sqli-v15-1-confirmatory-20260823T131208Z/raw/ranking-rows/sequence-0599__proprietary_gpt__os15-s0095__trial-5.json,[]
600,proprietary_gpt,os15-s0096,1,positive,valid,True,False,os15-c000142,"[""os15-c000112"",""os15-c000236"",""os15-c000142"",""os15-c000293"",""os15-c000452""]",3,False,True,0.333333,3662,results/owasp-sqli-v15-1-confirmatory-final/owasp-sqli-v15-1-confirmatory-20260823T131208Z/raw/ranking-rows/sequence-0600__proprietary_gpt__os15-s0096__trial-1.json,[]
601,proprietary_gpt,os15-s0096,2,positive,valid,True,False,os15-c000142,"[""os15-c000112"",""os15-c000236"",""os15-c000142"",""os15-c000293"",""os15-c000452""]",3,False,True,0.333333,3641,results/owasp-sqli-v15-1-confirmatory-final/owasp-sqli-v15-1-confirmatory-20260823T131208Z/raw/ranking-rows/sequence-0601__proprietary_gpt__os15-s0096__trial-2.json,[]
602,proprietary_gpt,os15-s0096,3,positive,valid,True,False,os15-c000142,"[""os15-c000112"",""os15-c000236"",""os15-c000142"",""os15-c000293"",""os15-c000452""]",3,False,True,0.333333,3215,results/owasp-sqli-v15-1-confirmatory-final/owasp-sqli-v15-1-confirmatory-20260823T131208Z/raw/ranking-rows/sequence-0602__proprietary_gpt__os15-s0096__trial-3.json,[]
603,proprietary_gpt,os15-s0096,4,positive,valid,True,False,os15-c000142,"[""os15-c000112"",""os15-c000236"",""os15-c000142"",""os15-c000293"",""os15-c000452""]",3,False,True,0.333333,4150,results/owasp-sqli-v15-1-confirmatory-final/owasp-sqli-v15-1-confirmatory-20260823T131208Z/raw/ranking-rows/sequence-0603__proprietary_gpt__os15-s0096__trial-4.json,[]
604,proprietary_gpt,os15-s0096,5,positive,valid,True,False,os15-c000142,"[""os15-c000452"",""os15-c000142"",""os15-c000293"",""os15-c000112"",""os15-c000236""]",2,False,True,0.5,4509,results/owasp-sqli-v15-1-confirmatory-final/owasp-sqli-v15-1-confirmatory-20260823T131208Z/raw/ranking-rows/sequence-0604__proprietary_gpt__os15-s0096__trial-5.json,[]
605,proprietary_gpt,os15-s0097,1,positive,valid,True,False,os15-c000361,"[""os15-c000084"",""os15-c000152"",""os15-c000361"",""os15-c000362"",""os15-c000203""]",3,False,True,0.333333,4154,results/owasp-sqli-v15-1-confirmatory-final/owasp-sqli-v15-1-confirmatory-20260823T131208Z/raw/ranking-rows/sequence-0605__proprietary_gpt__os15-s0097__trial-1.json,[]
606,proprietary_gpt,os15-s0097,2,positive,valid,True,False,os15-c000361,"[""os15-c000084"",""os15-c000152"",""os15-c000361"",""os15-c000362"",""os15-c000203""]",3,False,True,0.333333,3486,results/owasp-sqli-v15-1-confirmatory-final/owasp-sqli-v15-1-confirmatory-20260823T131208Z/raw/ranking-rows/sequence-0606__proprietary_gpt__os15-s0097__trial-2.json,[]
607,proprietary_gpt,os15-s0097,3,positive,valid,True,False,os15-c000361,"[""os15-c000084"",""os15-c000152"",""os15-c000361"",""os15-c000362"",""os15-c000203""]",3,False,True,0.333333,5154,results/owasp-sqli-v15-1-confirmatory-final/owasp-sqli-v15-1-confirmatory-20260823T131208Z/raw/ranking-rows/sequence-0607__proprietary_gpt__os15-s0097__trial-3.json,[]
608,proprietary_gpt,os15-s0097,4,positive,valid,True,False,os15-c000361,"[""os15-c000084"",""os15-c000152"",""os15-c000203"",""os15-c000361"",""os15-c000362""]",4,False,True,0.25,5626,results/owasp-sqli-v15-1-confirmatory-final/owasp-sqli-v15-1-confirmatory-20260823T131208Z/raw/ranking-rows/sequence-0608__proprietary_gpt__os15-s0097__trial-4.json,[]
609,proprietary_gpt,os15-s0097,5,positive,valid,True,False,os15-c000361,"[""os15-c000084"",""os15-c000152"",""os15-c000203"",""os15-c000361"",""os15-c000362""]",4,False,True,0.25,4529,results/owasp-sqli-v15-1-confirmatory-final/owasp-sqli-v15-1-confirmatory-20260823T131208Z/raw/ranking-rows/sequence-0609__proprietary_gpt__os15-s0097__trial-5.json,[]
610,proprietary_gpt,os15-s0098,1,positive,valid,True,False,os15-c000059,"[""os15-c000481"",""os15-c000432"",""os15-c000020"",""os15-c000059"",""os15-c000064""]",4,False,True,0.25,4146,results/owasp-sqli-v15-1-confirmatory-final/owasp-sqli-v15-1-confirmatory-20260823T131208Z/raw/ranking-rows/sequence-0610__proprietary_gpt__os15-s0098__trial-1.json,[]
611,proprietary_gpt,os15-s0098,2,positive,valid,True,False,os15-c000059,"[""os15-c000481"",""os15-c000432"",""os15-c000020"",""os15-c000059"",""os15-c000064""]",4,False,True,0.25,3820,results/owasp-sqli-v15-1-confirmatory-final/owasp-sqli-v15-1-confirmatory-20260823T131208Z/raw/ranking-rows/sequence-0611__proprietary_gpt__os15-s0098__trial-2.json,[]
612,proprietary_gpt,os15-s0098,3,positive,valid,True,False,os15-c000059,"[""os15-c000481"",""os15-c000432"",""os15-c000059"",""os15-c000064"",""os15-c000020""]",3,False,True,0.333333,5547,results/owasp-sqli-v15-1-confirmatory-final/owasp-sqli-v15-1-confirmatory-20260823T131208Z/raw/ranking-rows/sequence-0612__proprietary_gpt__os15-s0098__trial-3.json,[]
613,proprietary_gpt,os15-s0098,4,positive,valid,True,False,os15-c000059,"[""os15-c000481"",""os15-c000432"",""os15-c000020"",""os15-c000059"",""os15-c000064""]",4,False,True,0.25,4295,results/owasp-sqli-v15-1-confirmatory-final/owasp-sqli-v15-1-confirmatory-20260823T131208Z/raw/ranking-rows/sequence-0613__proprietary_gpt__os15-s0098__trial-4.json,[]
614,proprietary_gpt,os15-s0098,5,positive,valid,True,False,os15-c000059,"[""os15-c000481"",""os15-c000432"",""os15-c000020"",""os15-c000059"",""os15-c000064""]",4,False,True,0.25,4272,results/owasp-sqli-v15-1-confirmatory-final/owasp-sqli-v15-1-confirmatory-20260823T131208Z/raw/ranking-rows/sequence-0614__proprietary_gpt__os15-s0098__trial-5.json,[]
615,proprietary_gpt,os15-s0099,1,positive,valid,True,False,os15-c000129,"[""os15-c000503"",""os15-c000129"",""os15-c000153"",""os15-c000373"",""os15-c000162""]",2,False,True,0.5,5725,results/owasp-sqli-v15-1-confirmatory-final/owasp-sqli-v15-1-confirmatory-20260823T131208Z/raw/ranking-rows/sequence-0615__proprietary_gpt__os15-s0099__trial-1.json,[]
616,proprietary_gpt,os15-s0099,2,positive,valid,True,False,os15-c000129,"[""os15-c000503"",""os15-c000129"",""os15-c000153"",""os15-c000373"",""os15-c000162""]",2,False,True,0.5,4649,results/owasp-sqli-v15-1-confirmatory-final/owasp-sqli-v15-1-confirmatory-20260823T131208Z/raw/ranking-rows/sequence-0616__proprietary_gpt__os15-s0099__trial-2.json,[]
617,proprietary_gpt,os15-s0099,3,positive,valid,True,False,os15-c000129,"[""os15-c000503"",""os15-c000129"",""os15-c000153"",""os15-c000162"",""os15-c000373""]",2,False,True,0.5,6025,results/owasp-sqli-v15-1-confirmatory-final/owasp-sqli-v15-1-confirmatory-20260823T131208Z/raw/ranking-rows/sequence-0617__proprietary_gpt__os15-s0099__trial-3.json,[]
618,proprietary_gpt,os15-s0099,4,positive,valid,True,False,os15-c000129,"[""os15-c000503"",""os15-c000129"",""os15-c000153"",""os15-c000373"",""os15-c000162""]",2,False,True,0.5,4307,results/owasp-sqli-v15-1-confirmatory-final/owasp-sqli-v15-1-confirmatory-20260823T131208Z/raw/ranking-rows/sequence-0618__proprietary_gpt__os15-s0099__trial-4.json,[]
619,proprietary_gpt,os15-s0099,5,positive,valid,True,False,os15-c000129,"[""os15-c000503"",""os15-c000129"",""os15-c000153"",""os15-c000373"",""os15-c000162""]",2,False,True,0.5,4995,results/owasp-sqli-v15-1-confirmatory-final/owasp-sqli-v15-1-confirmatory-20260823T131208Z/raw/ranking-rows/sequence-0619__proprietary_gpt__os15-s0099__trial-5.json,[]
620,proprietary_gpt,os15-s0100,1,positive,valid,True,False,os15-c000095,"[""os15-c000111"",""os15-c000074"",""os15-c000095"",""os15-c000093"",""os15-c000051""]",3,False,True,0.333333,3321,results/owasp-sqli-v15-1-confirmatory-final/owasp-sqli-v15-1-confirmatory-20260823T131208Z/raw/ranking-rows/sequence-0620__proprietary_gpt__os15-s0100__trial-1.json,[]
621,proprietary_gpt,os15-s0100,2,positive,valid,True,False,os15-c000095,"[""os15-c000111"",""os15-c000074"",""os15-c000095"",""os15-c000093"",""os15-c000051""]",3,False,True,0.333333,7569,results/owasp-sqli-v15-1-confirmatory-final/owasp-sqli-v15-1-confirmatory-20260823T131208Z/raw/ranking-rows/sequence-0621__proprietary_gpt__os15-s0100__trial-2.json,[]
622,proprietary_gpt,os15-s0100,3,positive,valid,True,False,os15-c000095,"[""os15-c000111"",""os15-c000074"",""os15-c000095"",""os15-c000093"",""os15-c000051""]",3,False,True,0.333333,3843,results/owasp-sqli-v15-1-confirmatory-final/owasp-sqli-v15-1-confirmatory-20260823T131208Z/raw/ranking-rows/sequence-0622__proprietary_gpt__os15-s0100__trial-3.json,[]
623,proprietary_gpt,os15-s0100,4,positive,valid,True,False,os15-c000095,"[""os15-c000111"",""os15-c000095"",""os15-c000093"",""os15-c000074"",""os15-c000051""]",2,False,True,0.5,3753,results/owasp-sqli-v15-1-confirmatory-final/owasp-sqli-v15-1-confirmatory-20260823T131208Z/raw/ranking-rows/sequence-0623__proprietary_gpt__os15-s0100__trial-4.json,[]
624,proprietary_gpt,os15-s0100,5,positive,valid,True,False,os15-c000095,"[""os15-c000111"",""os15-c000074"",""os15-c000095"",""os15-c000093"",""os15-c000051""]",3,False,True,0.333333,3871,results/owasp-sqli-v15-1-confirmatory-final/owasp-sqli-v15-1-confirmatory-20260823T131208Z/raw/ranking-rows/sequence-0624__proprietary_gpt__os15-s0100__trial-5.json,[]
625,proprietary_gpt,os15-s0101,1,positive,valid,True,False,os15-c000034,"[""os15-c000466"",""os15-c000083"",""os15-c000358"",""os15-c000034"",""os15-c000329""]",4,False,True,0.25,15597,results/owasp-sqli-v15-1-confirmatory-final/owasp-sqli-v15-1-confirmatory-20260823T131208Z/raw/ranking-rows/sequence-0625__proprietary_gpt__os15-s0101__trial-1.json,[]
626,proprietary_gpt,os15-s0101,2,positive,valid,True,False,os15-c000034,"[""os15-c000466"",""os15-c000083"",""os15-c000329"",""os15-c000358"",""os15-c000034""]",5,False,False,0.2,3875,results/owasp-sqli-v15-1-confirmatory-final/owasp-sqli-v15-1-confirmatory-20260823T131208Z/raw/ranking-rows/sequence-0626__proprietary_gpt__os15-s0101__trial-2.json,[]
627,proprietary_gpt,os15-s0101,3,positive,valid,True,False,os15-c000034,"[""os15-c000083"",""os15-c000466"",""os15-c000329"",""os15-c000358"",""os15-c000034""]",5,False,False,0.2,4010,results/owasp-sqli-v15-1-confirmatory-final/owasp-sqli-v15-1-confirmatory-20260823T131208Z/raw/ranking-rows/sequence-0627__proprietary_gpt__os15-s0101__trial-3.json,[]
628,proprietary_gpt,os15-s0101,4,positive,valid,True,False,os15-c000034,"[""os15-c000083"",""os15-c000466"",""os15-c000358"",""os15-c000034"",""os15-c000329""]",4,False,True,0.25,3248,results/owasp-sqli-v15-1-confirmatory-final/owasp-sqli-v15-1-confirmatory-20260823T131208Z/raw/ranking-rows/sequence-0628__proprietary_gpt__os15-s0101__trial-4.json,[]
629,proprietary_gpt,os15-s0101,5,positive,valid,True,False,os15-c000034,"[""os15-c000466"",""os15-c000083"",""os15-c000358"",""os15-c000034"",""os15-c000329""]",4,False,True,0.25,5002,results/owasp-sqli-v15-1-confirmatory-final/owasp-sqli-v15-1-confirmatory-20260823T131208Z/raw/ranking-rows/sequence-0629__proprietary_gpt__os15-s0101__trial-5.json,[]
630,proprietary_gpt,os15-s0102,1,positive,valid,True,False,os15-c000193,"[""os15-c000493"",""os15-c000223"",""os15-c000410"",""os15-c000372"",""os15-c000193""]",5,False,False,0.2,3711,results/owasp-sqli-v15-1-confirmatory-final/owasp-sqli-v15-1-confirmatory-20260823T131208Z/raw/ranking-rows/sequence-0630__proprietary_gpt__os15-s0102__trial-1.json,[]
631,proprietary_gpt,os15-s0102,2,positive,valid,True,False,os15-c000193,"[""os15-c000493"",""os15-c000223"",""os15-c000410"",""os15-c000372"",""os15-c000193""]",5,False,False,0.2,3811,results/owasp-sqli-v15-1-confirmatory-final/owasp-sqli-v15-1-confirmatory-20260823T131208Z/raw/ranking-rows/sequence-0631__proprietary_gpt__os15-s0102__trial-2.json,[]
632,proprietary_gpt,os15-s0102,3,positive,valid,True,False,os15-c000193,"[""os15-c000493"",""os15-c000223"",""os15-c000410"",""os15-c000372"",""os15-c000193""]",5,False,False,0.2,6077,results/owasp-sqli-v15-1-confirmatory-final/owasp-sqli-v15-1-confirmatory-20260823T131208Z/raw/ranking-rows/sequence-0632__proprietary_gpt__os15-s0102__trial-3.json,[]
633,proprietary_gpt,os15-s0102,4,positive,valid,True,False,os15-c000193,"[""os15-c000493"",""os15-c000223"",""os15-c000410"",""os15-c000372"",""os15-c000193""]",5,False,False,0.2,5144,results/owasp-sqli-v15-1-confirmatory-final/owasp-sqli-v15-1-confirmatory-20260823T131208Z/raw/ranking-rows/sequence-0633__proprietary_gpt__os15-s0102__trial-4.json,[]
634,proprietary_gpt,os15-s0102,5,positive,valid,True,False,os15-c000193,"[""os15-c000223"",""os15-c000410"",""os15-c000493"",""os15-c000372"",""os15-c000193""]",5,False,False,0.2,5568,results/owasp-sqli-v15-1-confirmatory-final/owasp-sqli-v15-1-confirmatory-20260823T131208Z/raw/ranking-rows/sequence-0634__proprietary_gpt__os15-s0102__trial-5.json,[]
635,proprietary_gpt,os15-s0103,1,positive,valid,True,False,os15-c000357,"[""os15-c000087"",""os15-c000455"",""os15-c000336"",""os15-c000192"",""os15-c000357""]",5,False,False,0.2,4988,results/owasp-sqli-v15-1-confirmatory-final/owasp-sqli-v15-1-confirmatory-20260823T131208Z/raw/ranking-rows/sequence-0635__proprietary_gpt__os15-s0103__trial-1.json,[]
636,proprietary_gpt,os15-s0103,2,positive,valid,True,False,os15-c000357,"[""os15-c000455"",""os15-c000087"",""os15-c000336"",""os15-c000192"",""os15-c000357""]",5,False,False,0.2,4882,results/owasp-sqli-v15-1-confirmatory-final/owasp-sqli-v15-1-confirmatory-20260823T131208Z/raw/ranking-rows/sequence-0636__proprietary_gpt__os15-s0103__trial-2.json,[]
637,proprietary_gpt,os15-s0103,3,positive,valid,True,False,os15-c000357,"[""os15-c000455"",""os15-c000087"",""os15-c000336"",""os15-c000192"",""os15-c000357""]",5,False,False,0.2,5866,results/owasp-sqli-v15-1-confirmatory-final/owasp-sqli-v15-1-confirmatory-20260823T131208Z/raw/ranking-rows/sequence-0637__proprietary_gpt__os15-s0103__trial-3.json,[]
638,proprietary_gpt,os15-s0103,4,positive,valid,True,False,os15-c000357,"[""os15-c000087"",""os15-c000455"",""os15-c000336"",""os15-c000192"",""os15-c000357""]",5,False,False,0.2,3781,results/owasp-sqli-v15-1-confirmatory-final/owasp-sqli-v15-1-confirmatory-20260823T131208Z/raw/ranking-rows/sequence-0638__proprietary_gpt__os15-s0103__trial-4.json,[]
639,proprietary_gpt,os15-s0103,5,positive,valid,True,False,os15-c000357,"[""os15-c000087"",""os15-c000455"",""os15-c000336"",""os15-c000192"",""os15-c000357""]",5,False,False,0.2,5919,results/owasp-sqli-v15-1-confirmatory-final/owasp-sqli-v15-1-confirmatory-20260823T131208Z/raw/ranking-rows/sequence-0639__proprietary_gpt__os15-s0103__trial-5.json,[]
640,proprietary_gpt,os15-s0104,1,positive,valid,True,False,os15-c000109,"[""os15-c000216"",""os15-c000323"",""os15-c000109"",""os15-c000151"",""os15-c000337""]",3,False,True,0.333333,3746,results/owasp-sqli-v15-1-confirmatory-final/owasp-sqli-v15-1-confirmatory-20260823T131208Z/raw/ranking-rows/sequence-0640__proprietary_gpt__os15-s0104__trial-1.json,[]
641,proprietary_gpt,os15-s0104,2,positive,valid,True,False,os15-c000109,"[""os15-c000216"",""os15-c000323"",""os15-c000109"",""os15-c000151"",""os15-c000337""]",3,False,True,0.333333,3539,results/owasp-sqli-v15-1-confirmatory-final/owasp-sqli-v15-1-confirmatory-20260823T131208Z/raw/ranking-rows/sequence-0641__proprietary_gpt__os15-s0104__trial-2.json,[]
642,proprietary_gpt,os15-s0104,3,positive,valid,True,False,os15-c000109,"[""os15-c000216"",""os15-c000323"",""os15-c000109"",""os15-c000151"",""os15-c000337""]",3,False,True,0.333333,4168,results/owasp-sqli-v15-1-confirmatory-final/owasp-sqli-v15-1-confirmatory-20260823T131208Z/raw/ranking-rows/sequence-0642__proprietary_gpt__os15-s0104__trial-3.json,[]
643,proprietary_gpt,os15-s0104,4,positive,valid,True,False,os15-c000109,"[""os15-c000216"",""os15-c000323"",""os15-c000109"",""os15-c000151"",""os15-c000337""]",3,False,True,0.333333,4314,results/owasp-sqli-v15-1-confirmatory-final/owasp-sqli-v15-1-confirmatory-20260823T131208Z/raw/ranking-rows/sequence-0643__proprietary_gpt__os15-s0104__trial-4.json,[]
644,proprietary_gpt,os15-s0104,5,positive,valid,True,False,os15-c000109,"[""os15-c000216"",""os15-c000323"",""os15-c000109"",""os15-c000151"",""os15-c000337""]",3,False,True,0.333333,3966,results/owasp-sqli-v15-1-confirmatory-final/owasp-sqli-v15-1-confirmatory-20260823T131208Z/raw/ranking-rows/sequence-0644__proprietary_gpt__os15-s0104__trial-5.json,[]
645,proprietary_gpt,os15-s0105,1,positive,valid,True,False,os15-c000179,"[""os15-c000154"",""os15-c000308"",""os15-c000388"",""os15-c000131"",""os15-c000179""]",5,False,False,0.2,4671,results/owasp-sqli-v15-1-confirmatory-final/owasp-sqli-v15-1-confirmatory-20260823T131208Z/raw/ranking-rows/sequence-0645__proprietary_gpt__os15-s0105__trial-1.json,[]
646,proprietary_gpt,os15-s0105,2,positive,valid,True,False,os15-c000179,"[""os15-c000154"",""os15-c000308"",""os15-c000388"",""os15-c000131"",""os15-c000179""]",5,False,False,0.2,5173,results/owasp-sqli-v15-1-confirmatory-final/owasp-sqli-v15-1-confirmatory-20260823T131208Z/raw/ranking-rows/sequence-0646__proprietary_gpt__os15-s0105__trial-2.json,[]
647,proprietary_gpt,os15-s0105,3,positive,valid,True,False,os15-c000179,"[""os15-c000154"",""os15-c000308"",""os15-c000388"",""os15-c000131"",""os15-c000179""]",5,False,False,0.2,3559,results/owasp-sqli-v15-1-confirmatory-final/owasp-sqli-v15-1-confirmatory-20260823T131208Z/raw/ranking-rows/sequence-0647__proprietary_gpt__os15-s0105__trial-3.json,[]
648,proprietary_gpt,os15-s0105,4,positive,valid,True,False,os15-c000179,"[""os15-c000154"",""os15-c000308"",""os15-c000388"",""os15-c000131"",""os15-c000179""]",5,False,False,0.2,4061,results/owasp-sqli-v15-1-confirmatory-final/owasp-sqli-v15-1-confirmatory-20260823T131208Z/raw/ranking-rows/sequence-0648__proprietary_gpt__os15-s0105__trial-4.json,[]
649,proprietary_gpt,os15-s0105,5,positive,valid,True,False,os15-c000179,"[""os15-c000154"",""os15-c000308"",""os15-c000388"",""os15-c000131"",""os15-c000179""]",5,False,False,0.2,4616,results/owasp-sqli-v15-1-confirmatory-final/owasp-sqli-v15-1-confirmatory-20260823T131208Z/raw/ranking-rows/sequence-0649__proprietary_gpt__os15-s0105__trial-5.json,[]
650,proprietary_gpt,os15-s0106,1,negative_only,valid,True,False,not_applicable,"[""os15-c000236"",""os15-c000112"",""os15-c000293"",""os15-c000152"",""os15-c000452""]",not_applicable,not_applicable,not_applicable,not_applicable,4723,results/owasp-sqli-v15-1-confirmatory-final/owasp-sqli-v15-1-confirmatory-20260823T131208Z/raw/ranking-rows/sequence-0650__proprietary_gpt__os15-s0106__trial-1.json,[]
651,proprietary_gpt,os15-s0106,2,negative_only,valid,True,False,not_applicable,"[""os15-c000236"",""os15-c000112"",""os15-c000293"",""os15-c000152"",""os15-c000452""]",not_applicable,not_applicable,not_applicable,not_applicable,3329,results/owasp-sqli-v15-1-confirmatory-final/owasp-sqli-v15-1-confirmatory-20260823T131208Z/raw/ranking-rows/sequence-0651__proprietary_gpt__os15-s0106__trial-2.json,[]
652,proprietary_gpt,os15-s0106,3,negative_only,valid,True,False,not_applicable,"[""os15-c000236"",""os15-c000112"",""os15-c000293"",""os15-c000152"",""os15-c000452""]",not_applicable,not_applicable,not_applicable,not_applicable,3132,results/owasp-sqli-v15-1-confirmatory-final/owasp-sqli-v15-1-confirmatory-20260823T131208Z/raw/ranking-rows/sequence-0652__proprietary_gpt__os15-s0106__trial-3.json,[]
653,proprietary_gpt,os15-s0106,4,negative_only,valid,True,False,not_applicable,"[""os15-c000236"",""os15-c000112"",""os15-c000293"",""os15-c000152"",""os15-c000452""]",not_applicable,not_applicable,not_applicable,not_applicable,3096,results/owasp-sqli-v15-1-confirmatory-final/owasp-sqli-v15-1-confirmatory-20260823T131208Z/raw/ranking-rows/sequence-0653__proprietary_gpt__os15-s0106__trial-4.json,[]
654,proprietary_gpt,os15-s0106,5,negative_only,valid,True,False,not_applicable,"[""os15-c000236"",""os15-c000112"",""os15-c000293"",""os15-c000152"",""os15-c000452""]",not_applicable,not_applicable,not_applicable,not_applicable,3271,results/owasp-sqli-v15-1-confirmatory-final/owasp-sqli-v15-1-confirmatory-20260823T131208Z/raw/ranking-rows/sequence-0654__proprietary_gpt__os15-s0106__trial-5.json,[]
655,proprietary_gpt,os15-s0107,1,negative_only,valid,True,False,not_applicable,"[""os15-c000084"",""os15-c000481"",""os15-c000432"",""os15-c000203"",""os15-c000362""]",not_applicable,not_applicable,not_applicable,not_applicable,4446,results/owasp-sqli-v15-1-confirmatory-final/owasp-sqli-v15-1-confirmatory-20260823T131208Z/raw/ranking-rows/sequence-0655__proprietary_gpt__os15-s0107__trial-1.json,[]
656,proprietary_gpt,os15-s0107,2,negative_only,valid,True,False,not_applicable,"[""os15-c000084"",""os15-c000481"",""os15-c000432"",""os15-c000203"",""os15-c000362""]",not_applicable,not_applicable,not_applicable,not_applicable,4387,results/owasp-sqli-v15-1-confirmatory-final/owasp-sqli-v15-1-confirmatory-20260823T131208Z/raw/ranking-rows/sequence-0656__proprietary_gpt__os15-s0107__trial-2.json,[]
657,proprietary_gpt,os15-s0107,3,negative_only,valid,True,False,not_applicable,"[""os15-c000084"",""os15-c000481"",""os15-c000432"",""os15-c000203"",""os15-c000362""]",not_applicable,not_applicable,not_applicable,not_applicable,4115,results/owasp-sqli-v15-1-confirmatory-final/owasp-sqli-v15-1-confirmatory-20260823T131208Z/raw/ranking-rows/sequence-0657__proprietary_gpt__os15-s0107__trial-3.json,[]
658,proprietary_gpt,os15-s0107,4,negative_only,valid,True,False,not_applicable,"[""os15-c000084"",""os15-c000481"",""os15-c000432"",""os15-c000203"",""os15-c000362""]",not_applicable,not_applicable,not_applicable,not_applicable,3594,results/owasp-sqli-v15-1-confirmatory-final/owasp-sqli-v15-1-confirmatory-20260823T131208Z/raw/ranking-rows/sequence-0658__proprietary_gpt__os15-s0107__trial-4.json,[]
659,proprietary_gpt,os15-s0107,5,negative_only,valid,True,False,not_applicable,"[""os15-c000084"",""os15-c000481"",""os15-c000432"",""os15-c000203"",""os15-c000362""]",not_applicable,not_applicable,not_applicable,not_applicable,3693,results/owasp-sqli-v15-1-confirmatory-final/owasp-sqli-v15-1-confirmatory-20260823T131208Z/raw/ranking-rows/sequence-0659__proprietary_gpt__os15-s0107__trial-5.json,[]
660,proprietary_gpt,os15-s0108,1,negative_only,valid,True,False,not_applicable,"[""os15-c000503"",""os15-c000162"",""os15-c000153"",""os15-c000020"",""os15-c000064""]",not_applicable,not_applicable,not_applicable,not_applicable,4529,results/owasp-sqli-v15-1-confirmatory-final/owasp-sqli-v15-1-confirmatory-20260823T131208Z/raw/ranking-rows/sequence-0660__proprietary_gpt__os15-s0108__trial-1.json,[]
661,proprietary_gpt,os15-s0108,2,negative_only,valid,True,False,not_applicable,"[""os15-c000503"",""os15-c000153"",""os15-c000162"",""os15-c000020"",""os15-c000064""]",not_applicable,not_applicable,not_applicable,not_applicable,5017,results/owasp-sqli-v15-1-confirmatory-final/owasp-sqli-v15-1-confirmatory-20260823T131208Z/raw/ranking-rows/sequence-0661__proprietary_gpt__os15-s0108__trial-2.json,[]
662,proprietary_gpt,os15-s0108,3,negative_only,valid,True,False,not_applicable,"[""os15-c000162"",""os15-c000153"",""os15-c000503"",""os15-c000064"",""os15-c000020""]",not_applicable,not_applicable,not_applicable,not_applicable,3773,results/owasp-sqli-v15-1-confirmatory-final/owasp-sqli-v15-1-confirmatory-20260823T131208Z/raw/ranking-rows/sequence-0662__proprietary_gpt__os15-s0108__trial-3.json,[]
663,proprietary_gpt,os15-s0108,4,negative_only,valid,True,False,not_applicable,"[""os15-c000503"",""os15-c000162"",""os15-c000153"",""os15-c000064"",""os15-c000020""]",not_applicable,not_applicable,not_applicable,not_applicable,4649,results/owasp-sqli-v15-1-confirmatory-final/owasp-sqli-v15-1-confirmatory-20260823T131208Z/raw/ranking-rows/sequence-0663__proprietary_gpt__os15-s0108__trial-4.json,[]
664,proprietary_gpt,os15-s0108,5,negative_only,valid,True,False,not_applicable,"[""os15-c000503"",""os15-c000162"",""os15-c000153"",""os15-c000064"",""os15-c000020""]",not_applicable,not_applicable,not_applicable,not_applicable,3870,results/owasp-sqli-v15-1-confirmatory-final/owasp-sqli-v15-1-confirmatory-20260823T131208Z/raw/ranking-rows/sequence-0664__proprietary_gpt__os15-s0108__trial-5.json,[]
665,proprietary_gpt,os15-s0109,1,negative_only,valid,True,False,not_applicable,"[""os15-c000074"",""os15-c000373"",""os15-c000111"",""os15-c000093"",""os15-c000051""]",not_applicable,not_applicable,not_applicable,not_applicable,3531,results/owasp-sqli-v15-1-confirmatory-final/owasp-sqli-v15-1-confirmatory-20260823T131208Z/raw/ranking-rows/sequence-0665__proprietary_gpt__os15-s0109__trial-1.json,[]
666,proprietary_gpt,os15-s0109,2,negative_only,valid,True,False,not_applicable,"[""os15-c000074"",""os15-c000373"",""os15-c000111"",""os15-c000093"",""os15-c000051""]",not_applicable,not_applicable,not_applicable,not_applicable,3624,results/owasp-sqli-v15-1-confirmatory-final/owasp-sqli-v15-1-confirmatory-20260823T131208Z/raw/ranking-rows/sequence-0666__proprietary_gpt__os15-s0109__trial-2.json,[]
667,proprietary_gpt,os15-s0109,3,negative_only,valid,True,False,not_applicable,"[""os15-c000074"",""os15-c000111"",""os15-c000373"",""os15-c000093"",""os15-c000051""]",not_applicable,not_applicable,not_applicable,not_applicable,3748,results/owasp-sqli-v15-1-confirmatory-final/owasp-sqli-v15-1-confirmatory-20260823T131208Z/raw/ranking-rows/sequence-0667__proprietary_gpt__os15-s0109__trial-3.json,[]
668,proprietary_gpt,os15-s0109,4,negative_only,valid,True,False,not_applicable,"[""os15-c000074"",""os15-c000373"",""os15-c000111"",""os15-c000093"",""os15-c000051""]",not_applicable,not_applicable,not_applicable,not_applicable,4399,results/owasp-sqli-v15-1-confirmatory-final/owasp-sqli-v15-1-confirmatory-20260823T131208Z/raw/ranking-rows/sequence-0668__proprietary_gpt__os15-s0109__trial-4.json,[]
669,proprietary_gpt,os15-s0109,5,negative_only,valid,True,False,not_applicable,"[""os15-c000074"",""os15-c000373"",""os15-c000111"",""os15-c000093"",""os15-c000051""]",not_applicable,not_applicable,not_applicable,not_applicable,4665,results/owasp-sqli-v15-1-confirmatory-final/owasp-sqli-v15-1-confirmatory-20260823T131208Z/raw/ranking-rows/sequence-0669__proprietary_gpt__os15-s0109__trial-5.json,[]
670,proprietary_gpt,os15-s0110,1,negative_only,valid,True,False,not_applicable,"[""os15-c000493"",""os15-c000083"",""os15-c000466"",""os15-c000329"",""os15-c000358""]",not_applicable,not_applicable,not_applicable,not_applicable,4939,results/owasp-sqli-v15-1-confirmatory-final/owasp-sqli-v15-1-confirmatory-20260823T131208Z/raw/ranking-rows/sequence-0670__proprietary_gpt__os15-s0110__trial-1.json,[]
671,proprietary_gpt,os15-s0110,2,negative_only,valid,True,False,not_applicable,"[""os15-c000493"",""os15-c000083"",""os15-c000466"",""os15-c000329"",""os15-c000358""]",not_applicable,not_applicable,not_applicable,not_applicable,4563,results/owasp-sqli-v15-1-confirmatory-final/owasp-sqli-v15-1-confirmatory-20260823T131208Z/raw/ranking-rows/sequence-0671__proprietary_gpt__os15-s0110__trial-2.json,[]
672,proprietary_gpt,os15-s0110,3,negative_only,valid,True,False,not_applicable,"[""os15-c000493"",""os15-c000466"",""os15-c000083"",""os15-c000329"",""os15-c000358""]",not_applicable,not_applicable,not_applicable,not_applicable,4738,results/owasp-sqli-v15-1-confirmatory-final/owasp-sqli-v15-1-confirmatory-20260823T131208Z/raw/ranking-rows/sequence-0672__proprietary_gpt__os15-s0110__trial-3.json,[]
673,proprietary_gpt,os15-s0110,4,negative_only,valid,True,False,not_applicable,"[""os15-c000493"",""os15-c000083"",""os15-c000466"",""os15-c000329"",""os15-c000358""]",not_applicable,not_applicable,not_applicable,not_applicable,6245,results/owasp-sqli-v15-1-confirmatory-final/owasp-sqli-v15-1-confirmatory-20260823T131208Z/raw/ranking-rows/sequence-0673__proprietary_gpt__os15-s0110__trial-4.json,[]
674,proprietary_gpt,os15-s0110,5,negative_only,valid,True,False,not_applicable,"[""os15-c000493"",""os15-c000083"",""os15-c000466"",""os15-c000329"",""os15-c000358""]",not_applicable,not_applicable,not_applicable,not_applicable,4187,results/owasp-sqli-v15-1-confirmatory-final/owasp-sqli-v15-1-confirmatory-20260823T131208Z/raw/ranking-rows/sequence-0674__proprietary_gpt__os15-s0110__trial-5.json,[]
675,proprietary_gpt,os15-s0111,1,negative_only,valid,True,False,not_applicable,"[""os15-c000410"",""os15-c000223"",""os15-c000087"",""os15-c000372"",""os15-c000336""]",not_applicable,not_applicable,not_applicable,not_applicable,34191,results/owasp-sqli-v15-1-confirmatory-final/owasp-sqli-v15-1-confirmatory-20260823T131208Z/raw/ranking-rows/sequence-0675__proprietary_gpt__os15-s0111__trial-1.json,[]
676,proprietary_gpt,os15-s0111,2,negative_only,valid,True,False,not_applicable,"[""os15-c000410"",""os15-c000223"",""os15-c000087"",""os15-c000372"",""os15-c000336""]",not_applicable,not_applicable,not_applicable,not_applicable,3328,results/owasp-sqli-v15-1-confirmatory-final/owasp-sqli-v15-1-confirmatory-20260823T131208Z/raw/ranking-rows/sequence-0676__proprietary_gpt__os15-s0111__trial-2.json,[]
677,proprietary_gpt,os15-s0111,3,negative_only,valid,True,False,not_applicable,"[""os15-c000410"",""os15-c000223"",""os15-c000087"",""os15-c000372"",""os15-c000336""]",not_applicable,not_applicable,not_applicable,not_applicable,3388,results/owasp-sqli-v15-1-confirmatory-final/owasp-sqli-v15-1-confirmatory-20260823T131208Z/raw/ranking-rows/sequence-0677__proprietary_gpt__os15-s0111__trial-3.json,[]
678,proprietary_gpt,os15-s0111,4,negative_only,valid,True,False,not_applicable,"[""os15-c000410"",""os15-c000223"",""os15-c000087"",""os15-c000372"",""os15-c000336""]",not_applicable,not_applicable,not_applicable,not_applicable,3563,results/owasp-sqli-v15-1-confirmatory-final/owasp-sqli-v15-1-confirmatory-20260823T131208Z/raw/ranking-rows/sequence-0678__proprietary_gpt__os15-s0111__trial-4.json,[]
679,proprietary_gpt,os15-s0111,5,negative_only,valid,True,False,not_applicable,"[""os15-c000410"",""os15-c000223"",""os15-c000087"",""os15-c000372"",""os15-c000336""]",not_applicable,not_applicable,not_applicable,not_applicable,3677,results/owasp-sqli-v15-1-confirmatory-final/owasp-sqli-v15-1-confirmatory-20260823T131208Z/raw/ranking-rows/sequence-0679__proprietary_gpt__os15-s0111__trial-5.json,[]
680,proprietary_gpt,os15-s0112,1,negative_only,valid,True,False,not_applicable,"[""os15-c000216"",""os15-c000151"",""os15-c000455"",""os15-c000192"",""os15-c000337""]",not_applicable,not_applicable,not_applicable,not_applicable,4770,results/owasp-sqli-v15-1-confirmatory-final/owasp-sqli-v15-1-confirmatory-20260823T131208Z/raw/ranking-rows/sequence-0680__proprietary_gpt__os15-s0112__trial-1.json,[]
681,proprietary_gpt,os15-s0112,2,negative_only,valid,True,False,not_applicable,"[""os15-c000216"",""os15-c000455"",""os15-c000151"",""os15-c000337"",""os15-c000192""]",not_applicable,not_applicable,not_applicable,not_applicable,5460,results/owasp-sqli-v15-1-confirmatory-final/owasp-sqli-v15-1-confirmatory-20260823T131208Z/raw/ranking-rows/sequence-0681__proprietary_gpt__os15-s0112__trial-2.json,[]
682,proprietary_gpt,os15-s0112,3,negative_only,valid,True,False,not_applicable,"[""os15-c000216"",""os15-c000455"",""os15-c000151"",""os15-c000337"",""os15-c000192""]",not_applicable,not_applicable,not_applicable,not_applicable,3902,results/owasp-sqli-v15-1-confirmatory-final/owasp-sqli-v15-1-confirmatory-20260823T131208Z/raw/ranking-rows/sequence-0682__proprietary_gpt__os15-s0112__trial-3.json,[]
683,proprietary_gpt,os15-s0112,4,negative_only,valid,True,False,not_applicable,"[""os15-c000216"",""os15-c000455"",""os15-c000151"",""os15-c000337"",""os15-c000192""]",not_applicable,not_applicable,not_applicable,not_applicable,6850,results/owasp-sqli-v15-1-confirmatory-final/owasp-sqli-v15-1-confirmatory-20260823T131208Z/raw/ranking-rows/sequence-0683__proprietary_gpt__os15-s0112__trial-4.json,[]
684,proprietary_gpt,os15-s0112,5,negative_only,valid,True,False,not_applicable,"[""os15-c000216"",""os15-c000455"",""os15-c000151"",""os15-c000337"",""os15-c000192""]",not_applicable,not_applicable,not_applicable,not_applicable,4445,results/owasp-sqli-v15-1-confirmatory-final/owasp-sqli-v15-1-confirmatory-20260823T131208Z/raw/ranking-rows/sequence-0684__proprietary_gpt__os15-s0112__trial-5.json,[]
685,proprietary_gpt,os15-s0113,1,negative_only,valid,True,False,not_applicable,"[""os15-c000154"",""os15-c000323"",""os15-c000388"",""os15-c000308"",""os15-c000131""]",not_applicable,not_applicable,not_applicable,not_applicable,4786,results/owasp-sqli-v15-1-confirmatory-final/owasp-sqli-v15-1-confirmatory-20260823T131208Z/raw/ranking-rows/sequence-0685__proprietary_gpt__os15-s0113__trial-1.json,[]
686,proprietary_gpt,os15-s0113,2,negative_only,valid,True,False,not_applicable,"[""os15-c000154"",""os15-c000323"",""os15-c000388"",""os15-c000308"",""os15-c000131""]",not_applicable,not_applicable,not_applicable,not_applicable,4906,results/owasp-sqli-v15-1-confirmatory-final/owasp-sqli-v15-1-confirmatory-20260823T131208Z/raw/ranking-rows/sequence-0686__proprietary_gpt__os15-s0113__trial-2.json,[]
687,proprietary_gpt,os15-s0113,3,negative_only,valid,True,False,not_applicable,"[""os15-c000154"",""os15-c000323"",""os15-c000388"",""os15-c000308"",""os15-c000131""]",not_applicable,not_applicable,not_applicable,not_applicable,4519,results/owasp-sqli-v15-1-confirmatory-final/owasp-sqli-v15-1-confirmatory-20260823T131208Z/raw/ranking-rows/sequence-0687__proprietary_gpt__os15-s0113__trial-3.json,[]
688,proprietary_gpt,os15-s0113,4,negative_only,valid,True,False,not_applicable,"[""os15-c000154"",""os15-c000323"",""os15-c000388"",""os15-c000308"",""os15-c000131""]",not_applicable,not_applicable,not_applicable,not_applicable,4101,results/owasp-sqli-v15-1-confirmatory-final/owasp-sqli-v15-1-confirmatory-20260823T131208Z/raw/ranking-rows/sequence-0688__proprietary_gpt__os15-s0113__trial-4.json,[]
689,proprietary_gpt,os15-s0113,5,negative_only,valid,True,False,not_applicable,"[""os15-c000154"",""os15-c000323"",""os15-c000388"",""os15-c000308"",""os15-c000131""]",not_applicable,not_applicable,not_applicable,not_applicable,4320,results/owasp-sqli-v15-1-confirmatory-final/owasp-sqli-v15-1-confirmatory-20260823T131208Z/raw/ranking-rows/sequence-0689__proprietary_gpt__os15-s0113__trial-5.json,[]
690,proprietary_gpt,os15-s0114,1,negative_only,valid,True,False,not_applicable,"[""os15-c000501"",""os15-c000469"",""os15-c000116"",""os15-c000427"",""os15-c000073""]",not_applicable,not_applicable,not_applicable,not_applicable,4648,results/owasp-sqli-v15-1-confirmatory-final/owasp-sqli-v15-1-confirmatory-20260823T131208Z/raw/ranking-rows/sequence-0690__proprietary_gpt__os15-s0114__trial-1.json,[]
691,proprietary_gpt,os15-s0114,2,negative_only,valid,True,False,not_applicable,"[""os15-c000501"",""os15-c000469"",""os15-c000116"",""os15-c000427"",""os15-c000073""]",not_applicable,not_applicable,not_applicable,not_applicable,3753,results/owasp-sqli-v15-1-confirmatory-final/owasp-sqli-v15-1-confirmatory-20260823T131208Z/raw/ranking-rows/sequence-0691__proprietary_gpt__os15-s0114__trial-2.json,[]
692,proprietary_gpt,os15-s0114,3,negative_only,valid,True,False,not_applicable,"[""os15-c000501"",""os15-c000469"",""os15-c000116"",""os15-c000427"",""os15-c000073""]",not_applicable,not_applicable,not_applicable,not_applicable,3823,results/owasp-sqli-v15-1-confirmatory-final/owasp-sqli-v15-1-confirmatory-20260823T131208Z/raw/ranking-rows/sequence-0692__proprietary_gpt__os15-s0114__trial-3.json,[]
693,proprietary_gpt,os15-s0114,4,negative_only,valid,True,False,not_applicable,"[""os15-c000501"",""os15-c000469"",""os15-c000116"",""os15-c000427"",""os15-c000073""]",not_applicable,not_applicable,not_applicable,not_applicable,5400,results/owasp-sqli-v15-1-confirmatory-final/owasp-sqli-v15-1-confirmatory-20260823T131208Z/raw/ranking-rows/sequence-0693__proprietary_gpt__os15-s0114__trial-4.json,[]
694,proprietary_gpt,os15-s0114,5,negative_only,valid,True,False,not_applicable,"[""os15-c000501"",""os15-c000469"",""os15-c000116"",""os15-c000427"",""os15-c000073""]",not_applicable,not_applicable,not_applicable,not_applicable,4898,results/owasp-sqli-v15-1-confirmatory-final/owasp-sqli-v15-1-confirmatory-20260823T131208Z/raw/ranking-rows/sequence-0694__proprietary_gpt__os15-s0114__trial-5.json,[]
695,proprietary_gpt,os15-s0115,1,negative_only,valid,True,False,not_applicable,"[""os15-c000492"",""os15-c000103"",""os15-c000243"",""os15-c000067"",""os15-c000331""]",not_applicable,not_applicable,not_applicable,not_applicable,3134,results/owasp-sqli-v15-1-confirmatory-final/owasp-sqli-v15-1-confirmatory-20260823T131208Z/raw/ranking-rows/sequence-0695__proprietary_gpt__os15-s0115__trial-1.json,[]
696,proprietary_gpt,os15-s0115,2,negative_only,valid,True,False,not_applicable,"[""os15-c000492"",""os15-c000103"",""os15-c000243"",""os15-c000067"",""os15-c000331""]",not_applicable,not_applicable,not_applicable,not_applicable,3586,results/owasp-sqli-v15-1-confirmatory-final/owasp-sqli-v15-1-confirmatory-20260823T131208Z/raw/ranking-rows/sequence-0696__proprietary_gpt__os15-s0115__trial-2.json,[]
697,proprietary_gpt,os15-s0115,3,negative_only,valid,True,False,not_applicable,"[""os15-c000492"",""os15-c000103"",""os15-c000243"",""os15-c000067"",""os15-c000331""]",not_applicable,not_applicable,not_applicable,not_applicable,3955,results/owasp-sqli-v15-1-confirmatory-final/owasp-sqli-v15-1-confirmatory-20260823T131208Z/raw/ranking-rows/sequence-0697__proprietary_gpt__os15-s0115__trial-3.json,[]
698,proprietary_gpt,os15-s0115,4,negative_only,valid,True,False,not_applicable,"[""os15-c000492"",""os15-c000103"",""os15-c000243"",""os15-c000067"",""os15-c000331""]",not_applicable,not_applicable,not_applicable,not_applicable,3046,results/owasp-sqli-v15-1-confirmatory-final/owasp-sqli-v15-1-confirmatory-20260823T131208Z/raw/ranking-rows/sequence-0698__proprietary_gpt__os15-s0115__trial-4.json,[]
699,proprietary_gpt,os15-s0115,5,negative_only,valid,True,False,not_applicable,"[""os15-c000492"",""os15-c000103"",""os15-c000243"",""os15-c000067"",""os15-c000331""]",not_applicable,not_applicable,not_applicable,not_applicable,3630,results/owasp-sqli-v15-1-confirmatory-final/owasp-sqli-v15-1-confirmatory-20260823T131208Z/raw/ranking-rows/sequence-0699__proprietary_gpt__os15-s0115__trial-5.json,[]
700,proprietary_gpt,os15-s0116,1,negative_only,valid,True,False,not_applicable,"[""os15-c000384"",""os15-c000261"",""os15-c000464"",""os15-c000305"",""os15-c000396""]",not_applicable,not_applicable,not_applicable,not_applicable,3965,results/owasp-sqli-v15-1-confirmatory-final/owasp-sqli-v15-1-confirmatory-20260823T131208Z/raw/ranking-rows/sequence-0700__proprietary_gpt__os15-s0116__trial-1.json,[]
701,proprietary_gpt,os15-s0116,2,negative_only,valid,True,False,not_applicable,"[""os15-c000384"",""os15-c000464"",""os15-c000305"",""os15-c000261"",""os15-c000396""]",not_applicable,not_applicable,not_applicable,not_applicable,3951,results/owasp-sqli-v15-1-confirmatory-final/owasp-sqli-v15-1-confirmatory-20260823T131208Z/raw/ranking-rows/sequence-0701__proprietary_gpt__os15-s0116__trial-2.json,[]
702,proprietary_gpt,os15-s0116,3,negative_only,valid,True,False,not_applicable,"[""os15-c000384"",""os15-c000464"",""os15-c000305"",""os15-c000261"",""os15-c000396""]",not_applicable,not_applicable,not_applicable,not_applicable,5512,results/owasp-sqli-v15-1-confirmatory-final/owasp-sqli-v15-1-confirmatory-20260823T131208Z/raw/ranking-rows/sequence-0702__proprietary_gpt__os15-s0116__trial-3.json,[]
703,proprietary_gpt,os15-s0116,4,negative_only,valid,True,False,not_applicable,"[""os15-c000384"",""os15-c000464"",""os15-c000305"",""os15-c000261"",""os15-c000396""]",not_applicable,not_applicable,not_applicable,not_applicable,4643,results/owasp-sqli-v15-1-confirmatory-final/owasp-sqli-v15-1-confirmatory-20260823T131208Z/raw/ranking-rows/sequence-0703__proprietary_gpt__os15-s0116__trial-4.json,[]
704,proprietary_gpt,os15-s0116,5,negative_only,valid,True,False,not_applicable,"[""os15-c000464"",""os15-c000305"",""os15-c000384"",""os15-c000261"",""os15-c000396""]",not_applicable,not_applicable,not_applicable,not_applicable,4662,results/owasp-sqli-v15-1-confirmatory-final/owasp-sqli-v15-1-confirmatory-20260823T131208Z/raw/ranking-rows/sequence-0704__proprietary_gpt__os15-s0116__trial-5.json,[]
705,proprietary_gpt,os15-s0117,1,negative_only,valid,True,False,not_applicable,"[""os15-c000408"",""os15-c000485"",""os15-c000110"",""os15-c000163"",""os15-c000195""]",not_applicable,not_applicable,not_applicable,not_applicable,4597,results/owasp-sqli-v15-1-confirmatory-final/owasp-sqli-v15-1-confirmatory-20260823T131208Z/raw/ranking-rows/sequence-0705__proprietary_gpt__os15-s0117__trial-1.json,[]
706,proprietary_gpt,os15-s0117,2,negative_only,valid,True,False,not_applicable,"[""os15-c000408"",""os15-c000485"",""os15-c000110"",""os15-c000163"",""os15-c000195""]",not_applicable,not_applicable,not_applicable,not_applicable,4247,results/owasp-sqli-v15-1-confirmatory-final/owasp-sqli-v15-1-confirmatory-20260823T131208Z/raw/ranking-rows/sequence-0706__proprietary_gpt__os15-s0117__trial-2.json,[]
707,proprietary_gpt,os15-s0117,3,negative_only,valid,True,False,not_applicable,"[""os15-c000408"",""os15-c000485"",""os15-c000110"",""os15-c000163"",""os15-c000195""]",not_applicable,not_applicable,not_applicable,not_applicable,4544,results/owasp-sqli-v15-1-confirmatory-final/owasp-sqli-v15-1-confirmatory-20260823T131208Z/raw/ranking-rows/sequence-0707__proprietary_gpt__os15-s0117__trial-3.json,[]
708,proprietary_gpt,os15-s0117,4,negative_only,valid,True,False,not_applicable,"[""os15-c000408"",""os15-c000485"",""os15-c000110"",""os15-c000163"",""os15-c000195""]",not_applicable,not_applicable,not_applicable,not_applicable,4445,results/owasp-sqli-v15-1-confirmatory-final/owasp-sqli-v15-1-confirmatory-20260823T131208Z/raw/ranking-rows/sequence-0708__proprietary_gpt__os15-s0117__trial-4.json,[]
709,proprietary_gpt,os15-s0117,5,negative_only,valid,True,False,not_applicable,"[""os15-c000408"",""os15-c000485"",""os15-c000110"",""os15-c000163"",""os15-c000195""]",not_applicable,not_applicable,not_applicable,not_applicable,3701,results/owasp-sqli-v15-1-confirmatory-final/owasp-sqli-v15-1-confirmatory-20260823T131208Z/raw/ranking-rows/sequence-0709__proprietary_gpt__os15-s0117__trial-5.json,[]
710,proprietary_gpt,os15-s0118,1,negative_only,valid,True,False,not_applicable,"[""os15-c000284"",""os15-c000325"",""os15-c000414"",""os15-c000392"",""os15-c000351""]",not_applicable,not_applicable,not_applicable,not_applicable,3840,results/owasp-sqli-v15-1-confirmatory-final/owasp-sqli-v15-1-confirmatory-20260823T131208Z/raw/ranking-rows/sequence-0710__proprietary_gpt__os15-s0118__trial-1.json,[]
711,proprietary_gpt,os15-s0118,2,negative_only,valid,True,False,not_applicable,"[""os15-c000284"",""os15-c000325"",""os15-c000414"",""os15-c000392"",""os15-c000351""]",not_applicable,not_applicable,not_applicable,not_applicable,7090,results/owasp-sqli-v15-1-confirmatory-final/owasp-sqli-v15-1-confirmatory-20260823T131208Z/raw/ranking-rows/sequence-0711__proprietary_gpt__os15-s0118__trial-2.json,[]
712,proprietary_gpt,os15-s0118,3,negative_only,valid,True,False,not_applicable,"[""os15-c000414"",""os15-c000284"",""os15-c000325"",""os15-c000392"",""os15-c000351""]",not_applicable,not_applicable,not_applicable,not_applicable,5500,results/owasp-sqli-v15-1-confirmatory-final/owasp-sqli-v15-1-confirmatory-20260823T131208Z/raw/ranking-rows/sequence-0712__proprietary_gpt__os15-s0118__trial-3.json,[]
713,proprietary_gpt,os15-s0118,4,negative_only,valid,True,False,not_applicable,"[""os15-c000284"",""os15-c000325"",""os15-c000414"",""os15-c000392"",""os15-c000351""]",not_applicable,not_applicable,not_applicable,not_applicable,4835,results/owasp-sqli-v15-1-confirmatory-final/owasp-sqli-v15-1-confirmatory-20260823T131208Z/raw/ranking-rows/sequence-0713__proprietary_gpt__os15-s0118__trial-4.json,[]
714,proprietary_gpt,os15-s0118,5,negative_only,valid,True,False,not_applicable,"[""os15-c000414"",""os15-c000284"",""os15-c000325"",""os15-c000392"",""os15-c000351""]",not_applicable,not_applicable,not_applicable,not_applicable,7522,results/owasp-sqli-v15-1-confirmatory-final/owasp-sqli-v15-1-confirmatory-20260823T131208Z/raw/ranking-rows/sequence-0714__proprietary_gpt__os15-s0118__trial-5.json,[]
715,proprietary_gpt,os15-s0119,1,negative_only,valid,True,False,not_applicable,"[""os15-c000450"",""os15-c000135"",""os15-c000220"",""os15-c000122"",""os15-c000210""]",not_applicable,not_applicable,not_applicable,not_applicable,4607,results/owasp-sqli-v15-1-confirmatory-final/owasp-sqli-v15-1-confirmatory-20260823T131208Z/raw/ranking-rows/sequence-0715__proprietary_gpt__os15-s0119__trial-1.json,[]
716,proprietary_gpt,os15-s0119,2,negative_only,valid,True,False,not_applicable,"[""os15-c000450"",""os15-c000135"",""os15-c000220"",""os15-c000122"",""os15-c000210""]",not_applicable,not_applicable,not_applicable,not_applicable,4211,results/owasp-sqli-v15-1-confirmatory-final/owasp-sqli-v15-1-confirmatory-20260823T131208Z/raw/ranking-rows/sequence-0716__proprietary_gpt__os15-s0119__trial-2.json,[]
717,proprietary_gpt,os15-s0119,3,negative_only,valid,True,False,not_applicable,"[""os15-c000450"",""os15-c000135"",""os15-c000220"",""os15-c000122"",""os15-c000210""]",not_applicable,not_applicable,not_applicable,not_applicable,4632,results/owasp-sqli-v15-1-confirmatory-final/owasp-sqli-v15-1-confirmatory-20260823T131208Z/raw/ranking-rows/sequence-0717__proprietary_gpt__os15-s0119__trial-3.json,[]
718,proprietary_gpt,os15-s0119,4,negative_only,valid,True,False,not_applicable,"[""os15-c000450"",""os15-c000135"",""os15-c000220"",""os15-c000122"",""os15-c000210""]",not_applicable,not_applicable,not_applicable,not_applicable,4593,results/owasp-sqli-v15-1-confirmatory-final/owasp-sqli-v15-1-confirmatory-20260823T131208Z/raw/ranking-rows/sequence-0718__proprietary_gpt__os15-s0119__trial-4.json,[]
719,proprietary_gpt,os15-s0119,5,negative_only,valid,True,False,not_applicable,"[""os15-c000450"",""os15-c000135"",""os15-c000220"",""os15-c000122"",""os15-c000210""]",not_applicable,not_applicable,not_applicable,not_applicable,4440,results/owasp-sqli-v15-1-confirmatory-final/owasp-sqli-v15-1-confirmatory-20260823T131208Z/raw/ranking-rows/sequence-0719__proprietary_gpt__os15-s0119__trial-5.json,[]
720,proprietary_gpt,os15-s0120,1,negative_only,valid,True,False,not_applicable,"[""os15-c000470"",""os15-c000426"",""os15-c000312"",""os15-c000321"",""os15-c000311""]",not_applicable,not_applicable,not_applicable,not_applicable,3344,results/owasp-sqli-v15-1-confirmatory-final/owasp-sqli-v15-1-confirmatory-20260823T131208Z/raw/ranking-rows/sequence-0720__proprietary_gpt__os15-s0120__trial-1.json,[]
721,proprietary_gpt,os15-s0120,2,negative_only,valid,True,False,not_applicable,"[""os15-c000470"",""os15-c000426"",""os15-c000312"",""os15-c000321"",""os15-c000311""]",not_applicable,not_applicable,not_applicable,not_applicable,3634,results/owasp-sqli-v15-1-confirmatory-final/owasp-sqli-v15-1-confirmatory-20260823T131208Z/raw/ranking-rows/sequence-0721__proprietary_gpt__os15-s0120__trial-2.json,[]
722,proprietary_gpt,os15-s0120,3,negative_only,valid,True,False,not_applicable,"[""os15-c000470"",""os15-c000426"",""os15-c000312"",""os15-c000321"",""os15-c000311""]",not_applicable,not_applicable,not_applicable,not_applicable,3748,results/owasp-sqli-v15-1-confirmatory-final/owasp-sqli-v15-1-confirmatory-20260823T131208Z/raw/ranking-rows/sequence-0722__proprietary_gpt__os15-s0120__trial-3.json,[]
723,proprietary_gpt,os15-s0120,4,negative_only,valid,True,False,not_applicable,"[""os15-c000470"",""os15-c000426"",""os15-c000312"",""os15-c000321"",""os15-c000311""]",not_applicable,not_applicable,not_applicable,not_applicable,3255,results/owasp-sqli-v15-1-confirmatory-final/owasp-sqli-v15-1-confirmatory-20260823T131208Z/raw/ranking-rows/sequence-0723__proprietary_gpt__os15-s0120__trial-4.json,[]
724,proprietary_gpt,os15-s0120,5,negative_only,valid,True,False,not_applicable,"[""os15-c000470"",""os15-c000426"",""os15-c000312"",""os15-c000321"",""os15-c000311""]",not_applicable,not_applicable,not_applicable,not_applicable,3825,results/owasp-sqli-v15-1-confirmatory-final/owasp-sqli-v15-1-confirmatory-20260823T131208Z/raw/ranking-rows/sequence-0724__proprietary_gpt__os15-s0120__trial-5.json,[]
725,proprietary_gpt,os15-s0121,1,negative_only,valid,True,False,not_applicable,"[""os15-c000324"",""os15-c000491"",""os15-c000150"",""os15-c000063"",""os15-c000364""]",not_applicable,not_applicable,not_applicable,not_applicable,3815,results/owasp-sqli-v15-1-confirmatory-final/owasp-sqli-v15-1-confirmatory-20260823T131208Z/raw/ranking-rows/sequence-0725__proprietary_gpt__os15-s0121__trial-1.json,[]
726,proprietary_gpt,os15-s0121,2,negative_only,valid,True,False,not_applicable,"[""os15-c000324"",""os15-c000491"",""os15-c000150"",""os15-c000063"",""os15-c000364""]",not_applicable,not_applicable,not_applicable,not_applicable,3830,results/owasp-sqli-v15-1-confirmatory-final/owasp-sqli-v15-1-confirmatory-20260823T131208Z/raw/ranking-rows/sequence-0726__proprietary_gpt__os15-s0121__trial-2.json,[]
727,proprietary_gpt,os15-s0121,3,negative_only,valid,True,False,not_applicable,"[""os15-c000491"",""os15-c000324"",""os15-c000150"",""os15-c000063"",""os15-c000364""]",not_applicable,not_applicable,not_applicable,not_applicable,3375,results/owasp-sqli-v15-1-confirmatory-final/owasp-sqli-v15-1-confirmatory-20260823T131208Z/raw/ranking-rows/sequence-0727__proprietary_gpt__os15-s0121__trial-3.json,[]
728,proprietary_gpt,os15-s0121,4,negative_only,valid,True,False,not_applicable,"[""os15-c000324"",""os15-c000491"",""os15-c000150"",""os15-c000063"",""os15-c000364""]",not_applicable,not_applicable,not_applicable,not_applicable,3870,results/owasp-sqli-v15-1-confirmatory-final/owasp-sqli-v15-1-confirmatory-20260823T131208Z/raw/ranking-rows/sequence-0728__proprietary_gpt__os15-s0121__trial-4.json,[]
729,proprietary_gpt,os15-s0121,5,negative_only,valid,True,False,not_applicable,"[""os15-c000491"",""os15-c000324"",""os15-c000150"",""os15-c000063"",""os15-c000364""]",not_applicable,not_applicable,not_applicable,not_applicable,3606,results/owasp-sqli-v15-1-confirmatory-final/owasp-sqli-v15-1-confirmatory-20260823T131208Z/raw/ranking-rows/sequence-0729__proprietary_gpt__os15-s0121__trial-5.json,[]
730,proprietary_gpt,os15-s0122,1,negative_only,valid,True,False,not_applicable,"[""os15-c000295"",""os15-c000218"",""os15-c000025"",""os15-c000367"",""os15-c000343""]",not_applicable,not_applicable,not_applicable,not_applicable,4122,results/owasp-sqli-v15-1-confirmatory-final/owasp-sqli-v15-1-confirmatory-20260823T131208Z/raw/ranking-rows/sequence-0730__proprietary_gpt__os15-s0122__trial-1.json,[]
731,proprietary_gpt,os15-s0122,2,negative_only,valid,True,False,not_applicable,"[""os15-c000218"",""os15-c000295"",""os15-c000025"",""os15-c000343"",""os15-c000367""]",not_applicable,not_applicable,not_applicable,not_applicable,6887,results/owasp-sqli-v15-1-confirmatory-final/owasp-sqli-v15-1-confirmatory-20260823T131208Z/raw/ranking-rows/sequence-0731__proprietary_gpt__os15-s0122__trial-2.json,[]
732,proprietary_gpt,os15-s0122,3,negative_only,valid,True,False,not_applicable,"[""os15-c000218"",""os15-c000295"",""os15-c000025"",""os15-c000367"",""os15-c000343""]",not_applicable,not_applicable,not_applicable,not_applicable,5329,results/owasp-sqli-v15-1-confirmatory-final/owasp-sqli-v15-1-confirmatory-20260823T131208Z/raw/ranking-rows/sequence-0732__proprietary_gpt__os15-s0122__trial-3.json,[]
733,proprietary_gpt,os15-s0122,4,negative_only,valid,True,False,not_applicable,"[""os15-c000295"",""os15-c000218"",""os15-c000025"",""os15-c000343"",""os15-c000367""]",not_applicable,not_applicable,not_applicable,not_applicable,30992,results/owasp-sqli-v15-1-confirmatory-final/owasp-sqli-v15-1-confirmatory-20260823T131208Z/raw/ranking-rows/sequence-0733__proprietary_gpt__os15-s0122__trial-4.json,[]
734,proprietary_gpt,os15-s0122,5,negative_only,valid,True,False,not_applicable,"[""os15-c000218"",""os15-c000295"",""os15-c000025"",""os15-c000367"",""os15-c000343""]",not_applicable,not_applicable,not_applicable,not_applicable,4527,results/owasp-sqli-v15-1-confirmatory-final/owasp-sqli-v15-1-confirmatory-20260823T131208Z/raw/ranking-rows/sequence-0734__proprietary_gpt__os15-s0122__trial-5.json,[]
735,proprietary_gpt,os15-s0123,1,negative_only,valid,True,False,not_applicable,"[""os15-c000502"",""os15-c000209"",""os15-c000052"",""os15-c000366"",""os15-c000171""]",not_applicable,not_applicable,not_applicable,not_applicable,3229,results/owasp-sqli-v15-1-confirmatory-final/owasp-sqli-v15-1-confirmatory-20260823T131208Z/raw/ranking-rows/sequence-0735__proprietary_gpt__os15-s0123__trial-1.json,[]
736,proprietary_gpt,os15-s0123,2,negative_only,valid,True,False,not_applicable,"[""os15-c000502"",""os15-c000209"",""os15-c000052"",""os15-c000366"",""os15-c000171""]",not_applicable,not_applicable,not_applicable,not_applicable,3996,results/owasp-sqli-v15-1-confirmatory-final/owasp-sqli-v15-1-confirmatory-20260823T131208Z/raw/ranking-rows/sequence-0736__proprietary_gpt__os15-s0123__trial-2.json,[]
737,proprietary_gpt,os15-s0123,3,negative_only,valid,True,False,not_applicable,"[""os15-c000502"",""os15-c000209"",""os15-c000052"",""os15-c000366"",""os15-c000171""]",not_applicable,not_applicable,not_applicable,not_applicable,3866,results/owasp-sqli-v15-1-confirmatory-final/owasp-sqli-v15-1-confirmatory-20260823T131208Z/raw/ranking-rows/sequence-0737__proprietary_gpt__os15-s0123__trial-3.json,[]
738,proprietary_gpt,os15-s0123,4,negative_only,valid,True,False,not_applicable,"[""os15-c000502"",""os15-c000209"",""os15-c000052"",""os15-c000366"",""os15-c000171""]",not_applicable,not_applicable,not_applicable,not_applicable,4247,results/owasp-sqli-v15-1-confirmatory-final/owasp-sqli-v15-1-confirmatory-20260823T131208Z/raw/ranking-rows/sequence-0738__proprietary_gpt__os15-s0123__trial-4.json,[]
739,proprietary_gpt,os15-s0123,5,negative_only,valid,True,False,not_applicable,"[""os15-c000502"",""os15-c000209"",""os15-c000052"",""os15-c000366"",""os15-c000171""]",not_applicable,not_applicable,not_applicable,not_applicable,12613,results/owasp-sqli-v15-1-confirmatory-final/owasp-sqli-v15-1-confirmatory-20260823T131208Z/raw/ranking-rows/sequence-0739__proprietary_gpt__os15-s0123__trial-5.json,[]
740,proprietary_gpt,os15-s0124,1,negative_only,valid,True,False,not_applicable,"[""os15-c000428"",""os15-c000054"",""os15-c000053"",""os15-c000207"",""os15-c000330""]",not_applicable,not_applicable,not_applicable,not_applicable,4197,results/owasp-sqli-v15-1-confirmatory-final/owasp-sqli-v15-1-confirmatory-20260823T131208Z/raw/ranking-rows/sequence-0740__proprietary_gpt__os15-s0124__trial-1.json,[]
741,proprietary_gpt,os15-s0124,2,negative_only,valid,True,False,not_applicable,"[""os15-c000428"",""os15-c000330"",""os15-c000054"",""os15-c000053"",""os15-c000207""]",not_applicable,not_applicable,not_applicable,not_applicable,4051,results/owasp-sqli-v15-1-confirmatory-final/owasp-sqli-v15-1-confirmatory-20260823T131208Z/raw/ranking-rows/sequence-0741__proprietary_gpt__os15-s0124__trial-2.json,[]
742,proprietary_gpt,os15-s0124,3,negative_only,valid,True,False,not_applicable,"[""os15-c000428"",""os15-c000330"",""os15-c000054"",""os15-c000053"",""os15-c000207""]",not_applicable,not_applicable,not_applicable,not_applicable,6391,results/owasp-sqli-v15-1-confirmatory-final/owasp-sqli-v15-1-confirmatory-20260823T131208Z/raw/ranking-rows/sequence-0742__proprietary_gpt__os15-s0124__trial-3.json,[]
743,proprietary_gpt,os15-s0124,4,negative_only,valid,True,False,not_applicable,"[""os15-c000428"",""os15-c000330"",""os15-c000054"",""os15-c000053"",""os15-c000207""]",not_applicable,not_applicable,not_applicable,not_applicable,4607,results/owasp-sqli-v15-1-confirmatory-final/owasp-sqli-v15-1-confirmatory-20260823T131208Z/raw/ranking-rows/sequence-0743__proprietary_gpt__os15-s0124__trial-4.json,[]
744,proprietary_gpt,os15-s0124,5,negative_only,valid,True,False,not_applicable,"[""os15-c000428"",""os15-c000330"",""os15-c000054"",""os15-c000053"",""os15-c000207""]",not_applicable,not_applicable,not_applicable,not_applicable,4672,results/owasp-sqli-v15-1-confirmatory-final/owasp-sqli-v15-1-confirmatory-20260823T131208Z/raw/ranking-rows/sequence-0744__proprietary_gpt__os15-s0124__trial-5.json,[]
745,local_qwen,os15-s0001,1,positive,valid,True,False,os15-c000446,"[""os15-c000236"",""os15-c000112"",""os15-c000293"",""os15-c000452"",""os15-c000446""]",5,False,False,0.2,62034,results/owasp-sqli-v15-1-confirmatory-final/owasp-sqli-v15-1-confirmatory-20260823T131208Z/raw/ranking-rows/sequence-0745__local_qwen__os15-s0001__trial-1.json,[]
746,local_qwen,os15-s0001,2,positive,valid,True,False,os15-c000446,"[""os15-c000236"",""os15-c000112"",""os15-c000293"",""os15-c000452"",""os15-c000446""]",5,False,False,0.2,63376,results/owasp-sqli-v15-1-confirmatory-final/owasp-sqli-v15-1-confirmatory-20260823T131208Z/raw/ranking-rows/sequence-0746__local_qwen__os15-s0001__trial-2.json,[]
747,local_qwen,os15-s0001,3,positive,valid,True,False,os15-c000446,"[""os15-c000236"",""os15-c000112"",""os15-c000293"",""os15-c000452"",""os15-c000446""]",5,False,False,0.2,68235,results/owasp-sqli-v15-1-confirmatory-final/owasp-sqli-v15-1-confirmatory-20260823T131208Z/raw/ranking-rows/sequence-0747__local_qwen__os15-s0001__trial-3.json,[]
748,local_qwen,os15-s0001,4,positive,valid,True,False,os15-c000446,"[""os15-c000236"",""os15-c000112"",""os15-c000293"",""os15-c000452"",""os15-c000446""]",5,False,False,0.2,67007,results/owasp-sqli-v15-1-confirmatory-final/owasp-sqli-v15-1-confirmatory-20260823T131208Z/raw/ranking-rows/sequence-0748__local_qwen__os15-s0001__trial-4.json,[]
749,local_qwen,os15-s0001,5,positive,valid,True,False,os15-c000446,"[""os15-c000236"",""os15-c000112"",""os15-c000293"",""os15-c000452"",""os15-c000446""]",5,False,False,0.2,60943,results/owasp-sqli-v15-1-confirmatory-final/owasp-sqli-v15-1-confirmatory-20260823T131208Z/raw/ranking-rows/sequence-0749__local_qwen__os15-s0001__trial-5.json,[]
750,local_qwen,os15-s0002,1,positive,valid,True,False,os15-c000023,"[""os15-c000084"",""os15-c000152"",""os15-c000203"",""os15-c000362"",""os15-c000023""]",5,False,False,0.2,65436,results/owasp-sqli-v15-1-confirmatory-final/owasp-sqli-v15-1-confirmatory-20260823T131208Z/raw/ranking-rows/sequence-0750__local_qwen__os15-s0002__trial-1.json,[]
751,local_qwen,os15-s0002,2,positive,valid,True,False,os15-c000023,"[""os15-c000084"",""os15-c000152"",""os15-c000203"",""os15-c000362"",""os15-c000023""]",5,False,False,0.2,69900,results/owasp-sqli-v15-1-confirmatory-final/owasp-sqli-v15-1-confirmatory-20260823T131208Z/raw/ranking-rows/sequence-0751__local_qwen__os15-s0002__trial-2.json,[]
752,local_qwen,os15-s0002,3,positive,valid,True,False,os15-c000023,"[""os15-c000084"",""os15-c000152"",""os15-c000203"",""os15-c000362"",""os15-c000023""]",5,False,False,0.2,66333,results/owasp-sqli-v15-1-confirmatory-final/owasp-sqli-v15-1-confirmatory-20260823T131208Z/raw/ranking-rows/sequence-0752__local_qwen__os15-s0002__trial-3.json,[]
753,local_qwen,os15-s0002,4,positive,valid,True,False,os15-c000023,"[""os15-c000084"",""os15-c000152"",""os15-c000203"",""os15-c000362"",""os15-c000023""]",5,False,False,0.2,70192,results/owasp-sqli-v15-1-confirmatory-final/owasp-sqli-v15-1-confirmatory-20260823T131208Z/raw/ranking-rows/sequence-0753__local_qwen__os15-s0002__trial-4.json,[]
754,local_qwen,os15-s0002,5,positive,valid,True,False,os15-c000023,"[""os15-c000084"",""os15-c000152"",""os15-c000203"",""os15-c000362"",""os15-c000023""]",5,False,False,0.2,60373,results/owasp-sqli-v15-1-confirmatory-final/owasp-sqli-v15-1-confirmatory-20260823T131208Z/raw/ranking-rows/sequence-0754__local_qwen__os15-s0002__trial-5.json,[]
755,local_qwen,os15-s0003,1,positive,valid,True,False,os15-c000086,"[""os15-c000481"",""os15-c000020"",""os15-c000064"",""os15-c000432"",""os15-c000086""]",5,False,False,0.2,55367,results/owasp-sqli-v15-1-confirmatory-final/owasp-sqli-v15-1-confirmatory-20260823T131208Z/raw/ranking-rows/sequence-0755__local_qwen__os15-s0003__trial-1.json,[]
756,local_qwen,os15-s0003,2,positive,valid,True,False,os15-c000086,"[""os15-c000481"",""os15-c000020"",""os15-c000064"",""os15-c000432"",""os15-c000086""]",5,False,False,0.2,55795,results/owasp-sqli-v15-1-confirmatory-final/owasp-sqli-v15-1-confirmatory-20260823T131208Z/raw/ranking-rows/sequence-0756__local_qwen__os15-s0003__trial-2.json,[]
757,local_qwen,os15-s0003,3,positive,valid,True,False,os15-c000086,"[""os15-c000481"",""os15-c000020"",""os15-c000064"",""os15-c000432"",""os15-c000086""]",5,False,False,0.2,56635,results/owasp-sqli-v15-1-confirmatory-final/owasp-sqli-v15-1-confirmatory-20260823T131208Z/raw/ranking-rows/sequence-0757__local_qwen__os15-s0003__trial-3.json,[]
758,local_qwen,os15-s0003,4,positive,valid,True,False,os15-c000086,"[""os15-c000481"",""os15-c000020"",""os15-c000064"",""os15-c000432"",""os15-c000086""]",5,False,False,0.2,58942,results/owasp-sqli-v15-1-confirmatory-final/owasp-sqli-v15-1-confirmatory-20260823T131208Z/raw/ranking-rows/sequence-0758__local_qwen__os15-s0003__trial-4.json,[]
759,local_qwen,os15-s0003,5,positive,valid,True,False,os15-c000086,"[""os15-c000481"",""os15-c000020"",""os15-c000064"",""os15-c000432"",""os15-c000086""]",5,False,False,0.2,56447,results/owasp-sqli-v15-1-confirmatory-final/owasp-sqli-v15-1-confirmatory-20260823T131208Z/raw/ranking-rows/sequence-0759__local_qwen__os15-s0003__trial-5.json,[]
760,local_qwen,os15-s0004,1,positive,valid,True,False,os15-c000005,"[""os15-c000503"",""os15-c000153"",""os15-c000162"",""os15-c000373"",""os15-c000005""]",5,False,False,0.2,62149,results/owasp-sqli-v15-1-confirmatory-final/owasp-sqli-v15-1-confirmatory-20260823T131208Z/raw/ranking-rows/sequence-0760__local_qwen__os15-s0004__trial-1.json,[]
761,local_qwen,os15-s0004,2,positive,valid,True,False,os15-c000005,"[""os15-c000503"",""os15-c000153"",""os15-c000162"",""os15-c000373"",""os15-c000005""]",5,False,False,0.2,60311,results/owasp-sqli-v15-1-confirmatory-final/owasp-sqli-v15-1-confirmatory-20260823T131208Z/raw/ranking-rows/sequence-0761__local_qwen__os15-s0004__trial-2.json,[]
762,local_qwen,os15-s0004,3,positive,valid,True,False,os15-c000005,"[""os15-c000503"",""os15-c000153"",""os15-c000162"",""os15-c000373"",""os15-c000005""]",5,False,False,0.2,60649,results/owasp-sqli-v15-1-confirmatory-final/owasp-sqli-v15-1-confirmatory-20260823T131208Z/raw/ranking-rows/sequence-0762__local_qwen__os15-s0004__trial-3.json,[]
763,local_qwen,os15-s0004,4,positive,valid,True,False,os15-c000005,"[""os15-c000503"",""os15-c000153"",""os15-c000162"",""os15-c000373"",""os15-c000005""]",5,False,False,0.2,60817,results/owasp-sqli-v15-1-confirmatory-final/owasp-sqli-v15-1-confirmatory-20260823T131208Z/raw/ranking-rows/sequence-0763__local_qwen__os15-s0004__trial-4.json,[]
764,local_qwen,os15-s0004,5,positive,valid,True,False,os15-c000005,"[""os15-c000503"",""os15-c000153"",""os15-c000162"",""os15-c000373"",""os15-c000005""]",5,False,False,0.2,62089,results/owasp-sqli-v15-1-confirmatory-final/owasp-sqli-v15-1-confirmatory-20260823T131208Z/raw/ranking-rows/sequence-0764__local_qwen__os15-s0004__trial-5.json,[]
765,local_qwen,os15-s0005,1,positive,valid,True,False,os15-c000010,"[""os15-c000111"",""os15-c000093"",""os15-c000010"",""os15-c000074"",""os15-c000051""]",3,False,True,0.333333,54362,results/owasp-sqli-v15-1-confirmatory-final/owasp-sqli-v15-1-confirmatory-20260823T131208Z/raw/ranking-rows/sequence-0765__local_qwen__os15-s0005__trial-1.json,[]
766,local_qwen,os15-s0005,2,positive,valid,True,False,os15-c000010,"[""os15-c000111"",""os15-c000093"",""os15-c000010"",""os15-c000074"",""os15-c000051""]",3,False,True,0.333333,52633,results/owasp-sqli-v15-1-confirmatory-final/owasp-sqli-v15-1-confirmatory-20260823T131208Z/raw/ranking-rows/sequence-0766__local_qwen__os15-s0005__trial-2.json,[]
767,local_qwen,os15-s0005,3,positive,valid,True,False,os15-c000010,"[""os15-c000111"",""os15-c000093"",""os15-c000010"",""os15-c000074"",""os15-c000051""]",3,False,True,0.333333,52301,results/owasp-sqli-v15-1-confirmatory-final/owasp-sqli-v15-1-confirmatory-20260823T131208Z/raw/ranking-rows/sequence-0767__local_qwen__os15-s0005__trial-3.json,[]
768,local_qwen,os15-s0005,4,positive,valid,True,False,os15-c000010,"[""os15-c000111"",""os15-c000093"",""os15-c000010"",""os15-c000074"",""os15-c000051""]",3,False,True,0.333333,52877,results/owasp-sqli-v15-1-confirmatory-final/owasp-sqli-v15-1-confirmatory-20260823T131208Z/raw/ranking-rows/sequence-0768__local_qwen__os15-s0005__trial-4.json,[]
769,local_qwen,os15-s0005,5,positive,valid,True,False,os15-c000010,"[""os15-c000111"",""os15-c000093"",""os15-c000010"",""os15-c000074"",""os15-c000051""]",3,False,True,0.333333,52668,results/owasp-sqli-v15-1-confirmatory-final/owasp-sqli-v15-1-confirmatory-20260823T131208Z/raw/ranking-rows/sequence-0769__local_qwen__os15-s0005__trial-5.json,[]
770,local_qwen,os15-s0006,1,positive,valid,True,False,os15-c000262,"[""os15-c000466"",""os15-c000083"",""os15-c000262"",""os15-c000329"",""os15-c000358""]",3,False,True,0.333333,64177,results/owasp-sqli-v15-1-confirmatory-final/owasp-sqli-v15-1-confirmatory-20260823T131208Z/raw/ranking-rows/sequence-0770__local_qwen__os15-s0006__trial-1.json,[]
771,local_qwen,os15-s0006,2,positive,valid,True,False,os15-c000262,"[""os15-c000466"",""os15-c000083"",""os15-c000262"",""os15-c000329"",""os15-c000358""]",3,False,True,0.333333,58560,results/owasp-sqli-v15-1-confirmatory-final/owasp-sqli-v15-1-confirmatory-20260823T131208Z/raw/ranking-rows/sequence-0771__local_qwen__os15-s0006__trial-2.json,[]
772,local_qwen,os15-s0006,3,positive,valid,True,False,os15-c000262,"[""os15-c000466"",""os15-c000083"",""os15-c000262"",""os15-c000329"",""os15-c000358""]",3,False,True,0.333333,59231,results/owasp-sqli-v15-1-confirmatory-final/owasp-sqli-v15-1-confirmatory-20260823T131208Z/raw/ranking-rows/sequence-0772__local_qwen__os15-s0006__trial-3.json,[]
773,local_qwen,os15-s0006,4,positive,valid,True,False,os15-c000262,"[""os15-c000466"",""os15-c000083"",""os15-c000262"",""os15-c000329"",""os15-c000358""]",3,False,True,0.333333,61061,results/owasp-sqli-v15-1-confirmatory-final/owasp-sqli-v15-1-confirmatory-20260823T131208Z/raw/ranking-rows/sequence-0773__local_qwen__os15-s0006__trial-4.json,[]
774,local_qwen,os15-s0006,5,positive,valid,True,False,os15-c000262,"[""os15-c000466"",""os15-c000083"",""os15-c000262"",""os15-c000329"",""os15-c000358""]",3,False,True,0.333333,60415,results/owasp-sqli-v15-1-confirmatory-final/owasp-sqli-v15-1-confirmatory-20260823T131208Z/raw/ranking-rows/sequence-0774__local_qwen__os15-s0006__trial-5.json,[]
775,local_qwen,os15-s0007,1,positive,valid,True,False,os15-c000232,"[""os15-c000493"",""os15-c000410"",""os15-c000223"",""os15-c000372"",""os15-c000232""]",5,False,False,0.2,81399,results/owasp-sqli-v15-1-confirmatory-final/owasp-sqli-v15-1-confirmatory-20260823T131208Z/raw/ranking-rows/sequence-0775__local_qwen__os15-s0007__trial-1.json,[]
776,local_qwen,os15-s0007,2,positive,valid,True,False,os15-c000232,"[""os15-c000493"",""os15-c000410"",""os15-c000223"",""os15-c000372"",""os15-c000232""]",5,False,False,0.2,90489,results/owasp-sqli-v15-1-confirmatory-final/owasp-sqli-v15-1-confirmatory-20260823T131208Z/raw/ranking-rows/sequence-0776__local_qwen__os15-s0007__trial-2.json,[]
777,local_qwen,os15-s0007,3,positive,valid,True,False,os15-c000232,"[""os15-c000493"",""os15-c000410"",""os15-c000223"",""os15-c000372"",""os15-c000232""]",5,False,False,0.2,80705,results/owasp-sqli-v15-1-confirmatory-final/owasp-sqli-v15-1-confirmatory-20260823T131208Z/raw/ranking-rows/sequence-0777__local_qwen__os15-s0007__trial-3.json,[]
778,local_qwen,os15-s0007,4,positive,valid,True,False,os15-c000232,"[""os15-c000493"",""os15-c000410"",""os15-c000223"",""os15-c000372"",""os15-c000232""]",5,False,False,0.2,99835,results/owasp-sqli-v15-1-confirmatory-final/owasp-sqli-v15-1-confirmatory-20260823T131208Z/raw/ranking-rows/sequence-0778__local_qwen__os15-s0007__trial-4.json,[]
779,local_qwen,os15-s0007,5,positive,valid,True,False,os15-c000232,"[""os15-c000493"",""os15-c000410"",""os15-c000223"",""os15-c000372"",""os15-c000232""]",5,False,False,0.2,103134,results/owasp-sqli-v15-1-confirmatory-final/owasp-sqli-v15-1-confirmatory-20260823T131208Z/raw/ranking-rows/sequence-0779__local_qwen__os15-s0007__trial-5.json,[]
780,local_qwen,os15-s0008,1,positive,valid,True,False,os15-c000202,"[""os15-c000455"",""os15-c000087"",""os15-c000336"",""os15-c000192"",""os15-c000202""]",5,False,False,0.2,91348,results/owasp-sqli-v15-1-confirmatory-final/owasp-sqli-v15-1-confirmatory-20260823T131208Z/raw/ranking-rows/sequence-0780__local_qwen__os15-s0008__trial-1.json,[]
781,local_qwen,os15-s0008,2,positive,valid,True,False,os15-c000202,"[""os15-c000455"",""os15-c000087"",""os15-c000336"",""os15-c000192"",""os15-c000202""]",5,False,False,0.2,92163,results/owasp-sqli-v15-1-confirmatory-final/owasp-sqli-v15-1-confirmatory-20260823T131208Z/raw/ranking-rows/sequence-0781__local_qwen__os15-s0008__trial-2.json,[]
782,local_qwen,os15-s0008,3,positive,valid,True,False,os15-c000202,"[""os15-c000455"",""os15-c000087"",""os15-c000336"",""os15-c000192"",""os15-c000202""]",5,False,False,0.2,90314,results/owasp-sqli-v15-1-confirmatory-final/owasp-sqli-v15-1-confirmatory-20260823T131208Z/raw/ranking-rows/sequence-0782__local_qwen__os15-s0008__trial-3.json,[]
783,local_qwen,os15-s0008,4,positive,valid,True,False,os15-c000202,"[""os15-c000455"",""os15-c000087"",""os15-c000336"",""os15-c000192"",""os15-c000202""]",5,False,False,0.2,116975,results/owasp-sqli-v15-1-confirmatory-final/owasp-sqli-v15-1-confirmatory-20260823T131208Z/raw/ranking-rows/sequence-0783__local_qwen__os15-s0008__trial-4.json,[]
784,local_qwen,os15-s0008,5,positive,valid,True,False,os15-c000202,"[""os15-c000455"",""os15-c000087"",""os15-c000336"",""os15-c000192"",""os15-c000202""]",5,False,False,0.2,95095,results/owasp-sqli-v15-1-confirmatory-final/owasp-sqli-v15-1-confirmatory-20260823T131208Z/raw/ranking-rows/sequence-0784__local_qwen__os15-s0008__trial-5.json,[]
785,local_qwen,os15-s0009,1,positive,valid,True,False,os15-c000415,"[""os15-c000216"",""os15-c000323"",""os15-c000415"",""os15-c000337"",""os15-c000151""]",3,False,True,0.333333,104867,results/owasp-sqli-v15-1-confirmatory-final/owasp-sqli-v15-1-confirmatory-20260823T131208Z/raw/ranking-rows/sequence-0785__local_qwen__os15-s0009__trial-1.json,[]
786,local_qwen,os15-s0009,2,positive,valid,True,False,os15-c000415,"[""os15-c000216"",""os15-c000323"",""os15-c000415"",""os15-c000337"",""os15-c000151""]",3,False,True,0.333333,107479,results/owasp-sqli-v15-1-confirmatory-final/owasp-sqli-v15-1-confirmatory-20260823T131208Z/raw/ranking-rows/sequence-0786__local_qwen__os15-s0009__trial-2.json,[]
787,local_qwen,os15-s0009,3,positive,valid,True,False,os15-c000415,"[""os15-c000216"",""os15-c000323"",""os15-c000415"",""os15-c000337"",""os15-c000151""]",3,False,True,0.333333,99226,results/owasp-sqli-v15-1-confirmatory-final/owasp-sqli-v15-1-confirmatory-20260823T131208Z/raw/ranking-rows/sequence-0787__local_qwen__os15-s0009__trial-3.json,[]
788,local_qwen,os15-s0009,4,positive,valid,True,False,os15-c000415,"[""os15-c000216"",""os15-c000323"",""os15-c000415"",""os15-c000337"",""os15-c000151""]",3,False,True,0.333333,111828,results/owasp-sqli-v15-1-confirmatory-final/owasp-sqli-v15-1-confirmatory-20260823T131208Z/raw/ranking-rows/sequence-0788__local_qwen__os15-s0009__trial-4.json,[]
789,local_qwen,os15-s0009,5,positive,valid,True,False,os15-c000415,"[""os15-c000216"",""os15-c000323"",""os15-c000415"",""os15-c000337"",""os15-c000151""]",3,False,True,0.333333,156401,results/owasp-sqli-v15-1-confirmatory-final/owasp-sqli-v15-1-confirmatory-20260823T131208Z/raw/ranking-rows/sequence-0789__local_qwen__os15-s0009__trial-5.json,[]
790,local_qwen,os15-s0010,1,positive,valid,True,False,os15-c000482,"[""os15-c000154"",""os15-c000308"",""os15-c000388"",""os15-c000482"",""os15-c000131""]",4,False,True,0.25,157073,results/owasp-sqli-v15-1-confirmatory-final/owasp-sqli-v15-1-confirmatory-20260823T131208Z/raw/ranking-rows/sequence-0790__local_qwen__os15-s0010__trial-1.json,[]
791,local_qwen,os15-s0010,2,positive,valid,True,False,os15-c000482,"[""os15-c000154"",""os15-c000308"",""os15-c000388"",""os15-c000482"",""os15-c000131""]",4,False,True,0.25,103259,results/owasp-sqli-v15-1-confirmatory-final/owasp-sqli-v15-1-confirmatory-20260823T131208Z/raw/ranking-rows/sequence-0791__local_qwen__os15-s0010__trial-2.json,[]
792,local_qwen,os15-s0010,3,positive,valid,True,False,os15-c000482,"[""os15-c000154"",""os15-c000308"",""os15-c000388"",""os15-c000482"",""os15-c000131""]",4,False,True,0.25,95724,results/owasp-sqli-v15-1-confirmatory-final/owasp-sqli-v15-1-confirmatory-20260823T131208Z/raw/ranking-rows/sequence-0792__local_qwen__os15-s0010__trial-3.json,[]
793,local_qwen,os15-s0010,4,positive,valid,True,False,os15-c000482,"[""os15-c000154"",""os15-c000308"",""os15-c000388"",""os15-c000482"",""os15-c000131""]",4,False,True,0.25,119722,results/owasp-sqli-v15-1-confirmatory-final/owasp-sqli-v15-1-confirmatory-20260823T131208Z/raw/ranking-rows/sequence-0793__local_qwen__os15-s0010__trial-4.json,[]
794,local_qwen,os15-s0010,5,positive,valid,True,False,os15-c000482,"[""os15-c000154"",""os15-c000308"",""os15-c000388"",""os15-c000482"",""os15-c000131""]",4,False,True,0.25,97188,results/owasp-sqli-v15-1-confirmatory-final/owasp-sqli-v15-1-confirmatory-20260823T131208Z/raw/ranking-rows/sequence-0794__local_qwen__os15-s0010__trial-5.json,[]
795,local_qwen,os15-s0011,1,positive,valid,True,False,os15-c000365,"[""os15-c000116"",""os15-c000501"",""os15-c000469"",""os15-c000073"",""os15-c000365""]",5,False,False,0.2,104430,results/owasp-sqli-v15-1-confirmatory-final/owasp-sqli-v15-1-confirmatory-20260823T131208Z/raw/ranking-rows/sequence-0795__local_qwen__os15-s0011__trial-1.json,[]
796,local_qwen,os15-s0011,2,positive,valid,True,False,os15-c000365,"[""os15-c000116"",""os15-c000501"",""os15-c000469"",""os15-c000073"",""os15-c000365""]",5,False,False,0.2,105812,results/owasp-sqli-v15-1-confirmatory-final/owasp-sqli-v15-1-confirmatory-20260823T131208Z/raw/ranking-rows/sequence-0796__local_qwen__os15-s0011__trial-2.json,[]
797,local_qwen,os15-s0011,3,positive,valid,True,False,os15-c000365,"[""os15-c000116"",""os15-c000501"",""os15-c000469"",""os15-c000073"",""os15-c000365""]",5,False,False,0.2,90826,results/owasp-sqli-v15-1-confirmatory-final/owasp-sqli-v15-1-confirmatory-20260823T131208Z/raw/ranking-rows/sequence-0797__local_qwen__os15-s0011__trial-3.json,[]
798,local_qwen,os15-s0011,4,positive,valid,True,False,os15-c000365,"[""os15-c000116"",""os15-c000501"",""os15-c000469"",""os15-c000073"",""os15-c000365""]",5,False,False,0.2,86957,results/owasp-sqli-v15-1-confirmatory-final/owasp-sqli-v15-1-confirmatory-20260823T131208Z/raw/ranking-rows/sequence-0798__local_qwen__os15-s0011__trial-4.json,[]
799,local_qwen,os15-s0011,5,positive,valid,True,False,os15-c000365,"[""os15-c000116"",""os15-c000501"",""os15-c000469"",""os15-c000073"",""os15-c000365""]",5,False,False,0.2,81382,results/owasp-sqli-v15-1-confirmatory-final/owasp-sqli-v15-1-confirmatory-20260823T131208Z/raw/ranking-rows/sequence-0799__local_qwen__os15-s0011__trial-5.json,[]
800,local_qwen,os15-s0012,1,positive,valid,True,False,os15-c000273,"[""os15-c000273"",""os15-c000492"",""os15-c000103"",""os15-c000427"",""os15-c000243""]",1,True,True,1.0,84302,results/owasp-sqli-v15-1-confirmatory-final/owasp-sqli-v15-1-confirmatory-20260823T131208Z/raw/ranking-rows/sequence-0800__local_qwen__os15-s0012__trial-1.json,[]
801,local_qwen,os15-s0012,2,positive,valid,True,False,os15-c000273,"[""os15-c000273"",""os15-c000492"",""os15-c000103"",""os15-c000427"",""os15-c000243""]",1,True,True,1.0,97016,results/owasp-sqli-v15-1-confirmatory-final/owasp-sqli-v15-1-confirmatory-20260823T131208Z/raw/ranking-rows/sequence-0801__local_qwen__os15-s0012__trial-2.json,[]
802,local_qwen,os15-s0012,3,positive,valid,True,False,os15-c000273,"[""os15-c000273"",""os15-c000492"",""os15-c000103"",""os15-c000427"",""os15-c000243""]",1,True,True,1.0,154524,results/owasp-sqli-v15-1-confirmatory-final/owasp-sqli-v15-1-confirmatory-20260823T131208Z/raw/ranking-rows/sequence-0802__local_qwen__os15-s0012__trial-3.json,[]
803,local_qwen,os15-s0012,4,positive,valid,True,False,os15-c000273,"[""os15-c000273"",""os15-c000492"",""os15-c000103"",""os15-c000427"",""os15-c000243""]",1,True,True,1.0,112998,results/owasp-sqli-v15-1-confirmatory-final/owasp-sqli-v15-1-confirmatory-20260823T131208Z/raw/ranking-rows/sequence-0803__local_qwen__os15-s0012__trial-4.json,[]
804,local_qwen,os15-s0012,5,positive,valid,True,False,os15-c000273,"[""os15-c000273"",""os15-c000492"",""os15-c000103"",""os15-c000427"",""os15-c000243""]",1,True,True,1.0,98728,results/owasp-sqli-v15-1-confirmatory-final/owasp-sqli-v15-1-confirmatory-20260823T131208Z/raw/ranking-rows/sequence-0804__local_qwen__os15-s0012__trial-5.json,[]
805,local_qwen,os15-s0013,1,positive,valid,True,False,os15-c000082,"[""os15-c000261"",""os15-c000305"",""os15-c000082"",""os15-c000067"",""os15-c000331""]",3,False,True,0.333333,109887,results/owasp-sqli-v15-1-confirmatory-final/owasp-sqli-v15-1-confirmatory-20260823T131208Z/raw/ranking-rows/sequence-0805__local_qwen__os15-s0013__trial-1.json,[]
806,local_qwen,os15-s0013,2,positive,valid,True,False,os15-c000082,"[""os15-c000261"",""os15-c000305"",""os15-c000082"",""os15-c000067"",""os15-c000331""]",3,False,True,0.333333,89297,results/owasp-sqli-v15-1-confirmatory-final/owasp-sqli-v15-1-confirmatory-20260823T131208Z/raw/ranking-rows/sequence-0806__local_qwen__os15-s0013__trial-2.json,[]
807,local_qwen,os15-s0013,3,positive,valid,True,False,os15-c000082,"[""os15-c000261"",""os15-c000305"",""os15-c000082"",""os15-c000067"",""os15-c000331""]",3,False,True,0.333333,85858,results/owasp-sqli-v15-1-confirmatory-final/owasp-sqli-v15-1-confirmatory-20260823T131208Z/raw/ranking-rows/sequence-0807__local_qwen__os15-s0013__trial-3.json,[]
808,local_qwen,os15-s0013,4,positive,valid,True,False,os15-c000082,"[""os15-c000261"",""os15-c000305"",""os15-c000082"",""os15-c000067"",""os15-c000331""]",3,False,True,0.333333,83388,results/owasp-sqli-v15-1-confirmatory-final/owasp-sqli-v15-1-confirmatory-20260823T131208Z/raw/ranking-rows/sequence-0808__local_qwen__os15-s0013__trial-4.json,[]
809,local_qwen,os15-s0013,5,positive,valid,True,False,os15-c000082,"[""os15-c000261"",""os15-c000305"",""os15-c000082"",""os15-c000067"",""os15-c000331""]",3,False,True,0.333333,92505,results/owasp-sqli-v15-1-confirmatory-final/owasp-sqli-v15-1-confirmatory-20260823T131208Z/raw/ranking-rows/sequence-0809__local_qwen__os15-s0013__trial-5.json,[]
810,local_qwen,os15-s0014,1,positive,valid,True,False,os15-c000072,"[""os15-c000384"",""os15-c000464"",""os15-c000408"",""os15-c000072"",""os15-c000396""]",4,False,True,0.25,109319,results/owasp-sqli-v15-1-confirmatory-final/owasp-sqli-v15-1-confirmatory-20260823T131208Z/raw/ranking-rows/sequence-0810__local_qwen__os15-s0014__trial-1.json,[]
811,local_qwen,os15-s0014,2,positive,valid,True,False,os15-c000072,"[""os15-c000384"",""os15-c000464"",""os15-c000408"",""os15-c000072"",""os15-c000396""]",4,False,True,0.25,114107,results/owasp-sqli-v15-1-confirmatory-final/owasp-sqli-v15-1-confirmatory-20260823T131208Z/raw/ranking-rows/sequence-0811__local_qwen__os15-s0014__trial-2.json,[]
812,local_qwen,os15-s0014,3,positive,valid,True,False,os15-c000072,"[""os15-c000384"",""os15-c000464"",""os15-c000408"",""os15-c000072"",""os15-c000396""]",4,False,True,0.25,116735,results/owasp-sqli-v15-1-confirmatory-final/owasp-sqli-v15-1-confirmatory-20260823T131208Z/raw/ranking-rows/sequence-0812__local_qwen__os15-s0014__trial-3.json,[]
813,local_qwen,os15-s0014,4,positive,valid,True,False,os15-c000072,"[""os15-c000384"",""os15-c000464"",""os15-c000408"",""os15-c000072"",""os15-c000396""]",4,False,True,0.25,118529,results/owasp-sqli-v15-1-confirmatory-final/owasp-sqli-v15-1-confirmatory-20260823T131208Z/raw/ranking-rows/sequence-0813__local_qwen__os15-s0014__trial-4.json,[]
814,local_qwen,os15-s0014,5,positive,valid,True,False,os15-c000072,"[""os15-c000384"",""os15-c000464"",""os15-c000408"",""os15-c000072"",""os15-c000396""]",4,False,True,0.25,104889,results/owasp-sqli-v15-1-confirmatory-final/owasp-sqli-v15-1-confirmatory-20260823T131208Z/raw/ranking-rows/sequence-0814__local_qwen__os15-s0014__trial-5.json,[]
815,local_qwen,os15-s0015,1,positive,valid,True,False,os15-c000105,"[""os15-c000105"",""os15-c000163"",""os15-c000485"",""os15-c000110"",""os15-c000195""]",1,True,True,1.0,107053,results/owasp-sqli-v15-1-confirmatory-final/owasp-sqli-v15-1-confirmatory-20260823T131208Z/raw/ranking-rows/sequence-0815__local_qwen__os15-s0015__trial-1.json,[]
816,local_qwen,os15-s0015,2,positive,valid,True,False,os15-c000105,"[""os15-c000105"",""os15-c000163"",""os15-c000485"",""os15-c000110"",""os15-c000195""]",1,True,True,1.0,119597,results/owasp-sqli-v15-1-confirmatory-final/owasp-sqli-v15-1-confirmatory-20260823T131208Z/raw/ranking-rows/sequence-0816__local_qwen__os15-s0015__trial-2.json,[]
817,local_qwen,os15-s0015,3,positive,valid,True,False,os15-c000105,"[""os15-c000105"",""os15-c000163"",""os15-c000485"",""os15-c000110"",""os15-c000195""]",1,True,True,1.0,104732,results/owasp-sqli-v15-1-confirmatory-final/owasp-sqli-v15-1-confirmatory-20260823T131208Z/raw/ranking-rows/sequence-0817__local_qwen__os15-s0015__trial-3.json,[]
818,local_qwen,os15-s0015,4,positive,valid,True,False,os15-c000105,"[""os15-c000105"",""os15-c000163"",""os15-c000485"",""os15-c000110"",""os15-c000195""]",1,True,True,1.0,80533,results/owasp-sqli-v15-1-confirmatory-final/owasp-sqli-v15-1-confirmatory-20260823T131208Z/raw/ranking-rows/sequence-0818__local_qwen__os15-s0015__trial-4.json,[]
819,local_qwen,os15-s0015,5,positive,valid,True,False,os15-c000105,"[""os15-c000105"",""os15-c000163"",""os15-c000485"",""os15-c000110"",""os15-c000195""]",1,True,True,1.0,64095,results/owasp-sqli-v15-1-confirmatory-final/owasp-sqli-v15-1-confirmatory-20260823T131208Z/raw/ranking-rows/sequence-0819__local_qwen__os15-s0015__trial-5.json,[]
820,local_qwen,os15-s0016,1,positive,valid,True,False,os15-c000174,"[""os15-c000392"",""os15-c000325"",""os15-c000414"",""os15-c000174"",""os15-c000351""]",4,False,True,0.25,73093,results/owasp-sqli-v15-1-confirmatory-final/owasp-sqli-v15-1-confirmatory-20260823T131208Z/raw/ranking-rows/sequence-0820__local_qwen__os15-s0016__trial-1.json,[]
821,local_qwen,os15-s0016,2,positive,valid,True,False,os15-c000174,"[""os15-c000392"",""os15-c000325"",""os15-c000414"",""os15-c000174"",""os15-c000351""]",4,False,True,0.25,64721,results/owasp-sqli-v15-1-confirmatory-final/owasp-sqli-v15-1-confirmatory-20260823T131208Z/raw/ranking-rows/sequence-0821__local_qwen__os15-s0016__trial-2.json,[]
822,local_qwen,os15-s0016,3,positive,valid,True,False,os15-c000174,"[""os15-c000392"",""os15-c000325"",""os15-c000414"",""os15-c000174"",""os15-c000351""]",4,False,True,0.25,66452,results/owasp-sqli-v15-1-confirmatory-final/owasp-sqli-v15-1-confirmatory-20260823T131208Z/raw/ranking-rows/sequence-0822__local_qwen__os15-s0016__trial-3.json,[]
823,local_qwen,os15-s0016,4,positive,valid,True,False,os15-c000174,"[""os15-c000392"",""os15-c000325"",""os15-c000414"",""os15-c000174"",""os15-c000351""]",4,False,True,0.25,69497,results/owasp-sqli-v15-1-confirmatory-final/owasp-sqli-v15-1-confirmatory-20260823T131208Z/raw/ranking-rows/sequence-0823__local_qwen__os15-s0016__trial-4.json,[]
824,local_qwen,os15-s0016,5,positive,valid,True,False,os15-c000174,"[""os15-c000392"",""os15-c000325"",""os15-c000414"",""os15-c000174"",""os15-c000351""]",4,False,True,0.25,68207,results/owasp-sqli-v15-1-confirmatory-final/owasp-sqli-v15-1-confirmatory-20260823T131208Z/raw/ranking-rows/sequence-0824__local_qwen__os15-s0016__trial-5.json,[]
825,local_qwen,os15-s0017,1,positive,valid,True,False,os15-c000468,"[""os15-c000450"",""os15-c000284"",""os15-c000468"",""os15-c000135"",""os15-c000210""]",3,False,True,0.333333,64495,results/owasp-sqli-v15-1-confirmatory-final/owasp-sqli-v15-1-confirmatory-20260823T131208Z/raw/ranking-rows/sequence-0825__local_qwen__os15-s0017__trial-1.json,[]
826,local_qwen,os15-s0017,2,positive,valid,True,False,os15-c000468,"[""os15-c000450"",""os15-c000284"",""os15-c000468"",""os15-c000135"",""os15-c000210""]",3,False,True,0.333333,71156,results/owasp-sqli-v15-1-confirmatory-final/owasp-sqli-v15-1-confirmatory-20260823T131208Z/raw/ranking-rows/sequence-0826__local_qwen__os15-s0017__trial-2.json,[]
827,local_qwen,os15-s0017,3,positive,valid,True,False,os15-c000468,"[""os15-c000450"",""os15-c000284"",""os15-c000468"",""os15-c000135"",""os15-c000210""]",3,False,True,0.333333,85574,results/owasp-sqli-v15-1-confirmatory-final/owasp-sqli-v15-1-confirmatory-20260823T131208Z/raw/ranking-rows/sequence-0827__local_qwen__os15-s0017__trial-3.json,[]
828,local_qwen,os15-s0017,4,positive,valid,True,False,os15-c000468,"[""os15-c000450"",""os15-c000284"",""os15-c000468"",""os15-c000135"",""os15-c000210""]",3,False,True,0.333333,85045,results/owasp-sqli-v15-1-confirmatory-final/owasp-sqli-v15-1-confirmatory-20260823T131208Z/raw/ranking-rows/sequence-0828__local_qwen__os15-s0017__trial-4.json,[]
829,local_qwen,os15-s0017,5,positive,valid,True,False,os15-c000468,"[""os15-c000450"",""os15-c000284"",""os15-c000468"",""os15-c000135"",""os15-c000210""]",3,False,True,0.333333,82724,results/owasp-sqli-v15-1-confirmatory-final/owasp-sqli-v15-1-confirmatory-20260823T131208Z/raw/ranking-rows/sequence-0829__local_qwen__os15-s0017__trial-5.json,[]
830,local_qwen,os15-s0018,1,positive,valid,True,False,os15-c000292,"[""os15-c000426"",""os15-c000292"",""os15-c000311"",""os15-c000122"",""os15-c000220""]",2,False,True,0.5,76954,results/owasp-sqli-v15-1-confirmatory-final/owasp-sqli-v15-1-confirmatory-20260823T131208Z/raw/ranking-rows/sequence-0830__local_qwen__os15-s0018__trial-1.json,[]
831,local_qwen,os15-s0018,2,positive,valid,True,False,os15-c000292,"[""os15-c000426"",""os15-c000292"",""os15-c000311"",""os15-c000122"",""os15-c000220""]",2,False,True,0.5,75230,results/owasp-sqli-v15-1-confirmatory-final/owasp-sqli-v15-1-confirmatory-20260823T131208Z/raw/ranking-rows/sequence-0831__local_qwen__os15-s0018__trial-2.json,[]
832,local_qwen,os15-s0018,3,positive,valid,True,False,os15-c000292,"[""os15-c000426"",""os15-c000292"",""os15-c000311"",""os15-c000122"",""os15-c000220""]",2,False,True,0.5,76784,results/owasp-sqli-v15-1-confirmatory-final/owasp-sqli-v15-1-confirmatory-20260823T131208Z/raw/ranking-rows/sequence-0832__local_qwen__os15-s0018__trial-3.json,[]
833,local_qwen,os15-s0018,4,positive,valid,True,False,os15-c000292,"[""os15-c000426"",""os15-c000292"",""os15-c000311"",""os15-c000122"",""os15-c000220""]",2,False,True,0.5,82685,results/owasp-sqli-v15-1-confirmatory-final/owasp-sqli-v15-1-confirmatory-20260823T131208Z/raw/ranking-rows/sequence-0833__local_qwen__os15-s0018__trial-4.json,[]
834,local_qwen,os15-s0018,5,positive,valid,True,False,os15-c000292,"[""os15-c000426"",""os15-c000292"",""os15-c000311"",""os15-c000122"",""os15-c000220""]",2,False,True,0.5,76308,results/owasp-sqli-v15-1-confirmatory-final/owasp-sqli-v15-1-confirmatory-20260823T131208Z/raw/ranking-rows/sequence-0834__local_qwen__os15-s0018__trial-5.json,[]
835,local_qwen,os15-s0019,1,positive,valid,True,False,os15-c000253,"[""os15-c000470"",""os15-c000253"",""os15-c000312"",""os15-c000321"",""os15-c000063""]",2,False,True,0.5,74733,results/owasp-sqli-v15-1-confirmatory-final/owasp-sqli-v15-1-confirmatory-20260823T131208Z/raw/ranking-rows/sequence-0835__local_qwen__os15-s0019__trial-1.json,[]
836,local_qwen,os15-s0019,2,positive,valid,True,False,os15-c000253,"[""os15-c000470"",""os15-c000253"",""os15-c000312"",""os15-c000321"",""os15-c000063""]",2,False,True,0.5,63851,results/owasp-sqli-v15-1-confirmatory-final/owasp-sqli-v15-1-confirmatory-20260823T131208Z/raw/ranking-rows/sequence-0836__local_qwen__os15-s0019__trial-2.json,[]
837,local_qwen,os15-s0019,3,positive,valid,True,False,os15-c000253,"[""os15-c000470"",""os15-c000253"",""os15-c000312"",""os15-c000321"",""os15-c000063""]",2,False,True,0.5,60742,results/owasp-sqli-v15-1-confirmatory-final/owasp-sqli-v15-1-confirmatory-20260823T131208Z/raw/ranking-rows/sequence-0837__local_qwen__os15-s0019__trial-3.json,[]
838,local_qwen,os15-s0019,4,positive,valid,True,False,os15-c000253,"[""os15-c000470"",""os15-c000253"",""os15-c000312"",""os15-c000321"",""os15-c000063""]",2,False,True,0.5,61057,results/owasp-sqli-v15-1-confirmatory-final/owasp-sqli-v15-1-confirmatory-20260823T131208Z/raw/ranking-rows/sequence-0838__local_qwen__os15-s0019__trial-4.json,[]
839,local_qwen,os15-s0019,5,positive,valid,True,False,os15-c000253,"[""os15-c000470"",""os15-c000253"",""os15-c000312"",""os15-c000321"",""os15-c000063""]",2,False,True,0.5,61822,results/owasp-sqli-v15-1-confirmatory-final/owasp-sqli-v15-1-confirmatory-20260823T131208Z/raw/ranking-rows/sequence-0839__local_qwen__os15-s0019__trial-5.json,[]
840,local_qwen,os15-s0020,1,positive,valid,True,False,os15-c000291,"[""os15-c000491"",""os15-c000291"",""os15-c000324"",""os15-c000150"",""os15-c000364""]",2,False,True,0.5,58537,results/owasp-sqli-v15-1-confirmatory-final/owasp-sqli-v15-1-confirmatory-20260823T131208Z/raw/ranking-rows/sequence-0840__local_qwen__os15-s0020__trial-1.json,[]
841,local_qwen,os15-s0020,2,positive,valid,True,False,os15-c000291,"[""os15-c000491"",""os15-c000291"",""os15-c000324"",""os15-c000150"",""os15-c000364""]",2,False,True,0.5,58308,results/owasp-sqli-v15-1-confirmatory-final/owasp-sqli-v15-1-confirmatory-20260823T131208Z/raw/ranking-rows/sequence-0841__local_qwen__os15-s0020__trial-2.json,[]
842,local_qwen,os15-s0020,3,positive,valid,True,False,os15-c000291,"[""os15-c000491"",""os15-c000291"",""os15-c000324"",""os15-c000150"",""os15-c000364""]",2,False,True,0.5,58684,results/owasp-sqli-v15-1-confirmatory-final/owasp-sqli-v15-1-confirmatory-20260823T131208Z/raw/ranking-rows/sequence-0842__local_qwen__os15-s0020__trial-3.json,[]
843,local_qwen,os15-s0020,4,positive,valid,True,False,os15-c000291,"[""os15-c000491"",""os15-c000291"",""os15-c000324"",""os15-c000150"",""os15-c000364""]",2,False,True,0.5,57968,results/owasp-sqli-v15-1-confirmatory-final/owasp-sqli-v15-1-confirmatory-20260823T131208Z/raw/ranking-rows/sequence-0843__local_qwen__os15-s0020__trial-4.json,[]
844,local_qwen,os15-s0020,5,positive,valid,True,False,os15-c000291,"[""os15-c000491"",""os15-c000291"",""os15-c000324"",""os15-c000150"",""os15-c000364""]",2,False,True,0.5,57759,results/owasp-sqli-v15-1-confirmatory-final/owasp-sqli-v15-1-confirmatory-20260823T131208Z/raw/ranking-rows/sequence-0844__local_qwen__os15-s0020__trial-5.json,[]
845,local_qwen,os15-s0021,1,positive,valid,True,False,os15-c000353,"[""os15-c000295"",""os15-c000343"",""os15-c000353"",""os15-c000367"",""os15-c000025""]",3,False,True,0.333333,61674,results/owasp-sqli-v15-1-confirmatory-final/owasp-sqli-v15-1-confirmatory-20260823T131208Z/raw/ranking-rows/sequence-0845__local_qwen__os15-s0021__trial-1.json,[]
846,local_qwen,os15-s0021,2,positive,valid,True,False,os15-c000353,"[""os15-c000295"",""os15-c000343"",""os15-c000353"",""os15-c000367"",""os15-c000025""]",3,False,True,0.333333,63760,results/owasp-sqli-v15-1-confirmatory-final/owasp-sqli-v15-1-confirmatory-20260823T131208Z/raw/ranking-rows/sequence-0846__local_qwen__os15-s0021__trial-2.json,[]
847,local_qwen,os15-s0021,3,positive,valid,True,False,os15-c000353,"[""os15-c000295"",""os15-c000343"",""os15-c000353"",""os15-c000367"",""os15-c000025""]",3,False,True,0.333333,59639,results/owasp-sqli-v15-1-confirmatory-final/owasp-sqli-v15-1-confirmatory-20260823T131208Z/raw/ranking-rows/sequence-0847__local_qwen__os15-s0021__trial-3.json,[]
848,local_qwen,os15-s0021,4,positive,valid,True,False,os15-c000353,"[""os15-c000295"",""os15-c000343"",""os15-c000353"",""os15-c000367"",""os15-c000025""]",3,False,True,0.333333,105883,results/owasp-sqli-v15-1-confirmatory-final/owasp-sqli-v15-1-confirmatory-20260823T131208Z/raw/ranking-rows/sequence-0848__local_qwen__os15-s0021__trial-4.json,[]
849,local_qwen,os15-s0021,5,positive,valid,True,False,os15-c000353,"[""os15-c000295"",""os15-c000343"",""os15-c000353"",""os15-c000367"",""os15-c000025""]",3,False,True,0.333333,61597,results/owasp-sqli-v15-1-confirmatory-final/owasp-sqli-v15-1-confirmatory-20260823T131208Z/raw/ranking-rows/sequence-0849__local_qwen__os15-s0021__trial-5.json,[]
850,local_qwen,os15-s0022,1,positive,valid,True,False,os15-c000465,"[""os15-c000218"",""os15-c000465"",""os15-c000209"",""os15-c000171"",""os15-c000366""]",2,False,True,0.5,62121,results/owasp-sqli-v15-1-confirmatory-final/owasp-sqli-v15-1-confirmatory-20260823T131208Z/raw/ranking-rows/sequence-0850__local_qwen__os15-s0022__trial-1.json,[]
851,local_qwen,os15-s0022,2,positive,valid,True,False,os15-c000465,"[""os15-c000218"",""os15-c000465"",""os15-c000209"",""os15-c000171"",""os15-c000366""]",2,False,True,0.5,65577,results/owasp-sqli-v15-1-confirmatory-final/owasp-sqli-v15-1-confirmatory-20260823T131208Z/raw/ranking-rows/sequence-0851__local_qwen__os15-s0022__trial-2.json,[]
852,local_qwen,os15-s0022,3,positive,valid,True,False,os15-c000465,"[""os15-c000218"",""os15-c000465"",""os15-c000209"",""os15-c000171"",""os15-c000366""]",2,False,True,0.5,61902,results/owasp-sqli-v15-1-confirmatory-final/owasp-sqli-v15-1-confirmatory-20260823T131208Z/raw/ranking-rows/sequence-0852__local_qwen__os15-s0022__trial-3.json,[]
853,local_qwen,os15-s0022,4,positive,valid,True,False,os15-c000465,"[""os15-c000218"",""os15-c000465"",""os15-c000209"",""os15-c000171"",""os15-c000366""]",2,False,True,0.5,64241,results/owasp-sqli-v15-1-confirmatory-final/owasp-sqli-v15-1-confirmatory-20260823T131208Z/raw/ranking-rows/sequence-0853__local_qwen__os15-s0022__trial-4.json,[]
854,local_qwen,os15-s0022,5,positive,valid,True,False,os15-c000465,"[""os15-c000218"",""os15-c000465"",""os15-c000209"",""os15-c000171"",""os15-c000366""]",2,False,True,0.5,65659,results/owasp-sqli-v15-1-confirmatory-final/owasp-sqli-v15-1-confirmatory-20260823T131208Z/raw/ranking-rows/sequence-0854__local_qwen__os15-s0022__trial-5.json,[]
855,local_qwen,os15-s0023,1,positive,valid,True,False,os15-c000334,"[""os15-c000502"",""os15-c000052"",""os15-c000207"",""os15-c000054"",""os15-c000334""]",5,False,False,0.2,65053,results/owasp-sqli-v15-1-confirmatory-final/owasp-sqli-v15-1-confirmatory-20260823T131208Z/raw/ranking-rows/sequence-0855__local_qwen__os15-s0023__trial-1.json,[]
856,local_qwen,os15-s0023,2,positive,valid,True,False,os15-c000334,"[""os15-c000502"",""os15-c000052"",""os15-c000207"",""os15-c000054"",""os15-c000334""]",5,False,False,0.2,62423,results/owasp-sqli-v15-1-confirmatory-final/owasp-sqli-v15-1-confirmatory-20260823T131208Z/raw/ranking-rows/sequence-0856__local_qwen__os15-s0023__trial-2.json,[]
857,local_qwen,os15-s0023,3,positive,valid,True,False,os15-c000334,"[""os15-c000502"",""os15-c000052"",""os15-c000207"",""os15-c000054"",""os15-c000334""]",5,False,False,0.2,61991,results/owasp-sqli-v15-1-confirmatory-final/owasp-sqli-v15-1-confirmatory-20260823T131208Z/raw/ranking-rows/sequence-0857__local_qwen__os15-s0023__trial-3.json,[]
858,local_qwen,os15-s0023,4,positive,valid,True,False,os15-c000334,"[""os15-c000502"",""os15-c000052"",""os15-c000207"",""os15-c000054"",""os15-c000334""]",5,False,False,0.2,60832,results/owasp-sqli-v15-1-confirmatory-final/owasp-sqli-v15-1-confirmatory-20260823T131208Z/raw/ranking-rows/sequence-0858__local_qwen__os15-s0023__trial-4.json,[]
859,local_qwen,os15-s0023,5,positive,valid,True,False,os15-c000334,"[""os15-c000502"",""os15-c000052"",""os15-c000207"",""os15-c000054"",""os15-c000334""]",5,False,False,0.2,61076,results/owasp-sqli-v15-1-confirmatory-final/owasp-sqli-v15-1-confirmatory-20260823T131208Z/raw/ranking-rows/sequence-0859__local_qwen__os15-s0023__trial-5.json,[]
860,local_qwen,os15-s0024,1,positive,valid,True,False,os15-c000075,"[""os15-c000236"",""os15-c000075"",""os15-c000428"",""os15-c000053"",""os15-c000330""]",2,False,True,0.5,60733,results/owasp-sqli-v15-1-confirmatory-final/owasp-sqli-v15-1-confirmatory-20260823T131208Z/raw/ranking-rows/sequence-0860__local_qwen__os15-s0024__trial-1.json,[]
861,local_qwen,os15-s0024,2,positive,valid,True,False,os15-c000075,"[""os15-c000236"",""os15-c000075"",""os15-c000428"",""os15-c000053"",""os15-c000330""]",2,False,True,0.5,61160,results/owasp-sqli-v15-1-confirmatory-final/owasp-sqli-v15-1-confirmatory-20260823T131208Z/raw/ranking-rows/sequence-0861__local_qwen__os15-s0024__trial-2.json,[]
862,local_qwen,os15-s0024,3,positive,valid,True,False,os15-c000075,"[""os15-c000236"",""os15-c000075"",""os15-c000428"",""os15-c000053"",""os15-c000330""]",2,False,True,0.5,60333,results/owasp-sqli-v15-1-confirmatory-final/owasp-sqli-v15-1-confirmatory-20260823T131208Z/raw/ranking-rows/sequence-0862__local_qwen__os15-s0024__trial-3.json,[]
863,local_qwen,os15-s0024,4,positive,valid,True,False,os15-c000075,"[""os15-c000236"",""os15-c000075"",""os15-c000428"",""os15-c000053"",""os15-c000330""]",2,False,True,0.5,60971,results/owasp-sqli-v15-1-confirmatory-final/owasp-sqli-v15-1-confirmatory-20260823T131208Z/raw/ranking-rows/sequence-0863__local_qwen__os15-s0024__trial-4.json,[]
864,local_qwen,os15-s0024,5,positive,valid,True,False,os15-c000075,"[""os15-c000236"",""os15-c000075"",""os15-c000428"",""os15-c000053"",""os15-c000330""]",2,False,True,0.5,61297,results/owasp-sqli-v15-1-confirmatory-final/owasp-sqli-v15-1-confirmatory-20260823T131208Z/raw/ranking-rows/sequence-0864__local_qwen__os15-s0024__trial-5.json,[]
865,local_qwen,os15-s0025,1,positive,valid,True,False,os15-c000055,"[""os15-c000112"",""os15-c000152"",""os15-c000293"",""os15-c000452"",""os15-c000055""]",5,False,False,0.2,61790,results/owasp-sqli-v15-1-confirmatory-final/owasp-sqli-v15-1-confirmatory-20260823T131208Z/raw/ranking-rows/sequence-0865__local_qwen__os15-s0025__trial-1.json,[]
866,local_qwen,os15-s0025,2,positive,valid,True,False,os15-c000055,"[""os15-c000112"",""os15-c000152"",""os15-c000293"",""os15-c000452"",""os15-c000055""]",5,False,False,0.2,59459,results/owasp-sqli-v15-1-confirmatory-final/owasp-sqli-v15-1-confirmatory-20260823T131208Z/raw/ranking-rows/sequence-0866__local_qwen__os15-s0025__trial-2.json,[]
867,local_qwen,os15-s0025,3,positive,valid,True,False,os15-c000055,"[""os15-c000112"",""os15-c000152"",""os15-c000293"",""os15-c000452"",""os15-c000055""]",5,False,False,0.2,83016,results/owasp-sqli-v15-1-confirmatory-final/owasp-sqli-v15-1-confirmatory-20260823T131208Z/raw/ranking-rows/sequence-0867__local_qwen__os15-s0025__trial-3.json,[]
868,local_qwen,os15-s0025,4,positive,valid,True,False,os15-c000055,"[""os15-c000112"",""os15-c000152"",""os15-c000293"",""os15-c000452"",""os15-c000055""]",5,False,False,0.2,60873,results/owasp-sqli-v15-1-confirmatory-final/owasp-sqli-v15-1-confirmatory-20260823T131208Z/raw/ranking-rows/sequence-0868__local_qwen__os15-s0025__trial-4.json,[]
869,local_qwen,os15-s0025,5,positive,valid,True,False,os15-c000055,"[""os15-c000112"",""os15-c000152"",""os15-c000293"",""os15-c000452"",""os15-c000055""]",5,False,False,0.2,60906,results/owasp-sqli-v15-1-confirmatory-final/owasp-sqli-v15-1-confirmatory-20260823T131208Z/raw/ranking-rows/sequence-0869__local_qwen__os15-s0025__trial-5.json,[]
870,local_qwen,os15-s0026,1,positive,valid,True,False,os15-c000409,"[""os15-c000481"",""os15-c000409"",""os15-c000084"",""os15-c000362"",""os15-c000203""]",2,False,True,0.5,59766,results/owasp-sqli-v15-1-confirmatory-final/owasp-sqli-v15-1-confirmatory-20260823T131208Z/raw/ranking-rows/sequence-0870__local_qwen__os15-s0026__trial-1.json,[]
871,local_qwen,os15-s0026,2,positive,valid,True,False,os15-c000409,"[""os15-c000481"",""os15-c000409"",""os15-c000084"",""os15-c000362"",""os15-c000203""]",2,False,True,0.5,60485,results/owasp-sqli-v15-1-confirmatory-final/owasp-sqli-v15-1-confirmatory-20260823T131208Z/raw/ranking-rows/sequence-0871__local_qwen__os15-s0026__trial-2.json,[]
872,local_qwen,os15-s0026,3,positive,valid,True,False,os15-c000409,"[""os15-c000481"",""os15-c000409"",""os15-c000084"",""os15-c000362"",""os15-c000203""]",2,False,True,0.5,59834,results/owasp-sqli-v15-1-confirmatory-final/owasp-sqli-v15-1-confirmatory-20260823T131208Z/raw/ranking-rows/sequence-0872__local_qwen__os15-s0026__trial-3.json,[]
873,local_qwen,os15-s0026,4,positive,valid,True,False,os15-c000409,"[""os15-c000481"",""os15-c000409"",""os15-c000084"",""os15-c000362"",""os15-c000203""]",2,False,True,0.5,60226,results/owasp-sqli-v15-1-confirmatory-final/owasp-sqli-v15-1-confirmatory-20260823T131208Z/raw/ranking-rows/sequence-0873__local_qwen__os15-s0026__trial-4.json,[]
874,local_qwen,os15-s0026,5,positive,valid,True,False,os15-c000409,"[""os15-c000481"",""os15-c000409"",""os15-c000084"",""os15-c000362"",""os15-c000203""]",2,False,True,0.5,62643,results/owasp-sqli-v15-1-confirmatory-final/owasp-sqli-v15-1-confirmatory-20260823T131208Z/raw/ranking-rows/sequence-0874__local_qwen__os15-s0026__trial-5.json,[]
875,local_qwen,os15-s0027,1,positive,valid,True,False,os15-c000267,"[""os15-c000153"",""os15-c000267"",""os15-c000432"",""os15-c000064"",""os15-c000020""]",2,False,True,0.5,61830,results/owasp-sqli-v15-1-confirmatory-final/owasp-sqli-v15-1-confirmatory-20260823T131208Z/raw/ranking-rows/sequence-0875__local_qwen__os15-s0027__trial-1.json,[]
876,local_qwen,os15-s0027,2,positive,valid,True,False,os15-c000267,"[""os15-c000153"",""os15-c000267"",""os15-c000432"",""os15-c000064"",""os15-c000020""]",2,False,True,0.5,62372,results/owasp-sqli-v15-1-confirmatory-final/owasp-sqli-v15-1-confirmatory-20260823T131208Z/raw/ranking-rows/sequence-0876__local_qwen__os15-s0027__trial-2.json,[]
877,local_qwen,os15-s0027,3,positive,valid,True,False,os15-c000267,"[""os15-c000153"",""os15-c000267"",""os15-c000432"",""os15-c000064"",""os15-c000020""]",2,False,True,0.5,82808,results/owasp-sqli-v15-1-confirmatory-final/owasp-sqli-v15-1-confirmatory-20260823T131208Z/raw/ranking-rows/sequence-0877__local_qwen__os15-s0027__trial-3.json,[]
878,local_qwen,os15-s0027,4,positive,valid,True,False,os15-c000267,"[""os15-c000153"",""os15-c000267"",""os15-c000432"",""os15-c000064"",""os15-c000020""]",2,False,True,0.5,81077,results/owasp-sqli-v15-1-confirmatory-final/owasp-sqli-v15-1-confirmatory-20260823T131208Z/raw/ranking-rows/sequence-0878__local_qwen__os15-s0027__trial-4.json,[]
879,local_qwen,os15-s0027,5,positive,valid,True,False,os15-c000267,"[""os15-c000153"",""os15-c000267"",""os15-c000432"",""os15-c000064"",""os15-c000020""]",2,False,True,0.5,74345,results/owasp-sqli-v15-1-confirmatory-final/owasp-sqli-v15-1-confirmatory-20260823T131208Z/raw/ranking-rows/sequence-0879__local_qwen__os15-s0027__trial-5.json,[]
880,local_qwen,os15-s0028,1,positive,valid,True,False,os15-c000184,"[""os15-c000503"",""os15-c000373"",""os15-c000162"",""os15-c000184"",""os15-c000051""]",4,False,True,0.25,70329,results/owasp-sqli-v15-1-confirmatory-final/owasp-sqli-v15-1-confirmatory-20260823T131208Z/raw/ranking-rows/sequence-0880__local_qwen__os15-s0028__trial-1.json,[]
881,local_qwen,os15-s0028,2,positive,valid,True,False,os15-c000184,"[""os15-c000503"",""os15-c000373"",""os15-c000162"",""os15-c000184"",""os15-c000051""]",4,False,True,0.25,63687,results/owasp-sqli-v15-1-confirmatory-final/owasp-sqli-v15-1-confirmatory-20260823T131208Z/raw/ranking-rows/sequence-0881__local_qwen__os15-s0028__trial-2.json,[]
882,local_qwen,os15-s0028,3,positive,valid,True,False,os15-c000184,"[""os15-c000503"",""os15-c000373"",""os15-c000162"",""os15-c000184"",""os15-c000051""]",4,False,True,0.25,65284,results/owasp-sqli-v15-1-confirmatory-final/owasp-sqli-v15-1-confirmatory-20260823T131208Z/raw/ranking-rows/sequence-0882__local_qwen__os15-s0028__trial-3.json,[]
883,local_qwen,os15-s0028,4,positive,valid,True,False,os15-c000184,"[""os15-c000503"",""os15-c000373"",""os15-c000162"",""os15-c000184"",""os15-c000051""]",4,False,True,0.25,87189,results/owasp-sqli-v15-1-confirmatory-final/owasp-sqli-v15-1-confirmatory-20260823T131208Z/raw/ranking-rows/sequence-0883__local_qwen__os15-s0028__trial-4.json,[]
884,local_qwen,os15-s0028,5,positive,valid,True,False,os15-c000184,"[""os15-c000503"",""os15-c000373"",""os15-c000162"",""os15-c000184"",""os15-c000051""]",4,False,True,0.25,79184,results/owasp-sqli-v15-1-confirmatory-final/owasp-sqli-v15-1-confirmatory-20260823T131208Z/raw/ranking-rows/sequence-0884__local_qwen__os15-s0028__trial-5.json,[]
885,local_qwen,os15-s0029,1,positive,valid,True,False,os15-c000066,"[""os15-c000466"",""os15-c000093"",""os15-c000111"",""os15-c000074"",""os15-c000066""]",5,False,False,0.2,84569,results/owasp-sqli-v15-1-confirmatory-final/owasp-sqli-v15-1-confirmatory-20260823T131208Z/raw/ranking-rows/sequence-0885__local_qwen__os15-s0029__trial-1.json,[]
886,local_qwen,os15-s0029,2,positive,valid,True,False,os15-c000066,"[""os15-c000466"",""os15-c000093"",""os15-c000111"",""os15-c000074"",""os15-c000066""]",5,False,False,0.2,81340,results/owasp-sqli-v15-1-confirmatory-final/owasp-sqli-v15-1-confirmatory-20260823T131208Z/raw/ranking-rows/sequence-0886__local_qwen__os15-s0029__trial-2.json,[]
887,local_qwen,os15-s0029,3,positive,valid,True,False,os15-c000066,"[""os15-c000466"",""os15-c000093"",""os15-c000111"",""os15-c000074"",""os15-c000066""]",5,False,False,0.2,79627,results/owasp-sqli-v15-1-confirmatory-final/owasp-sqli-v15-1-confirmatory-20260823T131208Z/raw/ranking-rows/sequence-0887__local_qwen__os15-s0029__trial-3.json,[]
888,local_qwen,os15-s0029,4,positive,valid,True,False,os15-c000066,"[""os15-c000466"",""os15-c000093"",""os15-c000111"",""os15-c000074"",""os15-c000066""]",5,False,False,0.2,80664,results/owasp-sqli-v15-1-confirmatory-final/owasp-sqli-v15-1-confirmatory-20260823T131208Z/raw/ranking-rows/sequence-0888__local_qwen__os15-s0029__trial-4.json,[]
889,local_qwen,os15-s0029,5,positive,valid,True,False,os15-c000066,"[""os15-c000466"",""os15-c000093"",""os15-c000111"",""os15-c000074"",""os15-c000066""]",5,False,False,0.2,74973,results/owasp-sqli-v15-1-confirmatory-final/owasp-sqli-v15-1-confirmatory-20260823T131208Z/raw/ranking-rows/sequence-0889__local_qwen__os15-s0029__trial-5.json,[]
890,local_qwen,os15-s0030,1,positive,valid,True,False,os15-c000477,"[""os15-c000493"",""os15-c000477"",""os15-c000083"",""os15-c000358"",""os15-c000329""]",2,False,True,0.5,66065,results/owasp-sqli-v15-1-confirmatory-final/owasp-sqli-v15-1-confirmatory-20260823T131208Z/raw/ranking-rows/sequence-0890__local_qwen__os15-s0030__trial-1.json,[]
891,local_qwen,os15-s0030,2,positive,valid,True,False,os15-c000477,"[""os15-c000493"",""os15-c000477"",""os15-c000083"",""os15-c000358"",""os15-c000329""]",2,False,True,0.5,63204,results/owasp-sqli-v15-1-confirmatory-final/owasp-sqli-v15-1-confirmatory-20260823T131208Z/raw/ranking-rows/sequence-0891__local_qwen__os15-s0030__trial-2.json,[]
892,local_qwen,os15-s0030,3,positive,valid,True,False,os15-c000477,"[""os15-c000493"",""os15-c000477"",""os15-c000083"",""os15-c000358"",""os15-c000329""]",2,False,True,0.5,62625,results/owasp-sqli-v15-1-confirmatory-final/owasp-sqli-v15-1-confirmatory-20260823T131208Z/raw/ranking-rows/sequence-0892__local_qwen__os15-s0030__trial-3.json,[]
893,local_qwen,os15-s0030,4,positive,valid,True,False,os15-c000477,"[""os15-c000493"",""os15-c000477"",""os15-c000083"",""os15-c000358"",""os15-c000329""]",2,False,True,0.5,63477,results/owasp-sqli-v15-1-confirmatory-final/owasp-sqli-v15-1-confirmatory-20260823T131208Z/raw/ranking-rows/sequence-0893__local_qwen__os15-s0030__trial-4.json,[]
894,local_qwen,os15-s0030,5,positive,valid,True,False,os15-c000477,"[""os15-c000493"",""os15-c000477"",""os15-c000083"",""os15-c000358"",""os15-c000329""]",2,False,True,0.5,63160,results/owasp-sqli-v15-1-confirmatory-final/owasp-sqli-v15-1-confirmatory-20260823T131208Z/raw/ranking-rows/sequence-0894__local_qwen__os15-s0030__trial-5.json,[]
895,local_qwen,os15-s0031,1,positive,valid,True,False,os15-c000283,"[""os15-c000410"",""os15-c000223"",""os15-c000283"",""os15-c000372"",""os15-c000087""]",3,False,True,0.333333,62592,results/owasp-sqli-v15-1-confirmatory-final/owasp-sqli-v15-1-confirmatory-20260823T131208Z/raw/ranking-rows/sequence-0895__local_qwen__os15-s0031__trial-1.json,[]
896,local_qwen,os15-s0031,2,positive,valid,True,False,os15-c000283,"[""os15-c000410"",""os15-c000223"",""os15-c000283"",""os15-c000372"",""os15-c000087""]",3,False,True,0.333333,62466,results/owasp-sqli-v15-1-confirmatory-final/owasp-sqli-v15-1-confirmatory-20260823T131208Z/raw/ranking-rows/sequence-0896__local_qwen__os15-s0031__trial-2.json,[]
897,local_qwen,os15-s0031,3,positive,valid,True,False,os15-c000283,"[""os15-c000410"",""os15-c000223"",""os15-c000283"",""os15-c000372"",""os15-c000087""]",3,False,True,0.333333,61877,results/owasp-sqli-v15-1-confirmatory-final/owasp-sqli-v15-1-confirmatory-20260823T131208Z/raw/ranking-rows/sequence-0897__local_qwen__os15-s0031__trial-3.json,[]
898,local_qwen,os15-s0031,4,positive,valid,True,False,os15-c000283,"[""os15-c000410"",""os15-c000223"",""os15-c000283"",""os15-c000372"",""os15-c000087""]",3,False,True,0.333333,72928,results/owasp-sqli-v15-1-confirmatory-final/owasp-sqli-v15-1-confirmatory-20260823T131208Z/raw/ranking-rows/sequence-0898__local_qwen__os15-s0031__trial-4.json,[]
899,local_qwen,os15-s0031,5,positive,valid,True,False,os15-c000283,"[""os15-c000410"",""os15-c000223"",""os15-c000283"",""os15-c000372"",""os15-c000087""]",3,False,True,0.333333,94561,results/owasp-sqli-v15-1-confirmatory-final/owasp-sqli-v15-1-confirmatory-20260823T131208Z/raw/ranking-rows/sequence-0899__local_qwen__os15-s0031__trial-5.json,[]
900,local_qwen,os15-s0032,1,positive,valid,True,False,os15-c000454,"[""os15-c000455"",""os15-c000454"",""os15-c000337"",""os15-c000192"",""os15-c000336""]",2,False,True,0.5,78566,results/owasp-sqli-v15-1-confirmatory-final/owasp-sqli-v15-1-confirmatory-20260823T131208Z/raw/ranking-rows/sequence-0900__local_qwen__os15-s0032__trial-1.json,[]
901,local_qwen,os15-s0032,2,positive,valid,True,False,os15-c000454,"[""os15-c000455"",""os15-c000454"",""os15-c000337"",""os15-c000192"",""os15-c000336""]",2,False,True,0.5,81947,results/owasp-sqli-v15-1-confirmatory-final/owasp-sqli-v15-1-confirmatory-20260823T131208Z/raw/ranking-rows/sequence-0901__local_qwen__os15-s0032__trial-2.json,[]
902,local_qwen,os15-s0032,3,positive,valid,True,False,os15-c000454,"[""os15-c000455"",""os15-c000454"",""os15-c000337"",""os15-c000192"",""os15-c000336""]",2,False,True,0.5,93391,results/owasp-sqli-v15-1-confirmatory-final/owasp-sqli-v15-1-confirmatory-20260823T131208Z/raw/ranking-rows/sequence-0902__local_qwen__os15-s0032__trial-3.json,[]
903,local_qwen,os15-s0032,4,positive,valid,True,False,os15-c000454,"[""os15-c000455"",""os15-c000454"",""os15-c000337"",""os15-c000192"",""os15-c000336""]",2,False,True,0.5,90913,results/owasp-sqli-v15-1-confirmatory-final/owasp-sqli-v15-1-confirmatory-20260823T131208Z/raw/ranking-rows/sequence-0903__local_qwen__os15-s0032__trial-4.json,[]
904,local_qwen,os15-s0032,5,positive,valid,True,False,os15-c000454,"[""os15-c000455"",""os15-c000454"",""os15-c000337"",""os15-c000192"",""os15-c000336""]",2,False,True,0.5,83319,results/owasp-sqli-v15-1-confirmatory-final/owasp-sqli-v15-1-confirmatory-20260823T131208Z/raw/ranking-rows/sequence-0904__local_qwen__os15-s0032__trial-5.json,[]
905,local_qwen,os15-s0033,1,positive,malformed,False,False,os15-c000076,"[""os15-c000076"",""os15-c000388"",""os15-c000323"",""os15-c000151"",""os15-c000216""]",not_applicable,not_applicable,not_applicable,not_applicable,86579,results/owasp-sqli-v15-1-confirmatory-final/owasp-sqli-v15-1-confirmatory-20260823T131208Z/raw/ranking-rows/sequence-0905__local_qwen__os15-s0033__trial-1.json,"[""duplicate candidate_id: os15-c000388"", ""omitted candidate_id values: os15-c000216""]"
906,local_qwen,os15-s0033,2,positive,malformed,False,False,os15-c000076,"[""os15-c000076"",""os15-c000388"",""os15-c000323"",""os15-c000151"",""os15-c000216""]",not_applicable,not_applicable,not_applicable,not_applicable,100640,results/owasp-sqli-v15-1-confirmatory-final/owasp-sqli-v15-1-confirmatory-20260823T131208Z/raw/ranking-rows/sequence-0906__local_qwen__os15-s0033__trial-2.json,"[""duplicate candidate_id: os15-c000388"", ""omitted candidate_id values: os15-c000216""]"
907,local_qwen,os15-s0033,3,positive,malformed,False,False,os15-c000076,"[""os15-c000076"",""os15-c000388"",""os15-c000323"",""os15-c000151"",""os15-c000216""]",not_applicable,not_applicable,not_applicable,not_applicable,83058,results/owasp-sqli-v15-1-confirmatory-final/owasp-sqli-v15-1-confirmatory-20260823T131208Z/raw/ranking-rows/sequence-0907__local_qwen__os15-s0033__trial-3.json,"[""duplicate candidate_id: os15-c000388"", ""omitted candidate_id values: os15-c000216""]"
908,local_qwen,os15-s0033,4,positive,malformed,False,False,os15-c000076,"[""os15-c000076"",""os15-c000388"",""os15-c000323"",""os15-c000151"",""os15-c000216""]",not_applicable,not_applicable,not_applicable,not_applicable,75322,results/owasp-sqli-v15-1-confirmatory-final/owasp-sqli-v15-1-confirmatory-20260823T131208Z/raw/ranking-rows/sequence-0908__local_qwen__os15-s0033__trial-4.json,"[""duplicate candidate_id: os15-c000388"", ""omitted candidate_id values: os15-c000216""]"
909,local_qwen,os15-s0033,5,positive,malformed,False,False,os15-c000076,"[""os15-c000076"",""os15-c000388"",""os15-c000323"",""os15-c000151"",""os15-c000216""]",not_applicable,not_applicable,not_applicable,not_applicable,77393,results/owasp-sqli-v15-1-confirmatory-final/owasp-sqli-v15-1-confirmatory-20260823T131208Z/raw/ranking-rows/sequence-0909__local_qwen__os15-s0033__trial-5.json,"[""duplicate candidate_id: os15-c000388"", ""omitted candidate_id values: os15-c000216""]"
910,local_qwen,os15-s0034,1,positive,valid,True,False,os15-c000183,"[""os15-c000154"",""os15-c000469"",""os15-c000308"",""os15-c000183"",""os15-c000131""]",4,False,True,0.25,85313,results/owasp-sqli-v15-1-confirmatory-final/owasp-sqli-v15-1-confirmatory-20260823T131208Z/raw/ranking-rows/sequence-0910__local_qwen__os15-s0034__trial-1.json,[]
911,local_qwen,os15-s0034,2,positive,valid,True,False,os15-c000183,"[""os15-c000154"",""os15-c000469"",""os15-c000308"",""os15-c000183"",""os15-c000131""]",4,False,True,0.25,89176,results/owasp-sqli-v15-1-confirmatory-final/owasp-sqli-v15-1-confirmatory-20260823T131208Z/raw/ranking-rows/sequence-0911__local_qwen__os15-s0034__trial-2.json,[]
912,local_qwen,os15-s0034,3,positive,valid,True,False,os15-c000183,"[""os15-c000154"",""os15-c000469"",""os15-c000308"",""os15-c000183"",""os15-c000131""]",4,False,True,0.25,86308,results/owasp-sqli-v15-1-confirmatory-final/owasp-sqli-v15-1-confirmatory-20260823T131208Z/raw/ranking-rows/sequence-0912__local_qwen__os15-s0034__trial-3.json,[]
913,local_qwen,os15-s0034,4,positive,valid,True,False,os15-c000183,"[""os15-c000154"",""os15-c000469"",""os15-c000308"",""os15-c000183"",""os15-c000131""]",4,False,True,0.25,125616,results/owasp-sqli-v15-1-confirmatory-final/owasp-sqli-v15-1-confirmatory-20260823T131208Z/raw/ranking-rows/sequence-0913__local_qwen__os15-s0034__trial-4.json,[]
914,local_qwen,os15-s0034,5,positive,valid,True,False,os15-c000183,"[""os15-c000154"",""os15-c000469"",""os15-c000308"",""os15-c000183"",""os15-c000131""]",4,False,True,0.25,84072,results/owasp-sqli-v15-1-confirmatory-final/owasp-sqli-v15-1-confirmatory-20260823T131208Z/raw/ranking-rows/sequence-0914__local_qwen__os15-s0034__trial-5.json,[]
915,local_qwen,os15-s0035,1,positive,valid,True,False,os15-c000445,"[""os15-c000445"",""os15-c000116"",""os15-c000501"",""os15-c000427"",""os15-c000073""]",1,True,True,1.0,94039,results/owasp-sqli-v15-1-confirmatory-final/owasp-sqli-v15-1-confirmatory-20260823T131208Z/raw/ranking-rows/sequence-0915__local_qwen__os15-s0035__trial-1.json,[]
916,local_qwen,os15-s0035,2,positive,valid,True,False,os15-c000445,"[""os15-c000445"",""os15-c000116"",""os15-c000501"",""os15-c000427"",""os15-c000073""]",1,True,True,1.0,88875,results/owasp-sqli-v15-1-confirmatory-final/owasp-sqli-v15-1-confirmatory-20260823T131208Z/raw/ranking-rows/sequence-0916__local_qwen__os15-s0035__trial-2.json,[]
917,local_qwen,os15-s0035,3,positive,valid,True,False,os15-c000445,"[""os15-c000445"",""os15-c000116"",""os15-c000501"",""os15-c000427"",""os15-c000073""]",1,True,True,1.0,88775,results/owasp-sqli-v15-1-confirmatory-final/owasp-sqli-v15-1-confirmatory-20260823T131208Z/raw/ranking-rows/sequence-0917__local_qwen__os15-s0035__trial-3.json,[]
918,local_qwen,os15-s0035,4,positive,valid,True,False,os15-c000445,"[""os15-c000445"",""os15-c000116"",""os15-c000501"",""os15-c000427"",""os15-c000073""]",1,True,True,1.0,93099,results/owasp-sqli-v15-1-confirmatory-final/owasp-sqli-v15-1-confirmatory-20260823T131208Z/raw/ranking-rows/sequence-0918__local_qwen__os15-s0035__trial-4.json,[]
919,local_qwen,os15-s0035,5,positive,valid,True,False,os15-c000445,"[""os15-c000445"",""os15-c000116"",""os15-c000501"",""os15-c000427"",""os15-c000073""]",1,True,True,1.0,105644,results/owasp-sqli-v15-1-confirmatory-final/owasp-sqli-v15-1-confirmatory-20260823T131208Z/raw/ranking-rows/sequence-0919__local_qwen__os15-s0035__trial-5.json,[]
920,local_qwen,os15-s0036,1,positive,valid,True,False,os15-c000394,"[""os15-c000394"",""os15-c000492"",""os15-c000103"",""os15-c000331"",""os15-c000243""]",1,True,True,1.0,82770,results/owasp-sqli-v15-1-confirmatory-final/owasp-sqli-v15-1-confirmatory-20260823T131208Z/raw/ranking-rows/sequence-0920__local_qwen__os15-s0036__trial-1.json,[]
921,local_qwen,os15-s0036,2,positive,valid,True,False,os15-c000394,"[""os15-c000394"",""os15-c000492"",""os15-c000103"",""os15-c000331"",""os15-c000243""]",1,True,True,1.0,87182,results/owasp-sqli-v15-1-confirmatory-final/owasp-sqli-v15-1-confirmatory-20260823T131208Z/raw/ranking-rows/sequence-0921__local_qwen__os15-s0036__trial-2.json,[]
922,local_qwen,os15-s0036,3,positive,valid,True,False,os15-c000394,"[""os15-c000394"",""os15-c000492"",""os15-c000103"",""os15-c000331"",""os15-c000243""]",1,True,True,1.0,86376,results/owasp-sqli-v15-1-confirmatory-final/owasp-sqli-v15-1-confirmatory-20260823T131208Z/raw/ranking-rows/sequence-0922__local_qwen__os15-s0036__trial-3.json,[]
923,local_qwen,os15-s0036,4,positive,valid,True,False,os15-c000394,"[""os15-c000394"",""os15-c000492"",""os15-c000103"",""os15-c000331"",""os15-c000243""]",1,True,True,1.0,80943,results/owasp-sqli-v15-1-confirmatory-final/owasp-sqli-v15-1-confirmatory-20260823T131208Z/raw/ranking-rows/sequence-0923__local_qwen__os15-s0036__trial-4.json,[]
924,local_qwen,os15-s0036,5,positive,valid,True,False,os15-c000394,"[""os15-c000394"",""os15-c000492"",""os15-c000103"",""os15-c000331"",""os15-c000243""]",1,True,True,1.0,81706,results/owasp-sqli-v15-1-confirmatory-final/owasp-sqli-v15-1-confirmatory-20260823T131208Z/raw/ranking-rows/sequence-0924__local_qwen__os15-s0036__trial-5.json,[]
925,local_qwen,os15-s0037,1,positive,valid,True,False,os15-c000242,"[""os15-c000384"",""os15-c000261"",""os15-c000305"",""os15-c000242"",""os15-c000067""]",4,False,True,0.25,84719,results/owasp-sqli-v15-1-confirmatory-final/owasp-sqli-v15-1-confirmatory-20260823T131208Z/raw/ranking-rows/sequence-0925__local_qwen__os15-s0037__trial-1.json,[]
926,local_qwen,os15-s0037,2,positive,valid,True,False,os15-c000242,"[""os15-c000384"",""os15-c000261"",""os15-c000305"",""os15-c000242"",""os15-c000067""]",4,False,True,0.25,86647,results/owasp-sqli-v15-1-confirmatory-final/owasp-sqli-v15-1-confirmatory-20260823T131208Z/raw/ranking-rows/sequence-0926__local_qwen__os15-s0037__trial-2.json,[]
927,local_qwen,os15-s0037,3,positive,valid,True,False,os15-c000242,"[""os15-c000384"",""os15-c000261"",""os15-c000305"",""os15-c000242"",""os15-c000067""]",4,False,True,0.25,92286,results/owasp-sqli-v15-1-confirmatory-final/owasp-sqli-v15-1-confirmatory-20260823T131208Z/raw/ranking-rows/sequence-0927__local_qwen__os15-s0037__trial-3.json,[]
928,local_qwen,os15-s0037,4,positive,valid,True,False,os15-c000242,"[""os15-c000384"",""os15-c000261"",""os15-c000305"",""os15-c000242"",""os15-c000067""]",4,False,True,0.25,91945,results/owasp-sqli-v15-1-confirmatory-final/owasp-sqli-v15-1-confirmatory-20260823T131208Z/raw/ranking-rows/sequence-0928__local_qwen__os15-s0037__trial-4.json,[]
929,local_qwen,os15-s0037,5,positive,valid,True,False,os15-c000242,"[""os15-c000384"",""os15-c000261"",""os15-c000305"",""os15-c000242"",""os15-c000067""]",4,False,True,0.25,83608,results/owasp-sqli-v15-1-confirmatory-final/owasp-sqli-v15-1-confirmatory-20260823T131208Z/raw/ranking-rows/sequence-0929__local_qwen__os15-s0037__trial-5.json,[]
930,local_qwen,os15-s0038,1,positive,valid,True,False,os15-c000272,"[""os15-c000396"",""os15-c000272"",""os15-c000110"",""os15-c000408"",""os15-c000464""]",2,False,True,0.5,75549,results/owasp-sqli-v15-1-confirmatory-final/owasp-sqli-v15-1-confirmatory-20260823T131208Z/raw/ranking-rows/sequence-0930__local_qwen__os15-s0038__trial-1.json,[]
931,local_qwen,os15-s0038,2,positive,valid,True,False,os15-c000272,"[""os15-c000396"",""os15-c000272"",""os15-c000110"",""os15-c000408"",""os15-c000464""]",2,False,True,0.5,76461,results/owasp-sqli-v15-1-confirmatory-final/owasp-sqli-v15-1-confirmatory-20260823T131208Z/raw/ranking-rows/sequence-0931__local_qwen__os15-s0038__trial-2.json,[]
932,local_qwen,os15-s0038,3,positive,valid,True,False,os15-c000272,"[""os15-c000396"",""os15-c000272"",""os15-c000110"",""os15-c000408"",""os15-c000464""]",2,False,True,0.5,77960,results/owasp-sqli-v15-1-confirmatory-final/owasp-sqli-v15-1-confirmatory-20260823T131208Z/raw/ranking-rows/sequence-0932__local_qwen__os15-s0038__trial-3.json,[]
933,local_qwen,os15-s0038,4,positive,valid,True,False,os15-c000272,"[""os15-c000396"",""os15-c000272"",""os15-c000110"",""os15-c000408"",""os15-c000464""]",2,False,True,0.5,78579,results/owasp-sqli-v15-1-confirmatory-final/owasp-sqli-v15-1-confirmatory-20260823T131208Z/raw/ranking-rows/sequence-0933__local_qwen__os15-s0038__trial-4.json,[]
934,local_qwen,os15-s0038,5,positive,valid,True,False,os15-c000272,"[""os15-c000396"",""os15-c000272"",""os15-c000110"",""os15-c000408"",""os15-c000464""]",2,False,True,0.5,90487,results/owasp-sqli-v15-1-confirmatory-final/owasp-sqli-v15-1-confirmatory-20260823T131208Z/raw/ranking-rows/sequence-0934__local_qwen__os15-s0038__trial-5.json,[]
935,local_qwen,os15-s0039,1,positive,valid,True,False,os15-c000480,"[""os15-c000485"",""os15-c000480"",""os15-c000163"",""os15-c000392"",""os15-c000195""]",2,False,True,0.5,85623,results/owasp-sqli-v15-1-confirmatory-final/owasp-sqli-v15-1-confirmatory-20260823T131208Z/raw/ranking-rows/sequence-0935__local_qwen__os15-s0039__trial-1.json,[]
936,local_qwen,os15-s0039,2,positive,valid,True,False,os15-c000480,"[""os15-c000485"",""os15-c000480"",""os15-c000163"",""os15-c000392"",""os15-c000195""]",2,False,True,0.5,85001,results/owasp-sqli-v15-1-confirmatory-final/owasp-sqli-v15-1-confirmatory-20260823T131208Z/raw/ranking-rows/sequence-0936__local_qwen__os15-s0039__trial-2.json,[]
937,local_qwen,os15-s0039,3,positive,valid,True,False,os15-c000480,"[""os15-c000485"",""os15-c000480"",""os15-c000163"",""os15-c000392"",""os15-c000195""]",2,False,True,0.5,82391,results/owasp-sqli-v15-1-confirmatory-final/owasp-sqli-v15-1-confirmatory-20260823T131208Z/raw/ranking-rows/sequence-0937__local_qwen__os15-s0039__trial-3.json,[]
938,local_qwen,os15-s0039,4,positive,valid,True,False,os15-c000480,"[""os15-c000485"",""os15-c000480"",""os15-c000163"",""os15-c000392"",""os15-c000195""]",2,False,True,0.5,86986,results/owasp-sqli-v15-1-confirmatory-final/owasp-sqli-v15-1-confirmatory-20260823T131208Z/raw/ranking-rows/sequence-0938__local_qwen__os15-s0039__trial-4.json,[]
939,local_qwen,os15-s0039,5,positive,valid,True,False,os15-c000480,"[""os15-c000485"",""os15-c000480"",""os15-c000163"",""os15-c000392"",""os15-c000195""]",2,False,True,0.5,79321,results/owasp-sqli-v15-1-confirmatory-final/owasp-sqli-v15-1-confirmatory-20260823T131208Z/raw/ranking-rows/sequence-0939__local_qwen__os15-s0039__trial-5.json,[]
940,local_qwen,os15-s0040,1,positive,valid,True,False,os15-c000234,"[""os15-c000325"",""os15-c000284"",""os15-c000414"",""os15-c000234"",""os15-c000351""]",4,False,True,0.25,97101,results/owasp-sqli-v15-1-confirmatory-final/owasp-sqli-v15-1-confirmatory-20260823T131208Z/raw/ranking-rows/sequence-0940__local_qwen__os15-s0040__trial-1.json,[]
941,local_qwen,os15-s0040,2,positive,valid,True,False,os15-c000234,"[""os15-c000325"",""os15-c000284"",""os15-c000414"",""os15-c000234"",""os15-c000351""]",4,False,True,0.25,95192,results/owasp-sqli-v15-1-confirmatory-final/owasp-sqli-v15-1-confirmatory-20260823T131208Z/raw/ranking-rows/sequence-0941__local_qwen__os15-s0040__trial-2.json,[]
942,local_qwen,os15-s0040,3,positive,valid,True,False,os15-c000234,"[""os15-c000325"",""os15-c000284"",""os15-c000414"",""os15-c000234"",""os15-c000351""]",4,False,True,0.25,87738,results/owasp-sqli-v15-1-confirmatory-final/owasp-sqli-v15-1-confirmatory-20260823T131208Z/raw/ranking-rows/sequence-0942__local_qwen__os15-s0040__trial-3.json,[]
943,local_qwen,os15-s0040,4,positive,valid,True,False,os15-c000234,"[""os15-c000325"",""os15-c000284"",""os15-c000414"",""os15-c000234"",""os15-c000351""]",4,False,True,0.25,91184,results/owasp-sqli-v15-1-confirmatory-final/owasp-sqli-v15-1-confirmatory-20260823T131208Z/raw/ranking-rows/sequence-0943__local_qwen__os15-s0040__trial-4.json,[]
944,local_qwen,os15-s0040,5,positive,valid,True,False,os15-c000234,"[""os15-c000325"",""os15-c000284"",""os15-c000414"",""os15-c000234"",""os15-c000351""]",4,False,True,0.25,82084,results/owasp-sqli-v15-1-confirmatory-final/owasp-sqli-v15-1-confirmatory-20260823T131208Z/raw/ranking-rows/sequence-0944__local_qwen__os15-s0040__trial-5.json,[]
945,local_qwen,os15-s0041,1,positive,valid,True,False,os15-c000356,"[""os15-c000450"",""os15-c000135"",""os15-c000122"",""os15-c000356"",""os15-c000210""]",4,False,True,0.25,80593,results/owasp-sqli-v15-1-confirmatory-final/owasp-sqli-v15-1-confirmatory-20260823T131208Z/raw/ranking-rows/sequence-0945__local_qwen__os15-s0041__trial-1.json,[]
946,local_qwen,os15-s0041,2,positive,valid,True,False,os15-c000356,"[""os15-c000450"",""os15-c000135"",""os15-c000122"",""os15-c000356"",""os15-c000210""]",4,False,True,0.25,119481,results/owasp-sqli-v15-1-confirmatory-final/owasp-sqli-v15-1-confirmatory-20260823T131208Z/raw/ranking-rows/sequence-0946__local_qwen__os15-s0041__trial-2.json,[]
947,local_qwen,os15-s0041,3,positive,valid,True,False,os15-c000356,"[""os15-c000450"",""os15-c000135"",""os15-c000122"",""os15-c000356"",""os15-c000210""]",4,False,True,0.25,101237,results/owasp-sqli-v15-1-confirmatory-final/owasp-sqli-v15-1-confirmatory-20260823T131208Z/raw/ranking-rows/sequence-0947__local_qwen__os15-s0041__trial-3.json,[]
948,local_qwen,os15-s0041,4,positive,valid,True,False,os15-c000356,"[""os15-c000450"",""os15-c000135"",""os15-c000122"",""os15-c000356"",""os15-c000210""]",4,False,True,0.25,92962,results/owasp-sqli-v15-1-confirmatory-final/owasp-sqli-v15-1-confirmatory-20260823T131208Z/raw/ranking-rows/sequence-0948__local_qwen__os15-s0041__trial-4.json,[]
949,local_qwen,os15-s0041,5,positive,valid,True,False,os15-c000356,"[""os15-c000450"",""os15-c000135"",""os15-c000122"",""os15-c000356"",""os15-c000210""]",4,False,True,0.25,90022,results/owasp-sqli-v15-1-confirmatory-final/owasp-sqli-v15-1-confirmatory-20260823T131208Z/raw/ranking-rows/sequence-0949__local_qwen__os15-s0041__trial-5.json,[]
950,local_qwen,os15-s0042,1,positive,valid,True,False,os15-c000354,"[""os15-c000426"",""os15-c000220"",""os15-c000321"",""os15-c000311"",""os15-c000354""]",5,False,False,0.2,97543,results/owasp-sqli-v15-1-confirmatory-final/owasp-sqli-v15-1-confirmatory-20260823T131208Z/raw/ranking-rows/sequence-0950__local_qwen__os15-s0042__trial-1.json,[]
951,local_qwen,os15-s0042,2,positive,valid,True,False,os15-c000354,"[""os15-c000426"",""os15-c000220"",""os15-c000321"",""os15-c000311"",""os15-c000354""]",5,False,False,0.2,98209,results/owasp-sqli-v15-1-confirmatory-final/owasp-sqli-v15-1-confirmatory-20260823T131208Z/raw/ranking-rows/sequence-0951__local_qwen__os15-s0042__trial-2.json,[]
952,local_qwen,os15-s0042,3,positive,valid,True,False,os15-c000354,"[""os15-c000426"",""os15-c000220"",""os15-c000321"",""os15-c000311"",""os15-c000354""]",5,False,False,0.2,96524,results/owasp-sqli-v15-1-confirmatory-final/owasp-sqli-v15-1-confirmatory-20260823T131208Z/raw/ranking-rows/sequence-0952__local_qwen__os15-s0042__trial-3.json,[]
953,local_qwen,os15-s0042,4,positive,valid,True,False,os15-c000354,"[""os15-c000426"",""os15-c000220"",""os15-c000321"",""os15-c000311"",""os15-c000354""]",5,False,False,0.2,101050,results/owasp-sqli-v15-1-confirmatory-final/owasp-sqli-v15-1-confirmatory-20260823T131208Z/raw/ranking-rows/sequence-0953__local_qwen__os15-s0042__trial-4.json,[]
954,local_qwen,os15-s0042,5,positive,valid,True,False,os15-c000354,"[""os15-c000426"",""os15-c000220"",""os15-c000321"",""os15-c000311"",""os15-c000354""]",5,False,False,0.2,96659,results/owasp-sqli-v15-1-confirmatory-final/owasp-sqli-v15-1-confirmatory-20260823T131208Z/raw/ranking-rows/sequence-0954__local_qwen__os15-s0042__trial-5.json,[]
955,local_qwen,os15-s0043,1,positive,valid,True,False,os15-c000016,"[""os15-c000470"",""os15-c000491"",""os15-c000312"",""os15-c000016"",""os15-c000063""]",4,False,True,0.25,86700,results/owasp-sqli-v15-1-confirmatory-final/owasp-sqli-v15-1-confirmatory-20260823T131208Z/raw/ranking-rows/sequence-0955__local_qwen__os15-s0043__trial-1.json,[]
956,local_qwen,os15-s0043,2,positive,valid,True,False,os15-c000016,"[""os15-c000470"",""os15-c000491"",""os15-c000312"",""os15-c000016"",""os15-c000063""]",4,False,True,0.25,99690,results/owasp-sqli-v15-1-confirmatory-final/owasp-sqli-v15-1-confirmatory-20260823T131208Z/raw/ranking-rows/sequence-0956__local_qwen__os15-s0043__trial-2.json,[]
957,local_qwen,os15-s0043,3,positive,valid,True,False,os15-c000016,"[""os15-c000470"",""os15-c000491"",""os15-c000312"",""os15-c000016"",""os15-c000063""]",4,False,True,0.25,123418,results/owasp-sqli-v15-1-confirmatory-final/owasp-sqli-v15-1-confirmatory-20260823T131208Z/raw/ranking-rows/sequence-0957__local_qwen__os15-s0043__trial-3.json,[]
958,local_qwen,os15-s0043,4,positive,valid,True,False,os15-c000016,"[""os15-c000470"",""os15-c000491"",""os15-c000312"",""os15-c000016"",""os15-c000063""]",4,False,True,0.25,96393,results/owasp-sqli-v15-1-confirmatory-final/owasp-sqli-v15-1-confirmatory-20260823T131208Z/raw/ranking-rows/sequence-0958__local_qwen__os15-s0043__trial-4.json,[]
959,local_qwen,os15-s0043,5,positive,valid,True,False,os15-c000016,"[""os15-c000470"",""os15-c000491"",""os15-c000312"",""os15-c000016"",""os15-c000063""]",4,False,True,0.25,97525,results/owasp-sqli-v15-1-confirmatory-final/owasp-sqli-v15-1-confirmatory-20260823T131208Z/raw/ranking-rows/sequence-0959__local_qwen__os15-s0043__trial-5.json,[]
960,local_qwen,os15-s0044,1,positive,valid,True,False,os15-c000024,"[""os15-c000324"",""os15-c000295"",""os15-c000150"",""os15-c000364"",""os15-c000024""]",5,False,False,0.2,85682,results/owasp-sqli-v15-1-confirmatory-final/owasp-sqli-v15-1-confirmatory-20260823T131208Z/raw/ranking-rows/sequence-0960__local_qwen__os15-s0044__trial-1.json,[]
961,local_qwen,os15-s0044,2,positive,valid,True,False,os15-c000024,"[""os15-c000324"",""os15-c000295"",""os15-c000150"",""os15-c000364"",""os15-c000024""]",5,False,False,0.2,82729,results/owasp-sqli-v15-1-confirmatory-final/owasp-sqli-v15-1-confirmatory-20260823T131208Z/raw/ranking-rows/sequence-0961__local_qwen__os15-s0044__trial-2.json,[]
962,local_qwen,os15-s0044,3,positive,valid,True,False,os15-c000024,"[""os15-c000324"",""os15-c000295"",""os15-c000150"",""os15-c000364"",""os15-c000024""]",5,False,False,0.2,87038,results/owasp-sqli-v15-1-confirmatory-final/owasp-sqli-v15-1-confirmatory-20260823T131208Z/raw/ranking-rows/sequence-0962__local_qwen__os15-s0044__trial-3.json,[]
963,local_qwen,os15-s0044,4,positive,valid,True,False,os15-c000024,"[""os15-c000324"",""os15-c000295"",""os15-c000150"",""os15-c000364"",""os15-c000024""]",5,False,False,0.2,88704,results/owasp-sqli-v15-1-confirmatory-final/owasp-sqli-v15-1-confirmatory-20260823T131208Z/raw/ranking-rows/sequence-0963__local_qwen__os15-s0044__trial-4.json,[]
964,local_qwen,os15-s0044,5,positive,valid,True,False,os15-c000024,"[""os15-c000324"",""os15-c000295"",""os15-c000150"",""os15-c000364"",""os15-c000024""]",5,False,False,0.2,95280,results/owasp-sqli-v15-1-confirmatory-final/owasp-sqli-v15-1-confirmatory-20260823T131208Z/raw/ranking-rows/sequence-0964__local_qwen__os15-s0044__trial-5.json,[]
965,local_qwen,os15-s0045,1,positive,valid,True,False,os15-c000387,"[""os15-c000218"",""os15-c000387"",""os15-c000367"",""os15-c000343"",""os15-c000025""]",2,False,True,0.5,81397,results/owasp-sqli-v15-1-confirmatory-final/owasp-sqli-v15-1-confirmatory-20260823T131208Z/raw/ranking-rows/sequence-0965__local_qwen__os15-s0045__trial-1.json,[]
966,local_qwen,os15-s0045,2,positive,valid,True,False,os15-c000387,"[""os15-c000218"",""os15-c000387"",""os15-c000367"",""os15-c000343"",""os15-c000025""]",2,False,True,0.5,88584,results/owasp-sqli-v15-1-confirmatory-final/owasp-sqli-v15-1-confirmatory-20260823T131208Z/raw/ranking-rows/sequence-0966__local_qwen__os15-s0045__trial-2.json,[]
967,local_qwen,os15-s0045,3,positive,valid,True,False,os15-c000387,"[""os15-c000218"",""os15-c000387"",""os15-c000367"",""os15-c000343"",""os15-c000025""]",2,False,True,0.5,82778,results/owasp-sqli-v15-1-confirmatory-final/owasp-sqli-v15-1-confirmatory-20260823T131208Z/raw/ranking-rows/sequence-0967__local_qwen__os15-s0045__trial-3.json,[]
968,local_qwen,os15-s0045,4,positive,valid,True,False,os15-c000387,"[""os15-c000218"",""os15-c000387"",""os15-c000367"",""os15-c000343"",""os15-c000025""]",2,False,True,0.5,80910,results/owasp-sqli-v15-1-confirmatory-final/owasp-sqli-v15-1-confirmatory-20260823T131208Z/raw/ranking-rows/sequence-0968__local_qwen__os15-s0045__trial-4.json,[]
969,local_qwen,os15-s0045,5,positive,valid,True,False,os15-c000387,"[""os15-c000218"",""os15-c000387"",""os15-c000367"",""os15-c000343"",""os15-c000025""]",2,False,True,0.5,84053,results/owasp-sqli-v15-1-confirmatory-final/owasp-sqli-v15-1-confirmatory-20260823T131208Z/raw/ranking-rows/sequence-0969__local_qwen__os15-s0045__trial-5.json,[]
970,local_qwen,os15-s0046,1,positive,valid,True,False,os15-c000304,"[""os15-c000304"",""os15-c000502"",""os15-c000209"",""os15-c000366"",""os15-c000171""]",1,True,True,1.0,85508,results/owasp-sqli-v15-1-confirmatory-final/owasp-sqli-v15-1-confirmatory-20260823T131208Z/raw/ranking-rows/sequence-0970__local_qwen__os15-s0046__trial-1.json,[]
971,local_qwen,os15-s0046,2,positive,valid,True,False,os15-c000304,"[""os15-c000304"",""os15-c000502"",""os15-c000209"",""os15-c000366"",""os15-c000171""]",1,True,True,1.0,83161,results/owasp-sqli-v15-1-confirmatory-final/owasp-sqli-v15-1-confirmatory-20260823T131208Z/raw/ranking-rows/sequence-0971__local_qwen__os15-s0046__trial-2.json,[]
972,local_qwen,os15-s0046,3,positive,valid,True,False,os15-c000304,"[""os15-c000304"",""os15-c000502"",""os15-c000209"",""os15-c000366"",""os15-c000171""]",1,True,True,1.0,81548,results/owasp-sqli-v15-1-confirmatory-final/owasp-sqli-v15-1-confirmatory-20260823T131208Z/raw/ranking-rows/sequence-0972__local_qwen__os15-s0046__trial-3.json,[]
973,local_qwen,os15-s0046,4,positive,valid,True,False,os15-c000304,"[""os15-c000304"",""os15-c000502"",""os15-c000209"",""os15-c000366"",""os15-c000171""]",1,True,True,1.0,80691,results/owasp-sqli-v15-1-confirmatory-final/owasp-sqli-v15-1-confirmatory-20260823T131208Z/raw/ranking-rows/sequence-0973__local_qwen__os15-s0046__trial-4.json,[]
974,local_qwen,os15-s0046,5,positive,valid,True,False,os15-c000304,"[""os15-c000304"",""os15-c000502"",""os15-c000209"",""os15-c000366"",""os15-c000171""]",1,True,True,1.0,52488,results/owasp-sqli-v15-1-confirmatory-final/owasp-sqli-v15-1-confirmatory-20260823T131208Z/raw/ranking-rows/sequence-0974__local_qwen__os15-s0046__trial-5.json,[]
975,local_qwen,os15-s0047,1,positive,valid,True,False,os15-c000147,"[""os15-c000147"",""os15-c000428"",""os15-c000207"",""os15-c000054"",""os15-c000052""]",1,True,True,1.0,54998,results/owasp-sqli-v15-1-confirmatory-final/owasp-sqli-v15-1-confirmatory-20260823T131208Z/raw/ranking-rows/sequence-0975__local_qwen__os15-s0047__trial-1.json,[]
976,local_qwen,os15-s0047,2,positive,valid,True,False,os15-c000147,"[""os15-c000147"",""os15-c000428"",""os15-c000207"",""os15-c000054"",""os15-c000052""]",1,True,True,1.0,53773,results/owasp-sqli-v15-1-confirmatory-final/owasp-sqli-v15-1-confirmatory-20260823T131208Z/raw/ranking-rows/sequence-0976__local_qwen__os15-s0047__trial-2.json,[]
977,local_qwen,os15-s0047,3,positive,valid,True,False,os15-c000147,"[""os15-c000147"",""os15-c000428"",""os15-c000207"",""os15-c000054"",""os15-c000052""]",1,True,True,1.0,54570,results/owasp-sqli-v15-1-confirmatory-final/owasp-sqli-v15-1-confirmatory-20260823T131208Z/raw/ranking-rows/sequence-0977__local_qwen__os15-s0047__trial-3.json,[]
978,local_qwen,os15-s0047,4,positive,valid,True,False,os15-c000147,"[""os15-c000147"",""os15-c000428"",""os15-c000207"",""os15-c000054"",""os15-c000052""]",1,True,True,1.0,55804,results/owasp-sqli-v15-1-confirmatory-final/owasp-sqli-v15-1-confirmatory-20260823T131208Z/raw/ranking-rows/sequence-0978__local_qwen__os15-s0047__trial-4.json,[]
979,local_qwen,os15-s0047,5,positive,valid,True,False,os15-c000147,"[""os15-c000147"",""os15-c000428"",""os15-c000207"",""os15-c000054"",""os15-c000052""]",1,True,True,1.0,64453,results/owasp-sqli-v15-1-confirmatory-final/owasp-sqli-v15-1-confirmatory-20260823T131208Z/raw/ranking-rows/sequence-0979__local_qwen__os15-s0047__trial-5.json,[]
980,local_qwen,os15-s0048,1,positive,valid,True,False,os15-c000021,"[""os15-c000236"",""os15-c000293"",""os15-c000330"",""os15-c000021"",""os15-c000053""]",4,False,True,0.25,59369,results/owasp-sqli-v15-1-confirmatory-final/owasp-sqli-v15-1-confirmatory-20260823T131208Z/raw/ranking-rows/sequence-0980__local_qwen__os15-s0048__trial-1.json,[]
981,local_qwen,os15-s0048,2,positive,valid,True,False,os15-c000021,"[""os15-c000236"",""os15-c000293"",""os15-c000330"",""os15-c000021"",""os15-c000053""]",4,False,True,0.25,57634,results/owasp-sqli-v15-1-confirmatory-final/owasp-sqli-v15-1-confirmatory-20260823T131208Z/raw/ranking-rows/sequence-0981__local_qwen__os15-s0048__trial-2.json,[]
982,local_qwen,os15-s0048,3,positive,valid,True,False,os15-c000021,"[""os15-c000236"",""os15-c000293"",""os15-c000330"",""os15-c000021"",""os15-c000053""]",4,False,True,0.25,58951,results/owasp-sqli-v15-1-confirmatory-final/owasp-sqli-v15-1-confirmatory-20260823T131208Z/raw/ranking-rows/sequence-0982__local_qwen__os15-s0048__trial-3.json,[]
983,local_qwen,os15-s0048,4,positive,valid,True,False,os15-c000021,"[""os15-c000236"",""os15-c000293"",""os15-c000330"",""os15-c000021"",""os15-c000053""]",4,False,True,0.25,60302,results/owasp-sqli-v15-1-confirmatory-final/owasp-sqli-v15-1-confirmatory-20260823T131208Z/raw/ranking-rows/sequence-0983__local_qwen__os15-s0048__trial-4.json,[]
984,local_qwen,os15-s0048,5,positive,valid,True,False,os15-c000021,"[""os15-c000236"",""os15-c000293"",""os15-c000330"",""os15-c000021"",""os15-c000053""]",4,False,True,0.25,62924,results/owasp-sqli-v15-1-confirmatory-final/owasp-sqli-v15-1-confirmatory-20260823T131208Z/raw/ranking-rows/sequence-0984__local_qwen__os15-s0048__trial-5.json,[]
985,local_qwen,os15-s0049,1,positive,valid,True,False,os15-c000274,"[""os15-c000112"",""os15-c000152"",""os15-c000452"",""os15-c000274"",""os15-c000362""]",4,False,True,0.25,62313,results/owasp-sqli-v15-1-confirmatory-final/owasp-sqli-v15-1-confirmatory-20260823T131208Z/raw/ranking-rows/sequence-0985__local_qwen__os15-s0049__trial-1.json,[]
986,local_qwen,os15-s0049,2,positive,valid,True,False,os15-c000274,"[""os15-c000112"",""os15-c000152"",""os15-c000452"",""os15-c000274"",""os15-c000362""]",4,False,True,0.25,55429,results/owasp-sqli-v15-1-confirmatory-final/owasp-sqli-v15-1-confirmatory-20260823T131208Z/raw/ranking-rows/sequence-0986__local_qwen__os15-s0049__trial-2.json,[]
987,local_qwen,os15-s0049,3,positive,valid,True,False,os15-c000274,"[""os15-c000112"",""os15-c000152"",""os15-c000452"",""os15-c000274"",""os15-c000362""]",4,False,True,0.25,56523,results/owasp-sqli-v15-1-confirmatory-final/owasp-sqli-v15-1-confirmatory-20260823T131208Z/raw/ranking-rows/sequence-0987__local_qwen__os15-s0049__trial-3.json,[]
988,local_qwen,os15-s0049,4,positive,valid,True,False,os15-c000274,"[""os15-c000112"",""os15-c000152"",""os15-c000452"",""os15-c000274"",""os15-c000362""]",4,False,True,0.25,55974,results/owasp-sqli-v15-1-confirmatory-final/owasp-sqli-v15-1-confirmatory-20260823T131208Z/raw/ranking-rows/sequence-0988__local_qwen__os15-s0049__trial-4.json,[]
989,local_qwen,os15-s0049,5,positive,valid,True,False,os15-c000274,"[""os15-c000112"",""os15-c000152"",""os15-c000452"",""os15-c000274"",""os15-c000362""]",4,False,True,0.25,55796,results/owasp-sqli-v15-1-confirmatory-final/owasp-sqli-v15-1-confirmatory-20260823T131208Z/raw/ranking-rows/sequence-0989__local_qwen__os15-s0049__trial-5.json,[]
990,local_qwen,os15-s0050,1,positive,valid,True,False,os15-c000094,"[""os15-c000084"",""os15-c000094"",""os15-c000481"",""os15-c000432"",""os15-c000203""]",2,False,True,0.5,58039,results/owasp-sqli-v15-1-confirmatory-final/owasp-sqli-v15-1-confirmatory-20260823T131208Z/raw/ranking-rows/sequence-0990__local_qwen__os15-s0050__trial-1.json,[]
991,local_qwen,os15-s0050,2,positive,valid,True,False,os15-c000094,"[""os15-c000084"",""os15-c000094"",""os15-c000481"",""os15-c000432"",""os15-c000203""]",2,False,True,0.5,56680,results/owasp-sqli-v15-1-confirmatory-final/owasp-sqli-v15-1-confirmatory-20260823T131208Z/raw/ranking-rows/sequence-0991__local_qwen__os15-s0050__trial-2.json,[]
992,local_qwen,os15-s0050,3,positive,valid,True,False,os15-c000094,"[""os15-c000084"",""os15-c000094"",""os15-c000481"",""os15-c000432"",""os15-c000203""]",2,False,True,0.5,57075,results/owasp-sqli-v15-1-confirmatory-final/owasp-sqli-v15-1-confirmatory-20260823T131208Z/raw/ranking-rows/sequence-0992__local_qwen__os15-s0050__trial-3.json,[]
993,local_qwen,os15-s0050,4,positive,valid,True,False,os15-c000094,"[""os15-c000084"",""os15-c000094"",""os15-c000481"",""os15-c000432"",""os15-c000203""]",2,False,True,0.5,56640,results/owasp-sqli-v15-1-confirmatory-final/owasp-sqli-v15-1-confirmatory-20260823T131208Z/raw/ranking-rows/sequence-0993__local_qwen__os15-s0050__trial-4.json,[]
994,local_qwen,os15-s0050,5,positive,valid,True,False,os15-c000094,"[""os15-c000084"",""os15-c000094"",""os15-c000481"",""os15-c000432"",""os15-c000203""]",2,False,True,0.5,62905,results/owasp-sqli-v15-1-confirmatory-final/owasp-sqli-v15-1-confirmatory-20260823T131208Z/raw/ranking-rows/sequence-0994__local_qwen__os15-s0050__trial-5.json,[]
995,local_qwen,os15-s0051,1,positive,valid,True,False,os15-c000008,"[""os15-c000153"",""os15-c000503"",""os15-c000008"",""os15-c000064"",""os15-c000020""]",3,False,True,0.333333,84638,results/owasp-sqli-v15-1-confirmatory-final/owasp-sqli-v15-1-confirmatory-20260823T131208Z/raw/ranking-rows/sequence-0995__local_qwen__os15-s0051__trial-1.json,[]
996,local_qwen,os15-s0051,2,positive,valid,True,False,os15-c000008,"[""os15-c000153"",""os15-c000503"",""os15-c000008"",""os15-c000064"",""os15-c000020""]",3,False,True,0.333333,59542,results/owasp-sqli-v15-1-confirmatory-final/owasp-sqli-v15-1-confirmatory-20260823T131208Z/raw/ranking-rows/sequence-0996__local_qwen__os15-s0051__trial-2.json,[]
997,local_qwen,os15-s0051,3,positive,valid,True,False,os15-c000008,"[""os15-c000153"",""os15-c000503"",""os15-c000008"",""os15-c000064"",""os15-c000020""]",3,False,True,0.333333,58151,results/owasp-sqli-v15-1-confirmatory-final/owasp-sqli-v15-1-confirmatory-20260823T131208Z/raw/ranking-rows/sequence-0997__local_qwen__os15-s0051__trial-3.json,[]
998,local_qwen,os15-s0051,4,positive,valid,True,False,os15-c000008,"[""os15-c000153"",""os15-c000503"",""os15-c000008"",""os15-c000064"",""os15-c000020""]",3,False,True,0.333333,58251,results/owasp-sqli-v15-1-confirmatory-final/owasp-sqli-v15-1-confirmatory-20260823T131208Z/raw/ranking-rows/sequence-0998__local_qwen__os15-s0051__trial-4.json,[]
999,local_qwen,os15-s0051,5,positive,valid,True,False,os15-c000008,"[""os15-c000153"",""os15-c000503"",""os15-c000008"",""os15-c000064"",""os15-c000020""]",3,False,True,0.333333,61445,results/owasp-sqli-v15-1-confirmatory-final/owasp-sqli-v15-1-confirmatory-20260823T131208Z/raw/ranking-rows/sequence-0999__local_qwen__os15-s0051__trial-5.json,[]
1000,local_qwen,os15-s0052,1,positive,valid,True,False,os15-c000371,"[""os15-c000373"",""os15-c000111"",""os15-c000162"",""os15-c000051"",""os15-c000371""]",5,False,False,0.2,59497,results/owasp-sqli-v15-1-confirmatory-final/owasp-sqli-v15-1-confirmatory-20260823T131208Z/raw/ranking-rows/sequence-1000__local_qwen__os15-s0052__trial-1.json,[]
1001,local_qwen,os15-s0052,2,positive,valid,True,False,os15-c000371,"[""os15-c000373"",""os15-c000111"",""os15-c000162"",""os15-c000051"",""os15-c000371""]",5,False,False,0.2,56963,results/owasp-sqli-v15-1-confirmatory-final/owasp-sqli-v15-1-confirmatory-20260823T131208Z/raw/ranking-rows/sequence-1001__local_qwen__os15-s0052__trial-2.json,[]
1002,local_qwen,os15-s0052,3,positive,valid,True,False,os15-c000371,"[""os15-c000373"",""os15-c000111"",""os15-c000162"",""os15-c000051"",""os15-c000371""]",5,False,False,0.2,57322,results/owasp-sqli-v15-1-confirmatory-final/owasp-sqli-v15-1-confirmatory-20260823T131208Z/raw/ranking-rows/sequence-1002__local_qwen__os15-s0052__trial-3.json,[]
1003,local_qwen,os15-s0052,4,positive,valid,True,False,os15-c000371,"[""os15-c000373"",""os15-c000111"",""os15-c000162"",""os15-c000051"",""os15-c000371""]",5,False,False,0.2,57710,results/owasp-sqli-v15-1-confirmatory-final/owasp-sqli-v15-1-confirmatory-20260823T131208Z/raw/ranking-rows/sequence-1003__local_qwen__os15-s0052__trial-4.json,[]
1004,local_qwen,os15-s0052,5,positive,valid,True,False,os15-c000371,"[""os15-c000373"",""os15-c000111"",""os15-c000162"",""os15-c000051"",""os15-c000371""]",5,False,False,0.2,59071,results/owasp-sqli-v15-1-confirmatory-final/owasp-sqli-v15-1-confirmatory-20260823T131208Z/raw/ranking-rows/sequence-1004__local_qwen__os15-s0052__trial-5.json,[]
1005,local_qwen,os15-s0053,1,positive,valid,True,False,os15-c000145,"[""os15-c000466"",""os15-c000145"",""os15-c000074"",""os15-c000358"",""os15-c000093""]",2,False,True,0.5,56205,results/owasp-sqli-v15-1-confirmatory-final/owasp-sqli-v15-1-confirmatory-20260823T131208Z/raw/ranking-rows/sequence-1005__local_qwen__os15-s0053__trial-1.json,[]
1006,local_qwen,os15-s0053,2,positive,valid,True,False,os15-c000145,"[""os15-c000466"",""os15-c000145"",""os15-c000074"",""os15-c000358"",""os15-c000093""]",2,False,True,0.5,55112,results/owasp-sqli-v15-1-confirmatory-final/owasp-sqli-v15-1-confirmatory-20260823T131208Z/raw/ranking-rows/sequence-1006__local_qwen__os15-s0053__trial-2.json,[]
1007,local_qwen,os15-s0053,3,positive,valid,True,False,os15-c000145,"[""os15-c000466"",""os15-c000145"",""os15-c000074"",""os15-c000358"",""os15-c000093""]",2,False,True,0.5,54502,results/owasp-sqli-v15-1-confirmatory-final/owasp-sqli-v15-1-confirmatory-20260823T131208Z/raw/ranking-rows/sequence-1007__local_qwen__os15-s0053__trial-3.json,[]
1008,local_qwen,os15-s0053,4,positive,valid,True,False,os15-c000145,"[""os15-c000466"",""os15-c000145"",""os15-c000074"",""os15-c000358"",""os15-c000093""]",2,False,True,0.5,54954,results/owasp-sqli-v15-1-confirmatory-final/owasp-sqli-v15-1-confirmatory-20260823T131208Z/raw/ranking-rows/sequence-1008__local_qwen__os15-s0053__trial-4.json,[]
1009,local_qwen,os15-s0053,5,positive,valid,True,False,os15-c000145,"[""os15-c000466"",""os15-c000145"",""os15-c000074"",""os15-c000358"",""os15-c000093""]",2,False,True,0.5,54373,results/owasp-sqli-v15-1-confirmatory-final/owasp-sqli-v15-1-confirmatory-20260823T131208Z/raw/ranking-rows/sequence-1009__local_qwen__os15-s0053__trial-5.json,[]
1010,local_qwen,os15-s0054,1,positive,valid,True,False,os15-c000003,"[""os15-c000493"",""os15-c000372"",""os15-c000083"",""os15-c000003"",""os15-c000329""]",4,False,True,0.25,56648,results/owasp-sqli-v15-1-confirmatory-final/owasp-sqli-v15-1-confirmatory-20260823T131208Z/raw/ranking-rows/sequence-1010__local_qwen__os15-s0054__trial-1.json,[]
1011,local_qwen,os15-s0054,2,positive,valid,True,False,os15-c000003,"[""os15-c000493"",""os15-c000372"",""os15-c000083"",""os15-c000003"",""os15-c000329""]",4,False,True,0.25,56495,results/owasp-sqli-v15-1-confirmatory-final/owasp-sqli-v15-1-confirmatory-20260823T131208Z/raw/ranking-rows/sequence-1011__local_qwen__os15-s0054__trial-2.json,[]
1012,local_qwen,os15-s0054,3,positive,valid,True,False,os15-c000003,"[""os15-c000493"",""os15-c000372"",""os15-c000083"",""os15-c000003"",""os15-c000329""]",4,False,True,0.25,56381,results/owasp-sqli-v15-1-confirmatory-final/owasp-sqli-v15-1-confirmatory-20260823T131208Z/raw/ranking-rows/sequence-1012__local_qwen__os15-s0054__trial-3.json,[]
1013,local_qwen,os15-s0054,4,positive,valid,True,False,os15-c000003,"[""os15-c000493"",""os15-c000372"",""os15-c000083"",""os15-c000003"",""os15-c000329""]",4,False,True,0.25,57610,results/owasp-sqli-v15-1-confirmatory-final/owasp-sqli-v15-1-confirmatory-20260823T131208Z/raw/ranking-rows/sequence-1013__local_qwen__os15-s0054__trial-4.json,[]
1014,local_qwen,os15-s0054,5,positive,valid,True,False,os15-c000003,"[""os15-c000493"",""os15-c000372"",""os15-c000083"",""os15-c000003"",""os15-c000329""]",4,False,True,0.25,57378,results/owasp-sqli-v15-1-confirmatory-final/owasp-sqli-v15-1-confirmatory-20260823T131208Z/raw/ranking-rows/sequence-1014__local_qwen__os15-s0054__trial-5.json,[]
1015,local_qwen,os15-s0055,1,positive,valid,True,False,os15-c000224,"[""os15-c000223"",""os15-c000410"",""os15-c000224"",""os15-c000087"",""os15-c000336""]",3,False,True,0.333333,59716,results/owasp-sqli-v15-1-confirmatory-final/owasp-sqli-v15-1-confirmatory-20260823T131208Z/raw/ranking-rows/sequence-1015__local_qwen__os15-s0055__trial-1.json,[]
1016,local_qwen,os15-s0055,2,positive,valid,True,False,os15-c000224,"[""os15-c000223"",""os15-c000410"",""os15-c000224"",""os15-c000087"",""os15-c000336""]",3,False,True,0.333333,57523,results/owasp-sqli-v15-1-confirmatory-final/owasp-sqli-v15-1-confirmatory-20260823T131208Z/raw/ranking-rows/sequence-1016__local_qwen__os15-s0055__trial-2.json,[]
1017,local_qwen,os15-s0055,3,positive,valid,True,False,os15-c000224,"[""os15-c000223"",""os15-c000410"",""os15-c000224"",""os15-c000087"",""os15-c000336""]",3,False,True,0.333333,57458,results/owasp-sqli-v15-1-confirmatory-final/owasp-sqli-v15-1-confirmatory-20260823T131208Z/raw/ranking-rows/sequence-1017__local_qwen__os15-s0055__trial-3.json,[]
1018,local_qwen,os15-s0055,4,positive,valid,True,False,os15-c000224,"[""os15-c000223"",""os15-c000410"",""os15-c000224"",""os15-c000087"",""os15-c000336""]",3,False,True,0.333333,58944,results/owasp-sqli-v15-1-confirmatory-final/owasp-sqli-v15-1-confirmatory-20260823T131208Z/raw/ranking-rows/sequence-1018__local_qwen__os15-s0055__trial-4.json,[]
1019,local_qwen,os15-s0055,5,positive,valid,True,False,os15-c000224,"[""os15-c000223"",""os15-c000410"",""os15-c000224"",""os15-c000087"",""os15-c000336""]",3,False,True,0.333333,58183,results/owasp-sqli-v15-1-confirmatory-final/owasp-sqli-v15-1-confirmatory-20260823T131208Z/raw/ranking-rows/sequence-1019__local_qwen__os15-s0055__trial-5.json,[]
1020,local_qwen,os15-s0056,1,positive,valid,True,False,os15-c000146,"[""os15-c000455"",""os15-c000146"",""os15-c000151"",""os15-c000192"",""os15-c000337""]",2,False,True,0.5,55515,results/owasp-sqli-v15-1-confirmatory-final/owasp-sqli-v15-1-confirmatory-20260823T131208Z/raw/ranking-rows/sequence-1020__local_qwen__os15-s0056__trial-1.json,[]
1021,local_qwen,os15-s0056,2,positive,valid,True,False,os15-c000146,"[""os15-c000455"",""os15-c000146"",""os15-c000151"",""os15-c000192"",""os15-c000337""]",2,False,True,0.5,54974,results/owasp-sqli-v15-1-confirmatory-final/owasp-sqli-v15-1-confirmatory-20260823T131208Z/raw/ranking-rows/sequence-1021__local_qwen__os15-s0056__trial-2.json,[]
1022,local_qwen,os15-s0056,3,positive,valid,True,False,os15-c000146,"[""os15-c000455"",""os15-c000146"",""os15-c000151"",""os15-c000192"",""os15-c000337""]",2,False,True,0.5,54730,results/owasp-sqli-v15-1-confirmatory-final/owasp-sqli-v15-1-confirmatory-20260823T131208Z/raw/ranking-rows/sequence-1022__local_qwen__os15-s0056__trial-3.json,[]
1023,local_qwen,os15-s0056,4,positive,valid,True,False,os15-c000146,"[""os15-c000455"",""os15-c000146"",""os15-c000151"",""os15-c000192"",""os15-c000337""]",2,False,True,0.5,54023,results/owasp-sqli-v15-1-confirmatory-final/owasp-sqli-v15-1-confirmatory-20260823T131208Z/raw/ranking-rows/sequence-1023__local_qwen__os15-s0056__trial-4.json,[]
1024,local_qwen,os15-s0056,5,positive,valid,True,False,os15-c000146,"[""os15-c000455"",""os15-c000146"",""os15-c000151"",""os15-c000192"",""os15-c000337""]",2,False,True,0.5,54384,results/owasp-sqli-v15-1-confirmatory-final/owasp-sqli-v15-1-confirmatory-20260823T131208Z/raw/ranking-rows/sequence-1024__local_qwen__os15-s0056__trial-5.json,[]
1025,local_qwen,os15-s0057,1,positive,valid,True,False,os15-c000190,"[""os15-c000388"",""os15-c000216"",""os15-c000323"",""os15-c000190"",""os15-c000131""]",4,False,True,0.25,61769,results/owasp-sqli-v15-1-confirmatory-final/owasp-sqli-v15-1-confirmatory-20260823T131208Z/raw/ranking-rows/sequence-1025__local_qwen__os15-s0057__trial-1.json,[]
1026,local_qwen,os15-s0057,2,positive,valid,True,False,os15-c000190,"[""os15-c000388"",""os15-c000216"",""os15-c000323"",""os15-c000190"",""os15-c000131""]",4,False,True,0.25,57938,results/owasp-sqli-v15-1-confirmatory-final/owasp-sqli-v15-1-confirmatory-20260823T131208Z/raw/ranking-rows/sequence-1026__local_qwen__os15-s0057__trial-2.json,[]
1027,local_qwen,os15-s0057,3,positive,valid,True,False,os15-c000190,"[""os15-c000388"",""os15-c000216"",""os15-c000323"",""os15-c000190"",""os15-c000131""]",4,False,True,0.25,57477,results/owasp-sqli-v15-1-confirmatory-final/owasp-sqli-v15-1-confirmatory-20260823T131208Z/raw/ranking-rows/sequence-1027__local_qwen__os15-s0057__trial-3.json,[]
1028,local_qwen,os15-s0057,4,positive,valid,True,False,os15-c000190,"[""os15-c000388"",""os15-c000216"",""os15-c000323"",""os15-c000190"",""os15-c000131""]",4,False,True,0.25,57746,results/owasp-sqli-v15-1-confirmatory-final/owasp-sqli-v15-1-confirmatory-20260823T131208Z/raw/ranking-rows/sequence-1028__local_qwen__os15-s0057__trial-4.json,[]
1029,local_qwen,os15-s0057,5,positive,valid,True,False,os15-c000190,"[""os15-c000388"",""os15-c000216"",""os15-c000323"",""os15-c000190"",""os15-c000131""]",4,False,True,0.25,57526,results/owasp-sqli-v15-1-confirmatory-final/owasp-sqli-v15-1-confirmatory-20260823T131208Z/raw/ranking-rows/sequence-1029__local_qwen__os15-s0057__trial-5.json,[]
1030,local_qwen,os15-s0058,1,positive,valid,True,False,os15-c000225,"[""os15-c000154"",""os15-c000469"",""os15-c000308"",""os15-c000501"",""os15-c000225""]",5,False,False,0.2,67089,results/owasp-sqli-v15-1-confirmatory-final/owasp-sqli-v15-1-confirmatory-20260823T131208Z/raw/ranking-rows/sequence-1030__local_qwen__os15-s0058__trial-1.json,[]
1031,local_qwen,os15-s0058,2,positive,valid,True,False,os15-c000225,"[""os15-c000154"",""os15-c000469"",""os15-c000308"",""os15-c000501"",""os15-c000225""]",5,False,False,0.2,62191,results/owasp-sqli-v15-1-confirmatory-final/owasp-sqli-v15-1-confirmatory-20260823T131208Z/raw/ranking-rows/sequence-1031__local_qwen__os15-s0058__trial-2.json,[]
1032,local_qwen,os15-s0058,3,positive,valid,True,False,os15-c000225,"[""os15-c000154"",""os15-c000469"",""os15-c000308"",""os15-c000501"",""os15-c000225""]",5,False,False,0.2,60212,results/owasp-sqli-v15-1-confirmatory-final/owasp-sqli-v15-1-confirmatory-20260823T131208Z/raw/ranking-rows/sequence-1032__local_qwen__os15-s0058__trial-3.json,[]
1033,local_qwen,os15-s0058,4,positive,valid,True,False,os15-c000225,"[""os15-c000154"",""os15-c000469"",""os15-c000308"",""os15-c000501"",""os15-c000225""]",5,False,False,0.2,60443,results/owasp-sqli-v15-1-confirmatory-final/owasp-sqli-v15-1-confirmatory-20260823T131208Z/raw/ranking-rows/sequence-1033__local_qwen__os15-s0058__trial-4.json,[]
1034,local_qwen,os15-s0058,5,positive,valid,True,False,os15-c000225,"[""os15-c000154"",""os15-c000469"",""os15-c000308"",""os15-c000501"",""os15-c000225""]",5,False,False,0.2,63952,results/owasp-sqli-v15-1-confirmatory-final/owasp-sqli-v15-1-confirmatory-20260823T131208Z/raw/ranking-rows/sequence-1034__local_qwen__os15-s0058__trial-5.json,[]
1035,local_qwen,os15-s0059,1,positive,valid,True,False,os15-c000486,"[""os15-c000486"",""os15-c000116"",""os15-c000492"",""os15-c000427"",""os15-c000073""]",1,True,True,1.0,60918,results/owasp-sqli-v15-1-confirmatory-final/owasp-sqli-v15-1-confirmatory-20260823T131208Z/raw/ranking-rows/sequence-1035__local_qwen__os15-s0059__trial-1.json,[]
1036,local_qwen,os15-s0059,2,positive,valid,True,False,os15-c000486,"[""os15-c000486"",""os15-c000116"",""os15-c000492"",""os15-c000427"",""os15-c000073""]",1,True,True,1.0,60793,results/owasp-sqli-v15-1-confirmatory-final/owasp-sqli-v15-1-confirmatory-20260823T131208Z/raw/ranking-rows/sequence-1036__local_qwen__os15-s0059__trial-2.json,[]
1037,local_qwen,os15-s0059,3,positive,valid,True,False,os15-c000486,"[""os15-c000486"",""os15-c000116"",""os15-c000492"",""os15-c000427"",""os15-c000073""]",1,True,True,1.0,58472,results/owasp-sqli-v15-1-confirmatory-final/owasp-sqli-v15-1-confirmatory-20260823T131208Z/raw/ranking-rows/sequence-1037__local_qwen__os15-s0059__trial-3.json,[]
1038,local_qwen,os15-s0059,4,positive,valid,True,False,os15-c000486,"[""os15-c000486"",""os15-c000116"",""os15-c000492"",""os15-c000427"",""os15-c000073""]",1,True,True,1.0,59299,results/owasp-sqli-v15-1-confirmatory-final/owasp-sqli-v15-1-confirmatory-20260823T131208Z/raw/ranking-rows/sequence-1038__local_qwen__os15-s0059__trial-4.json,[]
1039,local_qwen,os15-s0059,5,positive,valid,True,False,os15-c000486,"[""os15-c000486"",""os15-c000116"",""os15-c000492"",""os15-c000427"",""os15-c000073""]",1,True,True,1.0,58950,results/owasp-sqli-v15-1-confirmatory-final/owasp-sqli-v15-1-confirmatory-20260823T131208Z/raw/ranking-rows/sequence-1039__local_qwen__os15-s0059__trial-5.json,[]
1040,local_qwen,os15-s0060,1,positive,valid,True,False,os15-c000015,"[""os15-c000103"",""os15-c000067"",""os15-c000243"",""os15-c000331"",""os15-c000015""]",5,False,False,0.2,56795,results/owasp-sqli-v15-1-confirmatory-final/owasp-sqli-v15-1-confirmatory-20260823T131208Z/raw/ranking-rows/sequence-1040__local_qwen__os15-s0060__trial-1.json,[]
1041,local_qwen,os15-s0060,2,positive,valid,True,False,os15-c000015,"[""os15-c000103"",""os15-c000067"",""os15-c000243"",""os15-c000331"",""os15-c000015""]",5,False,False,0.2,56565,results/owasp-sqli-v15-1-confirmatory-final/owasp-sqli-v15-1-confirmatory-20260823T131208Z/raw/ranking-rows/sequence-1041__local_qwen__os15-s0060__trial-2.json,[]
1042,local_qwen,os15-s0060,3,positive,valid,True,False,os15-c000015,"[""os15-c000103"",""os15-c000067"",""os15-c000243"",""os15-c000331"",""os15-c000015""]",5,False,False,0.2,56766,results/owasp-sqli-v15-1-confirmatory-final/owasp-sqli-v15-1-confirmatory-20260823T131208Z/raw/ranking-rows/sequence-1042__local_qwen__os15-s0060__trial-3.json,[]
1043,local_qwen,os15-s0060,4,positive,valid,True,False,os15-c000015,"[""os15-c000103"",""os15-c000067"",""os15-c000243"",""os15-c000331"",""os15-c000015""]",5,False,False,0.2,55879,results/owasp-sqli-v15-1-confirmatory-final/owasp-sqli-v15-1-confirmatory-20260823T131208Z/raw/ranking-rows/sequence-1043__local_qwen__os15-s0060__trial-4.json,[]
1044,local_qwen,os15-s0060,5,positive,valid,True,False,os15-c000015,"[""os15-c000103"",""os15-c000067"",""os15-c000243"",""os15-c000331"",""os15-c000015""]",5,False,False,0.2,56393,results/owasp-sqli-v15-1-confirmatory-final/owasp-sqli-v15-1-confirmatory-20260823T131208Z/raw/ranking-rows/sequence-1044__local_qwen__os15-s0060__trial-5.json,[]
1045,local_qwen,os15-s0061,1,positive,valid,True,False,os15-c000096,"[""os15-c000384"",""os15-c000096"",""os15-c000261"",""os15-c000305"",""os15-c000464""]",2,False,True,0.5,60510,results/owasp-sqli-v15-1-confirmatory-final/owasp-sqli-v15-1-confirmatory-20260823T131208Z/raw/ranking-rows/sequence-1045__local_qwen__os15-s0061__trial-1.json,[]
1046,local_qwen,os15-s0061,2,positive,valid,True,False,os15-c000096,"[""os15-c000384"",""os15-c000096"",""os15-c000261"",""os15-c000305"",""os15-c000464""]",2,False,True,0.5,61503,results/owasp-sqli-v15-1-confirmatory-final/owasp-sqli-v15-1-confirmatory-20260823T131208Z/raw/ranking-rows/sequence-1046__local_qwen__os15-s0061__trial-2.json,[]
1047,local_qwen,os15-s0061,3,positive,valid,True,False,os15-c000096,"[""os15-c000384"",""os15-c000096"",""os15-c000261"",""os15-c000305"",""os15-c000464""]",2,False,True,0.5,64416,results/owasp-sqli-v15-1-confirmatory-final/owasp-sqli-v15-1-confirmatory-20260823T131208Z/raw/ranking-rows/sequence-1047__local_qwen__os15-s0061__trial-3.json,[]
1048,local_qwen,os15-s0061,4,positive,valid,True,False,os15-c000096,"[""os15-c000384"",""os15-c000096"",""os15-c000261"",""os15-c000305"",""os15-c000464""]",2,False,True,0.5,59637,results/owasp-sqli-v15-1-confirmatory-final/owasp-sqli-v15-1-confirmatory-20260823T131208Z/raw/ranking-rows/sequence-1048__local_qwen__os15-s0061__trial-4.json,[]
1049,local_qwen,os15-s0061,5,positive,valid,True,False,os15-c000096,"[""os15-c000384"",""os15-c000096"",""os15-c000261"",""os15-c000305"",""os15-c000464""]",2,False,True,0.5,63060,results/owasp-sqli-v15-1-confirmatory-final/owasp-sqli-v15-1-confirmatory-20260823T131208Z/raw/ranking-rows/sequence-1049__local_qwen__os15-s0061__trial-5.json,[]
1050,local_qwen,os15-s0062,1,positive,valid,True,False,os15-c000302,"[""os15-c000396"",""os15-c000195"",""os15-c000302"",""os15-c000408"",""os15-c000110""]",3,False,True,0.333333,60321,results/owasp-sqli-v15-1-confirmatory-final/owasp-sqli-v15-1-confirmatory-20260823T131208Z/raw/ranking-rows/sequence-1050__local_qwen__os15-s0062__trial-1.json,[]
1051,local_qwen,os15-s0062,2,positive,valid,True,False,os15-c000302,"[""os15-c000396"",""os15-c000195"",""os15-c000302"",""os15-c000408"",""os15-c000110""]",3,False,True,0.333333,59517,results/owasp-sqli-v15-1-confirmatory-final/owasp-sqli-v15-1-confirmatory-20260823T131208Z/raw/ranking-rows/sequence-1051__local_qwen__os15-s0062__trial-2.json,[]
1052,local_qwen,os15-s0062,3,positive,valid,True,False,os15-c000302,"[""os15-c000396"",""os15-c000195"",""os15-c000302"",""os15-c000408"",""os15-c000110""]",3,False,True,0.333333,59810,results/owasp-sqli-v15-1-confirmatory-final/owasp-sqli-v15-1-confirmatory-20260823T131208Z/raw/ranking-rows/sequence-1052__local_qwen__os15-s0062__trial-3.json,[]
1053,local_qwen,os15-s0062,4,positive,valid,True,False,os15-c000302,"[""os15-c000396"",""os15-c000195"",""os15-c000302"",""os15-c000408"",""os15-c000110""]",3,False,True,0.333333,59330,results/owasp-sqli-v15-1-confirmatory-final/owasp-sqli-v15-1-confirmatory-20260823T131208Z/raw/ranking-rows/sequence-1053__local_qwen__os15-s0062__trial-4.json,[]
1054,local_qwen,os15-s0062,5,positive,valid,True,False,os15-c000302,"[""os15-c000396"",""os15-c000195"",""os15-c000302"",""os15-c000408"",""os15-c000110""]",3,False,True,0.333333,58553,results/owasp-sqli-v15-1-confirmatory-final/owasp-sqli-v15-1-confirmatory-20260823T131208Z/raw/ranking-rows/sequence-1054__local_qwen__os15-s0062__trial-5.json,[]
1055,local_qwen,os15-s0063,1,positive,valid,True,False,os15-c000423,"[""os15-c000485"",""os15-c000325"",""os15-c000423"",""os15-c000163"",""os15-c000392""]",3,False,True,0.333333,58541,results/owasp-sqli-v15-1-confirmatory-final/owasp-sqli-v15-1-confirmatory-20260823T131208Z/raw/ranking-rows/sequence-1055__local_qwen__os15-s0063__trial-1.json,[]
1056,local_qwen,os15-s0063,2,positive,valid,True,False,os15-c000423,"[""os15-c000485"",""os15-c000325"",""os15-c000423"",""os15-c000163"",""os15-c000392""]",3,False,True,0.333333,56058,results/owasp-sqli-v15-1-confirmatory-final/owasp-sqli-v15-1-confirmatory-20260823T131208Z/raw/ranking-rows/sequence-1056__local_qwen__os15-s0063__trial-2.json,[]
1057,local_qwen,os15-s0063,3,positive,valid,True,False,os15-c000423,"[""os15-c000485"",""os15-c000325"",""os15-c000423"",""os15-c000163"",""os15-c000392""]",3,False,True,0.333333,56623,results/owasp-sqli-v15-1-confirmatory-final/owasp-sqli-v15-1-confirmatory-20260823T131208Z/raw/ranking-rows/sequence-1057__local_qwen__os15-s0063__trial-3.json,[]
1058,local_qwen,os15-s0063,4,positive,valid,True,False,os15-c000423,"[""os15-c000485"",""os15-c000325"",""os15-c000423"",""os15-c000163"",""os15-c000392""]",3,False,True,0.333333,54350,results/owasp-sqli-v15-1-confirmatory-final/owasp-sqli-v15-1-confirmatory-20260823T131208Z/raw/ranking-rows/sequence-1058__local_qwen__os15-s0063__trial-4.json,[]
1059,local_qwen,os15-s0063,5,positive,valid,True,False,os15-c000423,"[""os15-c000485"",""os15-c000325"",""os15-c000423"",""os15-c000163"",""os15-c000392""]",3,False,True,0.333333,55406,results/owasp-sqli-v15-1-confirmatory-final/owasp-sqli-v15-1-confirmatory-20260823T131208Z/raw/ranking-rows/sequence-1059__local_qwen__os15-s0063__trial-5.json,[]
1060,local_qwen,os15-s0064,1,positive,valid,True,False,os15-c000386,"[""os15-c000450"",""os15-c000284"",""os15-c000414"",""os15-c000386"",""os15-c000351""]",4,False,True,0.25,55624,results/owasp-sqli-v15-1-confirmatory-final/owasp-sqli-v15-1-confirmatory-20260823T131208Z/raw/ranking-rows/sequence-1060__local_qwen__os15-s0064__trial-1.json,[]
1061,local_qwen,os15-s0064,2,positive,valid,True,False,os15-c000386,"[""os15-c000450"",""os15-c000284"",""os15-c000414"",""os15-c000386"",""os15-c000351""]",4,False,True,0.25,56783,results/owasp-sqli-v15-1-confirmatory-final/owasp-sqli-v15-1-confirmatory-20260823T131208Z/raw/ranking-rows/sequence-1061__local_qwen__os15-s0064__trial-2.json,[]
1062,local_qwen,os15-s0064,3,positive,valid,True,False,os15-c000386,"[""os15-c000450"",""os15-c000284"",""os15-c000414"",""os15-c000386"",""os15-c000351""]",4,False,True,0.25,56928,results/owasp-sqli-v15-1-confirmatory-final/owasp-sqli-v15-1-confirmatory-20260823T131208Z/raw/ranking-rows/sequence-1062__local_qwen__os15-s0064__trial-3.json,[]
1063,local_qwen,os15-s0064,4,positive,valid,True,False,os15-c000386,"[""os15-c000450"",""os15-c000284"",""os15-c000414"",""os15-c000386"",""os15-c000351""]",4,False,True,0.25,60209,results/owasp-sqli-v15-1-confirmatory-final/owasp-sqli-v15-1-confirmatory-20260823T131208Z/raw/ranking-rows/sequence-1063__local_qwen__os15-s0064__trial-4.json,[]
1064,local_qwen,os15-s0064,5,positive,valid,True,False,os15-c000386,"[""os15-c000450"",""os15-c000284"",""os15-c000414"",""os15-c000386"",""os15-c000351""]",4,False,True,0.25,58427,results/owasp-sqli-v15-1-confirmatory-final/owasp-sqli-v15-1-confirmatory-20260823T131208Z/raw/ranking-rows/sequence-1064__local_qwen__os15-s0064__trial-5.json,[]
1065,local_qwen,os15-s0065,1,positive,valid,True,False,os15-c000065,"[""os15-c000135"",""os15-c000065"",""os15-c000210"",""os15-c000220"",""os15-c000122""]",2,False,True,0.5,57577,results/owasp-sqli-v15-1-confirmatory-final/owasp-sqli-v15-1-confirmatory-20260823T131208Z/raw/ranking-rows/sequence-1065__local_qwen__os15-s0065__trial-1.json,[]
1066,local_qwen,os15-s0065,2,positive,valid,True,False,os15-c000065,"[""os15-c000135"",""os15-c000065"",""os15-c000210"",""os15-c000220"",""os15-c000122""]",2,False,True,0.5,59016,results/owasp-sqli-v15-1-confirmatory-final/owasp-sqli-v15-1-confirmatory-20260823T131208Z/raw/ranking-rows/sequence-1066__local_qwen__os15-s0065__trial-2.json,[]
1067,local_qwen,os15-s0065,3,positive,valid,True,False,os15-c000065,"[""os15-c000135"",""os15-c000065"",""os15-c000210"",""os15-c000220"",""os15-c000122""]",2,False,True,0.5,63426,results/owasp-sqli-v15-1-confirmatory-final/owasp-sqli-v15-1-confirmatory-20260823T131208Z/raw/ranking-rows/sequence-1067__local_qwen__os15-s0065__trial-3.json,[]
1068,local_qwen,os15-s0065,4,positive,valid,True,False,os15-c000065,"[""os15-c000135"",""os15-c000065"",""os15-c000210"",""os15-c000220"",""os15-c000122""]",2,False,True,0.5,60686,results/owasp-sqli-v15-1-confirmatory-final/owasp-sqli-v15-1-confirmatory-20260823T131208Z/raw/ranking-rows/sequence-1068__local_qwen__os15-s0065__trial-4.json,[]
1069,local_qwen,os15-s0065,5,positive,valid,True,False,os15-c000065,"[""os15-c000135"",""os15-c000065"",""os15-c000210"",""os15-c000220"",""os15-c000122""]",2,False,True,0.5,55622,results/owasp-sqli-v15-1-confirmatory-final/owasp-sqli-v15-1-confirmatory-20260823T131208Z/raw/ranking-rows/sequence-1069__local_qwen__os15-s0065__trial-5.json,[]
1070,local_qwen,os15-s0066,1,positive,valid,True,False,os15-c000200,"[""os15-c000470"",""os15-c000426"",""os15-c000311"",""os15-c000321"",""os15-c000200""]",5,False,False,0.2,55126,results/owasp-sqli-v15-1-confirmatory-final/owasp-sqli-v15-1-confirmatory-20260823T131208Z/raw/ranking-rows/sequence-1070__local_qwen__os15-s0066__trial-1.json,[]
1071,local_qwen,os15-s0066,2,positive,valid,True,False,os15-c000200,"[""os15-c000470"",""os15-c000426"",""os15-c000311"",""os15-c000321"",""os15-c000200""]",5,False,False,0.2,55154,results/owasp-sqli-v15-1-confirmatory-final/owasp-sqli-v15-1-confirmatory-20260823T131208Z/raw/ranking-rows/sequence-1071__local_qwen__os15-s0066__trial-2.json,[]
1072,local_qwen,os15-s0066,3,positive,valid,True,False,os15-c000200,"[""os15-c000470"",""os15-c000426"",""os15-c000311"",""os15-c000321"",""os15-c000200""]",5,False,False,0.2,56099,results/owasp-sqli-v15-1-confirmatory-final/owasp-sqli-v15-1-confirmatory-20260823T131208Z/raw/ranking-rows/sequence-1072__local_qwen__os15-s0066__trial-3.json,[]
1073,local_qwen,os15-s0066,4,positive,valid,True,False,os15-c000200,"[""os15-c000470"",""os15-c000426"",""os15-c000311"",""os15-c000321"",""os15-c000200""]",5,False,False,0.2,56783,results/owasp-sqli-v15-1-confirmatory-final/owasp-sqli-v15-1-confirmatory-20260823T131208Z/raw/ranking-rows/sequence-1073__local_qwen__os15-s0066__trial-4.json,[]
1074,local_qwen,os15-s0066,5,positive,valid,True,False,os15-c000200,"[""os15-c000470"",""os15-c000426"",""os15-c000311"",""os15-c000321"",""os15-c000200""]",5,False,False,0.2,55859,results/owasp-sqli-v15-1-confirmatory-final/owasp-sqli-v15-1-confirmatory-20260823T131208Z/raw/ranking-rows/sequence-1074__local_qwen__os15-s0066__trial-5.json,[]
1075,local_qwen,os15-s0067,1,positive,valid,True,False,os15-c000201,"[""os15-c000491"",""os15-c000324"",""os15-c000312"",""os15-c000201"",""os15-c000063""]",4,False,True,0.25,55312,results/owasp-sqli-v15-1-confirmatory-final/owasp-sqli-v15-1-confirmatory-20260823T131208Z/raw/ranking-rows/sequence-1075__local_qwen__os15-s0067__trial-1.json,[]
1076,local_qwen,os15-s0067,2,positive,valid,True,False,os15-c000201,"[""os15-c000491"",""os15-c000324"",""os15-c000312"",""os15-c000201"",""os15-c000063""]",4,False,True,0.25,55250,results/owasp-sqli-v15-1-confirmatory-final/owasp-sqli-v15-1-confirmatory-20260823T131208Z/raw/ranking-rows/sequence-1076__local_qwen__os15-s0067__trial-2.json,[]
1077,local_qwen,os15-s0067,3,positive,valid,True,False,os15-c000201,"[""os15-c000491"",""os15-c000324"",""os15-c000312"",""os15-c000201"",""os15-c000063""]",4,False,True,0.25,54775,results/owasp-sqli-v15-1-confirmatory-final/owasp-sqli-v15-1-confirmatory-20260823T131208Z/raw/ranking-rows/sequence-1077__local_qwen__os15-s0067__trial-3.json,[]
1078,local_qwen,os15-s0067,4,positive,valid,True,False,os15-c000201,"[""os15-c000491"",""os15-c000324"",""os15-c000312"",""os15-c000201"",""os15-c000063""]",4,False,True,0.25,53077,results/owasp-sqli-v15-1-confirmatory-final/owasp-sqli-v15-1-confirmatory-20260823T131208Z/raw/ranking-rows/sequence-1078__local_qwen__os15-s0067__trial-4.json,[]
1079,local_qwen,os15-s0067,5,positive,valid,True,False,os15-c000201,"[""os15-c000491"",""os15-c000324"",""os15-c000312"",""os15-c000201"",""os15-c000063""]",4,False,True,0.25,53019,results/owasp-sqli-v15-1-confirmatory-final/owasp-sqli-v15-1-confirmatory-20260823T131208Z/raw/ranking-rows/sequence-1079__local_qwen__os15-s0067__trial-5.json,[]
1080,local_qwen,os15-s0068,1,positive,valid,True,False,os15-c000352,"[""os15-c000295"",""os15-c000352"",""os15-c000364"",""os15-c000025"",""os15-c000150""]",2,False,True,0.5,53158,results/owasp-sqli-v15-1-confirmatory-final/owasp-sqli-v15-1-confirmatory-20260823T131208Z/raw/ranking-rows/sequence-1080__local_qwen__os15-s0068__trial-1.json,[]
1081,local_qwen,os15-s0068,2,positive,valid,True,False,os15-c000352,"[""os15-c000295"",""os15-c000352"",""os15-c000364"",""os15-c000025"",""os15-c000150""]",2,False,True,0.5,52416,results/owasp-sqli-v15-1-confirmatory-final/owasp-sqli-v15-1-confirmatory-20260823T131208Z/raw/ranking-rows/sequence-1081__local_qwen__os15-s0068__trial-2.json,[]
1082,local_qwen,os15-s0068,3,positive,valid,True,False,os15-c000352,"[""os15-c000295"",""os15-c000352"",""os15-c000364"",""os15-c000025"",""os15-c000150""]",2,False,True,0.5,64917,results/owasp-sqli-v15-1-confirmatory-final/owasp-sqli-v15-1-confirmatory-20260823T131208Z/raw/ranking-rows/sequence-1082__local_qwen__os15-s0068__trial-3.json,[]
1083,local_qwen,os15-s0068,4,positive,valid,True,False,os15-c000352,"[""os15-c000295"",""os15-c000352"",""os15-c000364"",""os15-c000025"",""os15-c000150""]",2,False,True,0.5,77109,results/owasp-sqli-v15-1-confirmatory-final/owasp-sqli-v15-1-confirmatory-20260823T131208Z/raw/ranking-rows/sequence-1083__local_qwen__os15-s0068__trial-4.json,[]
1084,local_qwen,os15-s0068,5,positive,valid,True,False,os15-c000352,"[""os15-c000295"",""os15-c000352"",""os15-c000364"",""os15-c000025"",""os15-c000150""]",2,False,True,0.5,74781,results/owasp-sqli-v15-1-confirmatory-final/owasp-sqli-v15-1-confirmatory-20260823T131208Z/raw/ranking-rows/sequence-1084__local_qwen__os15-s0068__trial-5.json,[]
1085,local_qwen,os15-s0069,1,positive,valid,True,False,os15-c000136,"[""os15-c000136"",""os15-c000218"",""os15-c000209"",""os15-c000343"",""os15-c000367""]",1,True,True,1.0,74876,results/owasp-sqli-v15-1-confirmatory-final/owasp-sqli-v15-1-confirmatory-20260823T131208Z/raw/ranking-rows/sequence-1085__local_qwen__os15-s0069__trial-1.json,[]
1086,local_qwen,os15-s0069,2,positive,valid,True,False,os15-c000136,"[""os15-c000136"",""os15-c000218"",""os15-c000209"",""os15-c000343"",""os15-c000367""]",1,True,True,1.0,78589,results/owasp-sqli-v15-1-confirmatory-final/owasp-sqli-v15-1-confirmatory-20260823T131208Z/raw/ranking-rows/sequence-1086__local_qwen__os15-s0069__trial-2.json,[]
1087,local_qwen,os15-s0069,3,positive,valid,True,False,os15-c000136,"[""os15-c000136"",""os15-c000218"",""os15-c000209"",""os15-c000343"",""os15-c000367""]",1,True,True,1.0,88315,results/owasp-sqli-v15-1-confirmatory-final/owasp-sqli-v15-1-confirmatory-20260823T131208Z/raw/ranking-rows/sequence-1087__local_qwen__os15-s0069__trial-3.json,[]
1088,local_qwen,os15-s0069,4,positive,valid,True,False,os15-c000136,"[""os15-c000136"",""os15-c000218"",""os15-c000209"",""os15-c000343"",""os15-c000367""]",1,True,True,1.0,78671,results/owasp-sqli-v15-1-confirmatory-final/owasp-sqli-v15-1-confirmatory-20260823T131208Z/raw/ranking-rows/sequence-1088__local_qwen__os15-s0069__trial-4.json,[]
1089,local_qwen,os15-s0069,5,positive,valid,True,False,os15-c000136,"[""os15-c000136"",""os15-c000218"",""os15-c000209"",""os15-c000343"",""os15-c000367""]",1,True,True,1.0,117853,results/owasp-sqli-v15-1-confirmatory-final/owasp-sqli-v15-1-confirmatory-20260823T131208Z/raw/ranking-rows/sequence-1089__local_qwen__os15-s0069__trial-5.json,[]
1090,local_qwen,os15-s0070,1,positive,valid,True,False,os15-c000484,"[""os15-c000484"",""os15-c000502"",""os15-c000052"",""os15-c000171"",""os15-c000366""]",1,True,True,1.0,97481,results/owasp-sqli-v15-1-confirmatory-final/owasp-sqli-v15-1-confirmatory-20260823T131208Z/raw/ranking-rows/sequence-1090__local_qwen__os15-s0070__trial-1.json,[]
1091,local_qwen,os15-s0070,2,positive,valid,True,False,os15-c000484,"[""os15-c000484"",""os15-c000502"",""os15-c000052"",""os15-c000171"",""os15-c000366""]",1,True,True,1.0,83114,results/owasp-sqli-v15-1-confirmatory-final/owasp-sqli-v15-1-confirmatory-20260823T131208Z/raw/ranking-rows/sequence-1091__local_qwen__os15-s0070__trial-2.json,[]
1092,local_qwen,os15-s0070,3,positive,valid,True,False,os15-c000484,"[""os15-c000484"",""os15-c000502"",""os15-c000052"",""os15-c000171"",""os15-c000366""]",1,True,True,1.0,84844,results/owasp-sqli-v15-1-confirmatory-final/owasp-sqli-v15-1-confirmatory-20260823T131208Z/raw/ranking-rows/sequence-1092__local_qwen__os15-s0070__trial-3.json,[]
1093,local_qwen,os15-s0070,4,positive,valid,True,False,os15-c000484,"[""os15-c000484"",""os15-c000502"",""os15-c000052"",""os15-c000171"",""os15-c000366""]",1,True,True,1.0,103570,results/owasp-sqli-v15-1-confirmatory-final/owasp-sqli-v15-1-confirmatory-20260823T131208Z/raw/ranking-rows/sequence-1093__local_qwen__os15-s0070__trial-4.json,[]
1094,local_qwen,os15-s0070,5,positive,valid,True,False,os15-c000484,"[""os15-c000484"",""os15-c000502"",""os15-c000052"",""os15-c000171"",""os15-c000366""]",1,True,True,1.0,98776,results/owasp-sqli-v15-1-confirmatory-final/owasp-sqli-v15-1-confirmatory-20260823T131208Z/raw/ranking-rows/sequence-1094__local_qwen__os15-s0070__trial-5.json,[]
1095,local_qwen,os15-s0071,1,positive,valid,True,False,os15-c000483,"[""os15-c000483"",""os15-c000428"",""os15-c000053"",""os15-c000207"",""os15-c000054""]",1,True,True,1.0,90593,results/owasp-sqli-v15-1-confirmatory-final/owasp-sqli-v15-1-confirmatory-20260823T131208Z/raw/ranking-rows/sequence-1095__local_qwen__os15-s0071__trial-1.json,[]
1096,local_qwen,os15-s0071,2,positive,valid,True,False,os15-c000483,"[""os15-c000483"",""os15-c000428"",""os15-c000053"",""os15-c000207"",""os15-c000054""]",1,True,True,1.0,86883,results/owasp-sqli-v15-1-confirmatory-final/owasp-sqli-v15-1-confirmatory-20260823T131208Z/raw/ranking-rows/sequence-1096__local_qwen__os15-s0071__trial-2.json,[]
1097,local_qwen,os15-s0071,3,positive,valid,True,False,os15-c000483,"[""os15-c000483"",""os15-c000428"",""os15-c000053"",""os15-c000207"",""os15-c000054""]",1,True,True,1.0,87436,results/owasp-sqli-v15-1-confirmatory-final/owasp-sqli-v15-1-confirmatory-20260823T131208Z/raw/ranking-rows/sequence-1097__local_qwen__os15-s0071__trial-3.json,[]
1098,local_qwen,os15-s0071,4,positive,valid,True,False,os15-c000483,"[""os15-c000483"",""os15-c000428"",""os15-c000053"",""os15-c000207"",""os15-c000054""]",1,True,True,1.0,82271,results/owasp-sqli-v15-1-confirmatory-final/owasp-sqli-v15-1-confirmatory-20260823T131208Z/raw/ranking-rows/sequence-1098__local_qwen__os15-s0071__trial-4.json,[]
1099,local_qwen,os15-s0071,5,positive,valid,True,False,os15-c000483,"[""os15-c000483"",""os15-c000428"",""os15-c000053"",""os15-c000207"",""os15-c000054""]",1,True,True,1.0,119167,results/owasp-sqli-v15-1-confirmatory-final/owasp-sqli-v15-1-confirmatory-20260823T131208Z/raw/ranking-rows/sequence-1099__local_qwen__os15-s0071__trial-5.json,[]
1100,local_qwen,os15-s0072,1,positive,valid,True,False,os15-c000363,"[""os15-c000236"",""os15-c000112"",""os15-c000293"",""os15-c000363"",""os15-c000330""]",4,False,True,0.25,104810,results/owasp-sqli-v15-1-confirmatory-final/owasp-sqli-v15-1-confirmatory-20260823T131208Z/raw/ranking-rows/sequence-1100__local_qwen__os15-s0072__trial-1.json,[]
1101,local_qwen,os15-s0072,2,positive,valid,True,False,os15-c000363,"[""os15-c000236"",""os15-c000112"",""os15-c000293"",""os15-c000363"",""os15-c000330""]",4,False,True,0.25,93839,results/owasp-sqli-v15-1-confirmatory-final/owasp-sqli-v15-1-confirmatory-20260823T131208Z/raw/ranking-rows/sequence-1101__local_qwen__os15-s0072__trial-2.json,[]
1102,local_qwen,os15-s0072,3,positive,valid,True,False,os15-c000363,"[""os15-c000236"",""os15-c000112"",""os15-c000293"",""os15-c000363"",""os15-c000330""]",4,False,True,0.25,99941,results/owasp-sqli-v15-1-confirmatory-final/owasp-sqli-v15-1-confirmatory-20260823T131208Z/raw/ranking-rows/sequence-1102__local_qwen__os15-s0072__trial-3.json,[]
1103,local_qwen,os15-s0072,4,positive,valid,True,False,os15-c000363,"[""os15-c000236"",""os15-c000112"",""os15-c000293"",""os15-c000363"",""os15-c000330""]",4,False,True,0.25,94495,results/owasp-sqli-v15-1-confirmatory-final/owasp-sqli-v15-1-confirmatory-20260823T131208Z/raw/ranking-rows/sequence-1103__local_qwen__os15-s0072__trial-4.json,[]
1104,local_qwen,os15-s0072,5,positive,valid,True,False,os15-c000363,"[""os15-c000236"",""os15-c000112"",""os15-c000293"",""os15-c000363"",""os15-c000330""]",4,False,True,0.25,81253,results/owasp-sqli-v15-1-confirmatory-final/owasp-sqli-v15-1-confirmatory-20260823T131208Z/raw/ranking-rows/sequence-1104__local_qwen__os15-s0072__trial-5.json,[]
1105,local_qwen,os15-s0073,1,positive,valid,True,False,os15-c000219,"[""os15-c000152"",""os15-c000362"",""os15-c000219"",""os15-c000452"",""os15-c000203""]",3,False,True,0.333333,78922,results/owasp-sqli-v15-1-confirmatory-final/owasp-sqli-v15-1-confirmatory-20260823T131208Z/raw/ranking-rows/sequence-1105__local_qwen__os15-s0073__trial-1.json,[]
1106,local_qwen,os15-s0073,2,positive,valid,True,False,os15-c000219,"[""os15-c000152"",""os15-c000362"",""os15-c000219"",""os15-c000452"",""os15-c000203""]",3,False,True,0.333333,77307,results/owasp-sqli-v15-1-confirmatory-final/owasp-sqli-v15-1-confirmatory-20260823T131208Z/raw/ranking-rows/sequence-1106__local_qwen__os15-s0073__trial-2.json,[]
1107,local_qwen,os15-s0073,3,positive,valid,True,False,os15-c000219,"[""os15-c000152"",""os15-c000362"",""os15-c000219"",""os15-c000452"",""os15-c000203""]",3,False,True,0.333333,76944,results/owasp-sqli-v15-1-confirmatory-final/owasp-sqli-v15-1-confirmatory-20260823T131208Z/raw/ranking-rows/sequence-1107__local_qwen__os15-s0073__trial-3.json,[]
1108,local_qwen,os15-s0073,4,positive,valid,True,False,os15-c000219,"[""os15-c000152"",""os15-c000362"",""os15-c000219"",""os15-c000452"",""os15-c000203""]",3,False,True,0.333333,74088,results/owasp-sqli-v15-1-confirmatory-final/owasp-sqli-v15-1-confirmatory-20260823T131208Z/raw/ranking-rows/sequence-1108__local_qwen__os15-s0073__trial-4.json,[]
1109,local_qwen,os15-s0073,5,positive,valid,True,False,os15-c000219,"[""os15-c000152"",""os15-c000362"",""os15-c000219"",""os15-c000452"",""os15-c000203""]",3,False,True,0.333333,74295,results/owasp-sqli-v15-1-confirmatory-final/owasp-sqli-v15-1-confirmatory-20260823T131208Z/raw/ranking-rows/sequence-1109__local_qwen__os15-s0073__trial-5.json,[]
1110,local_qwen,os15-s0074,1,positive,valid,True,False,os15-c000085,"[""os15-c000084"",""os15-c000481"",""os15-c000085"",""os15-c000432"",""os15-c000020""]",3,False,True,0.333333,80811,results/owasp-sqli-v15-1-confirmatory-final/owasp-sqli-v15-1-confirmatory-20260823T131208Z/raw/ranking-rows/sequence-1110__local_qwen__os15-s0074__trial-1.json,[]
1111,local_qwen,os15-s0074,2,positive,valid,True,False,os15-c000085,"[""os15-c000084"",""os15-c000481"",""os15-c000085"",""os15-c000432"",""os15-c000020""]",3,False,True,0.333333,78428,results/owasp-sqli-v15-1-confirmatory-final/owasp-sqli-v15-1-confirmatory-20260823T131208Z/raw/ranking-rows/sequence-1111__local_qwen__os15-s0074__trial-2.json,[]
1112,local_qwen,os15-s0074,3,positive,valid,True,False,os15-c000085,"[""os15-c000084"",""os15-c000481"",""os15-c000085"",""os15-c000432"",""os15-c000020""]",3,False,True,0.333333,80409,results/owasp-sqli-v15-1-confirmatory-final/owasp-sqli-v15-1-confirmatory-20260823T131208Z/raw/ranking-rows/sequence-1112__local_qwen__os15-s0074__trial-3.json,[]
1113,local_qwen,os15-s0074,4,positive,valid,True,False,os15-c000085,"[""os15-c000084"",""os15-c000481"",""os15-c000085"",""os15-c000432"",""os15-c000020""]",3,False,True,0.333333,82213,results/owasp-sqli-v15-1-confirmatory-final/owasp-sqli-v15-1-confirmatory-20260823T131208Z/raw/ranking-rows/sequence-1113__local_qwen__os15-s0074__trial-4.json,[]
1114,local_qwen,os15-s0074,5,positive,valid,True,False,os15-c000085,"[""os15-c000084"",""os15-c000481"",""os15-c000085"",""os15-c000432"",""os15-c000020""]",3,False,True,0.333333,77950,results/owasp-sqli-v15-1-confirmatory-final/owasp-sqli-v15-1-confirmatory-20260823T131208Z/raw/ranking-rows/sequence-1114__local_qwen__os15-s0074__trial-5.json,[]
1115,local_qwen,os15-s0075,1,positive,valid,True,False,os15-c000444,"[""os15-c000503"",""os15-c000162"",""os15-c000153"",""os15-c000444"",""os15-c000064""]",4,False,True,0.25,81823,results/owasp-sqli-v15-1-confirmatory-final/owasp-sqli-v15-1-confirmatory-20260823T131208Z/raw/ranking-rows/sequence-1115__local_qwen__os15-s0075__trial-1.json,[]
1116,local_qwen,os15-s0075,2,positive,valid,True,False,os15-c000444,"[""os15-c000503"",""os15-c000162"",""os15-c000153"",""os15-c000444"",""os15-c000064""]",4,False,True,0.25,81718,results/owasp-sqli-v15-1-confirmatory-final/owasp-sqli-v15-1-confirmatory-20260823T131208Z/raw/ranking-rows/sequence-1116__local_qwen__os15-s0075__trial-2.json,[]
1117,local_qwen,os15-s0075,3,positive,valid,True,False,os15-c000444,"[""os15-c000503"",""os15-c000162"",""os15-c000153"",""os15-c000444"",""os15-c000064""]",4,False,True,0.25,81407,results/owasp-sqli-v15-1-confirmatory-final/owasp-sqli-v15-1-confirmatory-20260823T131208Z/raw/ranking-rows/sequence-1117__local_qwen__os15-s0075__trial-3.json,[]
1118,local_qwen,os15-s0075,4,positive,valid,True,False,os15-c000444,"[""os15-c000503"",""os15-c000162"",""os15-c000153"",""os15-c000444"",""os15-c000064""]",4,False,True,0.25,81326,results/owasp-sqli-v15-1-confirmatory-final/owasp-sqli-v15-1-confirmatory-20260823T131208Z/raw/ranking-rows/sequence-1118__local_qwen__os15-s0075__trial-4.json,[]
1119,local_qwen,os15-s0075,5,positive,valid,True,False,os15-c000444,"[""os15-c000503"",""os15-c000162"",""os15-c000153"",""os15-c000444"",""os15-c000064""]",4,False,True,0.25,82908,results/owasp-sqli-v15-1-confirmatory-final/owasp-sqli-v15-1-confirmatory-20260823T131208Z/raw/ranking-rows/sequence-1119__local_qwen__os15-s0075__trial-5.json,[]
1120,local_qwen,os15-s0076,1,positive,valid,True,False,os15-c000178,"[""os15-c000111"",""os15-c000373"",""os15-c000074"",""os15-c000051"",""os15-c000178""]",5,False,False,0.2,79877,results/owasp-sqli-v15-1-confirmatory-final/owasp-sqli-v15-1-confirmatory-20260823T131208Z/raw/ranking-rows/sequence-1120__local_qwen__os15-s0076__trial-1.json,[]
1121,local_qwen,os15-s0076,2,positive,valid,True,False,os15-c000178,"[""os15-c000111"",""os15-c000373"",""os15-c000074"",""os15-c000051"",""os15-c000178""]",5,False,False,0.2,76846,results/owasp-sqli-v15-1-confirmatory-final/owasp-sqli-v15-1-confirmatory-20260823T131208Z/raw/ranking-rows/sequence-1121__local_qwen__os15-s0076__trial-2.json,[]
1122,local_qwen,os15-s0076,3,positive,valid,True,False,os15-c000178,"[""os15-c000111"",""os15-c000373"",""os15-c000074"",""os15-c000051"",""os15-c000178""]",5,False,False,0.2,80820,results/owasp-sqli-v15-1-confirmatory-final/owasp-sqli-v15-1-confirmatory-20260823T131208Z/raw/ranking-rows/sequence-1122__local_qwen__os15-s0076__trial-3.json,[]
1123,local_qwen,os15-s0076,4,positive,valid,True,False,os15-c000178,"[""os15-c000111"",""os15-c000373"",""os15-c000074"",""os15-c000051"",""os15-c000178""]",5,False,False,0.2,87347,results/owasp-sqli-v15-1-confirmatory-final/owasp-sqli-v15-1-confirmatory-20260823T131208Z/raw/ranking-rows/sequence-1123__local_qwen__os15-s0076__trial-4.json,[]
1124,local_qwen,os15-s0076,5,positive,valid,True,False,os15-c000178,"[""os15-c000111"",""os15-c000373"",""os15-c000074"",""os15-c000051"",""os15-c000178""]",5,False,False,0.2,94575,results/owasp-sqli-v15-1-confirmatory-final/owasp-sqli-v15-1-confirmatory-20260823T131208Z/raw/ranking-rows/sequence-1124__local_qwen__os15-s0076__trial-5.json,[]
1125,local_qwen,os15-s0077,1,positive,valid,True,False,os15-c000062,"[""os15-c000466"",""os15-c000358"",""os15-c000329"",""os15-c000062"",""os15-c000093""]",4,False,True,0.25,118517,results/owasp-sqli-v15-1-confirmatory-final/owasp-sqli-v15-1-confirmatory-20260823T131208Z/raw/ranking-rows/sequence-1125__local_qwen__os15-s0077__trial-1.json,[]
1126,local_qwen,os15-s0077,2,positive,valid,True,False,os15-c000062,"[""os15-c000466"",""os15-c000358"",""os15-c000329"",""os15-c000062"",""os15-c000093""]",4,False,True,0.25,90822,results/owasp-sqli-v15-1-confirmatory-final/owasp-sqli-v15-1-confirmatory-20260823T131208Z/raw/ranking-rows/sequence-1126__local_qwen__os15-s0077__trial-2.json,[]
1127,local_qwen,os15-s0077,3,positive,valid,True,False,os15-c000062,"[""os15-c000466"",""os15-c000358"",""os15-c000329"",""os15-c000062"",""os15-c000093""]",4,False,True,0.25,97187,results/owasp-sqli-v15-1-confirmatory-final/owasp-sqli-v15-1-confirmatory-20260823T131208Z/raw/ranking-rows/sequence-1127__local_qwen__os15-s0077__trial-3.json,[]
1128,local_qwen,os15-s0077,4,positive,valid,True,False,os15-c000062,"[""os15-c000466"",""os15-c000358"",""os15-c000329"",""os15-c000062"",""os15-c000093""]",4,False,True,0.25,83020,results/owasp-sqli-v15-1-confirmatory-final/owasp-sqli-v15-1-confirmatory-20260823T131208Z/raw/ranking-rows/sequence-1128__local_qwen__os15-s0077__trial-4.json,[]
1129,local_qwen,os15-s0077,5,positive,valid,True,False,os15-c000062,"[""os15-c000466"",""os15-c000358"",""os15-c000329"",""os15-c000062"",""os15-c000093""]",4,False,True,0.25,80285,results/owasp-sqli-v15-1-confirmatory-final/owasp-sqli-v15-1-confirmatory-20260823T131208Z/raw/ranking-rows/sequence-1129__local_qwen__os15-s0077__trial-5.json,[]
1130,local_qwen,os15-s0078,1,positive,valid,True,False,os15-c000443,"[""os15-c000493"",""os15-c000410"",""os15-c000083"",""os15-c000443"",""os15-c000372""]",4,False,True,0.25,82784,results/owasp-sqli-v15-1-confirmatory-final/owasp-sqli-v15-1-confirmatory-20260823T131208Z/raw/ranking-rows/sequence-1130__local_qwen__os15-s0078__trial-1.json,[]
1131,local_qwen,os15-s0078,2,positive,valid,True,False,os15-c000443,"[""os15-c000493"",""os15-c000410"",""os15-c000083"",""os15-c000443"",""os15-c000372""]",4,False,True,0.25,82700,results/owasp-sqli-v15-1-confirmatory-final/owasp-sqli-v15-1-confirmatory-20260823T131208Z/raw/ranking-rows/sequence-1131__local_qwen__os15-s0078__trial-2.json,[]
1132,local_qwen,os15-s0078,3,positive,valid,True,False,os15-c000443,"[""os15-c000493"",""os15-c000410"",""os15-c000083"",""os15-c000443"",""os15-c000372""]",4,False,True,0.25,80967,results/owasp-sqli-v15-1-confirmatory-final/owasp-sqli-v15-1-confirmatory-20260823T131208Z/raw/ranking-rows/sequence-1132__local_qwen__os15-s0078__trial-3.json,[]
1133,local_qwen,os15-s0078,4,positive,valid,True,False,os15-c000443,"[""os15-c000493"",""os15-c000410"",""os15-c000083"",""os15-c000443"",""os15-c000372""]",4,False,True,0.25,82948,results/owasp-sqli-v15-1-confirmatory-final/owasp-sqli-v15-1-confirmatory-20260823T131208Z/raw/ranking-rows/sequence-1133__local_qwen__os15-s0078__trial-4.json,[]
1134,local_qwen,os15-s0078,5,positive,valid,True,False,os15-c000443,"[""os15-c000493"",""os15-c000410"",""os15-c000083"",""os15-c000443"",""os15-c000372""]",4,False,True,0.25,98207,results/owasp-sqli-v15-1-confirmatory-final/owasp-sqli-v15-1-confirmatory-20260823T131208Z/raw/ranking-rows/sequence-1134__local_qwen__os15-s0078__trial-5.json,[]
1135,local_qwen,os15-s0079,1,positive,valid,True,False,os15-c000282,"[""os15-c000455"",""os15-c000223"",""os15-c000282"",""os15-c000087"",""os15-c000336""]",3,False,True,0.333333,82611,results/owasp-sqli-v15-1-confirmatory-final/owasp-sqli-v15-1-confirmatory-20260823T131208Z/raw/ranking-rows/sequence-1135__local_qwen__os15-s0079__trial-1.json,[]
1136,local_qwen,os15-s0079,2,positive,valid,True,False,os15-c000282,"[""os15-c000455"",""os15-c000223"",""os15-c000282"",""os15-c000087"",""os15-c000336""]",3,False,True,0.333333,83130,results/owasp-sqli-v15-1-confirmatory-final/owasp-sqli-v15-1-confirmatory-20260823T131208Z/raw/ranking-rows/sequence-1136__local_qwen__os15-s0079__trial-2.json,[]
1137,local_qwen,os15-s0079,3,positive,valid,True,False,os15-c000282,"[""os15-c000455"",""os15-c000223"",""os15-c000282"",""os15-c000087"",""os15-c000336""]",3,False,True,0.333333,82792,results/owasp-sqli-v15-1-confirmatory-final/owasp-sqli-v15-1-confirmatory-20260823T131208Z/raw/ranking-rows/sequence-1137__local_qwen__os15-s0079__trial-3.json,[]
1138,local_qwen,os15-s0079,4,positive,valid,True,False,os15-c000282,"[""os15-c000455"",""os15-c000223"",""os15-c000282"",""os15-c000087"",""os15-c000336""]",3,False,True,0.333333,82997,results/owasp-sqli-v15-1-confirmatory-final/owasp-sqli-v15-1-confirmatory-20260823T131208Z/raw/ranking-rows/sequence-1138__local_qwen__os15-s0079__trial-4.json,[]
1139,local_qwen,os15-s0079,5,positive,valid,True,False,os15-c000282,"[""os15-c000455"",""os15-c000223"",""os15-c000282"",""os15-c000087"",""os15-c000336""]",3,False,True,0.333333,103225,results/owasp-sqli-v15-1-confirmatory-final/owasp-sqli-v15-1-confirmatory-20260823T131208Z/raw/ranking-rows/sequence-1139__local_qwen__os15-s0079__trial-5.json,[]
1140,local_qwen,os15-s0080,1,positive,valid,True,False,os15-c000181,"[""os15-c000216"",""os15-c000151"",""os15-c000181"",""os15-c000337"",""os15-c000192""]",3,False,True,0.333333,77473,results/owasp-sqli-v15-1-confirmatory-final/owasp-sqli-v15-1-confirmatory-20260823T131208Z/raw/ranking-rows/sequence-1140__local_qwen__os15-s0080__trial-1.json,[]
1141,local_qwen,os15-s0080,2,positive,valid,True,False,os15-c000181,"[""os15-c000216"",""os15-c000151"",""os15-c000181"",""os15-c000337"",""os15-c000192""]",3,False,True,0.333333,79335,results/owasp-sqli-v15-1-confirmatory-final/owasp-sqli-v15-1-confirmatory-20260823T131208Z/raw/ranking-rows/sequence-1141__local_qwen__os15-s0080__trial-2.json,[]
1142,local_qwen,os15-s0080,3,positive,valid,True,False,os15-c000181,"[""os15-c000216"",""os15-c000151"",""os15-c000181"",""os15-c000337"",""os15-c000192""]",3,False,True,0.333333,66524,results/owasp-sqli-v15-1-confirmatory-final/owasp-sqli-v15-1-confirmatory-20260823T131208Z/raw/ranking-rows/sequence-1142__local_qwen__os15-s0080__trial-3.json,[]
1143,local_qwen,os15-s0080,4,positive,valid,True,False,os15-c000181,"[""os15-c000216"",""os15-c000151"",""os15-c000181"",""os15-c000337"",""os15-c000192""]",3,False,True,0.333333,66013,results/owasp-sqli-v15-1-confirmatory-final/owasp-sqli-v15-1-confirmatory-20260823T131208Z/raw/ranking-rows/sequence-1143__local_qwen__os15-s0080__trial-4.json,[]
1144,local_qwen,os15-s0080,5,positive,valid,True,False,os15-c000181,"[""os15-c000216"",""os15-c000151"",""os15-c000181"",""os15-c000337"",""os15-c000192""]",3,False,True,0.333333,67239,results/owasp-sqli-v15-1-confirmatory-final/owasp-sqli-v15-1-confirmatory-20260823T131208Z/raw/ranking-rows/sequence-1144__local_qwen__os15-s0080__trial-5.json,[]
1145,local_qwen,os15-s0081,1,positive,valid,True,False,os15-c000117,"[""os15-c000117"",""os15-c000308"",""os15-c000323"",""os15-c000388"",""os15-c000131""]",1,True,True,1.0,63235,results/owasp-sqli-v15-1-confirmatory-final/owasp-sqli-v15-1-confirmatory-20260823T131208Z/raw/ranking-rows/sequence-1145__local_qwen__os15-s0081__trial-1.json,[]
1146,local_qwen,os15-s0081,2,positive,valid,True,False,os15-c000117,"[""os15-c000117"",""os15-c000308"",""os15-c000323"",""os15-c000388"",""os15-c000131""]",1,True,True,1.0,59382,results/owasp-sqli-v15-1-confirmatory-final/owasp-sqli-v15-1-confirmatory-20260823T131208Z/raw/ranking-rows/sequence-1146__local_qwen__os15-s0081__trial-2.json,[]
1147,local_qwen,os15-s0081,3,positive,valid,True,False,os15-c000117,"[""os15-c000117"",""os15-c000308"",""os15-c000323"",""os15-c000388"",""os15-c000131""]",1,True,True,1.0,59582,results/owasp-sqli-v15-1-confirmatory-final/owasp-sqli-v15-1-confirmatory-20260823T131208Z/raw/ranking-rows/sequence-1147__local_qwen__os15-s0081__trial-3.json,[]
1148,local_qwen,os15-s0081,4,positive,valid,True,False,os15-c000117,"[""os15-c000117"",""os15-c000308"",""os15-c000323"",""os15-c000388"",""os15-c000131""]",1,True,True,1.0,60670,results/owasp-sqli-v15-1-confirmatory-final/owasp-sqli-v15-1-confirmatory-20260823T131208Z/raw/ranking-rows/sequence-1148__local_qwen__os15-s0081__trial-4.json,[]
1149,local_qwen,os15-s0081,5,positive,valid,True,False,os15-c000117,"[""os15-c000117"",""os15-c000308"",""os15-c000323"",""os15-c000388"",""os15-c000131""]",1,True,True,1.0,68716,results/owasp-sqli-v15-1-confirmatory-final/owasp-sqli-v15-1-confirmatory-20260823T131208Z/raw/ranking-rows/sequence-1149__local_qwen__os15-s0081__trial-5.json,[]
1150,local_qwen,os15-s0082,1,positive,valid,True,False,os15-c000425,"[""os15-c000154"",""os15-c000425"",""os15-c000501"",""os15-c000469"",""os15-c000073""]",2,False,True,0.5,91702,results/owasp-sqli-v15-1-confirmatory-final/owasp-sqli-v15-1-confirmatory-20260823T131208Z/raw/ranking-rows/sequence-1150__local_qwen__os15-s0082__trial-1.json,[]
1151,local_qwen,os15-s0082,2,positive,valid,True,False,os15-c000425,"[""os15-c000154"",""os15-c000425"",""os15-c000501"",""os15-c000469"",""os15-c000073""]",2,False,True,0.5,76991,results/owasp-sqli-v15-1-confirmatory-final/owasp-sqli-v15-1-confirmatory-20260823T131208Z/raw/ranking-rows/sequence-1151__local_qwen__os15-s0082__trial-2.json,[]
1152,local_qwen,os15-s0082,3,positive,valid,True,False,os15-c000425,"[""os15-c000154"",""os15-c000425"",""os15-c000501"",""os15-c000469"",""os15-c000073""]",2,False,True,0.5,68789,results/owasp-sqli-v15-1-confirmatory-final/owasp-sqli-v15-1-confirmatory-20260823T131208Z/raw/ranking-rows/sequence-1152__local_qwen__os15-s0082__trial-3.json,[]
1153,local_qwen,os15-s0082,4,positive,valid,True,False,os15-c000425,"[""os15-c000154"",""os15-c000425"",""os15-c000501"",""os15-c000469"",""os15-c000073""]",2,False,True,0.5,68017,results/owasp-sqli-v15-1-confirmatory-final/owasp-sqli-v15-1-confirmatory-20260823T131208Z/raw/ranking-rows/sequence-1153__local_qwen__os15-s0082__trial-4.json,[]
1154,local_qwen,os15-s0082,5,positive,valid,True,False,os15-c000425,"[""os15-c000154"",""os15-c000425"",""os15-c000501"",""os15-c000469"",""os15-c000073""]",2,False,True,0.5,69207,results/owasp-sqli-v15-1-confirmatory-final/owasp-sqli-v15-1-confirmatory-20260823T131208Z/raw/ranking-rows/sequence-1154__local_qwen__os15-s0082__trial-5.json,[]
1155,local_qwen,os15-s0083,1,positive,valid,True,False,os15-c000436,"[""os15-c000436"",""os15-c000116"",""os15-c000492"",""os15-c000427"",""os15-c000103""]",1,True,True,1.0,65705,results/owasp-sqli-v15-1-confirmatory-final/owasp-sqli-v15-1-confirmatory-20260823T131208Z/raw/ranking-rows/sequence-1155__local_qwen__os15-s0083__trial-1.json,[]
1156,local_qwen,os15-s0083,2,positive,valid,True,False,os15-c000436,"[""os15-c000436"",""os15-c000116"",""os15-c000492"",""os15-c000427"",""os15-c000103""]",1,True,True,1.0,75514,results/owasp-sqli-v15-1-confirmatory-final/owasp-sqli-v15-1-confirmatory-20260823T131208Z/raw/ranking-rows/sequence-1156__local_qwen__os15-s0083__trial-2.json,[]
1157,local_qwen,os15-s0083,3,positive,valid,True,False,os15-c000436,"[""os15-c000436"",""os15-c000116"",""os15-c000492"",""os15-c000427"",""os15-c000103""]",1,True,True,1.0,66978,results/owasp-sqli-v15-1-confirmatory-final/owasp-sqli-v15-1-confirmatory-20260823T131208Z/raw/ranking-rows/sequence-1157__local_qwen__os15-s0083__trial-3.json,[]
1158,local_qwen,os15-s0083,4,positive,valid,True,False,os15-c000436,"[""os15-c000436"",""os15-c000116"",""os15-c000492"",""os15-c000427"",""os15-c000103""]",1,True,True,1.0,96711,results/owasp-sqli-v15-1-confirmatory-final/owasp-sqli-v15-1-confirmatory-20260823T131208Z/raw/ranking-rows/sequence-1158__local_qwen__os15-s0083__trial-4.json,[]
1159,local_qwen,os15-s0083,5,positive,valid,True,False,os15-c000436,"[""os15-c000436"",""os15-c000116"",""os15-c000492"",""os15-c000427"",""os15-c000103""]",1,True,True,1.0,68560,results/owasp-sqli-v15-1-confirmatory-final/owasp-sqli-v15-1-confirmatory-20260823T131208Z/raw/ranking-rows/sequence-1159__local_qwen__os15-s0083__trial-5.json,[]
1160,local_qwen,os15-s0084,1,positive,valid,True,False,os15-c000395,"[""os15-c000395"",""os15-c000261"",""os15-c000067"",""os15-c000243"",""os15-c000331""]",1,True,True,1.0,62860,results/owasp-sqli-v15-1-confirmatory-final/owasp-sqli-v15-1-confirmatory-20260823T131208Z/raw/ranking-rows/sequence-1160__local_qwen__os15-s0084__trial-1.json,[]
1161,local_qwen,os15-s0084,2,positive,valid,True,False,os15-c000395,"[""os15-c000395"",""os15-c000261"",""os15-c000067"",""os15-c000243"",""os15-c000331""]",1,True,True,1.0,60861,results/owasp-sqli-v15-1-confirmatory-final/owasp-sqli-v15-1-confirmatory-20260823T131208Z/raw/ranking-rows/sequence-1161__local_qwen__os15-s0084__trial-2.json,[]
1162,local_qwen,os15-s0084,3,positive,valid,True,False,os15-c000395,"[""os15-c000395"",""os15-c000261"",""os15-c000067"",""os15-c000243"",""os15-c000331""]",1,True,True,1.0,61085,results/owasp-sqli-v15-1-confirmatory-final/owasp-sqli-v15-1-confirmatory-20260823T131208Z/raw/ranking-rows/sequence-1162__local_qwen__os15-s0084__trial-3.json,[]
1163,local_qwen,os15-s0084,4,positive,valid,True,False,os15-c000395,"[""os15-c000395"",""os15-c000261"",""os15-c000067"",""os15-c000243"",""os15-c000331""]",1,True,True,1.0,60855,results/owasp-sqli-v15-1-confirmatory-final/owasp-sqli-v15-1-confirmatory-20260823T131208Z/raw/ranking-rows/sequence-1163__local_qwen__os15-s0084__trial-4.json,[]
1164,local_qwen,os15-s0084,5,positive,valid,True,False,os15-c000395,"[""os15-c000395"",""os15-c000261"",""os15-c000067"",""os15-c000243"",""os15-c000331""]",1,True,True,1.0,62810,results/owasp-sqli-v15-1-confirmatory-final/owasp-sqli-v15-1-confirmatory-20260823T131208Z/raw/ranking-rows/sequence-1164__local_qwen__os15-s0084__trial-5.json,[]
1165,local_qwen,os15-s0085,1,positive,valid,True,False,os15-c000235,"[""os15-c000396"",""os15-c000235"",""os15-c000384"",""os15-c000305"",""os15-c000464""]",2,False,True,0.5,66591,results/owasp-sqli-v15-1-confirmatory-final/owasp-sqli-v15-1-confirmatory-20260823T131208Z/raw/ranking-rows/sequence-1165__local_qwen__os15-s0085__trial-1.json,[]
1166,local_qwen,os15-s0085,2,positive,valid,True,False,os15-c000235,"[""os15-c000396"",""os15-c000235"",""os15-c000384"",""os15-c000305"",""os15-c000464""]",2,False,True,0.5,66473,results/owasp-sqli-v15-1-confirmatory-final/owasp-sqli-v15-1-confirmatory-20260823T131208Z/raw/ranking-rows/sequence-1166__local_qwen__os15-s0085__trial-2.json,[]
1167,local_qwen,os15-s0085,3,positive,valid,True,False,os15-c000235,"[""os15-c000396"",""os15-c000235"",""os15-c000384"",""os15-c000305"",""os15-c000464""]",2,False,True,0.5,67136,results/owasp-sqli-v15-1-confirmatory-final/owasp-sqli-v15-1-confirmatory-20260823T131208Z/raw/ranking-rows/sequence-1167__local_qwen__os15-s0085__trial-3.json,[]
1168,local_qwen,os15-s0085,4,positive,valid,True,False,os15-c000235,"[""os15-c000396"",""os15-c000235"",""os15-c000384"",""os15-c000305"",""os15-c000464""]",2,False,True,0.5,69713,results/owasp-sqli-v15-1-confirmatory-final/owasp-sqli-v15-1-confirmatory-20260823T131208Z/raw/ranking-rows/sequence-1168__local_qwen__os15-s0085__trial-4.json,[]
1169,local_qwen,os15-s0085,5,positive,valid,True,False,os15-c000235,"[""os15-c000396"",""os15-c000235"",""os15-c000384"",""os15-c000305"",""os15-c000464""]",2,False,True,0.5,73735,results/owasp-sqli-v15-1-confirmatory-final/owasp-sqli-v15-1-confirmatory-20260823T131208Z/raw/ranking-rows/sequence-1169__local_qwen__os15-s0085__trial-5.json,[]
1170,local_qwen,os15-s0086,1,positive,valid,True,False,os15-c000453,"[""os15-c000485"",""os15-c000453"",""os15-c000110"",""os15-c000408"",""os15-c000195""]",2,False,True,0.5,63448,results/owasp-sqli-v15-1-confirmatory-final/owasp-sqli-v15-1-confirmatory-20260823T131208Z/raw/ranking-rows/sequence-1170__local_qwen__os15-s0086__trial-1.json,[]
1171,local_qwen,os15-s0086,2,positive,valid,True,False,os15-c000453,"[""os15-c000485"",""os15-c000453"",""os15-c000110"",""os15-c000408"",""os15-c000195""]",2,False,True,0.5,66990,results/owasp-sqli-v15-1-confirmatory-final/owasp-sqli-v15-1-confirmatory-20260823T131208Z/raw/ranking-rows/sequence-1171__local_qwen__os15-s0086__trial-2.json,[]
1172,local_qwen,os15-s0086,3,positive,valid,True,False,os15-c000453,"[""os15-c000485"",""os15-c000453"",""os15-c000110"",""os15-c000408"",""os15-c000195""]",2,False,True,0.5,64409,results/owasp-sqli-v15-1-confirmatory-final/owasp-sqli-v15-1-confirmatory-20260823T131208Z/raw/ranking-rows/sequence-1172__local_qwen__os15-s0086__trial-3.json,[]
1173,local_qwen,os15-s0086,4,positive,valid,True,False,os15-c000453,"[""os15-c000485"",""os15-c000453"",""os15-c000110"",""os15-c000408"",""os15-c000195""]",2,False,True,0.5,67928,results/owasp-sqli-v15-1-confirmatory-final/owasp-sqli-v15-1-confirmatory-20260823T131208Z/raw/ranking-rows/sequence-1173__local_qwen__os15-s0086__trial-4.json,[]
1174,local_qwen,os15-s0086,5,positive,valid,True,False,os15-c000453,"[""os15-c000485"",""os15-c000453"",""os15-c000110"",""os15-c000408"",""os15-c000195""]",2,False,True,0.5,62745,results/owasp-sqli-v15-1-confirmatory-final/owasp-sqli-v15-1-confirmatory-20260823T131208Z/raw/ranking-rows/sequence-1174__local_qwen__os15-s0086__trial-5.json,[]
1175,local_qwen,os15-s0087,1,positive,valid,True,False,os15-c000092,"[""os15-c000325"",""os15-c000163"",""os15-c000092"",""os15-c000414"",""os15-c000392""]",3,False,True,0.333333,59620,results/owasp-sqli-v15-1-confirmatory-final/owasp-sqli-v15-1-confirmatory-20260823T131208Z/raw/ranking-rows/sequence-1175__local_qwen__os15-s0087__trial-1.json,[]
1176,local_qwen,os15-s0087,2,positive,valid,True,False,os15-c000092,"[""os15-c000325"",""os15-c000163"",""os15-c000092"",""os15-c000414"",""os15-c000392""]",3,False,True,0.333333,63081,results/owasp-sqli-v15-1-confirmatory-final/owasp-sqli-v15-1-confirmatory-20260823T131208Z/raw/ranking-rows/sequence-1176__local_qwen__os15-s0087__trial-2.json,[]
1177,local_qwen,os15-s0087,3,positive,valid,True,False,os15-c000092,"[""os15-c000325"",""os15-c000163"",""os15-c000092"",""os15-c000414"",""os15-c000392""]",3,False,True,0.333333,81010,results/owasp-sqli-v15-1-confirmatory-final/owasp-sqli-v15-1-confirmatory-20260823T131208Z/raw/ranking-rows/sequence-1177__local_qwen__os15-s0087__trial-3.json,[]
1178,local_qwen,os15-s0087,4,positive,valid,True,False,os15-c000092,"[""os15-c000325"",""os15-c000163"",""os15-c000092"",""os15-c000414"",""os15-c000392""]",3,False,True,0.333333,64600,results/owasp-sqli-v15-1-confirmatory-final/owasp-sqli-v15-1-confirmatory-20260823T131208Z/raw/ranking-rows/sequence-1178__local_qwen__os15-s0087__trial-4.json,[]
1179,local_qwen,os15-s0087,5,positive,valid,True,False,os15-c000092,"[""os15-c000325"",""os15-c000163"",""os15-c000092"",""os15-c000414"",""os15-c000392""]",3,False,True,0.333333,60472,results/owasp-sqli-v15-1-confirmatory-final/owasp-sqli-v15-1-confirmatory-20260823T131208Z/raw/ranking-rows/sequence-1179__local_qwen__os15-s0087__trial-5.json,[]
1180,local_qwen,os15-s0088,1,positive,valid,True,False,os15-c000233,"[""os15-c000450"",""os15-c000284"",""os15-c000233"",""os15-c000351"",""os15-c000210""]",3,False,True,0.333333,64179,results/owasp-sqli-v15-1-confirmatory-final/owasp-sqli-v15-1-confirmatory-20260823T131208Z/raw/ranking-rows/sequence-1180__local_qwen__os15-s0088__trial-1.json,[]
1181,local_qwen,os15-s0088,2,positive,valid,True,False,os15-c000233,"[""os15-c000450"",""os15-c000284"",""os15-c000233"",""os15-c000351"",""os15-c000210""]",3,False,True,0.333333,64011,results/owasp-sqli-v15-1-confirmatory-final/owasp-sqli-v15-1-confirmatory-20260823T131208Z/raw/ranking-rows/sequence-1181__local_qwen__os15-s0088__trial-2.json,[]
1182,local_qwen,os15-s0088,3,positive,valid,True,False,os15-c000233,"[""os15-c000450"",""os15-c000284"",""os15-c000233"",""os15-c000351"",""os15-c000210""]",3,False,True,0.333333,66532,results/owasp-sqli-v15-1-confirmatory-final/owasp-sqli-v15-1-confirmatory-20260823T131208Z/raw/ranking-rows/sequence-1182__local_qwen__os15-s0088__trial-3.json,[]
1183,local_qwen,os15-s0088,4,positive,valid,True,False,os15-c000233,"[""os15-c000450"",""os15-c000284"",""os15-c000233"",""os15-c000351"",""os15-c000210""]",3,False,True,0.333333,64121,results/owasp-sqli-v15-1-confirmatory-final/owasp-sqli-v15-1-confirmatory-20260823T131208Z/raw/ranking-rows/sequence-1183__local_qwen__os15-s0088__trial-4.json,[]
1184,local_qwen,os15-s0088,5,positive,valid,True,False,os15-c000233,"[""os15-c000450"",""os15-c000284"",""os15-c000233"",""os15-c000351"",""os15-c000210""]",3,False,True,0.333333,64740,results/owasp-sqli-v15-1-confirmatory-final/owasp-sqli-v15-1-confirmatory-20260823T131208Z/raw/ranking-rows/sequence-1184__local_qwen__os15-s0088__trial-5.json,[]
1185,local_qwen,os15-s0089,1,positive,valid,True,False,os15-c000194,"[""os15-c000135"",""os15-c000122"",""os15-c000220"",""os15-c000311"",""os15-c000194""]",5,False,False,0.2,63877,results/owasp-sqli-v15-1-confirmatory-final/owasp-sqli-v15-1-confirmatory-20260823T131208Z/raw/ranking-rows/sequence-1185__local_qwen__os15-s0089__trial-1.json,[]
1186,local_qwen,os15-s0089,2,positive,valid,True,False,os15-c000194,"[""os15-c000135"",""os15-c000122"",""os15-c000220"",""os15-c000311"",""os15-c000194""]",5,False,False,0.2,72690,results/owasp-sqli-v15-1-confirmatory-final/owasp-sqli-v15-1-confirmatory-20260823T131208Z/raw/ranking-rows/sequence-1186__local_qwen__os15-s0089__trial-2.json,[]
1187,local_qwen,os15-s0089,3,positive,valid,True,False,os15-c000194,"[""os15-c000135"",""os15-c000122"",""os15-c000220"",""os15-c000311"",""os15-c000194""]",5,False,False,0.2,63501,results/owasp-sqli-v15-1-confirmatory-final/owasp-sqli-v15-1-confirmatory-20260823T131208Z/raw/ranking-rows/sequence-1187__local_qwen__os15-s0089__trial-3.json,[]
1188,local_qwen,os15-s0089,4,positive,valid,True,False,os15-c000194,"[""os15-c000135"",""os15-c000122"",""os15-c000220"",""os15-c000311"",""os15-c000194""]",5,False,False,0.2,60951,results/owasp-sqli-v15-1-confirmatory-final/owasp-sqli-v15-1-confirmatory-20260823T131208Z/raw/ranking-rows/sequence-1188__local_qwen__os15-s0089__trial-4.json,[]
1189,local_qwen,os15-s0089,5,positive,valid,True,False,os15-c000194,"[""os15-c000135"",""os15-c000122"",""os15-c000220"",""os15-c000311"",""os15-c000194""]",5,False,False,0.2,65117,results/owasp-sqli-v15-1-confirmatory-final/owasp-sqli-v15-1-confirmatory-20260823T131208Z/raw/ranking-rows/sequence-1189__local_qwen__os15-s0089__trial-5.json,[]
1190,local_qwen,os15-s0090,1,positive,valid,True,False,os15-c000130,"[""os15-c000470"",""os15-c000426"",""os15-c000130"",""os15-c000312"",""os15-c000321""]",3,False,True,0.333333,68392,results/owasp-sqli-v15-1-confirmatory-final/owasp-sqli-v15-1-confirmatory-20260823T131208Z/raw/ranking-rows/sequence-1190__local_qwen__os15-s0090__trial-1.json,[]
1191,local_qwen,os15-s0090,2,positive,valid,True,False,os15-c000130,"[""os15-c000470"",""os15-c000426"",""os15-c000130"",""os15-c000312"",""os15-c000321""]",3,False,True,0.333333,66975,results/owasp-sqli-v15-1-confirmatory-final/owasp-sqli-v15-1-confirmatory-20260823T131208Z/raw/ranking-rows/sequence-1191__local_qwen__os15-s0090__trial-2.json,[]
1192,local_qwen,os15-s0090,3,positive,valid,True,False,os15-c000130,"[""os15-c000470"",""os15-c000426"",""os15-c000130"",""os15-c000312"",""os15-c000321""]",3,False,True,0.333333,66405,results/owasp-sqli-v15-1-confirmatory-final/owasp-sqli-v15-1-confirmatory-20260823T131208Z/raw/ranking-rows/sequence-1192__local_qwen__os15-s0090__trial-3.json,[]
1193,local_qwen,os15-s0090,4,positive,valid,True,False,os15-c000130,"[""os15-c000470"",""os15-c000426"",""os15-c000130"",""os15-c000312"",""os15-c000321""]",3,False,True,0.333333,64343,results/owasp-sqli-v15-1-confirmatory-final/owasp-sqli-v15-1-confirmatory-20260823T131208Z/raw/ranking-rows/sequence-1193__local_qwen__os15-s0090__trial-4.json,[]
1194,local_qwen,os15-s0090,5,positive,valid,True,False,os15-c000130,"[""os15-c000470"",""os15-c000426"",""os15-c000130"",""os15-c000312"",""os15-c000321""]",3,False,True,0.333333,70034,results/owasp-sqli-v15-1-confirmatory-final/owasp-sqli-v15-1-confirmatory-20260823T131208Z/raw/ranking-rows/sequence-1194__local_qwen__os15-s0090__trial-5.json,[]
1195,local_qwen,os15-s0091,1,positive,valid,True,False,os15-c000478,"[""os15-c000324"",""os15-c000491"",""os15-c000478"",""os15-c000150"",""os15-c000063""]",3,False,True,0.333333,94032,results/owasp-sqli-v15-1-confirmatory-final/owasp-sqli-v15-1-confirmatory-20260823T131208Z/raw/ranking-rows/sequence-1195__local_qwen__os15-s0091__trial-1.json,[]
1196,local_qwen,os15-s0091,2,positive,valid,True,False,os15-c000478,"[""os15-c000324"",""os15-c000491"",""os15-c000478"",""os15-c000150"",""os15-c000063""]",3,False,True,0.333333,69801,results/owasp-sqli-v15-1-confirmatory-final/owasp-sqli-v15-1-confirmatory-20260823T131208Z/raw/ranking-rows/sequence-1196__local_qwen__os15-s0091__trial-2.json,[]
1197,local_qwen,os15-s0091,3,positive,valid,True,False,os15-c000478,"[""os15-c000324"",""os15-c000491"",""os15-c000478"",""os15-c000150"",""os15-c000063""]",3,False,True,0.333333,67038,results/owasp-sqli-v15-1-confirmatory-final/owasp-sqli-v15-1-confirmatory-20260823T131208Z/raw/ranking-rows/sequence-1197__local_qwen__os15-s0091__trial-3.json,[]
1198,local_qwen,os15-s0091,4,positive,valid,True,False,os15-c000478,"[""os15-c000324"",""os15-c000491"",""os15-c000478"",""os15-c000150"",""os15-c000063""]",3,False,True,0.333333,66704,results/owasp-sqli-v15-1-confirmatory-final/owasp-sqli-v15-1-confirmatory-20260823T131208Z/raw/ranking-rows/sequence-1198__local_qwen__os15-s0091__trial-4.json,[]
1199,local_qwen,os15-s0091,5,positive,valid,True,False,os15-c000478,"[""os15-c000324"",""os15-c000491"",""os15-c000478"",""os15-c000150"",""os15-c000063""]",3,False,True,0.333333,65896,results/owasp-sqli-v15-1-confirmatory-final/owasp-sqli-v15-1-confirmatory-20260823T131208Z/raw/ranking-rows/sequence-1199__local_qwen__os15-s0091__trial-5.json,[]
1200,local_qwen,os15-s0092,1,positive,valid,True,False,os15-c000191,"[""os15-c000295"",""os15-c000191"",""os15-c000364"",""os15-c000025"",""os15-c000343""]",2,False,True,0.5,67287,results/owasp-sqli-v15-1-confirmatory-final/owasp-sqli-v15-1-confirmatory-20260823T131208Z/raw/ranking-rows/sequence-1200__local_qwen__os15-s0092__trial-1.json,[]
1201,local_qwen,os15-s0092,2,positive,valid,True,False,os15-c000191,"[""os15-c000295"",""os15-c000191"",""os15-c000364"",""os15-c000025"",""os15-c000343""]",2,False,True,0.5,66284,results/owasp-sqli-v15-1-confirmatory-final/owasp-sqli-v15-1-confirmatory-20260823T131208Z/raw/ranking-rows/sequence-1201__local_qwen__os15-s0092__trial-2.json,[]
1202,local_qwen,os15-s0092,3,positive,valid,True,False,os15-c000191,"[""os15-c000295"",""os15-c000191"",""os15-c000364"",""os15-c000025"",""os15-c000343""]",2,False,True,0.5,65753,results/owasp-sqli-v15-1-confirmatory-final/owasp-sqli-v15-1-confirmatory-20260823T131208Z/raw/ranking-rows/sequence-1202__local_qwen__os15-s0092__trial-3.json,[]
1203,local_qwen,os15-s0092,4,positive,valid,True,False,os15-c000191,"[""os15-c000295"",""os15-c000191"",""os15-c000364"",""os15-c000025"",""os15-c000343""]",2,False,True,0.5,68441,results/owasp-sqli-v15-1-confirmatory-final/owasp-sqli-v15-1-confirmatory-20260823T131208Z/raw/ranking-rows/sequence-1203__local_qwen__os15-s0092__trial-4.json,[]
1204,local_qwen,os15-s0092,5,positive,valid,True,False,os15-c000191,"[""os15-c000295"",""os15-c000191"",""os15-c000364"",""os15-c000025"",""os15-c000343""]",2,False,True,0.5,65640,results/owasp-sqli-v15-1-confirmatory-final/owasp-sqli-v15-1-confirmatory-20260823T131208Z/raw/ranking-rows/sequence-1204__local_qwen__os15-s0092__trial-5.json,[]
1205,local_qwen,os15-s0093,1,positive,valid,True,False,os15-c000217,"[""os15-c000218"",""os15-c000217"",""os15-c000367"",""os15-c000209"",""os15-c000366""]",2,False,True,0.5,65529,results/owasp-sqli-v15-1-confirmatory-final/owasp-sqli-v15-1-confirmatory-20260823T131208Z/raw/ranking-rows/sequence-1205__local_qwen__os15-s0093__trial-1.json,[]
1206,local_qwen,os15-s0093,2,positive,valid,True,False,os15-c000217,"[""os15-c000218"",""os15-c000217"",""os15-c000367"",""os15-c000209"",""os15-c000366""]",2,False,True,0.5,64804,results/owasp-sqli-v15-1-confirmatory-final/owasp-sqli-v15-1-confirmatory-20260823T131208Z/raw/ranking-rows/sequence-1206__local_qwen__os15-s0093__trial-2.json,[]
1207,local_qwen,os15-s0093,3,positive,valid,True,False,os15-c000217,"[""os15-c000218"",""os15-c000217"",""os15-c000367"",""os15-c000209"",""os15-c000366""]",2,False,True,0.5,85043,results/owasp-sqli-v15-1-confirmatory-final/owasp-sqli-v15-1-confirmatory-20260823T131208Z/raw/ranking-rows/sequence-1207__local_qwen__os15-s0093__trial-3.json,[]
1208,local_qwen,os15-s0093,4,positive,valid,True,False,os15-c000217,"[""os15-c000218"",""os15-c000217"",""os15-c000367"",""os15-c000209"",""os15-c000366""]",2,False,True,0.5,71724,results/owasp-sqli-v15-1-confirmatory-final/owasp-sqli-v15-1-confirmatory-20260823T131208Z/raw/ranking-rows/sequence-1208__local_qwen__os15-s0093__trial-4.json,[]
1209,local_qwen,os15-s0093,5,positive,valid,True,False,os15-c000217,"[""os15-c000218"",""os15-c000217"",""os15-c000367"",""os15-c000209"",""os15-c000366""]",2,False,True,0.5,69450,results/owasp-sqli-v15-1-confirmatory-final/owasp-sqli-v15-1-confirmatory-20260823T131208Z/raw/ranking-rows/sequence-1209__local_qwen__os15-s0093__trial-5.json,[]
1210,local_qwen,os15-s0094,1,positive,valid,True,False,os15-c000307,"[""os15-c000502"",""os15-c000307"",""os15-c000207"",""os15-c000052"",""os15-c000171""]",2,False,True,0.5,70370,results/owasp-sqli-v15-1-confirmatory-final/owasp-sqli-v15-1-confirmatory-20260823T131208Z/raw/ranking-rows/sequence-1210__local_qwen__os15-s0094__trial-1.json,[]
1211,local_qwen,os15-s0094,2,positive,valid,True,False,os15-c000307,"[""os15-c000502"",""os15-c000307"",""os15-c000207"",""os15-c000052"",""os15-c000171""]",2,False,True,0.5,71263,results/owasp-sqli-v15-1-confirmatory-final/owasp-sqli-v15-1-confirmatory-20260823T131208Z/raw/ranking-rows/sequence-1211__local_qwen__os15-s0094__trial-2.json,[]
1212,local_qwen,os15-s0094,3,positive,valid,True,False,os15-c000307,"[""os15-c000502"",""os15-c000307"",""os15-c000207"",""os15-c000052"",""os15-c000171""]",2,False,True,0.5,70875,results/owasp-sqli-v15-1-confirmatory-final/owasp-sqli-v15-1-confirmatory-20260823T131208Z/raw/ranking-rows/sequence-1212__local_qwen__os15-s0094__trial-3.json,[]
1213,local_qwen,os15-s0094,4,positive,valid,True,False,os15-c000307,"[""os15-c000502"",""os15-c000307"",""os15-c000207"",""os15-c000052"",""os15-c000171""]",2,False,True,0.5,65613,results/owasp-sqli-v15-1-confirmatory-final/owasp-sqli-v15-1-confirmatory-20260823T131208Z/raw/ranking-rows/sequence-1213__local_qwen__os15-s0094__trial-4.json,[]
1214,local_qwen,os15-s0094,5,positive,valid,True,False,os15-c000307,"[""os15-c000502"",""os15-c000307"",""os15-c000207"",""os15-c000052"",""os15-c000171""]",2,False,True,0.5,67427,results/owasp-sqli-v15-1-confirmatory-final/owasp-sqli-v15-1-confirmatory-20260823T131208Z/raw/ranking-rows/sequence-1214__local_qwen__os15-s0094__trial-5.json,[]
1215,local_qwen,os15-s0095,1,positive,valid,True,False,os15-c000306,"[""os15-c000306"",""os15-c000428"",""os15-c000330"",""os15-c000054"",""os15-c000053""]",1,True,True,1.0,62595,results/owasp-sqli-v15-1-confirmatory-final/owasp-sqli-v15-1-confirmatory-20260823T131208Z/raw/ranking-rows/sequence-1215__local_qwen__os15-s0095__trial-1.json,[]
1216,local_qwen,os15-s0095,2,positive,valid,True,False,os15-c000306,"[""os15-c000306"",""os15-c000428"",""os15-c000330"",""os15-c000054"",""os15-c000053""]",1,True,True,1.0,63218,results/owasp-sqli-v15-1-confirmatory-final/owasp-sqli-v15-1-confirmatory-20260823T131208Z/raw/ranking-rows/sequence-1216__local_qwen__os15-s0095__trial-2.json,[]
1217,local_qwen,os15-s0095,3,positive,valid,True,False,os15-c000306,"[""os15-c000306"",""os15-c000428"",""os15-c000330"",""os15-c000054"",""os15-c000053""]",1,True,True,1.0,64468,results/owasp-sqli-v15-1-confirmatory-final/owasp-sqli-v15-1-confirmatory-20260823T131208Z/raw/ranking-rows/sequence-1217__local_qwen__os15-s0095__trial-3.json,[]
1218,local_qwen,os15-s0095,4,positive,valid,True,False,os15-c000306,"[""os15-c000306"",""os15-c000428"",""os15-c000330"",""os15-c000054"",""os15-c000053""]",1,True,True,1.0,66335,results/owasp-sqli-v15-1-confirmatory-final/owasp-sqli-v15-1-confirmatory-20260823T131208Z/raw/ranking-rows/sequence-1218__local_qwen__os15-s0095__trial-4.json,[]
1219,local_qwen,os15-s0095,5,positive,valid,True,False,os15-c000306,"[""os15-c000306"",""os15-c000428"",""os15-c000330"",""os15-c000054"",""os15-c000053""]",1,True,True,1.0,64400,results/owasp-sqli-v15-1-confirmatory-final/owasp-sqli-v15-1-confirmatory-20260823T131208Z/raw/ranking-rows/sequence-1219__local_qwen__os15-s0095__trial-5.json,[]
1220,local_qwen,os15-s0096,1,positive,valid,True,False,os15-c000142,"[""os15-c000452"",""os15-c000142"",""os15-c000112"",""os15-c000236"",""os15-c000293""]",2,False,True,0.5,63339,results/owasp-sqli-v15-1-confirmatory-final/owasp-sqli-v15-1-confirmatory-20260823T131208Z/raw/ranking-rows/sequence-1220__local_qwen__os15-s0096__trial-1.json,[]
1221,local_qwen,os15-s0096,2,positive,valid,True,False,os15-c000142,"[""os15-c000452"",""os15-c000142"",""os15-c000112"",""os15-c000236"",""os15-c000293""]",2,False,True,0.5,63003,results/owasp-sqli-v15-1-confirmatory-final/owasp-sqli-v15-1-confirmatory-20260823T131208Z/raw/ranking-rows/sequence-1221__local_qwen__os15-s0096__trial-2.json,[]
1222,local_qwen,os15-s0096,3,positive,valid,True,False,os15-c000142,"[""os15-c000452"",""os15-c000142"",""os15-c000112"",""os15-c000236"",""os15-c000293""]",2,False,True,0.5,85158,results/owasp-sqli-v15-1-confirmatory-final/owasp-sqli-v15-1-confirmatory-20260823T131208Z/raw/ranking-rows/sequence-1222__local_qwen__os15-s0096__trial-3.json,[]
1223,local_qwen,os15-s0096,4,positive,valid,True,False,os15-c000142,"[""os15-c000452"",""os15-c000142"",""os15-c000112"",""os15-c000236"",""os15-c000293""]",2,False,True,0.5,69359,results/owasp-sqli-v15-1-confirmatory-final/owasp-sqli-v15-1-confirmatory-20260823T131208Z/raw/ranking-rows/sequence-1223__local_qwen__os15-s0096__trial-4.json,[]
1224,local_qwen,os15-s0096,5,positive,valid,True,False,os15-c000142,"[""os15-c000452"",""os15-c000142"",""os15-c000112"",""os15-c000236"",""os15-c000293""]",2,False,True,0.5,83258,results/owasp-sqli-v15-1-confirmatory-final/owasp-sqli-v15-1-confirmatory-20260823T131208Z/raw/ranking-rows/sequence-1224__local_qwen__os15-s0096__trial-5.json,[]
1225,local_qwen,os15-s0097,1,positive,valid,True,False,os15-c000361,"[""os15-c000152"",""os15-c000084"",""os15-c000361"",""os15-c000362"",""os15-c000203""]",3,False,True,0.333333,100994,results/owasp-sqli-v15-1-confirmatory-final/owasp-sqli-v15-1-confirmatory-20260823T131208Z/raw/ranking-rows/sequence-1225__local_qwen__os15-s0097__trial-1.json,[]
1226,local_qwen,os15-s0097,2,positive,valid,True,False,os15-c000361,"[""os15-c000152"",""os15-c000084"",""os15-c000361"",""os15-c000362"",""os15-c000203""]",3,False,True,0.333333,98096,results/owasp-sqli-v15-1-confirmatory-final/owasp-sqli-v15-1-confirmatory-20260823T131208Z/raw/ranking-rows/sequence-1226__local_qwen__os15-s0097__trial-2.json,[]
1227,local_qwen,os15-s0097,3,positive,valid,True,False,os15-c000361,"[""os15-c000152"",""os15-c000084"",""os15-c000361"",""os15-c000362"",""os15-c000203""]",3,False,True,0.333333,98160,results/owasp-sqli-v15-1-confirmatory-final/owasp-sqli-v15-1-confirmatory-20260823T131208Z/raw/ranking-rows/sequence-1227__local_qwen__os15-s0097__trial-3.json,[]
1228,local_qwen,os15-s0097,4,positive,valid,True,False,os15-c000361,"[""os15-c000152"",""os15-c000084"",""os15-c000361"",""os15-c000362"",""os15-c000203""]",3,False,True,0.333333,95908,results/owasp-sqli-v15-1-confirmatory-final/owasp-sqli-v15-1-confirmatory-20260823T131208Z/raw/ranking-rows/sequence-1228__local_qwen__os15-s0097__trial-4.json,[]
1229,local_qwen,os15-s0097,5,positive,valid,True,False,os15-c000361,"[""os15-c000152"",""os15-c000084"",""os15-c000361"",""os15-c000362"",""os15-c000203""]",3,False,True,0.333333,96567,results/owasp-sqli-v15-1-confirmatory-final/owasp-sqli-v15-1-confirmatory-20260823T131208Z/raw/ranking-rows/sequence-1229__local_qwen__os15-s0097__trial-5.json,[]
1230,local_qwen,os15-s0098,1,positive,valid,True,False,os15-c000059,"[""os15-c000481"",""os15-c000432"",""os15-c000020"",""os15-c000059"",""os15-c000064""]",4,False,True,0.25,96309,results/owasp-sqli-v15-1-confirmatory-final/owasp-sqli-v15-1-confirmatory-20260823T131208Z/raw/ranking-rows/sequence-1230__local_qwen__os15-s0098__trial-1.json,[]
1231,local_qwen,os15-s0098,2,positive,valid,True,False,os15-c000059,"[""os15-c000481"",""os15-c000432"",""os15-c000020"",""os15-c000059"",""os15-c000064""]",4,False,True,0.25,97681,results/owasp-sqli-v15-1-confirmatory-final/owasp-sqli-v15-1-confirmatory-20260823T131208Z/raw/ranking-rows/sequence-1231__local_qwen__os15-s0098__trial-2.json,[]
1232,local_qwen,os15-s0098,3,positive,valid,True,False,os15-c000059,"[""os15-c000481"",""os15-c000432"",""os15-c000020"",""os15-c000059"",""os15-c000064""]",4,False,True,0.25,166628,results/owasp-sqli-v15-1-confirmatory-final/owasp-sqli-v15-1-confirmatory-20260823T131208Z/raw/ranking-rows/sequence-1232__local_qwen__os15-s0098__trial-3.json,[]
1233,local_qwen,os15-s0098,4,positive,valid,True,False,os15-c000059,"[""os15-c000481"",""os15-c000432"",""os15-c000020"",""os15-c000059"",""os15-c000064""]",4,False,True,0.25,111152,results/owasp-sqli-v15-1-confirmatory-final/owasp-sqli-v15-1-confirmatory-20260823T131208Z/raw/ranking-rows/sequence-1233__local_qwen__os15-s0098__trial-4.json,[]
1234,local_qwen,os15-s0098,5,positive,valid,True,False,os15-c000059,"[""os15-c000481"",""os15-c000432"",""os15-c000020"",""os15-c000059"",""os15-c000064""]",4,False,True,0.25,98568,results/owasp-sqli-v15-1-confirmatory-final/owasp-sqli-v15-1-confirmatory-20260823T131208Z/raw/ranking-rows/sequence-1234__local_qwen__os15-s0098__trial-5.json,[]
1235,local_qwen,os15-s0099,1,positive,valid,True,False,os15-c000129,"[""os15-c000503"",""os15-c000129"",""os15-c000153"",""os15-c000373"",""os15-c000162""]",2,False,True,0.5,101578,results/owasp-sqli-v15-1-confirmatory-final/owasp-sqli-v15-1-confirmatory-20260823T131208Z/raw/ranking-rows/sequence-1235__local_qwen__os15-s0099__trial-1.json,[]
1236,local_qwen,os15-s0099,2,positive,valid,True,False,os15-c000129,"[""os15-c000503"",""os15-c000129"",""os15-c000153"",""os15-c000373"",""os15-c000162""]",2,False,True,0.5,92093,results/owasp-sqli-v15-1-confirmatory-final/owasp-sqli-v15-1-confirmatory-20260823T131208Z/raw/ranking-rows/sequence-1236__local_qwen__os15-s0099__trial-2.json,[]
1237,local_qwen,os15-s0099,3,positive,valid,True,False,os15-c000129,"[""os15-c000503"",""os15-c000129"",""os15-c000153"",""os15-c000373"",""os15-c000162""]",2,False,True,0.5,93505,results/owasp-sqli-v15-1-confirmatory-final/owasp-sqli-v15-1-confirmatory-20260823T131208Z/raw/ranking-rows/sequence-1237__local_qwen__os15-s0099__trial-3.json,[]
1238,local_qwen,os15-s0099,4,positive,valid,True,False,os15-c000129,"[""os15-c000503"",""os15-c000129"",""os15-c000153"",""os15-c000373"",""os15-c000162""]",2,False,True,0.5,93094,results/owasp-sqli-v15-1-confirmatory-final/owasp-sqli-v15-1-confirmatory-20260823T131208Z/raw/ranking-rows/sequence-1238__local_qwen__os15-s0099__trial-4.json,[]
1239,local_qwen,os15-s0099,5,positive,valid,True,False,os15-c000129,"[""os15-c000503"",""os15-c000129"",""os15-c000153"",""os15-c000373"",""os15-c000162""]",2,False,True,0.5,96547,results/owasp-sqli-v15-1-confirmatory-final/owasp-sqli-v15-1-confirmatory-20260823T131208Z/raw/ranking-rows/sequence-1239__local_qwen__os15-s0099__trial-5.json,[]
1240,local_qwen,os15-s0100,1,positive,valid,True,False,os15-c000095,"[""os15-c000095"",""os15-c000093"",""os15-c000111"",""os15-c000074"",""os15-c000051""]",1,True,True,1.0,94021,results/owasp-sqli-v15-1-confirmatory-final/owasp-sqli-v15-1-confirmatory-20260823T131208Z/raw/ranking-rows/sequence-1240__local_qwen__os15-s0100__trial-1.json,[]
1241,local_qwen,os15-s0100,2,positive,valid,True,False,os15-c000095,"[""os15-c000095"",""os15-c000093"",""os15-c000111"",""os15-c000074"",""os15-c000051""]",1,True,True,1.0,88882,results/owasp-sqli-v15-1-confirmatory-final/owasp-sqli-v15-1-confirmatory-20260823T131208Z/raw/ranking-rows/sequence-1241__local_qwen__os15-s0100__trial-2.json,[]
1242,local_qwen,os15-s0100,3,positive,valid,True,False,os15-c000095,"[""os15-c000095"",""os15-c000093"",""os15-c000111"",""os15-c000074"",""os15-c000051""]",1,True,True,1.0,89844,results/owasp-sqli-v15-1-confirmatory-final/owasp-sqli-v15-1-confirmatory-20260823T131208Z/raw/ranking-rows/sequence-1242__local_qwen__os15-s0100__trial-3.json,[]
1243,local_qwen,os15-s0100,4,positive,valid,True,False,os15-c000095,"[""os15-c000095"",""os15-c000093"",""os15-c000111"",""os15-c000074"",""os15-c000051""]",1,True,True,1.0,88955,results/owasp-sqli-v15-1-confirmatory-final/owasp-sqli-v15-1-confirmatory-20260823T131208Z/raw/ranking-rows/sequence-1243__local_qwen__os15-s0100__trial-4.json,[]
1244,local_qwen,os15-s0100,5,positive,valid,True,False,os15-c000095,"[""os15-c000095"",""os15-c000093"",""os15-c000111"",""os15-c000074"",""os15-c000051""]",1,True,True,1.0,89320,results/owasp-sqli-v15-1-confirmatory-final/owasp-sqli-v15-1-confirmatory-20260823T131208Z/raw/ranking-rows/sequence-1244__local_qwen__os15-s0100__trial-5.json,[]
1245,local_qwen,os15-s0101,1,positive,valid,True,False,os15-c000034,"[""os15-c000466"",""os15-c000083"",""os15-c000329"",""os15-c000358"",""os15-c000034""]",5,False,False,0.2,93295,results/owasp-sqli-v15-1-confirmatory-final/owasp-sqli-v15-1-confirmatory-20260823T131208Z/raw/ranking-rows/sequence-1245__local_qwen__os15-s0101__trial-1.json,[]
1246,local_qwen,os15-s0101,2,positive,valid,True,False,os15-c000034,"[""os15-c000466"",""os15-c000083"",""os15-c000329"",""os15-c000358"",""os15-c000034""]",5,False,False,0.2,96179,results/owasp-sqli-v15-1-confirmatory-final/owasp-sqli-v15-1-confirmatory-20260823T131208Z/raw/ranking-rows/sequence-1246__local_qwen__os15-s0101__trial-2.json,[]
1247,local_qwen,os15-s0101,3,positive,valid,True,False,os15-c000034,"[""os15-c000466"",""os15-c000083"",""os15-c000329"",""os15-c000358"",""os15-c000034""]",5,False,False,0.2,90322,results/owasp-sqli-v15-1-confirmatory-final/owasp-sqli-v15-1-confirmatory-20260823T131208Z/raw/ranking-rows/sequence-1247__local_qwen__os15-s0101__trial-3.json,[]
1248,local_qwen,os15-s0101,4,positive,valid,True,False,os15-c000034,"[""os15-c000466"",""os15-c000083"",""os15-c000329"",""os15-c000358"",""os15-c000034""]",5,False,False,0.2,91441,results/owasp-sqli-v15-1-confirmatory-final/owasp-sqli-v15-1-confirmatory-20260823T131208Z/raw/ranking-rows/sequence-1248__local_qwen__os15-s0101__trial-4.json,[]
1249,local_qwen,os15-s0101,5,positive,valid,True,False,os15-c000034,"[""os15-c000466"",""os15-c000083"",""os15-c000329"",""os15-c000358"",""os15-c000034""]",5,False,False,0.2,91750,results/owasp-sqli-v15-1-confirmatory-final/owasp-sqli-v15-1-confirmatory-20260823T131208Z/raw/ranking-rows/sequence-1249__local_qwen__os15-s0101__trial-5.json,[]
1250,local_qwen,os15-s0102,1,positive,valid,True,False,os15-c000193,"[""os15-c000493"",""os15-c000223"",""os15-c000410"",""os15-c000372"",""os15-c000193""]",5,False,False,0.2,90126,results/owasp-sqli-v15-1-confirmatory-final/owasp-sqli-v15-1-confirmatory-20260823T131208Z/raw/ranking-rows/sequence-1250__local_qwen__os15-s0102__trial-1.json,[]
1251,local_qwen,os15-s0102,2,positive,valid,True,False,os15-c000193,"[""os15-c000493"",""os15-c000223"",""os15-c000410"",""os15-c000372"",""os15-c000193""]",5,False,False,0.2,91320,results/owasp-sqli-v15-1-confirmatory-final/owasp-sqli-v15-1-confirmatory-20260823T131208Z/raw/ranking-rows/sequence-1251__local_qwen__os15-s0102__trial-2.json,[]
1252,local_qwen,os15-s0102,3,positive,valid,True,False,os15-c000193,"[""os15-c000493"",""os15-c000223"",""os15-c000410"",""os15-c000372"",""os15-c000193""]",5,False,False,0.2,95542,results/owasp-sqli-v15-1-confirmatory-final/owasp-sqli-v15-1-confirmatory-20260823T131208Z/raw/ranking-rows/sequence-1252__local_qwen__os15-s0102__trial-3.json,[]
1253,local_qwen,os15-s0102,4,positive,valid,True,False,os15-c000193,"[""os15-c000493"",""os15-c000223"",""os15-c000410"",""os15-c000372"",""os15-c000193""]",5,False,False,0.2,92114,results/owasp-sqli-v15-1-confirmatory-final/owasp-sqli-v15-1-confirmatory-20260823T131208Z/raw/ranking-rows/sequence-1253__local_qwen__os15-s0102__trial-4.json,[]
1254,local_qwen,os15-s0102,5,positive,valid,True,False,os15-c000193,"[""os15-c000493"",""os15-c000223"",""os15-c000410"",""os15-c000372"",""os15-c000193""]",5,False,False,0.2,85693,results/owasp-sqli-v15-1-confirmatory-final/owasp-sqli-v15-1-confirmatory-20260823T131208Z/raw/ranking-rows/sequence-1254__local_qwen__os15-s0102__trial-5.json,[]
1255,local_qwen,os15-s0103,1,positive,valid,True,False,os15-c000357,"[""os15-c000455"",""os15-c000087"",""os15-c000357"",""os15-c000192"",""os15-c000336""]",3,False,True,0.333333,89888,results/owasp-sqli-v15-1-confirmatory-final/owasp-sqli-v15-1-confirmatory-20260823T131208Z/raw/ranking-rows/sequence-1255__local_qwen__os15-s0103__trial-1.json,[]
1256,local_qwen,os15-s0103,2,positive,valid,True,False,os15-c000357,"[""os15-c000455"",""os15-c000087"",""os15-c000357"",""os15-c000192"",""os15-c000336""]",3,False,True,0.333333,92140,results/owasp-sqli-v15-1-confirmatory-final/owasp-sqli-v15-1-confirmatory-20260823T131208Z/raw/ranking-rows/sequence-1256__local_qwen__os15-s0103__trial-2.json,[]
1257,local_qwen,os15-s0103,3,positive,valid,True,False,os15-c000357,"[""os15-c000455"",""os15-c000087"",""os15-c000357"",""os15-c000192"",""os15-c000336""]",3,False,True,0.333333,89269,results/owasp-sqli-v15-1-confirmatory-final/owasp-sqli-v15-1-confirmatory-20260823T131208Z/raw/ranking-rows/sequence-1257__local_qwen__os15-s0103__trial-3.json,[]
1258,local_qwen,os15-s0103,4,positive,valid,True,False,os15-c000357,"[""os15-c000455"",""os15-c000087"",""os15-c000357"",""os15-c000192"",""os15-c000336""]",3,False,True,0.333333,90901,results/owasp-sqli-v15-1-confirmatory-final/owasp-sqli-v15-1-confirmatory-20260823T131208Z/raw/ranking-rows/sequence-1258__local_qwen__os15-s0103__trial-4.json,[]
1259,local_qwen,os15-s0103,5,positive,valid,True,False,os15-c000357,"[""os15-c000455"",""os15-c000087"",""os15-c000357"",""os15-c000192"",""os15-c000336""]",3,False,True,0.333333,100707,results/owasp-sqli-v15-1-confirmatory-final/owasp-sqli-v15-1-confirmatory-20260823T131208Z/raw/ranking-rows/sequence-1259__local_qwen__os15-s0103__trial-5.json,[]
1260,local_qwen,os15-s0104,1,positive,valid,True,False,os15-c000109,"[""os15-c000323"",""os15-c000216"",""os15-c000337"",""os15-c000109"",""os15-c000151""]",4,False,True,0.25,92752,results/owasp-sqli-v15-1-confirmatory-final/owasp-sqli-v15-1-confirmatory-20260823T131208Z/raw/ranking-rows/sequence-1260__local_qwen__os15-s0104__trial-1.json,[]
1261,local_qwen,os15-s0104,2,positive,valid,True,False,os15-c000109,"[""os15-c000323"",""os15-c000216"",""os15-c000337"",""os15-c000109"",""os15-c000151""]",4,False,True,0.25,92334,results/owasp-sqli-v15-1-confirmatory-final/owasp-sqli-v15-1-confirmatory-20260823T131208Z/raw/ranking-rows/sequence-1261__local_qwen__os15-s0104__trial-2.json,[]
1262,local_qwen,os15-s0104,3,positive,valid,True,False,os15-c000109,"[""os15-c000323"",""os15-c000216"",""os15-c000337"",""os15-c000109"",""os15-c000151""]",4,False,True,0.25,90396,results/owasp-sqli-v15-1-confirmatory-final/owasp-sqli-v15-1-confirmatory-20260823T131208Z/raw/ranking-rows/sequence-1262__local_qwen__os15-s0104__trial-3.json,[]
1263,local_qwen,os15-s0104,4,positive,valid,True,False,os15-c000109,"[""os15-c000323"",""os15-c000216"",""os15-c000337"",""os15-c000109"",""os15-c000151""]",4,False,True,0.25,91047,results/owasp-sqli-v15-1-confirmatory-final/owasp-sqli-v15-1-confirmatory-20260823T131208Z/raw/ranking-rows/sequence-1263__local_qwen__os15-s0104__trial-4.json,[]
1264,local_qwen,os15-s0104,5,positive,valid,True,False,os15-c000109,"[""os15-c000323"",""os15-c000216"",""os15-c000337"",""os15-c000109"",""os15-c000151""]",4,False,True,0.25,89807,results/owasp-sqli-v15-1-confirmatory-final/owasp-sqli-v15-1-confirmatory-20260823T131208Z/raw/ranking-rows/sequence-1264__local_qwen__os15-s0104__trial-5.json,[]
1265,local_qwen,os15-s0105,1,positive,valid,True,False,os15-c000179,"[""os15-c000154"",""os15-c000308"",""os15-c000388"",""os15-c000131"",""os15-c000179""]",5,False,False,0.2,96948,results/owasp-sqli-v15-1-confirmatory-final/owasp-sqli-v15-1-confirmatory-20260823T131208Z/raw/ranking-rows/sequence-1265__local_qwen__os15-s0105__trial-1.json,[]
1266,local_qwen,os15-s0105,2,positive,valid,True,False,os15-c000179,"[""os15-c000154"",""os15-c000308"",""os15-c000388"",""os15-c000131"",""os15-c000179""]",5,False,False,0.2,100098,results/owasp-sqli-v15-1-confirmatory-final/owasp-sqli-v15-1-confirmatory-20260823T131208Z/raw/ranking-rows/sequence-1266__local_qwen__os15-s0105__trial-2.json,[]
1267,local_qwen,os15-s0105,3,positive,valid,True,False,os15-c000179,"[""os15-c000154"",""os15-c000308"",""os15-c000388"",""os15-c000131"",""os15-c000179""]",5,False,False,0.2,94153,results/owasp-sqli-v15-1-confirmatory-final/owasp-sqli-v15-1-confirmatory-20260823T131208Z/raw/ranking-rows/sequence-1267__local_qwen__os15-s0105__trial-3.json,[]
1268,local_qwen,os15-s0105,4,positive,valid,True,False,os15-c000179,"[""os15-c000154"",""os15-c000308"",""os15-c000388"",""os15-c000131"",""os15-c000179""]",5,False,False,0.2,96076,results/owasp-sqli-v15-1-confirmatory-final/owasp-sqli-v15-1-confirmatory-20260823T131208Z/raw/ranking-rows/sequence-1268__local_qwen__os15-s0105__trial-4.json,[]
1269,local_qwen,os15-s0105,5,positive,valid,True,False,os15-c000179,"[""os15-c000154"",""os15-c000308"",""os15-c000388"",""os15-c000131"",""os15-c000179""]",5,False,False,0.2,97050,results/owasp-sqli-v15-1-confirmatory-final/owasp-sqli-v15-1-confirmatory-20260823T131208Z/raw/ranking-rows/sequence-1269__local_qwen__os15-s0105__trial-5.json,[]
1270,local_qwen,os15-s0106,1,negative_only,valid,True,False,not_applicable,"[""os15-c000236"",""os15-c000112"",""os15-c000152"",""os15-c000293"",""os15-c000452""]",not_applicable,not_applicable,not_applicable,not_applicable,92103,results/owasp-sqli-v15-1-confirmatory-final/owasp-sqli-v15-1-confirmatory-20260823T131208Z/raw/ranking-rows/sequence-1270__local_qwen__os15-s0106__trial-1.json,[]
1271,local_qwen,os15-s0106,2,negative_only,valid,True,False,not_applicable,"[""os15-c000236"",""os15-c000112"",""os15-c000152"",""os15-c000293"",""os15-c000452""]",not_applicable,not_applicable,not_applicable,not_applicable,92359,results/owasp-sqli-v15-1-confirmatory-final/owasp-sqli-v15-1-confirmatory-20260823T131208Z/raw/ranking-rows/sequence-1271__local_qwen__os15-s0106__trial-2.json,[]
1272,local_qwen,os15-s0106,3,negative_only,valid,True,False,not_applicable,"[""os15-c000236"",""os15-c000112"",""os15-c000152"",""os15-c000293"",""os15-c000452""]",not_applicable,not_applicable,not_applicable,not_applicable,93273,results/owasp-sqli-v15-1-confirmatory-final/owasp-sqli-v15-1-confirmatory-20260823T131208Z/raw/ranking-rows/sequence-1272__local_qwen__os15-s0106__trial-3.json,[]
1273,local_qwen,os15-s0106,4,negative_only,valid,True,False,not_applicable,"[""os15-c000236"",""os15-c000112"",""os15-c000152"",""os15-c000293"",""os15-c000452""]",not_applicable,not_applicable,not_applicable,not_applicable,91231,results/owasp-sqli-v15-1-confirmatory-final/owasp-sqli-v15-1-confirmatory-20260823T131208Z/raw/ranking-rows/sequence-1273__local_qwen__os15-s0106__trial-4.json,[]
1274,local_qwen,os15-s0106,5,negative_only,valid,True,False,not_applicable,"[""os15-c000236"",""os15-c000112"",""os15-c000152"",""os15-c000293"",""os15-c000452""]",not_applicable,not_applicable,not_applicable,not_applicable,91668,results/owasp-sqli-v15-1-confirmatory-final/owasp-sqli-v15-1-confirmatory-20260823T131208Z/raw/ranking-rows/sequence-1274__local_qwen__os15-s0106__trial-5.json,[]
1275,local_qwen,os15-s0107,1,negative_only,valid,True,False,not_applicable,"[""os15-c000481"",""os15-c000084"",""os15-c000432"",""os15-c000203"",""os15-c000362""]",not_applicable,not_applicable,not_applicable,not_applicable,92718,results/owasp-sqli-v15-1-confirmatory-final/owasp-sqli-v15-1-confirmatory-20260823T131208Z/raw/ranking-rows/sequence-1275__local_qwen__os15-s0107__trial-1.json,[]
1276,local_qwen,os15-s0107,2,negative_only,valid,True,False,not_applicable,"[""os15-c000481"",""os15-c000084"",""os15-c000432"",""os15-c000203"",""os15-c000362""]",not_applicable,not_applicable,not_applicable,not_applicable,93194,results/owasp-sqli-v15-1-confirmatory-final/owasp-sqli-v15-1-confirmatory-20260823T131208Z/raw/ranking-rows/sequence-1276__local_qwen__os15-s0107__trial-2.json,[]
1277,local_qwen,os15-s0107,3,negative_only,valid,True,False,not_applicable,"[""os15-c000481"",""os15-c000084"",""os15-c000432"",""os15-c000203"",""os15-c000362""]",not_applicable,not_applicable,not_applicable,not_applicable,91222,results/owasp-sqli-v15-1-confirmatory-final/owasp-sqli-v15-1-confirmatory-20260823T131208Z/raw/ranking-rows/sequence-1277__local_qwen__os15-s0107__trial-3.json,[]
1278,local_qwen,os15-s0107,4,negative_only,valid,True,False,not_applicable,"[""os15-c000481"",""os15-c000084"",""os15-c000432"",""os15-c000203"",""os15-c000362""]",not_applicable,not_applicable,not_applicable,not_applicable,97222,results/owasp-sqli-v15-1-confirmatory-final/owasp-sqli-v15-1-confirmatory-20260823T131208Z/raw/ranking-rows/sequence-1278__local_qwen__os15-s0107__trial-4.json,[]
1279,local_qwen,os15-s0107,5,negative_only,valid,True,False,not_applicable,"[""os15-c000481"",""os15-c000084"",""os15-c000432"",""os15-c000203"",""os15-c000362""]",not_applicable,not_applicable,not_applicable,not_applicable,92492,results/owasp-sqli-v15-1-confirmatory-final/owasp-sqli-v15-1-confirmatory-20260823T131208Z/raw/ranking-rows/sequence-1279__local_qwen__os15-s0107__trial-5.json,[]
1280,local_qwen,os15-s0108,1,negative_only,valid,True,False,not_applicable,"[""os15-c000503"",""os15-c000153"",""os15-c000162"",""os15-c000064"",""os15-c000020""]",not_applicable,not_applicable,not_applicable,not_applicable,94557,results/owasp-sqli-v15-1-confirmatory-final/owasp-sqli-v15-1-confirmatory-20260823T131208Z/raw/ranking-rows/sequence-1280__local_qwen__os15-s0108__trial-1.json,[]
1281,local_qwen,os15-s0108,2,negative_only,valid,True,False,not_applicable,"[""os15-c000503"",""os15-c000153"",""os15-c000162"",""os15-c000064"",""os15-c000020""]",not_applicable,not_applicable,not_applicable,not_applicable,97334,results/owasp-sqli-v15-1-confirmatory-final/owasp-sqli-v15-1-confirmatory-20260823T131208Z/raw/ranking-rows/sequence-1281__local_qwen__os15-s0108__trial-2.json,[]
1282,local_qwen,os15-s0108,3,negative_only,valid,True,False,not_applicable,"[""os15-c000503"",""os15-c000153"",""os15-c000162"",""os15-c000064"",""os15-c000020""]",not_applicable,not_applicable,not_applicable,not_applicable,93351,results/owasp-sqli-v15-1-confirmatory-final/owasp-sqli-v15-1-confirmatory-20260823T131208Z/raw/ranking-rows/sequence-1282__local_qwen__os15-s0108__trial-3.json,[]
1283,local_qwen,os15-s0108,4,negative_only,valid,True,False,not_applicable,"[""os15-c000503"",""os15-c000153"",""os15-c000162"",""os15-c000064"",""os15-c000020""]",not_applicable,not_applicable,not_applicable,not_applicable,77962,results/owasp-sqli-v15-1-confirmatory-final/owasp-sqli-v15-1-confirmatory-20260823T131208Z/raw/ranking-rows/sequence-1283__local_qwen__os15-s0108__trial-4.json,[]
1284,local_qwen,os15-s0108,5,negative_only,valid,True,False,not_applicable,"[""os15-c000503"",""os15-c000153"",""os15-c000162"",""os15-c000064"",""os15-c000020""]",not_applicable,not_applicable,not_applicable,not_applicable,68233,results/owasp-sqli-v15-1-confirmatory-final/owasp-sqli-v15-1-confirmatory-20260823T131208Z/raw/ranking-rows/sequence-1284__local_qwen__os15-s0108__trial-5.json,[]
1285,local_qwen,os15-s0109,1,negative_only,valid,True,False,not_applicable,"[""os15-c000074"",""os15-c000373"",""os15-c000111"",""os15-c000093"",""os15-c000051""]",not_applicable,not_applicable,not_applicable,not_applicable,71951,results/owasp-sqli-v15-1-confirmatory-final/owasp-sqli-v15-1-confirmatory-20260823T131208Z/raw/ranking-rows/sequence-1285__local_qwen__os15-s0109__trial-1.json,[]
1286,local_qwen,os15-s0109,2,negative_only,valid,True,False,not_applicable,"[""os15-c000074"",""os15-c000373"",""os15-c000111"",""os15-c000093"",""os15-c000051""]",not_applicable,not_applicable,not_applicable,not_applicable,66139,results/owasp-sqli-v15-1-confirmatory-final/owasp-sqli-v15-1-confirmatory-20260823T131208Z/raw/ranking-rows/sequence-1286__local_qwen__os15-s0109__trial-2.json,[]
1287,local_qwen,os15-s0109,3,negative_only,valid,True,False,not_applicable,"[""os15-c000074"",""os15-c000373"",""os15-c000111"",""os15-c000093"",""os15-c000051""]",not_applicable,not_applicable,not_applicable,not_applicable,64381,results/owasp-sqli-v15-1-confirmatory-final/owasp-sqli-v15-1-confirmatory-20260823T131208Z/raw/ranking-rows/sequence-1287__local_qwen__os15-s0109__trial-3.json,[]
1288,local_qwen,os15-s0109,4,negative_only,valid,True,False,not_applicable,"[""os15-c000074"",""os15-c000373"",""os15-c000111"",""os15-c000093"",""os15-c000051""]",not_applicable,not_applicable,not_applicable,not_applicable,64704,results/owasp-sqli-v15-1-confirmatory-final/owasp-sqli-v15-1-confirmatory-20260823T131208Z/raw/ranking-rows/sequence-1288__local_qwen__os15-s0109__trial-4.json,[]
1289,local_qwen,os15-s0109,5,negative_only,valid,True,False,not_applicable,"[""os15-c000074"",""os15-c000373"",""os15-c000111"",""os15-c000093"",""os15-c000051""]",not_applicable,not_applicable,not_applicable,not_applicable,64727,results/owasp-sqli-v15-1-confirmatory-final/owasp-sqli-v15-1-confirmatory-20260823T131208Z/raw/ranking-rows/sequence-1289__local_qwen__os15-s0109__trial-5.json,[]
1290,local_qwen,os15-s0110,1,negative_only,valid,True,False,not_applicable,"[""os15-c000493"",""os15-c000466"",""os15-c000083"",""os15-c000358"",""os15-c000329""]",not_applicable,not_applicable,not_applicable,not_applicable,78638,results/owasp-sqli-v15-1-confirmatory-final/owasp-sqli-v15-1-confirmatory-20260823T131208Z/raw/ranking-rows/sequence-1290__local_qwen__os15-s0110__trial-1.json,[]
1291,local_qwen,os15-s0110,2,negative_only,valid,True,False,not_applicable,"[""os15-c000493"",""os15-c000466"",""os15-c000083"",""os15-c000358"",""os15-c000329""]",not_applicable,not_applicable,not_applicable,not_applicable,79693,results/owasp-sqli-v15-1-confirmatory-final/owasp-sqli-v15-1-confirmatory-20260823T131208Z/raw/ranking-rows/sequence-1291__local_qwen__os15-s0110__trial-2.json,[]
1292,local_qwen,os15-s0110,3,negative_only,valid,True,False,not_applicable,"[""os15-c000493"",""os15-c000466"",""os15-c000083"",""os15-c000358"",""os15-c000329""]",not_applicable,not_applicable,not_applicable,not_applicable,79784,results/owasp-sqli-v15-1-confirmatory-final/owasp-sqli-v15-1-confirmatory-20260823T131208Z/raw/ranking-rows/sequence-1292__local_qwen__os15-s0110__trial-3.json,[]
1293,local_qwen,os15-s0110,4,negative_only,valid,True,False,not_applicable,"[""os15-c000493"",""os15-c000466"",""os15-c000083"",""os15-c000358"",""os15-c000329""]",not_applicable,not_applicable,not_applicable,not_applicable,90546,results/owasp-sqli-v15-1-confirmatory-final/owasp-sqli-v15-1-confirmatory-20260823T131208Z/raw/ranking-rows/sequence-1293__local_qwen__os15-s0110__trial-4.json,[]
1294,local_qwen,os15-s0110,5,negative_only,valid,True,False,not_applicable,"[""os15-c000493"",""os15-c000466"",""os15-c000083"",""os15-c000358"",""os15-c000329""]",not_applicable,not_applicable,not_applicable,not_applicable,90153,results/owasp-sqli-v15-1-confirmatory-final/owasp-sqli-v15-1-confirmatory-20260823T131208Z/raw/ranking-rows/sequence-1294__local_qwen__os15-s0110__trial-5.json,[]
1295,local_qwen,os15-s0111,1,negative_only,valid,True,False,not_applicable,"[""os15-c000410"",""os15-c000223"",""os15-c000087"",""os15-c000372"",""os15-c000336""]",not_applicable,not_applicable,not_applicable,not_applicable,77678,results/owasp-sqli-v15-1-confirmatory-final/owasp-sqli-v15-1-confirmatory-20260823T131208Z/raw/ranking-rows/sequence-1295__local_qwen__os15-s0111__trial-1.json,[]
1296,local_qwen,os15-s0111,2,negative_only,valid,True,False,not_applicable,"[""os15-c000410"",""os15-c000223"",""os15-c000087"",""os15-c000372"",""os15-c000336""]",not_applicable,not_applicable,not_applicable,not_applicable,65241,results/owasp-sqli-v15-1-confirmatory-final/owasp-sqli-v15-1-confirmatory-20260823T131208Z/raw/ranking-rows/sequence-1296__local_qwen__os15-s0111__trial-2.json,[]
1297,local_qwen,os15-s0111,3,negative_only,valid,True,False,not_applicable,"[""os15-c000410"",""os15-c000223"",""os15-c000087"",""os15-c000372"",""os15-c000336""]",not_applicable,not_applicable,not_applicable,not_applicable,62927,results/owasp-sqli-v15-1-confirmatory-final/owasp-sqli-v15-1-confirmatory-20260823T131208Z/raw/ranking-rows/sequence-1297__local_qwen__os15-s0111__trial-3.json,[]
1298,local_qwen,os15-s0111,4,negative_only,valid,True,False,not_applicable,"[""os15-c000410"",""os15-c000223"",""os15-c000087"",""os15-c000372"",""os15-c000336""]",not_applicable,not_applicable,not_applicable,not_applicable,63436,results/owasp-sqli-v15-1-confirmatory-final/owasp-sqli-v15-1-confirmatory-20260823T131208Z/raw/ranking-rows/sequence-1298__local_qwen__os15-s0111__trial-4.json,[]
1299,local_qwen,os15-s0111,5,negative_only,valid,True,False,not_applicable,"[""os15-c000410"",""os15-c000223"",""os15-c000087"",""os15-c000372"",""os15-c000336""]",not_applicable,not_applicable,not_applicable,not_applicable,64448,results/owasp-sqli-v15-1-confirmatory-final/owasp-sqli-v15-1-confirmatory-20260823T131208Z/raw/ranking-rows/sequence-1299__local_qwen__os15-s0111__trial-5.json,[]
1300,local_qwen,os15-s0112,1,negative_only,valid,True,False,not_applicable,"[""os15-c000455"",""os15-c000216"",""os15-c000192"",""os15-c000337"",""os15-c000151""]",not_applicable,not_applicable,not_applicable,not_applicable,68582,results/owasp-sqli-v15-1-confirmatory-final/owasp-sqli-v15-1-confirmatory-20260823T131208Z/raw/ranking-rows/sequence-1300__local_qwen__os15-s0112__trial-1.json,[]
1301,local_qwen,os15-s0112,2,negative_only,valid,True,False,not_applicable,"[""os15-c000455"",""os15-c000216"",""os15-c000192"",""os15-c000337"",""os15-c000151""]",not_applicable,not_applicable,not_applicable,not_applicable,67058,results/owasp-sqli-v15-1-confirmatory-final/owasp-sqli-v15-1-confirmatory-20260823T131208Z/raw/ranking-rows/sequence-1301__local_qwen__os15-s0112__trial-2.json,[]
1302,local_qwen,os15-s0112,3,negative_only,valid,True,False,not_applicable,"[""os15-c000455"",""os15-c000216"",""os15-c000192"",""os15-c000337"",""os15-c000151""]",not_applicable,not_applicable,not_applicable,not_applicable,74015,results/owasp-sqli-v15-1-confirmatory-final/owasp-sqli-v15-1-confirmatory-20260823T131208Z/raw/ranking-rows/sequence-1302__local_qwen__os15-s0112__trial-3.json,[]
1303,local_qwen,os15-s0112,4,negative_only,valid,True,False,not_applicable,"[""os15-c000455"",""os15-c000216"",""os15-c000192"",""os15-c000337"",""os15-c000151""]",not_applicable,not_applicable,not_applicable,not_applicable,71162,results/owasp-sqli-v15-1-confirmatory-final/owasp-sqli-v15-1-confirmatory-20260823T131208Z/raw/ranking-rows/sequence-1303__local_qwen__os15-s0112__trial-4.json,[]
1304,local_qwen,os15-s0112,5,negative_only,valid,True,False,not_applicable,"[""os15-c000455"",""os15-c000216"",""os15-c000192"",""os15-c000337"",""os15-c000151""]",not_applicable,not_applicable,not_applicable,not_applicable,80442,results/owasp-sqli-v15-1-confirmatory-final/owasp-sqli-v15-1-confirmatory-20260823T131208Z/raw/ranking-rows/sequence-1304__local_qwen__os15-s0112__trial-5.json,[]
1305,local_qwen,os15-s0113,1,negative_only,valid,True,False,not_applicable,"[""os15-c000154"",""os15-c000323"",""os15-c000388"",""os15-c000308"",""os15-c000131""]",not_applicable,not_applicable,not_applicable,not_applicable,69912,results/owasp-sqli-v15-1-confirmatory-final/owasp-sqli-v15-1-confirmatory-20260823T131208Z/raw/ranking-rows/sequence-1305__local_qwen__os15-s0113__trial-1.json,[]
1306,local_qwen,os15-s0113,2,negative_only,valid,True,False,not_applicable,"[""os15-c000154"",""os15-c000323"",""os15-c000388"",""os15-c000308"",""os15-c000131""]",not_applicable,not_applicable,not_applicable,not_applicable,66687,results/owasp-sqli-v15-1-confirmatory-final/owasp-sqli-v15-1-confirmatory-20260823T131208Z/raw/ranking-rows/sequence-1306__local_qwen__os15-s0113__trial-2.json,[]
1307,local_qwen,os15-s0113,3,negative_only,valid,True,False,not_applicable,"[""os15-c000154"",""os15-c000323"",""os15-c000388"",""os15-c000308"",""os15-c000131""]",not_applicable,not_applicable,not_applicable,not_applicable,66782,results/owasp-sqli-v15-1-confirmatory-final/owasp-sqli-v15-1-confirmatory-20260823T131208Z/raw/ranking-rows/sequence-1307__local_qwen__os15-s0113__trial-3.json,[]
1308,local_qwen,os15-s0113,4,negative_only,valid,True,False,not_applicable,"[""os15-c000154"",""os15-c000323"",""os15-c000388"",""os15-c000308"",""os15-c000131""]",not_applicable,not_applicable,not_applicable,not_applicable,67430,results/owasp-sqli-v15-1-confirmatory-final/owasp-sqli-v15-1-confirmatory-20260823T131208Z/raw/ranking-rows/sequence-1308__local_qwen__os15-s0113__trial-4.json,[]
1309,local_qwen,os15-s0113,5,negative_only,valid,True,False,not_applicable,"[""os15-c000154"",""os15-c000323"",""os15-c000388"",""os15-c000308"",""os15-c000131""]",not_applicable,not_applicable,not_applicable,not_applicable,68469,results/owasp-sqli-v15-1-confirmatory-final/owasp-sqli-v15-1-confirmatory-20260823T131208Z/raw/ranking-rows/sequence-1309__local_qwen__os15-s0113__trial-5.json,[]
1310,local_qwen,os15-s0114,1,negative_only,valid,True,False,not_applicable,"[""os15-c000501"",""os15-c000469"",""os15-c000427"",""os15-c000116"",""os15-c000073""]",not_applicable,not_applicable,not_applicable,not_applicable,67606,results/owasp-sqli-v15-1-confirmatory-final/owasp-sqli-v15-1-confirmatory-20260823T131208Z/raw/ranking-rows/sequence-1310__local_qwen__os15-s0114__trial-1.json,[]
1311,local_qwen,os15-s0114,2,negative_only,valid,True,False,not_applicable,"[""os15-c000501"",""os15-c000469"",""os15-c000427"",""os15-c000116"",""os15-c000073""]",not_applicable,not_applicable,not_applicable,not_applicable,70149,results/owasp-sqli-v15-1-confirmatory-final/owasp-sqli-v15-1-confirmatory-20260823T131208Z/raw/ranking-rows/sequence-1311__local_qwen__os15-s0114__trial-2.json,[]
1312,local_qwen,os15-s0114,3,negative_only,valid,True,False,not_applicable,"[""os15-c000501"",""os15-c000469"",""os15-c000427"",""os15-c000116"",""os15-c000073""]",not_applicable,not_applicable,not_applicable,not_applicable,70237,results/owasp-sqli-v15-1-confirmatory-final/owasp-sqli-v15-1-confirmatory-20260823T131208Z/raw/ranking-rows/sequence-1312__local_qwen__os15-s0114__trial-3.json,[]
1313,local_qwen,os15-s0114,4,negative_only,valid,True,False,not_applicable,"[""os15-c000501"",""os15-c000469"",""os15-c000427"",""os15-c000116"",""os15-c000073""]",not_applicable,not_applicable,not_applicable,not_applicable,64694,results/owasp-sqli-v15-1-confirmatory-final/owasp-sqli-v15-1-confirmatory-20260823T131208Z/raw/ranking-rows/sequence-1313__local_qwen__os15-s0114__trial-4.json,[]
1314,local_qwen,os15-s0114,5,negative_only,valid,True,False,not_applicable,"[""os15-c000501"",""os15-c000469"",""os15-c000427"",""os15-c000116"",""os15-c000073""]",not_applicable,not_applicable,not_applicable,not_applicable,65934,results/owasp-sqli-v15-1-confirmatory-final/owasp-sqli-v15-1-confirmatory-20260823T131208Z/raw/ranking-rows/sequence-1314__local_qwen__os15-s0114__trial-5.json,[]
1315,local_qwen,os15-s0115,1,negative_only,valid,True,False,not_applicable,"[""os15-c000492"",""os15-c000103"",""os15-c000243"",""os15-c000067"",""os15-c000331""]",not_applicable,not_applicable,not_applicable,not_applicable,65536,results/owasp-sqli-v15-1-confirmatory-final/owasp-sqli-v15-1-confirmatory-20260823T131208Z/raw/ranking-rows/sequence-1315__local_qwen__os15-s0115__trial-1.json,[]
1316,local_qwen,os15-s0115,2,negative_only,valid,True,False,not_applicable,"[""os15-c000492"",""os15-c000103"",""os15-c000243"",""os15-c000067"",""os15-c000331""]",not_applicable,not_applicable,not_applicable,not_applicable,95736,results/owasp-sqli-v15-1-confirmatory-final/owasp-sqli-v15-1-confirmatory-20260823T131208Z/raw/ranking-rows/sequence-1316__local_qwen__os15-s0115__trial-2.json,[]
1317,local_qwen,os15-s0115,3,negative_only,valid,True,False,not_applicable,"[""os15-c000492"",""os15-c000103"",""os15-c000243"",""os15-c000067"",""os15-c000331""]",not_applicable,not_applicable,not_applicable,not_applicable,74772,results/owasp-sqli-v15-1-confirmatory-final/owasp-sqli-v15-1-confirmatory-20260823T131208Z/raw/ranking-rows/sequence-1317__local_qwen__os15-s0115__trial-3.json,[]
1318,local_qwen,os15-s0115,4,negative_only,valid,True,False,not_applicable,"[""os15-c000492"",""os15-c000103"",""os15-c000243"",""os15-c000067"",""os15-c000331""]",not_applicable,not_applicable,not_applicable,not_applicable,67375,results/owasp-sqli-v15-1-confirmatory-final/owasp-sqli-v15-1-confirmatory-20260823T131208Z/raw/ranking-rows/sequence-1318__local_qwen__os15-s0115__trial-4.json,[]
1319,local_qwen,os15-s0115,5,negative_only,valid,True,False,not_applicable,"[""os15-c000492"",""os15-c000103"",""os15-c000243"",""os15-c000067"",""os15-c000331""]",not_applicable,not_applicable,not_applicable,not_applicable,68807,results/owasp-sqli-v15-1-confirmatory-final/owasp-sqli-v15-1-confirmatory-20260823T131208Z/raw/ranking-rows/sequence-1319__local_qwen__os15-s0115__trial-5.json,[]
1320,local_qwen,os15-s0116,1,negative_only,valid,True,False,not_applicable,"[""os15-c000464"",""os15-c000384"",""os15-c000305"",""os15-c000261"",""os15-c000396""]",not_applicable,not_applicable,not_applicable,not_applicable,72033,results/owasp-sqli-v15-1-confirmatory-final/owasp-sqli-v15-1-confirmatory-20260823T131208Z/raw/ranking-rows/sequence-1320__local_qwen__os15-s0116__trial-1.json,[]
1321,local_qwen,os15-s0116,2,negative_only,valid,True,False,not_applicable,"[""os15-c000464"",""os15-c000384"",""os15-c000305"",""os15-c000261"",""os15-c000396""]",not_applicable,not_applicable,not_applicable,not_applicable,69178,results/owasp-sqli-v15-1-confirmatory-final/owasp-sqli-v15-1-confirmatory-20260823T131208Z/raw/ranking-rows/sequence-1321__local_qwen__os15-s0116__trial-2.json,[]
1322,local_qwen,os15-s0116,3,negative_only,valid,True,False,not_applicable,"[""os15-c000464"",""os15-c000384"",""os15-c000305"",""os15-c000261"",""os15-c000396""]",not_applicable,not_applicable,not_applicable,not_applicable,67260,results/owasp-sqli-v15-1-confirmatory-final/owasp-sqli-v15-1-confirmatory-20260823T131208Z/raw/ranking-rows/sequence-1322__local_qwen__os15-s0116__trial-3.json,[]
1323,local_qwen,os15-s0116,4,negative_only,valid,True,False,not_applicable,"[""os15-c000464"",""os15-c000384"",""os15-c000305"",""os15-c000261"",""os15-c000396""]",not_applicable,not_applicable,not_applicable,not_applicable,66221,results/owasp-sqli-v15-1-confirmatory-final/owasp-sqli-v15-1-confirmatory-20260823T131208Z/raw/ranking-rows/sequence-1323__local_qwen__os15-s0116__trial-4.json,[]
1324,local_qwen,os15-s0116,5,negative_only,valid,True,False,not_applicable,"[""os15-c000464"",""os15-c000384"",""os15-c000305"",""os15-c000261"",""os15-c000396""]",not_applicable,not_applicable,not_applicable,not_applicable,66210,results/owasp-sqli-v15-1-confirmatory-final/owasp-sqli-v15-1-confirmatory-20260823T131208Z/raw/ranking-rows/sequence-1324__local_qwen__os15-s0116__trial-5.json,[]
1325,local_qwen,os15-s0117,1,negative_only,valid,True,False,not_applicable,"[""os15-c000408"",""os15-c000485"",""os15-c000110"",""os15-c000163"",""os15-c000195""]",not_applicable,not_applicable,not_applicable,not_applicable,65302,results/owasp-sqli-v15-1-confirmatory-final/owasp-sqli-v15-1-confirmatory-20260823T131208Z/raw/ranking-rows/sequence-1325__local_qwen__os15-s0117__trial-1.json,[]
1326,local_qwen,os15-s0117,2,negative_only,valid,True,False,not_applicable,"[""os15-c000408"",""os15-c000485"",""os15-c000110"",""os15-c000163"",""os15-c000195""]",not_applicable,not_applicable,not_applicable,not_applicable,68890,results/owasp-sqli-v15-1-confirmatory-final/owasp-sqli-v15-1-confirmatory-20260823T131208Z/raw/ranking-rows/sequence-1326__local_qwen__os15-s0117__trial-2.json,[]
1327,local_qwen,os15-s0117,3,negative_only,valid,True,False,not_applicable,"[""os15-c000408"",""os15-c000485"",""os15-c000110"",""os15-c000163"",""os15-c000195""]",not_applicable,not_applicable,not_applicable,not_applicable,68965,results/owasp-sqli-v15-1-confirmatory-final/owasp-sqli-v15-1-confirmatory-20260823T131208Z/raw/ranking-rows/sequence-1327__local_qwen__os15-s0117__trial-3.json,[]
1328,local_qwen,os15-s0117,4,negative_only,valid,True,False,not_applicable,"[""os15-c000408"",""os15-c000485"",""os15-c000110"",""os15-c000163"",""os15-c000195""]",not_applicable,not_applicable,not_applicable,not_applicable,103446,results/owasp-sqli-v15-1-confirmatory-final/owasp-sqli-v15-1-confirmatory-20260823T131208Z/raw/ranking-rows/sequence-1328__local_qwen__os15-s0117__trial-4.json,[]
1329,local_qwen,os15-s0117,5,negative_only,valid,True,False,not_applicable,"[""os15-c000408"",""os15-c000485"",""os15-c000110"",""os15-c000163"",""os15-c000195""]",not_applicable,not_applicable,not_applicable,not_applicable,74136,results/owasp-sqli-v15-1-confirmatory-final/owasp-sqli-v15-1-confirmatory-20260823T131208Z/raw/ranking-rows/sequence-1329__local_qwen__os15-s0117__trial-5.json,[]
1330,local_qwen,os15-s0118,1,negative_only,valid,True,False,not_applicable,"[""os15-c000414"",""os15-c000284"",""os15-c000325"",""os15-c000392"",""os15-c000351""]",not_applicable,not_applicable,not_applicable,not_applicable,76533,results/owasp-sqli-v15-1-confirmatory-final/owasp-sqli-v15-1-confirmatory-20260823T131208Z/raw/ranking-rows/sequence-1330__local_qwen__os15-s0118__trial-1.json,[]
1331,local_qwen,os15-s0118,2,negative_only,valid,True,False,not_applicable,"[""os15-c000414"",""os15-c000284"",""os15-c000325"",""os15-c000392"",""os15-c000351""]",not_applicable,not_applicable,not_applicable,not_applicable,74108,results/owasp-sqli-v15-1-confirmatory-final/owasp-sqli-v15-1-confirmatory-20260823T131208Z/raw/ranking-rows/sequence-1331__local_qwen__os15-s0118__trial-2.json,[]
1332,local_qwen,os15-s0118,3,negative_only,valid,True,False,not_applicable,"[""os15-c000414"",""os15-c000284"",""os15-c000325"",""os15-c000392"",""os15-c000351""]",not_applicable,not_applicable,not_applicable,not_applicable,70566,results/owasp-sqli-v15-1-confirmatory-final/owasp-sqli-v15-1-confirmatory-20260823T131208Z/raw/ranking-rows/sequence-1332__local_qwen__os15-s0118__trial-3.json,[]
1333,local_qwen,os15-s0118,4,negative_only,valid,True,False,not_applicable,"[""os15-c000414"",""os15-c000284"",""os15-c000325"",""os15-c000392"",""os15-c000351""]",not_applicable,not_applicable,not_applicable,not_applicable,77759,results/owasp-sqli-v15-1-confirmatory-final/owasp-sqli-v15-1-confirmatory-20260823T131208Z/raw/ranking-rows/sequence-1333__local_qwen__os15-s0118__trial-4.json,[]
1334,local_qwen,os15-s0118,5,negative_only,valid,True,False,not_applicable,"[""os15-c000414"",""os15-c000284"",""os15-c000325"",""os15-c000392"",""os15-c000351""]",not_applicable,not_applicable,not_applicable,not_applicable,72935,results/owasp-sqli-v15-1-confirmatory-final/owasp-sqli-v15-1-confirmatory-20260823T131208Z/raw/ranking-rows/sequence-1334__local_qwen__os15-s0118__trial-5.json,[]
1335,local_qwen,os15-s0119,1,negative_only,valid,True,False,not_applicable,"[""os15-c000450"",""os15-c000135"",""os15-c000220"",""os15-c000210"",""os15-c000122""]",not_applicable,not_applicable,not_applicable,not_applicable,64620,results/owasp-sqli-v15-1-confirmatory-final/owasp-sqli-v15-1-confirmatory-20260823T131208Z/raw/ranking-rows/sequence-1335__local_qwen__os15-s0119__trial-1.json,[]
1336,local_qwen,os15-s0119,2,negative_only,valid,True,False,not_applicable,"[""os15-c000450"",""os15-c000135"",""os15-c000220"",""os15-c000210"",""os15-c000122""]",not_applicable,not_applicable,not_applicable,not_applicable,96437,results/owasp-sqli-v15-1-confirmatory-final/owasp-sqli-v15-1-confirmatory-20260823T131208Z/raw/ranking-rows/sequence-1336__local_qwen__os15-s0119__trial-2.json,[]
1337,local_qwen,os15-s0119,3,negative_only,valid,True,False,not_applicable,"[""os15-c000450"",""os15-c000135"",""os15-c000220"",""os15-c000210"",""os15-c000122""]",not_applicable,not_applicable,not_applicable,not_applicable,68480,results/owasp-sqli-v15-1-confirmatory-final/owasp-sqli-v15-1-confirmatory-20260823T131208Z/raw/ranking-rows/sequence-1337__local_qwen__os15-s0119__trial-3.json,[]
1338,local_qwen,os15-s0119,4,negative_only,valid,True,False,not_applicable,"[""os15-c000450"",""os15-c000135"",""os15-c000220"",""os15-c000210"",""os15-c000122""]",not_applicable,not_applicable,not_applicable,not_applicable,68744,results/owasp-sqli-v15-1-confirmatory-final/owasp-sqli-v15-1-confirmatory-20260823T131208Z/raw/ranking-rows/sequence-1338__local_qwen__os15-s0119__trial-4.json,[]
1339,local_qwen,os15-s0119,5,negative_only,valid,True,False,not_applicable,"[""os15-c000450"",""os15-c000135"",""os15-c000220"",""os15-c000210"",""os15-c000122""]",not_applicable,not_applicable,not_applicable,not_applicable,63957,results/owasp-sqli-v15-1-confirmatory-final/owasp-sqli-v15-1-confirmatory-20260823T131208Z/raw/ranking-rows/sequence-1339__local_qwen__os15-s0119__trial-5.json,[]
1340,local_qwen,os15-s0120,1,negative_only,valid,True,False,not_applicable,"[""os15-c000470"",""os15-c000426"",""os15-c000321"",""os15-c000312"",""os15-c000311""]",not_applicable,not_applicable,not_applicable,not_applicable,60596,results/owasp-sqli-v15-1-confirmatory-final/owasp-sqli-v15-1-confirmatory-20260823T131208Z/raw/ranking-rows/sequence-1340__local_qwen__os15-s0120__trial-1.json,[]
1341,local_qwen,os15-s0120,2,negative_only,valid,True,False,not_applicable,"[""os15-c000470"",""os15-c000426"",""os15-c000321"",""os15-c000312"",""os15-c000311""]",not_applicable,not_applicable,not_applicable,not_applicable,61192,results/owasp-sqli-v15-1-confirmatory-final/owasp-sqli-v15-1-confirmatory-20260823T131208Z/raw/ranking-rows/sequence-1341__local_qwen__os15-s0120__trial-2.json,[]
1342,local_qwen,os15-s0120,3,negative_only,valid,True,False,not_applicable,"[""os15-c000470"",""os15-c000426"",""os15-c000321"",""os15-c000312"",""os15-c000311""]",not_applicable,not_applicable,not_applicable,not_applicable,58116,results/owasp-sqli-v15-1-confirmatory-final/owasp-sqli-v15-1-confirmatory-20260823T131208Z/raw/ranking-rows/sequence-1342__local_qwen__os15-s0120__trial-3.json,[]
1343,local_qwen,os15-s0120,4,negative_only,valid,True,False,not_applicable,"[""os15-c000470"",""os15-c000426"",""os15-c000321"",""os15-c000312"",""os15-c000311""]",not_applicable,not_applicable,not_applicable,not_applicable,61167,results/owasp-sqli-v15-1-confirmatory-final/owasp-sqli-v15-1-confirmatory-20260823T131208Z/raw/ranking-rows/sequence-1343__local_qwen__os15-s0120__trial-4.json,[]
1344,local_qwen,os15-s0120,5,negative_only,valid,True,False,not_applicable,"[""os15-c000470"",""os15-c000426"",""os15-c000321"",""os15-c000312"",""os15-c000311""]",not_applicable,not_applicable,not_applicable,not_applicable,62961,results/owasp-sqli-v15-1-confirmatory-final/owasp-sqli-v15-1-confirmatory-20260823T131208Z/raw/ranking-rows/sequence-1344__local_qwen__os15-s0120__trial-5.json,[]
1345,local_qwen,os15-s0121,1,negative_only,valid,True,False,not_applicable,"[""os15-c000324"",""os15-c000491"",""os15-c000150"",""os15-c000063"",""os15-c000364""]",not_applicable,not_applicable,not_applicable,not_applicable,65053,results/owasp-sqli-v15-1-confirmatory-final/owasp-sqli-v15-1-confirmatory-20260823T131208Z/raw/ranking-rows/sequence-1345__local_qwen__os15-s0121__trial-1.json,[]
1346,local_qwen,os15-s0121,2,negative_only,valid,True,False,not_applicable,"[""os15-c000324"",""os15-c000491"",""os15-c000150"",""os15-c000063"",""os15-c000364""]",not_applicable,not_applicable,not_applicable,not_applicable,68230,results/owasp-sqli-v15-1-confirmatory-final/owasp-sqli-v15-1-confirmatory-20260823T131208Z/raw/ranking-rows/sequence-1346__local_qwen__os15-s0121__trial-2.json,[]
1347,local_qwen,os15-s0121,3,negative_only,valid,True,False,not_applicable,"[""os15-c000324"",""os15-c000491"",""os15-c000150"",""os15-c000063"",""os15-c000364""]",not_applicable,not_applicable,not_applicable,not_applicable,73756,results/owasp-sqli-v15-1-confirmatory-final/owasp-sqli-v15-1-confirmatory-20260823T131208Z/raw/ranking-rows/sequence-1347__local_qwen__os15-s0121__trial-3.json,[]
1348,local_qwen,os15-s0121,4,negative_only,valid,True,False,not_applicable,"[""os15-c000324"",""os15-c000491"",""os15-c000150"",""os15-c000063"",""os15-c000364""]",not_applicable,not_applicable,not_applicable,not_applicable,62675,results/owasp-sqli-v15-1-confirmatory-final/owasp-sqli-v15-1-confirmatory-20260823T131208Z/raw/ranking-rows/sequence-1348__local_qwen__os15-s0121__trial-4.json,[]
1349,local_qwen,os15-s0121,5,negative_only,valid,True,False,not_applicable,"[""os15-c000324"",""os15-c000491"",""os15-c000150"",""os15-c000063"",""os15-c000364""]",not_applicable,not_applicable,not_applicable,not_applicable,61492,results/owasp-sqli-v15-1-confirmatory-final/owasp-sqli-v15-1-confirmatory-20260823T131208Z/raw/ranking-rows/sequence-1349__local_qwen__os15-s0121__trial-5.json,[]
1350,local_qwen,os15-s0122,1,negative_only,valid,True,False,not_applicable,"[""os15-c000218"",""os15-c000295"",""os15-c000367"",""os15-c000343"",""os15-c000025""]",not_applicable,not_applicable,not_applicable,not_applicable,64161,results/owasp-sqli-v15-1-confirmatory-final/owasp-sqli-v15-1-confirmatory-20260823T131208Z/raw/ranking-rows/sequence-1350__local_qwen__os15-s0122__trial-1.json,[]
1351,local_qwen,os15-s0122,2,negative_only,valid,True,False,not_applicable,"[""os15-c000218"",""os15-c000295"",""os15-c000367"",""os15-c000343"",""os15-c000025""]",not_applicable,not_applicable,not_applicable,not_applicable,64174,results/owasp-sqli-v15-1-confirmatory-final/owasp-sqli-v15-1-confirmatory-20260823T131208Z/raw/ranking-rows/sequence-1351__local_qwen__os15-s0122__trial-2.json,[]
1352,local_qwen,os15-s0122,3,negative_only,valid,True,False,not_applicable,"[""os15-c000218"",""os15-c000295"",""os15-c000367"",""os15-c000343"",""os15-c000025""]",not_applicable,not_applicable,not_applicable,not_applicable,70111,results/owasp-sqli-v15-1-confirmatory-final/owasp-sqli-v15-1-confirmatory-20260823T131208Z/raw/ranking-rows/sequence-1352__local_qwen__os15-s0122__trial-3.json,[]
1353,local_qwen,os15-s0122,4,negative_only,valid,True,False,not_applicable,"[""os15-c000218"",""os15-c000295"",""os15-c000367"",""os15-c000343"",""os15-c000025""]",not_applicable,not_applicable,not_applicable,not_applicable,71005,results/owasp-sqli-v15-1-confirmatory-final/owasp-sqli-v15-1-confirmatory-20260823T131208Z/raw/ranking-rows/sequence-1353__local_qwen__os15-s0122__trial-4.json,[]
1354,local_qwen,os15-s0122,5,negative_only,valid,True,False,not_applicable,"[""os15-c000218"",""os15-c000295"",""os15-c000367"",""os15-c000343"",""os15-c000025""]",not_applicable,not_applicable,not_applicable,not_applicable,69664,results/owasp-sqli-v15-1-confirmatory-final/owasp-sqli-v15-1-confirmatory-20260823T131208Z/raw/ranking-rows/sequence-1354__local_qwen__os15-s0122__trial-5.json,[]
1355,local_qwen,os15-s0123,1,negative_only,valid,True,False,not_applicable,"[""os15-c000502"",""os15-c000366"",""os15-c000209"",""os15-c000052"",""os15-c000171""]",not_applicable,not_applicable,not_applicable,not_applicable,74368,results/owasp-sqli-v15-1-confirmatory-final/owasp-sqli-v15-1-confirmatory-20260823T131208Z/raw/ranking-rows/sequence-1355__local_qwen__os15-s0123__trial-1.json,[]
1356,local_qwen,os15-s0123,2,negative_only,valid,True,False,not_applicable,"[""os15-c000502"",""os15-c000366"",""os15-c000209"",""os15-c000052"",""os15-c000171""]",not_applicable,not_applicable,not_applicable,not_applicable,73664,results/owasp-sqli-v15-1-confirmatory-final/owasp-sqli-v15-1-confirmatory-20260823T131208Z/raw/ranking-rows/sequence-1356__local_qwen__os15-s0123__trial-2.json,[]
1357,local_qwen,os15-s0123,3,negative_only,valid,True,False,not_applicable,"[""os15-c000502"",""os15-c000366"",""os15-c000209"",""os15-c000052"",""os15-c000171""]",not_applicable,not_applicable,not_applicable,not_applicable,70103,results/owasp-sqli-v15-1-confirmatory-final/owasp-sqli-v15-1-confirmatory-20260823T131208Z/raw/ranking-rows/sequence-1357__local_qwen__os15-s0123__trial-3.json,[]
1358,local_qwen,os15-s0123,4,negative_only,valid,True,False,not_applicable,"[""os15-c000502"",""os15-c000366"",""os15-c000209"",""os15-c000052"",""os15-c000171""]",not_applicable,not_applicable,not_applicable,not_applicable,69489,results/owasp-sqli-v15-1-confirmatory-final/owasp-sqli-v15-1-confirmatory-20260823T131208Z/raw/ranking-rows/sequence-1358__local_qwen__os15-s0123__trial-4.json,[]
1359,local_qwen,os15-s0123,5,negative_only,valid,True,False,not_applicable,"[""os15-c000502"",""os15-c000366"",""os15-c000209"",""os15-c000052"",""os15-c000171""]",not_applicable,not_applicable,not_applicable,not_applicable,72216,results/owasp-sqli-v15-1-confirmatory-final/owasp-sqli-v15-1-confirmatory-20260823T131208Z/raw/ranking-rows/sequence-1359__local_qwen__os15-s0123__trial-5.json,[]
1360,local_qwen,os15-s0124,1,negative_only,valid,True,False,not_applicable,"[""os15-c000428"",""os15-c000330"",""os15-c000207"",""os15-c000054"",""os15-c000053""]",not_applicable,not_applicable,not_applicable,not_applicable,66757,results/owasp-sqli-v15-1-confirmatory-final/owasp-sqli-v15-1-confirmatory-20260823T131208Z/raw/ranking-rows/sequence-1360__local_qwen__os15-s0124__trial-1.json,[]
1361,local_qwen,os15-s0124,2,negative_only,valid,True,False,not_applicable,"[""os15-c000428"",""os15-c000330"",""os15-c000207"",""os15-c000054"",""os15-c000053""]",not_applicable,not_applicable,not_applicable,not_applicable,70749,results/owasp-sqli-v15-1-confirmatory-final/owasp-sqli-v15-1-confirmatory-20260823T131208Z/raw/ranking-rows/sequence-1361__local_qwen__os15-s0124__trial-2.json,[]
1362,local_qwen,os15-s0124,3,negative_only,valid,True,False,not_applicable,"[""os15-c000428"",""os15-c000330"",""os15-c000207"",""os15-c000054"",""os15-c000053""]",not_applicable,not_applicable,not_applicable,not_applicable,71177,results/owasp-sqli-v15-1-confirmatory-final/owasp-sqli-v15-1-confirmatory-20260823T131208Z/raw/ranking-rows/sequence-1362__local_qwen__os15-s0124__trial-3.json,[]
1363,local_qwen,os15-s0124,4,negative_only,valid,True,False,not_applicable,"[""os15-c000428"",""os15-c000330"",""os15-c000207"",""os15-c000054"",""os15-c000053""]",not_applicable,not_applicable,not_applicable,not_applicable,66729,results/owasp-sqli-v15-1-confirmatory-final/owasp-sqli-v15-1-confirmatory-20260823T131208Z/raw/ranking-rows/sequence-1363__local_qwen__os15-s0124__trial-4.json,[]
1364,local_qwen,os15-s0124,5,negative_only,valid,True,False,not_applicable,"[""os15-c000428"",""os15-c000330"",""os15-c000207"",""os15-c000054"",""os15-c000053""]",not_applicable,not_applicable,not_applicable,not_applicable,63517,results/owasp-sqli-v15-1-confirmatory-final/owasp-sqli-v15-1-confirmatory-20260823T131208Z/raw/ranking-rows/sequence-1364__local_qwen__os15-s0124__trial-5.json,[]
