actual_trials,all_five_complete_rankings_identical,arm_id,at_least_one_valid_complete_ranking_differs,complete_ranking_values,exact_complete_ranking_agreement_pairs,exact_complete_ranking_agreement_rate,expected_trials,has_invalid_or_failed_trial,invalid_or_failed_trials,kendall_tau_mean,kendall_tau_median,mean_rr,rr_max,rr_min,rr_population_stdev,rr_range,rr_values,scenario_id,scenario_type,spearman_mean,spearman_median,terminal_status_counts,top1_success_trials,top2_success_trials,top4_success_trials,unique_complete_rankings,unique_vulnerable_ranks,valid_complete_ranking_trials,valid_pair_count,valid_vulnerable_ranks,vulnerable_rank_agreement_pairs,vulnerable_rank_agreement_rate,vulnerable_rank_identical_across_all_five_trials,vulnerable_rank_pair_count,vulnerable_rank_population_stdev,vulnerable_rank_range,vulnerable_rank_stability_category
5,True,proprietary_gpt,False,"[""ox14-c000227|ox14-c000236|ox14-c000348|ox14-c000189|ox14-c000030""]",10,1.0,5,False,0,1.0,1.0,1.0,1.0,1.0,0.0,0.0,"[1.0, 1.0, 1.0, 1.0, 1.0]",ow14-s0001,positive,1.0,1.0,"{""valid"": 5}",5,5,5,1,1,5,10,"[1, 1, 1, 1, 1]",10,1.0,True,10,0.0,0,stable_identical_rank
5,False,proprietary_gpt,True,"[""ox14-c000083|ox14-c000222|ox14-c000209|ox14-c000341|ox14-c000426"", ""ox14-c000083|ox14-c000222|ox14-c000426|ox14-c000209|ox14-c000341"", ""ox14-c000426|ox14-c000209|ox14-c000341|ox14-c000083|ox14-c000222""]",3,0.3,5,False,0,0.12,-0.2,0.32,0.5,0.2,0.14696938456699069,0.3,"[0.5, 0.2, 0.2, 0.5, 0.2]",ow14-s0002,positive,-0.020000000000000018,-0.5,"{""valid"": 5}",0,2,2,3,2,5,10,"[2, 5, 5, 2, 5]",4,0.4,False,10,1.469693845669907,3,varies_by_two_or_more_positions
5,True,proprietary_gpt,False,"[""ox14-c000259|ox14-c000326|ox14-c000184|ox14-c000333|ox14-c000254""]",10,1.0,5,False,0,1.0,1.0,0.5,0.5,0.5,0.0,0.0,"[0.5, 0.5, 0.5, 0.5, 0.5]",ow14-s0003,positive,1.0,1.0,"{""valid"": 5}",0,5,5,1,1,5,10,"[2, 2, 2, 2, 2]",10,1.0,True,10,0.0,0,stable_identical_rank
5,False,proprietary_gpt,True,"[""ox14-c000055|ox14-c000278|ox14-c000355|ox14-c000229|ox14-c000031"", ""ox14-c000229|ox14-c000055|ox14-c000355|ox14-c000278|ox14-c000031"", ""ox14-c000278|ox14-c000055|ox14-c000355|ox14-c000229|ox14-c000031""]",3,0.3,5,False,0,0.56,0.8,0.6,1.0,0.5,0.2,0.5,"[1.0, 0.5, 0.5, 0.5, 0.5]",ow14-s0004,positive,0.63,0.9,"{""valid"": 5}",1,5,5,3,2,5,10,"[1, 2, 2, 2, 2]",6,0.6,False,10,0.4,1,varies_by_one_position
5,False,proprietary_gpt,True,"[""ox14-c000125|ox14-c000098|ox14-c000204|ox14-c000065|ox14-c000294"", ""ox14-c000204|ox14-c000065|ox14-c000125|ox14-c000098|ox14-c000294""]",4,0.4,5,False,0,0.52,0.2,0.35,0.5,0.25,0.1224744871391589,0.25,"[0.5, 0.25, 0.25, 0.25, 0.5]",ow14-s0005,positive,0.52,0.19999999999999996,"{""valid"": 5}",0,2,5,2,2,5,10,"[2, 4, 4, 4, 2]",4,0.4,False,10,0.9797958971132712,2,varies_by_two_or_more_positions
5,True,proprietary_gpt,False,"[""ox14-c000044|ox14-c000334|ox14-c000409|ox14-c000066|ox14-c000164""]",10,1.0,5,False,0,1.0,1.0,0.5,0.5,0.5,0.0,0.0,"[0.5, 0.5, 0.5, 0.5, 0.5]",ow14-s0006,positive,1.0,1.0,"{""valid"": 5}",0,5,5,1,1,5,10,"[2, 2, 2, 2, 2]",10,1.0,True,10,0.0,0,stable_identical_rank
5,False,proprietary_gpt,True,"[""ox14-c000112|ox14-c000261|ox14-c000255|ox14-c000432|ox14-c000208"", ""ox14-c000208|ox14-c000112|ox14-c000261|ox14-c000432|ox14-c000255"", ""ox14-c000208|ox14-c000432|ox14-c000112|ox14-c000261|ox14-c000255"", ""ox14-c000432|ox14-c000112|ox14-c000261|ox14-c000255|ox14-c000208""]",1,0.1,5,False,0,0.16,0.1,0.2633333333333333,0.3333333333333333,0.2,0.059999999999999984,0.1333333333333333,"[0.3333333333333333, 0.3333333333333333, 0.2, 0.25, 0.2]",ow14-s0007,positive,0.07999999999999996,-0.050000000000000044,"{""valid"": 5}",0,0,3,4,3,5,10,"[3, 3, 5, 4, 5]",2,0.2,False,10,0.8944271909999159,2,varies_by_two_or_more_positions
5,False,proprietary_gpt,True,"[""ox14-c000362|ox14-c000224|ox14-c000414|ox14-c000310|ox14-c000173"", ""ox14-c000414|ox14-c000362|ox14-c000224|ox14-c000310|ox14-c000173""]",4,0.4,5,False,0,0.76,0.6,0.2,0.2,0.2,0.0,0.0,"[0.2, 0.2, 0.2, 0.2, 0.2]",ow14-s0008,positive,0.82,0.7,"{""valid"": 5}",0,0,0,2,1,5,10,"[5, 5, 5, 5, 5]",10,1.0,True,10,0.0,0,stable_identical_rank
5,False,proprietary_gpt,True,"[""ox14-c000210|ox14-c000063|ox14-c000402|ox14-c000391|ox14-c000036"", ""ox14-c000402|ox14-c000391|ox14-c000210|ox14-c000063|ox14-c000036""]",6,0.6,5,False,0,0.68,1.0,0.3,0.5,0.25,0.1,0.25,"[0.25, 0.25, 0.25, 0.5, 0.25]",ow14-s0009,positive,0.6799999999999999,1.0,"{""valid"": 5}",0,1,5,2,2,5,10,"[4, 4, 4, 2, 4]",6,0.6,False,10,0.8,2,varies_by_two_or_more_positions
5,False,proprietary_gpt,True,"[""ox14-c000225|ox14-c000320|ox14-c000252|ox14-c000349|ox14-c000067"", ""ox14-c000225|ox14-c000349|ox14-c000067|ox14-c000320|ox14-c000252""]",4,0.4,5,False,0,0.52,0.2,0.35,0.5,0.25,0.1224744871391589,0.25,"[0.25, 0.25, 0.5, 0.25, 0.5]",ow14-s0010,positive,0.52,0.19999999999999996,"{""valid"": 5}",0,2,5,2,2,5,10,"[4, 4, 2, 4, 2]",4,0.4,False,10,0.9797958971132712,2,varies_by_two_or_more_positions
5,False,proprietary_gpt,True,"[""ox14-c000369|ox14-c000090|ox14-c000140|ox14-c000329|ox14-c000165"", ""ox14-c000369|ox14-c000090|ox14-c000329|ox14-c000140|ox14-c000165""]",6,0.6,5,False,0,0.92,1.0,0.31666666666666665,0.3333333333333333,0.25,0.033333333333333326,0.08333333333333331,"[0.3333333333333333, 0.3333333333333333, 0.25, 0.3333333333333333, 0.3333333333333333]",ow14-s0011,positive,0.96,1.0,"{""valid"": 5}",0,0,5,2,2,5,10,"[3, 3, 4, 3, 3]",6,0.6,False,10,0.4,1,varies_by_one_position
5,False,proprietary_gpt,True,"[""ox14-c000081|ox14-c000072|ox14-c000244|ox14-c000265|ox14-c000389"", ""ox14-c000244|ox14-c000265|ox14-c000389|ox14-c000072|ox14-c000081""]",4,0.4,5,False,0,0.15999999999999998,-0.4,0.7333333333333333,1.0,0.3333333333333333,0.32659863237109044,0.6666666666666667,"[0.3333333333333333, 1.0, 1.0, 1.0, 0.3333333333333333]",ow14-s0012,positive,0.039999999999999945,-0.6000000000000001,"{""valid"": 5}",3,3,5,2,2,5,10,"[3, 1, 1, 1, 3]",4,0.4,False,10,0.9797958971132712,2,varies_by_two_or_more_positions
5,False,proprietary_gpt,True,"[""ox14-c000211|ox14-c000323|ox14-c000246|ox14-c000380|ox14-c000046"", ""ox14-c000323|ox14-c000246|ox14-c000380|ox14-c000046|ox14-c000211""]",4,0.4,5,False,0,0.52,0.2,0.3,0.3333333333333333,0.25,0.04082482904638629,0.08333333333333331,"[0.3333333333333333, 0.3333333333333333, 0.25, 0.3333333333333333, 0.25]",ow14-s0013,positive,0.4,0.0,"{""valid"": 5}",0,0,5,2,2,5,10,"[3, 3, 4, 3, 4]",4,0.4,False,10,0.4898979485566356,1,varies_by_one_position
5,True,proprietary_gpt,False,"[""ox14-c000108|ox14-c000121|ox14-c000068|ox14-c000025|ox14-c000181""]",10,1.0,5,False,0,1.0,1.0,0.3333333333333333,0.3333333333333333,0.3333333333333333,0.0,0.0,"[0.3333333333333333, 0.3333333333333333, 0.3333333333333333, 0.3333333333333333, 0.3333333333333333]",ow14-s0014,positive,1.0,1.0,"{""valid"": 5}",0,0,5,1,1,5,10,"[3, 3, 3, 3, 3]",10,1.0,True,10,0.0,0,stable_identical_rank
5,False,proprietary_gpt,True,"[""ox14-c000197|ox14-c000058|ox14-c000415|ox14-c000012|ox14-c000037"", ""ox14-c000415|ox14-c000197|ox14-c000058|ox14-c000012|ox14-c000037""]",6,0.6,5,False,0,0.84,1.0,0.8666666666666667,1.0,0.3333333333333333,0.26666666666666666,0.6666666666666667,"[1.0, 1.0, 1.0, 0.3333333333333333, 1.0]",ow14-s0015,positive,0.88,1.0,"{""valid"": 5}",4,4,5,2,2,5,10,"[1, 1, 1, 3, 1]",6,0.6,False,10,0.8,2,varies_by_two_or_more_positions
5,False,proprietary_gpt,True,"[""ox14-c000110|ox14-c000245|ox14-c000270|ox14-c000354|ox14-c000374"", ""ox14-c000374|ox14-c000110|ox14-c000245|ox14-c000354|ox14-c000270"", ""ox14-c000374|ox14-c000354|ox14-c000270|ox14-c000110|ox14-c000245""]",3,0.3,5,False,0,0.07999999999999999,0.0,0.75,1.0,0.25,0.31622776601683794,0.75,"[1.0, 1.0, 0.25, 1.0, 0.5]",ow14-s0016,positive,0.019999999999999997,-0.10000000000000009,"{""valid"": 5}",3,4,5,3,3,5,10,"[1, 1, 4, 1, 2]",3,0.3,False,10,1.1661903789690602,3,varies_by_two_or_more_positions
5,False,proprietary_gpt,True,"[""ox14-c000087|ox14-c000075|ox14-c000322|ox14-c000127|ox14-c000033"", ""ox14-c000087|ox14-c000127|ox14-c000075|ox14-c000322|ox14-c000033"", ""ox14-c000087|ox14-c000127|ox14-c000322|ox14-c000075|ox14-c000033"", ""ox14-c000127|ox14-c000322|ox14-c000075|ox14-c000087|ox14-c000033""]",1,0.1,5,False,0,0.48,0.5,0.3333333333333333,0.5,0.25,0.09128709291752768,0.25,"[0.25, 0.3333333333333333, 0.3333333333333333, 0.25, 0.5]",ow14-s0017,positive,0.58,0.6499999999999999,"{""valid"": 5}",0,1,5,4,3,5,10,"[4, 3, 3, 4, 2]",2,0.2,False,10,0.7483314773547883,2,varies_by_two_or_more_positions
5,False,proprietary_gpt,True,"[""ox14-c000277|ox14-c000352|ox14-c000406|ox14-c000262|ox14-c000297"", ""ox14-c000277|ox14-c000406|ox14-c000262|ox14-c000352|ox14-c000297""]",4,0.4,5,False,0,0.76,0.6,0.2833333333333333,0.3333333333333333,0.25,0.04082482904638629,0.08333333333333331,"[0.3333333333333333, 0.25, 0.25, 0.3333333333333333, 0.25]",ow14-s0018,positive,0.82,0.7,"{""valid"": 5}",0,0,5,2,2,5,10,"[3, 4, 4, 3, 4]",4,0.4,False,10,0.4898979485566356,1,varies_by_one_position
5,False,proprietary_gpt,True,"[""ox14-c000193|ox14-c000113|ox14-c000060|ox14-c000357|ox14-c000183"", ""ox14-c000357|ox14-c000193|ox14-c000113|ox14-c000060|ox14-c000183""]",6,0.6,5,False,0,0.76,1.0,0.6,1.0,0.5,0.2,0.5,"[0.5, 0.5, 0.5, 1.0, 0.5]",ow14-s0019,positive,0.76,1.0,"{""valid"": 5}",1,5,5,2,2,5,10,"[2, 2, 2, 1, 2]",6,0.6,False,10,0.4,1,varies_by_one_position
5,True,proprietary_gpt,False,"[""ox14-c000097|ox14-c000103|ox14-c000398|ox14-c000381|ox14-c000293""]",10,1.0,5,False,0,1.0,1.0,1.0,1.0,1.0,0.0,0.0,"[1.0, 1.0, 1.0, 1.0, 1.0]",ow14-s0020,positive,1.0,1.0,"{""valid"": 5}",5,5,5,1,1,5,10,"[1, 1, 1, 1, 1]",10,1.0,True,10,0.0,0,stable_identical_rank
5,False,proprietary_gpt,True,"[""ox14-c000373|ox14-c000093|ox14-c000400|ox14-c000107|ox14-c000422"", ""ox14-c000373|ox14-c000093|ox14-c000422|ox14-c000400|ox14-c000107""]",6,0.6,5,False,0,0.84,1.0,0.31666666666666665,0.3333333333333333,0.25,0.033333333333333326,0.08333333333333331,"[0.3333333333333333, 0.3333333333333333, 0.25, 0.3333333333333333, 0.3333333333333333]",ow14-s0021,positive,0.88,1.0,"{""valid"": 5}",0,0,5,2,2,5,10,"[3, 3, 4, 3, 3]",6,0.6,False,10,0.4,1,varies_by_one_position
5,False,proprietary_gpt,True,"[""ox14-c000237|ox14-c000053|ox14-c000427|ox14-c000337|ox14-c000350"", ""ox14-c000427|ox14-c000237|ox14-c000053|ox14-c000337|ox14-c000350"", ""ox14-c000427|ox14-c000337|ox14-c000350|ox14-c000237|ox14-c000053""]",3,0.3,5,False,0,0.52,0.6,0.55,1.0,0.25,0.2449489742783178,0.75,"[0.5, 0.25, 0.5, 0.5, 1.0]",ow14-s0022,positive,0.52,0.7,"{""valid"": 5}",1,4,5,3,3,5,10,"[2, 4, 2, 2, 1]",3,0.3,False,10,0.9797958971132712,3,varies_by_two_or_more_positions
5,False,proprietary_gpt,True,"[""ox14-c000344|ox14-c000216|ox14-c000384|ox14-c000122|ox14-c000016"", ""ox14-c000384|ox14-c000122|ox14-c000344|ox14-c000216|ox14-c000016""]",6,0.6,5,False,0,0.68,1.0,0.45,0.5,0.25,0.1,0.25,"[0.5, 0.5, 0.5, 0.5, 0.25]",ow14-s0023,positive,0.6799999999999999,1.0,"{""valid"": 5}",0,4,5,2,2,5,10,"[2, 2, 2, 2, 4]",6,0.6,False,10,0.8,2,varies_by_two_or_more_positions
5,True,proprietary_gpt,False,"[""ox14-c000268|ox14-c000207|ox14-c000356|ox14-c000220|ox14-c000177""]",10,1.0,5,False,0,1.0,1.0,0.3333333333333333,0.3333333333333333,0.3333333333333333,0.0,0.0,"[0.3333333333333333, 0.3333333333333333, 0.3333333333333333, 0.3333333333333333, 0.3333333333333333]",ow14-s0024,positive,1.0,1.0,"{""valid"": 5}",0,0,5,1,1,5,10,"[3, 3, 3, 3, 3]",10,1.0,True,10,0.0,0,stable_identical_rank
5,True,proprietary_gpt,False,"[""ox14-c000434|ox14-c000061|ox14-c000026|ox14-c000314|ox14-c000309""]",10,1.0,5,False,0,1.0,1.0,0.2,0.2,0.2,0.0,0.0,"[0.2, 0.2, 0.2, 0.2, 0.2]",ow14-s0025,positive,1.0,1.0,"{""valid"": 5}",0,0,0,1,1,5,10,"[5, 5, 5, 5, 5]",10,1.0,True,10,0.0,0,stable_identical_rank
5,False,proprietary_gpt,True,"[""ox14-c000273|ox14-c000109|ox14-c000242|ox14-c000219|ox14-c000034"", ""ox14-c000273|ox14-c000219|ox14-c000109|ox14-c000242|ox14-c000034""]",4,0.4,5,False,0,0.76,0.6,0.3,0.3333333333333333,0.25,0.04082482904638629,0.08333333333333331,"[0.25, 0.3333333333333333, 0.25, 0.3333333333333333, 0.3333333333333333]",ow14-s0026,positive,0.82,0.7,"{""valid"": 5}",0,0,5,2,2,5,10,"[4, 3, 4, 3, 3]",4,0.4,False,10,0.4898979485566356,1,varies_by_one_position
5,False,proprietary_gpt,True,"[""ox14-c000363|ox14-c000405|ox14-c000101|ox14-c000241|ox14-c000303"", ""ox14-c000405|ox14-c000101|ox14-c000241|ox14-c000363|ox14-c000303""]",4,0.4,5,False,0,0.64,0.4,0.3,0.3333333333333333,0.25,0.04082482904638629,0.08333333333333331,"[0.25, 0.3333333333333333, 0.3333333333333333, 0.3333333333333333, 0.25]",ow14-s0027,positive,0.64,0.4,"{""valid"": 5}",0,0,5,2,2,5,10,"[4, 3, 3, 3, 4]",4,0.4,False,10,0.4898979485566356,1,varies_by_one_position
5,False,proprietary_gpt,True,"[""ox14-c000091|ox14-c000226|ox14-c000064|ox14-c000100|ox14-c000111"", ""ox14-c000091|ox14-c000226|ox14-c000100|ox14-c000111|ox14-c000064""]",6,0.6,5,False,0,0.84,1.0,1.0,1.0,1.0,0.0,0.0,"[1.0, 1.0, 1.0, 1.0, 1.0]",ow14-s0028,positive,0.88,1.0,"{""valid"": 5}",5,5,5,2,1,5,10,"[1, 1, 1, 1, 1]",10,1.0,True,10,0.0,0,stable_identical_rank
5,False,proprietary_gpt,True,"[""ox14-c000141|ox14-c000387|ox14-c000048|ox14-c000057|ox14-c000212"", ""ox14-c000212|ox14-c000387|ox14-c000048|ox14-c000141|ox14-c000057"", ""ox14-c000387|ox14-c000048|ox14-c000057|ox14-c000141|ox14-c000212""]",3,0.3,5,False,0,0.4,0.4,0.29,0.3333333333333333,0.2,0.05537749241945382,0.1333333333333333,"[0.2, 0.3333333333333333, 0.25, 0.3333333333333333, 0.3333333333333333]",ow14-s0029,positive,0.36,0.4,"{""valid"": 5}",0,0,4,3,3,5,10,"[5, 3, 4, 3, 3]",3,0.3,False,10,0.8,2,varies_by_two_or_more_positions
5,False,proprietary_gpt,True,"[""ox14-c000082|ox14-c000423|ox14-c000399|ox14-c000251|ox14-c000049"", ""ox14-c000423|ox14-c000082|ox14-c000399|ox14-c000251|ox14-c000049""]",6,0.6,5,False,0,0.92,1.0,0.2,0.2,0.2,0.0,0.0,"[0.2, 0.2, 0.2, 0.2, 0.2]",ow14-s0030,positive,0.96,1.0,"{""valid"": 5}",0,0,0,2,1,5,10,"[5, 5, 5, 5, 5]",10,1.0,True,10,0.0,0,stable_identical_rank
5,False,proprietary_gpt,True,"[""ox14-c000410|ox14-c000069|ox14-c000077|ox14-c000085|ox14-c000296"", ""ox14-c000410|ox14-c000085|ox14-c000069|ox14-c000077|ox14-c000296""]",4,0.4,5,False,0,0.76,0.6,0.39999999999999997,0.5,0.3333333333333333,0.08164965809277261,0.16666666666666669,"[0.5, 0.3333333333333333, 0.5, 0.3333333333333333, 0.3333333333333333]",ow14-s0031,positive,0.82,0.7,"{""valid"": 5}",0,2,5,2,2,5,10,"[2, 3, 2, 3, 3]",4,0.4,False,10,0.4898979485566356,1,varies_by_one_position
5,False,proprietary_gpt,True,"[""ox14-c000132|ox14-c000118|ox14-c000395|ox14-c000353|ox14-c000223"", ""ox14-c000223|ox14-c000132|ox14-c000353|ox14-c000118|ox14-c000395"", ""ox14-c000223|ox14-c000353|ox14-c000118|ox14-c000395|ox14-c000132""]",3,0.3,5,False,0,0.03999999999999999,-0.2,0.74,1.0,0.2,0.332264954516723,0.8,"[1.0, 1.0, 1.0, 0.5, 0.2]",ow14-s0032,positive,-0.019999999999999983,-0.30000000000000004,"{""valid"": 5}",3,4,4,3,3,5,10,"[1, 1, 1, 2, 5]",3,0.3,False,10,1.5491933384829668,4,varies_by_two_or_more_positions
5,True,proprietary_gpt,False,"[""ox14-c000394|ox14-c000188|ox14-c000311|ox14-c000315|ox14-c000307""]",10,1.0,5,False,0,1.0,1.0,1.0,1.0,1.0,0.0,0.0,"[1.0, 1.0, 1.0, 1.0, 1.0]",ow14-s0033,positive,1.0,1.0,"{""valid"": 5}",5,5,5,1,1,5,10,"[1, 1, 1, 1, 1]",10,1.0,True,10,0.0,0,stable_identical_rank
5,True,proprietary_gpt,False,"[""ox14-c000404|ox14-c000351|ox14-c000161|ox14-c000167|ox14-c000027""]",10,1.0,5,False,0,1.0,1.0,0.2,0.2,0.2,0.0,0.0,"[0.2, 0.2, 0.2, 0.2, 0.2]",ow14-s0034,positive,1.0,1.0,"{""valid"": 5}",0,0,0,1,1,5,10,"[5, 5, 5, 5, 5]",10,1.0,True,10,0.0,0,stable_identical_rank
5,True,proprietary_gpt,False,"[""ox14-c000272|ox14-c000429|ox14-c000117|ox14-c000217|ox14-c000029""]",10,1.0,5,False,0,1.0,1.0,0.25,0.25,0.25,0.0,0.0,"[0.25, 0.25, 0.25, 0.25, 0.25]",ow14-s0035,positive,1.0,1.0,"{""valid"": 5}",0,0,5,1,1,5,10,"[4, 4, 4, 4, 4]",10,1.0,True,10,0.0,0,stable_identical_rank
5,False,proprietary_gpt,True,"[""ox14-c000089|ox14-c000346|ox14-c000136|ox14-c000377|ox14-c000185"", ""ox14-c000089|ox14-c000346|ox14-c000377|ox14-c000185|ox14-c000136"", ""ox14-c000377|ox14-c000185|ox14-c000136|ox14-c000346|ox14-c000089""]",3,0.3,5,False,0,0.27999999999999997,0.6,0.84,1.0,0.2,0.32,0.8,"[1.0, 1.0, 1.0, 1.0, 0.2]",ow14-s0036,positive,0.23999999999999996,0.7,"{""valid"": 5}",4,4,4,3,2,5,10,"[1, 1, 1, 1, 5]",6,0.6,False,10,1.6,4,varies_by_two_or_more_positions
5,False,proprietary_gpt,True,"[""ox14-c000070|ox14-c000247|ox14-c000198|ox14-c000190|ox14-c000396"", ""ox14-c000247|ox14-c000198|ox14-c000190|ox14-c000396|ox14-c000070""]",6,0.6,5,False,0,0.68,1.0,0.31666666666666665,0.3333333333333333,0.25,0.033333333333333326,0.08333333333333331,"[0.3333333333333333, 0.3333333333333333, 0.25, 0.3333333333333333, 0.3333333333333333]",ow14-s0037,positive,0.6,1.0,"{""valid"": 5}",0,0,5,2,2,5,10,"[3, 3, 4, 3, 3]",6,0.6,False,10,0.4,1,varies_by_one_position
5,True,proprietary_gpt,False,"[""ox14-c000099|ox14-c000056|ox14-c000102|ox14-c000023|ox14-c000171""]",10,1.0,5,False,0,1.0,1.0,0.2,0.2,0.2,0.0,0.0,"[0.2, 0.2, 0.2, 0.2, 0.2]",ow14-s0038,positive,1.0,1.0,"{""valid"": 5}",0,0,0,1,1,5,10,"[5, 5, 5, 5, 5]",10,1.0,True,10,0.0,0,stable_identical_rank
5,False,proprietary_gpt,True,"[""ox14-c000236|ox14-c000348|ox14-c000189|ox14-c000030|ox14-c000305"", ""ox14-c000348|ox14-c000189|ox14-c000236|ox14-c000030|ox14-c000305""]",6,0.6,5,False,0,0.84,1.0,0.2,0.2,0.2,0.0,0.0,"[0.2, 0.2, 0.2, 0.2, 0.2]",ow14-s0039,positive,0.88,1.0,"{""valid"": 5}",0,0,0,2,1,5,10,"[5, 5, 5, 5, 5]",10,1.0,True,10,0.0,0,stable_identical_rank
5,False,proprietary_gpt,True,"[""ox14-c000083|ox14-c000426|ox14-c000324|ox14-c000341|ox14-c000209"", ""ox14-c000324|ox14-c000341|ox14-c000209|ox14-c000426|ox14-c000083"", ""ox14-c000324|ox14-c000426|ox14-c000341|ox14-c000209|ox14-c000083"", ""ox14-c000426|ox14-c000324|ox14-c000341|ox14-c000209|ox14-c000083""]",1,0.1,5,False,0,0.4,0.5,0.7666666666666666,1.0,0.3333333333333333,0.2905932629027116,0.6666666666666667,"[0.3333333333333333, 1.0, 1.0, 0.5, 1.0]",ow14-s0040,positive,0.37999999999999995,0.55,"{""valid"": 5}",3,4,5,4,3,5,10,"[3, 1, 1, 2, 1]",3,0.3,False,10,0.8,2,varies_by_two_or_more_positions
5,True,proprietary_gpt,False,"[""ox14-c000184|ox14-c000327|ox14-c000254|ox14-c000259|ox14-c000333""]",10,1.0,5,False,0,1.0,1.0,0.5,0.5,0.5,0.0,0.0,"[0.5, 0.5, 0.5, 0.5, 0.5]",ow14-s0041,positive,1.0,1.0,"{""valid"": 5}",0,5,5,1,1,5,10,"[2, 2, 2, 2, 2]",10,1.0,True,10,0.0,0,stable_identical_rank
5,False,proprietary_gpt,True,"[""ox14-c000229|ox14-c000031|ox14-c000355|ox14-c000278|ox14-c000328"", ""ox14-c000229|ox14-c000328|ox14-c000355|ox14-c000278|ox14-c000031"", ""ox14-c000229|ox14-c000355|ox14-c000328|ox14-c000278|ox14-c000031""]",2,0.2,5,False,0,0.56,0.8,0.37333333333333335,0.5,0.2,0.11430952132988165,0.3,"[0.3333333333333333, 0.5, 0.3333333333333333, 0.5, 0.2]",ow14-s0042,positive,0.64,0.9,"{""valid"": 5}",0,2,4,3,3,5,10,"[3, 2, 3, 2, 5]",2,0.2,False,10,1.0954451150103321,3,varies_by_two_or_more_positions
5,False,proprietary_gpt,True,"[""ox14-c000125|ox14-c000200|ox14-c000204|ox14-c000065|ox14-c000294"", ""ox14-c000204|ox14-c000065|ox14-c000125|ox14-c000200|ox14-c000294""]",6,0.6,5,False,0,0.68,1.0,0.45,0.5,0.25,0.1,0.25,"[0.5, 0.5, 0.25, 0.5, 0.5]",ow14-s0043,positive,0.6799999999999999,1.0,"{""valid"": 5}",0,4,5,2,2,5,10,"[2, 2, 4, 2, 2]",6,0.6,False,10,0.8,2,varies_by_two_or_more_positions
5,True,proprietary_gpt,False,"[""ox14-c000397|ox14-c000409|ox14-c000044|ox14-c000066|ox14-c000164""]",10,1.0,5,False,0,1.0,1.0,1.0,1.0,1.0,0.0,0.0,"[1.0, 1.0, 1.0, 1.0, 1.0]",ow14-s0044,positive,1.0,1.0,"{""valid"": 5}",5,5,5,1,1,5,10,"[1, 1, 1, 1, 1]",10,1.0,True,10,0.0,0,stable_identical_rank
5,False,proprietary_gpt,True,"[""ox14-c000112|ox14-c000261|ox14-c000432|ox14-c000208|ox14-c000174"", ""ox14-c000432|ox14-c000112|ox14-c000261|ox14-c000208|ox14-c000174""]",6,0.6,5,False,0,0.84,1.0,0.2,0.2,0.2,0.0,0.0,"[0.2, 0.2, 0.2, 0.2, 0.2]",ow14-s0045,positive,0.88,1.0,"{""valid"": 5}",0,0,0,2,1,5,10,"[5, 5, 5, 5, 5]",10,1.0,True,10,0.0,0,stable_identical_rank
5,False,proprietary_gpt,True,"[""ox14-c000414|ox14-c000408|ox14-c000224|ox14-c000362|ox14-c000310"", ""ox14-c000414|ox14-c000408|ox14-c000310|ox14-c000224|ox14-c000362""]",4,0.4,5,False,0,0.76,0.6,0.5,0.5,0.5,0.0,0.0,"[0.5, 0.5, 0.5, 0.5, 0.5]",ow14-s0046,positive,0.82,0.7,"{""valid"": 5}",0,5,5,2,1,5,10,"[2, 2, 2, 2, 2]",10,1.0,True,10,0.0,0,stable_identical_rank
5,True,proprietary_gpt,False,"[""ox14-c000134|ox14-c000402|ox14-c000391|ox14-c000210|ox14-c000036""]",10,1.0,5,False,0,1.0,1.0,1.0,1.0,1.0,0.0,0.0,"[1.0, 1.0, 1.0, 1.0, 1.0]",ow14-s0047,positive,1.0,1.0,"{""valid"": 5}",5,5,5,1,1,5,10,"[1, 1, 1, 1, 1]",10,1.0,True,10,0.0,0,stable_identical_rank
5,False,proprietary_gpt,True,"[""ox14-c000225|ox14-c000032|ox14-c000067|ox14-c000252|ox14-c000320"", ""ox14-c000225|ox14-c000067|ox14-c000252|ox14-c000320|ox14-c000032"", ""ox14-c000252|ox14-c000320|ox14-c000067|ox14-c000225|ox14-c000032"", ""ox14-c000252|ox14-c000320|ox14-c000225|ox14-c000067|ox14-c000032""]",1,0.1,5,False,0,0.16,0.1,0.26,0.5,0.2,0.12,0.3,"[0.2, 0.2, 0.5, 0.2, 0.2]",ow14-s0048,positive,0.13999999999999999,0.14999999999999997,"{""valid"": 5}",0,1,1,4,2,5,10,"[5, 5, 2, 5, 5]",6,0.6,False,10,1.2,3,varies_by_two_or_more_positions
5,False,proprietary_gpt,True,"[""ox14-c000090|ox14-c000369|ox14-c000140|ox14-c000186|ox14-c000165"", ""ox14-c000369|ox14-c000090|ox14-c000140|ox14-c000186|ox14-c000165""]",6,0.6,5,False,0,0.92,1.0,0.25,0.25,0.25,0.0,0.0,"[0.25, 0.25, 0.25, 0.25, 0.25]",ow14-s0049,positive,0.96,1.0,"{""valid"": 5}",0,0,5,2,1,5,10,"[4, 4, 4, 4, 4]",10,1.0,True,10,0.0,0,stable_identical_rank
5,False,proprietary_gpt,True,"[""ox14-c000072|ox14-c000389|ox14-c000265|ox14-c000081|ox14-c000368"", ""ox14-c000081|ox14-c000368|ox14-c000072|ox14-c000389|ox14-c000265"", ""ox14-c000081|ox14-c000368|ox14-c000389|ox14-c000265|ox14-c000072"", ""ox14-c000389|ox14-c000265|ox14-c000072|ox14-c000081|ox14-c000368""]",1,0.1,5,False,0,0.039999999999999994,-0.2,0.32,0.5,0.2,0.14696938456699069,0.3,"[0.2, 0.5, 0.2, 0.2, 0.5]",ow14-s0050,positive,-0.08000000000000003,-0.5,"{""valid"": 5}",0,2,2,4,2,5,10,"[5, 2, 5, 5, 2]",4,0.4,False,10,1.469693845669907,3,varies_by_two_or_more_positions
5,False,proprietary_gpt,True,"[""ox14-c000234|ox14-c000211|ox14-c000246|ox14-c000046|ox14-c000323"", ""ox14-c000246|ox14-c000046|ox14-c000323|ox14-c000211|ox14-c000234""]",4,0.4,5,False,0,0.15999999999999998,-0.4,0.52,1.0,0.2,0.3919183588453085,0.8,"[0.2, 0.2, 1.0, 1.0, 0.2]",ow14-s0051,positive,0.039999999999999945,-0.6000000000000001,"{""valid"": 5}",2,2,2,2,2,5,10,"[5, 5, 1, 1, 5]",4,0.4,False,10,1.9595917942265424,4,varies_by_two_or_more_positions
5,True,proprietary_gpt,False,"[""ox14-c000231|ox14-c000108|ox14-c000121|ox14-c000025|ox14-c000181""]",10,1.0,5,False,0,1.0,1.0,1.0,1.0,1.0,0.0,0.0,"[1.0, 1.0, 1.0, 1.0, 1.0]",ow14-s0052,positive,1.0,1.0,"{""valid"": 5}",5,5,5,1,1,5,10,"[1, 1, 1, 1, 1]",10,1.0,True,10,0.0,0,stable_identical_rank
5,True,proprietary_gpt,False,"[""ox14-c000042|ox14-c000197|ox14-c000058|ox14-c000012|ox14-c000037""]",10,1.0,5,False,0,1.0,1.0,1.0,1.0,1.0,0.0,0.0,"[1.0, 1.0, 1.0, 1.0, 1.0]",ow14-s0053,positive,1.0,1.0,"{""valid"": 5}",5,5,5,1,1,5,10,"[1, 1, 1, 1, 1]",10,1.0,True,10,0.0,0,stable_identical_rank
5,False,proprietary_gpt,True,"[""ox14-c000086|ox14-c000374|ox14-c000245|ox14-c000354|ox14-c000270"", ""ox14-c000086|ox14-c000374|ox14-c000270|ox14-c000245|ox14-c000354"", ""ox14-c000086|ox14-c000374|ox14-c000354|ox14-c000245|ox14-c000270"", ""ox14-c000374|ox14-c000086|ox14-c000245|ox14-c000354|ox14-c000270""]",1,0.1,5,False,0,0.68,0.7,0.9,1.0,0.5,0.2,0.5,"[1.0, 0.5, 1.0, 1.0, 1.0]",ow14-s0054,positive,0.8,0.8500000000000001,"{""valid"": 5}",4,5,5,4,2,5,10,"[1, 2, 1, 1, 1]",6,0.6,False,10,0.4,1,varies_by_one_position
5,True,proprietary_gpt,False,"[""ox14-c000127|ox14-c000075|ox14-c000228|ox14-c000087|ox14-c000033""]",10,1.0,5,False,0,1.0,1.0,0.3333333333333333,0.3333333333333333,0.3333333333333333,0.0,0.0,"[0.3333333333333333, 0.3333333333333333, 0.3333333333333333, 0.3333333333333333, 0.3333333333333333]",ow14-s0055,positive,1.0,1.0,"{""valid"": 5}",0,0,5,1,1,5,10,"[3, 3, 3, 3, 3]",10,1.0,True,10,0.0,0,stable_identical_rank
5,False,proprietary_gpt,True,"[""ox14-c000277|ox14-c000412|ox14-c000352|ox14-c000406|ox14-c000297"", ""ox14-c000277|ox14-c000412|ox14-c000406|ox14-c000352|ox14-c000297""]",6,0.6,5,False,0,0.92,1.0,0.5,0.5,0.5,0.0,0.0,"[0.5, 0.5, 0.5, 0.5, 0.5]",ow14-s0056,positive,0.96,1.0,"{""valid"": 5}",0,5,5,2,1,5,10,"[2, 2, 2, 2, 2]",10,1.0,True,10,0.0,0,stable_identical_rank
5,True,proprietary_gpt,False,"[""ox14-c000113|ox14-c000060|ox14-c000357|ox14-c000092|ox14-c000183""]",10,1.0,5,False,0,1.0,1.0,0.25,0.25,0.25,0.0,0.0,"[0.25, 0.25, 0.25, 0.25, 0.25]",ow14-s0057,positive,1.0,1.0,"{""valid"": 5}",0,0,5,1,1,5,10,"[4, 4, 4, 4, 4]",10,1.0,True,10,0.0,0,stable_identical_rank
5,False,proprietary_gpt,True,"[""ox14-c000381|ox14-c000103|ox14-c000398|ox14-c000425|ox14-c000293"", ""ox14-c000425|ox14-c000381|ox14-c000103|ox14-c000398|ox14-c000293""]",6,0.6,5,False,0,0.76,1.0,0.85,1.0,0.25,0.3,0.75,"[1.0, 1.0, 1.0, 1.0, 0.25]",ow14-s0058,positive,0.76,1.0,"{""valid"": 5}",4,4,5,2,2,5,10,"[1, 1, 1, 1, 4]",6,0.6,False,10,1.2,3,varies_by_two_or_more_positions
5,False,proprietary_gpt,True,"[""ox14-c000093|ox14-c000373|ox14-c000422|ox14-c000129|ox14-c000107"", ""ox14-c000422|ox14-c000129|ox14-c000107|ox14-c000093|ox14-c000373""]",4,0.4,5,False,0,0.27999999999999997,-0.2,0.35,0.5,0.25,0.1224744871391589,0.25,"[0.5, 0.25, 0.5, 0.25, 0.25]",ow14-s0059,positive,0.1,-0.5,"{""valid"": 5}",0,2,5,2,2,5,10,"[2, 4, 2, 4, 4]",4,0.4,False,10,0.9797958971132712,2,varies_by_two_or_more_positions
5,False,proprietary_gpt,True,"[""ox14-c000084|ox14-c000337|ox14-c000350|ox14-c000053|ox14-c000427"", ""ox14-c000084|ox14-c000337|ox14-c000350|ox14-c000427|ox14-c000053"", ""ox14-c000427|ox14-c000053|ox14-c000337|ox14-c000350|ox14-c000084""]",3,0.3,5,False,0,0.24,0.8,0.84,1.0,0.2,0.32,0.8,"[1.0, 1.0, 0.2, 1.0, 1.0]",ow14-s0060,positive,0.22000000000000003,0.9,"{""valid"": 5}",4,4,4,3,2,5,10,"[1, 1, 5, 1, 1]",6,0.6,False,10,1.6,4,varies_by_two_or_more_positions
5,True,proprietary_gpt,False,"[""ox14-c000384|ox14-c000344|ox14-c000216|ox14-c000016|ox14-c000002""]",10,1.0,5,False,0,1.0,1.0,0.2,0.2,0.2,0.0,0.0,"[0.2, 0.2, 0.2, 0.2, 0.2]",ow14-s0061,positive,1.0,1.0,"{""valid"": 5}",0,0,0,1,1,5,10,"[5, 5, 5, 5, 5]",10,1.0,True,10,0.0,0,stable_identical_rank
5,False,proprietary_gpt,True,"[""ox14-c000079|ox14-c000220|ox14-c000268|ox14-c000207|ox14-c000177"", ""ox14-c000079|ox14-c000268|ox14-c000220|ox14-c000207|ox14-c000177"", ""ox14-c000268|ox14-c000220|ox14-c000207|ox14-c000079|ox14-c000177""]",3,0.3,5,False,0,0.68,0.8,0.85,1.0,0.25,0.3,0.75,"[1.0, 0.25, 1.0, 1.0, 1.0]",ow14-s0062,positive,0.72,0.9,"{""valid"": 5}",4,4,5,3,2,5,10,"[1, 4, 1, 1, 1]",6,0.6,False,10,1.2,3,varies_by_two_or_more_positions
5,True,proprietary_gpt,False,"[""ox14-c000417|ox14-c000434|ox14-c000061|ox14-c000314|ox14-c000026""]",10,1.0,5,False,0,1.0,1.0,1.0,1.0,1.0,0.0,0.0,"[1.0, 1.0, 1.0, 1.0, 1.0]",ow14-s0063,positive,1.0,1.0,"{""valid"": 5}",5,5,5,1,1,5,10,"[1, 1, 1, 1, 1]",10,1.0,True,10,0.0,0,stable_identical_rank
5,True,proprietary_gpt,False,"[""ox14-c000273|ox14-c000109|ox14-c000219|ox14-c000034|ox14-c000019""]",10,1.0,5,False,0,1.0,1.0,0.2,0.2,0.2,0.0,0.0,"[0.2, 0.2, 0.2, 0.2, 0.2]",ow14-s0064,positive,1.0,1.0,"{""valid"": 5}",0,0,0,1,1,5,10,"[5, 5, 5, 5, 5]",10,1.0,True,10,0.0,0,stable_identical_rank
5,False,proprietary_gpt,True,"[""ox14-c000363|ox14-c000303|ox14-c000347|ox14-c000405|ox14-c000101"", ""ox14-c000363|ox14-c000405|ox14-c000101|ox14-c000347|ox14-c000303"", ""ox14-c000405|ox14-c000101|ox14-c000347|ox14-c000363|ox14-c000303""]",3,0.3,5,False,0,0.36,0.4,0.2833333333333333,0.3333333333333333,0.25,0.04082482904638629,0.08333333333333331,"[0.3333333333333333, 0.25, 0.3333333333333333, 0.25, 0.25]",ow14-s0065,positive,0.37,0.4,"{""valid"": 5}",0,0,5,3,2,5,10,"[3, 4, 3, 4, 4]",4,0.4,False,10,0.4898979485566356,1,varies_by_one_position
5,False,proprietary_gpt,True,"[""ox14-c000226|ox14-c000064|ox14-c000100|ox14-c000111|ox14-c000039"", ""ox14-c000226|ox14-c000064|ox14-c000111|ox14-c000100|ox14-c000039""]",6,0.6,5,False,0,0.92,1.0,0.2,0.2,0.2,0.0,0.0,"[0.2, 0.2, 0.2, 0.2, 0.2]",ow14-s0066,positive,0.96,1.0,"{""valid"": 5}",0,0,0,2,1,5,10,"[5, 5, 5, 5, 5]",10,1.0,True,10,0.0,0,stable_identical_rank
5,False,proprietary_gpt,True,"[""ox14-c000141|ox14-c000385|ox14-c000048|ox14-c000387|ox14-c000212"", ""ox14-c000212|ox14-c000385|ox14-c000048|ox14-c000387|ox14-c000141"", ""ox14-c000385|ox14-c000048|ox14-c000387|ox14-c000141|ox14-c000212""]",2,0.2,5,False,0,0.32,0.4,0.7,1.0,0.5,0.2449489742783178,0.5,"[0.5, 1.0, 0.5, 0.5, 1.0]",ow14-s0067,positive,0.24,0.4,"{""valid"": 5}",2,5,5,3,2,5,10,"[2, 1, 2, 2, 1]",4,0.4,False,10,0.4898979485566356,1,varies_by_one_position
5,False,proprietary_gpt,True,"[""ox14-c000082|ox14-c000423|ox14-c000248|ox14-c000399|ox14-c000251"", ""ox14-c000248|ox14-c000399|ox14-c000251|ox14-c000423|ox14-c000082""]",6,0.6,5,False,0,0.44,1.0,0.4666666666666667,1.0,0.3333333333333333,0.26666666666666666,0.6666666666666667,"[0.3333333333333333, 1.0, 0.3333333333333333, 0.3333333333333333, 0.3333333333333333]",ow14-s0068,positive,0.36,1.0,"{""valid"": 5}",1,1,5,2,2,5,10,"[3, 1, 3, 3, 3]",6,0.6,False,10,0.8,2,varies_by_two_or_more_positions
5,False,proprietary_gpt,True,"[""ox14-c000085|ox14-c000410|ox14-c000077|ox14-c000296|ox14-c000179"", ""ox14-c000410|ox14-c000077|ox14-c000085|ox14-c000296|ox14-c000179""]",6,0.6,5,False,0,0.84,1.0,0.2,0.2,0.2,0.0,0.0,"[0.2, 0.2, 0.2, 0.2, 0.2]",ow14-s0069,positive,0.88,1.0,"{""valid"": 5}",0,0,0,2,1,5,10,"[5, 5, 5, 5, 5]",10,1.0,True,10,0.0,0,stable_identical_rank
5,False,proprietary_gpt,True,"[""ox14-c000223|ox14-c000343|ox14-c000353|ox14-c000395|ox14-c000118"", ""ox14-c000223|ox14-c000395|ox14-c000118|ox14-c000343|ox14-c000353""]",6,0.6,5,False,0,0.68,1.0,0.45,0.5,0.25,0.1,0.25,"[0.25, 0.5, 0.5, 0.5, 0.5]",ow14-s0070,positive,0.6799999999999999,1.0,"{""valid"": 5}",0,4,5,2,2,5,10,"[4, 2, 2, 2, 2]",6,0.6,False,10,0.8,2,varies_by_two_or_more_positions
5,True,proprietary_gpt,False,"[""ox14-c000116|ox14-c000188|ox14-c000311|ox14-c000307|ox14-c000315""]",10,1.0,5,False,0,1.0,1.0,1.0,1.0,1.0,0.0,0.0,"[1.0, 1.0, 1.0, 1.0, 1.0]",ow14-s0071,positive,1.0,1.0,"{""valid"": 5}",5,5,5,1,1,5,10,"[1, 1, 1, 1, 1]",10,1.0,True,10,0.0,0,stable_identical_rank
5,False,proprietary_gpt,True,"[""ox14-c000271|ox14-c000404|ox14-c000351|ox14-c000167|ox14-c000161"", ""ox14-c000404|ox14-c000271|ox14-c000351|ox14-c000167|ox14-c000161""]",4,0.4,5,False,0,0.88,0.8,0.7,1.0,0.5,0.2449489742783178,0.5,"[0.5, 1.0, 0.5, 0.5, 1.0]",ow14-s0072,positive,0.9400000000000001,0.9,"{""valid"": 5}",2,5,5,2,2,5,10,"[2, 1, 2, 2, 1]",4,0.4,False,10,0.4898979485566356,1,varies_by_one_position
5,True,proprietary_gpt,False,"[""ox14-c000272|ox14-c000429|ox14-c000117|ox14-c000304|ox14-c000029""]",10,1.0,5,False,0,1.0,1.0,0.25,0.25,0.25,0.0,0.0,"[0.25, 0.25, 0.25, 0.25, 0.25]",ow14-s0073,positive,1.0,1.0,"{""valid"": 5}",0,0,5,1,1,5,10,"[4, 4, 4, 4, 4]",10,1.0,True,10,0.0,0,stable_identical_rank
5,False,proprietary_gpt,True,"[""ox14-c000136|ox14-c000185|ox14-c000335|ox14-c000377|ox14-c000346"", ""ox14-c000185|ox14-c000335|ox14-c000377|ox14-c000136|ox14-c000346"", ""ox14-c000346|ox14-c000136|ox14-c000185|ox14-c000335|ox14-c000377"", ""ox14-c000346|ox14-c000185|ox14-c000335|ox14-c000377|ox14-c000136""]",1,0.1,5,False,0,0.16,0.2,0.3333333333333333,0.5,0.25,0.09128709291752768,0.25,"[0.25, 0.3333333333333333, 0.25, 0.3333333333333333, 0.5]",ow14-s0074,positive,0.03999999999999998,0.0,"{""valid"": 5}",0,1,5,4,3,5,10,"[4, 3, 4, 3, 2]",2,0.2,False,10,0.7483314773547883,2,varies_by_two_or_more_positions
5,False,proprietary_gpt,True,"[""ox14-c000198|ox14-c000104|ox14-c000247|ox14-c000396|ox14-c000070"", ""ox14-c000198|ox14-c000104|ox14-c000396|ox14-c000247|ox14-c000070""]",6,0.6,5,False,0,0.92,1.0,0.5,0.5,0.5,0.0,0.0,"[0.5, 0.5, 0.5, 0.5, 0.5]",ow14-s0075,positive,0.96,1.0,"{""valid"": 5}",0,5,5,2,1,5,10,"[2, 2, 2, 2, 2]",10,1.0,True,10,0.0,0,stable_identical_rank
5,True,proprietary_gpt,False,"[""ox14-c000056|ox14-c000099|ox14-c000102|ox14-c000023|ox14-c000163""]",10,1.0,5,False,0,1.0,1.0,0.2,0.2,0.2,0.0,0.0,"[0.2, 0.2, 0.2, 0.2, 0.2]",ow14-s0076,positive,1.0,1.0,"{""valid"": 5}",0,0,0,1,1,5,10,"[5, 5, 5, 5, 5]",10,1.0,True,10,0.0,0,stable_identical_rank
5,False,proprietary_gpt,True,"[""ox14-c000189|ox14-c000054|ox14-c000236|ox14-c000348|ox14-c000030"", ""ox14-c000189|ox14-c000054|ox14-c000348|ox14-c000236|ox14-c000030"", ""ox14-c000236|ox14-c000189|ox14-c000054|ox14-c000348|ox14-c000030"", ""ox14-c000236|ox14-c000348|ox14-c000189|ox14-c000054|ox14-c000030""]",1,0.1,5,False,0,0.48,0.5,0.4166666666666667,0.5,0.25,0.10540925533894598,0.25,"[0.5, 0.5, 0.5, 0.3333333333333333, 0.25]",ow14-s0077,positive,0.54,0.55,"{""valid"": 5}",0,3,5,4,3,5,10,"[2, 2, 2, 3, 4]",3,0.3,False,10,0.8,2,varies_by_two_or_more_positions
5,False,proprietary_gpt,True,"[""ox14-c000083|ox14-c000426|ox14-c000341|ox14-c000209|ox14-c000342"", ""ox14-c000426|ox14-c000341|ox14-c000209|ox14-c000342|ox14-c000083""]",6,0.6,5,False,0,0.68,1.0,0.21000000000000002,0.25,0.2,0.019999999999999997,0.04999999999999999,"[0.25, 0.2, 0.2, 0.2, 0.2]",ow14-s0078,positive,0.6,1.0,"{""valid"": 5}",0,0,1,2,2,5,10,"[4, 5, 5, 5, 5]",6,0.6,False,10,0.4,1,varies_by_one_position
5,False,proprietary_gpt,True,"[""ox14-c000254|ox14-c000259|ox14-c000184|ox14-c000333|ox14-c000340"", ""ox14-c000254|ox14-c000340|ox14-c000259|ox14-c000184|ox14-c000333"", ""ox14-c000340|ox14-c000254|ox14-c000259|ox14-c000184|ox14-c000333""]",2,0.2,5,False,0,0.52,0.4,0.58,1.0,0.2,0.36,0.8,"[0.5, 0.2, 1.0, 1.0, 0.2]",ow14-s0079,positive,0.46,0.4,"{""valid"": 5}",2,3,3,3,3,5,10,"[2, 5, 1, 1, 5]",2,0.2,False,10,1.833030277982336,4,varies_by_two_or_more_positions
5,False,proprietary_gpt,True,"[""ox14-c000229|ox14-c000278|ox14-c000355|ox14-c000383|ox14-c000031"", ""ox14-c000278|ox14-c000355|ox14-c000383|ox14-c000229|ox14-c000031"", ""ox14-c000278|ox14-c000383|ox14-c000355|ox14-c000229|ox14-c000031""]",2,0.2,5,False,0,0.52,0.4,0.36666666666666664,0.5,0.25,0.1130388330520878,0.25,"[0.3333333333333333, 0.5, 0.5, 0.25, 0.25]",ow14-s0080,positive,0.5800000000000001,0.4,"{""valid"": 5}",0,2,5,3,3,5,10,"[3, 2, 2, 4, 4]",2,0.2,False,10,0.8944271909999159,2,varies_by_two_or_more_positions
5,False,proprietary_gpt,True,"[""ox14-c000125|ox14-c000435|ox14-c000065|ox14-c000204|ox14-c000294"", ""ox14-c000435|ox14-c000125|ox14-c000065|ox14-c000204|ox14-c000294""]",4,0.4,5,False,0,0.88,0.8,0.8,1.0,0.5,0.2449489742783178,0.5,"[1.0, 1.0, 0.5, 1.0, 0.5]",ow14-s0081,positive,0.9400000000000001,0.9,"{""valid"": 5}",3,5,5,2,2,5,10,"[1, 1, 2, 1, 2]",4,0.4,False,10,0.4898979485566356,1,varies_by_one_position
5,False,proprietary_gpt,True,"[""ox14-c000044|ox14-c000409|ox14-c000131|ox14-c000066|ox14-c000164"", ""ox14-c000131|ox14-c000044|ox14-c000409|ox14-c000066|ox14-c000164""]",4,0.4,5,False,0,0.76,0.6,0.7333333333333333,1.0,0.3333333333333333,0.32659863237109044,0.6666666666666667,"[1.0, 1.0, 0.3333333333333333, 0.3333333333333333, 1.0]",ow14-s0082,positive,0.82,0.7,"{""valid"": 5}",3,3,5,2,2,5,10,"[1, 1, 3, 3, 1]",4,0.4,False,10,0.9797958971132712,2,varies_by_two_or_more_positions
5,False,proprietary_gpt,True,"[""ox14-c000432|ox14-c000208|ox14-c000261|ox14-c000112|ox14-c000301"", ""ox14-c000432|ox14-c000261|ox14-c000112|ox14-c000208|ox14-c000301""]",6,0.6,5,False,0,0.84,1.0,0.2,0.2,0.2,0.0,0.0,"[0.2, 0.2, 0.2, 0.2, 0.2]",ow14-s0083,positive,0.88,1.0,"{""valid"": 5}",0,0,0,2,1,5,10,"[5, 5, 5, 5, 5]",10,1.0,True,10,0.0,0,stable_identical_rank
5,False,proprietary_gpt,True,"[""ox14-c000224|ox14-c000362|ox14-c000332|ox14-c000414|ox14-c000310"", ""ox14-c000224|ox14-c000362|ox14-c000414|ox14-c000332|ox14-c000310"", ""ox14-c000414|ox14-c000332|ox14-c000224|ox14-c000362|ox14-c000310""]",3,0.3,5,False,0,0.6,0.8,0.31666666666666665,0.5,0.25,0.097182531580755,0.25,"[0.25, 0.25, 0.5, 0.25, 0.3333333333333333]",ow14-s0084,positive,0.64,0.9,"{""valid"": 5}",0,1,5,3,3,5,10,"[4, 4, 2, 4, 3]",3,0.3,False,10,0.8,2,varies_by_two_or_more_positions
5,True,proprietary_gpt,False,"[""ox14-c000402|ox14-c000391|ox14-c000264|ox14-c000210|ox14-c000036""]",10,1.0,5,False,0,1.0,1.0,0.3333333333333333,0.3333333333333333,0.3333333333333333,0.0,0.0,"[0.3333333333333333, 0.3333333333333333, 0.3333333333333333, 0.3333333333333333, 0.3333333333333333]",ow14-s0085,positive,1.0,1.0,"{""valid"": 5}",0,0,5,1,1,5,10,"[3, 3, 3, 3, 3]",10,1.0,True,10,0.0,0,stable_identical_rank
5,False,proprietary_gpt,True,"[""ox14-c000225|ox14-c000421|ox14-c000320|ox14-c000252|ox14-c000067"", ""ox14-c000421|ox14-c000320|ox14-c000252|ox14-c000067|ox14-c000225""]",6,0.6,5,False,0,0.68,1.0,0.9,1.0,0.5,0.2,0.5,"[0.5, 1.0, 1.0, 1.0, 1.0]",ow14-s0086,positive,0.6,1.0,"{""valid"": 5}",4,5,5,2,2,5,10,"[2, 1, 1, 1, 1]",6,0.6,False,10,0.4,1,varies_by_one_position
5,False,proprietary_gpt,True,"[""ox14-c000090|ox14-c000369|ox14-c000140|ox14-c000165|ox14-c000319"", ""ox14-c000090|ox14-c000369|ox14-c000165|ox14-c000319|ox14-c000140""]",6,0.6,5,False,0,0.84,1.0,0.21000000000000002,0.25,0.2,0.019999999999999997,0.04999999999999999,"[0.25, 0.2, 0.2, 0.2, 0.2]",ow14-s0087,positive,0.88,1.0,"{""valid"": 5}",0,0,1,2,2,5,10,"[4, 5, 5, 5, 5]",6,0.6,False,10,0.4,1,varies_by_one_position
5,False,proprietary_gpt,True,"[""ox14-c000081|ox14-c000072|ox14-c000265|ox14-c000389|ox14-c000312"", ""ox14-c000081|ox14-c000265|ox14-c000389|ox14-c000072|ox14-c000312"", ""ox14-c000265|ox14-c000389|ox14-c000072|ox14-c000081|ox14-c000312"", ""ox14-c000265|ox14-c000389|ox14-c000072|ox14-c000312|ox14-c000081""]",1,0.1,5,False,0,0.4,0.4,0.21000000000000002,0.25,0.2,0.019999999999999997,0.04999999999999999,"[0.25, 0.2, 0.2, 0.2, 0.2]",ow14-s0088,positive,0.42,0.4,"{""valid"": 5}",0,0,1,4,2,5,10,"[4, 5, 5, 5, 5]",6,0.6,False,10,0.4,1,varies_by_one_position
5,False,proprietary_gpt,True,"[""ox14-c000323|ox14-c000046|ox14-c000246|ox14-c000211|ox14-c000367"", ""ox14-c000367|ox14-c000211|ox14-c000323|ox14-c000046|ox14-c000246"", ""ox14-c000367|ox14-c000323|ox14-c000046|ox14-c000246|ox14-c000211""]",2,0.2,5,False,0,0.32,0.4,0.84,1.0,0.2,0.32,0.8,"[1.0, 0.2, 1.0, 1.0, 1.0]",ow14-s0089,positive,0.24,0.4,"{""valid"": 5}",4,4,4,3,2,5,10,"[1, 5, 1, 1, 1]",6,0.6,False,10,1.6,4,varies_by_two_or_more_positions
5,False,proprietary_gpt,True,"[""ox14-c000121|ox14-c000108|ox14-c000266|ox14-c000181|ox14-c000025"", ""ox14-c000266|ox14-c000121|ox14-c000108|ox14-c000181|ox14-c000025""]",6,0.6,5,False,0,0.84,1.0,0.8666666666666667,1.0,0.3333333333333333,0.26666666666666666,0.6666666666666667,"[1.0, 1.0, 1.0, 1.0, 0.3333333333333333]",ow14-s0090,positive,0.88,1.0,"{""valid"": 5}",4,4,5,2,2,5,10,"[1, 1, 1, 1, 3]",6,0.6,False,10,0.8,2,varies_by_two_or_more_positions
5,True,proprietary_gpt,False,"[""ox14-c000058|ox14-c000197|ox14-c000040|ox14-c000012|ox14-c000037""]",10,1.0,5,False,0,1.0,1.0,0.3333333333333333,0.3333333333333333,0.3333333333333333,0.0,0.0,"[0.3333333333333333, 0.3333333333333333, 0.3333333333333333, 0.3333333333333333, 0.3333333333333333]",ow14-s0091,positive,1.0,1.0,"{""valid"": 5}",0,0,5,1,1,5,10,"[3, 3, 3, 3, 3]",10,1.0,True,10,0.0,0,stable_identical_rank
5,False,proprietary_gpt,True,"[""ox14-c000270|ox14-c000245|ox14-c000354|ox14-c000374|ox14-c000159"", ""ox14-c000374|ox14-c000270|ox14-c000245|ox14-c000354|ox14-c000159""]",6,0.6,5,False,0,0.76,1.0,0.2,0.2,0.2,0.0,0.0,"[0.2, 0.2, 0.2, 0.2, 0.2]",ow14-s0092,positive,0.76,1.0,"{""valid"": 5}",0,0,0,2,1,5,10,"[5, 5, 5, 5, 5]",10,1.0,True,10,0.0,0,stable_identical_rank
5,False,proprietary_gpt,True,"[""ox14-c000075|ox14-c000336|ox14-c000127|ox14-c000087|ox14-c000033"", ""ox14-c000127|ox14-c000075|ox14-c000336|ox14-c000033|ox14-c000087"", ""ox14-c000127|ox14-c000075|ox14-c000336|ox14-c000087|ox14-c000033""]",2,0.2,5,False,0,0.68,0.6,0.39999999999999997,0.5,0.3333333333333333,0.08164965809277261,0.16666666666666669,"[0.5, 0.3333333333333333, 0.5, 0.3333333333333333, 0.3333333333333333]",ow14-s0093,positive,0.78,0.7,"{""valid"": 5}",0,2,5,3,2,5,10,"[2, 3, 2, 3, 3]",4,0.4,False,10,0.4898979485566356,1,varies_by_one_position
5,False,proprietary_gpt,True,"[""ox14-c000277|ox14-c000406|ox14-c000352|ox14-c000370|ox14-c000297"", ""ox14-c000370|ox14-c000277|ox14-c000352|ox14-c000406|ox14-c000297"", ""ox14-c000370|ox14-c000352|ox14-c000277|ox14-c000406|ox14-c000297""]",2,0.2,5,False,0,0.44,0.2,0.7,1.0,0.25,0.3674234614174767,0.75,"[1.0, 1.0, 1.0, 0.25, 0.25]",ow14-s0094,positive,0.52,0.30000000000000004,"{""valid"": 5}",3,3,5,3,2,5,10,"[1, 1, 1, 4, 4]",4,0.4,False,10,1.469693845669907,3,varies_by_two_or_more_positions
5,False,proprietary_gpt,True,"[""ox14-c000357|ox14-c000113|ox14-c000060|ox14-c000133|ox14-c000183"", ""ox14-c000357|ox14-c000133|ox14-c000113|ox14-c000060|ox14-c000183""]",4,0.4,5,False,0,0.76,0.6,0.35,0.5,0.25,0.1224744871391589,0.25,"[0.25, 0.25, 0.5, 0.25, 0.5]",ow14-s0095,positive,0.82,0.7,"{""valid"": 5}",0,2,5,2,2,5,10,"[4, 4, 2, 4, 2]",4,0.4,False,10,0.9797958971132712,2,varies_by_two_or_more_positions
5,True,proprietary_gpt,False,"[""ox14-c000004|ox14-c000398|ox14-c000103|ox14-c000381|ox14-c000293""]",10,1.0,5,False,0,1.0,1.0,1.0,1.0,1.0,0.0,0.0,"[1.0, 1.0, 1.0, 1.0, 1.0]",ow14-s0096,positive,1.0,1.0,"{""valid"": 5}",5,5,5,1,1,5,10,"[1, 1, 1, 1, 1]",10,1.0,True,10,0.0,0,stable_identical_rank
5,False,proprietary_gpt,True,"[""ox14-c000074|ox14-c000422|ox14-c000107|ox14-c000093|ox14-c000373"", ""ox14-c000093|ox14-c000373|ox14-c000074|ox14-c000422|ox14-c000107"", ""ox14-c000093|ox14-c000373|ox14-c000422|ox14-c000074|ox14-c000107"", ""ox14-c000093|ox14-c000373|ox14-c000422|ox14-c000107|ox14-c000074""]",1,0.1,5,False,0,0.28,0.6,0.39666666666666667,1.0,0.2,0.30557777696975574,0.8,"[0.3333333333333333, 0.25, 0.2, 1.0, 0.2]",ow14-s0097,positive,0.24,0.7,"{""valid"": 5}",1,1,3,4,4,5,10,"[3, 4, 5, 1, 5]",1,0.1,False,10,1.4966629547095767,4,varies_by_two_or_more_positions
5,True,proprietary_gpt,False,"[""ox14-c000427|ox14-c000275|ox14-c000053|ox14-c000350|ox14-c000337""]",10,1.0,5,False,0,1.0,1.0,0.5,0.5,0.5,0.0,0.0,"[0.5, 0.5, 0.5, 0.5, 0.5]",ow14-s0098,positive,1.0,1.0,"{""valid"": 5}",0,5,5,1,1,5,10,"[2, 2, 2, 2, 2]",10,1.0,True,10,0.0,0,stable_identical_rank
5,True,proprietary_gpt,False,"[""ox14-c000428|ox14-c000384|ox14-c000344|ox14-c000216|ox14-c000016""]",10,1.0,5,False,0,1.0,1.0,1.0,1.0,1.0,0.0,0.0,"[1.0, 1.0, 1.0, 1.0, 1.0]",ow14-s0099,positive,1.0,1.0,"{""valid"": 5}",5,5,5,1,1,5,10,"[1, 1, 1, 1, 1]",10,1.0,True,10,0.0,0,stable_identical_rank
5,False,proprietary_gpt,True,"[""ox14-c000207|ox14-c000220|ox14-c000268|ox14-c000177|ox14-c000306"", ""ox14-c000268|ox14-c000207|ox14-c000220|ox14-c000177|ox14-c000306""]",6,0.6,5,False,0,0.84,1.0,0.2,0.2,0.2,0.0,0.0,"[0.2, 0.2, 0.2, 0.2, 0.2]",ow14-s0100,positive,0.88,1.0,"{""valid"": 5}",0,0,0,2,1,5,10,"[5, 5, 5, 5, 5]",10,1.0,True,10,0.0,0,stable_identical_rank
5,False,proprietary_gpt,True,"[""ox14-c000061|ox14-c000434|ox14-c000007|ox14-c000314|ox14-c000026"", ""ox14-c000434|ox14-c000007|ox14-c000061|ox14-c000314|ox14-c000026""]",6,0.6,5,False,0,0.84,1.0,0.4666666666666667,0.5,0.3333333333333333,0.06666666666666668,0.16666666666666669,"[0.3333333333333333, 0.5, 0.5, 0.5, 0.5]",ow14-s0101,positive,0.88,1.0,"{""valid"": 5}",0,4,5,2,2,5,10,"[3, 2, 2, 2, 2]",6,0.6,False,10,0.4,1,varies_by_one_position
5,False,proprietary_gpt,True,"[""ox14-c000273|ox14-c000109|ox14-c000219|ox14-c000359|ox14-c000034"", ""ox14-c000359|ox14-c000273|ox14-c000109|ox14-c000219|ox14-c000034""]",6,0.6,5,False,0,0.76,1.0,0.4,1.0,0.25,0.3,0.75,"[0.25, 0.25, 0.25, 0.25, 1.0]",ow14-s0102,positive,0.76,1.0,"{""valid"": 5}",1,1,5,2,2,5,10,"[4, 4, 4, 4, 1]",6,0.6,False,10,1.2,3,varies_by_two_or_more_positions
5,True,proprietary_gpt,False,"[""ox14-c000269|ox14-c000405|ox14-c000101|ox14-c000363|ox14-c000303""]",10,1.0,5,False,0,1.0,1.0,1.0,1.0,1.0,0.0,0.0,"[1.0, 1.0, 1.0, 1.0, 1.0]",ow14-s0103,positive,1.0,1.0,"{""valid"": 5}",5,5,5,1,1,5,10,"[1, 1, 1, 1, 1]",10,1.0,True,10,0.0,0,stable_identical_rank
5,False,proprietary_gpt,True,"[""ox14-c000111|ox14-c000403|ox14-c000100|ox14-c000064|ox14-c000226"", ""ox14-c000226|ox14-c000064|ox14-c000111|ox14-c000403|ox14-c000100"", ""ox14-c000226|ox14-c000111|ox14-c000403|ox14-c000100|ox14-c000064""]",2,0.2,5,False,0,0.32,0.4,0.3333333333333333,0.5,0.25,0.09128709291752768,0.25,"[0.5, 0.25, 0.3333333333333333, 0.3333333333333333, 0.25]",ow14-s0104,positive,0.24,0.4,"{""valid"": 5}",0,1,5,3,3,5,10,"[2, 4, 3, 3, 4]",2,0.2,False,10,0.7483314773547883,2,varies_by_two_or_more_positions
5,False,proprietary_gpt,True,"[""ox14-c000141|ox14-c000387|ox14-c000048|ox14-c000212|ox14-c000003"", ""ox14-c000387|ox14-c000048|ox14-c000141|ox14-c000003|ox14-c000212"", ""ox14-c000387|ox14-c000048|ox14-c000141|ox14-c000212|ox14-c000003""]",3,0.3,5,False,0,0.68,0.6,0.21000000000000002,0.25,0.2,0.019999999999999997,0.04999999999999999,"[0.2, 0.2, 0.2, 0.25, 0.2]",ow14-s0105,positive,0.78,0.7,"{""valid"": 5}",0,0,1,3,2,5,10,"[5, 5, 5, 4, 5]",6,0.6,False,10,0.4,1,varies_by_one_position
5,False,proprietary_gpt,True,"[""ox14-c000082|ox14-c000423|ox14-c000202|ox14-c000399|ox14-c000251"", ""ox14-c000202|ox14-c000399|ox14-c000251|ox14-c000423|ox14-c000082""]",6,0.6,5,False,0,0.44,1.0,0.4666666666666667,1.0,0.3333333333333333,0.26666666666666666,0.6666666666666667,"[1.0, 0.3333333333333333, 0.3333333333333333, 0.3333333333333333, 0.3333333333333333]",ow14-s0106,positive,0.36,1.0,"{""valid"": 5}",1,1,5,2,2,5,10,"[1, 3, 3, 3, 3]",6,0.6,False,10,0.8,2,varies_by_two_or_more_positions
5,False,proprietary_gpt,True,"[""ox14-c000085|ox14-c000410|ox14-c000430|ox14-c000077|ox14-c000296"", ""ox14-c000410|ox14-c000430|ox14-c000077|ox14-c000085|ox14-c000296"", ""ox14-c000430|ox14-c000410|ox14-c000077|ox14-c000085|ox14-c000296""]",3,0.3,5,False,0,0.68,0.8,0.5666666666666667,1.0,0.3333333333333333,0.2260776661041756,0.6666666666666667,"[0.3333333333333333, 0.5, 0.5, 0.5, 1.0]",ow14-s0107,positive,0.72,0.9,"{""valid"": 5}",1,4,5,3,3,5,10,"[3, 2, 2, 2, 1]",3,0.3,False,10,0.6324555320336759,2,varies_by_two_or_more_positions
5,False,proprietary_gpt,True,"[""ox14-c000118|ox14-c000395|ox14-c000353|ox14-c000223|ox14-c000018"", ""ox14-c000223|ox14-c000118|ox14-c000395|ox14-c000353|ox14-c000018""]",6,0.6,5,False,0,0.76,1.0,0.2,0.2,0.2,0.0,0.0,"[0.2, 0.2, 0.2, 0.2, 0.2]",ow14-s0108,positive,0.76,1.0,"{""valid"": 5}",0,0,0,2,1,5,10,"[5, 5, 5, 5, 5]",10,1.0,True,10,0.0,0,stable_identical_rank
5,False,proprietary_gpt,True,"[""ox14-c000188|ox14-c000020|ox14-c000307|ox14-c000311|ox14-c000315"", ""ox14-c000188|ox14-c000307|ox14-c000020|ox14-c000315|ox14-c000311""]",6,0.6,5,False,0,0.84,1.0,0.36666666666666664,0.5,0.3333333333333333,0.06666666666666668,0.16666666666666669,"[0.5, 0.3333333333333333, 0.3333333333333333, 0.3333333333333333, 0.3333333333333333]",ow14-s0109,positive,0.92,1.0,"{""valid"": 5}",0,1,5,2,2,5,10,"[2, 3, 3, 3, 3]",6,0.6,False,10,0.4,1,varies_by_one_position
5,False,proprietary_gpt,True,"[""ox14-c000232|ox14-c000404|ox14-c000351|ox14-c000167|ox14-c000161"", ""ox14-c000351|ox14-c000404|ox14-c000232|ox14-c000167|ox14-c000161"", ""ox14-c000404|ox14-c000351|ox14-c000232|ox14-c000167|ox14-c000161""]",2,0.2,5,False,0,0.64,0.6,0.6,1.0,0.3333333333333333,0.32659863237109044,0.6666666666666667,"[0.3333333333333333, 0.3333333333333333, 1.0, 0.3333333333333333, 1.0]",ow14-s0110,positive,0.76,0.7,"{""valid"": 5}",2,2,5,3,2,5,10,"[3, 3, 1, 3, 1]",4,0.4,False,10,0.9797958971132712,2,varies_by_two_or_more_positions
5,True,proprietary_gpt,False,"[""ox14-c000429|ox14-c000272|ox14-c000117|ox14-c000119|ox14-c000029""]",10,1.0,5,False,0,1.0,1.0,0.25,0.25,0.25,0.0,0.0,"[0.25, 0.25, 0.25, 0.25, 0.25]",ow14-s0111,positive,1.0,1.0,"{""valid"": 5}",0,0,5,1,1,5,10,"[4, 4, 4, 4, 4]",10,1.0,True,10,0.0,0,stable_identical_rank
5,False,proprietary_gpt,True,"[""ox14-c000136|ox14-c000346|ox14-c000378|ox14-c000185|ox14-c000377"", ""ox14-c000136|ox14-c000346|ox14-c000378|ox14-c000377|ox14-c000185"", ""ox14-c000136|ox14-c000378|ox14-c000185|ox14-c000377|ox14-c000346""]",3,0.3,5,False,0,0.56,0.4,0.43333333333333335,0.5,0.3333333333333333,0.08164965809277261,0.16666666666666669,"[0.5, 0.3333333333333333, 0.3333333333333333, 0.5, 0.5]",ow14-s0112,positive,0.6,0.4,"{""valid"": 5}",0,3,5,3,2,5,10,"[2, 3, 3, 2, 2]",4,0.4,False,10,0.4898979485566356,1,varies_by_one_position
5,False,proprietary_gpt,True,"[""ox14-c000094|ox14-c000070|ox14-c000198|ox14-c000247|ox14-c000396"", ""ox14-c000094|ox14-c000070|ox14-c000396|ox14-c000198|ox14-c000247"", ""ox14-c000094|ox14-c000396|ox14-c000198|ox14-c000247|ox14-c000070""]",3,0.3,5,False,0,0.48,0.4,1.0,1.0,1.0,0.0,0.0,"[1.0, 1.0, 1.0, 1.0, 1.0]",ow14-s0113,positive,0.52,0.4,"{""valid"": 5}",5,5,5,3,1,5,10,"[1, 1, 1, 1, 1]",10,1.0,True,10,0.0,0,stable_identical_rank
5,False,proprietary_gpt,True,"[""ox14-c000102|ox14-c000099|ox14-c000056|ox14-c000139|ox14-c000023"", ""ox14-c000139|ox14-c000102|ox14-c000099|ox14-c000056|ox14-c000023""]",6,0.6,5,False,0,0.76,1.0,0.4,1.0,0.25,0.3,0.75,"[0.25, 0.25, 0.25, 1.0, 0.25]",ow14-s0114,positive,0.76,1.0,"{""valid"": 5}",1,1,5,2,2,5,10,"[4, 4, 4, 1, 4]",6,0.6,False,10,1.2,3,varies_by_two_or_more_positions
5,True,proprietary_gpt,False,"[""ox14-c000006|ox14-c000189|ox14-c000348|ox14-c000236|ox14-c000030""]",10,1.0,5,False,0,1.0,1.0,1.0,1.0,1.0,0.0,0.0,"[1.0, 1.0, 1.0, 1.0, 1.0]",ow14-s0115,positive,1.0,1.0,"{""valid"": 5}",5,5,5,1,1,5,10,"[1, 1, 1, 1, 1]",10,1.0,True,10,0.0,0,stable_identical_rank
5,False,proprietary_gpt,True,"[""ox14-c000083|ox14-c000426|ox14-c000120|ox14-c000341|ox14-c000209"", ""ox14-c000083|ox14-c000426|ox14-c000341|ox14-c000209|ox14-c000120"", ""ox14-c000426|ox14-c000120|ox14-c000341|ox14-c000209|ox14-c000083""]",2,0.2,5,False,0,0.44,0.6,0.31333333333333335,0.5,0.2,0.11075498483890765,0.3,"[0.5, 0.2, 0.3333333333333333, 0.2, 0.3333333333333333]",ow14-s0116,positive,0.42,0.7,"{""valid"": 5}",0,1,3,3,3,5,10,"[2, 5, 3, 5, 3]",2,0.2,False,10,1.2,3,varies_by_two_or_more_positions
5,False,proprietary_gpt,True,"[""ox14-c000221|ox14-c000333|ox14-c000184|ox14-c000259|ox14-c000254"", ""ox14-c000333|ox14-c000184|ox14-c000259|ox14-c000254|ox14-c000221""]",4,0.4,5,False,0,0.52,0.2,0.68,1.0,0.2,0.3919183588453085,0.8,"[1.0, 0.2, 1.0, 0.2, 1.0]",ow14-s0117,positive,0.4,0.0,"{""valid"": 5}",3,3,3,2,2,5,10,"[1, 5, 1, 5, 1]",4,0.4,False,10,1.9595917942265424,4,varies_by_two_or_more_positions
5,False,proprietary_gpt,True,"[""ox14-c000229|ox14-c000278|ox14-c000355|ox14-c000031|ox14-c000010"", ""ox14-c000229|ox14-c000355|ox14-c000278|ox14-c000031|ox14-c000010"", ""ox14-c000355|ox14-c000278|ox14-c000229|ox14-c000031|ox14-c000010""]",3,0.3,5,False,0,0.72,0.8,0.2,0.2,0.2,0.0,0.0,"[0.2, 0.2, 0.2, 0.2, 0.2]",ow14-s0118,positive,0.82,0.9,"{""valid"": 5}",0,0,0,3,1,5,10,"[5, 5, 5, 5, 5]",10,1.0,True,10,0.0,0,stable_identical_rank
5,False,proprietary_gpt,True,"[""ox14-c000125|ox14-c000204|ox14-c000065|ox14-c000294|ox14-c000169"", ""ox14-c000204|ox14-c000065|ox14-c000125|ox14-c000294|ox14-c000169""]",6,0.6,5,False,0,0.84,1.0,0.2,0.2,0.2,0.0,0.0,"[0.2, 0.2, 0.2, 0.2, 0.2]",ow14-s0119,positive,0.88,1.0,"{""valid"": 5}",0,0,0,2,1,5,10,"[5, 5, 5, 5, 5]",10,1.0,True,10,0.0,0,stable_identical_rank
5,True,proprietary_gpt,False,"[""ox14-c000409|ox14-c000050|ox14-c000044|ox14-c000066|ox14-c000164""]",10,1.0,5,False,0,1.0,1.0,0.5,0.5,0.5,0.0,0.0,"[0.5, 0.5, 0.5, 0.5, 0.5]",ow14-s0120,positive,1.0,1.0,"{""valid"": 5}",0,5,5,1,1,5,10,"[2, 2, 2, 2, 2]",10,1.0,True,10,0.0,0,stable_identical_rank
5,True,proprietary_gpt,False,"[""ox14-c000432|ox14-c000112|ox14-c000261|ox14-c000208|ox14-c000214""]",10,1.0,5,False,0,1.0,1.0,0.2,0.2,0.2,0.0,0.0,"[0.2, 0.2, 0.2, 0.2, 0.2]",ow14-s0121,positive,1.0,1.0,"{""valid"": 5}",0,0,0,1,1,5,10,"[5, 5, 5, 5, 5]",10,1.0,True,10,0.0,0,stable_identical_rank
5,False,proprietary_gpt,True,"[""ox14-c000224|ox14-c000362|ox14-c000414|ox14-c000256|ox14-c000310"", ""ox14-c000414|ox14-c000256|ox14-c000224|ox14-c000362|ox14-c000310""]",4,0.4,5,False,0,0.52,0.2,0.35,0.5,0.25,0.1224744871391589,0.25,"[0.25, 0.5, 0.25, 0.25, 0.5]",ow14-s0122,positive,0.52,0.19999999999999996,"{""valid"": 5}",0,2,5,2,2,5,10,"[4, 2, 4, 4, 2]",4,0.4,False,10,0.9797958971132712,2,varies_by_two_or_more_positions
5,True,proprietary_gpt,False,"[""ox14-c000391|ox14-c000402|ox14-c000199|ox14-c000210|ox14-c000036""]",10,1.0,5,False,0,1.0,1.0,0.3333333333333333,0.3333333333333333,0.3333333333333333,0.0,0.0,"[0.3333333333333333, 0.3333333333333333, 0.3333333333333333, 0.3333333333333333, 0.3333333333333333]",ow14-s0123,positive,1.0,1.0,"{""valid"": 5}",0,0,5,1,1,5,10,"[3, 3, 3, 3, 3]",10,1.0,True,10,0.0,0,stable_identical_rank
5,False,proprietary_gpt,True,"[""ox14-c000225|ox14-c000067|ox14-c000252|ox14-c000320|ox14-c000160"", ""ox14-c000225|ox14-c000252|ox14-c000320|ox14-c000067|ox14-c000160""]",4,0.4,5,False,0,0.76,0.6,0.2,0.2,0.2,0.0,0.0,"[0.2, 0.2, 0.2, 0.2, 0.2]",ow14-s0124,positive,0.82,0.7,"{""valid"": 5}",0,0,0,2,1,5,10,"[5, 5, 5, 5, 5]",10,1.0,True,10,0.0,0,stable_identical_rank
5,False,proprietary_gpt,True,"[""ox14-c000140|ox14-c000393|ox14-c000369|ox14-c000090|ox14-c000165"", ""ox14-c000369|ox14-c000090|ox14-c000393|ox14-c000140|ox14-c000165"", ""ox14-c000393|ox14-c000140|ox14-c000369|ox14-c000090|ox14-c000165""]",2,0.2,5,False,0,0.44,0.2,0.6333333333333333,1.0,0.3333333333333333,0.30550504633038933,0.6666666666666667,"[0.5, 1.0, 0.3333333333333333, 0.3333333333333333, 1.0]",ow14-s0125,positive,0.48,0.19999999999999996,"{""valid"": 5}",2,3,5,3,3,5,10,"[2, 1, 3, 3, 1]",2,0.2,False,10,0.8944271909999159,2,varies_by_two_or_more_positions
5,False,proprietary_gpt,True,"[""ox14-c000081|ox14-c000366|ox14-c000072|ox14-c000265|ox14-c000389"", ""ox14-c000081|ox14-c000366|ox14-c000265|ox14-c000389|ox14-c000072""]",4,0.4,5,False,0,0.76,0.6,0.5,0.5,0.5,0.0,0.0,"[0.5, 0.5, 0.5, 0.5, 0.5]",ow14-s0126,positive,0.82,0.7,"{""valid"": 5}",0,5,5,2,1,5,10,"[2, 2, 2, 2, 2]",10,1.0,True,10,0.0,0,stable_identical_rank
5,False,proprietary_gpt,True,"[""ox14-c000211|ox14-c000246|ox14-c000323|ox14-c000114|ox14-c000046"", ""ox14-c000246|ox14-c000211|ox14-c000323|ox14-c000114|ox14-c000046"", ""ox14-c000246|ox14-c000323|ox14-c000114|ox14-c000046|ox14-c000211""]",2,0.2,5,False,0,0.56,0.4,0.2833333333333333,0.3333333333333333,0.25,0.04082482904638629,0.08333333333333331,"[0.25, 0.3333333333333333, 0.25, 0.25, 0.3333333333333333]",ow14-s0127,positive,0.54,0.4,"{""valid"": 5}",0,0,5,3,2,5,10,"[4, 3, 4, 4, 3]",4,0.4,False,10,0.4898979485566356,1,varies_by_one_position
5,True,proprietary_gpt,False,"[""ox14-c000418|ox14-c000108|ox14-c000121|ox14-c000025|ox14-c000181""]",10,1.0,5,False,0,1.0,1.0,1.0,1.0,1.0,0.0,0.0,"[1.0, 1.0, 1.0, 1.0, 1.0]",ow14-s0128,positive,1.0,1.0,"{""valid"": 5}",5,5,5,1,1,5,10,"[1, 1, 1, 1, 1]",10,1.0,True,10,0.0,0,stable_identical_rank
5,True,proprietary_gpt,False,"[""ox14-c000058|ox14-c000197|ox14-c000124|ox14-c000012|ox14-c000037""]",10,1.0,5,False,0,1.0,1.0,0.3333333333333333,0.3333333333333333,0.3333333333333333,0.0,0.0,"[0.3333333333333333, 0.3333333333333333, 0.3333333333333333, 0.3333333333333333, 0.3333333333333333]",ow14-s0129,positive,1.0,1.0,"{""valid"": 5}",0,0,5,1,1,5,10,"[3, 3, 3, 3, 3]",10,1.0,True,10,0.0,0,stable_identical_rank
5,False,proprietary_gpt,True,"[""ox14-c000270|ox14-c000245|ox14-c000354|ox14-c000339|ox14-c000374"", ""ox14-c000374|ox14-c000270|ox14-c000354|ox14-c000339|ox14-c000245"", ""ox14-c000374|ox14-c000354|ox14-c000339|ox14-c000245|ox14-c000270""]",3,0.3,5,False,0,0.03999999999999999,-0.2,0.26666666666666666,0.3333333333333333,0.25,0.033333333333333326,0.08333333333333331,"[0.25, 0.25, 0.3333333333333333, 0.25, 0.25]",ow14-s0130,positive,-0.019999999999999983,-0.30000000000000004,"{""valid"": 5}",0,0,5,3,2,5,10,"[4, 4, 3, 4, 4]",6,0.6,False,10,0.4,1,varies_by_one_position
5,False,proprietary_gpt,True,"[""ox14-c000087|ox14-c000127|ox14-c000045|ox14-c000075|ox14-c000033"", ""ox14-c000127|ox14-c000045|ox14-c000075|ox14-c000087|ox14-c000033""]",4,0.4,5,False,0,0.64,0.4,0.43333333333333335,0.5,0.3333333333333333,0.08164965809277261,0.16666666666666669,"[0.3333333333333333, 0.5, 0.5, 0.5, 0.3333333333333333]",ow14-s0131,positive,0.64,0.4,"{""valid"": 5}",0,3,5,2,2,5,10,"[3, 2, 2, 2, 3]",4,0.4,False,10,0.4898979485566356,1,varies_by_one_position
5,True,proprietary_gpt,False,"[""ox14-c000382|ox14-c000406|ox14-c000352|ox14-c000277|ox14-c000297""]",10,1.0,5,False,0,1.0,1.0,1.0,1.0,1.0,0.0,0.0,"[1.0, 1.0, 1.0, 1.0, 1.0]",ow14-s0132,positive,1.0,1.0,"{""valid"": 5}",5,5,5,1,1,5,10,"[1, 1, 1, 1, 1]",10,1.0,True,10,0.0,0,stable_identical_rank
5,False,proprietary_gpt,True,"[""ox14-c000192|ox14-c000060|ox14-c000113|ox14-c000357|ox14-c000183"", ""ox14-c000357|ox14-c000060|ox14-c000113|ox14-c000192|ox14-c000183"", ""ox14-c000357|ox14-c000192|ox14-c000060|ox14-c000113|ox14-c000183""]",3,0.3,5,False,0,0.6,0.6,0.55,1.0,0.25,0.2449489742783178,0.75,"[0.5, 0.5, 0.25, 1.0, 0.5]",ow14-s0133,positive,0.64,0.7,"{""valid"": 5}",1,4,5,3,3,5,10,"[2, 2, 4, 1, 2]",3,0.3,False,10,0.9797958971132712,3,varies_by_two_or_more_positions
5,True,proprietary_gpt,False,"[""ox14-c000358|ox14-c000103|ox14-c000381|ox14-c000398|ox14-c000293""]",10,1.0,5,False,0,1.0,1.0,1.0,1.0,1.0,0.0,0.0,"[1.0, 1.0, 1.0, 1.0, 1.0]",ow14-s0134,positive,1.0,1.0,"{""valid"": 5}",5,5,5,1,1,5,10,"[1, 1, 1, 1, 1]",10,1.0,True,10,0.0,0,stable_identical_rank
5,False,proprietary_gpt,True,"[""ox14-c000093|ox14-c000373|ox14-c000201|ox14-c000107|ox14-c000422"", ""ox14-c000093|ox14-c000373|ox14-c000422|ox14-c000201|ox14-c000107""]",4,0.4,5,False,0,0.76,0.6,0.2833333333333333,0.3333333333333333,0.25,0.04082482904638629,0.08333333333333331,"[0.3333333333333333, 0.25, 0.25, 0.25, 0.3333333333333333]",ow14-s0135,positive,0.82,0.7,"{""valid"": 5}",0,0,5,2,2,5,10,"[3, 4, 4, 4, 3]",4,0.4,False,10,0.4898979485566356,1,varies_by_one_position
5,False,proprietary_gpt,True,"[""ox14-c000427|ox14-c000053|ox14-c000337|ox14-c000350|ox14-c000300"", ""ox14-c000427|ox14-c000337|ox14-c000350|ox14-c000053|ox14-c000300""]",6,0.6,5,False,0,0.84,1.0,0.2,0.2,0.2,0.0,0.0,"[0.2, 0.2, 0.2, 0.2, 0.2]",ow14-s0136,positive,0.88,1.0,"{""valid"": 5}",0,0,0,2,1,5,10,"[5, 5, 5, 5, 5]",10,1.0,True,10,0.0,0,stable_identical_rank
5,True,proprietary_gpt,False,"[""ox14-c000384|ox14-c000216|ox14-c000205|ox14-c000344|ox14-c000016""]",10,1.0,5,False,0,1.0,1.0,0.3333333333333333,0.3333333333333333,0.3333333333333333,0.0,0.0,"[0.3333333333333333, 0.3333333333333333, 0.3333333333333333, 0.3333333333333333, 0.3333333333333333]",ow14-s0137,positive,1.0,1.0,"{""valid"": 5}",0,0,5,1,1,5,10,"[3, 3, 3, 3, 3]",10,1.0,True,10,0.0,0,stable_identical_rank
5,False,proprietary_gpt,True,"[""ox14-c000268|ox14-c000321|ox14-c000220|ox14-c000207|ox14-c000177"", ""ox14-c000321|ox14-c000268|ox14-c000220|ox14-c000207|ox14-c000177""]",6,0.6,5,False,0,0.92,1.0,0.9,1.0,0.5,0.2,0.5,"[0.5, 1.0, 1.0, 1.0, 1.0]",ow14-s0138,positive,0.96,1.0,"{""valid"": 5}",4,5,5,2,2,5,10,"[2, 1, 1, 1, 1]",6,0.6,False,10,0.4,1,varies_by_one_position
5,True,proprietary_gpt,False,"[""ox14-c000434|ox14-c000061|ox14-c000175|ox14-c000026|ox14-c000314""]",10,1.0,5,False,0,1.0,1.0,0.3333333333333333,0.3333333333333333,0.3333333333333333,0.0,0.0,"[0.3333333333333333, 0.3333333333333333, 0.3333333333333333, 0.3333333333333333, 0.3333333333333333]",ow14-s0139,positive,1.0,1.0,"{""valid"": 5}",0,0,5,1,1,5,10,"[3, 3, 3, 3, 3]",10,1.0,True,10,0.0,0,stable_identical_rank
5,False,proprietary_gpt,True,"[""ox14-c000109|ox14-c000273|ox14-c000137|ox14-c000219|ox14-c000034"", ""ox14-c000273|ox14-c000137|ox14-c000109|ox14-c000219|ox14-c000034""]",6,0.6,5,False,0,0.84,1.0,0.4666666666666667,0.5,0.3333333333333333,0.06666666666666668,0.16666666666666669,"[0.3333333333333333, 0.5, 0.5, 0.5, 0.5]",ow14-s0140,positive,0.88,1.0,"{""valid"": 5}",0,4,5,2,2,5,10,"[3, 2, 2, 2, 2]",6,0.6,False,10,0.4,1,varies_by_one_position
5,False,proprietary_gpt,True,"[""ox14-c000363|ox14-c000405|ox14-c000101|ox14-c000021|ox14-c000303"", ""ox14-c000363|ox14-c000405|ox14-c000101|ox14-c000303|ox14-c000021""]",6,0.6,5,False,0,0.92,1.0,0.24,0.25,0.2,0.019999999999999997,0.04999999999999999,"[0.25, 0.25, 0.25, 0.2, 0.25]",ow14-s0141,positive,0.96,1.0,"{""valid"": 5}",0,0,4,2,2,5,10,"[4, 4, 4, 5, 4]",6,0.6,False,10,0.4,1,varies_by_one_position
5,True,proprietary_gpt,False,"[""ox14-c000226|ox14-c000064|ox14-c000100|ox14-c000111|ox14-c000170""]",10,1.0,5,False,0,1.0,1.0,0.2,0.2,0.2,0.0,0.0,"[0.2, 0.2, 0.2, 0.2, 0.2]",ow14-s0142,positive,1.0,1.0,"{""valid"": 5}",0,0,0,1,1,5,10,"[5, 5, 5, 5, 5]",10,1.0,True,10,0.0,0,stable_identical_rank
5,False,proprietary_gpt,True,"[""ox14-c000141|ox14-c000212|ox14-c000387|ox14-c000048|ox14-c000318"", ""ox14-c000141|ox14-c000387|ox14-c000048|ox14-c000212|ox14-c000318"", ""ox14-c000141|ox14-c000387|ox14-c000212|ox14-c000048|ox14-c000318""]",3,0.3,5,False,0,0.8,0.8,0.2,0.2,0.2,0.0,0.0,"[0.2, 0.2, 0.2, 0.2, 0.2]",ow14-s0143,positive,0.87,0.9,"{""valid"": 5}",0,0,0,3,1,5,10,"[5, 5, 5, 5, 5]",10,1.0,True,10,0.0,0,stable_identical_rank
5,False,proprietary_gpt,True,"[""ox14-c000423|ox14-c000082|ox14-c000251|ox14-c000399|ox14-c000194"", ""ox14-c000423|ox14-c000251|ox14-c000399|ox14-c000194|ox14-c000082""]",6,0.6,5,False,0,0.76,1.0,0.24,0.25,0.2,0.019999999999999997,0.04999999999999999,"[0.25, 0.25, 0.25, 0.25, 0.2]",ow14-s0144,positive,0.76,1.0,"{""valid"": 5}",0,0,4,2,2,5,10,"[4, 4, 4, 4, 5]",6,0.6,False,10,0.4,1,varies_by_one_position
5,False,proprietary_gpt,True,"[""ox14-c000085|ox14-c000135|ox14-c000077|ox14-c000410|ox14-c000296"", ""ox14-c000135|ox14-c000077|ox14-c000410|ox14-c000085|ox14-c000296"", ""ox14-c000135|ox14-c000410|ox14-c000077|ox14-c000085|ox14-c000296""]",3,0.3,5,False,0,0.64,0.8,0.9,1.0,0.5,0.2,0.5,"[1.0, 1.0, 1.0, 0.5, 1.0]",ow14-s0145,positive,0.7000000000000001,0.9,"{""valid"": 5}",4,5,5,3,2,5,10,"[1, 1, 1, 2, 1]",6,0.6,False,10,0.4,1,varies_by_one_position
5,False,proprietary_gpt,True,"[""ox14-c000118|ox14-c000052|ox14-c000395|ox14-c000353|ox14-c000223"", ""ox14-c000353|ox14-c000118|ox14-c000052|ox14-c000395|ox14-c000223""]",4,0.4,5,False,0,0.64,0.4,0.39999999999999997,0.5,0.3333333333333333,0.08164965809277261,0.16666666666666669,"[0.3333333333333333, 0.5, 0.3333333333333333, 0.3333333333333333, 0.5]",ow14-s0146,positive,0.64,0.4,"{""valid"": 5}",0,2,5,2,2,5,10,"[3, 2, 3, 3, 2]",4,0.4,False,10,0.4898979485566356,1,varies_by_one_position
5,True,proprietary_gpt,False,"[""ox14-c000433|ox14-c000188|ox14-c000311|ox14-c000315|ox14-c000307""]",10,1.0,5,False,0,1.0,1.0,1.0,1.0,1.0,0.0,0.0,"[1.0, 1.0, 1.0, 1.0, 1.0]",ow14-s0147,positive,1.0,1.0,"{""valid"": 5}",5,5,5,1,1,5,10,"[1, 1, 1, 1, 1]",10,1.0,True,10,0.0,0,stable_identical_rank
5,True,proprietary_gpt,False,"[""ox14-c000243|ox14-c000404|ox14-c000351|ox14-c000167|ox14-c000161""]",10,1.0,5,False,0,1.0,1.0,1.0,1.0,1.0,0.0,0.0,"[1.0, 1.0, 1.0, 1.0, 1.0]",ow14-s0148,positive,1.0,1.0,"{""valid"": 5}",5,5,5,1,1,5,10,"[1, 1, 1, 1, 1]",10,1.0,True,10,0.0,0,stable_identical_rank
5,False,proprietary_gpt,True,"[""ox14-c000272|ox14-c000429|ox14-c000117|ox14-c000029|ox14-c000372"", ""ox14-c000272|ox14-c000429|ox14-c000117|ox14-c000372|ox14-c000029""]",6,0.6,5,False,0,0.92,1.0,0.24,0.25,0.2,0.019999999999999997,0.04999999999999999,"[0.25, 0.25, 0.2, 0.25, 0.25]",ow14-s0149,positive,0.96,1.0,"{""valid"": 5}",0,0,4,2,2,5,10,"[4, 4, 5, 4, 4]",6,0.6,False,10,0.4,1,varies_by_one_position
5,False,proprietary_gpt,True,"[""ox14-c000136|ox14-c000267|ox14-c000377|ox14-c000185|ox14-c000346"", ""ox14-c000346|ox14-c000377|ox14-c000185|ox14-c000136|ox14-c000267"", ""ox14-c000377|ox14-c000185|ox14-c000346|ox14-c000136|ox14-c000267"", ""ox14-c000377|ox14-c000346|ox14-c000136|ox14-c000267|ox14-c000185""]",1,0.1,5,False,0,0.2,0.4,0.27,0.5,0.2,0.116619037896906,0.3,"[0.2, 0.2, 0.5, 0.2, 0.25]",ow14-s0150,positive,0.17999999999999997,0.5,"{""valid"": 5}",0,1,2,4,3,5,10,"[5, 5, 2, 5, 4]",3,0.3,False,10,1.1661903789690602,3,varies_by_two_or_more_positions
5,True,proprietary_gpt,False,"[""ox14-c000247|ox14-c000396|ox14-c000198|ox14-c000070|ox14-c000022""]",10,1.0,5,False,0,1.0,1.0,0.2,0.2,0.2,0.0,0.0,"[0.2, 0.2, 0.2, 0.2, 0.2]",ow14-s0151,positive,1.0,1.0,"{""valid"": 5}",0,0,0,1,1,5,10,"[5, 5, 5, 5, 5]",10,1.0,True,10,0.0,0,stable_identical_rank
5,True,proprietary_gpt,False,"[""ox14-c000099|ox14-c000056|ox14-c000102|ox14-c000017|ox14-c000023""]",10,1.0,5,False,0,1.0,1.0,0.25,0.25,0.25,0.0,0.0,"[0.25, 0.25, 0.25, 0.25, 0.25]",ow14-s0152,positive,1.0,1.0,"{""valid"": 5}",0,0,5,1,1,5,10,"[4, 4, 4, 4, 4]",10,1.0,True,10,0.0,0,stable_identical_rank
5,False,proprietary_gpt,True,"[""ox14-c000236|ox14-c000348|ox14-c000388|ox14-c000189|ox14-c000030"", ""ox14-c000388|ox14-c000189|ox14-c000348|ox14-c000236|ox14-c000030""]",6,0.6,5,False,0,0.6,1.0,0.8666666666666667,1.0,0.3333333333333333,0.26666666666666666,0.6666666666666667,"[1.0, 0.3333333333333333, 1.0, 1.0, 1.0]",ow14-s0153,positive,0.64,1.0,"{""valid"": 5}",4,4,5,2,2,5,10,"[1, 3, 1, 1, 1]",6,0.6,False,10,0.8,2,varies_by_two_or_more_positions
5,False,proprietary_gpt,True,"[""ox14-c000083|ox14-c000426|ox14-c000341|ox14-c000209|ox14-c000073"", ""ox14-c000426|ox14-c000341|ox14-c000209|ox14-c000073|ox14-c000083""]",6,0.6,5,False,0,0.68,1.0,0.24,0.25,0.2,0.019999999999999997,0.04999999999999999,"[0.25, 0.25, 0.25, 0.25, 0.2]",ow14-s0154,positive,0.6,1.0,"{""valid"": 5}",0,0,4,2,2,5,10,"[4, 4, 4, 4, 5]",6,0.6,False,10,0.4,1,varies_by_one_position
5,True,proprietary_gpt,False,"[""ox14-c000254|ox14-c000184|ox14-c000259|ox14-c000095|ox14-c000333""]",10,1.0,5,False,0,1.0,1.0,0.25,0.25,0.25,0.0,0.0,"[0.25, 0.25, 0.25, 0.25, 0.25]",ow14-s0155,positive,1.0,1.0,"{""valid"": 5}",0,0,5,1,1,5,10,"[4, 4, 4, 4, 4]",10,1.0,True,10,0.0,0,stable_identical_rank
5,False,proprietary_gpt,True,"[""ox14-c000047|ox14-c000278|ox14-c000355|ox14-c000229|ox14-c000031"", ""ox14-c000229|ox14-c000047|ox14-c000355|ox14-c000278|ox14-c000031"", ""ox14-c000229|ox14-c000278|ox14-c000047|ox14-c000355|ox14-c000031"", ""ox14-c000229|ox14-c000355|ox14-c000047|ox14-c000278|ox14-c000031"", ""ox14-c000229|ox14-c000355|ox14-c000278|ox14-c000047|ox14-c000031""]",0,0.0,5,False,0,0.4,0.5,0.48333333333333334,1.0,0.25,0.27080128015453203,0.75,"[0.25, 0.3333333333333333, 1.0, 0.5, 0.3333333333333333]",ow14-s0156,positive,0.52,0.6499999999999999,"{""valid"": 5}",1,2,5,5,4,5,10,"[4, 3, 1, 2, 3]",1,0.1,False,10,1.019803902718557,3,varies_by_two_or_more_positions
5,False,proprietary_gpt,True,"[""ox14-c000125|ox14-c000065|ox14-c000204|ox14-c000230|ox14-c000294"", ""ox14-c000230|ox14-c000065|ox14-c000204|ox14-c000125|ox14-c000294""]",4,0.4,5,False,0,0.4,0.0,0.55,1.0,0.25,0.3674234614174767,0.75,"[1.0, 0.25, 0.25, 1.0, 0.25]",ow14-s0157,positive,0.45999999999999996,0.09999999999999998,"{""valid"": 5}",2,2,5,2,2,5,10,"[1, 4, 4, 1, 4]",4,0.4,False,10,1.469693845669907,3,varies_by_two_or_more_positions
5,True,proprietary_gpt,False,"[""ox14-c000043|ox14-c000044|ox14-c000409|ox14-c000066|ox14-c000164""]",10,1.0,5,False,0,1.0,1.0,1.0,1.0,1.0,0.0,0.0,"[1.0, 1.0, 1.0, 1.0, 1.0]",ow14-s0158,positive,1.0,1.0,"{""valid"": 5}",5,5,5,1,1,5,10,"[1, 1, 1, 1, 1]",10,1.0,True,10,0.0,0,stable_identical_rank
5,False,proprietary_gpt,True,"[""ox14-c000112|ox14-c000261|ox14-c000416|ox14-c000432|ox14-c000208"", ""ox14-c000208|ox14-c000112|ox14-c000261|ox14-c000416|ox14-c000432"", ""ox14-c000416|ox14-c000432|ox14-c000112|ox14-c000261|ox14-c000208""]",2,0.2,5,False,0,0.040000000000000015,0.2,0.5666666666666667,1.0,0.25,0.35512126254437526,0.75,"[1.0, 0.25, 0.25, 1.0, 0.3333333333333333]",ow14-s0159,positive,-0.08000000000000003,0.0,"{""valid"": 5}",2,2,5,3,3,5,10,"[1, 4, 4, 1, 3]",2,0.2,False,10,1.3564659966250536,3,varies_by_two_or_more_positions
5,False,proprietary_gpt,True,"[""ox14-c000414|ox14-c000196|ox14-c000224|ox14-c000362|ox14-c000310"", ""ox14-c000414|ox14-c000224|ox14-c000362|ox14-c000196|ox14-c000310""]",6,0.6,5,False,0,0.84,1.0,0.45,0.5,0.25,0.1,0.25,"[0.5, 0.25, 0.5, 0.5, 0.5]",ow14-s0160,positive,0.88,1.0,"{""valid"": 5}",0,4,5,2,2,5,10,"[2, 4, 2, 2, 2]",6,0.6,False,10,0.8,2,varies_by_two_or_more_positions
5,True,proprietary_gpt,False,"[""ox14-c000096|ox14-c000402|ox14-c000391|ox14-c000210|ox14-c000036""]",10,1.0,5,False,0,1.0,1.0,1.0,1.0,1.0,0.0,0.0,"[1.0, 1.0, 1.0, 1.0, 1.0]",ow14-s0161,positive,1.0,1.0,"{""valid"": 5}",5,5,5,1,1,5,10,"[1, 1, 1, 1, 1]",10,1.0,True,10,0.0,0,stable_identical_rank
5,False,proprietary_gpt,True,"[""ox14-c000225|ox14-c000413|ox14-c000067|ox14-c000320|ox14-c000252"", ""ox14-c000320|ox14-c000252|ox14-c000413|ox14-c000067|ox14-c000225"", ""ox14-c000413|ox14-c000320|ox14-c000252|ox14-c000067|ox14-c000225""]",3,0.3,5,False,0,0.28,0.6,0.5,1.0,0.3333333333333333,0.25819888974716115,0.6666666666666667,"[0.3333333333333333, 1.0, 0.3333333333333333, 0.5, 0.3333333333333333]",ow14-s0162,positive,0.23999999999999996,0.7,"{""valid"": 5}",1,2,5,3,3,5,10,"[3, 1, 3, 2, 3]",3,0.3,False,10,0.8,2,varies_by_two_or_more_positions
5,False,proprietary_gpt,True,"[""ox14-c000369|ox14-c000090|ox14-c000411|ox14-c000140|ox14-c000165"", ""ox14-c000411|ox14-c000140|ox14-c000369|ox14-c000090|ox14-c000165""]",4,0.4,5,False,0,0.52,0.2,0.6,1.0,0.3333333333333333,0.32659863237109044,0.6666666666666667,"[1.0, 0.3333333333333333, 0.3333333333333333, 0.3333333333333333, 1.0]",ow14-s0163,positive,0.52,0.19999999999999996,"{""valid"": 5}",2,2,5,2,2,5,10,"[1, 3, 3, 3, 1]",4,0.4,False,10,0.9797958971132712,2,varies_by_two_or_more_positions
5,True,proprietary_gpt,False,"[""ox14-c000081|ox14-c000072|ox14-c000389|ox14-c000265|ox14-c000386""]",10,1.0,5,False,0,1.0,1.0,0.2,0.2,0.2,0.0,0.0,"[0.2, 0.2, 0.2, 0.2, 0.2]",ow14-s0164,positive,1.0,1.0,"{""valid"": 5}",0,0,0,1,1,5,10,"[5, 5, 5, 5, 5]",10,1.0,True,10,0.0,0,stable_identical_rank
5,True,proprietary_gpt,False,"[""ox14-c000246|ox14-c000323|ox14-c000046|ox14-c000211|ox14-c000168""]",10,1.0,5,False,0,1.0,1.0,0.2,0.2,0.2,0.0,0.0,"[0.2, 0.2, 0.2, 0.2, 0.2]",ow14-s0165,positive,1.0,1.0,"{""valid"": 5}",0,0,0,1,1,5,10,"[5, 5, 5, 5, 5]",10,1.0,True,10,0.0,0,stable_identical_rank
5,True,proprietary_gpt,False,"[""ox14-c000108|ox14-c000121|ox14-c000071|ox14-c000181|ox14-c000025""]",10,1.0,5,False,0,1.0,1.0,0.3333333333333333,0.3333333333333333,0.3333333333333333,0.0,0.0,"[0.3333333333333333, 0.3333333333333333, 0.3333333333333333, 0.3333333333333333, 0.3333333333333333]",ow14-s0166,positive,1.0,1.0,"{""valid"": 5}",0,0,5,1,1,5,10,"[3, 3, 3, 3, 3]",10,1.0,True,10,0.0,0,stable_identical_rank
5,True,proprietary_gpt,False,"[""ox14-c000197|ox14-c000260|ox14-c000058|ox14-c000037|ox14-c000012""]",10,1.0,5,False,0,1.0,1.0,0.5,0.5,0.5,0.0,0.0,"[0.5, 0.5, 0.5, 0.5, 0.5]",ow14-s0167,positive,1.0,1.0,"{""valid"": 5}",0,5,5,1,1,5,10,"[2, 2, 2, 2, 2]",10,1.0,True,10,0.0,0,stable_identical_rank
5,False,proprietary_gpt,True,"[""ox14-c000374|ox14-c000245|ox14-c000270|ox14-c000354|ox14-c000215"", ""ox14-c000374|ox14-c000270|ox14-c000245|ox14-c000354|ox14-c000215"", ""ox14-c000374|ox14-c000270|ox14-c000354|ox14-c000215|ox14-c000245"", ""ox14-c000374|ox14-c000354|ox14-c000215|ox14-c000245|ox14-c000270""]",1,0.1,5,False,0,0.48,0.5,0.23666666666666666,0.3333333333333333,0.2,0.052068331172711015,0.1333333333333333,"[0.2, 0.2, 0.25, 0.2, 0.3333333333333333]",ow14-s0168,positive,0.54,0.55,"{""valid"": 5}",0,0,2,4,3,5,10,"[5, 5, 4, 5, 3]",3,0.3,False,10,0.8,2,varies_by_two_or_more_positions
5,False,proprietary_gpt,True,"[""ox14-c000087|ox14-c000106|ox14-c000075|ox14-c000127|ox14-c000033"", ""ox14-c000087|ox14-c000127|ox14-c000033|ox14-c000106|ox14-c000075"", ""ox14-c000087|ox14-c000127|ox14-c000106|ox14-c000075|ox14-c000033"", ""ox14-c000127|ox14-c000106|ox14-c000075|ox14-c000087|ox14-c000033""]",1,0.1,5,False,0,0.32,0.30000000000000004,0.4166666666666667,0.5,0.25,0.10540925533894598,0.25,"[0.5, 0.5, 0.5, 0.3333333333333333, 0.25]",ow14-s0169,positive,0.33999999999999997,0.3,"{""valid"": 5}",0,3,5,4,3,5,10,"[2, 2, 2, 3, 4]",3,0.3,False,10,0.8,2,varies_by_two_or_more_positions
5,True,proprietary_gpt,False,"[""ox14-c000420|ox14-c000277|ox14-c000406|ox14-c000352|ox14-c000297""]",10,1.0,5,False,0,1.0,1.0,1.0,1.0,1.0,0.0,0.0,"[1.0, 1.0, 1.0, 1.0, 1.0]",ow14-s0170,positive,1.0,1.0,"{""valid"": 5}",5,5,5,1,1,5,10,"[1, 1, 1, 1, 1]",10,1.0,True,10,0.0,0,stable_identical_rank
5,True,proprietary_gpt,False,"[""ox14-c000357|ox14-c000060|ox14-c000113|ox14-c000183|ox14-c000302""]",10,1.0,5,False,0,1.0,1.0,0.2,0.2,0.2,0.0,0.0,"[0.2, 0.2, 0.2, 0.2, 0.2]",ow14-s0171,positive,1.0,1.0,"{""valid"": 5}",0,0,0,1,1,5,10,"[5, 5, 5, 5, 5]",10,1.0,True,10,0.0,0,stable_identical_rank
5,True,proprietary_gpt,False,"[""ox14-c000398|ox14-c000381|ox14-c000103|ox14-c000013|ox14-c000293""]",10,1.0,5,False,0,1.0,1.0,0.25,0.25,0.25,0.0,0.0,"[0.25, 0.25, 0.25, 0.25, 0.25]",ow14-s0172,positive,1.0,1.0,"{""valid"": 5}",0,0,5,1,1,5,10,"[4, 4, 4, 4, 4]",10,1.0,True,10,0.0,0,stable_identical_rank
5,False,proprietary_gpt,True,"[""ox14-c000142|ox14-c000422|ox14-c000107|ox14-c000373|ox14-c000093"", ""ox14-c000373|ox14-c000093|ox14-c000107|ox14-c000142|ox14-c000422""]",6,0.6,5,False,0,0.36,1.0,0.4,1.0,0.25,0.3,0.75,"[0.25, 0.25, 0.25, 0.25, 1.0]",ow14-s0173,positive,0.27999999999999997,1.0,"{""valid"": 5}",1,1,5,2,2,5,10,"[4, 4, 4, 4, 1]",6,0.6,False,10,1.2,3,varies_by_two_or_more_positions
5,False,proprietary_gpt,True,"[""ox14-c000053|ox14-c000427|ox14-c000128|ox14-c000337|ox14-c000350"", ""ox14-c000427|ox14-c000128|ox14-c000053|ox14-c000337|ox14-c000350""]",6,0.6,5,False,0,0.84,1.0,0.4666666666666667,0.5,0.3333333333333333,0.06666666666666668,0.16666666666666669,"[0.5, 0.5, 0.5, 0.3333333333333333, 0.5]",ow14-s0174,positive,0.88,1.0,"{""valid"": 5}",0,4,5,2,2,5,10,"[2, 2, 2, 3, 2]",6,0.6,False,10,0.4,1,varies_by_one_position
5,False,proprietary_gpt,True,"[""ox14-c000344|ox14-c000216|ox14-c000384|ox14-c000011|ox14-c000016"", ""ox14-c000384|ox14-c000344|ox14-c000216|ox14-c000011|ox14-c000016""]",4,0.4,5,False,0,0.76,0.6,0.25,0.25,0.25,0.0,0.0,"[0.25, 0.25, 0.25, 0.25, 0.25]",ow14-s0175,positive,0.82,0.7,"{""valid"": 5}",0,0,5,2,1,5,10,"[4, 4, 4, 4, 4]",10,1.0,True,10,0.0,0,stable_identical_rank
5,True,proprietary_gpt,False,"[""ox14-c000268|ox14-c000220|ox14-c000207|ox14-c000313|ox14-c000177""]",10,1.0,5,False,0,1.0,1.0,0.25,0.25,0.25,0.0,0.0,"[0.25, 0.25, 0.25, 0.25, 0.25]",ow14-s0176,positive,1.0,1.0,"{""valid"": 5}",0,0,5,1,1,5,10,"[4, 4, 4, 4, 4]",10,1.0,True,10,0.0,0,stable_identical_rank
5,True,proprietary_gpt,False,"[""ox14-c000434|ox14-c000061|ox14-c000076|ox14-c000026|ox14-c000314""]",10,1.0,5,False,0,1.0,1.0,0.3333333333333333,0.3333333333333333,0.3333333333333333,0.0,0.0,"[0.3333333333333333, 0.3333333333333333, 0.3333333333333333, 0.3333333333333333, 0.3333333333333333]",ow14-s0177,positive,1.0,1.0,"{""valid"": 5}",0,0,5,1,1,5,10,"[3, 3, 3, 3, 3]",10,1.0,True,10,0.0,0,stable_identical_rank
5,True,proprietary_gpt,False,"[""ox14-c000273|ox14-c000109|ox14-c000219|ox14-c000361|ox14-c000034""]",10,1.0,5,False,0,1.0,1.0,0.25,0.25,0.25,0.0,0.0,"[0.25, 0.25, 0.25, 0.25, 0.25]",ow14-s0178,positive,1.0,1.0,"{""valid"": 5}",0,0,5,1,1,5,10,"[4, 4, 4, 4, 4]",10,1.0,True,10,0.0,0,stable_identical_rank
5,False,proprietary_gpt,True,"[""ox14-c000363|ox14-c000405|ox14-c000101|ox14-c000303|ox14-c000172"", ""ox14-c000405|ox14-c000101|ox14-c000363|ox14-c000303|ox14-c000172""]",6,0.6,5,False,0,0.84,1.0,0.2,0.2,0.2,0.0,0.0,"[0.2, 0.2, 0.2, 0.2, 0.2]",ow14-s0179,positive,0.88,1.0,"{""valid"": 5}",0,0,0,2,1,5,10,"[5, 5, 5, 5, 5]",10,1.0,True,10,0.0,0,stable_identical_rank
5,False,proprietary_gpt,True,"[""ox14-c000100|ox14-c000111|ox14-c000407|ox14-c000064|ox14-c000226"", ""ox14-c000100|ox14-c000407|ox14-c000111|ox14-c000064|ox14-c000226"", ""ox14-c000226|ox14-c000100|ox14-c000407|ox14-c000111|ox14-c000064""]",2,0.2,5,False,0,0.44,0.2,0.39999999999999997,0.5,0.3333333333333333,0.08164965809277261,0.16666666666666669,"[0.3333333333333333, 0.3333333333333333, 0.3333333333333333, 0.5, 0.5]",ow14-s0180,positive,0.36,0.0,"{""valid"": 5}",0,2,5,3,2,5,10,"[3, 3, 3, 2, 2]",4,0.4,False,10,0.4898979485566356,1,varies_by_one_position
5,True,proprietary_gpt,False,"[""ox14-c000141|ox14-c000387|ox14-c000048|ox14-c000212|ox14-c000298""]",10,1.0,5,False,0,1.0,1.0,0.2,0.2,0.2,0.0,0.0,"[0.2, 0.2, 0.2, 0.2, 0.2]",ow14-s0181,positive,1.0,1.0,"{""valid"": 5}",0,0,0,1,1,5,10,"[5, 5, 5, 5, 5]",10,1.0,True,10,0.0,0,stable_identical_rank
5,True,proprietary_gpt,False,"[""ox14-c000251|ox14-c000399|ox14-c000423|ox14-c000082|ox14-c000178""]",10,1.0,5,False,0,1.0,1.0,0.2,0.2,0.2,0.0,0.0,"[0.2, 0.2, 0.2, 0.2, 0.2]",ow14-s0182,positive,1.0,1.0,"{""valid"": 5}",0,0,0,1,1,5,10,"[5, 5, 5, 5, 5]",10,1.0,True,10,0.0,0,stable_identical_rank
5,False,proprietary_gpt,True,"[""ox14-c000077|ox14-c000410|ox14-c000115|ox14-c000085|ox14-c000296"", ""ox14-c000085|ox14-c000077|ox14-c000410|ox14-c000115|ox14-c000296"", ""ox14-c000410|ox14-c000115|ox14-c000077|ox14-c000085|ox14-c000296""]",2,0.2,5,False,0,0.52,0.6,0.3833333333333333,0.5,0.25,0.1,0.25,"[0.5, 0.5, 0.3333333333333333, 0.25, 0.3333333333333333]",ow14-s0183,positive,0.58,0.7,"{""valid"": 5}",0,2,5,3,3,5,10,"[2, 2, 3, 4, 3]",2,0.2,False,10,0.7483314773547883,2,varies_by_two_or_more_positions
5,False,proprietary_gpt,True,"[""ox14-c000005|ox14-c000118|ox14-c000395|ox14-c000353|ox14-c000223"", ""ox14-c000118|ox14-c000395|ox14-c000005|ox14-c000353|ox14-c000223"", ""ox14-c000223|ox14-c000353|ox14-c000118|ox14-c000395|ox14-c000005""]",3,0.3,5,False,0,0.27999999999999997,0.6,0.44,1.0,0.2,0.284722086720835,0.8,"[0.2, 0.3333333333333333, 0.3333333333333333, 1.0, 0.3333333333333333]",ow14-s0184,positive,0.23999999999999996,0.7,"{""valid"": 5}",1,1,4,3,3,5,10,"[5, 3, 3, 1, 3]",3,0.3,False,10,1.2649110640673518,4,varies_by_two_or_more_positions
5,False,proprietary_gpt,True,"[""ox14-c000188|ox14-c000015|ox14-c000307|ox14-c000311|ox14-c000315"", ""ox14-c000188|ox14-c000307|ox14-c000015|ox14-c000315|ox14-c000311""]",6,0.6,5,False,0,0.84,1.0,0.36666666666666664,0.5,0.3333333333333333,0.06666666666666668,0.16666666666666669,"[0.3333333333333333, 0.3333333333333333, 0.3333333333333333, 0.3333333333333333, 0.5]",ow14-s0185,positive,0.92,1.0,"{""valid"": 5}",0,1,5,2,2,5,10,"[3, 3, 3, 3, 2]",6,0.6,False,10,0.4,1,varies_by_one_position
5,False,proprietary_gpt,True,"[""ox14-c000351|ox14-c000404|ox14-c000167|ox14-c000161|ox14-c000182"", ""ox14-c000404|ox14-c000351|ox14-c000167|ox14-c000161|ox14-c000182""]",6,0.6,5,False,0,0.92,1.0,0.2,0.2,0.2,0.0,0.0,"[0.2, 0.2, 0.2, 0.2, 0.2]",ow14-s0186,positive,0.96,1.0,"{""valid"": 5}",0,0,0,2,1,5,10,"[5, 5, 5, 5, 5]",10,1.0,True,10,0.0,0,stable_identical_rank
5,False,proprietary_gpt,True,"[""ox14-c000117|ox14-c000272|ox14-c000429|ox14-c000029|ox14-c000038"", ""ox14-c000272|ox14-c000429|ox14-c000117|ox14-c000029|ox14-c000038""]",4,0.4,5,False,0,0.76,0.6,0.2,0.2,0.2,0.0,0.0,"[0.2, 0.2, 0.2, 0.2, 0.2]",ow14-s0187,positive,0.82,0.7,"{""valid"": 5}",0,0,0,2,1,5,10,"[5, 5, 5, 5, 5]",10,1.0,True,10,0.0,0,stable_identical_rank
5,False,proprietary_gpt,True,"[""ox14-c000136|ox14-c000185|ox14-c000059|ox14-c000346|ox14-c000377"", ""ox14-c000136|ox14-c000185|ox14-c000059|ox14-c000377|ox14-c000346"", ""ox14-c000185|ox14-c000059|ox14-c000377|ox14-c000136|ox14-c000346""]",3,0.3,5,False,0,0.68,0.8,0.36666666666666664,0.5,0.3333333333333333,0.06666666666666668,0.16666666666666669,"[0.3333333333333333, 0.5, 0.3333333333333333, 0.3333333333333333, 0.3333333333333333]",ow14-s0188,positive,0.71,0.9,"{""valid"": 5}",0,1,5,3,2,5,10,"[3, 2, 3, 3, 3]",6,0.6,False,10,0.4,1,varies_by_one_position
5,False,proprietary_gpt,True,"[""ox14-c000070|ox14-c000198|ox14-c000191|ox14-c000396|ox14-c000247"", ""ox14-c000198|ox14-c000191|ox14-c000396|ox14-c000247|ox14-c000070""]",4,0.4,5,False,0,0.52,0.2,0.43333333333333335,0.5,0.3333333333333333,0.08164965809277261,0.16666666666666669,"[0.5, 0.5, 0.5, 0.3333333333333333, 0.3333333333333333]",ow14-s0189,positive,0.4,0.0,"{""valid"": 5}",0,3,5,2,2,5,10,"[2, 2, 2, 3, 3]",4,0.4,False,10,0.4898979485566356,1,varies_by_one_position
5,True,proprietary_gpt,False,"[""ox14-c000099|ox14-c000056|ox14-c000102|ox14-c000014|ox14-c000023""]",10,1.0,5,False,0,1.0,1.0,0.25,0.25,0.25,0.0,0.0,"[0.25, 0.25, 0.25, 0.25, 0.25]",ow14-s0190,positive,1.0,1.0,"{""valid"": 5}",0,0,5,1,1,5,10,"[4, 4, 4, 4, 4]",10,1.0,True,10,0.0,0,stable_identical_rank
5,False,proprietary_gpt,True,"[""ox14-c000189|ox14-c000348|ox14-c000236|ox14-c000024|ox14-c000030"", ""ox14-c000236|ox14-c000189|ox14-c000348|ox14-c000024|ox14-c000030""]",6,0.6,5,False,0,0.84,1.0,0.25,0.25,0.25,0.0,0.0,"[0.25, 0.25, 0.25, 0.25, 0.25]",ow14-s0191,positive,0.88,1.0,"{""valid"": 5}",0,0,5,2,1,5,10,"[4, 4, 4, 4, 4]",10,1.0,True,10,0.0,0,stable_identical_rank
5,False,proprietary_gpt,True,"[""ox14-c000083|ox14-c000088|ox14-c000426|ox14-c000341|ox14-c000209"", ""ox14-c000426|ox14-c000341|ox14-c000209|ox14-c000083|ox14-c000088""]",4,0.4,5,False,0,0.27999999999999997,-0.2,0.38,0.5,0.2,0.14696938456699069,0.3,"[0.2, 0.2, 0.5, 0.5, 0.5]",ow14-s0192,positive,0.1,-0.5,"{""valid"": 5}",0,3,3,2,2,5,10,"[5, 5, 2, 2, 2]",4,0.4,False,10,1.469693845669907,3,varies_by_two_or_more_positions
5,False,proprietary_gpt,True,"[""ox14-c000184|ox14-c000333|ox14-c000259|ox14-c000254|ox14-c000371"", ""ox14-c000371|ox14-c000184|ox14-c000333|ox14-c000259|ox14-c000254""]",6,0.6,5,False,0,0.68,1.0,0.84,1.0,0.2,0.32,0.8,"[1.0, 0.2, 1.0, 1.0, 1.0]",ow14-s0193,positive,0.6,1.0,"{""valid"": 5}",4,4,4,2,2,5,10,"[1, 5, 1, 1, 1]",6,0.6,False,10,1.6,4,varies_by_two_or_more_positions
5,False,proprietary_gpt,True,"[""ox14-c000229|ox14-c000355|ox14-c000278|ox14-c000195|ox14-c000031"", ""ox14-c000278|ox14-c000195|ox14-c000355|ox14-c000229|ox14-c000031"", ""ox14-c000278|ox14-c000355|ox14-c000195|ox14-c000229|ox14-c000031""]",3,0.3,5,False,0,0.56,0.8,0.4166666666666667,0.5,0.25,0.10540925533894598,0.25,"[0.3333333333333333, 0.25, 0.5, 0.5, 0.5]",ow14-s0194,positive,0.63,0.9,"{""valid"": 5}",0,3,5,3,3,5,10,"[3, 4, 2, 2, 2]",3,0.3,False,10,0.8,2,varies_by_two_or_more_positions
5,False,proprietary_gpt,True,"[""ox14-c000125|ox14-c000274|ox14-c000065|ox14-c000204|ox14-c000294"", ""ox14-c000274|ox14-c000125|ox14-c000065|ox14-c000204|ox14-c000294""]",4,0.4,5,False,0,0.88,0.8,0.8,1.0,0.5,0.2449489742783178,0.5,"[1.0, 1.0, 1.0, 0.5, 0.5]",ow14-s0195,positive,0.9400000000000001,0.9,"{""valid"": 5}",3,5,5,2,2,5,10,"[1, 1, 1, 2, 2]",4,0.4,False,10,0.4898979485566356,1,varies_by_one_position
5,True,proprietary_gpt,False,"[""ox14-c000044|ox14-c000409|ox14-c000066|ox14-c000164|ox14-c000316""]",10,1.0,5,False,0,1.0,1.0,0.2,0.2,0.2,0.0,0.0,"[0.2, 0.2, 0.2, 0.2, 0.2]",ow14-s0196,positive,1.0,1.0,"{""valid"": 5}",0,0,0,1,1,5,10,"[5, 5, 5, 5, 5]",10,1.0,True,10,0.0,0,stable_identical_rank
5,True,proprietary_gpt,False,"[""ox14-c000432|ox14-c000261|ox14-c000112|ox14-c000208|ox14-c000317""]",10,1.0,5,False,0,1.0,1.0,0.2,0.2,0.2,0.0,0.0,"[0.2, 0.2, 0.2, 0.2, 0.2]",ow14-s0197,positive,1.0,1.0,"{""valid"": 5}",0,0,0,1,1,5,10,"[5, 5, 5, 5, 5]",10,1.0,True,10,0.0,0,stable_identical_rank
5,False,proprietary_gpt,True,"[""ox14-c000362|ox14-c000224|ox14-c000126|ox14-c000414|ox14-c000310"", ""ox14-c000362|ox14-c000224|ox14-c000414|ox14-c000126|ox14-c000310""]",6,0.6,5,False,0,0.92,1.0,0.26666666666666666,0.3333333333333333,0.25,0.033333333333333326,0.08333333333333331,"[0.25, 0.25, 0.25, 0.25, 0.3333333333333333]",ow14-s0198,positive,0.96,1.0,"{""valid"": 5}",0,0,5,2,2,5,10,"[4, 4, 4, 4, 3]",6,0.6,False,10,0.4,1,varies_by_one_position
5,True,proprietary_gpt,False,"[""ox14-c000391|ox14-c000402|ox14-c000253|ox14-c000210|ox14-c000036""]",10,1.0,5,False,0,1.0,1.0,0.3333333333333333,0.3333333333333333,0.3333333333333333,0.0,0.0,"[0.3333333333333333, 0.3333333333333333, 0.3333333333333333, 0.3333333333333333, 0.3333333333333333]",ow14-s0199,positive,1.0,1.0,"{""valid"": 5}",0,0,5,1,1,5,10,"[3, 3, 3, 3, 3]",10,1.0,True,10,0.0,0,stable_identical_rank
5,False,proprietary_gpt,True,"[""ox14-c000062|ox14-c000320|ox14-c000252|ox14-c000067|ox14-c000225"", ""ox14-c000062|ox14-c000320|ox14-c000252|ox14-c000225|ox14-c000067"", ""ox14-c000225|ox14-c000067|ox14-c000062|ox14-c000320|ox14-c000252""]",2,0.2,5,False,0,0.16,-0.2,0.7333333333333333,1.0,0.3333333333333333,0.32659863237109044,0.6666666666666667,"[1.0, 1.0, 1.0, 0.3333333333333333, 0.3333333333333333]",ow14-s0200,positive,0.039999999999999966,-0.5,"{""valid"": 5}",3,3,5,3,2,5,10,"[1, 1, 1, 3, 3]",4,0.4,False,10,0.9797958971132712,2,varies_by_two_or_more_positions
5,True,proprietary_gpt,False,"[""ox14-c000090|ox14-c000235|ox14-c000369|ox14-c000140|ox14-c000165""]",10,1.0,5,False,0,1.0,1.0,0.5,0.5,0.5,0.0,0.0,"[0.5, 0.5, 0.5, 0.5, 0.5]",ow14-s0201,positive,1.0,1.0,"{""valid"": 5}",0,5,5,1,1,5,10,"[2, 2, 2, 2, 2]",10,1.0,True,10,0.0,0,stable_identical_rank
5,False,proprietary_gpt,True,"[""ox14-c000081|ox14-c000389|ox14-c000265|ox14-c000258|ox14-c000072"", ""ox14-c000389|ox14-c000265|ox14-c000258|ox14-c000072|ox14-c000081""]",6,0.6,5,False,0,0.68,1.0,0.31666666666666665,0.3333333333333333,0.25,0.033333333333333326,0.08333333333333331,"[0.25, 0.3333333333333333, 0.3333333333333333, 0.3333333333333333, 0.3333333333333333]",ow14-s0202,positive,0.6,1.0,"{""valid"": 5}",0,0,5,2,2,5,10,"[4, 3, 3, 3, 3]",6,0.6,False,10,0.4,1,varies_by_one_position
5,False,proprietary_gpt,True,"[""ox14-c000046|ox14-c000130|ox14-c000246|ox14-c000323|ox14-c000211"", ""ox14-c000046|ox14-c000246|ox14-c000323|ox14-c000130|ox14-c000211"", ""ox14-c000130|ox14-c000046|ox14-c000246|ox14-c000323|ox14-c000211"", ""ox14-c000130|ox14-c000211|ox14-c000046|ox14-c000246|ox14-c000323""]",1,0.1,5,False,0,0.48000000000000004,0.4,0.75,1.0,0.25,0.31622776601683794,0.75,"[1.0, 0.25, 0.5, 1.0, 1.0]",ow14-s0203,positive,0.48,0.4,"{""valid"": 5}",3,4,5,4,3,5,10,"[1, 4, 2, 1, 1]",3,0.3,False,10,1.1661903789690602,3,varies_by_two_or_more_positions
5,True,proprietary_gpt,False,"[""ox14-c000419|ox14-c000121|ox14-c000108|ox14-c000181|ox14-c000025""]",10,1.0,5,False,0,1.0,1.0,1.0,1.0,1.0,0.0,0.0,"[1.0, 1.0, 1.0, 1.0, 1.0]",ow14-s0204,positive,1.0,1.0,"{""valid"": 5}",5,5,5,1,1,5,10,"[1, 1, 1, 1, 1]",10,1.0,True,10,0.0,0,stable_identical_rank
5,False,proprietary_gpt,True,"[""ox14-c000197|ox14-c000058|ox14-c000365|ox14-c000037|ox14-c000012"", ""ox14-c000365|ox14-c000197|ox14-c000058|ox14-c000012|ox14-c000037"", ""ox14-c000365|ox14-c000197|ox14-c000058|ox14-c000037|ox14-c000012""]",3,0.3,5,False,0,0.76,0.8,0.8666666666666667,1.0,0.3333333333333333,0.26666666666666666,0.6666666666666667,"[0.3333333333333333, 1.0, 1.0, 1.0, 1.0]",ow14-s0205,positive,0.84,0.9,"{""valid"": 5}",4,4,5,3,2,5,10,"[3, 1, 1, 1, 1]",6,0.6,False,10,0.8,2,varies_by_two_or_more_positions
5,False,proprietary_gpt,True,"[""ox14-c000270|ox14-c000245|ox14-c000354|ox14-c000374|ox14-c000001"", ""ox14-c000374|ox14-c000270|ox14-c000245|ox14-c000354|ox14-c000001"", ""ox14-c000374|ox14-c000270|ox14-c000354|ox14-c000245|ox14-c000001""]",2,0.2,5,False,0,0.64,0.8,0.2,0.2,0.2,0.0,0.0,"[0.2, 0.2, 0.2, 0.2, 0.2]",ow14-s0206,positive,0.7000000000000001,0.9,"{""valid"": 5}",0,0,0,3,1,5,10,"[5, 5, 5, 5, 5]",10,1.0,True,10,0.0,0,stable_identical_rank
5,False,proprietary_gpt,True,"[""ox14-c000087|ox14-c000033|ox14-c000075|ox14-c000127|ox14-c000008"", ""ox14-c000087|ox14-c000033|ox14-c000127|ox14-c000008|ox14-c000075"", ""ox14-c000087|ox14-c000127|ox14-c000008|ox14-c000075|ox14-c000033"", ""ox14-c000127|ox14-c000008|ox14-c000075|ox14-c000033|ox14-c000087""]",1,0.1,5,False,0,0.07999999999999999,0.1,0.2966666666666667,0.5,0.2,0.11274356350191841,0.3,"[0.5, 0.3333333333333333, 0.25, 0.2, 0.2]",ow14-s0207,positive,0.06,0.09999999999999998,"{""valid"": 5}",0,1,3,4,4,5,10,"[2, 3, 4, 5, 5]",1,0.1,False,10,1.1661903789690602,3,varies_by_two_or_more_positions
5,False,proprietary_gpt,True,"[""ox14-c000233|ox14-c000352|ox14-c000406|ox14-c000277|ox14-c000297"", ""ox14-c000277|ox14-c000406|ox14-c000352|ox14-c000233|ox14-c000297"", ""ox14-c000406|ox14-c000277|ox14-c000352|ox14-c000297|ox14-c000233""]",2,0.2,5,False,0,0.19999999999999998,-0.2,0.54,1.0,0.2,0.3760319135392633,0.8,"[0.25, 0.2, 1.0, 1.0, 0.25]",ow14-s0208,positive,0.3,0.0,"{""valid"": 5}",2,2,4,3,3,5,10,"[4, 5, 1, 1, 4]",2,0.2,False,10,1.6733200530681511,4,varies_by_two_or_more_positions
5,True,proprietary_gpt,False,"[""ox14-c000357|ox14-c000113|ox14-c000060|ox14-c000035|ox14-c000183""]",10,1.0,5,False,0,1.0,1.0,0.25,0.25,0.25,0.0,0.0,"[0.25, 0.25, 0.25, 0.25, 0.25]",ow14-s0209,positive,1.0,1.0,"{""valid"": 5}",0,0,5,1,1,5,10,"[4, 4, 4, 4, 4]",10,1.0,True,10,0.0,0,stable_identical_rank
5,True,proprietary_gpt,False,"[""ox14-c000263|ox14-c000398|ox14-c000103|ox14-c000381|ox14-c000293""]",10,1.0,5,False,0,1.0,1.0,1.0,1.0,1.0,0.0,0.0,"[1.0, 1.0, 1.0, 1.0, 1.0]",ow14-s0210,positive,1.0,1.0,"{""valid"": 5}",5,5,5,1,1,5,10,"[1, 1, 1, 1, 1]",10,1.0,True,10,0.0,0,stable_identical_rank
5,False,proprietary_gpt,True,"[""ox14-c000373|ox14-c000093|ox14-c000107|ox14-c000422|ox14-c000162"", ""ox14-c000373|ox14-c000093|ox14-c000422|ox14-c000107|ox14-c000162"", ""ox14-c000422|ox14-c000107|ox14-c000373|ox14-c000093|ox14-c000162""]",3,0.3,5,False,0,0.6,0.8,0.2,0.2,0.2,0.0,0.0,"[0.2, 0.2, 0.2, 0.2, 0.2]",ow14-s0211,positive,0.64,0.9,"{""valid"": 5}",0,0,0,3,1,5,10,"[5, 5, 5, 5, 5]",10,1.0,True,10,0.0,0,stable_identical_rank
5,True,proprietary_gpt,False,"[""ox14-c000427|ox14-c000053|ox14-c000337|ox14-c000350|ox14-c000041""]",10,1.0,5,False,0,1.0,1.0,0.2,0.2,0.2,0.0,0.0,"[0.2, 0.2, 0.2, 0.2, 0.2]",ow14-s0212,positive,1.0,1.0,"{""valid"": 5}",0,0,0,1,1,5,10,"[5, 5, 5, 5, 5]",10,1.0,True,10,0.0,0,stable_identical_rank
5,True,proprietary_gpt,False,"[""ox14-c000384|ox14-c000218|ox14-c000344|ox14-c000216|ox14-c000016""]",10,1.0,5,False,0,1.0,1.0,0.5,0.5,0.5,0.0,0.0,"[0.5, 0.5, 0.5, 0.5, 0.5]",ow14-s0213,positive,1.0,1.0,"{""valid"": 5}",0,5,5,1,1,5,10,"[2, 2, 2, 2, 2]",10,1.0,True,10,0.0,0,stable_identical_rank
5,True,proprietary_gpt,False,"[""ox14-c000268|ox14-c000220|ox14-c000207|ox14-c000177|ox14-c000308""]",10,1.0,5,False,0,1.0,1.0,0.2,0.2,0.2,0.0,0.0,"[0.2, 0.2, 0.2, 0.2, 0.2]",ow14-s0214,positive,1.0,1.0,"{""valid"": 5}",0,0,0,1,1,5,10,"[5, 5, 5, 5, 5]",10,1.0,True,10,0.0,0,stable_identical_rank
5,False,proprietary_gpt,True,"[""ox14-c000061|ox14-c000138|ox14-c000434|ox14-c000026|ox14-c000314"", ""ox14-c000138|ox14-c000434|ox14-c000061|ox14-c000026|ox14-c000314""]",6,0.6,5,False,0,0.84,1.0,0.9,1.0,0.5,0.2,0.5,"[1.0, 1.0, 1.0, 1.0, 0.5]",ow14-s0215,positive,0.88,1.0,"{""valid"": 5}",4,5,5,2,2,5,10,"[1, 1, 1, 1, 2]",6,0.6,False,10,0.4,1,varies_by_one_position
5,False,proprietary_gpt,True,"[""ox14-c000273|ox14-c000109|ox14-c000219|ox14-c000009|ox14-c000034"", ""ox14-c000273|ox14-c000219|ox14-c000109|ox14-c000009|ox14-c000034""]",6,0.6,5,False,0,0.92,1.0,0.25,0.25,0.25,0.0,0.0,"[0.25, 0.25, 0.25, 0.25, 0.25]",ow14-s0216,positive,0.96,1.0,"{""valid"": 5}",0,0,5,2,1,5,10,"[4, 4, 4, 4, 4]",10,1.0,True,10,0.0,0,stable_identical_rank
5,False,proprietary_gpt,True,"[""ox14-c000101|ox14-c000051|ox14-c000405|ox14-c000363|ox14-c000303"", ""ox14-c000363|ox14-c000101|ox14-c000051|ox14-c000405|ox14-c000303""]",4,0.4,5,False,0,0.64,0.4,0.39999999999999997,0.5,0.3333333333333333,0.08164965809277261,0.16666666666666669,"[0.3333333333333333, 0.5, 0.5, 0.3333333333333333, 0.3333333333333333]",ow14-s0217,positive,0.64,0.4,"{""valid"": 5}",0,2,5,2,2,5,10,"[3, 2, 2, 3, 3]",4,0.4,False,10,0.4898979485566356,1,varies_by_one_position
5,True,proprietary_gpt,False,"[""ox14-c000226|ox14-c000064|ox14-c000379|ox14-c000100|ox14-c000111""]",10,1.0,5,False,0,1.0,1.0,0.3333333333333333,0.3333333333333333,0.3333333333333333,0.0,0.0,"[0.3333333333333333, 0.3333333333333333, 0.3333333333333333, 0.3333333333333333, 0.3333333333333333]",ow14-s0218,positive,1.0,1.0,"{""valid"": 5}",0,0,5,1,1,5,10,"[3, 3, 3, 3, 3]",10,1.0,True,10,0.0,0,stable_identical_rank
5,False,proprietary_gpt,True,"[""ox14-c000048|ox14-c000387|ox14-c000250|ox14-c000141|ox14-c000212"", ""ox14-c000141|ox14-c000387|ox14-c000048|ox14-c000250|ox14-c000212"", ""ox14-c000212|ox14-c000387|ox14-c000048|ox14-c000250|ox14-c000141""]",3,0.3,5,False,0,0.19999999999999998,0.0,0.26666666666666666,0.3333333333333333,0.25,0.033333333333333326,0.08333333333333331,"[0.3333333333333333, 0.25, 0.25, 0.25, 0.25]",ow14-s0219,positive,0.11999999999999995,-0.10000000000000009,"{""valid"": 5}",0,0,5,3,2,5,10,"[3, 4, 4, 4, 4]",6,0.6,False,10,0.4,1,varies_by_one_position
5,True,proprietary_gpt,False,"[""ox14-c000431|ox14-c000423|ox14-c000251|ox14-c000399|ox14-c000082""]",10,1.0,5,False,0,1.0,1.0,1.0,1.0,1.0,0.0,0.0,"[1.0, 1.0, 1.0, 1.0, 1.0]",ow14-s0220,positive,1.0,1.0,"{""valid"": 5}",5,5,5,1,1,5,10,"[1, 1, 1, 1, 1]",10,1.0,True,10,0.0,0,stable_identical_rank
5,False,proprietary_gpt,True,"[""ox14-c000077|ox14-c000410|ox14-c000085|ox14-c000299|ox14-c000296"", ""ox14-c000085|ox14-c000077|ox14-c000410|ox14-c000299|ox14-c000296"", ""ox14-c000085|ox14-c000410|ox14-c000077|ox14-c000299|ox14-c000296""]",3,0.3,5,False,0,0.72,0.8,0.25,0.25,0.25,0.0,0.0,"[0.25, 0.25, 0.25, 0.25, 0.25]",ow14-s0221,positive,0.82,0.9,"{""valid"": 5}",0,0,5,3,1,5,10,"[4, 4, 4, 4, 4]",10,1.0,True,10,0.0,0,stable_identical_rank
5,False,proprietary_gpt,True,"[""ox14-c000223|ox14-c000424|ox14-c000353|ox14-c000395|ox14-c000118"", ""ox14-c000223|ox14-c000424|ox14-c000395|ox14-c000118|ox14-c000353"", ""ox14-c000424|ox14-c000395|ox14-c000118|ox14-c000353|ox14-c000223""]",3,0.3,5,False,0,0.44,0.6,0.6,1.0,0.5,0.2,0.5,"[0.5, 0.5, 1.0, 0.5, 0.5]",ow14-s0222,positive,0.42,0.7,"{""valid"": 5}",1,5,5,3,2,5,10,"[2, 2, 1, 2, 2]",6,0.6,False,10,0.4,1,varies_by_one_position
5,True,proprietary_gpt,False,"[""ox14-c000390|ox14-c000188|ox14-c000315|ox14-c000307|ox14-c000311""]",10,1.0,5,False,0,1.0,1.0,1.0,1.0,1.0,0.0,0.0,"[1.0, 1.0, 1.0, 1.0, 1.0]",ow14-s0223,positive,1.0,1.0,"{""valid"": 5}",5,5,5,1,1,5,10,"[1, 1, 1, 1, 1]",10,1.0,True,10,0.0,0,stable_identical_rank
5,False,proprietary_gpt,True,"[""ox14-c000351|ox14-c000404|ox14-c000161|ox14-c000167|ox14-c000295"", ""ox14-c000404|ox14-c000351|ox14-c000161|ox14-c000167|ox14-c000295""]",4,0.4,5,False,0,0.88,0.8,0.2,0.2,0.2,0.0,0.0,"[0.2, 0.2, 0.2, 0.2, 0.2]",ow14-s0224,positive,0.9400000000000001,0.9,"{""valid"": 5}",0,0,0,2,1,5,10,"[5, 5, 5, 5, 5]",10,1.0,True,10,0.0,0,stable_identical_rank
5,True,proprietary_gpt,False,"[""ox14-c000272|ox14-c000429|ox14-c000117|ox14-c000105|ox14-c000029""]",10,1.0,5,False,0,1.0,1.0,0.25,0.25,0.25,0.0,0.0,"[0.25, 0.25, 0.25, 0.25, 0.25]",ow14-s0225,positive,1.0,1.0,"{""valid"": 5}",0,0,5,1,1,5,10,"[4, 4, 4, 4, 4]",10,1.0,True,10,0.0,0,stable_identical_rank
5,True,proprietary_gpt,False,"[""ox14-c000136|ox14-c000377|ox14-c000185|ox14-c000203|ox14-c000346""]",10,1.0,5,False,0,1.0,1.0,0.25,0.25,0.25,0.0,0.0,"[0.25, 0.25, 0.25, 0.25, 0.25]",ow14-s0226,positive,1.0,1.0,"{""valid"": 5}",0,0,5,1,1,5,10,"[4, 4, 4, 4, 4]",10,1.0,True,10,0.0,0,stable_identical_rank
5,True,proprietary_gpt,False,"[""ox14-c000396|ox14-c000401|ox14-c000198|ox14-c000247|ox14-c000070""]",10,1.0,5,False,0,1.0,1.0,0.5,0.5,0.5,0.0,0.0,"[0.5, 0.5, 0.5, 0.5, 0.5]",ow14-s0227,positive,1.0,1.0,"{""valid"": 5}",0,5,5,1,1,5,10,"[2, 2, 2, 2, 2]",10,1.0,True,10,0.0,0,stable_identical_rank
5,True,proprietary_gpt,False,"[""ox14-c000099|ox14-c000392|ox14-c000102|ox14-c000056|ox14-c000023""]",10,1.0,5,False,0,1.0,1.0,0.5,0.5,0.5,0.0,0.0,"[0.5, 0.5, 0.5, 0.5, 0.5]",ow14-s0228,positive,1.0,1.0,"{""valid"": 5}",0,5,5,1,1,5,10,"[2, 2, 2, 2, 2]",10,1.0,True,10,0.0,0,stable_identical_rank
5,False,proprietary_gpt,True,"[""ox14-c000123|ox14-c000189|ox14-c000236|ox14-c000348|ox14-c000030"", ""ox14-c000123|ox14-c000189|ox14-c000348|ox14-c000236|ox14-c000030"", ""ox14-c000348|ox14-c000123|ox14-c000189|ox14-c000236|ox14-c000030""]",3,0.3,5,False,0,0.76,0.8,0.9,1.0,0.5,0.2,0.5,"[1.0, 0.5, 1.0, 1.0, 1.0]",ow14-s0229,positive,0.82,0.9,"{""valid"": 5}",4,5,5,3,2,5,10,"[1, 2, 1, 1, 1]",6,0.6,False,10,0.4,1,varies_by_one_position
5,False,proprietary_gpt,True,"[""ox14-c000083|ox14-c000209|ox14-c000341|ox14-c000249|ox14-c000426"", ""ox14-c000083|ox14-c000426|ox14-c000249|ox14-c000209|ox14-c000341""]",4,0.4,5,False,0,0.4,0.0,0.2833333333333333,0.3333333333333333,0.25,0.04082482904638629,0.08333333333333331,"[0.25, 0.3333333333333333, 0.25, 0.3333333333333333, 0.25]",ow14-s0230,positive,0.45999999999999996,0.09999999999999998,"{""valid"": 5}",0,0,5,2,2,5,10,"[4, 3, 4, 3, 4]",4,0.4,False,10,0.4898979485566356,1,varies_by_one_position
5,False,proprietary_gpt,True,"[""ox14-c000184|ox14-c000238|ox14-c000254|ox14-c000259|ox14-c000333"", ""ox14-c000254|ox14-c000333|ox14-c000238|ox14-c000259|ox14-c000184""]",6,0.6,5,False,0,0.44,1.0,0.36666666666666664,0.5,0.3333333333333333,0.06666666666666668,0.16666666666666669,"[0.3333333333333333, 0.3333333333333333, 0.3333333333333333, 0.5, 0.3333333333333333]",ow14-s0231,positive,0.4,1.0,"{""valid"": 5}",0,1,5,2,2,5,10,"[3, 3, 3, 2, 3]",6,0.6,False,10,0.4,1,varies_by_one_position
5,False,proprietary_gpt,True,"[""ox14-c000229|ox14-c000031|ox14-c000278|ox14-c000331|ox14-c000355"", ""ox14-c000229|ox14-c000031|ox14-c000278|ox14-c000355|ox14-c000331"", ""ox14-c000229|ox14-c000278|ox14-c000331|ox14-c000355|ox14-c000031"", ""ox14-c000229|ox14-c000355|ox14-c000278|ox14-c000331|ox14-c000031""]",1,0.1,5,False,0,0.4,0.30000000000000004,0.25666666666666665,0.3333333333333333,0.2,0.04294699575575041,0.1333333333333333,"[0.3333333333333333, 0.25, 0.25, 0.25, 0.2]",ow14-s0232,positive,0.48,0.35000000000000003,"{""valid"": 5}",0,0,4,4,3,5,10,"[3, 4, 4, 4, 5]",3,0.3,False,10,0.6324555320336759,2,varies_by_two_or_more_positions
5,False,proprietary_gpt,True,"[""ox14-c000078|ox14-c000125|ox14-c000204|ox14-c000065|ox14-c000294"", ""ox14-c000078|ox14-c000204|ox14-c000065|ox14-c000125|ox14-c000294"", ""ox14-c000125|ox14-c000204|ox14-c000065|ox14-c000078|ox14-c000294""]",3,0.3,5,False,0,0.48,0.4,0.55,1.0,0.25,0.3674234614174767,0.75,"[0.25, 1.0, 0.25, 0.25, 1.0]",ow14-s0233,positive,0.52,0.4,"{""valid"": 5}",2,2,5,3,2,5,10,"[4, 1, 4, 4, 1]",4,0.4,False,10,1.469693845669907,3,varies_by_two_or_more_positions
5,True,proprietary_gpt,False,"[""ox14-c000409|ox14-c000044|ox14-c000239|ox14-c000066|ox14-c000164""]",10,1.0,5,False,0,1.0,1.0,0.3333333333333333,0.3333333333333333,0.3333333333333333,0.0,0.0,"[0.3333333333333333, 0.3333333333333333, 0.3333333333333333, 0.3333333333333333, 0.3333333333333333]",ow14-s0234,positive,1.0,1.0,"{""valid"": 5}",0,0,5,1,1,5,10,"[3, 3, 3, 3, 3]",10,1.0,True,10,0.0,0,stable_identical_rank
5,False,proprietary_gpt,True,"[""ox14-c000376|ox14-c000261|ox14-c000112|ox14-c000432|ox14-c000208"", ""ox14-c000376|ox14-c000432|ox14-c000208|ox14-c000261|ox14-c000112"", ""ox14-c000376|ox14-c000432|ox14-c000261|ox14-c000112|ox14-c000208"", ""ox14-c000376|ox14-c000432|ox14-c000261|ox14-c000208|ox14-c000112""]",1,0.1,5,False,0,0.6,0.6,1.0,1.0,1.0,0.0,0.0,"[1.0, 1.0, 1.0, 1.0, 1.0]",ow14-s0235,positive,0.6699999999999999,0.7,"{""valid"": 5}",5,5,5,4,1,5,10,"[1, 1, 1, 1, 1]",10,1.0,True,10,0.0,0,stable_identical_rank
5,False,proprietary_gpt,True,"[""ox14-c000224|ox14-c000362|ox14-c000414|ox14-c000330|ox14-c000310"", ""ox14-c000330|ox14-c000414|ox14-c000224|ox14-c000362|ox14-c000310"", ""ox14-c000414|ox14-c000330|ox14-c000224|ox14-c000362|ox14-c000310""]",1,0.16666666666666666,5,True,1,0.5,0.5,0.5625,1.0,0.25,0.2724311839712921,0.75,"[0.5, 0.5, 1.0, 0.25]",ow14-s0236,positive,0.55,0.55,"{""provider_failed"": 1, ""valid"": 4}",1,3,4,3,3,4,6,"[2, 2, 1, 4]",1,0.16666666666666666,False,6,1.0897247358851685,3,incomplete_valid_ranks
5,False,proprietary_gpt,True,"[""ox14-c000189|ox14-c000209|ox14-c000348|ox14-c000236|ox14-c000030"", ""ox14-c000236|ox14-c000189|ox14-c000209|ox14-c000348|ox14-c000030"", ""ox14-c000236|ox14-c000209|ox14-c000348|ox14-c000189|ox14-c000030""]",2,0.2,5,False,0,0.4,0.4,not_applicable,not_applicable,not_applicable,not_applicable,not_applicable,[],ow14-s0237,negative_only,0.45999999999999996,0.4,"{""valid"": 5}",not_applicable,not_applicable,not_applicable,3,not_applicable,5,10,[],not_applicable,not_applicable,not_applicable,not_applicable,not_applicable,not_applicable,not_applicable
5,False,proprietary_gpt,True,"[""ox14-c000083|ox14-c000426|ox14-c000333|ox14-c000184|ox14-c000341"", ""ox14-c000083|ox14-c000426|ox14-c000341|ox14-c000333|ox14-c000184"", ""ox14-c000426|ox14-c000333|ox14-c000184|ox14-c000341|ox14-c000083"", ""ox14-c000426|ox14-c000341|ox14-c000333|ox14-c000184|ox14-c000083""]",1,0.1,5,False,0,0.27999999999999997,0.2,not_applicable,not_applicable,not_applicable,not_applicable,not_applicable,[],ow14-s0238,negative_only,0.21999999999999997,0.0,"{""valid"": 5}",not_applicable,not_applicable,not_applicable,4,not_applicable,5,10,[],not_applicable,not_applicable,not_applicable,not_applicable,not_applicable,not_applicable,not_applicable
5,False,proprietary_gpt,True,"[""ox14-c000229|ox14-c000278|ox14-c000259|ox14-c000254|ox14-c000355"", ""ox14-c000229|ox14-c000278|ox14-c000259|ox14-c000355|ox14-c000254"", ""ox14-c000229|ox14-c000278|ox14-c000355|ox14-c000259|ox14-c000254"", ""ox14-c000278|ox14-c000259|ox14-c000254|ox14-c000355|ox14-c000229""]",1,0.1,5,False,0,0.48,0.6,not_applicable,not_applicable,not_applicable,not_applicable,not_applicable,[],ow14-s0239,negative_only,0.47,0.7,"{""valid"": 5}",not_applicable,not_applicable,not_applicable,4,not_applicable,5,10,[],not_applicable,not_applicable,not_applicable,not_applicable,not_applicable,not_applicable,not_applicable
5,True,proprietary_gpt,False,"[""ox14-c000125|ox14-c000065|ox14-c000204|ox14-c000031|ox14-c000294""]",10,1.0,5,False,0,1.0,1.0,not_applicable,not_applicable,not_applicable,not_applicable,not_applicable,[],ow14-s0240,negative_only,1.0,1.0,"{""valid"": 5}",not_applicable,not_applicable,not_applicable,1,not_applicable,5,10,[],not_applicable,not_applicable,not_applicable,not_applicable,not_applicable,not_applicable,not_applicable
5,True,proprietary_gpt,False,"[""ox14-c000044|ox14-c000409|ox14-c000261|ox14-c000066|ox14-c000164""]",10,1.0,5,False,0,1.0,1.0,not_applicable,not_applicable,not_applicable,not_applicable,not_applicable,[],ow14-s0241,negative_only,1.0,1.0,"{""valid"": 5}",not_applicable,not_applicable,not_applicable,1,not_applicable,5,10,[],not_applicable,not_applicable,not_applicable,not_applicable,not_applicable,not_applicable,not_applicable
5,False,proprietary_gpt,True,"[""ox14-c000224|ox14-c000208|ox14-c000112|ox14-c000414|ox14-c000432"", ""ox14-c000224|ox14-c000208|ox14-c000414|ox14-c000432|ox14-c000112"", ""ox14-c000224|ox14-c000414|ox14-c000432|ox14-c000208|ox14-c000112"", ""ox14-c000414|ox14-c000432|ox14-c000208|ox14-c000112|ox14-c000224""]",1,0.1,5,False,0,0.2,0.2,not_applicable,not_applicable,not_applicable,not_applicable,not_applicable,[],ow14-s0242,negative_only,0.15999999999999998,0.19999999999999996,"{""valid"": 5}",not_applicable,not_applicable,not_applicable,4,not_applicable,5,10,[],not_applicable,not_applicable,not_applicable,not_applicable,not_applicable,not_applicable,not_applicable
5,True,proprietary_gpt,False,"[""ox14-c000362|ox14-c000391|ox14-c000402|ox14-c000210|ox14-c000310""]",10,1.0,5,False,0,1.0,1.0,not_applicable,not_applicable,not_applicable,not_applicable,not_applicable,[],ow14-s0243,negative_only,1.0,1.0,"{""valid"": 5}",not_applicable,not_applicable,not_applicable,1,not_applicable,5,10,[],not_applicable,not_applicable,not_applicable,not_applicable,not_applicable,not_applicable,not_applicable
5,False,proprietary_gpt,True,"[""ox14-c000225|ox14-c000036|ox14-c000067|ox14-c000320|ox14-c000252"", ""ox14-c000225|ox14-c000067|ox14-c000320|ox14-c000252|ox14-c000036""]",6,0.6,5,False,0,0.76,1.0,not_applicable,not_applicable,not_applicable,not_applicable,not_applicable,[],ow14-s0244,negative_only,0.76,1.0,"{""valid"": 5}",not_applicable,not_applicable,not_applicable,2,not_applicable,5,10,[],not_applicable,not_applicable,not_applicable,not_applicable,not_applicable,not_applicable,not_applicable
5,False,proprietary_gpt,True,"[""ox14-c000090|ox14-c000369|ox14-c000140|ox14-c000072|ox14-c000165"", ""ox14-c000140|ox14-c000072|ox14-c000090|ox14-c000369|ox14-c000165""]",4,0.4,5,False,0,0.52,0.2,not_applicable,not_applicable,not_applicable,not_applicable,not_applicable,[],ow14-s0245,negative_only,0.52,0.19999999999999996,"{""valid"": 5}",not_applicable,not_applicable,not_applicable,2,not_applicable,5,10,[],not_applicable,not_applicable,not_applicable,not_applicable,not_applicable,not_applicable,not_applicable
5,False,proprietary_gpt,True,"[""ox14-c000081|ox14-c000246|ox14-c000389|ox14-c000046|ox14-c000265"", ""ox14-c000246|ox14-c000389|ox14-c000046|ox14-c000265|ox14-c000081""]",6,0.6,5,False,0,0.68,1.0,not_applicable,not_applicable,not_applicable,not_applicable,not_applicable,[],ow14-s0246,negative_only,0.6,1.0,"{""valid"": 5}",not_applicable,not_applicable,not_applicable,2,not_applicable,5,10,[],not_applicable,not_applicable,not_applicable,not_applicable,not_applicable,not_applicable,not_applicable
5,True,proprietary_gpt,False,"[""ox14-c000108|ox14-c000323|ox14-c000121|ox14-c000211|ox14-c000025""]",10,1.0,5,False,0,1.0,1.0,not_applicable,not_applicable,not_applicable,not_applicable,not_applicable,[],ow14-s0247,negative_only,1.0,1.0,"{""valid"": 5}",not_applicable,not_applicable,not_applicable,1,not_applicable,5,10,[],not_applicable,not_applicable,not_applicable,not_applicable,not_applicable,not_applicable,not_applicable
5,False,proprietary_gpt,True,"[""ox14-c000058|ox14-c000197|ox14-c000012|ox14-c000037|ox14-c000181"", ""ox14-c000058|ox14-c000197|ox14-c000037|ox14-c000181|ox14-c000012""]",6,0.6,5,False,0,0.84,1.0,not_applicable,not_applicable,not_applicable,not_applicable,not_applicable,[],ow14-s0248,negative_only,0.88,1.0,"{""valid"": 5}",not_applicable,not_applicable,not_applicable,2,not_applicable,5,10,[],not_applicable,not_applicable,not_applicable,not_applicable,not_applicable,not_applicable,not_applicable
5,False,proprietary_gpt,True,"[""ox14-c000270|ox14-c000354|ox14-c000245|ox14-c000374|ox14-c000087"", ""ox14-c000270|ox14-c000374|ox14-c000087|ox14-c000354|ox14-c000245"", ""ox14-c000374|ox14-c000087|ox14-c000270|ox14-c000245|ox14-c000354""]",2,0.2,5,False,0,0.16,0.2,not_applicable,not_applicable,not_applicable,not_applicable,not_applicable,[],ow14-s0249,negative_only,0.11999999999999995,0.19999999999999996,"{""valid"": 5}",not_applicable,not_applicable,not_applicable,3,not_applicable,5,10,[],not_applicable,not_applicable,not_applicable,not_applicable,not_applicable,not_applicable,not_applicable
5,False,proprietary_gpt,True,"[""ox14-c000127|ox14-c000406|ox14-c000075|ox14-c000033|ox14-c000297"", ""ox14-c000406|ox14-c000075|ox14-c000127|ox14-c000033|ox14-c000297""]",6,0.6,5,False,0,0.84,1.0,not_applicable,not_applicable,not_applicable,not_applicable,not_applicable,[],ow14-s0250,negative_only,0.88,1.0,"{""valid"": 5}",not_applicable,not_applicable,not_applicable,2,not_applicable,5,10,[],not_applicable,not_applicable,not_applicable,not_applicable,not_applicable,not_applicable,not_applicable
5,False,proprietary_gpt,True,"[""ox14-c000277|ox14-c000060|ox14-c000352|ox14-c000357|ox14-c000183"", ""ox14-c000357|ox14-c000060|ox14-c000277|ox14-c000352|ox14-c000183"", ""ox14-c000357|ox14-c000277|ox14-c000060|ox14-c000352|ox14-c000183""]",3,0.3,5,False,0,0.68,0.8,not_applicable,not_applicable,not_applicable,not_applicable,not_applicable,[],ow14-s0251,negative_only,0.72,0.9,"{""valid"": 5}",not_applicable,not_applicable,not_applicable,3,not_applicable,5,10,[],not_applicable,not_applicable,not_applicable,not_applicable,not_applicable,not_applicable,not_applicable
5,True,proprietary_gpt,False,"[""ox14-c000381|ox14-c000103|ox14-c000113|ox14-c000398|ox14-c000293""]",10,1.0,5,False,0,1.0,1.0,not_applicable,not_applicable,not_applicable,not_applicable,not_applicable,[],ow14-s0252,negative_only,1.0,1.0,"{""valid"": 5}",not_applicable,not_applicable,not_applicable,1,not_applicable,5,10,[],not_applicable,not_applicable,not_applicable,not_applicable,not_applicable,not_applicable,not_applicable
5,False,proprietary_gpt,True,"[""ox14-c000093|ox14-c000373|ox14-c000107|ox14-c000427|ox14-c000422"", ""ox14-c000093|ox14-c000373|ox14-c000427|ox14-c000422|ox14-c000107""]",6,0.6,5,False,0,0.84,1.0,not_applicable,not_applicable,not_applicable,not_applicable,not_applicable,[],ow14-s0253,negative_only,0.88,1.0,"{""valid"": 5}",not_applicable,not_applicable,not_applicable,2,not_applicable,5,10,[],not_applicable,not_applicable,not_applicable,not_applicable,not_applicable,not_applicable,not_applicable
5,False,proprietary_gpt,True,"[""ox14-c000053|ox14-c000384|ox14-c000216|ox14-c000337|ox14-c000350"", ""ox14-c000053|ox14-c000384|ox14-c000337|ox14-c000350|ox14-c000216"", ""ox14-c000337|ox14-c000350|ox14-c000216|ox14-c000053|ox14-c000384""]",3,0.3,5,False,0,0.36,0.6,not_applicable,not_applicable,not_applicable,not_applicable,not_applicable,[],ow14-s0254,negative_only,0.27999999999999997,0.7,"{""valid"": 5}",not_applicable,not_applicable,not_applicable,3,not_applicable,5,10,[],not_applicable,not_applicable,not_applicable,not_applicable,not_applicable,not_applicable,not_applicable
5,True,proprietary_gpt,False,"[""ox14-c000207|ox14-c000220|ox14-c000344|ox14-c000177|ox14-c000016""]",10,1.0,5,False,0,1.0,1.0,not_applicable,not_applicable,not_applicable,not_applicable,not_applicable,[],ow14-s0255,negative_only,1.0,1.0,"{""valid"": 5}",not_applicable,not_applicable,not_applicable,1,not_applicable,5,10,[],not_applicable,not_applicable,not_applicable,not_applicable,not_applicable,not_applicable,not_applicable
5,False,proprietary_gpt,True,"[""ox14-c000434|ox14-c000268|ox14-c000061|ox14-c000026|ox14-c000314"", ""ox14-c000434|ox14-c000268|ox14-c000061|ox14-c000314|ox14-c000026""]",6,0.6,5,False,0,0.92,1.0,not_applicable,not_applicable,not_applicable,not_applicable,not_applicable,[],ow14-s0256,negative_only,0.96,1.0,"{""valid"": 5}",not_applicable,not_applicable,not_applicable,2,not_applicable,5,10,[],not_applicable,not_applicable,not_applicable,not_applicable,not_applicable,not_applicable,not_applicable
5,False,proprietary_gpt,True,"[""ox14-c000273|ox14-c000109|ox14-c000219|ox14-c000363|ox14-c000034"", ""ox14-c000273|ox14-c000219|ox14-c000109|ox14-c000363|ox14-c000034""]",6,0.6,5,False,0,0.92,1.0,not_applicable,not_applicable,not_applicable,not_applicable,not_applicable,[],ow14-s0257,negative_only,0.96,1.0,"{""valid"": 5}",not_applicable,not_applicable,not_applicable,2,not_applicable,5,10,[],not_applicable,not_applicable,not_applicable,not_applicable,not_applicable,not_applicable,not_applicable
5,False,proprietary_gpt,True,"[""ox14-c000100|ox14-c000101|ox14-c000405|ox14-c000226|ox14-c000303"", ""ox14-c000405|ox14-c000100|ox14-c000101|ox14-c000226|ox14-c000303""]",6,0.6,5,False,0,0.84,1.0,not_applicable,not_applicable,not_applicable,not_applicable,not_applicable,[],ow14-s0258,negative_only,0.88,1.0,"{""valid"": 5}",not_applicable,not_applicable,not_applicable,2,not_applicable,5,10,[],not_applicable,not_applicable,not_applicable,not_applicable,not_applicable,not_applicable,not_applicable
5,True,proprietary_gpt,False,"[""ox14-c000048|ox14-c000111|ox14-c000387|ox14-c000064|ox14-c000212""]",10,1.0,5,False,0,1.0,1.0,not_applicable,not_applicable,not_applicable,not_applicable,not_applicable,[],ow14-s0259,negative_only,1.0,1.0,"{""valid"": 5}",not_applicable,not_applicable,not_applicable,1,not_applicable,5,10,[],not_applicable,not_applicable,not_applicable,not_applicable,not_applicable,not_applicable,not_applicable
5,False,proprietary_gpt,True,"[""ox14-c000082|ox14-c000423|ox14-c000141|ox14-c000399|ox14-c000251"", ""ox14-c000423|ox14-c000141|ox14-c000399|ox14-c000251|ox14-c000082""]",4,0.4,5,False,0,0.52,0.2,not_applicable,not_applicable,not_applicable,not_applicable,not_applicable,[],ow14-s0260,negative_only,0.4,0.0,"{""valid"": 5}",not_applicable,not_applicable,not_applicable,2,not_applicable,5,10,[],not_applicable,not_applicable,not_applicable,not_applicable,not_applicable,not_applicable,not_applicable
5,False,proprietary_gpt,True,"[""ox14-c000085|ox14-c000077|ox14-c000395|ox14-c000410|ox14-c000296"", ""ox14-c000085|ox14-c000296|ox14-c000077|ox14-c000395|ox14-c000410""]",4,0.4,5,False,0,0.64,0.4,not_applicable,not_applicable,not_applicable,not_applicable,not_applicable,[],ow14-s0261,negative_only,0.64,0.4,"{""valid"": 5}",not_applicable,not_applicable,not_applicable,2,not_applicable,5,10,[],not_applicable,not_applicable,not_applicable,not_applicable,not_applicable,not_applicable,not_applicable
5,False,proprietary_gpt,True,"[""ox14-c000118|ox14-c000188|ox14-c000353|ox14-c000223|ox14-c000307"", ""ox14-c000223|ox14-c000118|ox14-c000353|ox14-c000188|ox14-c000307"", ""ox14-c000353|ox14-c000118|ox14-c000188|ox14-c000223|ox14-c000307""]",3,0.3,5,False,0,0.56,0.6,not_applicable,not_applicable,not_applicable,not_applicable,not_applicable,[],ow14-s0262,negative_only,0.63,0.7,"{""valid"": 5}",not_applicable,not_applicable,not_applicable,3,not_applicable,5,10,[],not_applicable,not_applicable,not_applicable,not_applicable,not_applicable,not_applicable,not_applicable
5,True,proprietary_gpt,False,"[""ox14-c000404|ox14-c000351|ox14-c000167|ox14-c000311|ox14-c000315""]",10,1.0,5,False,0,1.0,1.0,not_applicable,not_applicable,not_applicable,not_applicable,not_applicable,[],ow14-s0263,negative_only,1.0,1.0,"{""valid"": 5}",not_applicable,not_applicable,not_applicable,1,not_applicable,5,10,[],not_applicable,not_applicable,not_applicable,not_applicable,not_applicable,not_applicable,not_applicable
5,True,proprietary_gpt,False,"[""ox14-c000272|ox14-c000429|ox14-c000117|ox14-c000161|ox14-c000029""]",10,1.0,5,False,0,1.0,1.0,not_applicable,not_applicable,not_applicable,not_applicable,not_applicable,[],ow14-s0264,negative_only,1.0,1.0,"{""valid"": 5}",not_applicable,not_applicable,not_applicable,1,not_applicable,5,10,[],not_applicable,not_applicable,not_applicable,not_applicable,not_applicable,not_applicable,not_applicable
5,True,proprietary_gpt,False,"[""ox14-c000136|ox14-c000377|ox14-c000396|ox14-c000185|ox14-c000346""]",10,1.0,5,False,0,1.0,1.0,not_applicable,not_applicable,not_applicable,not_applicable,not_applicable,[],ow14-s0265,negative_only,1.0,1.0,"{""valid"": 5}",not_applicable,not_applicable,not_applicable,1,not_applicable,5,10,[],not_applicable,not_applicable,not_applicable,not_applicable,not_applicable,not_applicable,not_applicable
5,True,proprietary_gpt,False,"[""ox14-c000247|ox14-c000099|ox14-c000198|ox14-c000070|ox14-c000023""]",10,1.0,5,False,0,1.0,1.0,not_applicable,not_applicable,not_applicable,not_applicable,not_applicable,[],ow14-s0266,negative_only,1.0,1.0,"{""valid"": 5}",not_applicable,not_applicable,not_applicable,1,not_applicable,5,10,[],not_applicable,not_applicable,not_applicable,not_applicable,not_applicable,not_applicable,not_applicable
5,True,local_qwen,False,"[""ox14-c000030|ox14-c000189|ox14-c000348|ox14-c000227|ox14-c000236""]",10,1.0,5,False,0,1.0,1.0,0.25,0.25,0.25,0.0,0.0,"[0.25, 0.25, 0.25, 0.25, 0.25]",ow14-s0001,positive,1.0,1.0,"{""valid"": 5}",0,0,5,1,1,5,10,"[4, 4, 4, 4, 4]",10,1.0,True,10,0.0,0,stable_identical_rank
5,True,local_qwen,False,"[""ox14-c000083|ox14-c000222|ox14-c000209|ox14-c000341|ox14-c000426""]",10,1.0,5,False,0,1.0,1.0,0.5,0.5,0.5,0.0,0.0,"[0.5, 0.5, 0.5, 0.5, 0.5]",ow14-s0002,positive,1.0,1.0,"{""valid"": 5}",0,5,5,1,1,5,10,"[2, 2, 2, 2, 2]",10,1.0,True,10,0.0,0,stable_identical_rank
5,True,local_qwen,False,"[""ox14-c000259|ox14-c000326|ox14-c000184|ox14-c000333|ox14-c000254""]",10,1.0,5,False,0,1.0,1.0,0.5,0.5,0.5,0.0,0.0,"[0.5, 0.5, 0.5, 0.5, 0.5]",ow14-s0003,positive,1.0,1.0,"{""valid"": 5}",0,5,5,1,1,5,10,"[2, 2, 2, 2, 2]",10,1.0,True,10,0.0,0,stable_identical_rank
5,True,local_qwen,False,"[""ox14-c000229|ox14-c000055|ox14-c000355|ox14-c000278|ox14-c000031""]",10,1.0,5,False,0,1.0,1.0,0.5,0.5,0.5,0.0,0.0,"[0.5, 0.5, 0.5, 0.5, 0.5]",ow14-s0004,positive,1.0,1.0,"{""valid"": 5}",0,5,5,1,1,5,10,"[2, 2, 2, 2, 2]",10,1.0,True,10,0.0,0,stable_identical_rank
5,True,local_qwen,False,"[""ox14-c000294|ox14-c000204|ox14-c000065|ox14-c000125|ox14-c000098""]",10,1.0,5,False,0,1.0,1.0,0.2,0.2,0.2,0.0,0.0,"[0.2, 0.2, 0.2, 0.2, 0.2]",ow14-s0005,positive,1.0,1.0,"{""valid"": 5}",0,0,0,1,1,5,10,"[5, 5, 5, 5, 5]",10,1.0,True,10,0.0,0,stable_identical_rank
5,True,local_qwen,False,"[""ox14-c000044|ox14-c000334|ox14-c000409|ox14-c000066|ox14-c000164""]",10,1.0,5,False,0,1.0,1.0,0.5,0.5,0.5,0.0,0.0,"[0.5, 0.5, 0.5, 0.5, 0.5]",ow14-s0006,positive,1.0,1.0,"{""valid"": 5}",0,5,5,1,1,5,10,"[2, 2, 2, 2, 2]",10,1.0,True,10,0.0,0,stable_identical_rank
5,True,local_qwen,False,"[""ox14-c000432|ox14-c000208|ox14-c000112|ox14-c000261|ox14-c000255""]",10,1.0,5,False,0,1.0,1.0,0.2,0.2,0.2,0.0,0.0,"[0.2, 0.2, 0.2, 0.2, 0.2]",ow14-s0007,positive,1.0,1.0,"{""valid"": 5}",0,0,0,1,1,5,10,"[5, 5, 5, 5, 5]",10,1.0,True,10,0.0,0,stable_identical_rank
5,True,local_qwen,False,"[""ox14-c000362|ox14-c000224|ox14-c000414|ox14-c000310|ox14-c000173""]",10,1.0,5,False,0,1.0,1.0,0.2,0.2,0.2,0.0,0.0,"[0.2, 0.2, 0.2, 0.2, 0.2]",ow14-s0008,positive,1.0,1.0,"{""valid"": 5}",0,0,0,1,1,5,10,"[5, 5, 5, 5, 5]",10,1.0,True,10,0.0,0,stable_identical_rank
5,True,local_qwen,False,"[""ox14-c000036|ox14-c000210|ox14-c000063|ox14-c000402|ox14-c000391""]",10,1.0,5,False,0,1.0,1.0,0.3333333333333333,0.3333333333333333,0.3333333333333333,0.0,0.0,"[0.3333333333333333, 0.3333333333333333, 0.3333333333333333, 0.3333333333333333, 0.3333333333333333]",ow14-s0009,positive,1.0,1.0,"{""valid"": 5}",0,0,5,1,1,5,10,"[3, 3, 3, 3, 3]",10,1.0,True,10,0.0,0,stable_identical_rank
5,True,local_qwen,False,"[""ox14-c000320|ox14-c000252|ox14-c000349|ox14-c000067|ox14-c000225""]",10,1.0,5,False,0,1.0,1.0,0.3333333333333333,0.3333333333333333,0.3333333333333333,0.0,0.0,"[0.3333333333333333, 0.3333333333333333, 0.3333333333333333, 0.3333333333333333, 0.3333333333333333]",ow14-s0010,positive,1.0,1.0,"{""valid"": 5}",0,0,5,1,1,5,10,"[3, 3, 3, 3, 3]",10,1.0,True,10,0.0,0,stable_identical_rank
5,True,local_qwen,False,"[""ox14-c000165|ox14-c000329|ox14-c000140|ox14-c000369|ox14-c000090""]",10,1.0,5,False,0,1.0,1.0,0.5,0.5,0.5,0.0,0.0,"[0.5, 0.5, 0.5, 0.5, 0.5]",ow14-s0011,positive,1.0,1.0,"{""valid"": 5}",0,5,5,1,1,5,10,"[2, 2, 2, 2, 2]",10,1.0,True,10,0.0,0,stable_identical_rank
5,True,local_qwen,False,"[""ox14-c000072|ox14-c000389|ox14-c000244|ox14-c000265|ox14-c000081""]",10,1.0,5,False,0,1.0,1.0,0.3333333333333333,0.3333333333333333,0.3333333333333333,0.0,0.0,"[0.3333333333333333, 0.3333333333333333, 0.3333333333333333, 0.3333333333333333, 0.3333333333333333]",ow14-s0012,positive,1.0,1.0,"{""valid"": 5}",0,0,5,1,1,5,10,"[3, 3, 3, 3, 3]",10,1.0,True,10,0.0,0,stable_identical_rank
5,True,local_qwen,False,"[""ox14-c000323|ox14-c000246|ox14-c000380|ox14-c000211|ox14-c000046""]",10,1.0,5,False,0,1.0,1.0,0.3333333333333333,0.3333333333333333,0.3333333333333333,0.0,0.0,"[0.3333333333333333, 0.3333333333333333, 0.3333333333333333, 0.3333333333333333, 0.3333333333333333]",ow14-s0013,positive,1.0,1.0,"{""valid"": 5}",0,0,5,1,1,5,10,"[3, 3, 3, 3, 3]",10,1.0,True,10,0.0,0,stable_identical_rank
5,True,local_qwen,False,"[""ox14-c000108|ox14-c000121|ox14-c000068|ox14-c000025|ox14-c000181""]",10,1.0,5,False,0,1.0,1.0,0.3333333333333333,0.3333333333333333,0.3333333333333333,0.0,0.0,"[0.3333333333333333, 0.3333333333333333, 0.3333333333333333, 0.3333333333333333, 0.3333333333333333]",ow14-s0014,positive,1.0,1.0,"{""valid"": 5}",0,0,5,1,1,5,10,"[3, 3, 3, 3, 3]",10,1.0,True,10,0.0,0,stable_identical_rank
5,True,local_qwen,False,"[""ox14-c000037|ox14-c000012|ox14-c000415|ox14-c000197|ox14-c000058""]",10,1.0,5,False,0,1.0,1.0,0.3333333333333333,0.3333333333333333,0.3333333333333333,0.0,0.0,"[0.3333333333333333, 0.3333333333333333, 0.3333333333333333, 0.3333333333333333, 0.3333333333333333]",ow14-s0015,positive,1.0,1.0,"{""valid"": 5}",0,0,5,1,1,5,10,"[3, 3, 3, 3, 3]",10,1.0,True,10,0.0,0,stable_identical_rank
5,True,local_qwen,False,"[""ox14-c000270|ox14-c000110|ox14-c000245|ox14-c000354|ox14-c000374""]",10,1.0,5,False,0,1.0,1.0,0.5,0.5,0.5,0.0,0.0,"[0.5, 0.5, 0.5, 0.5, 0.5]",ow14-s0016,positive,1.0,1.0,"{""valid"": 5}",0,5,5,1,1,5,10,"[2, 2, 2, 2, 2]",10,1.0,True,10,0.0,0,stable_identical_rank
5,True,local_qwen,False,"[""ox14-c000087|ox14-c000075|ox14-c000322|ox14-c000127|ox14-c000033""]",10,1.0,5,False,0,1.0,1.0,0.3333333333333333,0.3333333333333333,0.3333333333333333,0.0,0.0,"[0.3333333333333333, 0.3333333333333333, 0.3333333333333333, 0.3333333333333333, 0.3333333333333333]",ow14-s0017,positive,1.0,1.0,"{""valid"": 5}",0,0,5,1,1,5,10,"[3, 3, 3, 3, 3]",10,1.0,True,10,0.0,0,stable_identical_rank
5,True,local_qwen,False,"[""ox14-c000297|ox14-c000352|ox14-c000406|ox14-c000277|ox14-c000262""]",10,1.0,5,False,0,1.0,1.0,0.2,0.2,0.2,0.0,0.0,"[0.2, 0.2, 0.2, 0.2, 0.2]",ow14-s0018,positive,1.0,1.0,"{""valid"": 5}",0,0,0,1,1,5,10,"[5, 5, 5, 5, 5]",10,1.0,True,10,0.0,0,stable_identical_rank
5,True,local_qwen,False,"[""ox14-c000357|ox14-c000183|ox14-c000193|ox14-c000113|ox14-c000060""]",10,1.0,5,False,0,1.0,1.0,0.3333333333333333,0.3333333333333333,0.3333333333333333,0.0,0.0,"[0.3333333333333333, 0.3333333333333333, 0.3333333333333333, 0.3333333333333333, 0.3333333333333333]",ow14-s0019,positive,1.0,1.0,"{""valid"": 5}",0,0,5,1,1,5,10,"[3, 3, 3, 3, 3]",10,1.0,True,10,0.0,0,stable_identical_rank
5,True,local_qwen,False,"[""ox14-c000293|ox14-c000398|ox14-c000103|ox14-c000381|ox14-c000097""]",10,1.0,5,False,0,1.0,1.0,0.2,0.2,0.2,0.0,0.0,"[0.2, 0.2, 0.2, 0.2, 0.2]",ow14-s0020,positive,1.0,1.0,"{""valid"": 5}",0,0,0,1,1,5,10,"[5, 5, 5, 5, 5]",10,1.0,True,10,0.0,0,stable_identical_rank
5,True,local_qwen,False,"[""ox14-c000422|ox14-c000400|ox14-c000107|ox14-c000093|ox14-c000373""]",10,1.0,5,False,0,1.0,1.0,0.5,0.5,0.5,0.0,0.0,"[0.5, 0.5, 0.5, 0.5, 0.5]",ow14-s0021,positive,1.0,1.0,"{""valid"": 5}",0,5,5,1,1,5,10,"[2, 2, 2, 2, 2]",10,1.0,True,10,0.0,0,stable_identical_rank
5,True,local_qwen,False,"[""ox14-c000427|ox14-c000337|ox14-c000237|ox14-c000350|ox14-c000053""]",10,1.0,5,False,0,1.0,1.0,0.3333333333333333,0.3333333333333333,0.3333333333333333,0.0,0.0,"[0.3333333333333333, 0.3333333333333333, 0.3333333333333333, 0.3333333333333333, 0.3333333333333333]",ow14-s0022,positive,1.0,1.0,"{""valid"": 5}",0,0,5,1,1,5,10,"[3, 3, 3, 3, 3]",10,1.0,True,10,0.0,0,stable_identical_rank
5,True,local_qwen,False,"[""ox14-c000016|ox14-c000384|ox14-c000344|ox14-c000216|ox14-c000122""]",10,1.0,5,False,0,1.0,1.0,0.2,0.2,0.2,0.0,0.0,"[0.2, 0.2, 0.2, 0.2, 0.2]",ow14-s0023,positive,1.0,1.0,"{""valid"": 5}",0,0,0,1,1,5,10,"[5, 5, 5, 5, 5]",10,1.0,True,10,0.0,0,stable_identical_rank
5,True,local_qwen,False,"[""ox14-c000207|ox14-c000268|ox14-c000356|ox14-c000220|ox14-c000177""]",10,1.0,5,False,0,1.0,1.0,0.3333333333333333,0.3333333333333333,0.3333333333333333,0.0,0.0,"[0.3333333333333333, 0.3333333333333333, 0.3333333333333333, 0.3333333333333333, 0.3333333333333333]",ow14-s0024,positive,1.0,1.0,"{""valid"": 5}",0,0,5,1,1,5,10,"[3, 3, 3, 3, 3]",10,1.0,True,10,0.0,0,stable_identical_rank
5,True,local_qwen,False,"[""ox14-c000026|ox14-c000061|ox14-c000434|ox14-c000314|ox14-c000309""]",10,1.0,5,False,0,1.0,1.0,0.2,0.2,0.2,0.0,0.0,"[0.2, 0.2, 0.2, 0.2, 0.2]",ow14-s0025,positive,1.0,1.0,"{""valid"": 5}",0,0,0,1,1,5,10,"[5, 5, 5, 5, 5]",10,1.0,True,10,0.0,0,stable_identical_rank
5,True,local_qwen,False,"[""ox14-c000273|ox14-c000219|ox14-c000242|ox14-c000109|ox14-c000034""]",10,1.0,5,False,0,1.0,1.0,0.3333333333333333,0.3333333333333333,0.3333333333333333,0.0,0.0,"[0.3333333333333333, 0.3333333333333333, 0.3333333333333333, 0.3333333333333333, 0.3333333333333333]",ow14-s0026,positive,1.0,1.0,"{""valid"": 5}",0,0,5,1,1,5,10,"[3, 3, 3, 3, 3]",10,1.0,True,10,0.0,0,stable_identical_rank
5,True,local_qwen,False,"[""ox14-c000363|ox14-c000405|ox14-c000303|ox14-c000101|ox14-c000241""]",10,1.0,5,False,0,1.0,1.0,0.2,0.2,0.2,0.0,0.0,"[0.2, 0.2, 0.2, 0.2, 0.2]",ow14-s0027,positive,1.0,1.0,"{""valid"": 5}",0,0,0,1,1,5,10,"[5, 5, 5, 5, 5]",10,1.0,True,10,0.0,0,stable_identical_rank
5,True,local_qwen,False,"[""ox14-c000226|ox14-c000091|ox14-c000100|ox14-c000111|ox14-c000064""]",10,1.0,5,False,0,1.0,1.0,0.5,0.5,0.5,0.0,0.0,"[0.5, 0.5, 0.5, 0.5, 0.5]",ow14-s0028,positive,1.0,1.0,"{""valid"": 5}",0,5,5,1,1,5,10,"[2, 2, 2, 2, 2]",10,1.0,True,10,0.0,0,stable_identical_rank
5,True,local_qwen,False,"[""ox14-c000141|ox14-c000212|ox14-c000387|ox14-c000048|ox14-c000057""]",10,1.0,5,False,0,1.0,1.0,0.2,0.2,0.2,0.0,0.0,"[0.2, 0.2, 0.2, 0.2, 0.2]",ow14-s0029,positive,1.0,1.0,"{""valid"": 5}",0,0,0,1,1,5,10,"[5, 5, 5, 5, 5]",10,1.0,True,10,0.0,0,stable_identical_rank
5,True,local_qwen,False,"[""ox14-c000423|ox14-c000399|ox14-c000251|ox14-c000049|ox14-c000082""]",10,1.0,5,False,0,1.0,1.0,0.25,0.25,0.25,0.0,0.0,"[0.25, 0.25, 0.25, 0.25, 0.25]",ow14-s0030,positive,1.0,1.0,"{""valid"": 5}",0,0,5,1,1,5,10,"[4, 4, 4, 4, 4]",10,1.0,True,10,0.0,0,stable_identical_rank
5,True,local_qwen,False,"[""ox14-c000296|ox14-c000085|ox14-c000069|ox14-c000077|ox14-c000410""]",10,1.0,5,False,0,1.0,1.0,0.3333333333333333,0.3333333333333333,0.3333333333333333,0.0,0.0,"[0.3333333333333333, 0.3333333333333333, 0.3333333333333333, 0.3333333333333333, 0.3333333333333333]",ow14-s0031,positive,1.0,1.0,"{""valid"": 5}",0,0,5,1,1,5,10,"[3, 3, 3, 3, 3]",10,1.0,True,10,0.0,0,stable_identical_rank
5,True,local_qwen,False,"[""ox14-c000132|ox14-c000118|ox14-c000395|ox14-c000353|ox14-c000223""]",10,1.0,5,False,0,1.0,1.0,1.0,1.0,1.0,0.0,0.0,"[1.0, 1.0, 1.0, 1.0, 1.0]",ow14-s0032,positive,1.0,1.0,"{""valid"": 5}",5,5,5,1,1,5,10,"[1, 1, 1, 1, 1]",10,1.0,True,10,0.0,0,stable_identical_rank
5,True,local_qwen,False,"[""ox14-c000394|ox14-c000188|ox14-c000311|ox14-c000315|ox14-c000307""]",10,1.0,5,False,0,1.0,1.0,1.0,1.0,1.0,0.0,0.0,"[1.0, 1.0, 1.0, 1.0, 1.0]",ow14-s0033,positive,1.0,1.0,"{""valid"": 5}",5,5,5,1,1,5,10,"[1, 1, 1, 1, 1]",10,1.0,True,10,0.0,0,stable_identical_rank
5,True,local_qwen,False,"[""ox14-c000027|ox14-c000161|ox14-c000167|ox14-c000351|ox14-c000404""]",10,1.0,5,False,0,1.0,1.0,1.0,1.0,1.0,0.0,0.0,"[1.0, 1.0, 1.0, 1.0, 1.0]",ow14-s0034,positive,1.0,1.0,"{""valid"": 5}",5,5,5,1,1,5,10,"[1, 1, 1, 1, 1]",10,1.0,True,10,0.0,0,stable_identical_rank
5,True,local_qwen,False,"[""ox14-c000217|ox14-c000117|ox14-c000029|ox14-c000272|ox14-c000429""]",10,1.0,5,False,0,1.0,1.0,1.0,1.0,1.0,0.0,0.0,"[1.0, 1.0, 1.0, 1.0, 1.0]",ow14-s0035,positive,1.0,1.0,"{""valid"": 5}",5,5,5,1,1,5,10,"[1, 1, 1, 1, 1]",10,1.0,True,10,0.0,0,stable_identical_rank
5,True,local_qwen,False,"[""ox14-c000136|ox14-c000089|ox14-c000377|ox14-c000346|ox14-c000185""]",10,1.0,5,False,0,1.0,1.0,0.5,0.5,0.5,0.0,0.0,"[0.5, 0.5, 0.5, 0.5, 0.5]",ow14-s0036,positive,1.0,1.0,"{""valid"": 5}",0,5,5,1,1,5,10,"[2, 2, 2, 2, 2]",10,1.0,True,10,0.0,0,stable_identical_rank
5,True,local_qwen,False,"[""ox14-c000070|ox14-c000198|ox14-c000190|ox14-c000396|ox14-c000247""]",10,1.0,5,False,0,1.0,1.0,0.3333333333333333,0.3333333333333333,0.3333333333333333,0.0,0.0,"[0.3333333333333333, 0.3333333333333333, 0.3333333333333333, 0.3333333333333333, 0.3333333333333333]",ow14-s0037,positive,1.0,1.0,"{""valid"": 5}",0,0,5,1,1,5,10,"[3, 3, 3, 3, 3]",10,1.0,True,10,0.0,0,stable_identical_rank
5,True,local_qwen,False,"[""ox14-c000099|ox14-c000056|ox14-c000023|ox14-c000171|ox14-c000102""]",10,1.0,5,False,0,1.0,1.0,0.25,0.25,0.25,0.0,0.0,"[0.25, 0.25, 0.25, 0.25, 0.25]",ow14-s0038,positive,1.0,1.0,"{""valid"": 5}",0,0,5,1,1,5,10,"[4, 4, 4, 4, 4]",10,1.0,True,10,0.0,0,stable_identical_rank
5,True,local_qwen,False,"[""ox14-c000236|ox14-c000348|ox14-c000189|ox14-c000030|ox14-c000305""]",10,1.0,5,False,0,1.0,1.0,0.2,0.2,0.2,0.0,0.0,"[0.2, 0.2, 0.2, 0.2, 0.2]",ow14-s0039,positive,1.0,1.0,"{""valid"": 5}",0,0,0,1,1,5,10,"[5, 5, 5, 5, 5]",10,1.0,True,10,0.0,0,stable_identical_rank
5,True,local_qwen,False,"[""ox14-c000426|ox14-c000341|ox14-c000324|ox14-c000209|ox14-c000083""]",10,1.0,5,False,0,1.0,1.0,0.3333333333333333,0.3333333333333333,0.3333333333333333,0.0,0.0,"[0.3333333333333333, 0.3333333333333333, 0.3333333333333333, 0.3333333333333333, 0.3333333333333333]",ow14-s0040,positive,1.0,1.0,"{""valid"": 5}",0,0,5,1,1,5,10,"[3, 3, 3, 3, 3]",10,1.0,True,10,0.0,0,stable_identical_rank
5,True,local_qwen,False,"[""ox14-c000184|ox14-c000327|ox14-c000254|ox14-c000259|ox14-c000333""]",10,1.0,5,False,0,1.0,1.0,0.5,0.5,0.5,0.0,0.0,"[0.5, 0.5, 0.5, 0.5, 0.5]",ow14-s0041,positive,1.0,1.0,"{""valid"": 5}",0,5,5,1,1,5,10,"[2, 2, 2, 2, 2]",10,1.0,True,10,0.0,0,stable_identical_rank
5,True,local_qwen,False,"[""ox14-c000229|ox14-c000328|ox14-c000355|ox14-c000278|ox14-c000031""]",10,1.0,5,False,0,1.0,1.0,0.5,0.5,0.5,0.0,0.0,"[0.5, 0.5, 0.5, 0.5, 0.5]",ow14-s0042,positive,1.0,1.0,"{""valid"": 5}",0,5,5,1,1,5,10,"[2, 2, 2, 2, 2]",10,1.0,True,10,0.0,0,stable_identical_rank
5,True,local_qwen,False,"[""ox14-c000294|ox14-c000125|ox14-c000204|ox14-c000065|ox14-c000200""]",10,1.0,5,False,0,1.0,1.0,0.2,0.2,0.2,0.0,0.0,"[0.2, 0.2, 0.2, 0.2, 0.2]",ow14-s0043,positive,1.0,1.0,"{""valid"": 5}",0,0,0,1,1,5,10,"[5, 5, 5, 5, 5]",10,1.0,True,10,0.0,0,stable_identical_rank
5,True,local_qwen,False,"[""ox14-c000044|ox14-c000397|ox14-c000409|ox14-c000164|ox14-c000066""]",10,1.0,5,False,0,1.0,1.0,0.5,0.5,0.5,0.0,0.0,"[0.5, 0.5, 0.5, 0.5, 0.5]",ow14-s0044,positive,1.0,1.0,"{""valid"": 5}",0,5,5,1,1,5,10,"[2, 2, 2, 2, 2]",10,1.0,True,10,0.0,0,stable_identical_rank
5,True,local_qwen,False,"[""ox14-c000174|ox14-c000432|ox14-c000112|ox14-c000208|ox14-c000261""]",10,1.0,5,False,0,1.0,1.0,1.0,1.0,1.0,0.0,0.0,"[1.0, 1.0, 1.0, 1.0, 1.0]",ow14-s0045,positive,1.0,1.0,"{""valid"": 5}",5,5,5,1,1,5,10,"[1, 1, 1, 1, 1]",10,1.0,True,10,0.0,0,stable_identical_rank
5,True,local_qwen,False,"[""ox14-c000408|ox14-c000414|ox14-c000310|ox14-c000224|ox14-c000362""]",10,1.0,5,False,0,1.0,1.0,1.0,1.0,1.0,0.0,0.0,"[1.0, 1.0, 1.0, 1.0, 1.0]",ow14-s0046,positive,1.0,1.0,"{""valid"": 5}",5,5,5,1,1,5,10,"[1, 1, 1, 1, 1]",10,1.0,True,10,0.0,0,stable_identical_rank
5,True,local_qwen,False,"[""ox14-c000036|ox14-c000210|ox14-c000134|ox14-c000402|ox14-c000391""]",10,1.0,5,False,0,1.0,1.0,0.3333333333333333,0.3333333333333333,0.3333333333333333,0.0,0.0,"[0.3333333333333333, 0.3333333333333333, 0.3333333333333333, 0.3333333333333333, 0.3333333333333333]",ow14-s0047,positive,1.0,1.0,"{""valid"": 5}",0,0,5,1,1,5,10,"[3, 3, 3, 3, 3]",10,1.0,True,10,0.0,0,stable_identical_rank
5,True,local_qwen,False,"[""ox14-c000032|ox14-c000067|ox14-c000252|ox14-c000225|ox14-c000320""]",10,1.0,5,False,0,1.0,1.0,1.0,1.0,1.0,0.0,0.0,"[1.0, 1.0, 1.0, 1.0, 1.0]",ow14-s0048,positive,1.0,1.0,"{""valid"": 5}",5,5,5,1,1,5,10,"[1, 1, 1, 1, 1]",10,1.0,True,10,0.0,0,stable_identical_rank
5,True,local_qwen,False,"[""ox14-c000165|ox14-c000186|ox14-c000090|ox14-c000369|ox14-c000140""]",10,1.0,5,False,0,1.0,1.0,0.5,0.5,0.5,0.0,0.0,"[0.5, 0.5, 0.5, 0.5, 0.5]",ow14-s0049,positive,1.0,1.0,"{""valid"": 5}",0,5,5,1,1,5,10,"[2, 2, 2, 2, 2]",10,1.0,True,10,0.0,0,stable_identical_rank
5,True,local_qwen,False,"[""ox14-c000072|ox14-c000389|ox14-c000265|ox14-c000081|ox14-c000368""]",10,1.0,5,False,0,1.0,1.0,0.2,0.2,0.2,0.0,0.0,"[0.2, 0.2, 0.2, 0.2, 0.2]",ow14-s0050,positive,1.0,1.0,"{""valid"": 5}",0,0,0,1,1,5,10,"[5, 5, 5, 5, 5]",10,1.0,True,10,0.0,0,stable_identical_rank
5,True,local_qwen,False,"[""ox14-c000234|ox14-c000246|ox14-c000046|ox14-c000323|ox14-c000211""]",10,1.0,5,False,0,1.0,1.0,1.0,1.0,1.0,0.0,0.0,"[1.0, 1.0, 1.0, 1.0, 1.0]",ow14-s0051,positive,1.0,1.0,"{""valid"": 5}",5,5,5,1,1,5,10,"[1, 1, 1, 1, 1]",10,1.0,True,10,0.0,0,stable_identical_rank
5,True,local_qwen,False,"[""ox14-c000231|ox14-c000181|ox14-c000108|ox14-c000121|ox14-c000025""]",10,1.0,5,False,0,1.0,1.0,1.0,1.0,1.0,0.0,0.0,"[1.0, 1.0, 1.0, 1.0, 1.0]",ow14-s0052,positive,1.0,1.0,"{""valid"": 5}",5,5,5,1,1,5,10,"[1, 1, 1, 1, 1]",10,1.0,True,10,0.0,0,stable_identical_rank
5,True,local_qwen,False,"[""ox14-c000012|ox14-c000037|ox14-c000042|ox14-c000197|ox14-c000058""]",10,1.0,5,False,0,1.0,1.0,0.3333333333333333,0.3333333333333333,0.3333333333333333,0.0,0.0,"[0.3333333333333333, 0.3333333333333333, 0.3333333333333333, 0.3333333333333333, 0.3333333333333333]",ow14-s0053,positive,1.0,1.0,"{""valid"": 5}",0,0,5,1,1,5,10,"[3, 3, 3, 3, 3]",10,1.0,True,10,0.0,0,stable_identical_rank
5,True,local_qwen,False,"[""ox14-c000245|ox14-c000270|ox14-c000354|ox14-c000086|ox14-c000374""]",10,1.0,5,False,0,1.0,1.0,0.25,0.25,0.25,0.0,0.0,"[0.25, 0.25, 0.25, 0.25, 0.25]",ow14-s0054,positive,1.0,1.0,"{""valid"": 5}",0,0,5,1,1,5,10,"[4, 4, 4, 4, 4]",10,1.0,True,10,0.0,0,stable_identical_rank
5,True,local_qwen,False,"[""ox14-c000033|ox14-c000127|ox14-c000075|ox14-c000228|ox14-c000087""]",10,1.0,5,False,0,1.0,1.0,0.25,0.25,0.25,0.0,0.0,"[0.25, 0.25, 0.25, 0.25, 0.25]",ow14-s0055,positive,1.0,1.0,"{""valid"": 5}",0,0,5,1,1,5,10,"[4, 4, 4, 4, 4]",10,1.0,True,10,0.0,0,stable_identical_rank
5,True,local_qwen,False,"[""ox14-c000297|ox14-c000352|ox14-c000406|ox14-c000412|ox14-c000277""]",10,1.0,5,False,0,1.0,1.0,0.25,0.25,0.25,0.0,0.0,"[0.25, 0.25, 0.25, 0.25, 0.25]",ow14-s0056,positive,1.0,1.0,"{""valid"": 5}",0,0,5,1,1,5,10,"[4, 4, 4, 4, 4]",10,1.0,True,10,0.0,0,stable_identical_rank
5,True,local_qwen,False,"[""ox14-c000113|ox14-c000060|ox14-c000357|ox14-c000092|ox14-c000183""]",10,1.0,5,False,0,1.0,1.0,0.25,0.25,0.25,0.0,0.0,"[0.25, 0.25, 0.25, 0.25, 0.25]",ow14-s0057,positive,1.0,1.0,"{""valid"": 5}",0,0,5,1,1,5,10,"[4, 4, 4, 4, 4]",10,1.0,True,10,0.0,0,stable_identical_rank
5,True,local_qwen,False,"[""ox14-c000293|ox14-c000381|ox14-c000103|ox14-c000398|ox14-c000425""]",10,1.0,5,False,0,1.0,1.0,0.2,0.2,0.2,0.0,0.0,"[0.2, 0.2, 0.2, 0.2, 0.2]",ow14-s0058,positive,1.0,1.0,"{""valid"": 5}",0,0,0,1,1,5,10,"[5, 5, 5, 5, 5]",10,1.0,True,10,0.0,0,stable_identical_rank
5,True,local_qwen,False,"[""ox14-c000422|ox14-c000107|ox14-c000129|ox14-c000373|ox14-c000093""]",10,1.0,5,False,0,1.0,1.0,0.3333333333333333,0.3333333333333333,0.3333333333333333,0.0,0.0,"[0.3333333333333333, 0.3333333333333333, 0.3333333333333333, 0.3333333333333333, 0.3333333333333333]",ow14-s0059,positive,1.0,1.0,"{""valid"": 5}",0,0,5,1,1,5,10,"[3, 3, 3, 3, 3]",10,1.0,True,10,0.0,0,stable_identical_rank
5,True,local_qwen,False,"[""ox14-c000084|ox14-c000337|ox14-c000350|ox14-c000053|ox14-c000427""]",10,1.0,5,False,0,1.0,1.0,1.0,1.0,1.0,0.0,0.0,"[1.0, 1.0, 1.0, 1.0, 1.0]",ow14-s0060,positive,1.0,1.0,"{""valid"": 5}",5,5,5,1,1,5,10,"[1, 1, 1, 1, 1]",10,1.0,True,10,0.0,0,stable_identical_rank
5,True,local_qwen,False,"[""ox14-c000384|ox14-c000344|ox14-c000216|ox14-c000016|ox14-c000002""]",10,1.0,5,False,0,1.0,1.0,0.2,0.2,0.2,0.0,0.0,"[0.2, 0.2, 0.2, 0.2, 0.2]",ow14-s0061,positive,1.0,1.0,"{""valid"": 5}",0,0,0,1,1,5,10,"[5, 5, 5, 5, 5]",10,1.0,True,10,0.0,0,stable_identical_rank
5,True,local_qwen,False,"[""ox14-c000268|ox14-c000207|ox14-c000220|ox14-c000177|ox14-c000079""]",10,1.0,5,False,0,1.0,1.0,0.2,0.2,0.2,0.0,0.0,"[0.2, 0.2, 0.2, 0.2, 0.2]",ow14-s0062,positive,1.0,1.0,"{""valid"": 5}",0,0,0,1,1,5,10,"[5, 5, 5, 5, 5]",10,1.0,True,10,0.0,0,stable_identical_rank
5,True,local_qwen,False,"[""ox14-c000026|ox14-c000314|ox14-c000061|ox14-c000417|ox14-c000434""]",10,1.0,5,False,0,1.0,1.0,0.25,0.25,0.25,0.0,0.0,"[0.25, 0.25, 0.25, 0.25, 0.25]",ow14-s0063,positive,1.0,1.0,"{""valid"": 5}",0,0,5,1,1,5,10,"[4, 4, 4, 4, 4]",10,1.0,True,10,0.0,0,stable_identical_rank
5,True,local_qwen,False,"[""ox14-c000273|ox14-c000219|ox14-c000109|ox14-c000034|ox14-c000019""]",10,1.0,5,False,0,1.0,1.0,0.2,0.2,0.2,0.0,0.0,"[0.2, 0.2, 0.2, 0.2, 0.2]",ow14-s0064,positive,1.0,1.0,"{""valid"": 5}",0,0,0,1,1,5,10,"[5, 5, 5, 5, 5]",10,1.0,True,10,0.0,0,stable_identical_rank
5,True,local_qwen,False,"[""ox14-c000101|ox14-c000347|ox14-c000303|ox14-c000405|ox14-c000363""]",10,1.0,5,False,0,1.0,1.0,0.5,0.5,0.5,0.0,0.0,"[0.5, 0.5, 0.5, 0.5, 0.5]",ow14-s0065,positive,1.0,1.0,"{""valid"": 5}",0,5,5,1,1,5,10,"[2, 2, 2, 2, 2]",10,1.0,True,10,0.0,0,stable_identical_rank
5,True,local_qwen,False,"[""ox14-c000039|ox14-c000226|ox14-c000100|ox14-c000064|ox14-c000111""]",10,1.0,5,False,0,1.0,1.0,1.0,1.0,1.0,0.0,0.0,"[1.0, 1.0, 1.0, 1.0, 1.0]",ow14-s0066,positive,1.0,1.0,"{""valid"": 5}",5,5,5,1,1,5,10,"[1, 1, 1, 1, 1]",10,1.0,True,10,0.0,0,stable_identical_rank
5,True,local_qwen,False,"[""ox14-c000141|ox14-c000212|ox14-c000385|ox14-c000048|ox14-c000387""]",10,1.0,5,False,0,1.0,1.0,0.3333333333333333,0.3333333333333333,0.3333333333333333,0.0,0.0,"[0.3333333333333333, 0.3333333333333333, 0.3333333333333333, 0.3333333333333333, 0.3333333333333333]",ow14-s0067,positive,1.0,1.0,"{""valid"": 5}",0,0,5,1,1,5,10,"[3, 3, 3, 3, 3]",10,1.0,True,10,0.0,0,stable_identical_rank
5,True,local_qwen,False,"[""ox14-c000082|ox14-c000248|ox14-c000399|ox14-c000251|ox14-c000423""]",10,1.0,5,False,0,1.0,1.0,0.5,0.5,0.5,0.0,0.0,"[0.5, 0.5, 0.5, 0.5, 0.5]",ow14-s0068,positive,1.0,1.0,"{""valid"": 5}",0,5,5,1,1,5,10,"[2, 2, 2, 2, 2]",10,1.0,True,10,0.0,0,stable_identical_rank
5,True,local_qwen,False,"[""ox14-c000410|ox14-c000077|ox14-c000296|ox14-c000179|ox14-c000085""]",10,1.0,5,False,0,1.0,1.0,0.25,0.25,0.25,0.0,0.0,"[0.25, 0.25, 0.25, 0.25, 0.25]",ow14-s0069,positive,1.0,1.0,"{""valid"": 5}",0,0,5,1,1,5,10,"[4, 4, 4, 4, 4]",10,1.0,True,10,0.0,0,stable_identical_rank
5,True,local_qwen,False,"[""ox14-c000223|ox14-c000395|ox14-c000353|ox14-c000118|ox14-c000343""]",10,1.0,5,False,0,1.0,1.0,0.2,0.2,0.2,0.0,0.0,"[0.2, 0.2, 0.2, 0.2, 0.2]",ow14-s0070,positive,1.0,1.0,"{""valid"": 5}",0,0,0,1,1,5,10,"[5, 5, 5, 5, 5]",10,1.0,True,10,0.0,0,stable_identical_rank
5,True,local_qwen,False,"[""ox14-c000311|ox14-c000116|ox14-c000307|ox14-c000315|ox14-c000188""]",10,1.0,5,False,0,1.0,1.0,0.5,0.5,0.5,0.0,0.0,"[0.5, 0.5, 0.5, 0.5, 0.5]",ow14-s0071,positive,1.0,1.0,"{""valid"": 5}",0,5,5,1,1,5,10,"[2, 2, 2, 2, 2]",10,1.0,True,10,0.0,0,stable_identical_rank
5,True,local_qwen,False,"[""ox14-c000404|ox14-c000167|ox14-c000271|ox14-c000351|ox14-c000161""]",10,1.0,5,False,0,1.0,1.0,0.3333333333333333,0.3333333333333333,0.3333333333333333,0.0,0.0,"[0.3333333333333333, 0.3333333333333333, 0.3333333333333333, 0.3333333333333333, 0.3333333333333333]",ow14-s0072,positive,1.0,1.0,"{""valid"": 5}",0,0,5,1,1,5,10,"[3, 3, 3, 3, 3]",10,1.0,True,10,0.0,0,stable_identical_rank
5,True,local_qwen,False,"[""ox14-c000304|ox14-c000272|ox14-c000429|ox14-c000029|ox14-c000117""]",10,1.0,5,False,0,1.0,1.0,1.0,1.0,1.0,0.0,0.0,"[1.0, 1.0, 1.0, 1.0, 1.0]",ow14-s0073,positive,1.0,1.0,"{""valid"": 5}",5,5,5,1,1,5,10,"[1, 1, 1, 1, 1]",10,1.0,True,10,0.0,0,stable_identical_rank
5,True,local_qwen,False,"[""ox14-c000346|ox14-c000185|ox14-c000335|ox14-c000136|ox14-c000377""]",10,1.0,5,False,0,1.0,1.0,0.3333333333333333,0.3333333333333333,0.3333333333333333,0.0,0.0,"[0.3333333333333333, 0.3333333333333333, 0.3333333333333333, 0.3333333333333333, 0.3333333333333333]",ow14-s0074,positive,1.0,1.0,"{""valid"": 5}",0,0,5,1,1,5,10,"[3, 3, 3, 3, 3]",10,1.0,True,10,0.0,0,stable_identical_rank
5,True,local_qwen,False,"[""ox14-c000070|ox14-c000198|ox14-c000104|ox14-c000396|ox14-c000247""]",10,1.0,5,False,0,1.0,1.0,0.3333333333333333,0.3333333333333333,0.3333333333333333,0.0,0.0,"[0.3333333333333333, 0.3333333333333333, 0.3333333333333333, 0.3333333333333333, 0.3333333333333333]",ow14-s0075,positive,1.0,1.0,"{""valid"": 5}",0,0,5,1,1,5,10,"[3, 3, 3, 3, 3]",10,1.0,True,10,0.0,0,stable_identical_rank
5,True,local_qwen,False,"[""ox14-c000023|ox14-c000163|ox14-c000056|ox14-c000099|ox14-c000102""]",10,1.0,5,False,0,1.0,1.0,0.5,0.5,0.5,0.0,0.0,"[0.5, 0.5, 0.5, 0.5, 0.5]",ow14-s0076,positive,1.0,1.0,"{""valid"": 5}",0,5,5,1,1,5,10,"[2, 2, 2, 2, 2]",10,1.0,True,10,0.0,0,stable_identical_rank
5,True,local_qwen,False,"[""ox14-c000189|ox14-c000054|ox14-c000030|ox14-c000348|ox14-c000236""]",10,1.0,5,False,0,1.0,1.0,0.5,0.5,0.5,0.0,0.0,"[0.5, 0.5, 0.5, 0.5, 0.5]",ow14-s0077,positive,1.0,1.0,"{""valid"": 5}",0,5,5,1,1,5,10,"[2, 2, 2, 2, 2]",10,1.0,True,10,0.0,0,stable_identical_rank
5,True,local_qwen,False,"[""ox14-c000083|ox14-c000341|ox14-c000209|ox14-c000342|ox14-c000426""]",10,1.0,5,False,0,1.0,1.0,0.25,0.25,0.25,0.0,0.0,"[0.25, 0.25, 0.25, 0.25, 0.25]",ow14-s0078,positive,1.0,1.0,"{""valid"": 5}",0,0,5,1,1,5,10,"[4, 4, 4, 4, 4]",10,1.0,True,10,0.0,0,stable_identical_rank
5,True,local_qwen,False,"[""ox14-c000184|ox14-c000254|ox14-c000259|ox14-c000333|ox14-c000340""]",10,1.0,5,False,0,1.0,1.0,0.2,0.2,0.2,0.0,0.0,"[0.2, 0.2, 0.2, 0.2, 0.2]",ow14-s0079,positive,1.0,1.0,"{""valid"": 5}",0,0,0,1,1,5,10,"[5, 5, 5, 5, 5]",10,1.0,True,10,0.0,0,stable_identical_rank
5,True,local_qwen,False,"[""ox14-c000229|ox14-c000383|ox14-c000278|ox14-c000355|ox14-c000031""]",10,1.0,5,False,0,1.0,1.0,0.5,0.5,0.5,0.0,0.0,"[0.5, 0.5, 0.5, 0.5, 0.5]",ow14-s0080,positive,1.0,1.0,"{""valid"": 5}",0,5,5,1,1,5,10,"[2, 2, 2, 2, 2]",10,1.0,True,10,0.0,0,stable_identical_rank
5,True,local_qwen,False,"[""ox14-c000435|ox14-c000125|ox14-c000065|ox14-c000294|ox14-c000204""]",10,1.0,5,False,0,1.0,1.0,1.0,1.0,1.0,0.0,0.0,"[1.0, 1.0, 1.0, 1.0, 1.0]",ow14-s0081,positive,1.0,1.0,"{""valid"": 5}",5,5,5,1,1,5,10,"[1, 1, 1, 1, 1]",10,1.0,True,10,0.0,0,stable_identical_rank
5,True,local_qwen,False,"[""ox14-c000164|ox14-c000044|ox14-c000066|ox14-c000131|ox14-c000409""]",10,1.0,5,False,0,1.0,1.0,0.25,0.25,0.25,0.0,0.0,"[0.25, 0.25, 0.25, 0.25, 0.25]",ow14-s0082,positive,1.0,1.0,"{""valid"": 5}",0,0,5,1,1,5,10,"[4, 4, 4, 4, 4]",10,1.0,True,10,0.0,0,stable_identical_rank
5,True,local_qwen,False,"[""ox14-c000301|ox14-c000261|ox14-c000432|ox14-c000208|ox14-c000112""]",10,1.0,5,False,0,1.0,1.0,1.0,1.0,1.0,0.0,0.0,"[1.0, 1.0, 1.0, 1.0, 1.0]",ow14-s0083,positive,1.0,1.0,"{""valid"": 5}",5,5,5,1,1,5,10,"[1, 1, 1, 1, 1]",10,1.0,True,10,0.0,0,stable_identical_rank
5,True,local_qwen,False,"[""ox14-c000332|ox14-c000414|ox14-c000310|ox14-c000224|ox14-c000362""]",10,1.0,5,False,0,1.0,1.0,1.0,1.0,1.0,0.0,0.0,"[1.0, 1.0, 1.0, 1.0, 1.0]",ow14-s0084,positive,1.0,1.0,"{""valid"": 5}",5,5,5,1,1,5,10,"[1, 1, 1, 1, 1]",10,1.0,True,10,0.0,0,stable_identical_rank
5,True,local_qwen,False,"[""ox14-c000036|ox14-c000210|ox14-c000264|ox14-c000391|ox14-c000402""]",10,1.0,5,False,0,1.0,1.0,0.3333333333333333,0.3333333333333333,0.3333333333333333,0.0,0.0,"[0.3333333333333333, 0.3333333333333333, 0.3333333333333333, 0.3333333333333333, 0.3333333333333333]",ow14-s0085,positive,1.0,1.0,"{""valid"": 5}",0,0,5,1,1,5,10,"[3, 3, 3, 3, 3]",10,1.0,True,10,0.0,0,stable_identical_rank
5,True,local_qwen,False,"[""ox14-c000421|ox14-c000320|ox14-c000225|ox14-c000252|ox14-c000067""]",10,1.0,5,False,0,1.0,1.0,1.0,1.0,1.0,0.0,0.0,"[1.0, 1.0, 1.0, 1.0, 1.0]",ow14-s0086,positive,1.0,1.0,"{""valid"": 5}",5,5,5,1,1,5,10,"[1, 1, 1, 1, 1]",10,1.0,True,10,0.0,0,stable_identical_rank
5,True,local_qwen,False,"[""ox14-c000140|ox14-c000165|ox14-c000319|ox14-c000090|ox14-c000369""]",10,1.0,5,False,0,1.0,1.0,0.3333333333333333,0.3333333333333333,0.3333333333333333,0.0,0.0,"[0.3333333333333333, 0.3333333333333333, 0.3333333333333333, 0.3333333333333333, 0.3333333333333333]",ow14-s0087,positive,1.0,1.0,"{""valid"": 5}",0,0,5,1,1,5,10,"[3, 3, 3, 3, 3]",10,1.0,True,10,0.0,0,stable_identical_rank
5,True,local_qwen,False,"[""ox14-c000312|ox14-c000072|ox14-c000265|ox14-c000389|ox14-c000081""]",10,1.0,5,False,0,1.0,1.0,1.0,1.0,1.0,0.0,0.0,"[1.0, 1.0, 1.0, 1.0, 1.0]",ow14-s0088,positive,1.0,1.0,"{""valid"": 5}",5,5,5,1,1,5,10,"[1, 1, 1, 1, 1]",10,1.0,True,10,0.0,0,stable_identical_rank
5,True,local_qwen,False,"[""ox14-c000367|ox14-c000323|ox14-c000046|ox14-c000211|ox14-c000246""]",10,1.0,5,False,0,1.0,1.0,1.0,1.0,1.0,0.0,0.0,"[1.0, 1.0, 1.0, 1.0, 1.0]",ow14-s0089,positive,1.0,1.0,"{""valid"": 5}",5,5,5,1,1,5,10,"[1, 1, 1, 1, 1]",10,1.0,True,10,0.0,0,stable_identical_rank
5,True,local_qwen,False,"[""ox14-c000181|ox14-c000025|ox14-c000108|ox14-c000266|ox14-c000121""]",10,1.0,5,False,0,1.0,1.0,0.25,0.25,0.25,0.0,0.0,"[0.25, 0.25, 0.25, 0.25, 0.25]",ow14-s0090,positive,1.0,1.0,"{""valid"": 5}",0,0,5,1,1,5,10,"[4, 4, 4, 4, 4]",10,1.0,True,10,0.0,0,stable_identical_rank
5,True,local_qwen,False,"[""ox14-c000040|ox14-c000012|ox14-c000037|ox14-c000058|ox14-c000197""]",10,1.0,5,False,0,1.0,1.0,1.0,1.0,1.0,0.0,0.0,"[1.0, 1.0, 1.0, 1.0, 1.0]",ow14-s0091,positive,1.0,1.0,"{""valid"": 5}",5,5,5,1,1,5,10,"[1, 1, 1, 1, 1]",10,1.0,True,10,0.0,0,stable_identical_rank
5,True,local_qwen,False,"[""ox14-c000159|ox14-c000270|ox14-c000245|ox14-c000354|ox14-c000374""]",10,1.0,5,False,0,1.0,1.0,1.0,1.0,1.0,0.0,0.0,"[1.0, 1.0, 1.0, 1.0, 1.0]",ow14-s0092,positive,1.0,1.0,"{""valid"": 5}",5,5,5,1,1,5,10,"[1, 1, 1, 1, 1]",10,1.0,True,10,0.0,0,stable_identical_rank
5,True,local_qwen,False,"[""ox14-c000033|ox14-c000127|ox14-c000075|ox14-c000336|ox14-c000087""]",10,1.0,5,False,0,1.0,1.0,0.25,0.25,0.25,0.0,0.0,"[0.25, 0.25, 0.25, 0.25, 0.25]",ow14-s0093,positive,1.0,1.0,"{""valid"": 5}",0,0,5,1,1,5,10,"[4, 4, 4, 4, 4]",10,1.0,True,10,0.0,0,stable_identical_rank
5,True,local_qwen,False,"[""ox14-c000277|ox14-c000352|ox14-c000297|ox14-c000406|ox14-c000370""]",10,1.0,5,False,0,1.0,1.0,0.2,0.2,0.2,0.0,0.0,"[0.2, 0.2, 0.2, 0.2, 0.2]",ow14-s0094,positive,1.0,1.0,"{""valid"": 5}",0,0,0,1,1,5,10,"[5, 5, 5, 5, 5]",10,1.0,True,10,0.0,0,stable_identical_rank
5,True,local_qwen,False,"[""ox14-c000183|ox14-c000133|ox14-c000357|ox14-c000113|ox14-c000060""]",10,1.0,5,False,0,1.0,1.0,0.5,0.5,0.5,0.0,0.0,"[0.5, 0.5, 0.5, 0.5, 0.5]",ow14-s0095,positive,1.0,1.0,"{""valid"": 5}",0,5,5,1,1,5,10,"[2, 2, 2, 2, 2]",10,1.0,True,10,0.0,0,stable_identical_rank
5,True,local_qwen,False,"[""ox14-c000004|ox14-c000398|ox14-c000103|ox14-c000293|ox14-c000381""]",10,1.0,5,False,0,1.0,1.0,1.0,1.0,1.0,0.0,0.0,"[1.0, 1.0, 1.0, 1.0, 1.0]",ow14-s0096,positive,1.0,1.0,"{""valid"": 5}",5,5,5,1,1,5,10,"[1, 1, 1, 1, 1]",10,1.0,True,10,0.0,0,stable_identical_rank
5,True,local_qwen,False,"[""ox14-c000074|ox14-c000107|ox14-c000093|ox14-c000373|ox14-c000422""]",10,1.0,5,False,0,1.0,1.0,1.0,1.0,1.0,0.0,0.0,"[1.0, 1.0, 1.0, 1.0, 1.0]",ow14-s0097,positive,1.0,1.0,"{""valid"": 5}",5,5,5,1,1,5,10,"[1, 1, 1, 1, 1]",10,1.0,True,10,0.0,0,stable_identical_rank
5,True,local_qwen,False,"[""ox14-c000053|ox14-c000350|ox14-c000337|ox14-c000427|ox14-c000275""]",10,1.0,5,False,0,1.0,1.0,0.2,0.2,0.2,0.0,0.0,"[0.2, 0.2, 0.2, 0.2, 0.2]",ow14-s0098,positive,1.0,1.0,"{""valid"": 5}",0,0,0,1,1,5,10,"[5, 5, 5, 5, 5]",10,1.0,True,10,0.0,0,stable_identical_rank
5,True,local_qwen,False,"[""ox14-c000428|ox14-c000344|ox14-c000384|ox14-c000216|ox14-c000016""]",10,1.0,5,False,0,1.0,1.0,1.0,1.0,1.0,0.0,0.0,"[1.0, 1.0, 1.0, 1.0, 1.0]",ow14-s0099,positive,1.0,1.0,"{""valid"": 5}",5,5,5,1,1,5,10,"[1, 1, 1, 1, 1]",10,1.0,True,10,0.0,0,stable_identical_rank
5,True,local_qwen,False,"[""ox14-c000207|ox14-c000220|ox14-c000177|ox14-c000306|ox14-c000268""]",10,1.0,5,False,0,1.0,1.0,0.25,0.25,0.25,0.0,0.0,"[0.25, 0.25, 0.25, 0.25, 0.25]",ow14-s0100,positive,1.0,1.0,"{""valid"": 5}",0,0,5,1,1,5,10,"[4, 4, 4, 4, 4]",10,1.0,True,10,0.0,0,stable_identical_rank
5,True,local_qwen,False,"[""ox14-c000007|ox14-c000434|ox14-c000061|ox14-c000314|ox14-c000026""]",10,1.0,5,False,0,1.0,1.0,1.0,1.0,1.0,0.0,0.0,"[1.0, 1.0, 1.0, 1.0, 1.0]",ow14-s0101,positive,1.0,1.0,"{""valid"": 5}",5,5,5,1,1,5,10,"[1, 1, 1, 1, 1]",10,1.0,True,10,0.0,0,stable_identical_rank
5,True,local_qwen,False,"[""ox14-c000359|ox14-c000273|ox14-c000109|ox14-c000219|ox14-c000034""]",10,1.0,5,False,0,1.0,1.0,1.0,1.0,1.0,0.0,0.0,"[1.0, 1.0, 1.0, 1.0, 1.0]",ow14-s0102,positive,1.0,1.0,"{""valid"": 5}",5,5,5,1,1,5,10,"[1, 1, 1, 1, 1]",10,1.0,True,10,0.0,0,stable_identical_rank
5,True,local_qwen,False,"[""ox14-c000363|ox14-c000269|ox14-c000303|ox14-c000405|ox14-c000101""]",10,1.0,5,False,0,1.0,1.0,0.5,0.5,0.5,0.0,0.0,"[0.5, 0.5, 0.5, 0.5, 0.5]",ow14-s0103,positive,1.0,1.0,"{""valid"": 5}",0,5,5,1,1,5,10,"[2, 2, 2, 2, 2]",10,1.0,True,10,0.0,0,stable_identical_rank
5,True,local_qwen,False,"[""ox14-c000226|ox14-c000064|ox14-c000111|ox14-c000403|ox14-c000100""]",10,1.0,5,False,0,1.0,1.0,0.25,0.25,0.25,0.0,0.0,"[0.25, 0.25, 0.25, 0.25, 0.25]",ow14-s0104,positive,1.0,1.0,"{""valid"": 5}",0,0,5,1,1,5,10,"[4, 4, 4, 4, 4]",10,1.0,True,10,0.0,0,stable_identical_rank
5,True,local_qwen,False,"[""ox14-c000387|ox14-c000141|ox14-c000212|ox14-c000003|ox14-c000048""]",10,1.0,5,False,0,1.0,1.0,0.25,0.25,0.25,0.0,0.0,"[0.25, 0.25, 0.25, 0.25, 0.25]",ow14-s0105,positive,1.0,1.0,"{""valid"": 5}",0,0,5,1,1,5,10,"[4, 4, 4, 4, 4]",10,1.0,True,10,0.0,0,stable_identical_rank
5,True,local_qwen,False,"[""ox14-c000082|ox14-c000202|ox14-c000251|ox14-c000399|ox14-c000423""]",10,1.0,5,False,0,1.0,1.0,0.5,0.5,0.5,0.0,0.0,"[0.5, 0.5, 0.5, 0.5, 0.5]",ow14-s0106,positive,1.0,1.0,"{""valid"": 5}",0,5,5,1,1,5,10,"[2, 2, 2, 2, 2]",10,1.0,True,10,0.0,0,stable_identical_rank
5,True,local_qwen,False,"[""ox14-c000430|ox14-c000085|ox14-c000077|ox14-c000296|ox14-c000410""]",10,1.0,5,False,0,1.0,1.0,1.0,1.0,1.0,0.0,0.0,"[1.0, 1.0, 1.0, 1.0, 1.0]",ow14-s0107,positive,1.0,1.0,"{""valid"": 5}",5,5,5,1,1,5,10,"[1, 1, 1, 1, 1]",10,1.0,True,10,0.0,0,stable_identical_rank
5,True,local_qwen,False,"[""ox14-c000018|ox14-c000223|ox14-c000118|ox14-c000395|ox14-c000353""]",10,1.0,5,False,0,1.0,1.0,1.0,1.0,1.0,0.0,0.0,"[1.0, 1.0, 1.0, 1.0, 1.0]",ow14-s0108,positive,1.0,1.0,"{""valid"": 5}",5,5,5,1,1,5,10,"[1, 1, 1, 1, 1]",10,1.0,True,10,0.0,0,stable_identical_rank
5,True,local_qwen,False,"[""ox14-c000307|ox14-c000020|ox14-c000315|ox14-c000311|ox14-c000188""]",10,1.0,5,False,0,1.0,1.0,0.5,0.5,0.5,0.0,0.0,"[0.5, 0.5, 0.5, 0.5, 0.5]",ow14-s0109,positive,1.0,1.0,"{""valid"": 5}",0,5,5,1,1,5,10,"[2, 2, 2, 2, 2]",10,1.0,True,10,0.0,0,stable_identical_rank
5,True,local_qwen,False,"[""ox14-c000232|ox14-c000351|ox14-c000167|ox14-c000161|ox14-c000404""]",10,1.0,5,False,0,1.0,1.0,1.0,1.0,1.0,0.0,0.0,"[1.0, 1.0, 1.0, 1.0, 1.0]",ow14-s0110,positive,1.0,1.0,"{""valid"": 5}",5,5,5,1,1,5,10,"[1, 1, 1, 1, 1]",10,1.0,True,10,0.0,0,stable_identical_rank
5,True,local_qwen,False,"[""ox14-c000029|ox14-c000429|ox14-c000117|ox14-c000119|ox14-c000272""]",10,1.0,5,False,0,1.0,1.0,0.25,0.25,0.25,0.0,0.0,"[0.25, 0.25, 0.25, 0.25, 0.25]",ow14-s0111,positive,1.0,1.0,"{""valid"": 5}",0,0,5,1,1,5,10,"[4, 4, 4, 4, 4]",10,1.0,True,10,0.0,0,stable_identical_rank
5,True,local_qwen,False,"[""ox14-c000378|ox14-c000136|ox14-c000346|ox14-c000185|ox14-c000377""]",10,1.0,5,False,0,1.0,1.0,1.0,1.0,1.0,0.0,0.0,"[1.0, 1.0, 1.0, 1.0, 1.0]",ow14-s0112,positive,1.0,1.0,"{""valid"": 5}",5,5,5,1,1,5,10,"[1, 1, 1, 1, 1]",10,1.0,True,10,0.0,0,stable_identical_rank
5,True,local_qwen,False,"[""ox14-c000094|ox14-c000396|ox14-c000198|ox14-c000247|ox14-c000070""]",10,1.0,5,False,0,1.0,1.0,1.0,1.0,1.0,0.0,0.0,"[1.0, 1.0, 1.0, 1.0, 1.0]",ow14-s0113,positive,1.0,1.0,"{""valid"": 5}",5,5,5,1,1,5,10,"[1, 1, 1, 1, 1]",10,1.0,True,10,0.0,0,stable_identical_rank
5,True,local_qwen,False,"[""ox14-c000139|ox14-c000099|ox14-c000056|ox14-c000023|ox14-c000102""]",10,1.0,5,False,0,1.0,1.0,1.0,1.0,1.0,0.0,0.0,"[1.0, 1.0, 1.0, 1.0, 1.0]",ow14-s0114,positive,1.0,1.0,"{""valid"": 5}",5,5,5,1,1,5,10,"[1, 1, 1, 1, 1]",10,1.0,True,10,0.0,0,stable_identical_rank
5,True,local_qwen,False,"[""ox14-c000006|ox14-c000189|ox14-c000348|ox14-c000236|ox14-c000030""]",10,1.0,5,False,0,1.0,1.0,1.0,1.0,1.0,0.0,0.0,"[1.0, 1.0, 1.0, 1.0, 1.0]",ow14-s0115,positive,1.0,1.0,"{""valid"": 5}",5,5,5,1,1,5,10,"[1, 1, 1, 1, 1]",10,1.0,True,10,0.0,0,stable_identical_rank
5,True,local_qwen,False,"[""ox14-c000426|ox14-c000120|ox14-c000341|ox14-c000209|ox14-c000083""]",10,1.0,5,False,0,1.0,1.0,0.5,0.5,0.5,0.0,0.0,"[0.5, 0.5, 0.5, 0.5, 0.5]",ow14-s0116,positive,1.0,1.0,"{""valid"": 5}",0,5,5,1,1,5,10,"[2, 2, 2, 2, 2]",10,1.0,True,10,0.0,0,stable_identical_rank
5,True,local_qwen,False,"[""ox14-c000221|ox14-c000333|ox14-c000184|ox14-c000259|ox14-c000254""]",10,1.0,5,False,0,1.0,1.0,1.0,1.0,1.0,0.0,0.0,"[1.0, 1.0, 1.0, 1.0, 1.0]",ow14-s0117,positive,1.0,1.0,"{""valid"": 5}",5,5,5,1,1,5,10,"[1, 1, 1, 1, 1]",10,1.0,True,10,0.0,0,stable_identical_rank
5,True,local_qwen,False,"[""ox14-c000355|ox14-c000229|ox14-c000278|ox14-c000031|ox14-c000010""]",10,1.0,5,False,0,1.0,1.0,0.2,0.2,0.2,0.0,0.0,"[0.2, 0.2, 0.2, 0.2, 0.2]",ow14-s0118,positive,1.0,1.0,"{""valid"": 5}",0,0,0,1,1,5,10,"[5, 5, 5, 5, 5]",10,1.0,True,10,0.0,0,stable_identical_rank
5,True,local_qwen,False,"[""ox14-c000294|ox14-c000169|ox14-c000204|ox14-c000125|ox14-c000065""]",10,1.0,5,False,0,1.0,1.0,0.5,0.5,0.5,0.0,0.0,"[0.5, 0.5, 0.5, 0.5, 0.5]",ow14-s0119,positive,1.0,1.0,"{""valid"": 5}",0,5,5,1,1,5,10,"[2, 2, 2, 2, 2]",10,1.0,True,10,0.0,0,stable_identical_rank
5,True,local_qwen,False,"[""ox14-c000066|ox14-c000164|ox14-c000409|ox14-c000050|ox14-c000044""]",10,1.0,5,False,0,1.0,1.0,0.25,0.25,0.25,0.0,0.0,"[0.25, 0.25, 0.25, 0.25, 0.25]",ow14-s0120,positive,1.0,1.0,"{""valid"": 5}",0,0,5,1,1,5,10,"[4, 4, 4, 4, 4]",10,1.0,True,10,0.0,0,stable_identical_rank
5,True,local_qwen,False,"[""ox14-c000432|ox14-c000208|ox14-c000214|ox14-c000112|ox14-c000261""]",10,1.0,5,False,0,1.0,1.0,0.3333333333333333,0.3333333333333333,0.3333333333333333,0.0,0.0,"[0.3333333333333333, 0.3333333333333333, 0.3333333333333333, 0.3333333333333333, 0.3333333333333333]",ow14-s0121,positive,1.0,1.0,"{""valid"": 5}",0,0,5,1,1,5,10,"[3, 3, 3, 3, 3]",10,1.0,True,10,0.0,0,stable_identical_rank
5,True,local_qwen,False,"[""ox14-c000414|ox14-c000256|ox14-c000362|ox14-c000224|ox14-c000310""]",10,1.0,5,False,0,1.0,1.0,0.5,0.5,0.5,0.0,0.0,"[0.5, 0.5, 0.5, 0.5, 0.5]",ow14-s0122,positive,1.0,1.0,"{""valid"": 5}",0,5,5,1,1,5,10,"[2, 2, 2, 2, 2]",10,1.0,True,10,0.0,0,stable_identical_rank
5,True,local_qwen,False,"[""ox14-c000036|ox14-c000199|ox14-c000210|ox14-c000391|ox14-c000402""]",10,1.0,5,False,0,1.0,1.0,0.5,0.5,0.5,0.0,0.0,"[0.5, 0.5, 0.5, 0.5, 0.5]",ow14-s0123,positive,1.0,1.0,"{""valid"": 5}",0,5,5,1,1,5,10,"[2, 2, 2, 2, 2]",10,1.0,True,10,0.0,0,stable_identical_rank
5,True,local_qwen,False,"[""ox14-c000225|ox14-c000067|ox14-c000252|ox14-c000160|ox14-c000320""]",10,1.0,5,False,0,1.0,1.0,0.25,0.25,0.25,0.0,0.0,"[0.25, 0.25, 0.25, 0.25, 0.25]",ow14-s0124,positive,1.0,1.0,"{""valid"": 5}",0,0,5,1,1,5,10,"[4, 4, 4, 4, 4]",10,1.0,True,10,0.0,0,stable_identical_rank
5,True,local_qwen,False,"[""ox14-c000165|ox14-c000393|ox14-c000140|ox14-c000369|ox14-c000090""]",10,1.0,5,False,0,1.0,1.0,0.5,0.5,0.5,0.0,0.0,"[0.5, 0.5, 0.5, 0.5, 0.5]",ow14-s0125,positive,1.0,1.0,"{""valid"": 5}",0,5,5,1,1,5,10,"[2, 2, 2, 2, 2]",10,1.0,True,10,0.0,0,stable_identical_rank
5,True,local_qwen,False,"[""ox14-c000081|ox14-c000366|ox14-c000072|ox14-c000265|ox14-c000389""]",10,1.0,5,False,0,1.0,1.0,0.5,0.5,0.5,0.0,0.0,"[0.5, 0.5, 0.5, 0.5, 0.5]",ow14-s0126,positive,1.0,1.0,"{""valid"": 5}",0,5,5,1,1,5,10,"[2, 2, 2, 2, 2]",10,1.0,True,10,0.0,0,stable_identical_rank
5,True,local_qwen,False,"[""ox14-c000246|ox14-c000211|ox14-c000323|ox14-c000114|ox14-c000046""]",10,1.0,5,False,0,1.0,1.0,0.25,0.25,0.25,0.0,0.0,"[0.25, 0.25, 0.25, 0.25, 0.25]",ow14-s0127,positive,1.0,1.0,"{""valid"": 5}",0,0,5,1,1,5,10,"[4, 4, 4, 4, 4]",10,1.0,True,10,0.0,0,stable_identical_rank
5,True,local_qwen,False,"[""ox14-c000418|ox14-c000108|ox14-c000181|ox14-c000121|ox14-c000025""]",10,1.0,5,False,0,1.0,1.0,1.0,1.0,1.0,0.0,0.0,"[1.0, 1.0, 1.0, 1.0, 1.0]",ow14-s0128,positive,1.0,1.0,"{""valid"": 5}",5,5,5,1,1,5,10,"[1, 1, 1, 1, 1]",10,1.0,True,10,0.0,0,stable_identical_rank
5,True,local_qwen,False,"[""ox14-c000058|ox14-c000197|ox14-c000124|ox14-c000012|ox14-c000037""]",10,1.0,5,False,0,1.0,1.0,0.3333333333333333,0.3333333333333333,0.3333333333333333,0.0,0.0,"[0.3333333333333333, 0.3333333333333333, 0.3333333333333333, 0.3333333333333333, 0.3333333333333333]",ow14-s0129,positive,1.0,1.0,"{""valid"": 5}",0,0,5,1,1,5,10,"[3, 3, 3, 3, 3]",10,1.0,True,10,0.0,0,stable_identical_rank
5,True,local_qwen,False,"[""ox14-c000270|ox14-c000245|ox14-c000354|ox14-c000339|ox14-c000374""]",10,1.0,5,False,0,1.0,1.0,0.25,0.25,0.25,0.0,0.0,"[0.25, 0.25, 0.25, 0.25, 0.25]",ow14-s0130,positive,1.0,1.0,"{""valid"": 5}",0,0,5,1,1,5,10,"[4, 4, 4, 4, 4]",10,1.0,True,10,0.0,0,stable_identical_rank
5,True,local_qwen,False,"[""ox14-c000045|ox14-c000033|ox14-c000127|ox14-c000075|ox14-c000087""]",10,1.0,5,False,0,1.0,1.0,1.0,1.0,1.0,0.0,0.0,"[1.0, 1.0, 1.0, 1.0, 1.0]",ow14-s0131,positive,1.0,1.0,"{""valid"": 5}",5,5,5,1,1,5,10,"[1, 1, 1, 1, 1]",10,1.0,True,10,0.0,0,stable_identical_rank
5,True,local_qwen,False,"[""ox14-c000352|ox14-c000297|ox14-c000382|ox14-c000406|ox14-c000277""]",10,1.0,5,False,0,1.0,1.0,0.3333333333333333,0.3333333333333333,0.3333333333333333,0.0,0.0,"[0.3333333333333333, 0.3333333333333333, 0.3333333333333333, 0.3333333333333333, 0.3333333333333333]",ow14-s0132,positive,1.0,1.0,"{""valid"": 5}",0,0,5,1,1,5,10,"[3, 3, 3, 3, 3]",10,1.0,True,10,0.0,0,stable_identical_rank
5,True,local_qwen,False,"[""ox14-c000183|ox14-c000357|ox14-c000192|ox14-c000060|ox14-c000113""]",10,1.0,5,False,0,1.0,1.0,0.3333333333333333,0.3333333333333333,0.3333333333333333,0.0,0.0,"[0.3333333333333333, 0.3333333333333333, 0.3333333333333333, 0.3333333333333333, 0.3333333333333333]",ow14-s0133,positive,1.0,1.0,"{""valid"": 5}",0,0,5,1,1,5,10,"[3, 3, 3, 3, 3]",10,1.0,True,10,0.0,0,stable_identical_rank
5,True,local_qwen,False,"[""ox14-c000358|ox14-c000103|ox14-c000381|ox14-c000293|ox14-c000398""]",10,1.0,5,False,0,1.0,1.0,1.0,1.0,1.0,0.0,0.0,"[1.0, 1.0, 1.0, 1.0, 1.0]",ow14-s0134,positive,1.0,1.0,"{""valid"": 5}",5,5,5,1,1,5,10,"[1, 1, 1, 1, 1]",10,1.0,True,10,0.0,0,stable_identical_rank
5,True,local_qwen,False,"[""ox14-c000201|ox14-c000107|ox14-c000422|ox14-c000373|ox14-c000093""]",10,1.0,5,False,0,1.0,1.0,1.0,1.0,1.0,0.0,0.0,"[1.0, 1.0, 1.0, 1.0, 1.0]",ow14-s0135,positive,1.0,1.0,"{""valid"": 5}",5,5,5,1,1,5,10,"[1, 1, 1, 1, 1]",10,1.0,True,10,0.0,0,stable_identical_rank
5,True,local_qwen,False,"[""ox14-c000300|ox14-c000427|ox14-c000337|ox14-c000350|ox14-c000053""]",10,1.0,5,False,0,1.0,1.0,1.0,1.0,1.0,0.0,0.0,"[1.0, 1.0, 1.0, 1.0, 1.0]",ow14-s0136,positive,1.0,1.0,"{""valid"": 5}",5,5,5,1,1,5,10,"[1, 1, 1, 1, 1]",10,1.0,True,10,0.0,0,stable_identical_rank
5,True,local_qwen,False,"[""ox14-c000384|ox14-c000216|ox14-c000205|ox14-c000344|ox14-c000016""]",10,1.0,5,False,0,1.0,1.0,0.3333333333333333,0.3333333333333333,0.3333333333333333,0.0,0.0,"[0.3333333333333333, 0.3333333333333333, 0.3333333333333333, 0.3333333333333333, 0.3333333333333333]",ow14-s0137,positive,1.0,1.0,"{""valid"": 5}",0,0,5,1,1,5,10,"[3, 3, 3, 3, 3]",10,1.0,True,10,0.0,0,stable_identical_rank
5,True,local_qwen,False,"[""ox14-c000177|ox14-c000220|ox14-c000207|ox14-c000268|ox14-c000321""]",10,1.0,5,False,0,1.0,1.0,0.2,0.2,0.2,0.0,0.0,"[0.2, 0.2, 0.2, 0.2, 0.2]",ow14-s0138,positive,1.0,1.0,"{""valid"": 5}",0,0,0,1,1,5,10,"[5, 5, 5, 5, 5]",10,1.0,True,10,0.0,0,stable_identical_rank
5,True,local_qwen,False,"[""ox14-c000061|ox14-c000434|ox14-c000175|ox14-c000026|ox14-c000314""]",10,1.0,5,False,0,1.0,1.0,0.3333333333333333,0.3333333333333333,0.3333333333333333,0.0,0.0,"[0.3333333333333333, 0.3333333333333333, 0.3333333333333333, 0.3333333333333333, 0.3333333333333333]",ow14-s0139,positive,1.0,1.0,"{""valid"": 5}",0,0,5,1,1,5,10,"[3, 3, 3, 3, 3]",10,1.0,True,10,0.0,0,stable_identical_rank
5,True,local_qwen,False,"[""ox14-c000219|ox14-c000109|ox14-c000273|ox14-c000137|ox14-c000034""]",10,1.0,5,False,0,1.0,1.0,0.25,0.25,0.25,0.0,0.0,"[0.25, 0.25, 0.25, 0.25, 0.25]",ow14-s0140,positive,1.0,1.0,"{""valid"": 5}",0,0,5,1,1,5,10,"[4, 4, 4, 4, 4]",10,1.0,True,10,0.0,0,stable_identical_rank
5,True,local_qwen,False,"[""ox14-c000405|ox14-c000101|ox14-c000363|ox14-c000303|ox14-c000021""]",10,1.0,5,False,0,1.0,1.0,0.2,0.2,0.2,0.0,0.0,"[0.2, 0.2, 0.2, 0.2, 0.2]",ow14-s0141,positive,1.0,1.0,"{""valid"": 5}",0,0,0,1,1,5,10,"[5, 5, 5, 5, 5]",10,1.0,True,10,0.0,0,stable_identical_rank
5,True,local_qwen,False,"[""ox14-c000226|ox14-c000064|ox14-c000100|ox14-c000111|ox14-c000170""]",10,1.0,5,False,0,1.0,1.0,0.2,0.2,0.2,0.0,0.0,"[0.2, 0.2, 0.2, 0.2, 0.2]",ow14-s0142,positive,1.0,1.0,"{""valid"": 5}",0,0,0,1,1,5,10,"[5, 5, 5, 5, 5]",10,1.0,True,10,0.0,0,stable_identical_rank
5,True,local_qwen,False,"[""ox14-c000318|ox14-c000141|ox14-c000212|ox14-c000387|ox14-c000048""]",10,1.0,5,False,0,1.0,1.0,1.0,1.0,1.0,0.0,0.0,"[1.0, 1.0, 1.0, 1.0, 1.0]",ow14-s0143,positive,1.0,1.0,"{""valid"": 5}",5,5,5,1,1,5,10,"[1, 1, 1, 1, 1]",10,1.0,True,10,0.0,0,stable_identical_rank
5,True,local_qwen,False,"[""ox14-c000194|ox14-c000251|ox14-c000399|ox14-c000423|ox14-c000082""]",10,1.0,5,False,0,1.0,1.0,1.0,1.0,1.0,0.0,0.0,"[1.0, 1.0, 1.0, 1.0, 1.0]",ow14-s0144,positive,1.0,1.0,"{""valid"": 5}",5,5,5,1,1,5,10,"[1, 1, 1, 1, 1]",10,1.0,True,10,0.0,0,stable_identical_rank
5,True,local_qwen,False,"[""ox14-c000296|ox14-c000135|ox14-c000410|ox14-c000077|ox14-c000085""]",10,1.0,5,False,0,1.0,1.0,0.5,0.5,0.5,0.0,0.0,"[0.5, 0.5, 0.5, 0.5, 0.5]",ow14-s0145,positive,1.0,1.0,"{""valid"": 5}",0,5,5,1,1,5,10,"[2, 2, 2, 2, 2]",10,1.0,True,10,0.0,0,stable_identical_rank
5,True,local_qwen,False,"[""ox14-c000353|ox14-c000118|ox14-c000052|ox14-c000395|ox14-c000223""]",10,1.0,5,False,0,1.0,1.0,0.3333333333333333,0.3333333333333333,0.3333333333333333,0.0,0.0,"[0.3333333333333333, 0.3333333333333333, 0.3333333333333333, 0.3333333333333333, 0.3333333333333333]",ow14-s0146,positive,1.0,1.0,"{""valid"": 5}",0,0,5,1,1,5,10,"[3, 3, 3, 3, 3]",10,1.0,True,10,0.0,0,stable_identical_rank
5,True,local_qwen,False,"[""ox14-c000311|ox14-c000315|ox14-c000307|ox14-c000433|ox14-c000188""]",10,1.0,5,False,0,1.0,1.0,0.25,0.25,0.25,0.0,0.0,"[0.25, 0.25, 0.25, 0.25, 0.25]",ow14-s0147,positive,1.0,1.0,"{""valid"": 5}",0,0,5,1,1,5,10,"[4, 4, 4, 4, 4]",10,1.0,True,10,0.0,0,stable_identical_rank
5,True,local_qwen,False,"[""ox14-c000167|ox14-c000161|ox14-c000243|ox14-c000404|ox14-c000351""]",10,1.0,5,False,0,1.0,1.0,0.3333333333333333,0.3333333333333333,0.3333333333333333,0.0,0.0,"[0.3333333333333333, 0.3333333333333333, 0.3333333333333333, 0.3333333333333333, 0.3333333333333333]",ow14-s0148,positive,1.0,1.0,"{""valid"": 5}",0,0,5,1,1,5,10,"[3, 3, 3, 3, 3]",10,1.0,True,10,0.0,0,stable_identical_rank
5,True,local_qwen,False,"[""ox14-c000029|ox14-c000117|ox14-c000272|ox14-c000372|ox14-c000429""]",10,1.0,5,False,0,1.0,1.0,0.25,0.25,0.25,0.0,0.0,"[0.25, 0.25, 0.25, 0.25, 0.25]",ow14-s0149,positive,1.0,1.0,"{""valid"": 5}",0,0,5,1,1,5,10,"[4, 4, 4, 4, 4]",10,1.0,True,10,0.0,0,stable_identical_rank
5,True,local_qwen,False,"[""ox14-c000377|ox14-c000346|ox14-c000136|ox14-c000267|ox14-c000185""]",10,1.0,5,False,0,1.0,1.0,0.25,0.25,0.25,0.0,0.0,"[0.25, 0.25, 0.25, 0.25, 0.25]",ow14-s0150,positive,1.0,1.0,"{""valid"": 5}",0,0,5,1,1,5,10,"[4, 4, 4, 4, 4]",10,1.0,True,10,0.0,0,stable_identical_rank
5,True,local_qwen,False,"[""ox14-c000022|ox14-c000247|ox14-c000396|ox14-c000198|ox14-c000070""]",10,1.0,5,False,0,1.0,1.0,1.0,1.0,1.0,0.0,0.0,"[1.0, 1.0, 1.0, 1.0, 1.0]",ow14-s0151,positive,1.0,1.0,"{""valid"": 5}",5,5,5,1,1,5,10,"[1, 1, 1, 1, 1]",10,1.0,True,10,0.0,0,stable_identical_rank
5,True,local_qwen,False,"[""ox14-c000099|ox14-c000056|ox14-c000102|ox14-c000017|ox14-c000023""]",10,1.0,5,False,0,1.0,1.0,0.25,0.25,0.25,0.0,0.0,"[0.25, 0.25, 0.25, 0.25, 0.25]",ow14-s0152,positive,1.0,1.0,"{""valid"": 5}",0,0,5,1,1,5,10,"[4, 4, 4, 4, 4]",10,1.0,True,10,0.0,0,stable_identical_rank
5,True,local_qwen,False,"[""ox14-c000388|ox14-c000348|ox14-c000189|ox14-c000236|ox14-c000030""]",10,1.0,5,False,0,1.0,1.0,1.0,1.0,1.0,0.0,0.0,"[1.0, 1.0, 1.0, 1.0, 1.0]",ow14-s0153,positive,1.0,1.0,"{""valid"": 5}",5,5,5,1,1,5,10,"[1, 1, 1, 1, 1]",10,1.0,True,10,0.0,0,stable_identical_rank
5,True,local_qwen,False,"[""ox14-c000426|ox14-c000073|ox14-c000209|ox14-c000341|ox14-c000083""]",10,1.0,5,False,0,1.0,1.0,0.5,0.5,0.5,0.0,0.0,"[0.5, 0.5, 0.5, 0.5, 0.5]",ow14-s0154,positive,1.0,1.0,"{""valid"": 5}",0,5,5,1,1,5,10,"[2, 2, 2, 2, 2]",10,1.0,True,10,0.0,0,stable_identical_rank
5,True,local_qwen,False,"[""ox14-c000254|ox14-c000184|ox14-c000259|ox14-c000095|ox14-c000333""]",10,1.0,5,False,0,1.0,1.0,0.25,0.25,0.25,0.0,0.0,"[0.25, 0.25, 0.25, 0.25, 0.25]",ow14-s0155,positive,1.0,1.0,"{""valid"": 5}",0,0,5,1,1,5,10,"[4, 4, 4, 4, 4]",10,1.0,True,10,0.0,0,stable_identical_rank
5,True,local_qwen,False,"[""ox14-c000229|ox14-c000047|ox14-c000355|ox14-c000278|ox14-c000031""]",10,1.0,5,False,0,1.0,1.0,0.5,0.5,0.5,0.0,0.0,"[0.5, 0.5, 0.5, 0.5, 0.5]",ow14-s0156,positive,1.0,1.0,"{""valid"": 5}",0,5,5,1,1,5,10,"[2, 2, 2, 2, 2]",10,1.0,True,10,0.0,0,stable_identical_rank
5,True,local_qwen,False,"[""ox14-c000294|ox14-c000065|ox14-c000204|ox14-c000125|ox14-c000230""]",10,1.0,5,False,0,1.0,1.0,0.2,0.2,0.2,0.0,0.0,"[0.2, 0.2, 0.2, 0.2, 0.2]",ow14-s0157,positive,1.0,1.0,"{""valid"": 5}",0,0,0,1,1,5,10,"[5, 5, 5, 5, 5]",10,1.0,True,10,0.0,0,stable_identical_rank
5,True,local_qwen,False,"[""ox14-c000164|ox14-c000066|ox14-c000043|ox14-c000044|ox14-c000409""]",10,1.0,5,False,0,1.0,1.0,0.3333333333333333,0.3333333333333333,0.3333333333333333,0.0,0.0,"[0.3333333333333333, 0.3333333333333333, 0.3333333333333333, 0.3333333333333333, 0.3333333333333333]",ow14-s0158,positive,1.0,1.0,"{""valid"": 5}",0,0,5,1,1,5,10,"[3, 3, 3, 3, 3]",10,1.0,True,10,0.0,0,stable_identical_rank
5,True,local_qwen,False,"[""ox14-c000432|ox14-c000416|ox14-c000208|ox14-c000112|ox14-c000261""]",10,1.0,5,False,0,1.0,1.0,0.5,0.5,0.5,0.0,0.0,"[0.5, 0.5, 0.5, 0.5, 0.5]",ow14-s0159,positive,1.0,1.0,"{""valid"": 5}",0,5,5,1,1,5,10,"[2, 2, 2, 2, 2]",10,1.0,True,10,0.0,0,stable_identical_rank
5,True,local_qwen,False,"[""ox14-c000310|ox14-c000196|ox14-c000414|ox14-c000224|ox14-c000362""]",10,1.0,5,False,0,1.0,1.0,0.5,0.5,0.5,0.0,0.0,"[0.5, 0.5, 0.5, 0.5, 0.5]",ow14-s0160,positive,1.0,1.0,"{""valid"": 5}",0,5,5,1,1,5,10,"[2, 2, 2, 2, 2]",10,1.0,True,10,0.0,0,stable_identical_rank
5,True,local_qwen,False,"[""ox14-c000036|ox14-c000210|ox14-c000096|ox14-c000402|ox14-c000391""]",10,1.0,5,False,0,1.0,1.0,0.3333333333333333,0.3333333333333333,0.3333333333333333,0.0,0.0,"[0.3333333333333333, 0.3333333333333333, 0.3333333333333333, 0.3333333333333333, 0.3333333333333333]",ow14-s0161,positive,1.0,1.0,"{""valid"": 5}",0,0,5,1,1,5,10,"[3, 3, 3, 3, 3]",10,1.0,True,10,0.0,0,stable_identical_rank
5,True,local_qwen,False,"[""ox14-c000413|ox14-c000225|ox14-c000067|ox14-c000320|ox14-c000252""]",10,1.0,5,False,0,1.0,1.0,1.0,1.0,1.0,0.0,0.0,"[1.0, 1.0, 1.0, 1.0, 1.0]",ow14-s0162,positive,1.0,1.0,"{""valid"": 5}",5,5,5,1,1,5,10,"[1, 1, 1, 1, 1]",10,1.0,True,10,0.0,0,stable_identical_rank
5,True,local_qwen,False,"[""ox14-c000165|ox14-c000411|ox14-c000140|ox14-c000090|ox14-c000369""]",10,1.0,5,False,0,1.0,1.0,0.5,0.5,0.5,0.0,0.0,"[0.5, 0.5, 0.5, 0.5, 0.5]",ow14-s0163,positive,1.0,1.0,"{""valid"": 5}",0,5,5,1,1,5,10,"[2, 2, 2, 2, 2]",10,1.0,True,10,0.0,0,stable_identical_rank
5,True,local_qwen,False,"[""ox14-c000081|ox14-c000389|ox14-c000072|ox14-c000265|ox14-c000386""]",10,1.0,5,False,0,1.0,1.0,0.2,0.2,0.2,0.0,0.0,"[0.2, 0.2, 0.2, 0.2, 0.2]",ow14-s0164,positive,1.0,1.0,"{""valid"": 5}",0,0,0,1,1,5,10,"[5, 5, 5, 5, 5]",10,1.0,True,10,0.0,0,stable_identical_rank
5,True,local_qwen,False,"[""ox14-c000168|ox14-c000211|ox14-c000246|ox14-c000323|ox14-c000046""]",10,1.0,5,False,0,1.0,1.0,1.0,1.0,1.0,0.0,0.0,"[1.0, 1.0, 1.0, 1.0, 1.0]",ow14-s0165,positive,1.0,1.0,"{""valid"": 5}",5,5,5,1,1,5,10,"[1, 1, 1, 1, 1]",10,1.0,True,10,0.0,0,stable_identical_rank
5,True,local_qwen,False,"[""ox14-c000181|ox14-c000025|ox14-c000108|ox14-c000071|ox14-c000121""]",10,1.0,5,False,0,1.0,1.0,0.25,0.25,0.25,0.0,0.0,"[0.25, 0.25, 0.25, 0.25, 0.25]",ow14-s0166,positive,1.0,1.0,"{""valid"": 5}",0,0,5,1,1,5,10,"[4, 4, 4, 4, 4]",10,1.0,True,10,0.0,0,stable_identical_rank
5,True,local_qwen,False,"[""ox14-c000037|ox14-c000012|ox14-c000197|ox14-c000260|ox14-c000058""]",10,1.0,5,False,0,1.0,1.0,0.25,0.25,0.25,0.0,0.0,"[0.25, 0.25, 0.25, 0.25, 0.25]",ow14-s0167,positive,1.0,1.0,"{""valid"": 5}",0,0,5,1,1,5,10,"[4, 4, 4, 4, 4]",10,1.0,True,10,0.0,0,stable_identical_rank
5,True,local_qwen,False,"[""ox14-c000215|ox14-c000354|ox14-c000245|ox14-c000270|ox14-c000374""]",10,1.0,5,False,0,1.0,1.0,1.0,1.0,1.0,0.0,0.0,"[1.0, 1.0, 1.0, 1.0, 1.0]",ow14-s0168,positive,1.0,1.0,"{""valid"": 5}",5,5,5,1,1,5,10,"[1, 1, 1, 1, 1]",10,1.0,True,10,0.0,0,stable_identical_rank
5,True,local_qwen,False,"[""ox14-c000087|ox14-c000127|ox14-c000033|ox14-c000106|ox14-c000075""]",10,1.0,5,False,0,1.0,1.0,0.25,0.25,0.25,0.0,0.0,"[0.25, 0.25, 0.25, 0.25, 0.25]",ow14-s0169,positive,1.0,1.0,"{""valid"": 5}",0,0,5,1,1,5,10,"[4, 4, 4, 4, 4]",10,1.0,True,10,0.0,0,stable_identical_rank
5,True,local_qwen,False,"[""ox14-c000297|ox14-c000420|ox14-c000406|ox14-c000352|ox14-c000277""]",10,1.0,5,False,0,1.0,1.0,0.5,0.5,0.5,0.0,0.0,"[0.5, 0.5, 0.5, 0.5, 0.5]",ow14-s0170,positive,1.0,1.0,"{""valid"": 5}",0,5,5,1,1,5,10,"[2, 2, 2, 2, 2]",10,1.0,True,10,0.0,0,stable_identical_rank
5,True,local_qwen,False,"[""ox14-c000357|ox14-c000183|ox14-c000302|ox14-c000060|ox14-c000113""]",10,1.0,5,False,0,1.0,1.0,0.3333333333333333,0.3333333333333333,0.3333333333333333,0.0,0.0,"[0.3333333333333333, 0.3333333333333333, 0.3333333333333333, 0.3333333333333333, 0.3333333333333333]",ow14-s0171,positive,1.0,1.0,"{""valid"": 5}",0,0,5,1,1,5,10,"[3, 3, 3, 3, 3]",10,1.0,True,10,0.0,0,stable_identical_rank
5,True,local_qwen,False,"[""ox14-c000398|ox14-c000381|ox14-c000103|ox14-c000293|ox14-c000013""]",10,1.0,5,False,0,1.0,1.0,0.2,0.2,0.2,0.0,0.0,"[0.2, 0.2, 0.2, 0.2, 0.2]",ow14-s0172,positive,1.0,1.0,"{""valid"": 5}",0,0,0,1,1,5,10,"[5, 5, 5, 5, 5]",10,1.0,True,10,0.0,0,stable_identical_rank
5,True,local_qwen,False,"[""ox14-c000142|ox14-c000422|ox14-c000107|ox14-c000373|ox14-c000093""]",10,1.0,5,False,0,1.0,1.0,1.0,1.0,1.0,0.0,0.0,"[1.0, 1.0, 1.0, 1.0, 1.0]",ow14-s0173,positive,1.0,1.0,"{""valid"": 5}",5,5,5,1,1,5,10,"[1, 1, 1, 1, 1]",10,1.0,True,10,0.0,0,stable_identical_rank
5,True,local_qwen,False,"[""ox14-c000053|ox14-c000128|ox14-c000337|ox14-c000350|ox14-c000427""]",10,1.0,5,False,0,1.0,1.0,0.5,0.5,0.5,0.0,0.0,"[0.5, 0.5, 0.5, 0.5, 0.5]",ow14-s0174,positive,1.0,1.0,"{""valid"": 5}",0,5,5,1,1,5,10,"[2, 2, 2, 2, 2]",10,1.0,True,10,0.0,0,stable_identical_rank
5,True,local_qwen,False,"[""ox14-c000344|ox14-c000384|ox14-c000216|ox14-c000011|ox14-c000016""]",10,1.0,5,False,0,1.0,1.0,0.25,0.25,0.25,0.0,0.0,"[0.25, 0.25, 0.25, 0.25, 0.25]",ow14-s0175,positive,1.0,1.0,"{""valid"": 5}",0,0,5,1,1,5,10,"[4, 4, 4, 4, 4]",10,1.0,True,10,0.0,0,stable_identical_rank
5,True,local_qwen,False,"[""ox14-c000313|ox14-c000220|ox14-c000268|ox14-c000207|ox14-c000177""]",10,1.0,5,False,0,1.0,1.0,1.0,1.0,1.0,0.0,0.0,"[1.0, 1.0, 1.0, 1.0, 1.0]",ow14-s0176,positive,1.0,1.0,"{""valid"": 5}",5,5,5,1,1,5,10,"[1, 1, 1, 1, 1]",10,1.0,True,10,0.0,0,stable_identical_rank
5,True,local_qwen,False,"[""ox14-c000434|ox14-c000061|ox14-c000076|ox14-c000026|ox14-c000314""]",10,1.0,5,False,0,1.0,1.0,0.3333333333333333,0.3333333333333333,0.3333333333333333,0.0,0.0,"[0.3333333333333333, 0.3333333333333333, 0.3333333333333333, 0.3333333333333333, 0.3333333333333333]",ow14-s0177,positive,1.0,1.0,"{""valid"": 5}",0,0,5,1,1,5,10,"[3, 3, 3, 3, 3]",10,1.0,True,10,0.0,0,stable_identical_rank
5,True,local_qwen,False,"[""ox14-c000034|ox14-c000273|ox14-c000219|ox14-c000361|ox14-c000109""]",10,1.0,5,False,0,1.0,1.0,0.25,0.25,0.25,0.0,0.0,"[0.25, 0.25, 0.25, 0.25, 0.25]",ow14-s0178,positive,1.0,1.0,"{""valid"": 5}",0,0,5,1,1,5,10,"[4, 4, 4, 4, 4]",10,1.0,True,10,0.0,0,stable_identical_rank
5,True,local_qwen,False,"[""ox14-c000303|ox14-c000172|ox14-c000405|ox14-c000101|ox14-c000363""]",10,1.0,5,False,0,1.0,1.0,0.5,0.5,0.5,0.0,0.0,"[0.5, 0.5, 0.5, 0.5, 0.5]",ow14-s0179,positive,1.0,1.0,"{""valid"": 5}",0,5,5,1,1,5,10,"[2, 2, 2, 2, 2]",10,1.0,True,10,0.0,0,stable_identical_rank
5,True,local_qwen,False,"[""ox14-c000226|ox14-c000100|ox14-c000111|ox14-c000407|ox14-c000064""]",10,1.0,5,False,0,1.0,1.0,0.25,0.25,0.25,0.0,0.0,"[0.25, 0.25, 0.25, 0.25, 0.25]",ow14-s0180,positive,1.0,1.0,"{""valid"": 5}",0,0,5,1,1,5,10,"[4, 4, 4, 4, 4]",10,1.0,True,10,0.0,0,stable_identical_rank
5,True,local_qwen,False,"[""ox14-c000298|ox14-c000141|ox14-c000387|ox14-c000212|ox14-c000048""]",10,1.0,5,False,0,1.0,1.0,1.0,1.0,1.0,0.0,0.0,"[1.0, 1.0, 1.0, 1.0, 1.0]",ow14-s0181,positive,1.0,1.0,"{""valid"": 5}",5,5,5,1,1,5,10,"[1, 1, 1, 1, 1]",10,1.0,True,10,0.0,0,stable_identical_rank
5,True,local_qwen,False,"[""ox14-c000423|ox14-c000178|ox14-c000251|ox14-c000399|ox14-c000082""]",10,1.0,5,False,0,1.0,1.0,0.5,0.5,0.5,0.0,0.0,"[0.5, 0.5, 0.5, 0.5, 0.5]",ow14-s0182,positive,1.0,1.0,"{""valid"": 5}",0,5,5,1,1,5,10,"[2, 2, 2, 2, 2]",10,1.0,True,10,0.0,0,stable_identical_rank
5,True,local_qwen,False,"[""ox14-c000296|ox14-c000115|ox14-c000410|ox14-c000077|ox14-c000085""]",10,1.0,5,False,0,1.0,1.0,0.5,0.5,0.5,0.0,0.0,"[0.5, 0.5, 0.5, 0.5, 0.5]",ow14-s0183,positive,1.0,1.0,"{""valid"": 5}",0,5,5,1,1,5,10,"[2, 2, 2, 2, 2]",10,1.0,True,10,0.0,0,stable_identical_rank
5,True,local_qwen,False,"[""ox14-c000223|ox14-c000353|ox14-c000118|ox14-c000395|ox14-c000005""]",10,1.0,5,False,0,1.0,1.0,0.2,0.2,0.2,0.0,0.0,"[0.2, 0.2, 0.2, 0.2, 0.2]",ow14-s0184,positive,1.0,1.0,"{""valid"": 5}",0,0,0,1,1,5,10,"[5, 5, 5, 5, 5]",10,1.0,True,10,0.0,0,stable_identical_rank
5,True,local_qwen,False,"[""ox14-c000307|ox14-c000188|ox14-c000015|ox14-c000315|ox14-c000311""]",10,1.0,5,False,0,1.0,1.0,0.3333333333333333,0.3333333333333333,0.3333333333333333,0.0,0.0,"[0.3333333333333333, 0.3333333333333333, 0.3333333333333333, 0.3333333333333333, 0.3333333333333333]",ow14-s0185,positive,1.0,1.0,"{""valid"": 5}",0,0,5,1,1,5,10,"[3, 3, 3, 3, 3]",10,1.0,True,10,0.0,0,stable_identical_rank
5,True,local_qwen,False,"[""ox14-c000351|ox14-c000404|ox14-c000167|ox14-c000161|ox14-c000182""]",10,1.0,5,False,0,1.0,1.0,0.2,0.2,0.2,0.0,0.0,"[0.2, 0.2, 0.2, 0.2, 0.2]",ow14-s0186,positive,1.0,1.0,"{""valid"": 5}",0,0,0,1,1,5,10,"[5, 5, 5, 5, 5]",10,1.0,True,10,0.0,0,stable_identical_rank
5,True,local_qwen,False,"[""ox14-c000029|ox14-c000038|ox14-c000117|ox14-c000272|ox14-c000429""]",10,1.0,5,False,0,1.0,1.0,0.5,0.5,0.5,0.0,0.0,"[0.5, 0.5, 0.5, 0.5, 0.5]",ow14-s0187,positive,1.0,1.0,"{""valid"": 5}",0,5,5,1,1,5,10,"[2, 2, 2, 2, 2]",10,1.0,True,10,0.0,0,stable_identical_rank
5,True,local_qwen,False,"[""ox14-c000136|ox14-c000059|ox14-c000346|ox14-c000377|ox14-c000185""]",10,1.0,5,False,0,1.0,1.0,0.5,0.5,0.5,0.0,0.0,"[0.5, 0.5, 0.5, 0.5, 0.5]",ow14-s0188,positive,1.0,1.0,"{""valid"": 5}",0,5,5,1,1,5,10,"[2, 2, 2, 2, 2]",10,1.0,True,10,0.0,0,stable_identical_rank
5,True,local_qwen,False,"[""ox14-c000070|ox14-c000198|ox14-c000191|ox14-c000396|ox14-c000247""]",10,1.0,5,False,0,1.0,1.0,0.3333333333333333,0.3333333333333333,0.3333333333333333,0.0,0.0,"[0.3333333333333333, 0.3333333333333333, 0.3333333333333333, 0.3333333333333333, 0.3333333333333333]",ow14-s0189,positive,1.0,1.0,"{""valid"": 5}",0,0,5,1,1,5,10,"[3, 3, 3, 3, 3]",10,1.0,True,10,0.0,0,stable_identical_rank
5,True,local_qwen,False,"[""ox14-c000099|ox14-c000056|ox14-c000102|ox14-c000014|ox14-c000023""]",10,1.0,5,False,0,1.0,1.0,0.25,0.25,0.25,0.0,0.0,"[0.25, 0.25, 0.25, 0.25, 0.25]",ow14-s0190,positive,1.0,1.0,"{""valid"": 5}",0,0,5,1,1,5,10,"[4, 4, 4, 4, 4]",10,1.0,True,10,0.0,0,stable_identical_rank
5,True,local_qwen,False,"[""ox14-c000236|ox14-c000348|ox14-c000189|ox14-c000024|ox14-c000030""]",10,1.0,5,False,0,1.0,1.0,0.25,0.25,0.25,0.0,0.0,"[0.25, 0.25, 0.25, 0.25, 0.25]",ow14-s0191,positive,1.0,1.0,"{""valid"": 5}",0,0,5,1,1,5,10,"[4, 4, 4, 4, 4]",10,1.0,True,10,0.0,0,stable_identical_rank
5,True,local_qwen,False,"[""ox14-c000426|ox14-c000209|ox14-c000341|ox14-c000088|ox14-c000083""]",10,1.0,5,False,0,1.0,1.0,0.25,0.25,0.25,0.0,0.0,"[0.25, 0.25, 0.25, 0.25, 0.25]",ow14-s0192,positive,1.0,1.0,"{""valid"": 5}",0,0,5,1,1,5,10,"[4, 4, 4, 4, 4]",10,1.0,True,10,0.0,0,stable_identical_rank
5,True,local_qwen,False,"[""ox14-c000371|ox14-c000184|ox14-c000333|ox14-c000259|ox14-c000254""]",10,1.0,5,False,0,1.0,1.0,1.0,1.0,1.0,0.0,0.0,"[1.0, 1.0, 1.0, 1.0, 1.0]",ow14-s0193,positive,1.0,1.0,"{""valid"": 5}",5,5,5,1,1,5,10,"[1, 1, 1, 1, 1]",10,1.0,True,10,0.0,0,stable_identical_rank
5,True,local_qwen,False,"[""ox14-c000031|ox14-c000229|ox14-c000278|ox14-c000355|ox14-c000195""]",10,1.0,5,False,0,1.0,1.0,0.2,0.2,0.2,0.0,0.0,"[0.2, 0.2, 0.2, 0.2, 0.2]",ow14-s0194,positive,1.0,1.0,"{""valid"": 5}",0,0,0,1,1,5,10,"[5, 5, 5, 5, 5]",10,1.0,True,10,0.0,0,stable_identical_rank
5,True,local_qwen,False,"[""ox14-c000294|ox14-c000274|ox14-c000065|ox14-c000125|ox14-c000204""]",10,1.0,5,False,0,1.0,1.0,0.5,0.5,0.5,0.0,0.0,"[0.5, 0.5, 0.5, 0.5, 0.5]",ow14-s0195,positive,1.0,1.0,"{""valid"": 5}",0,5,5,1,1,5,10,"[2, 2, 2, 2, 2]",10,1.0,True,10,0.0,0,stable_identical_rank
5,True,local_qwen,False,"[""ox14-c000044|ox14-c000066|ox14-c000164|ox14-c000409|ox14-c000316""]",10,1.0,5,False,0,1.0,1.0,0.2,0.2,0.2,0.0,0.0,"[0.2, 0.2, 0.2, 0.2, 0.2]",ow14-s0196,positive,1.0,1.0,"{""valid"": 5}",0,0,0,1,1,5,10,"[5, 5, 5, 5, 5]",10,1.0,True,10,0.0,0,stable_identical_rank
5,True,local_qwen,False,"[""ox14-c000317|ox14-c000432|ox14-c000261|ox14-c000208|ox14-c000112""]",10,1.0,5,False,0,1.0,1.0,1.0,1.0,1.0,0.0,0.0,"[1.0, 1.0, 1.0, 1.0, 1.0]",ow14-s0197,positive,1.0,1.0,"{""valid"": 5}",5,5,5,1,1,5,10,"[1, 1, 1, 1, 1]",10,1.0,True,10,0.0,0,stable_identical_rank
5,True,local_qwen,False,"[""ox14-c000362|ox14-c000224|ox14-c000126|ox14-c000414|ox14-c000310""]",10,1.0,5,False,0,1.0,1.0,0.3333333333333333,0.3333333333333333,0.3333333333333333,0.0,0.0,"[0.3333333333333333, 0.3333333333333333, 0.3333333333333333, 0.3333333333333333, 0.3333333333333333]",ow14-s0198,positive,1.0,1.0,"{""valid"": 5}",0,0,5,1,1,5,10,"[3, 3, 3, 3, 3]",10,1.0,True,10,0.0,0,stable_identical_rank
5,True,local_qwen,False,"[""ox14-c000210|ox14-c000036|ox14-c000391|ox14-c000402|ox14-c000253""]",10,1.0,5,False,0,1.0,1.0,0.2,0.2,0.2,0.0,0.0,"[0.2, 0.2, 0.2, 0.2, 0.2]",ow14-s0199,positive,1.0,1.0,"{""valid"": 5}",0,0,0,1,1,5,10,"[5, 5, 5, 5, 5]",10,1.0,True,10,0.0,0,stable_identical_rank
5,True,local_qwen,False,"[""ox14-c000225|ox14-c000067|ox14-c000062|ox14-c000320|ox14-c000252""]",10,1.0,5,False,0,1.0,1.0,0.3333333333333333,0.3333333333333333,0.3333333333333333,0.0,0.0,"[0.3333333333333333, 0.3333333333333333, 0.3333333333333333, 0.3333333333333333, 0.3333333333333333]",ow14-s0200,positive,1.0,1.0,"{""valid"": 5}",0,0,5,1,1,5,10,"[3, 3, 3, 3, 3]",10,1.0,True,10,0.0,0,stable_identical_rank
5,True,local_qwen,False,"[""ox14-c000140|ox14-c000165|ox14-c000235|ox14-c000369|ox14-c000090""]",10,1.0,5,False,0,1.0,1.0,0.3333333333333333,0.3333333333333333,0.3333333333333333,0.0,0.0,"[0.3333333333333333, 0.3333333333333333, 0.3333333333333333, 0.3333333333333333, 0.3333333333333333]",ow14-s0201,positive,1.0,1.0,"{""valid"": 5}",0,0,5,1,1,5,10,"[3, 3, 3, 3, 3]",10,1.0,True,10,0.0,0,stable_identical_rank
5,True,local_qwen,False,"[""ox14-c000081|ox14-c000265|ox14-c000389|ox14-c000258|ox14-c000072""]",10,1.0,5,False,0,1.0,1.0,0.25,0.25,0.25,0.0,0.0,"[0.25, 0.25, 0.25, 0.25, 0.25]",ow14-s0202,positive,1.0,1.0,"{""valid"": 5}",0,0,5,1,1,5,10,"[4, 4, 4, 4, 4]",10,1.0,True,10,0.0,0,stable_identical_rank
5,True,local_qwen,False,"[""ox14-c000130|ox14-c000211|ox14-c000046|ox14-c000246|ox14-c000323""]",10,1.0,5,False,0,1.0,1.0,1.0,1.0,1.0,0.0,0.0,"[1.0, 1.0, 1.0, 1.0, 1.0]",ow14-s0203,positive,1.0,1.0,"{""valid"": 5}",5,5,5,1,1,5,10,"[1, 1, 1, 1, 1]",10,1.0,True,10,0.0,0,stable_identical_rank
5,True,local_qwen,False,"[""ox14-c000419|ox14-c000121|ox14-c000108|ox14-c000181|ox14-c000025""]",10,1.0,5,False,0,1.0,1.0,1.0,1.0,1.0,0.0,0.0,"[1.0, 1.0, 1.0, 1.0, 1.0]",ow14-s0204,positive,1.0,1.0,"{""valid"": 5}",5,5,5,1,1,5,10,"[1, 1, 1, 1, 1]",10,1.0,True,10,0.0,0,stable_identical_rank
5,True,local_qwen,False,"[""ox14-c000037|ox14-c000012|ox14-c000197|ox14-c000058|ox14-c000365""]",10,1.0,5,False,0,1.0,1.0,0.2,0.2,0.2,0.0,0.0,"[0.2, 0.2, 0.2, 0.2, 0.2]",ow14-s0205,positive,1.0,1.0,"{""valid"": 5}",0,0,0,1,1,5,10,"[5, 5, 5, 5, 5]",10,1.0,True,10,0.0,0,stable_identical_rank
5,True,local_qwen,False,"[""ox14-c000001|ox14-c000245|ox14-c000354|ox14-c000270|ox14-c000374""]",10,1.0,5,False,0,1.0,1.0,1.0,1.0,1.0,0.0,0.0,"[1.0, 1.0, 1.0, 1.0, 1.0]",ow14-s0206,positive,1.0,1.0,"{""valid"": 5}",5,5,5,1,1,5,10,"[1, 1, 1, 1, 1]",10,1.0,True,10,0.0,0,stable_identical_rank
5,True,local_qwen,False,"[""ox14-c000033|ox14-c000127|ox14-c000008|ox14-c000075|ox14-c000087""]",10,1.0,5,False,0,1.0,1.0,0.3333333333333333,0.3333333333333333,0.3333333333333333,0.0,0.0,"[0.3333333333333333, 0.3333333333333333, 0.3333333333333333, 0.3333333333333333, 0.3333333333333333]",ow14-s0207,positive,1.0,1.0,"{""valid"": 5}",0,0,5,1,1,5,10,"[3, 3, 3, 3, 3]",10,1.0,True,10,0.0,0,stable_identical_rank
5,True,local_qwen,False,"[""ox14-c000233|ox14-c000297|ox14-c000277|ox14-c000406|ox14-c000352""]",10,1.0,5,False,0,1.0,1.0,1.0,1.0,1.0,0.0,0.0,"[1.0, 1.0, 1.0, 1.0, 1.0]",ow14-s0208,positive,1.0,1.0,"{""valid"": 5}",5,5,5,1,1,5,10,"[1, 1, 1, 1, 1]",10,1.0,True,10,0.0,0,stable_identical_rank
5,True,local_qwen,False,"[""ox14-c000357|ox14-c000113|ox14-c000060|ox14-c000183|ox14-c000035""]",10,1.0,5,False,0,1.0,1.0,0.2,0.2,0.2,0.0,0.0,"[0.2, 0.2, 0.2, 0.2, 0.2]",ow14-s0209,positive,1.0,1.0,"{""valid"": 5}",0,0,0,1,1,5,10,"[5, 5, 5, 5, 5]",10,1.0,True,10,0.0,0,stable_identical_rank
5,True,local_qwen,False,"[""ox14-c000293|ox14-c000398|ox14-c000103|ox14-c000381|ox14-c000263""]",10,1.0,5,False,0,1.0,1.0,0.2,0.2,0.2,0.0,0.0,"[0.2, 0.2, 0.2, 0.2, 0.2]",ow14-s0210,positive,1.0,1.0,"{""valid"": 5}",0,0,0,1,1,5,10,"[5, 5, 5, 5, 5]",10,1.0,True,10,0.0,0,stable_identical_rank
5,True,local_qwen,False,"[""ox14-c000107|ox14-c000162|ox14-c000422|ox14-c000093|ox14-c000373""]",10,1.0,5,False,0,1.0,1.0,0.5,0.5,0.5,0.0,0.0,"[0.5, 0.5, 0.5, 0.5, 0.5]",ow14-s0211,positive,1.0,1.0,"{""valid"": 5}",0,5,5,1,1,5,10,"[2, 2, 2, 2, 2]",10,1.0,True,10,0.0,0,stable_identical_rank
5,True,local_qwen,False,"[""ox14-c000053|ox14-c000427|ox14-c000337|ox14-c000350|ox14-c000041""]",10,1.0,5,False,0,1.0,1.0,0.2,0.2,0.2,0.0,0.0,"[0.2, 0.2, 0.2, 0.2, 0.2]",ow14-s0212,positive,1.0,1.0,"{""valid"": 5}",0,0,0,1,1,5,10,"[5, 5, 5, 5, 5]",10,1.0,True,10,0.0,0,stable_identical_rank
5,True,local_qwen,False,"[""ox14-c000016|ox14-c000218|ox14-c000344|ox14-c000216|ox14-c000384""]",10,1.0,5,False,0,1.0,1.0,0.5,0.5,0.5,0.0,0.0,"[0.5, 0.5, 0.5, 0.5, 0.5]",ow14-s0213,positive,1.0,1.0,"{""valid"": 5}",0,5,5,1,1,5,10,"[2, 2, 2, 2, 2]",10,1.0,True,10,0.0,0,stable_identical_rank
5,True,local_qwen,False,"[""ox14-c000268|ox14-c000177|ox14-c000308|ox14-c000220|ox14-c000207""]",10,1.0,5,False,0,1.0,1.0,0.3333333333333333,0.3333333333333333,0.3333333333333333,0.0,0.0,"[0.3333333333333333, 0.3333333333333333, 0.3333333333333333, 0.3333333333333333, 0.3333333333333333]",ow14-s0214,positive,1.0,1.0,"{""valid"": 5}",0,0,5,1,1,5,10,"[3, 3, 3, 3, 3]",10,1.0,True,10,0.0,0,stable_identical_rank
5,True,local_qwen,False,"[""ox14-c000138|ox14-c000434|ox14-c000061|ox14-c000026|ox14-c000314""]",10,1.0,5,False,0,1.0,1.0,1.0,1.0,1.0,0.0,0.0,"[1.0, 1.0, 1.0, 1.0, 1.0]",ow14-s0215,positive,1.0,1.0,"{""valid"": 5}",5,5,5,1,1,5,10,"[1, 1, 1, 1, 1]",10,1.0,True,10,0.0,0,stable_identical_rank
5,True,local_qwen,False,"[""ox14-c000273|ox14-c000109|ox14-c000219|ox14-c000009|ox14-c000034""]",10,1.0,5,False,0,1.0,1.0,0.25,0.25,0.25,0.0,0.0,"[0.25, 0.25, 0.25, 0.25, 0.25]",ow14-s0216,positive,1.0,1.0,"{""valid"": 5}",0,0,5,1,1,5,10,"[4, 4, 4, 4, 4]",10,1.0,True,10,0.0,0,stable_identical_rank
5,True,local_qwen,False,"[""ox14-c000303|ox14-c000363|ox14-c000101|ox14-c000051|ox14-c000405""]",10,1.0,5,False,0,1.0,1.0,0.25,0.25,0.25,0.0,0.0,"[0.25, 0.25, 0.25, 0.25, 0.25]",ow14-s0217,positive,1.0,1.0,"{""valid"": 5}",0,0,5,1,1,5,10,"[4, 4, 4, 4, 4]",10,1.0,True,10,0.0,0,stable_identical_rank
5,True,local_qwen,False,"[""ox14-c000064|ox14-c000100|ox14-c000111|ox14-c000226|ox14-c000379""]",10,1.0,5,False,0,1.0,1.0,0.2,0.2,0.2,0.0,0.0,"[0.2, 0.2, 0.2, 0.2, 0.2]",ow14-s0218,positive,1.0,1.0,"{""valid"": 5}",0,0,0,1,1,5,10,"[5, 5, 5, 5, 5]",10,1.0,True,10,0.0,0,stable_identical_rank
5,True,local_qwen,False,"[""ox14-c000212|ox14-c000387|ox14-c000048|ox14-c000250|ox14-c000141""]",10,1.0,5,False,0,1.0,1.0,0.25,0.25,0.25,0.0,0.0,"[0.25, 0.25, 0.25, 0.25, 0.25]",ow14-s0219,positive,1.0,1.0,"{""valid"": 5}",0,0,5,1,1,5,10,"[4, 4, 4, 4, 4]",10,1.0,True,10,0.0,0,stable_identical_rank
5,True,local_qwen,False,"[""ox14-c000251|ox14-c000399|ox14-c000431|ox14-c000423|ox14-c000082""]",10,1.0,5,False,0,1.0,1.0,0.3333333333333333,0.3333333333333333,0.3333333333333333,0.0,0.0,"[0.3333333333333333, 0.3333333333333333, 0.3333333333333333, 0.3333333333333333, 0.3333333333333333]",ow14-s0220,positive,1.0,1.0,"{""valid"": 5}",0,0,5,1,1,5,10,"[3, 3, 3, 3, 3]",10,1.0,True,10,0.0,0,stable_identical_rank
5,True,local_qwen,False,"[""ox14-c000299|ox14-c000296|ox14-c000085|ox14-c000077|ox14-c000410""]",10,1.0,5,False,0,1.0,1.0,1.0,1.0,1.0,0.0,0.0,"[1.0, 1.0, 1.0, 1.0, 1.0]",ow14-s0221,positive,1.0,1.0,"{""valid"": 5}",5,5,5,1,1,5,10,"[1, 1, 1, 1, 1]",10,1.0,True,10,0.0,0,stable_identical_rank
5,True,local_qwen,False,"[""ox14-c000223|ox14-c000424|ox14-c000395|ox14-c000118|ox14-c000353""]",10,1.0,5,False,0,1.0,1.0,0.5,0.5,0.5,0.0,0.0,"[0.5, 0.5, 0.5, 0.5, 0.5]",ow14-s0222,positive,1.0,1.0,"{""valid"": 5}",0,5,5,1,1,5,10,"[2, 2, 2, 2, 2]",10,1.0,True,10,0.0,0,stable_identical_rank
5,True,local_qwen,False,"[""ox14-c000390|ox14-c000188|ox14-c000315|ox14-c000307|ox14-c000311""]",10,1.0,5,False,0,1.0,1.0,1.0,1.0,1.0,0.0,0.0,"[1.0, 1.0, 1.0, 1.0, 1.0]",ow14-s0223,positive,1.0,1.0,"{""valid"": 5}",5,5,5,1,1,5,10,"[1, 1, 1, 1, 1]",10,1.0,True,10,0.0,0,stable_identical_rank
5,True,local_qwen,False,"[""ox14-c000351|ox14-c000404|ox14-c000161|ox14-c000167|ox14-c000295""]",10,1.0,5,False,0,1.0,1.0,0.2,0.2,0.2,0.0,0.0,"[0.2, 0.2, 0.2, 0.2, 0.2]",ow14-s0224,positive,1.0,1.0,"{""valid"": 5}",0,0,0,1,1,5,10,"[5, 5, 5, 5, 5]",10,1.0,True,10,0.0,0,stable_identical_rank
5,True,local_qwen,False,"[""ox14-c000029|ox14-c000272|ox14-c000117|ox14-c000105|ox14-c000429""]",10,1.0,5,False,0,1.0,1.0,0.25,0.25,0.25,0.0,0.0,"[0.25, 0.25, 0.25, 0.25, 0.25]",ow14-s0225,positive,1.0,1.0,"{""valid"": 5}",0,0,5,1,1,5,10,"[4, 4, 4, 4, 4]",10,1.0,True,10,0.0,0,stable_identical_rank
5,True,local_qwen,False,"[""ox14-c000136|ox14-c000377|ox14-c000185|ox14-c000203|ox14-c000346""]",10,1.0,5,False,0,1.0,1.0,0.25,0.25,0.25,0.0,0.0,"[0.25, 0.25, 0.25, 0.25, 0.25]",ow14-s0226,positive,1.0,1.0,"{""valid"": 5}",0,0,5,1,1,5,10,"[4, 4, 4, 4, 4]",10,1.0,True,10,0.0,0,stable_identical_rank
5,True,local_qwen,False,"[""ox14-c000070|ox14-c000396|ox14-c000401|ox14-c000198|ox14-c000247""]",10,1.0,5,False,0,1.0,1.0,0.3333333333333333,0.3333333333333333,0.3333333333333333,0.0,0.0,"[0.3333333333333333, 0.3333333333333333, 0.3333333333333333, 0.3333333333333333, 0.3333333333333333]",ow14-s0227,positive,1.0,1.0,"{""valid"": 5}",0,0,5,1,1,5,10,"[3, 3, 3, 3, 3]",10,1.0,True,10,0.0,0,stable_identical_rank
5,True,local_qwen,False,"[""ox14-c000023|ox14-c000056|ox14-c000102|ox14-c000392|ox14-c000099""]",10,1.0,5,False,0,1.0,1.0,0.25,0.25,0.25,0.0,0.0,"[0.25, 0.25, 0.25, 0.25, 0.25]",ow14-s0228,positive,1.0,1.0,"{""valid"": 5}",0,0,5,1,1,5,10,"[4, 4, 4, 4, 4]",10,1.0,True,10,0.0,0,stable_identical_rank
5,True,local_qwen,False,"[""ox14-c000348|ox14-c000123|ox14-c000189|ox14-c000236|ox14-c000030""]",10,1.0,5,False,0,1.0,1.0,0.5,0.5,0.5,0.0,0.0,"[0.5, 0.5, 0.5, 0.5, 0.5]",ow14-s0229,positive,1.0,1.0,"{""valid"": 5}",0,5,5,1,1,5,10,"[2, 2, 2, 2, 2]",10,1.0,True,10,0.0,0,stable_identical_rank
5,True,local_qwen,False,"[""ox14-c000209|ox14-c000341|ox14-c000426|ox14-c000249|ox14-c000083""]",10,1.0,5,False,0,1.0,1.0,0.25,0.25,0.25,0.0,0.0,"[0.25, 0.25, 0.25, 0.25, 0.25]",ow14-s0230,positive,1.0,1.0,"{""valid"": 5}",0,0,5,1,1,5,10,"[4, 4, 4, 4, 4]",10,1.0,True,10,0.0,0,stable_identical_rank
5,True,local_qwen,False,"[""ox14-c000254|ox14-c000333|ox14-c000238|ox14-c000259|ox14-c000184""]",10,1.0,5,False,0,1.0,1.0,0.3333333333333333,0.3333333333333333,0.3333333333333333,0.0,0.0,"[0.3333333333333333, 0.3333333333333333, 0.3333333333333333, 0.3333333333333333, 0.3333333333333333]",ow14-s0231,positive,1.0,1.0,"{""valid"": 5}",0,0,5,1,1,5,10,"[3, 3, 3, 3, 3]",10,1.0,True,10,0.0,0,stable_identical_rank
5,False,local_qwen,False,[],0,not_available,5,True,5,not_available,not_available,not_available,not_available,not_available,not_available,not_available,[],ow14-s0232,positive,not_available,not_available,"{""malformed"": 5}",0,0,0,0,not_available,0,0,[],0,not_available,False,0,not_available,not_available,no_valid_rank
5,True,local_qwen,False,"[""ox14-c000294|ox14-c000125|ox14-c000204|ox14-c000078|ox14-c000065""]",10,1.0,5,False,0,1.0,1.0,0.25,0.25,0.25,0.0,0.0,"[0.25, 0.25, 0.25, 0.25, 0.25]",ow14-s0233,positive,1.0,1.0,"{""valid"": 5}",0,0,5,1,1,5,10,"[4, 4, 4, 4, 4]",10,1.0,True,10,0.0,0,stable_identical_rank
5,True,local_qwen,False,"[""ox14-c000164|ox14-c000066|ox14-c000409|ox14-c000044|ox14-c000239""]",10,1.0,5,False,0,1.0,1.0,0.2,0.2,0.2,0.0,0.0,"[0.2, 0.2, 0.2, 0.2, 0.2]",ow14-s0234,positive,1.0,1.0,"{""valid"": 5}",0,0,0,1,1,5,10,"[5, 5, 5, 5, 5]",10,1.0,True,10,0.0,0,stable_identical_rank
5,True,local_qwen,False,"[""ox14-c000376|ox14-c000432|ox14-c000261|ox14-c000208|ox14-c000112""]",10,1.0,5,False,0,1.0,1.0,1.0,1.0,1.0,0.0,0.0,"[1.0, 1.0, 1.0, 1.0, 1.0]",ow14-s0235,positive,1.0,1.0,"{""valid"": 5}",5,5,5,1,1,5,10,"[1, 1, 1, 1, 1]",10,1.0,True,10,0.0,0,stable_identical_rank
5,True,local_qwen,False,"[""ox14-c000310|ox14-c000414|ox14-c000362|ox14-c000224|ox14-c000330""]",10,1.0,5,False,0,1.0,1.0,0.2,0.2,0.2,0.0,0.0,"[0.2, 0.2, 0.2, 0.2, 0.2]",ow14-s0236,positive,1.0,1.0,"{""valid"": 5}",0,0,0,1,1,5,10,"[5, 5, 5, 5, 5]",10,1.0,True,10,0.0,0,stable_identical_rank
5,True,local_qwen,False,"[""ox14-c000236|ox14-c000030|ox14-c000189|ox14-c000209|ox14-c000348""]",10,1.0,5,False,0,1.0,1.0,not_applicable,not_applicable,not_applicable,not_applicable,not_applicable,[],ow14-s0237,negative_only,1.0,1.0,"{""valid"": 5}",not_applicable,not_applicable,not_applicable,1,not_applicable,5,10,[],not_applicable,not_applicable,not_applicable,not_applicable,not_applicable,not_applicable,not_applicable
5,True,local_qwen,False,"[""ox14-c000083|ox14-c000426|ox14-c000341|ox14-c000333|ox14-c000184""]",10,1.0,5,False,0,1.0,1.0,not_applicable,not_applicable,not_applicable,not_applicable,not_applicable,[],ow14-s0238,negative_only,1.0,1.0,"{""valid"": 5}",not_applicable,not_applicable,not_applicable,1,not_applicable,5,10,[],not_applicable,not_applicable,not_applicable,not_applicable,not_applicable,not_applicable,not_applicable
5,True,local_qwen,False,"[""ox14-c000229|ox14-c000278|ox14-c000259|ox14-c000355|ox14-c000254""]",10,1.0,5,False,0,1.0,1.0,not_applicable,not_applicable,not_applicable,not_applicable,not_applicable,[],ow14-s0239,negative_only,1.0,1.0,"{""valid"": 5}",not_applicable,not_applicable,not_applicable,1,not_applicable,5,10,[],not_applicable,not_applicable,not_applicable,not_applicable,not_applicable,not_applicable,not_applicable
5,True,local_qwen,False,"[""ox14-c000031|ox14-c000065|ox14-c000125|ox14-c000294|ox14-c000204""]",10,1.0,5,False,0,1.0,1.0,not_applicable,not_applicable,not_applicable,not_applicable,not_applicable,[],ow14-s0240,negative_only,1.0,1.0,"{""valid"": 5}",not_applicable,not_applicable,not_applicable,1,not_applicable,5,10,[],not_applicable,not_applicable,not_applicable,not_applicable,not_applicable,not_applicable,not_applicable
5,True,local_qwen,False,"[""ox14-c000044|ox14-c000409|ox14-c000066|ox14-c000164|ox14-c000261""]",10,1.0,5,False,0,1.0,1.0,not_applicable,not_applicable,not_applicable,not_applicable,not_applicable,[],ow14-s0241,negative_only,1.0,1.0,"{""valid"": 5}",not_applicable,not_applicable,not_applicable,1,not_applicable,5,10,[],not_applicable,not_applicable,not_applicable,not_applicable,not_applicable,not_applicable,not_applicable
5,True,local_qwen,False,"[""ox14-c000224|ox14-c000112|ox14-c000414|ox14-c000208|ox14-c000432""]",10,1.0,5,False,0,1.0,1.0,not_applicable,not_applicable,not_applicable,not_applicable,not_applicable,[],ow14-s0242,negative_only,1.0,1.0,"{""valid"": 5}",not_applicable,not_applicable,not_applicable,1,not_applicable,5,10,[],not_applicable,not_applicable,not_applicable,not_applicable,not_applicable,not_applicable,not_applicable
5,True,local_qwen,False,"[""ox14-c000362|ox14-c000310|ox14-c000210|ox14-c000391|ox14-c000402""]",10,1.0,5,False,0,1.0,1.0,not_applicable,not_applicable,not_applicable,not_applicable,not_applicable,[],ow14-s0243,negative_only,1.0,1.0,"{""valid"": 5}",not_applicable,not_applicable,not_applicable,1,not_applicable,5,10,[],not_applicable,not_applicable,not_applicable,not_applicable,not_applicable,not_applicable,not_applicable
5,True,local_qwen,False,"[""ox14-c000067|ox14-c000320|ox14-c000252|ox14-c000225|ox14-c000036""]",10,1.0,5,False,0,1.0,1.0,not_applicable,not_applicable,not_applicable,not_applicable,not_applicable,[],ow14-s0244,negative_only,1.0,1.0,"{""valid"": 5}",not_applicable,not_applicable,not_applicable,1,not_applicable,5,10,[],not_applicable,not_applicable,not_applicable,not_applicable,not_applicable,not_applicable,not_applicable
5,True,local_qwen,False,"[""ox14-c000165|ox14-c000072|ox14-c000140|ox14-c000090|ox14-c000369""]",10,1.0,5,False,0,1.0,1.0,not_applicable,not_applicable,not_applicable,not_applicable,not_applicable,[],ow14-s0245,negative_only,1.0,1.0,"{""valid"": 5}",not_applicable,not_applicable,not_applicable,1,not_applicable,5,10,[],not_applicable,not_applicable,not_applicable,not_applicable,not_applicable,not_applicable,not_applicable
5,True,local_qwen,False,"[""ox14-c000081|ox14-c000246|ox14-c000389|ox14-c000046|ox14-c000265""]",10,1.0,5,False,0,1.0,1.0,not_applicable,not_applicable,not_applicable,not_applicable,not_applicable,[],ow14-s0246,negative_only,1.0,1.0,"{""valid"": 5}",not_applicable,not_applicable,not_applicable,1,not_applicable,5,10,[],not_applicable,not_applicable,not_applicable,not_applicable,not_applicable,not_applicable,not_applicable
5,True,local_qwen,False,"[""ox14-c000211|ox14-c000108|ox14-c000025|ox14-c000323|ox14-c000121""]",10,1.0,5,False,0,1.0,1.0,not_applicable,not_applicable,not_applicable,not_applicable,not_applicable,[],ow14-s0247,negative_only,1.0,1.0,"{""valid"": 5}",not_applicable,not_applicable,not_applicable,1,not_applicable,5,10,[],not_applicable,not_applicable,not_applicable,not_applicable,not_applicable,not_applicable,not_applicable
5,True,local_qwen,False,"[""ox14-c000037|ox14-c000012|ox14-c000181|ox14-c000058|ox14-c000197""]",10,1.0,5,False,0,1.0,1.0,not_applicable,not_applicable,not_applicable,not_applicable,not_applicable,[],ow14-s0248,negative_only,1.0,1.0,"{""valid"": 5}",not_applicable,not_applicable,not_applicable,1,not_applicable,5,10,[],not_applicable,not_applicable,not_applicable,not_applicable,not_applicable,not_applicable,not_applicable
5,True,local_qwen,False,"[""ox14-c000270|ox14-c000354|ox14-c000245|ox14-c000374|ox14-c000087""]",10,1.0,5,False,0,1.0,1.0,not_applicable,not_applicable,not_applicable,not_applicable,not_applicable,[],ow14-s0249,negative_only,1.0,1.0,"{""valid"": 5}",not_applicable,not_applicable,not_applicable,1,not_applicable,5,10,[],not_applicable,not_applicable,not_applicable,not_applicable,not_applicable,not_applicable,not_applicable
5,True,local_qwen,False,"[""ox14-c000075|ox14-c000406|ox14-c000127|ox14-c000033|ox14-c000297""]",10,1.0,5,False,0,1.0,1.0,not_applicable,not_applicable,not_applicable,not_applicable,not_applicable,[],ow14-s0250,negative_only,1.0,1.0,"{""valid"": 5}",not_applicable,not_applicable,not_applicable,1,not_applicable,5,10,[],not_applicable,not_applicable,not_applicable,not_applicable,not_applicable,not_applicable,not_applicable
5,True,local_qwen,False,"[""ox14-c000357|ox14-c000060|ox14-c000183|ox14-c000277|ox14-c000352""]",10,1.0,5,False,0,1.0,1.0,not_applicable,not_applicable,not_applicable,not_applicable,not_applicable,[],ow14-s0251,negative_only,1.0,1.0,"{""valid"": 5}",not_applicable,not_applicable,not_applicable,1,not_applicable,5,10,[],not_applicable,not_applicable,not_applicable,not_applicable,not_applicable,not_applicable,not_applicable
5,True,local_qwen,False,"[""ox14-c000293|ox14-c000398|ox14-c000103|ox14-c000113|ox14-c000381""]",10,1.0,5,False,0,1.0,1.0,not_applicable,not_applicable,not_applicable,not_applicable,not_applicable,[],ow14-s0252,negative_only,1.0,1.0,"{""valid"": 5}",not_applicable,not_applicable,not_applicable,1,not_applicable,5,10,[],not_applicable,not_applicable,not_applicable,not_applicable,not_applicable,not_applicable,not_applicable
5,True,local_qwen,False,"[""ox14-c000427|ox14-c000422|ox14-c000107|ox14-c000093|ox14-c000373""]",10,1.0,5,False,0,1.0,1.0,not_applicable,not_applicable,not_applicable,not_applicable,not_applicable,[],ow14-s0253,negative_only,1.0,1.0,"{""valid"": 5}",not_applicable,not_applicable,not_applicable,1,not_applicable,5,10,[],not_applicable,not_applicable,not_applicable,not_applicable,not_applicable,not_applicable,not_applicable
5,True,local_qwen,False,"[""ox14-c000337|ox14-c000350|ox14-c000216|ox14-c000053|ox14-c000384""]",10,1.0,5,False,0,1.0,1.0,not_applicable,not_applicable,not_applicable,not_applicable,not_applicable,[],ow14-s0254,negative_only,1.0,1.0,"{""valid"": 5}",not_applicable,not_applicable,not_applicable,1,not_applicable,5,10,[],not_applicable,not_applicable,not_applicable,not_applicable,not_applicable,not_applicable,not_applicable
5,True,local_qwen,False,"[""ox14-c000207|ox14-c000220|ox14-c000344|ox14-c000177|ox14-c000016""]",10,1.0,5,False,0,1.0,1.0,not_applicable,not_applicable,not_applicable,not_applicable,not_applicable,[],ow14-s0255,negative_only,1.0,1.0,"{""valid"": 5}",not_applicable,not_applicable,not_applicable,1,not_applicable,5,10,[],not_applicable,not_applicable,not_applicable,not_applicable,not_applicable,not_applicable,not_applicable
5,True,local_qwen,False,"[""ox14-c000061|ox14-c000268|ox14-c000026|ox14-c000314|ox14-c000434""]",10,1.0,5,False,0,1.0,1.0,not_applicable,not_applicable,not_applicable,not_applicable,not_applicable,[],ow14-s0256,negative_only,1.0,1.0,"{""valid"": 5}",not_applicable,not_applicable,not_applicable,1,not_applicable,5,10,[],not_applicable,not_applicable,not_applicable,not_applicable,not_applicable,not_applicable,not_applicable
5,True,local_qwen,False,"[""ox14-c000273|ox14-c000219|ox14-c000109|ox14-c000363|ox14-c000034""]",10,1.0,5,False,0,1.0,1.0,not_applicable,not_applicable,not_applicable,not_applicable,not_applicable,[],ow14-s0257,negative_only,1.0,1.0,"{""valid"": 5}",not_applicable,not_applicable,not_applicable,1,not_applicable,5,10,[],not_applicable,not_applicable,not_applicable,not_applicable,not_applicable,not_applicable,not_applicable
5,True,local_qwen,False,"[""ox14-c000303|ox14-c000226|ox14-c000405|ox14-c000100|ox14-c000101""]",10,1.0,5,False,0,1.0,1.0,not_applicable,not_applicable,not_applicable,not_applicable,not_applicable,[],ow14-s0258,negative_only,1.0,1.0,"{""valid"": 5}",not_applicable,not_applicable,not_applicable,1,not_applicable,5,10,[],not_applicable,not_applicable,not_applicable,not_applicable,not_applicable,not_applicable,not_applicable
5,True,local_qwen,False,"[""ox14-c000048|ox14-c000111|ox14-c000387|ox14-c000064|ox14-c000212""]",10,1.0,5,False,0,1.0,1.0,not_applicable,not_applicable,not_applicable,not_applicable,not_applicable,[],ow14-s0259,negative_only,1.0,1.0,"{""valid"": 5}",not_applicable,not_applicable,not_applicable,1,not_applicable,5,10,[],not_applicable,not_applicable,not_applicable,not_applicable,not_applicable,not_applicable,not_applicable
5,True,local_qwen,False,"[""ox14-c000423|ox14-c000399|ox14-c000251|ox14-c000141|ox14-c000082""]",10,1.0,5,False,0,1.0,1.0,not_applicable,not_applicable,not_applicable,not_applicable,not_applicable,[],ow14-s0260,negative_only,1.0,1.0,"{""valid"": 5}",not_applicable,not_applicable,not_applicable,1,not_applicable,5,10,[],not_applicable,not_applicable,not_applicable,not_applicable,not_applicable,not_applicable,not_applicable
5,True,local_qwen,False,"[""ox14-c000077|ox14-c000085|ox14-c000296|ox14-c000395|ox14-c000410""]",10,1.0,5,False,0,1.0,1.0,not_applicable,not_applicable,not_applicable,not_applicable,not_applicable,[],ow14-s0261,negative_only,1.0,1.0,"{""valid"": 5}",not_applicable,not_applicable,not_applicable,1,not_applicable,5,10,[],not_applicable,not_applicable,not_applicable,not_applicable,not_applicable,not_applicable,not_applicable
5,True,local_qwen,False,"[""ox14-c000307|ox14-c000223|ox14-c000118|ox14-c000188|ox14-c000353""]",10,1.0,5,False,0,1.0,1.0,not_applicable,not_applicable,not_applicable,not_applicable,not_applicable,[],ow14-s0262,negative_only,1.0,1.0,"{""valid"": 5}",not_applicable,not_applicable,not_applicable,1,not_applicable,5,10,[],not_applicable,not_applicable,not_applicable,not_applicable,not_applicable,not_applicable,not_applicable
5,True,local_qwen,False,"[""ox14-c000404|ox14-c000351|ox14-c000167|ox14-c000311|ox14-c000315""]",10,1.0,5,False,0,1.0,1.0,not_applicable,not_applicable,not_applicable,not_applicable,not_applicable,[],ow14-s0263,negative_only,1.0,1.0,"{""valid"": 5}",not_applicable,not_applicable,not_applicable,1,not_applicable,5,10,[],not_applicable,not_applicable,not_applicable,not_applicable,not_applicable,not_applicable,not_applicable
5,True,local_qwen,False,"[""ox14-c000117|ox14-c000272|ox14-c000429|ox14-c000161|ox14-c000029""]",10,1.0,5,False,0,1.0,1.0,not_applicable,not_applicable,not_applicable,not_applicable,not_applicable,[],ow14-s0264,negative_only,1.0,1.0,"{""valid"": 5}",not_applicable,not_applicable,not_applicable,1,not_applicable,5,10,[],not_applicable,not_applicable,not_applicable,not_applicable,not_applicable,not_applicable,not_applicable
5,True,local_qwen,False,"[""ox14-c000136|ox14-c000377|ox14-c000396|ox14-c000185|ox14-c000346""]",10,1.0,5,False,0,1.0,1.0,not_applicable,not_applicable,not_applicable,not_applicable,not_applicable,[],ow14-s0265,negative_only,1.0,1.0,"{""valid"": 5}",not_applicable,not_applicable,not_applicable,1,not_applicable,5,10,[],not_applicable,not_applicable,not_applicable,not_applicable,not_applicable,not_applicable,not_applicable
5,True,local_qwen,False,"[""ox14-c000023|ox14-c000070|ox14-c000247|ox14-c000099|ox14-c000198""]",10,1.0,5,False,0,1.0,1.0,not_applicable,not_applicable,not_applicable,not_applicable,not_applicable,[],ow14-s0266,negative_only,1.0,1.0,"{""valid"": 5}",not_applicable,not_applicable,not_applicable,1,not_applicable,5,10,[],not_applicable,not_applicable,not_applicable,not_applicable,not_applicable,not_applicable,not_applicable
