benchmark_case_id,benchmark_name,benchmark_version,benchmark_revision,source_file,label_source,vulnerability_label,expected_result,ground_truth_granularity,request_method,input_source,endpoint,parameter,content_type,encoding_or_transform,context_or_category,authentication_required,stateful_prerequisite,current_framework_compatible,compatibility_class,evaluation_role,incompatibility_reason,required_adapter,adapter_changes_vulnerability_semantics,verifier_compatible,payload_support,candidate_representation_support,candidate_representation_gap,eligible_for_direct_external_execution,eligible_for_external_ranking,ranking_candidate_source,benchmark_identity_leakage_fields,sanitization_required,sanitized_candidate_id,sanitized_action_path,sanitized_parameter_name,retained_model_facing_fields,excluded_from_model_input_fields,exclusion_reason,audit_status,auditor_notes
BenchmarkTest00013,OWASP Benchmark Java,1.2,ba2e3f9a29fa3bde6a5c073d679393c9b94f025f,src\main\java\org\owasp\benchmark\testcode\BenchmarkTest00013.java,expectedresults-1.2.csv,xss,vulnerable,case_level,GET_delegates_to_POST,header,/xss-00/BenchmarkTest00013,Referer,text/html;charset=UTF-8,url_decode,cwe-79,not_identified,not_identified,false,ADAPTER_SUPPORTED,FINAL_CONFIRMATORY_ELIGIBLE,current_candidate_transport_does_not_support_header,header_input,false,current_marker_control_likely_sufficient,current_marker_control,required_extension,input_source_header;header_name_transport,true,true,metadata_constructed,benchmark_case_id;source_file;java_class_name;servlet_route;vulnerability_label;expected_result;parameter,true,ox14-c000001,/external-v14/case-000001,header_000001,opaque_candidate_id;sanitized_action_path;method;sanitized_parameter_name;input_source;input_type;editable_input_count;required_input_count;parameter_count,benchmark_case_id;source_file;java_class_name;servlet_name;vulnerability_label;expected_result;ground_truth,,audited,
BenchmarkTest00014,OWASP Benchmark Java,1.2,ba2e3f9a29fa3bde6a5c073d679393c9b94f025f,src\main\java\org\owasp\benchmark\testcode\BenchmarkTest00014.java,expectedresults-1.2.csv,xss,vulnerable,case_level,GET_delegates_to_POST,header,/xss-00/BenchmarkTest00014,Referer,text/html;charset=UTF-8,url_decode,cwe-79,not_identified,not_identified,false,ADAPTER_SUPPORTED,FINAL_CONFIRMATORY_ELIGIBLE,current_candidate_transport_does_not_support_header,header_input,false,current_marker_control_likely_sufficient,current_marker_control,required_extension,input_source_header;header_name_transport,true,true,metadata_constructed,benchmark_case_id;source_file;java_class_name;servlet_route;vulnerability_label;expected_result;parameter,true,ox14-c000002,/external-v14/case-000002,header_000002,opaque_candidate_id;sanitized_action_path;method;sanitized_parameter_name;input_source;input_type;editable_input_count;required_input_count;parameter_count,benchmark_case_id;source_file;java_class_name;servlet_name;vulnerability_label;expected_result;ground_truth,,audited,
BenchmarkTest00030,OWASP Benchmark Java,1.2,ba2e3f9a29fa3bde6a5c073d679393c9b94f025f,src\main\java\org\owasp\benchmark\testcode\BenchmarkTest00030.java,expectedresults-1.2.csv,xss,vulnerable,case_level,GET_delegates_to_POST,parameter_map,/xss-00/BenchmarkTest00030,BenchmarkTest00030,text/html;charset=UTF-8,none_identified,cwe-79,not_identified,not_identified,true,DIRECT,FINAL_CONFIRMATORY_ELIGIBLE,,,not_applicable,current_marker_control_likely_sufficient,current_marker_control,current,,true,true,metadata_constructed,benchmark_case_id;source_file;java_class_name;servlet_route;vulnerability_label;expected_result;parameter,true,ox14-c000003,/external-v14/case-000003,input_000003,opaque_candidate_id;sanitized_action_path;method;sanitized_parameter_name;input_source;input_type;editable_input_count;required_input_count;parameter_count,benchmark_case_id;source_file;java_class_name;servlet_name;vulnerability_label;expected_result;ground_truth,,audited,
BenchmarkTest00036,OWASP Benchmark Java,1.2,ba2e3f9a29fa3bde6a5c073d679393c9b94f025f,src\main\java\org\owasp\benchmark\testcode\BenchmarkTest00036.java,expectedresults-1.2.csv,xss,vulnerable,case_level,GET_delegates_to_POST,parameter_name_enumeration,/xss-00/BenchmarkTest00036,dynamic_parameter_name,text/html;charset=UTF-8,none_identified,cwe-79,not_identified,not_identified,false,ADAPTER_SUPPORTED,FINAL_CONFIRMATORY_ELIGIBLE,current_candidate_transport_does_not_support_parameter_name_enumeration,parameter_name_value_adapter,false,current_marker_control_likely_sufficient,current_marker_control,required_extension,dynamic_parameter_name_and_value_transport,true,true,metadata_constructed,benchmark_case_id;source_file;java_class_name;servlet_route;vulnerability_label;expected_result;parameter,true,ox14-c000004,/external-v14/case-000004,input_000004,opaque_candidate_id;sanitized_action_path;method;sanitized_parameter_name;input_source;input_type;editable_input_count;required_input_count;parameter_count,benchmark_case_id;source_file;java_class_name;servlet_name;vulnerability_label;expected_result;ground_truth,,audited,dynamic parameter-name/value enumeration
BenchmarkTest00041,OWASP Benchmark Java,1.2,ba2e3f9a29fa3bde6a5c073d679393c9b94f025f,src\main\java\org\owasp\benchmark\testcode\BenchmarkTest00041.java,expectedresults-1.2.csv,xss,vulnerable,case_level,GET_delegates_to_POST,parameter,/xss-00/BenchmarkTest00041,BenchmarkTest00041,text/html;charset=UTF-8,none_identified,cwe-79,not_identified,not_identified,true,DIRECT,FINAL_CONFIRMATORY_ELIGIBLE,,,not_applicable,current_marker_control_likely_sufficient,current_marker_control,current,,true,true,metadata_constructed,benchmark_case_id;source_file;java_class_name;servlet_route;vulnerability_label;expected_result;parameter,true,ox14-c000005,/external-v14/case-000005,input_000005,opaque_candidate_id;sanitized_action_path;method;sanitized_parameter_name;input_source;input_type;editable_input_count;required_input_count;parameter_count,benchmark_case_id;source_file;java_class_name;servlet_name;vulnerability_label;expected_result;ground_truth,,audited,parameter read through helper wrapper
BenchmarkTest00047,OWASP Benchmark Java,1.2,ba2e3f9a29fa3bde6a5c073d679393c9b94f025f,src\main\java\org\owasp\benchmark\testcode\BenchmarkTest00047.java,expectedresults-1.2.csv,xss,vulnerable,case_level,GET_delegates_to_POST,query_string,/xss-00/BenchmarkTest00047,BenchmarkTest00047,text/html;charset=UTF-8,url_decode,cwe-79,not_identified,not_identified,true,DIRECT,FINAL_CONFIRMATORY_ELIGIBLE,,,not_applicable,current_marker_control_likely_sufficient,current_marker_control,current,,true,true,metadata_constructed,benchmark_case_id;source_file;java_class_name;servlet_route;vulnerability_label;expected_result;parameter,true,ox14-c000006,/external-v14/case-000006,input_000006,opaque_candidate_id;sanitized_action_path;method;sanitized_parameter_name;input_source;input_type;editable_input_count;required_input_count;parameter_count,benchmark_case_id;source_file;java_class_name;servlet_name;vulnerability_label;expected_result;ground_truth,,audited,query string parsed manually for benchmark parameter
BenchmarkTest00048,OWASP Benchmark Java,1.2,ba2e3f9a29fa3bde6a5c073d679393c9b94f025f,src\main\java\org\owasp\benchmark\testcode\BenchmarkTest00048.java,expectedresults-1.2.csv,xss,vulnerable,case_level,GET_delegates_to_POST,query_string,/xss-00/BenchmarkTest00048,BenchmarkTest00048,text/html;charset=UTF-8,url_decode,cwe-79,not_identified,not_identified,true,DIRECT,FINAL_CONFIRMATORY_ELIGIBLE,,,not_applicable,current_marker_control_likely_sufficient,current_marker_control,current,,true,true,metadata_constructed,benchmark_case_id;source_file;java_class_name;servlet_route;vulnerability_label;expected_result;parameter,true,ox14-c000007,/external-v14/case-000007,input_000007,opaque_candidate_id;sanitized_action_path;method;sanitized_parameter_name;input_source;input_type;editable_input_count;required_input_count;parameter_count,benchmark_case_id;source_file;java_class_name;servlet_name;vulnerability_label;expected_result;ground_truth,,audited,query string parsed manually for benchmark parameter
BenchmarkTest00049,OWASP Benchmark Java,1.2,ba2e3f9a29fa3bde6a5c073d679393c9b94f025f,src\main\java\org\owasp\benchmark\testcode\BenchmarkTest00049.java,expectedresults-1.2.csv,xss,vulnerable,case_level,GET_delegates_to_POST,query_string,/xss-00/BenchmarkTest00049,BenchmarkTest00049,text/html;charset=UTF-8,url_decode,cwe-79,not_identified,not_identified,true,DIRECT,FINAL_CONFIRMATORY_ELIGIBLE,,,not_applicable,current_marker_control_likely_sufficient,current_marker_control,current,,true,true,metadata_constructed,benchmark_case_id;source_file;java_class_name;servlet_route;vulnerability_label;expected_result;parameter,true,ox14-c000008,/external-v14/case-000008,input_000008,opaque_candidate_id;sanitized_action_path;method;sanitized_parameter_name;input_source;input_type;editable_input_count;required_input_count;parameter_count,benchmark_case_id;source_file;java_class_name;servlet_name;vulnerability_label;expected_result;ground_truth,,audited,query string parsed manually for benchmark parameter
BenchmarkTest00144,OWASP Benchmark Java,1.2,ba2e3f9a29fa3bde6a5c073d679393c9b94f025f,src\main\java\org\owasp\benchmark\testcode\BenchmarkTest00144.java,expectedresults-1.2.csv,xss,vulnerable,case_level,GET_delegates_to_POST,header,/xss-00/BenchmarkTest00144,Referer,text/html;charset=UTF-8,url_decode,cwe-79,not_identified,not_identified,false,ADAPTER_SUPPORTED,FINAL_CONFIRMATORY_ELIGIBLE,current_candidate_transport_does_not_support_header,header_input,false,current_marker_control_likely_sufficient,current_marker_control,required_extension,input_source_header;header_name_transport,true,true,metadata_constructed,benchmark_case_id;source_file;java_class_name;servlet_route;vulnerability_label;expected_result;parameter,true,ox14-c000009,/external-v14/case-000009,header_000009,opaque_candidate_id;sanitized_action_path;method;sanitized_parameter_name;input_source;input_type;editable_input_count;required_input_count;parameter_count,benchmark_case_id;source_file;java_class_name;servlet_name;vulnerability_label;expected_result;ground_truth,,audited,
BenchmarkTest00145,OWASP Benchmark Java,1.2,ba2e3f9a29fa3bde6a5c073d679393c9b94f025f,src\main\java\org\owasp\benchmark\testcode\BenchmarkTest00145.java,expectedresults-1.2.csv,xss,vulnerable,case_level,GET_delegates_to_POST,header,/xss-00/BenchmarkTest00145,Referer,text/html;charset=UTF-8,url_decode,cwe-79,not_identified,not_identified,false,ADAPTER_SUPPORTED,FINAL_CONFIRMATORY_ELIGIBLE,current_candidate_transport_does_not_support_header,header_input,false,current_marker_control_likely_sufficient,current_marker_control,required_extension,input_source_header;header_name_transport,true,true,metadata_constructed,benchmark_case_id;source_file;java_class_name;servlet_route;vulnerability_label;expected_result;parameter,true,ox14-c000010,/external-v14/case-000010,header_000010,opaque_candidate_id;sanitized_action_path;method;sanitized_parameter_name;input_source;input_type;editable_input_count;required_input_count;parameter_count,benchmark_case_id;source_file;java_class_name;servlet_name;vulnerability_label;expected_result;ground_truth,,audited,
BenchmarkTest00146,OWASP Benchmark Java,1.2,ba2e3f9a29fa3bde6a5c073d679393c9b94f025f,src\main\java\org\owasp\benchmark\testcode\BenchmarkTest00146.java,expectedresults-1.2.csv,xss,vulnerable,case_level,GET_delegates_to_POST,header,/xss-00/BenchmarkTest00146,Referer,text/html;charset=UTF-8,url_decode,cwe-79,not_identified,not_identified,false,ADAPTER_SUPPORTED,FINAL_CONFIRMATORY_ELIGIBLE,current_candidate_transport_does_not_support_header,header_input,false,current_marker_control_likely_sufficient,current_marker_control,required_extension,input_source_header;header_name_transport,true,true,metadata_constructed,benchmark_case_id;source_file;java_class_name;servlet_route;vulnerability_label;expected_result;parameter,true,ox14-c000011,/external-v14/case-000011,header_000011,opaque_candidate_id;sanitized_action_path;method;sanitized_parameter_name;input_source;input_type;editable_input_count;required_input_count;parameter_count,benchmark_case_id;source_file;java_class_name;servlet_name;vulnerability_label;expected_result;ground_truth,,audited,
BenchmarkTest00147,OWASP Benchmark Java,1.2,ba2e3f9a29fa3bde6a5c073d679393c9b94f025f,src\main\java\org\owasp\benchmark\testcode\BenchmarkTest00147.java,expectedresults-1.2.csv,xss,non_vulnerable,case_level,GET_delegates_to_POST,header,/xss-00/BenchmarkTest00147,Referer,text/html;charset=UTF-8,url_decode,cwe-79,not_identified,not_identified,false,ADAPTER_SUPPORTED,FINAL_CONFIRMATORY_ELIGIBLE,current_candidate_transport_does_not_support_header,header_input,false,current_marker_control_likely_sufficient,current_marker_control,required_extension,input_source_header;header_name_transport,true,true,metadata_constructed,benchmark_case_id;source_file;java_class_name;servlet_route;vulnerability_label;expected_result;parameter,true,ox14-c000012,/external-v14/case-000012,header_000012,opaque_candidate_id;sanitized_action_path;method;sanitized_parameter_name;input_source;input_type;editable_input_count;required_input_count;parameter_count,benchmark_case_id;source_file;java_class_name;servlet_name;vulnerability_label;expected_result;ground_truth,,audited,
BenchmarkTest00148,OWASP Benchmark Java,1.2,ba2e3f9a29fa3bde6a5c073d679393c9b94f025f,src\main\java\org\owasp\benchmark\testcode\BenchmarkTest00148.java,expectedresults-1.2.csv,xss,vulnerable,case_level,GET_delegates_to_POST,header,/xss-00/BenchmarkTest00148,Referer,text/html;charset=UTF-8,url_decode,cwe-79,not_identified,not_identified,false,ADAPTER_SUPPORTED,FINAL_CONFIRMATORY_ELIGIBLE,current_candidate_transport_does_not_support_header,header_input,false,current_marker_control_likely_sufficient,current_marker_control,required_extension,input_source_header;header_name_transport,true,true,metadata_constructed,benchmark_case_id;source_file;java_class_name;servlet_route;vulnerability_label;expected_result;parameter,true,ox14-c000013,/external-v14/case-000013,header_000013,opaque_candidate_id;sanitized_action_path;method;sanitized_parameter_name;input_source;input_type;editable_input_count;required_input_count;parameter_count,benchmark_case_id;source_file;java_class_name;servlet_name;vulnerability_label;expected_result;ground_truth,,audited,
BenchmarkTest00149,OWASP Benchmark Java,1.2,ba2e3f9a29fa3bde6a5c073d679393c9b94f025f,src\main\java\org\owasp\benchmark\testcode\BenchmarkTest00149.java,expectedresults-1.2.csv,xss,vulnerable,case_level,GET_delegates_to_POST,header,/xss-00/BenchmarkTest00149,Referer,text/html;charset=UTF-8,url_decode,cwe-79,not_identified,not_identified,false,ADAPTER_SUPPORTED,FINAL_CONFIRMATORY_ELIGIBLE,current_candidate_transport_does_not_support_header,header_input,false,current_marker_control_likely_sufficient,current_marker_control,required_extension,input_source_header;header_name_transport,true,true,metadata_constructed,benchmark_case_id;source_file;java_class_name;servlet_route;vulnerability_label;expected_result;parameter,true,ox14-c000014,/external-v14/case-000014,header_000014,opaque_candidate_id;sanitized_action_path;method;sanitized_parameter_name;input_source;input_type;editable_input_count;required_input_count;parameter_count,benchmark_case_id;source_file;java_class_name;servlet_name;vulnerability_label;expected_result;ground_truth,,audited,
BenchmarkTest00150,OWASP Benchmark Java,1.2,ba2e3f9a29fa3bde6a5c073d679393c9b94f025f,src\main\java\org\owasp\benchmark\testcode\BenchmarkTest00150.java,expectedresults-1.2.csv,xss,vulnerable,case_level,GET_delegates_to_POST,header,/xss-00/BenchmarkTest00150,Referer,text/html;charset=UTF-8,url_decode,cwe-79,not_identified,not_identified,false,ADAPTER_SUPPORTED,FINAL_CONFIRMATORY_ELIGIBLE,current_candidate_transport_does_not_support_header,header_input,false,current_marker_control_likely_sufficient,current_marker_control,required_extension,input_source_header;header_name_transport,true,true,metadata_constructed,benchmark_case_id;source_file;java_class_name;servlet_route;vulnerability_label;expected_result;parameter,true,ox14-c000015,/external-v14/case-000015,header_000015,opaque_candidate_id;sanitized_action_path;method;sanitized_parameter_name;input_source;input_type;editable_input_count;required_input_count;parameter_count,benchmark_case_id;source_file;java_class_name;servlet_name;vulnerability_label;expected_result;ground_truth,,audited,
BenchmarkTest00151,OWASP Benchmark Java,1.2,ba2e3f9a29fa3bde6a5c073d679393c9b94f025f,src\main\java\org\owasp\benchmark\testcode\BenchmarkTest00151.java,expectedresults-1.2.csv,xss,non_vulnerable,case_level,GET_delegates_to_POST,header,/xss-00/BenchmarkTest00151,Referer,text/html;charset=UTF-8,url_decode,cwe-79,not_identified,not_identified,false,ADAPTER_SUPPORTED,FINAL_CONFIRMATORY_ELIGIBLE,current_candidate_transport_does_not_support_header,header_input,false,current_marker_control_likely_sufficient,current_marker_control,required_extension,input_source_header;header_name_transport,true,true,metadata_constructed,benchmark_case_id;source_file;java_class_name;servlet_route;vulnerability_label;expected_result;parameter,true,ox14-c000016,/external-v14/case-000016,header_000016,opaque_candidate_id;sanitized_action_path;method;sanitized_parameter_name;input_source;input_type;editable_input_count;required_input_count;parameter_count,benchmark_case_id;source_file;java_class_name;servlet_name;vulnerability_label;expected_result;ground_truth,,audited,
BenchmarkTest00152,OWASP Benchmark Java,1.2,ba2e3f9a29fa3bde6a5c073d679393c9b94f025f,src\main\java\org\owasp\benchmark\testcode\BenchmarkTest00152.java,expectedresults-1.2.csv,xss,vulnerable,case_level,GET_delegates_to_POST,header,/xss-00/BenchmarkTest00152,Referer,text/html;charset=UTF-8,url_decode,cwe-79,not_identified,not_identified,false,ADAPTER_SUPPORTED,FINAL_CONFIRMATORY_ELIGIBLE,current_candidate_transport_does_not_support_header,header_input,false,current_marker_control_likely_sufficient,current_marker_control,required_extension,input_source_header;header_name_transport,true,true,metadata_constructed,benchmark_case_id;source_file;java_class_name;servlet_route;vulnerability_label;expected_result;parameter,true,ox14-c000017,/external-v14/case-000017,header_000017,opaque_candidate_id;sanitized_action_path;method;sanitized_parameter_name;input_source;input_type;editable_input_count;required_input_count;parameter_count,benchmark_case_id;source_file;java_class_name;servlet_name;vulnerability_label;expected_result;ground_truth,,audited,
BenchmarkTest00153,OWASP Benchmark Java,1.2,ba2e3f9a29fa3bde6a5c073d679393c9b94f025f,src\main\java\org\owasp\benchmark\testcode\BenchmarkTest00153.java,expectedresults-1.2.csv,xss,vulnerable,case_level,GET_delegates_to_POST,header,/xss-00/BenchmarkTest00153,Referer,text/html;charset=UTF-8,url_decode,cwe-79,not_identified,not_identified,false,ADAPTER_SUPPORTED,FINAL_CONFIRMATORY_ELIGIBLE,current_candidate_transport_does_not_support_header,header_input,false,current_marker_control_likely_sufficient,current_marker_control,required_extension,input_source_header;header_name_transport,true,true,metadata_constructed,benchmark_case_id;source_file;java_class_name;servlet_route;vulnerability_label;expected_result;parameter,true,ox14-c000018,/external-v14/case-000018,header_000018,opaque_candidate_id;sanitized_action_path;method;sanitized_parameter_name;input_source;input_type;editable_input_count;required_input_count;parameter_count,benchmark_case_id;source_file;java_class_name;servlet_name;vulnerability_label;expected_result;ground_truth,,audited,
BenchmarkTest00154,OWASP Benchmark Java,1.2,ba2e3f9a29fa3bde6a5c073d679393c9b94f025f,src\main\java\org\owasp\benchmark\testcode\BenchmarkTest00154.java,expectedresults-1.2.csv,xss,vulnerable,case_level,GET_delegates_to_POST,header,/xss-00/BenchmarkTest00154,Referer,text/html;charset=UTF-8,url_decode,cwe-79,not_identified,not_identified,false,ADAPTER_SUPPORTED,FINAL_CONFIRMATORY_ELIGIBLE,current_candidate_transport_does_not_support_header,header_input,false,current_marker_control_likely_sufficient,current_marker_control,required_extension,input_source_header;header_name_transport,true,true,metadata_constructed,benchmark_case_id;source_file;java_class_name;servlet_route;vulnerability_label;expected_result;parameter,true,ox14-c000019,/external-v14/case-000019,header_000019,opaque_candidate_id;sanitized_action_path;method;sanitized_parameter_name;input_source;input_type;editable_input_count;required_input_count;parameter_count,benchmark_case_id;source_file;java_class_name;servlet_name;vulnerability_label;expected_result;ground_truth,,audited,
BenchmarkTest00155,OWASP Benchmark Java,1.2,ba2e3f9a29fa3bde6a5c073d679393c9b94f025f,src\main\java\org\owasp\benchmark\testcode\BenchmarkTest00155.java,expectedresults-1.2.csv,xss,vulnerable,case_level,GET_delegates_to_POST,header,/xss-00/BenchmarkTest00155,Referer,text/html;charset=UTF-8,url_decode,cwe-79,not_identified,not_identified,false,ADAPTER_SUPPORTED,FINAL_CONFIRMATORY_ELIGIBLE,current_candidate_transport_does_not_support_header,header_input,false,current_marker_control_likely_sufficient,current_marker_control,required_extension,input_source_header;header_name_transport,true,true,metadata_constructed,benchmark_case_id;source_file;java_class_name;servlet_route;vulnerability_label;expected_result;parameter,true,ox14-c000020,/external-v14/case-000020,header_000020,opaque_candidate_id;sanitized_action_path;method;sanitized_parameter_name;input_source;input_type;editable_input_count;required_input_count;parameter_count,benchmark_case_id;source_file;java_class_name;servlet_name;vulnerability_label;expected_result;ground_truth,,audited,
BenchmarkTest00156,OWASP Benchmark Java,1.2,ba2e3f9a29fa3bde6a5c073d679393c9b94f025f,src\main\java\org\owasp\benchmark\testcode\BenchmarkTest00156.java,expectedresults-1.2.csv,xss,vulnerable,case_level,GET_delegates_to_POST,header,/xss-00/BenchmarkTest00156,Referer,text/html;charset=UTF-8,url_decode,cwe-79,not_identified,not_identified,false,ADAPTER_SUPPORTED,FINAL_CONFIRMATORY_ELIGIBLE,current_candidate_transport_does_not_support_header,header_input,false,current_marker_control_likely_sufficient,current_marker_control,required_extension,input_source_header;header_name_transport,true,true,metadata_constructed,benchmark_case_id;source_file;java_class_name;servlet_route;vulnerability_label;expected_result;parameter,true,ox14-c000021,/external-v14/case-000021,header_000021,opaque_candidate_id;sanitized_action_path;method;sanitized_parameter_name;input_source;input_type;editable_input_count;required_input_count;parameter_count,benchmark_case_id;source_file;java_class_name;servlet_name;vulnerability_label;expected_result;ground_truth,,audited,
BenchmarkTest00157,OWASP Benchmark Java,1.2,ba2e3f9a29fa3bde6a5c073d679393c9b94f025f,src\main\java\org\owasp\benchmark\testcode\BenchmarkTest00157.java,expectedresults-1.2.csv,xss,vulnerable,case_level,GET_delegates_to_POST,header,/xss-00/BenchmarkTest00157,Referer,text/html;charset=UTF-8,url_decode,cwe-79,not_identified,not_identified,false,ADAPTER_SUPPORTED,FINAL_CONFIRMATORY_ELIGIBLE,current_candidate_transport_does_not_support_header,header_input,false,current_marker_control_likely_sufficient,current_marker_control,required_extension,input_source_header;header_name_transport,true,true,metadata_constructed,benchmark_case_id;source_file;java_class_name;servlet_route;vulnerability_label;expected_result;parameter,true,ox14-c000022,/external-v14/case-000022,header_000022,opaque_candidate_id;sanitized_action_path;method;sanitized_parameter_name;input_source;input_type;editable_input_count;required_input_count;parameter_count,benchmark_case_id;source_file;java_class_name;servlet_name;vulnerability_label;expected_result;ground_truth,,audited,
BenchmarkTest00275,OWASP Benchmark Java,1.2,ba2e3f9a29fa3bde6a5c073d679393c9b94f025f,src\main\java\org\owasp\benchmark\testcode\BenchmarkTest00275.java,expectedresults-1.2.csv,xss,non_vulnerable,case_level,GET_delegates_to_POST,header,/xss-00/BenchmarkTest00275,Referer,text/html;charset=UTF-8,url_decode;base64_transform,cwe-79,not_identified,not_identified,false,ADAPTER_SUPPORTED,FINAL_CONFIRMATORY_ELIGIBLE,current_candidate_transport_does_not_support_header,header_input,false,current_marker_control_likely_sufficient,current_marker_control,required_extension,input_source_header;header_name_transport,true,true,metadata_constructed,benchmark_case_id;source_file;java_class_name;servlet_route;vulnerability_label;expected_result;parameter,true,ox14-c000023,/external-v14/case-000023,header_000023,opaque_candidate_id;sanitized_action_path;method;sanitized_parameter_name;input_source;input_type;editable_input_count;required_input_count;parameter_count,benchmark_case_id;source_file;java_class_name;servlet_name;vulnerability_label;expected_result;ground_truth,,audited,
BenchmarkTest00276,OWASP Benchmark Java,1.2,ba2e3f9a29fa3bde6a5c073d679393c9b94f025f,src\main\java\org\owasp\benchmark\testcode\BenchmarkTest00276.java,expectedresults-1.2.csv,xss,vulnerable,case_level,GET_delegates_to_POST,header,/xss-00/BenchmarkTest00276,Referer,text/html;charset=UTF-8,url_decode,cwe-79,not_identified,not_identified,false,ADAPTER_SUPPORTED,FINAL_CONFIRMATORY_ELIGIBLE,current_candidate_transport_does_not_support_header,header_input,false,current_marker_control_likely_sufficient,current_marker_control,required_extension,input_source_header;header_name_transport,true,true,metadata_constructed,benchmark_case_id;source_file;java_class_name;servlet_route;vulnerability_label;expected_result;parameter,true,ox14-c000024,/external-v14/case-000024,header_000024,opaque_candidate_id;sanitized_action_path;method;sanitized_parameter_name;input_source;input_type;editable_input_count;required_input_count;parameter_count,benchmark_case_id;source_file;java_class_name;servlet_name;vulnerability_label;expected_result;ground_truth,,audited,
BenchmarkTest00277,OWASP Benchmark Java,1.2,ba2e3f9a29fa3bde6a5c073d679393c9b94f025f,src\main\java\org\owasp\benchmark\testcode\BenchmarkTest00277.java,expectedresults-1.2.csv,xss,non_vulnerable,case_level,GET_delegates_to_POST,header,/xss-00/BenchmarkTest00277,Referer,text/html;charset=UTF-8,url_decode;base64_transform,cwe-79,not_identified,not_identified,false,ADAPTER_SUPPORTED,FINAL_CONFIRMATORY_ELIGIBLE,current_candidate_transport_does_not_support_header,header_input,false,current_marker_control_likely_sufficient,current_marker_control,required_extension,input_source_header;header_name_transport,true,true,metadata_constructed,benchmark_case_id;source_file;java_class_name;servlet_route;vulnerability_label;expected_result;parameter,true,ox14-c000025,/external-v14/case-000025,header_000025,opaque_candidate_id;sanitized_action_path;method;sanitized_parameter_name;input_source;input_type;editable_input_count;required_input_count;parameter_count,benchmark_case_id;source_file;java_class_name;servlet_name;vulnerability_label;expected_result;ground_truth,,audited,
BenchmarkTest00278,OWASP Benchmark Java,1.2,ba2e3f9a29fa3bde6a5c073d679393c9b94f025f,src\main\java\org\owasp\benchmark\testcode\BenchmarkTest00278.java,expectedresults-1.2.csv,xss,non_vulnerable,case_level,GET_delegates_to_POST,header,/xss-00/BenchmarkTest00278,Referer,text/html;charset=UTF-8,url_decode,cwe-79,not_identified,not_identified,false,ADAPTER_SUPPORTED,FINAL_CONFIRMATORY_ELIGIBLE,current_candidate_transport_does_not_support_header,header_input,false,current_marker_control_likely_sufficient,current_marker_control,required_extension,input_source_header;header_name_transport,true,true,metadata_constructed,benchmark_case_id;source_file;java_class_name;servlet_route;vulnerability_label;expected_result;parameter,true,ox14-c000026,/external-v14/case-000026,header_000026,opaque_candidate_id;sanitized_action_path;method;sanitized_parameter_name;input_source;input_type;editable_input_count;required_input_count;parameter_count,benchmark_case_id;source_file;java_class_name;servlet_name;vulnerability_label;expected_result;ground_truth,,audited,
BenchmarkTest00279,OWASP Benchmark Java,1.2,ba2e3f9a29fa3bde6a5c073d679393c9b94f025f,src\main\java\org\owasp\benchmark\testcode\BenchmarkTest00279.java,expectedresults-1.2.csv,xss,vulnerable,case_level,GET_delegates_to_POST,header,/xss-00/BenchmarkTest00279,Referer,text/html;charset=UTF-8,url_decode,cwe-79,not_identified,not_identified,false,ADAPTER_SUPPORTED,FINAL_CONFIRMATORY_ELIGIBLE,current_candidate_transport_does_not_support_header,header_input,false,current_marker_control_likely_sufficient,current_marker_control,required_extension,input_source_header;header_name_transport,true,true,metadata_constructed,benchmark_case_id;source_file;java_class_name;servlet_route;vulnerability_label;expected_result;parameter,true,ox14-c000027,/external-v14/case-000027,header_000027,opaque_candidate_id;sanitized_action_path;method;sanitized_parameter_name;input_source;input_type;editable_input_count;required_input_count;parameter_count,benchmark_case_id;source_file;java_class_name;servlet_name;vulnerability_label;expected_result;ground_truth,,audited,
BenchmarkTest00280,OWASP Benchmark Java,1.2,ba2e3f9a29fa3bde6a5c073d679393c9b94f025f,src\main\java\org\owasp\benchmark\testcode\BenchmarkTest00280.java,expectedresults-1.2.csv,xss,vulnerable,case_level,GET_delegates_to_POST,header,/xss-00/BenchmarkTest00280,Referer,text/html;charset=UTF-8,url_decode,cwe-79,not_identified,not_identified,false,ADAPTER_SUPPORTED,READINESS_ONLY,current_candidate_transport_does_not_support_header,header_input,false,current_marker_control_likely_sufficient,current_marker_control,required_extension,input_source_header;header_name_transport,true,true,metadata_constructed,benchmark_case_id;source_file;java_class_name;servlet_route;vulnerability_label;expected_result;parameter,true,ox14-c000028,/external-v14/case-000028,header_000028,opaque_candidate_id;sanitized_action_path;method;sanitized_parameter_name;input_source;input_type;editable_input_count;required_input_count;parameter_count,benchmark_case_id;source_file;java_class_name;servlet_name;vulnerability_label;expected_result;ground_truth,,audited,
BenchmarkTest00281,OWASP Benchmark Java,1.2,ba2e3f9a29fa3bde6a5c073d679393c9b94f025f,src\main\java\org\owasp\benchmark\testcode\BenchmarkTest00281.java,expectedresults-1.2.csv,xss,non_vulnerable,case_level,GET_delegates_to_POST,header,/xss-00/BenchmarkTest00281,Referer,text/html;charset=UTF-8,url_decode,cwe-79,not_identified,not_identified,false,ADAPTER_SUPPORTED,FINAL_CONFIRMATORY_ELIGIBLE,current_candidate_transport_does_not_support_header,header_input,false,current_marker_control_likely_sufficient,current_marker_control,required_extension,input_source_header;header_name_transport,true,true,metadata_constructed,benchmark_case_id;source_file;java_class_name;servlet_route;vulnerability_label;expected_result;parameter,true,ox14-c000029,/external-v14/case-000029,header_000029,opaque_candidate_id;sanitized_action_path;method;sanitized_parameter_name;input_source;input_type;editable_input_count;required_input_count;parameter_count,benchmark_case_id;source_file;java_class_name;servlet_name;vulnerability_label;expected_result;ground_truth,,audited,
BenchmarkTest00282,OWASP Benchmark Java,1.2,ba2e3f9a29fa3bde6a5c073d679393c9b94f025f,src\main\java\org\owasp\benchmark\testcode\BenchmarkTest00282.java,expectedresults-1.2.csv,xss,non_vulnerable,case_level,GET_delegates_to_POST,header,/xss-00/BenchmarkTest00282,Referer,text/html;charset=UTF-8,url_decode;html_encoding,cwe-79,not_identified,not_identified,false,ADAPTER_SUPPORTED,FINAL_CONFIRMATORY_ELIGIBLE,current_candidate_transport_does_not_support_header,header_input,false,current_marker_control_likely_sufficient,current_marker_control,required_extension,input_source_header;header_name_transport,true,true,metadata_constructed,benchmark_case_id;source_file;java_class_name;servlet_route;vulnerability_label;expected_result;parameter,true,ox14-c000030,/external-v14/case-000030,header_000030,opaque_candidate_id;sanitized_action_path;method;sanitized_parameter_name;input_source;input_type;editable_input_count;required_input_count;parameter_count,benchmark_case_id;source_file;java_class_name;servlet_name;vulnerability_label;expected_result;ground_truth,,audited,
BenchmarkTest00283,OWASP Benchmark Java,1.2,ba2e3f9a29fa3bde6a5c073d679393c9b94f025f,src\main\java\org\owasp\benchmark\testcode\BenchmarkTest00283.java,expectedresults-1.2.csv,xss,non_vulnerable,case_level,GET_delegates_to_POST,header,/xss-00/BenchmarkTest00283,Referer,text/html;charset=UTF-8,url_decode;html_encoding,cwe-79,not_identified,not_identified,false,ADAPTER_SUPPORTED,FINAL_CONFIRMATORY_ELIGIBLE,current_candidate_transport_does_not_support_header,header_input,false,current_marker_control_likely_sufficient,current_marker_control,required_extension,input_source_header;header_name_transport,true,true,metadata_constructed,benchmark_case_id;source_file;java_class_name;servlet_route;vulnerability_label;expected_result;parameter,true,ox14-c000031,/external-v14/case-000031,header_000031,opaque_candidate_id;sanitized_action_path;method;sanitized_parameter_name;input_source;input_type;editable_input_count;required_input_count;parameter_count,benchmark_case_id;source_file;java_class_name;servlet_name;vulnerability_label;expected_result;ground_truth,,audited,
BenchmarkTest00284,OWASP Benchmark Java,1.2,ba2e3f9a29fa3bde6a5c073d679393c9b94f025f,src\main\java\org\owasp\benchmark\testcode\BenchmarkTest00284.java,expectedresults-1.2.csv,xss,vulnerable,case_level,GET_delegates_to_POST,header,/xss-00/BenchmarkTest00284,Referer,text/html;charset=UTF-8,url_decode,cwe-79,not_identified,not_identified,false,ADAPTER_SUPPORTED,FINAL_CONFIRMATORY_ELIGIBLE,current_candidate_transport_does_not_support_header,header_input,false,current_marker_control_likely_sufficient,current_marker_control,required_extension,input_source_header;header_name_transport,true,true,metadata_constructed,benchmark_case_id;source_file;java_class_name;servlet_route;vulnerability_label;expected_result;parameter,true,ox14-c000032,/external-v14/case-000032,header_000032,opaque_candidate_id;sanitized_action_path;method;sanitized_parameter_name;input_source;input_type;editable_input_count;required_input_count;parameter_count,benchmark_case_id;source_file;java_class_name;servlet_name;vulnerability_label;expected_result;ground_truth,,audited,
BenchmarkTest00285,OWASP Benchmark Java,1.2,ba2e3f9a29fa3bde6a5c073d679393c9b94f025f,src\main\java\org\owasp\benchmark\testcode\BenchmarkTest00285.java,expectedresults-1.2.csv,xss,non_vulnerable,case_level,GET_delegates_to_POST,header,/xss-00/BenchmarkTest00285,Referer,text/html;charset=UTF-8,url_decode;html_encoding,cwe-79,not_identified,not_identified,false,ADAPTER_SUPPORTED,FINAL_CONFIRMATORY_ELIGIBLE,current_candidate_transport_does_not_support_header,header_input,false,current_marker_control_likely_sufficient,current_marker_control,required_extension,input_source_header;header_name_transport,true,true,metadata_constructed,benchmark_case_id;source_file;java_class_name;servlet_route;vulnerability_label;expected_result;parameter,true,ox14-c000033,/external-v14/case-000033,header_000033,opaque_candidate_id;sanitized_action_path;method;sanitized_parameter_name;input_source;input_type;editable_input_count;required_input_count;parameter_count,benchmark_case_id;source_file;java_class_name;servlet_name;vulnerability_label;expected_result;ground_truth,,audited,
BenchmarkTest00286,OWASP Benchmark Java,1.2,ba2e3f9a29fa3bde6a5c073d679393c9b94f025f,src\main\java\org\owasp\benchmark\testcode\BenchmarkTest00286.java,expectedresults-1.2.csv,xss,non_vulnerable,case_level,GET_delegates_to_POST,header,/xss-00/BenchmarkTest00286,Referer,text/html;charset=UTF-8,url_decode;html_encoding;string_escape_utils,cwe-79,not_identified,not_identified,false,ADAPTER_SUPPORTED,FINAL_CONFIRMATORY_ELIGIBLE,current_candidate_transport_does_not_support_header,header_input,false,current_marker_control_likely_sufficient,current_marker_control,required_extension,input_source_header;header_name_transport,true,true,metadata_constructed,benchmark_case_id;source_file;java_class_name;servlet_route;vulnerability_label;expected_result;parameter,true,ox14-c000034,/external-v14/case-000034,header_000034,opaque_candidate_id;sanitized_action_path;method;sanitized_parameter_name;input_source;input_type;editable_input_count;required_input_count;parameter_count,benchmark_case_id;source_file;java_class_name;servlet_name;vulnerability_label;expected_result;ground_truth,,audited,
BenchmarkTest00287,OWASP Benchmark Java,1.2,ba2e3f9a29fa3bde6a5c073d679393c9b94f025f,src\main\java\org\owasp\benchmark\testcode\BenchmarkTest00287.java,expectedresults-1.2.csv,xss,vulnerable,case_level,GET_delegates_to_POST,header,/xss-00/BenchmarkTest00287,Referer,text/html;charset=UTF-8,url_decode,cwe-79,not_identified,not_identified,false,ADAPTER_SUPPORTED,FINAL_CONFIRMATORY_ELIGIBLE,current_candidate_transport_does_not_support_header,header_input,false,current_marker_control_likely_sufficient,current_marker_control,required_extension,input_source_header;header_name_transport,true,true,metadata_constructed,benchmark_case_id;source_file;java_class_name;servlet_route;vulnerability_label;expected_result;parameter,true,ox14-c000035,/external-v14/case-000035,header_000035,opaque_candidate_id;sanitized_action_path;method;sanitized_parameter_name;input_source;input_type;editable_input_count;required_input_count;parameter_count,benchmark_case_id;source_file;java_class_name;servlet_name;vulnerability_label;expected_result;ground_truth,,audited,
BenchmarkTest00288,OWASP Benchmark Java,1.2,ba2e3f9a29fa3bde6a5c073d679393c9b94f025f,src\main\java\org\owasp\benchmark\testcode\BenchmarkTest00288.java,expectedresults-1.2.csv,xss,non_vulnerable,case_level,GET_delegates_to_POST,header,/xss-00/BenchmarkTest00288,Referer,text/html;charset=UTF-8,url_decode,cwe-79,not_identified,not_identified,false,ADAPTER_SUPPORTED,FINAL_CONFIRMATORY_ELIGIBLE,current_candidate_transport_does_not_support_header,header_input,false,current_marker_control_likely_sufficient,current_marker_control,required_extension,input_source_header;header_name_transport,true,true,metadata_constructed,benchmark_case_id;source_file;java_class_name;servlet_route;vulnerability_label;expected_result;parameter,true,ox14-c000036,/external-v14/case-000036,header_000036,opaque_candidate_id;sanitized_action_path;method;sanitized_parameter_name;input_source;input_type;editable_input_count;required_input_count;parameter_count,benchmark_case_id;source_file;java_class_name;servlet_name;vulnerability_label;expected_result;ground_truth,,audited,
BenchmarkTest00289,OWASP Benchmark Java,1.2,ba2e3f9a29fa3bde6a5c073d679393c9b94f025f,src\main\java\org\owasp\benchmark\testcode\BenchmarkTest00289.java,expectedresults-1.2.csv,xss,non_vulnerable,case_level,GET_delegates_to_POST,header,/xss-00/BenchmarkTest00289,Referer,text/html;charset=UTF-8,url_decode;html_encoding,cwe-79,not_identified,not_identified,false,ADAPTER_SUPPORTED,FINAL_CONFIRMATORY_ELIGIBLE,current_candidate_transport_does_not_support_header,header_input,false,current_marker_control_likely_sufficient,current_marker_control,required_extension,input_source_header;header_name_transport,true,true,metadata_constructed,benchmark_case_id;source_file;java_class_name;servlet_route;vulnerability_label;expected_result;parameter,true,ox14-c000037,/external-v14/case-000037,header_000037,opaque_candidate_id;sanitized_action_path;method;sanitized_parameter_name;input_source;input_type;editable_input_count;required_input_count;parameter_count,benchmark_case_id;source_file;java_class_name;servlet_name;vulnerability_label;expected_result;ground_truth,,audited,
BenchmarkTest00290,OWASP Benchmark Java,1.2,ba2e3f9a29fa3bde6a5c073d679393c9b94f025f,src\main\java\org\owasp\benchmark\testcode\BenchmarkTest00290.java,expectedresults-1.2.csv,xss,vulnerable,case_level,GET_delegates_to_POST,header,/xss-00/BenchmarkTest00290,Referer,text/html;charset=UTF-8,url_decode,cwe-79,not_identified,not_identified,false,ADAPTER_SUPPORTED,FINAL_CONFIRMATORY_ELIGIBLE,current_candidate_transport_does_not_support_header,header_input,false,current_marker_control_likely_sufficient,current_marker_control,required_extension,input_source_header;header_name_transport,true,true,metadata_constructed,benchmark_case_id;source_file;java_class_name;servlet_route;vulnerability_label;expected_result;parameter,true,ox14-c000038,/external-v14/case-000038,header_000038,opaque_candidate_id;sanitized_action_path;method;sanitized_parameter_name;input_source;input_type;editable_input_count;required_input_count;parameter_count,benchmark_case_id;source_file;java_class_name;servlet_name;vulnerability_label;expected_result;ground_truth,,audited,
BenchmarkTest00291,OWASP Benchmark Java,1.2,ba2e3f9a29fa3bde6a5c073d679393c9b94f025f,src\main\java\org\owasp\benchmark\testcode\BenchmarkTest00291.java,expectedresults-1.2.csv,xss,vulnerable,case_level,GET_delegates_to_POST,header,/xss-00/BenchmarkTest00291,Referer,text/html;charset=UTF-8,url_decode,cwe-79,not_identified,not_identified,false,ADAPTER_SUPPORTED,FINAL_CONFIRMATORY_ELIGIBLE,current_candidate_transport_does_not_support_header,header_input,false,current_marker_control_likely_sufficient,current_marker_control,required_extension,input_source_header;header_name_transport,true,true,metadata_constructed,benchmark_case_id;source_file;java_class_name;servlet_route;vulnerability_label;expected_result;parameter,true,ox14-c000039,/external-v14/case-000039,header_000039,opaque_candidate_id;sanitized_action_path;method;sanitized_parameter_name;input_source;input_type;editable_input_count;required_input_count;parameter_count,benchmark_case_id;source_file;java_class_name;servlet_name;vulnerability_label;expected_result;ground_truth,,audited,
BenchmarkTest00292,OWASP Benchmark Java,1.2,ba2e3f9a29fa3bde6a5c073d679393c9b94f025f,src\main\java\org\owasp\benchmark\testcode\BenchmarkTest00292.java,expectedresults-1.2.csv,xss,vulnerable,case_level,GET_delegates_to_POST,header,/xss-00/BenchmarkTest00292,Referer,text/html;charset=UTF-8,url_decode,cwe-79,not_identified,not_identified,false,ADAPTER_SUPPORTED,FINAL_CONFIRMATORY_ELIGIBLE,current_candidate_transport_does_not_support_header,header_input,false,current_marker_control_likely_sufficient,current_marker_control,required_extension,input_source_header;header_name_transport,true,true,metadata_constructed,benchmark_case_id;source_file;java_class_name;servlet_route;vulnerability_label;expected_result;parameter,true,ox14-c000040,/external-v14/case-000040,header_000040,opaque_candidate_id;sanitized_action_path;method;sanitized_parameter_name;input_source;input_type;editable_input_count;required_input_count;parameter_count,benchmark_case_id;source_file;java_class_name;servlet_name;vulnerability_label;expected_result;ground_truth,,audited,
BenchmarkTest00301,OWASP Benchmark Java,1.2,ba2e3f9a29fa3bde6a5c073d679393c9b94f025f,src\main\java\org\owasp\benchmark\testcode\BenchmarkTest00301.java,expectedresults-1.2.csv,xss,vulnerable,case_level,GET_delegates_to_POST,header,/xss-00/BenchmarkTest00301,Referer,text/html;charset=UTF-8,url_decode,cwe-79,not_identified,not_identified,false,ADAPTER_SUPPORTED,FINAL_CONFIRMATORY_ELIGIBLE,current_candidate_transport_does_not_support_header,header_input,false,current_marker_control_likely_sufficient,current_marker_control,required_extension,input_source_header;header_name_transport,true,true,metadata_constructed,benchmark_case_id;source_file;java_class_name;servlet_route;vulnerability_label;expected_result;parameter,true,ox14-c000041,/external-v14/case-000041,header_000041,opaque_candidate_id;sanitized_action_path;method;sanitized_parameter_name;input_source;input_type;editable_input_count;required_input_count;parameter_count,benchmark_case_id;source_file;java_class_name;servlet_name;vulnerability_label;expected_result;ground_truth,,audited,
BenchmarkTest00375,OWASP Benchmark Java,1.2,ba2e3f9a29fa3bde6a5c073d679393c9b94f025f,src\main\java\org\owasp\benchmark\testcode\BenchmarkTest00375.java,expectedresults-1.2.csv,xss,vulnerable,case_level,GET_delegates_to_POST,parameter,/xss-00/BenchmarkTest00375,BenchmarkTest00375,text/html;charset=UTF-8,none_identified,cwe-79,not_identified,not_identified,true,DIRECT,FINAL_CONFIRMATORY_ELIGIBLE,,,not_applicable,current_marker_control_likely_sufficient,current_marker_control,current,,true,true,metadata_constructed,benchmark_case_id;source_file;java_class_name;servlet_route;vulnerability_label;expected_result;parameter,true,ox14-c000042,/external-v14/case-000042,input_000042,opaque_candidate_id;sanitized_action_path;method;sanitized_parameter_name;input_source;input_type;editable_input_count;required_input_count;parameter_count,benchmark_case_id;source_file;java_class_name;servlet_name;vulnerability_label;expected_result;ground_truth,,audited,
BenchmarkTest00376,OWASP Benchmark Java,1.2,ba2e3f9a29fa3bde6a5c073d679393c9b94f025f,src\main\java\org\owasp\benchmark\testcode\BenchmarkTest00376.java,expectedresults-1.2.csv,xss,vulnerable,case_level,GET_delegates_to_POST,parameter,/xss-00/BenchmarkTest00376,BenchmarkTest00376,text/html;charset=UTF-8,none_identified,cwe-79,not_identified,not_identified,true,DIRECT,FINAL_CONFIRMATORY_ELIGIBLE,,,not_applicable,current_marker_control_likely_sufficient,current_marker_control,current,,true,true,metadata_constructed,benchmark_case_id;source_file;java_class_name;servlet_route;vulnerability_label;expected_result;parameter,true,ox14-c000043,/external-v14/case-000043,input_000043,opaque_candidate_id;sanitized_action_path;method;sanitized_parameter_name;input_source;input_type;editable_input_count;required_input_count;parameter_count,benchmark_case_id;source_file;java_class_name;servlet_name;vulnerability_label;expected_result;ground_truth,,audited,
BenchmarkTest00377,OWASP Benchmark Java,1.2,ba2e3f9a29fa3bde6a5c073d679393c9b94f025f,src\main\java\org\owasp\benchmark\testcode\BenchmarkTest00377.java,expectedresults-1.2.csv,xss,non_vulnerable,case_level,GET_delegates_to_POST,parameter,/xss-00/BenchmarkTest00377,BenchmarkTest00377,text/html;charset=UTF-8,none_identified,cwe-79,not_identified,not_identified,true,DIRECT,FINAL_CONFIRMATORY_ELIGIBLE,,,not_applicable,current_marker_control_likely_sufficient,current_marker_control,current,,true,true,metadata_constructed,benchmark_case_id;source_file;java_class_name;servlet_route;vulnerability_label;expected_result;parameter,true,ox14-c000044,/external-v14/case-000044,input_000044,opaque_candidate_id;sanitized_action_path;method;sanitized_parameter_name;input_source;input_type;editable_input_count;required_input_count;parameter_count,benchmark_case_id;source_file;java_class_name;servlet_name;vulnerability_label;expected_result;ground_truth,,audited,
BenchmarkTest00378,OWASP Benchmark Java,1.2,ba2e3f9a29fa3bde6a5c073d679393c9b94f025f,src\main\java\org\owasp\benchmark\testcode\BenchmarkTest00378.java,expectedresults-1.2.csv,xss,vulnerable,case_level,GET_delegates_to_POST,parameter,/xss-00/BenchmarkTest00378,BenchmarkTest00378,text/html;charset=UTF-8,none_identified,cwe-79,not_identified,not_identified,true,DIRECT,FINAL_CONFIRMATORY_ELIGIBLE,,,not_applicable,current_marker_control_likely_sufficient,current_marker_control,current,,true,true,metadata_constructed,benchmark_case_id;source_file;java_class_name;servlet_route;vulnerability_label;expected_result;parameter,true,ox14-c000045,/external-v14/case-000045,input_000045,opaque_candidate_id;sanitized_action_path;method;sanitized_parameter_name;input_source;input_type;editable_input_count;required_input_count;parameter_count,benchmark_case_id;source_file;java_class_name;servlet_name;vulnerability_label;expected_result;ground_truth,,audited,
BenchmarkTest00379,OWASP Benchmark Java,1.2,ba2e3f9a29fa3bde6a5c073d679393c9b94f025f,src\main\java\org\owasp\benchmark\testcode\BenchmarkTest00379.java,expectedresults-1.2.csv,xss,non_vulnerable,case_level,GET_delegates_to_POST,parameter,/xss-00/BenchmarkTest00379,BenchmarkTest00379,text/html;charset=UTF-8,base64_transform,cwe-79,not_identified,not_identified,true,DIRECT,FINAL_CONFIRMATORY_ELIGIBLE,,,not_applicable,current_marker_control_likely_sufficient,current_marker_control,current,,true,true,metadata_constructed,benchmark_case_id;source_file;java_class_name;servlet_route;vulnerability_label;expected_result;parameter,true,ox14-c000046,/external-v14/case-000046,input_000046,opaque_candidate_id;sanitized_action_path;method;sanitized_parameter_name;input_source;input_type;editable_input_count;required_input_count;parameter_count,benchmark_case_id;source_file;java_class_name;servlet_name;vulnerability_label;expected_result;ground_truth,,audited,
BenchmarkTest00380,OWASP Benchmark Java,1.2,ba2e3f9a29fa3bde6a5c073d679393c9b94f025f,src\main\java\org\owasp\benchmark\testcode\BenchmarkTest00380.java,expectedresults-1.2.csv,xss,vulnerable,case_level,GET_delegates_to_POST,parameter,/xss-00/BenchmarkTest00380,BenchmarkTest00380,text/html;charset=UTF-8,none_identified,cwe-79,not_identified,not_identified,true,DIRECT,FINAL_CONFIRMATORY_ELIGIBLE,,,not_applicable,current_marker_control_likely_sufficient,current_marker_control,current,,true,true,metadata_constructed,benchmark_case_id;source_file;java_class_name;servlet_route;vulnerability_label;expected_result;parameter,true,ox14-c000047,/external-v14/case-000047,input_000047,opaque_candidate_id;sanitized_action_path;method;sanitized_parameter_name;input_source;input_type;editable_input_count;required_input_count;parameter_count,benchmark_case_id;source_file;java_class_name;servlet_name;vulnerability_label;expected_result;ground_truth,,audited,
BenchmarkTest00381,OWASP Benchmark Java,1.2,ba2e3f9a29fa3bde6a5c073d679393c9b94f025f,src\main\java\org\owasp\benchmark\testcode\BenchmarkTest00381.java,expectedresults-1.2.csv,xss,non_vulnerable,case_level,GET_delegates_to_POST,parameter,/xss-00/BenchmarkTest00381,BenchmarkTest00381,text/html;charset=UTF-8,html_encoding,cwe-79,not_identified,not_identified,true,DIRECT,FINAL_CONFIRMATORY_ELIGIBLE,,,not_applicable,current_marker_control_likely_sufficient,current_marker_control,current,,true,true,metadata_constructed,benchmark_case_id;source_file;java_class_name;servlet_route;vulnerability_label;expected_result;parameter,true,ox14-c000048,/external-v14/case-000048,input_000048,opaque_candidate_id;sanitized_action_path;method;sanitized_parameter_name;input_source;input_type;editable_input_count;required_input_count;parameter_count,benchmark_case_id;source_file;java_class_name;servlet_name;vulnerability_label;expected_result;ground_truth,,audited,
BenchmarkTest00382,OWASP Benchmark Java,1.2,ba2e3f9a29fa3bde6a5c073d679393c9b94f025f,src\main\java\org\owasp\benchmark\testcode\BenchmarkTest00382.java,expectedresults-1.2.csv,xss,vulnerable,case_level,GET_delegates_to_POST,parameter,/xss-00/BenchmarkTest00382,BenchmarkTest00382,text/html;charset=UTF-8,none_identified,cwe-79,not_identified,not_identified,true,DIRECT,FINAL_CONFIRMATORY_ELIGIBLE,,,not_applicable,current_marker_control_likely_sufficient,current_marker_control,current,,true,true,metadata_constructed,benchmark_case_id;source_file;java_class_name;servlet_route;vulnerability_label;expected_result;parameter,true,ox14-c000049,/external-v14/case-000049,input_000049,opaque_candidate_id;sanitized_action_path;method;sanitized_parameter_name;input_source;input_type;editable_input_count;required_input_count;parameter_count,benchmark_case_id;source_file;java_class_name;servlet_name;vulnerability_label;expected_result;ground_truth,,audited,
BenchmarkTest00383,OWASP Benchmark Java,1.2,ba2e3f9a29fa3bde6a5c073d679393c9b94f025f,src\main\java\org\owasp\benchmark\testcode\BenchmarkTest00383.java,expectedresults-1.2.csv,xss,vulnerable,case_level,GET_delegates_to_POST,parameter,/xss-00/BenchmarkTest00383,BenchmarkTest00383,text/html;charset=UTF-8,base64_transform,cwe-79,not_identified,not_identified,true,DIRECT,FINAL_CONFIRMATORY_ELIGIBLE,,,not_applicable,current_marker_control_likely_sufficient,current_marker_control,current,,true,true,metadata_constructed,benchmark_case_id;source_file;java_class_name;servlet_route;vulnerability_label;expected_result;parameter,true,ox14-c000050,/external-v14/case-000050,input_000050,opaque_candidate_id;sanitized_action_path;method;sanitized_parameter_name;input_source;input_type;editable_input_count;required_input_count;parameter_count,benchmark_case_id;source_file;java_class_name;servlet_name;vulnerability_label;expected_result;ground_truth,,audited,
BenchmarkTest00384,OWASP Benchmark Java,1.2,ba2e3f9a29fa3bde6a5c073d679393c9b94f025f,src\main\java\org\owasp\benchmark\testcode\BenchmarkTest00384.java,expectedresults-1.2.csv,xss,vulnerable,case_level,GET_delegates_to_POST,parameter,/xss-00/BenchmarkTest00384,BenchmarkTest00384,text/html;charset=UTF-8,none_identified,cwe-79,not_identified,not_identified,true,DIRECT,FINAL_CONFIRMATORY_ELIGIBLE,,,not_applicable,current_marker_control_likely_sufficient,current_marker_control,current,,true,true,metadata_constructed,benchmark_case_id;source_file;java_class_name;servlet_route;vulnerability_label;expected_result;parameter,true,ox14-c000051,/external-v14/case-000051,input_000051,opaque_candidate_id;sanitized_action_path;method;sanitized_parameter_name;input_source;input_type;editable_input_count;required_input_count;parameter_count,benchmark_case_id;source_file;java_class_name;servlet_name;vulnerability_label;expected_result;ground_truth,,audited,
BenchmarkTest00385,OWASP Benchmark Java,1.2,ba2e3f9a29fa3bde6a5c073d679393c9b94f025f,src\main\java\org\owasp\benchmark\testcode\BenchmarkTest00385.java,expectedresults-1.2.csv,xss,vulnerable,case_level,GET_delegates_to_POST,parameter,/xss-00/BenchmarkTest00385,BenchmarkTest00385,text/html;charset=UTF-8,base64_transform,cwe-79,not_identified,not_identified,true,DIRECT,FINAL_CONFIRMATORY_ELIGIBLE,,,not_applicable,current_marker_control_likely_sufficient,current_marker_control,current,,true,true,metadata_constructed,benchmark_case_id;source_file;java_class_name;servlet_route;vulnerability_label;expected_result;parameter,true,ox14-c000052,/external-v14/case-000052,input_000052,opaque_candidate_id;sanitized_action_path;method;sanitized_parameter_name;input_source;input_type;editable_input_count;required_input_count;parameter_count,benchmark_case_id;source_file;java_class_name;servlet_name;vulnerability_label;expected_result;ground_truth,,audited,
BenchmarkTest00386,OWASP Benchmark Java,1.2,ba2e3f9a29fa3bde6a5c073d679393c9b94f025f,src\main\java\org\owasp\benchmark\testcode\BenchmarkTest00386.java,expectedresults-1.2.csv,xss,non_vulnerable,case_level,GET_delegates_to_POST,parameter,/xss-00/BenchmarkTest00386,BenchmarkTest00386,text/html;charset=UTF-8,none_identified,cwe-79,not_identified,not_identified,true,DIRECT,FINAL_CONFIRMATORY_ELIGIBLE,,,not_applicable,current_marker_control_likely_sufficient,current_marker_control,current,,true,true,metadata_constructed,benchmark_case_id;source_file;java_class_name;servlet_route;vulnerability_label;expected_result;parameter,true,ox14-c000053,/external-v14/case-000053,input_000053,opaque_candidate_id;sanitized_action_path;method;sanitized_parameter_name;input_source;input_type;editable_input_count;required_input_count;parameter_count,benchmark_case_id;source_file;java_class_name;servlet_name;vulnerability_label;expected_result;ground_truth,,audited,
BenchmarkTest00387,OWASP Benchmark Java,1.2,ba2e3f9a29fa3bde6a5c073d679393c9b94f025f,src\main\java\org\owasp\benchmark\testcode\BenchmarkTest00387.java,expectedresults-1.2.csv,xss,vulnerable,case_level,GET_delegates_to_POST,parameter,/xss-00/BenchmarkTest00387,BenchmarkTest00387,text/html;charset=UTF-8,none_identified,cwe-79,not_identified,not_identified,true,DIRECT,FINAL_CONFIRMATORY_ELIGIBLE,,,not_applicable,current_marker_control_likely_sufficient,current_marker_control,current,,true,true,metadata_constructed,benchmark_case_id;source_file;java_class_name;servlet_route;vulnerability_label;expected_result;parameter,true,ox14-c000054,/external-v14/case-000054,input_000054,opaque_candidate_id;sanitized_action_path;method;sanitized_parameter_name;input_source;input_type;editable_input_count;required_input_count;parameter_count,benchmark_case_id;source_file;java_class_name;servlet_name;vulnerability_label;expected_result;ground_truth,,audited,
BenchmarkTest00388,OWASP Benchmark Java,1.2,ba2e3f9a29fa3bde6a5c073d679393c9b94f025f,src\main\java\org\owasp\benchmark\testcode\BenchmarkTest00388.java,expectedresults-1.2.csv,xss,vulnerable,case_level,GET_delegates_to_POST,parameter,/xss-00/BenchmarkTest00388,BenchmarkTest00388,text/html;charset=UTF-8,none_identified,cwe-79,not_identified,not_identified,true,DIRECT,FINAL_CONFIRMATORY_ELIGIBLE,,,not_applicable,current_marker_control_likely_sufficient,current_marker_control,current,,true,true,metadata_constructed,benchmark_case_id;source_file;java_class_name;servlet_route;vulnerability_label;expected_result;parameter,true,ox14-c000055,/external-v14/case-000055,input_000055,opaque_candidate_id;sanitized_action_path;method;sanitized_parameter_name;input_source;input_type;editable_input_count;required_input_count;parameter_count,benchmark_case_id;source_file;java_class_name;servlet_name;vulnerability_label;expected_result;ground_truth,,audited,
BenchmarkTest00389,OWASP Benchmark Java,1.2,ba2e3f9a29fa3bde6a5c073d679393c9b94f025f,src\main\java\org\owasp\benchmark\testcode\BenchmarkTest00389.java,expectedresults-1.2.csv,xss,non_vulnerable,case_level,GET_delegates_to_POST,parameter,/xss-00/BenchmarkTest00389,BenchmarkTest00389,text/html;charset=UTF-8,html_encoding;string_escape_utils,cwe-79,not_identified,not_identified,true,DIRECT,FINAL_CONFIRMATORY_ELIGIBLE,,,not_applicable,current_marker_control_likely_sufficient,current_marker_control,current,,true,true,metadata_constructed,benchmark_case_id;source_file;java_class_name;servlet_route;vulnerability_label;expected_result;parameter,true,ox14-c000056,/external-v14/case-000056,input_000056,opaque_candidate_id;sanitized_action_path;method;sanitized_parameter_name;input_source;input_type;editable_input_count;required_input_count;parameter_count,benchmark_case_id;source_file;java_class_name;servlet_name;vulnerability_label;expected_result;ground_truth,,audited,
BenchmarkTest00390,OWASP Benchmark Java,1.2,ba2e3f9a29fa3bde6a5c073d679393c9b94f025f,src\main\java\org\owasp\benchmark\testcode\BenchmarkTest00390.java,expectedresults-1.2.csv,xss,vulnerable,case_level,GET_delegates_to_POST,parameter,/xss-00/BenchmarkTest00390,BenchmarkTest00390,text/html;charset=UTF-8,base64_transform,cwe-79,not_identified,not_identified,true,DIRECT,FINAL_CONFIRMATORY_ELIGIBLE,,,not_applicable,current_marker_control_likely_sufficient,current_marker_control,current,,true,true,metadata_constructed,benchmark_case_id;source_file;java_class_name;servlet_route;vulnerability_label;expected_result;parameter,true,ox14-c000057,/external-v14/case-000057,input_000057,opaque_candidate_id;sanitized_action_path;method;sanitized_parameter_name;input_source;input_type;editable_input_count;required_input_count;parameter_count,benchmark_case_id;source_file;java_class_name;servlet_name;vulnerability_label;expected_result;ground_truth,,audited,
BenchmarkTest00391,OWASP Benchmark Java,1.2,ba2e3f9a29fa3bde6a5c073d679393c9b94f025f,src\main\java\org\owasp\benchmark\testcode\BenchmarkTest00391.java,expectedresults-1.2.csv,xss,non_vulnerable,case_level,GET_delegates_to_POST,parameter,/xss-00/BenchmarkTest00391,BenchmarkTest00391,text/html;charset=UTF-8,html_encoding,cwe-79,not_identified,not_identified,true,DIRECT,FINAL_CONFIRMATORY_ELIGIBLE,,,not_applicable,current_marker_control_likely_sufficient,current_marker_control,current,,true,true,metadata_constructed,benchmark_case_id;source_file;java_class_name;servlet_route;vulnerability_label;expected_result;parameter,true,ox14-c000058,/external-v14/case-000058,input_000058,opaque_candidate_id;sanitized_action_path;method;sanitized_parameter_name;input_source;input_type;editable_input_count;required_input_count;parameter_count,benchmark_case_id;source_file;java_class_name;servlet_name;vulnerability_label;expected_result;ground_truth,,audited,
BenchmarkTest00392,OWASP Benchmark Java,1.2,ba2e3f9a29fa3bde6a5c073d679393c9b94f025f,src\main\java\org\owasp\benchmark\testcode\BenchmarkTest00392.java,expectedresults-1.2.csv,xss,vulnerable,case_level,GET_delegates_to_POST,parameter,/xss-00/BenchmarkTest00392,BenchmarkTest00392,text/html;charset=UTF-8,none_identified,cwe-79,not_identified,not_identified,true,DIRECT,FINAL_CONFIRMATORY_ELIGIBLE,,,not_applicable,current_marker_control_likely_sufficient,current_marker_control,current,,true,true,metadata_constructed,benchmark_case_id;source_file;java_class_name;servlet_route;vulnerability_label;expected_result;parameter,true,ox14-c000059,/external-v14/case-000059,input_000059,opaque_candidate_id;sanitized_action_path;method;sanitized_parameter_name;input_source;input_type;editable_input_count;required_input_count;parameter_count,benchmark_case_id;source_file;java_class_name;servlet_name;vulnerability_label;expected_result;ground_truth,,audited,
BenchmarkTest00393,OWASP Benchmark Java,1.2,ba2e3f9a29fa3bde6a5c073d679393c9b94f025f,src\main\java\org\owasp\benchmark\testcode\BenchmarkTest00393.java,expectedresults-1.2.csv,xss,non_vulnerable,case_level,GET_delegates_to_POST,parameter,/xss-00/BenchmarkTest00393,BenchmarkTest00393,text/html;charset=UTF-8,none_identified,cwe-79,not_identified,not_identified,true,DIRECT,FINAL_CONFIRMATORY_ELIGIBLE,,,not_applicable,current_marker_control_likely_sufficient,current_marker_control,current,,true,true,metadata_constructed,benchmark_case_id;source_file;java_class_name;servlet_route;vulnerability_label;expected_result;parameter,true,ox14-c000060,/external-v14/case-000060,input_000060,opaque_candidate_id;sanitized_action_path;method;sanitized_parameter_name;input_source;input_type;editable_input_count;required_input_count;parameter_count,benchmark_case_id;source_file;java_class_name;servlet_name;vulnerability_label;expected_result;ground_truth,,audited,
BenchmarkTest00394,OWASP Benchmark Java,1.2,ba2e3f9a29fa3bde6a5c073d679393c9b94f025f,src\main\java\org\owasp\benchmark\testcode\BenchmarkTest00394.java,expectedresults-1.2.csv,xss,non_vulnerable,case_level,GET_delegates_to_POST,parameter,/xss-00/BenchmarkTest00394,BenchmarkTest00394,text/html;charset=UTF-8,none_identified,cwe-79,not_identified,not_identified,true,DIRECT,FINAL_CONFIRMATORY_ELIGIBLE,,,not_applicable,current_marker_control_likely_sufficient,current_marker_control,current,,true,true,metadata_constructed,benchmark_case_id;source_file;java_class_name;servlet_route;vulnerability_label;expected_result;parameter,true,ox14-c000061,/external-v14/case-000061,input_000061,opaque_candidate_id;sanitized_action_path;method;sanitized_parameter_name;input_source;input_type;editable_input_count;required_input_count;parameter_count,benchmark_case_id;source_file;java_class_name;servlet_name;vulnerability_label;expected_result;ground_truth,,audited,
BenchmarkTest00395,OWASP Benchmark Java,1.2,ba2e3f9a29fa3bde6a5c073d679393c9b94f025f,src\main\java\org\owasp\benchmark\testcode\BenchmarkTest00395.java,expectedresults-1.2.csv,xss,vulnerable,case_level,GET_delegates_to_POST,parameter,/xss-00/BenchmarkTest00395,BenchmarkTest00395,text/html;charset=UTF-8,none_identified,cwe-79,not_identified,not_identified,true,DIRECT,FINAL_CONFIRMATORY_ELIGIBLE,,,not_applicable,current_marker_control_likely_sufficient,current_marker_control,current,,true,true,metadata_constructed,benchmark_case_id;source_file;java_class_name;servlet_route;vulnerability_label;expected_result;parameter,true,ox14-c000062,/external-v14/case-000062,input_000062,opaque_candidate_id;sanitized_action_path;method;sanitized_parameter_name;input_source;input_type;editable_input_count;required_input_count;parameter_count,benchmark_case_id;source_file;java_class_name;servlet_name;vulnerability_label;expected_result;ground_truth,,audited,
BenchmarkTest00467,OWASP Benchmark Java,1.2,ba2e3f9a29fa3bde6a5c073d679393c9b94f025f,src\main\java\org\owasp\benchmark\testcode\BenchmarkTest00467.java,expectedresults-1.2.csv,xss,vulnerable,case_level,GET_delegates_to_POST,parameter_map,/xss-00/BenchmarkTest00467,BenchmarkTest00467,text/html;charset=UTF-8,none_identified,cwe-79,not_identified,not_identified,true,DIRECT,FINAL_CONFIRMATORY_ELIGIBLE,,,not_applicable,current_marker_control_likely_sufficient,current_marker_control,current,,true,true,metadata_constructed,benchmark_case_id;source_file;java_class_name;servlet_route;vulnerability_label;expected_result;parameter,true,ox14-c000063,/external-v14/case-000063,input_000063,opaque_candidate_id;sanitized_action_path;method;sanitized_parameter_name;input_source;input_type;editable_input_count;required_input_count;parameter_count,benchmark_case_id;source_file;java_class_name;servlet_name;vulnerability_label;expected_result;ground_truth,,audited,
BenchmarkTest00468,OWASP Benchmark Java,1.2,ba2e3f9a29fa3bde6a5c073d679393c9b94f025f,src\main\java\org\owasp\benchmark\testcode\BenchmarkTest00468.java,expectedresults-1.2.csv,xss,non_vulnerable,case_level,GET_delegates_to_POST,parameter_map,/xss-00/BenchmarkTest00468,BenchmarkTest00468,text/html;charset=UTF-8,none_identified,cwe-79,not_identified,not_identified,true,DIRECT,FINAL_CONFIRMATORY_ELIGIBLE,,,not_applicable,current_marker_control_likely_sufficient,current_marker_control,current,,true,true,metadata_constructed,benchmark_case_id;source_file;java_class_name;servlet_route;vulnerability_label;expected_result;parameter,true,ox14-c000064,/external-v14/case-000064,input_000064,opaque_candidate_id;sanitized_action_path;method;sanitized_parameter_name;input_source;input_type;editable_input_count;required_input_count;parameter_count,benchmark_case_id;source_file;java_class_name;servlet_name;vulnerability_label;expected_result;ground_truth,,audited,
BenchmarkTest00469,OWASP Benchmark Java,1.2,ba2e3f9a29fa3bde6a5c073d679393c9b94f025f,src\main\java\org\owasp\benchmark\testcode\BenchmarkTest00469.java,expectedresults-1.2.csv,xss,non_vulnerable,case_level,GET_delegates_to_POST,parameter_map,/xss-00/BenchmarkTest00469,BenchmarkTest00469,text/html;charset=UTF-8,none_identified,cwe-79,not_identified,not_identified,true,DIRECT,FINAL_CONFIRMATORY_ELIGIBLE,,,not_applicable,current_marker_control_likely_sufficient,current_marker_control,current,,true,true,metadata_constructed,benchmark_case_id;source_file;java_class_name;servlet_route;vulnerability_label;expected_result;parameter,true,ox14-c000065,/external-v14/case-000065,input_000065,opaque_candidate_id;sanitized_action_path;method;sanitized_parameter_name;input_source;input_type;editable_input_count;required_input_count;parameter_count,benchmark_case_id;source_file;java_class_name;servlet_name;vulnerability_label;expected_result;ground_truth,,audited,
BenchmarkTest00470,OWASP Benchmark Java,1.2,ba2e3f9a29fa3bde6a5c073d679393c9b94f025f,src\main\java\org\owasp\benchmark\testcode\BenchmarkTest00470.java,expectedresults-1.2.csv,xss,non_vulnerable,case_level,GET_delegates_to_POST,parameter_map,/xss-00/BenchmarkTest00470,BenchmarkTest00470,text/html;charset=UTF-8,base64_transform,cwe-79,not_identified,not_identified,true,DIRECT,FINAL_CONFIRMATORY_ELIGIBLE,,,not_applicable,current_marker_control_likely_sufficient,current_marker_control,current,,true,true,metadata_constructed,benchmark_case_id;source_file;java_class_name;servlet_route;vulnerability_label;expected_result;parameter,true,ox14-c000066,/external-v14/case-000066,input_000066,opaque_candidate_id;sanitized_action_path;method;sanitized_parameter_name;input_source;input_type;editable_input_count;required_input_count;parameter_count,benchmark_case_id;source_file;java_class_name;servlet_name;vulnerability_label;expected_result;ground_truth,,audited,
BenchmarkTest00471,OWASP Benchmark Java,1.2,ba2e3f9a29fa3bde6a5c073d679393c9b94f025f,src\main\java\org\owasp\benchmark\testcode\BenchmarkTest00471.java,expectedresults-1.2.csv,xss,non_vulnerable,case_level,GET_delegates_to_POST,parameter_map,/xss-00/BenchmarkTest00471,BenchmarkTest00471,text/html;charset=UTF-8,none_identified,cwe-79,not_identified,not_identified,true,DIRECT,FINAL_CONFIRMATORY_ELIGIBLE,,,not_applicable,current_marker_control_likely_sufficient,current_marker_control,current,,true,true,metadata_constructed,benchmark_case_id;source_file;java_class_name;servlet_route;vulnerability_label;expected_result;parameter,true,ox14-c000067,/external-v14/case-000067,input_000067,opaque_candidate_id;sanitized_action_path;method;sanitized_parameter_name;input_source;input_type;editable_input_count;required_input_count;parameter_count,benchmark_case_id;source_file;java_class_name;servlet_name;vulnerability_label;expected_result;ground_truth,,audited,
BenchmarkTest00472,OWASP Benchmark Java,1.2,ba2e3f9a29fa3bde6a5c073d679393c9b94f025f,src\main\java\org\owasp\benchmark\testcode\BenchmarkTest00472.java,expectedresults-1.2.csv,xss,vulnerable,case_level,GET_delegates_to_POST,parameter_map,/xss-00/BenchmarkTest00472,BenchmarkTest00472,text/html;charset=UTF-8,none_identified,cwe-79,not_identified,not_identified,true,DIRECT,FINAL_CONFIRMATORY_ELIGIBLE,,,not_applicable,current_marker_control_likely_sufficient,current_marker_control,current,,true,true,metadata_constructed,benchmark_case_id;source_file;java_class_name;servlet_route;vulnerability_label;expected_result;parameter,true,ox14-c000068,/external-v14/case-000068,input_000068,opaque_candidate_id;sanitized_action_path;method;sanitized_parameter_name;input_source;input_type;editable_input_count;required_input_count;parameter_count,benchmark_case_id;source_file;java_class_name;servlet_name;vulnerability_label;expected_result;ground_truth,,audited,
BenchmarkTest00473,OWASP Benchmark Java,1.2,ba2e3f9a29fa3bde6a5c073d679393c9b94f025f,src\main\java\org\owasp\benchmark\testcode\BenchmarkTest00473.java,expectedresults-1.2.csv,xss,vulnerable,case_level,GET_delegates_to_POST,parameter_map,/xss-00/BenchmarkTest00473,BenchmarkTest00473,text/html;charset=UTF-8,base64_transform,cwe-79,not_identified,not_identified,true,DIRECT,FINAL_CONFIRMATORY_ELIGIBLE,,,not_applicable,current_marker_control_likely_sufficient,current_marker_control,current,,true,true,metadata_constructed,benchmark_case_id;source_file;java_class_name;servlet_route;vulnerability_label;expected_result;parameter,true,ox14-c000069,/external-v14/case-000069,input_000069,opaque_candidate_id;sanitized_action_path;method;sanitized_parameter_name;input_source;input_type;editable_input_count;required_input_count;parameter_count,benchmark_case_id;source_file;java_class_name;servlet_name;vulnerability_label;expected_result;ground_truth,,audited,
BenchmarkTest00474,OWASP Benchmark Java,1.2,ba2e3f9a29fa3bde6a5c073d679393c9b94f025f,src\main\java\org\owasp\benchmark\testcode\BenchmarkTest00474.java,expectedresults-1.2.csv,xss,non_vulnerable,case_level,GET_delegates_to_POST,parameter_map,/xss-00/BenchmarkTest00474,BenchmarkTest00474,text/html;charset=UTF-8,none_identified,cwe-79,not_identified,not_identified,true,DIRECT,FINAL_CONFIRMATORY_ELIGIBLE,,,not_applicable,current_marker_control_likely_sufficient,current_marker_control,current,,true,true,metadata_constructed,benchmark_case_id;source_file;java_class_name;servlet_route;vulnerability_label;expected_result;parameter,true,ox14-c000070,/external-v14/case-000070,input_000070,opaque_candidate_id;sanitized_action_path;method;sanitized_parameter_name;input_source;input_type;editable_input_count;required_input_count;parameter_count,benchmark_case_id;source_file;java_class_name;servlet_name;vulnerability_label;expected_result;ground_truth,,audited,
BenchmarkTest00475,OWASP Benchmark Java,1.2,ba2e3f9a29fa3bde6a5c073d679393c9b94f025f,src\main\java\org\owasp\benchmark\testcode\BenchmarkTest00475.java,expectedresults-1.2.csv,xss,vulnerable,case_level,GET_delegates_to_POST,parameter_map,/xss-00/BenchmarkTest00475,BenchmarkTest00475,text/html;charset=UTF-8,none_identified,cwe-79,not_identified,not_identified,true,DIRECT,FINAL_CONFIRMATORY_ELIGIBLE,,,not_applicable,current_marker_control_likely_sufficient,current_marker_control,current,,true,true,metadata_constructed,benchmark_case_id;source_file;java_class_name;servlet_route;vulnerability_label;expected_result;parameter,true,ox14-c000071,/external-v14/case-000071,input_000071,opaque_candidate_id;sanitized_action_path;method;sanitized_parameter_name;input_source;input_type;editable_input_count;required_input_count;parameter_count,benchmark_case_id;source_file;java_class_name;servlet_name;vulnerability_label;expected_result;ground_truth,,audited,
BenchmarkTest00476,OWASP Benchmark Java,1.2,ba2e3f9a29fa3bde6a5c073d679393c9b94f025f,src\main\java\org\owasp\benchmark\testcode\BenchmarkTest00476.java,expectedresults-1.2.csv,xss,non_vulnerable,case_level,GET_delegates_to_POST,parameter_map,/xss-00/BenchmarkTest00476,BenchmarkTest00476,text/html;charset=UTF-8,none_identified,cwe-79,not_identified,not_identified,true,DIRECT,FINAL_CONFIRMATORY_ELIGIBLE,,,not_applicable,current_marker_control_likely_sufficient,current_marker_control,current,,true,true,metadata_constructed,benchmark_case_id;source_file;java_class_name;servlet_route;vulnerability_label;expected_result;parameter,true,ox14-c000072,/external-v14/case-000072,input_000072,opaque_candidate_id;sanitized_action_path;method;sanitized_parameter_name;input_source;input_type;editable_input_count;required_input_count;parameter_count,benchmark_case_id;source_file;java_class_name;servlet_name;vulnerability_label;expected_result;ground_truth,,audited,
BenchmarkTest00477,OWASP Benchmark Java,1.2,ba2e3f9a29fa3bde6a5c073d679393c9b94f025f,src\main\java\org\owasp\benchmark\testcode\BenchmarkTest00477.java,expectedresults-1.2.csv,xss,vulnerable,case_level,GET_delegates_to_POST,parameter_map,/xss-00/BenchmarkTest00477,BenchmarkTest00477,text/html;charset=UTF-8,none_identified,cwe-79,not_identified,not_identified,true,DIRECT,FINAL_CONFIRMATORY_ELIGIBLE,,,not_applicable,current_marker_control_likely_sufficient,current_marker_control,current,,true,true,metadata_constructed,benchmark_case_id;source_file;java_class_name;servlet_route;vulnerability_label;expected_result;parameter,true,ox14-c000073,/external-v14/case-000073,input_000073,opaque_candidate_id;sanitized_action_path;method;sanitized_parameter_name;input_source;input_type;editable_input_count;required_input_count;parameter_count,benchmark_case_id;source_file;java_class_name;servlet_name;vulnerability_label;expected_result;ground_truth,,audited,
BenchmarkTest00478,OWASP Benchmark Java,1.2,ba2e3f9a29fa3bde6a5c073d679393c9b94f025f,src\main\java\org\owasp\benchmark\testcode\BenchmarkTest00478.java,expectedresults-1.2.csv,xss,vulnerable,case_level,GET_delegates_to_POST,parameter_map,/xss-00/BenchmarkTest00478,BenchmarkTest00478,text/html;charset=UTF-8,base64_transform,cwe-79,not_identified,not_identified,true,DIRECT,FINAL_CONFIRMATORY_ELIGIBLE,,,not_applicable,current_marker_control_likely_sufficient,current_marker_control,current,,true,true,metadata_constructed,benchmark_case_id;source_file;java_class_name;servlet_route;vulnerability_label;expected_result;parameter,true,ox14-c000074,/external-v14/case-000074,input_000074,opaque_candidate_id;sanitized_action_path;method;sanitized_parameter_name;input_source;input_type;editable_input_count;required_input_count;parameter_count,benchmark_case_id;source_file;java_class_name;servlet_name;vulnerability_label;expected_result;ground_truth,,audited,
BenchmarkTest00479,OWASP Benchmark Java,1.2,ba2e3f9a29fa3bde6a5c073d679393c9b94f025f,src\main\java\org\owasp\benchmark\testcode\BenchmarkTest00479.java,expectedresults-1.2.csv,xss,non_vulnerable,case_level,GET_delegates_to_POST,parameter_map,/xss-00/BenchmarkTest00479,BenchmarkTest00479,text/html;charset=UTF-8,html_encoding,cwe-79,not_identified,not_identified,true,DIRECT,FINAL_CONFIRMATORY_ELIGIBLE,,,not_applicable,current_marker_control_likely_sufficient,current_marker_control,current,,true,true,metadata_constructed,benchmark_case_id;source_file;java_class_name;servlet_route;vulnerability_label;expected_result;parameter,true,ox14-c000075,/external-v14/case-000075,input_000075,opaque_candidate_id;sanitized_action_path;method;sanitized_parameter_name;input_source;input_type;editable_input_count;required_input_count;parameter_count,benchmark_case_id;source_file;java_class_name;servlet_name;vulnerability_label;expected_result;ground_truth,,audited,
BenchmarkTest00492,OWASP Benchmark Java,1.2,ba2e3f9a29fa3bde6a5c073d679393c9b94f025f,src\main\java\org\owasp\benchmark\testcode\BenchmarkTest00492.java,expectedresults-1.2.csv,xss,vulnerable,case_level,GET_delegates_to_POST,parameter_map,/xss-00/BenchmarkTest00492,BenchmarkTest00492,text/html;charset=UTF-8,none_identified,cwe-79,not_identified,not_identified,true,DIRECT,FINAL_CONFIRMATORY_ELIGIBLE,,,not_applicable,current_marker_control_likely_sufficient,current_marker_control,current,,true,true,metadata_constructed,benchmark_case_id;source_file;java_class_name;servlet_route;vulnerability_label;expected_result;parameter,true,ox14-c000076,/external-v14/case-000076,input_000076,opaque_candidate_id;sanitized_action_path;method;sanitized_parameter_name;input_source;input_type;editable_input_count;required_input_count;parameter_count,benchmark_case_id;source_file;java_class_name;servlet_name;vulnerability_label;expected_result;ground_truth,,audited,
BenchmarkTest00493,OWASP Benchmark Java,1.2,ba2e3f9a29fa3bde6a5c073d679393c9b94f025f,src\main\java\org\owasp\benchmark\testcode\BenchmarkTest00493.java,expectedresults-1.2.csv,xss,non_vulnerable,case_level,GET_delegates_to_POST,parameter_map,/xss-00/BenchmarkTest00493,BenchmarkTest00493,text/html;charset=UTF-8,none_identified,cwe-79,not_identified,not_identified,true,DIRECT,FINAL_CONFIRMATORY_ELIGIBLE,,,not_applicable,current_marker_control_likely_sufficient,current_marker_control,current,,true,true,metadata_constructed,benchmark_case_id;source_file;java_class_name;servlet_route;vulnerability_label;expected_result;parameter,true,ox14-c000077,/external-v14/case-000077,input_000077,opaque_candidate_id;sanitized_action_path;method;sanitized_parameter_name;input_source;input_type;editable_input_count;required_input_count;parameter_count,benchmark_case_id;source_file;java_class_name;servlet_name;vulnerability_label;expected_result;ground_truth,,audited,
BenchmarkTest00541,OWASP Benchmark Java,1.2,ba2e3f9a29fa3bde6a5c073d679393c9b94f025f,src\main\java\org\owasp\benchmark\testcode\BenchmarkTest00541.java,expectedresults-1.2.csv,xss,vulnerable,case_level,GET_delegates_to_POST,parameter_name_enumeration,/xss-00/BenchmarkTest00541,dynamic_parameter_name,text/html;charset=UTF-8,base64_transform,cwe-79,not_identified,not_identified,false,ADAPTER_SUPPORTED,FINAL_CONFIRMATORY_ELIGIBLE,current_candidate_transport_does_not_support_parameter_name_enumeration,parameter_name_value_adapter,false,current_marker_control_likely_sufficient,current_marker_control,required_extension,dynamic_parameter_name_and_value_transport,true,true,metadata_constructed,benchmark_case_id;source_file;java_class_name;servlet_route;vulnerability_label;expected_result;parameter,true,ox14-c000078,/external-v14/case-000078,input_000078,opaque_candidate_id;sanitized_action_path;method;sanitized_parameter_name;input_source;input_type;editable_input_count;required_input_count;parameter_count,benchmark_case_id;source_file;java_class_name;servlet_name;vulnerability_label;expected_result;ground_truth,,audited,dynamic parameter-name/value enumeration
BenchmarkTest00542,OWASP Benchmark Java,1.2,ba2e3f9a29fa3bde6a5c073d679393c9b94f025f,src\main\java\org\owasp\benchmark\testcode\BenchmarkTest00542.java,expectedresults-1.2.csv,xss,vulnerable,case_level,GET_delegates_to_POST,parameter_name_enumeration,/xss-00/BenchmarkTest00542,dynamic_parameter_name,text/html;charset=UTF-8,none_identified,cwe-79,not_identified,not_identified,false,ADAPTER_SUPPORTED,FINAL_CONFIRMATORY_ELIGIBLE,current_candidate_transport_does_not_support_parameter_name_enumeration,parameter_name_value_adapter,false,current_marker_control_likely_sufficient,current_marker_control,required_extension,dynamic_parameter_name_and_value_transport,true,true,metadata_constructed,benchmark_case_id;source_file;java_class_name;servlet_route;vulnerability_label;expected_result;parameter,true,ox14-c000079,/external-v14/case-000079,input_000079,opaque_candidate_id;sanitized_action_path;method;sanitized_parameter_name;input_source;input_type;editable_input_count;required_input_count;parameter_count,benchmark_case_id;source_file;java_class_name;servlet_name;vulnerability_label;expected_result;ground_truth,,audited,dynamic parameter-name/value enumeration
BenchmarkTest00543,OWASP Benchmark Java,1.2,ba2e3f9a29fa3bde6a5c073d679393c9b94f025f,src\main\java\org\owasp\benchmark\testcode\BenchmarkTest00543.java,expectedresults-1.2.csv,xss,vulnerable,case_level,GET_delegates_to_POST,parameter_name_enumeration,/xss-00/BenchmarkTest00543,dynamic_parameter_name,text/html;charset=UTF-8,none_identified,cwe-79,not_identified,not_identified,false,ADAPTER_SUPPORTED,READINESS_ONLY,current_candidate_transport_does_not_support_parameter_name_enumeration,parameter_name_value_adapter,false,current_marker_control_likely_sufficient,current_marker_control,required_extension,dynamic_parameter_name_and_value_transport,true,true,metadata_constructed,benchmark_case_id;source_file;java_class_name;servlet_route;vulnerability_label;expected_result;parameter,true,ox14-c000080,/external-v14/case-000080,input_000080,opaque_candidate_id;sanitized_action_path;method;sanitized_parameter_name;input_source;input_type;editable_input_count;required_input_count;parameter_count,benchmark_case_id;source_file;java_class_name;servlet_name;vulnerability_label;expected_result;ground_truth,,audited,dynamic parameter-name/value enumeration
BenchmarkTest00544,OWASP Benchmark Java,1.2,ba2e3f9a29fa3bde6a5c073d679393c9b94f025f,src\main\java\org\owasp\benchmark\testcode\BenchmarkTest00544.java,expectedresults-1.2.csv,xss,non_vulnerable,case_level,GET_delegates_to_POST,parameter_name_enumeration,/xss-01/BenchmarkTest00544,dynamic_parameter_name,text/html;charset=UTF-8,none_identified,cwe-79,not_identified,not_identified,false,ADAPTER_SUPPORTED,FINAL_CONFIRMATORY_ELIGIBLE,current_candidate_transport_does_not_support_parameter_name_enumeration,parameter_name_value_adapter,false,current_marker_control_likely_sufficient,current_marker_control,required_extension,dynamic_parameter_name_and_value_transport,true,true,metadata_constructed,benchmark_case_id;source_file;java_class_name;servlet_route;vulnerability_label;expected_result;parameter,true,ox14-c000081,/external-v14/case-000081,input_000081,opaque_candidate_id;sanitized_action_path;method;sanitized_parameter_name;input_source;input_type;editable_input_count;required_input_count;parameter_count,benchmark_case_id;source_file;java_class_name;servlet_name;vulnerability_label;expected_result;ground_truth,,audited,dynamic parameter-name/value enumeration
BenchmarkTest00545,OWASP Benchmark Java,1.2,ba2e3f9a29fa3bde6a5c073d679393c9b94f025f,src\main\java\org\owasp\benchmark\testcode\BenchmarkTest00545.java,expectedresults-1.2.csv,xss,non_vulnerable,case_level,GET_delegates_to_POST,parameter_name_enumeration,/xss-01/BenchmarkTest00545,dynamic_parameter_name,text/html;charset=UTF-8,base64_transform,cwe-79,not_identified,not_identified,false,ADAPTER_SUPPORTED,FINAL_CONFIRMATORY_ELIGIBLE,current_candidate_transport_does_not_support_parameter_name_enumeration,parameter_name_value_adapter,false,current_marker_control_likely_sufficient,current_marker_control,required_extension,dynamic_parameter_name_and_value_transport,true,true,metadata_constructed,benchmark_case_id;source_file;java_class_name;servlet_route;vulnerability_label;expected_result;parameter,true,ox14-c000082,/external-v14/case-000082,input_000082,opaque_candidate_id;sanitized_action_path;method;sanitized_parameter_name;input_source;input_type;editable_input_count;required_input_count;parameter_count,benchmark_case_id;source_file;java_class_name;servlet_name;vulnerability_label;expected_result;ground_truth,,audited,dynamic parameter-name/value enumeration
BenchmarkTest00546,OWASP Benchmark Java,1.2,ba2e3f9a29fa3bde6a5c073d679393c9b94f025f,src\main\java\org\owasp\benchmark\testcode\BenchmarkTest00546.java,expectedresults-1.2.csv,xss,non_vulnerable,case_level,GET_delegates_to_POST,parameter_name_enumeration,/xss-01/BenchmarkTest00546,dynamic_parameter_name,text/html;charset=UTF-8,none_identified,cwe-79,not_identified,not_identified,false,ADAPTER_SUPPORTED,FINAL_CONFIRMATORY_ELIGIBLE,current_candidate_transport_does_not_support_parameter_name_enumeration,parameter_name_value_adapter,false,current_marker_control_likely_sufficient,current_marker_control,required_extension,dynamic_parameter_name_and_value_transport,true,true,metadata_constructed,benchmark_case_id;source_file;java_class_name;servlet_route;vulnerability_label;expected_result;parameter,true,ox14-c000083,/external-v14/case-000083,input_000083,opaque_candidate_id;sanitized_action_path;method;sanitized_parameter_name;input_source;input_type;editable_input_count;required_input_count;parameter_count,benchmark_case_id;source_file;java_class_name;servlet_name;vulnerability_label;expected_result;ground_truth,,audited,dynamic parameter-name/value enumeration
BenchmarkTest00547,OWASP Benchmark Java,1.2,ba2e3f9a29fa3bde6a5c073d679393c9b94f025f,src\main\java\org\owasp\benchmark\testcode\BenchmarkTest00547.java,expectedresults-1.2.csv,xss,vulnerable,case_level,GET_delegates_to_POST,parameter_name_enumeration,/xss-01/BenchmarkTest00547,dynamic_parameter_name,text/html;charset=UTF-8,none_identified,cwe-79,not_identified,not_identified,false,ADAPTER_SUPPORTED,FINAL_CONFIRMATORY_ELIGIBLE,current_candidate_transport_does_not_support_parameter_name_enumeration,parameter_name_value_adapter,false,current_marker_control_likely_sufficient,current_marker_control,required_extension,dynamic_parameter_name_and_value_transport,true,true,metadata_constructed,benchmark_case_id;source_file;java_class_name;servlet_route;vulnerability_label;expected_result;parameter,true,ox14-c000084,/external-v14/case-000084,input_000084,opaque_candidate_id;sanitized_action_path;method;sanitized_parameter_name;input_source;input_type;editable_input_count;required_input_count;parameter_count,benchmark_case_id;source_file;java_class_name;servlet_name;vulnerability_label;expected_result;ground_truth,,audited,dynamic parameter-name/value enumeration
BenchmarkTest00548,OWASP Benchmark Java,1.2,ba2e3f9a29fa3bde6a5c073d679393c9b94f025f,src\main\java\org\owasp\benchmark\testcode\BenchmarkTest00548.java,expectedresults-1.2.csv,xss,non_vulnerable,case_level,GET_delegates_to_POST,parameter_name_enumeration,/xss-01/BenchmarkTest00548,dynamic_parameter_name,text/html;charset=UTF-8,base64_transform,cwe-79,not_identified,not_identified,false,ADAPTER_SUPPORTED,FINAL_CONFIRMATORY_ELIGIBLE,current_candidate_transport_does_not_support_parameter_name_enumeration,parameter_name_value_adapter,false,current_marker_control_likely_sufficient,current_marker_control,required_extension,dynamic_parameter_name_and_value_transport,true,true,metadata_constructed,benchmark_case_id;source_file;java_class_name;servlet_route;vulnerability_label;expected_result;parameter,true,ox14-c000085,/external-v14/case-000085,input_000085,opaque_candidate_id;sanitized_action_path;method;sanitized_parameter_name;input_source;input_type;editable_input_count;required_input_count;parameter_count,benchmark_case_id;source_file;java_class_name;servlet_name;vulnerability_label;expected_result;ground_truth,,audited,dynamic parameter-name/value enumeration
BenchmarkTest00549,OWASP Benchmark Java,1.2,ba2e3f9a29fa3bde6a5c073d679393c9b94f025f,src\main\java\org\owasp\benchmark\testcode\BenchmarkTest00549.java,expectedresults-1.2.csv,xss,vulnerable,case_level,GET_delegates_to_POST,parameter_name_enumeration,/xss-01/BenchmarkTest00549,dynamic_parameter_name,text/html;charset=UTF-8,none_identified,cwe-79,not_identified,not_identified,false,ADAPTER_SUPPORTED,FINAL_CONFIRMATORY_ELIGIBLE,current_candidate_transport_does_not_support_parameter_name_enumeration,parameter_name_value_adapter,false,current_marker_control_likely_sufficient,current_marker_control,required_extension,dynamic_parameter_name_and_value_transport,true,true,metadata_constructed,benchmark_case_id;source_file;java_class_name;servlet_route;vulnerability_label;expected_result;parameter,true,ox14-c000086,/external-v14/case-000086,input_000086,opaque_candidate_id;sanitized_action_path;method;sanitized_parameter_name;input_source;input_type;editable_input_count;required_input_count;parameter_count,benchmark_case_id;source_file;java_class_name;servlet_name;vulnerability_label;expected_result;ground_truth,,audited,dynamic parameter-name/value enumeration
BenchmarkTest00550,OWASP Benchmark Java,1.2,ba2e3f9a29fa3bde6a5c073d679393c9b94f025f,src\main\java\org\owasp\benchmark\testcode\BenchmarkTest00550.java,expectedresults-1.2.csv,xss,non_vulnerable,case_level,GET_delegates_to_POST,parameter_name_enumeration,/xss-01/BenchmarkTest00550,dynamic_parameter_name,text/html;charset=UTF-8,none_identified,cwe-79,not_identified,not_identified,false,ADAPTER_SUPPORTED,FINAL_CONFIRMATORY_ELIGIBLE,current_candidate_transport_does_not_support_parameter_name_enumeration,parameter_name_value_adapter,false,current_marker_control_likely_sufficient,current_marker_control,required_extension,dynamic_parameter_name_and_value_transport,true,true,metadata_constructed,benchmark_case_id;source_file;java_class_name;servlet_route;vulnerability_label;expected_result;parameter,true,ox14-c000087,/external-v14/case-000087,input_000087,opaque_candidate_id;sanitized_action_path;method;sanitized_parameter_name;input_source;input_type;editable_input_count;required_input_count;parameter_count,benchmark_case_id;source_file;java_class_name;servlet_name;vulnerability_label;expected_result;ground_truth,,audited,dynamic parameter-name/value enumeration
BenchmarkTest00551,OWASP Benchmark Java,1.2,ba2e3f9a29fa3bde6a5c073d679393c9b94f025f,src\main\java\org\owasp\benchmark\testcode\BenchmarkTest00551.java,expectedresults-1.2.csv,xss,vulnerable,case_level,GET_delegates_to_POST,parameter_name_enumeration,/xss-01/BenchmarkTest00551,dynamic_parameter_name,text/html;charset=UTF-8,none_identified,cwe-79,not_identified,not_identified,false,ADAPTER_SUPPORTED,FINAL_CONFIRMATORY_ELIGIBLE,current_candidate_transport_does_not_support_parameter_name_enumeration,parameter_name_value_adapter,false,current_marker_control_likely_sufficient,current_marker_control,required_extension,dynamic_parameter_name_and_value_transport,true,true,metadata_constructed,benchmark_case_id;source_file;java_class_name;servlet_route;vulnerability_label;expected_result;parameter,true,ox14-c000088,/external-v14/case-000088,input_000088,opaque_candidate_id;sanitized_action_path;method;sanitized_parameter_name;input_source;input_type;editable_input_count;required_input_count;parameter_count,benchmark_case_id;source_file;java_class_name;servlet_name;vulnerability_label;expected_result;ground_truth,,audited,dynamic parameter-name/value enumeration
BenchmarkTest00552,OWASP Benchmark Java,1.2,ba2e3f9a29fa3bde6a5c073d679393c9b94f025f,src\main\java\org\owasp\benchmark\testcode\BenchmarkTest00552.java,expectedresults-1.2.csv,xss,vulnerable,case_level,GET_delegates_to_POST,parameter_name_enumeration,/xss-01/BenchmarkTest00552,dynamic_parameter_name,text/html;charset=UTF-8,none_identified,cwe-79,not_identified,not_identified,false,ADAPTER_SUPPORTED,FINAL_CONFIRMATORY_ELIGIBLE,current_candidate_transport_does_not_support_parameter_name_enumeration,parameter_name_value_adapter,false,current_marker_control_likely_sufficient,current_marker_control,required_extension,dynamic_parameter_name_and_value_transport,true,true,metadata_constructed,benchmark_case_id;source_file;java_class_name;servlet_route;vulnerability_label;expected_result;parameter,true,ox14-c000089,/external-v14/case-000089,input_000089,opaque_candidate_id;sanitized_action_path;method;sanitized_parameter_name;input_source;input_type;editable_input_count;required_input_count;parameter_count,benchmark_case_id;source_file;java_class_name;servlet_name;vulnerability_label;expected_result;ground_truth,,audited,dynamic parameter-name/value enumeration
BenchmarkTest00553,OWASP Benchmark Java,1.2,ba2e3f9a29fa3bde6a5c073d679393c9b94f025f,src\main\java\org\owasp\benchmark\testcode\BenchmarkTest00553.java,expectedresults-1.2.csv,xss,non_vulnerable,case_level,GET_delegates_to_POST,parameter_name_enumeration,/xss-01/BenchmarkTest00553,dynamic_parameter_name,text/html;charset=UTF-8,none_identified,cwe-79,not_identified,not_identified,false,ADAPTER_SUPPORTED,FINAL_CONFIRMATORY_ELIGIBLE,current_candidate_transport_does_not_support_parameter_name_enumeration,parameter_name_value_adapter,false,current_marker_control_likely_sufficient,current_marker_control,required_extension,dynamic_parameter_name_and_value_transport,true,true,metadata_constructed,benchmark_case_id;source_file;java_class_name;servlet_route;vulnerability_label;expected_result;parameter,true,ox14-c000090,/external-v14/case-000090,input_000090,opaque_candidate_id;sanitized_action_path;method;sanitized_parameter_name;input_source;input_type;editable_input_count;required_input_count;parameter_count,benchmark_case_id;source_file;java_class_name;servlet_name;vulnerability_label;expected_result;ground_truth,,audited,dynamic parameter-name/value enumeration
BenchmarkTest00554,OWASP Benchmark Java,1.2,ba2e3f9a29fa3bde6a5c073d679393c9b94f025f,src\main\java\org\owasp\benchmark\testcode\BenchmarkTest00554.java,expectedresults-1.2.csv,xss,vulnerable,case_level,GET_delegates_to_POST,parameter_name_enumeration,/xss-01/BenchmarkTest00554,dynamic_parameter_name,text/html;charset=UTF-8,none_identified,cwe-79,not_identified,not_identified,false,ADAPTER_SUPPORTED,FINAL_CONFIRMATORY_ELIGIBLE,current_candidate_transport_does_not_support_parameter_name_enumeration,parameter_name_value_adapter,false,current_marker_control_likely_sufficient,current_marker_control,required_extension,dynamic_parameter_name_and_value_transport,true,true,metadata_constructed,benchmark_case_id;source_file;java_class_name;servlet_route;vulnerability_label;expected_result;parameter,true,ox14-c000091,/external-v14/case-000091,input_000091,opaque_candidate_id;sanitized_action_path;method;sanitized_parameter_name;input_source;input_type;editable_input_count;required_input_count;parameter_count,benchmark_case_id;source_file;java_class_name;servlet_name;vulnerability_label;expected_result;ground_truth,,audited,dynamic parameter-name/value enumeration
BenchmarkTest00555,OWASP Benchmark Java,1.2,ba2e3f9a29fa3bde6a5c073d679393c9b94f025f,src\main\java\org\owasp\benchmark\testcode\BenchmarkTest00555.java,expectedresults-1.2.csv,xss,vulnerable,case_level,GET_delegates_to_POST,parameter_name_enumeration,/xss-01/BenchmarkTest00555,dynamic_parameter_name,text/html;charset=UTF-8,none_identified,cwe-79,not_identified,not_identified,false,ADAPTER_SUPPORTED,FINAL_CONFIRMATORY_ELIGIBLE,current_candidate_transport_does_not_support_parameter_name_enumeration,parameter_name_value_adapter,false,current_marker_control_likely_sufficient,current_marker_control,required_extension,dynamic_parameter_name_and_value_transport,true,true,metadata_constructed,benchmark_case_id;source_file;java_class_name;servlet_route;vulnerability_label;expected_result;parameter,true,ox14-c000092,/external-v14/case-000092,input_000092,opaque_candidate_id;sanitized_action_path;method;sanitized_parameter_name;input_source;input_type;editable_input_count;required_input_count;parameter_count,benchmark_case_id;source_file;java_class_name;servlet_name;vulnerability_label;expected_result;ground_truth,,audited,dynamic parameter-name/value enumeration
BenchmarkTest00556,OWASP Benchmark Java,1.2,ba2e3f9a29fa3bde6a5c073d679393c9b94f025f,src\main\java\org\owasp\benchmark\testcode\BenchmarkTest00556.java,expectedresults-1.2.csv,xss,non_vulnerable,case_level,GET_delegates_to_POST,parameter_name_enumeration,/xss-01/BenchmarkTest00556,dynamic_parameter_name,text/html;charset=UTF-8,none_identified,cwe-79,not_identified,not_identified,false,ADAPTER_SUPPORTED,FINAL_CONFIRMATORY_ELIGIBLE,current_candidate_transport_does_not_support_parameter_name_enumeration,parameter_name_value_adapter,false,current_marker_control_likely_sufficient,current_marker_control,required_extension,dynamic_parameter_name_and_value_transport,true,true,metadata_constructed,benchmark_case_id;source_file;java_class_name;servlet_route;vulnerability_label;expected_result;parameter,true,ox14-c000093,/external-v14/case-000093,input_000093,opaque_candidate_id;sanitized_action_path;method;sanitized_parameter_name;input_source;input_type;editable_input_count;required_input_count;parameter_count,benchmark_case_id;source_file;java_class_name;servlet_name;vulnerability_label;expected_result;ground_truth,,audited,dynamic parameter-name/value enumeration
BenchmarkTest00557,OWASP Benchmark Java,1.2,ba2e3f9a29fa3bde6a5c073d679393c9b94f025f,src\main\java\org\owasp\benchmark\testcode\BenchmarkTest00557.java,expectedresults-1.2.csv,xss,vulnerable,case_level,GET_delegates_to_POST,parameter_name_enumeration,/xss-01/BenchmarkTest00557,dynamic_parameter_name,text/html;charset=UTF-8,none_identified,cwe-79,not_identified,not_identified,false,ADAPTER_SUPPORTED,FINAL_CONFIRMATORY_ELIGIBLE,current_candidate_transport_does_not_support_parameter_name_enumeration,parameter_name_value_adapter,false,current_marker_control_likely_sufficient,current_marker_control,required_extension,dynamic_parameter_name_and_value_transport,true,true,metadata_constructed,benchmark_case_id;source_file;java_class_name;servlet_route;vulnerability_label;expected_result;parameter,true,ox14-c000094,/external-v14/case-000094,input_000094,opaque_candidate_id;sanitized_action_path;method;sanitized_parameter_name;input_source;input_type;editable_input_count;required_input_count;parameter_count,benchmark_case_id;source_file;java_class_name;servlet_name;vulnerability_label;expected_result;ground_truth,,audited,dynamic parameter-name/value enumeration
BenchmarkTest00642,OWASP Benchmark Java,1.2,ba2e3f9a29fa3bde6a5c073d679393c9b94f025f,src\main\java\org\owasp\benchmark\testcode\BenchmarkTest00642.java,expectedresults-1.2.csv,xss,vulnerable,case_level,GET_delegates_to_POST,parameter,/xss-01/BenchmarkTest00642,BenchmarkTest00642,text/html;charset=UTF-8,none_identified,cwe-79,not_identified,not_identified,true,DIRECT,FINAL_CONFIRMATORY_ELIGIBLE,,,not_applicable,current_marker_control_likely_sufficient,current_marker_control,current,,true,true,metadata_constructed,benchmark_case_id;source_file;java_class_name;servlet_route;vulnerability_label;expected_result;parameter,true,ox14-c000095,/external-v14/case-000095,input_000095,opaque_candidate_id;sanitized_action_path;method;sanitized_parameter_name;input_source;input_type;editable_input_count;required_input_count;parameter_count,benchmark_case_id;source_file;java_class_name;servlet_name;vulnerability_label;expected_result;ground_truth,,audited,parameter read through helper wrapper
BenchmarkTest00643,OWASP Benchmark Java,1.2,ba2e3f9a29fa3bde6a5c073d679393c9b94f025f,src\main\java\org\owasp\benchmark\testcode\BenchmarkTest00643.java,expectedresults-1.2.csv,xss,vulnerable,case_level,GET_delegates_to_POST,parameter,/xss-01/BenchmarkTest00643,BenchmarkTest00643,text/html;charset=UTF-8,none_identified,cwe-79,not_identified,not_identified,true,DIRECT,FINAL_CONFIRMATORY_ELIGIBLE,,,not_applicable,current_marker_control_likely_sufficient,current_marker_control,current,,true,true,metadata_constructed,benchmark_case_id;source_file;java_class_name;servlet_route;vulnerability_label;expected_result;parameter,true,ox14-c000096,/external-v14/case-000096,input_000096,opaque_candidate_id;sanitized_action_path;method;sanitized_parameter_name;input_source;input_type;editable_input_count;required_input_count;parameter_count,benchmark_case_id;source_file;java_class_name;servlet_name;vulnerability_label;expected_result;ground_truth,,audited,parameter read through helper wrapper
BenchmarkTest00644,OWASP Benchmark Java,1.2,ba2e3f9a29fa3bde6a5c073d679393c9b94f025f,src\main\java\org\owasp\benchmark\testcode\BenchmarkTest00644.java,expectedresults-1.2.csv,xss,vulnerable,case_level,GET_delegates_to_POST,parameter,/xss-01/BenchmarkTest00644,BenchmarkTest00644,text/html;charset=UTF-8,none_identified,cwe-79,not_identified,not_identified,true,DIRECT,FINAL_CONFIRMATORY_ELIGIBLE,,,not_applicable,current_marker_control_likely_sufficient,current_marker_control,current,,true,true,metadata_constructed,benchmark_case_id;source_file;java_class_name;servlet_route;vulnerability_label;expected_result;parameter,true,ox14-c000097,/external-v14/case-000097,input_000097,opaque_candidate_id;sanitized_action_path;method;sanitized_parameter_name;input_source;input_type;editable_input_count;required_input_count;parameter_count,benchmark_case_id;source_file;java_class_name;servlet_name;vulnerability_label;expected_result;ground_truth,,audited,parameter read through helper wrapper
BenchmarkTest00645,OWASP Benchmark Java,1.2,ba2e3f9a29fa3bde6a5c073d679393c9b94f025f,src\main\java\org\owasp\benchmark\testcode\BenchmarkTest00645.java,expectedresults-1.2.csv,xss,vulnerable,case_level,GET_delegates_to_POST,parameter,/xss-01/BenchmarkTest00645,BenchmarkTest00645,text/html;charset=UTF-8,none_identified,cwe-79,not_identified,not_identified,true,DIRECT,FINAL_CONFIRMATORY_ELIGIBLE,,,not_applicable,current_marker_control_likely_sufficient,current_marker_control,current,,true,true,metadata_constructed,benchmark_case_id;source_file;java_class_name;servlet_route;vulnerability_label;expected_result;parameter,true,ox14-c000098,/external-v14/case-000098,input_000098,opaque_candidate_id;sanitized_action_path;method;sanitized_parameter_name;input_source;input_type;editable_input_count;required_input_count;parameter_count,benchmark_case_id;source_file;java_class_name;servlet_name;vulnerability_label;expected_result;ground_truth,,audited,parameter read through helper wrapper
BenchmarkTest00646,OWASP Benchmark Java,1.2,ba2e3f9a29fa3bde6a5c073d679393c9b94f025f,src\main\java\org\owasp\benchmark\testcode\BenchmarkTest00646.java,expectedresults-1.2.csv,xss,non_vulnerable,case_level,GET_delegates_to_POST,parameter,/xss-01/BenchmarkTest00646,BenchmarkTest00646,text/html;charset=UTF-8,none_identified,cwe-79,not_identified,not_identified,true,DIRECT,FINAL_CONFIRMATORY_ELIGIBLE,,,not_applicable,current_marker_control_likely_sufficient,current_marker_control,current,,true,true,metadata_constructed,benchmark_case_id;source_file;java_class_name;servlet_route;vulnerability_label;expected_result;parameter,true,ox14-c000099,/external-v14/case-000099,input_000099,opaque_candidate_id;sanitized_action_path;method;sanitized_parameter_name;input_source;input_type;editable_input_count;required_input_count;parameter_count,benchmark_case_id;source_file;java_class_name;servlet_name;vulnerability_label;expected_result;ground_truth,,audited,parameter read through helper wrapper
BenchmarkTest00647,OWASP Benchmark Java,1.2,ba2e3f9a29fa3bde6a5c073d679393c9b94f025f,src\main\java\org\owasp\benchmark\testcode\BenchmarkTest00647.java,expectedresults-1.2.csv,xss,non_vulnerable,case_level,GET_delegates_to_POST,parameter,/xss-01/BenchmarkTest00647,BenchmarkTest00647,text/html;charset=UTF-8,html_encoding,cwe-79,not_identified,not_identified,true,DIRECT,FINAL_CONFIRMATORY_ELIGIBLE,,,not_applicable,current_marker_control_likely_sufficient,current_marker_control,current,,true,true,metadata_constructed,benchmark_case_id;source_file;java_class_name;servlet_route;vulnerability_label;expected_result;parameter,true,ox14-c000100,/external-v14/case-000100,input_000100,opaque_candidate_id;sanitized_action_path;method;sanitized_parameter_name;input_source;input_type;editable_input_count;required_input_count;parameter_count,benchmark_case_id;source_file;java_class_name;servlet_name;vulnerability_label;expected_result;ground_truth,,audited,parameter read through helper wrapper
BenchmarkTest00648,OWASP Benchmark Java,1.2,ba2e3f9a29fa3bde6a5c073d679393c9b94f025f,src\main\java\org\owasp\benchmark\testcode\BenchmarkTest00648.java,expectedresults-1.2.csv,xss,non_vulnerable,case_level,GET_delegates_to_POST,parameter,/xss-01/BenchmarkTest00648,BenchmarkTest00648,text/html;charset=UTF-8,html_encoding,cwe-79,not_identified,not_identified,true,DIRECT,FINAL_CONFIRMATORY_ELIGIBLE,,,not_applicable,current_marker_control_likely_sufficient,current_marker_control,current,,true,true,metadata_constructed,benchmark_case_id;source_file;java_class_name;servlet_route;vulnerability_label;expected_result;parameter,true,ox14-c000101,/external-v14/case-000101,input_000101,opaque_candidate_id;sanitized_action_path;method;sanitized_parameter_name;input_source;input_type;editable_input_count;required_input_count;parameter_count,benchmark_case_id;source_file;java_class_name;servlet_name;vulnerability_label;expected_result;ground_truth,,audited,parameter read through helper wrapper
BenchmarkTest00649,OWASP Benchmark Java,1.2,ba2e3f9a29fa3bde6a5c073d679393c9b94f025f,src\main\java\org\owasp\benchmark\testcode\BenchmarkTest00649.java,expectedresults-1.2.csv,xss,non_vulnerable,case_level,GET_delegates_to_POST,parameter,/xss-01/BenchmarkTest00649,BenchmarkTest00649,text/html;charset=UTF-8,html_encoding,cwe-79,not_identified,not_identified,true,DIRECT,FINAL_CONFIRMATORY_ELIGIBLE,,,not_applicable,current_marker_control_likely_sufficient,current_marker_control,current,,true,true,metadata_constructed,benchmark_case_id;source_file;java_class_name;servlet_route;vulnerability_label;expected_result;parameter,true,ox14-c000102,/external-v14/case-000102,input_000102,opaque_candidate_id;sanitized_action_path;method;sanitized_parameter_name;input_source;input_type;editable_input_count;required_input_count;parameter_count,benchmark_case_id;source_file;java_class_name;servlet_name;vulnerability_label;expected_result;ground_truth,,audited,parameter read through helper wrapper
BenchmarkTest00650,OWASP Benchmark Java,1.2,ba2e3f9a29fa3bde6a5c073d679393c9b94f025f,src\main\java\org\owasp\benchmark\testcode\BenchmarkTest00650.java,expectedresults-1.2.csv,xss,non_vulnerable,case_level,GET_delegates_to_POST,parameter,/xss-01/BenchmarkTest00650,BenchmarkTest00650,text/html;charset=UTF-8,base64_transform,cwe-79,not_identified,not_identified,true,DIRECT,FINAL_CONFIRMATORY_ELIGIBLE,,,not_applicable,current_marker_control_likely_sufficient,current_marker_control,current,,true,true,metadata_constructed,benchmark_case_id;source_file;java_class_name;servlet_route;vulnerability_label;expected_result;parameter,true,ox14-c000103,/external-v14/case-000103,input_000103,opaque_candidate_id;sanitized_action_path;method;sanitized_parameter_name;input_source;input_type;editable_input_count;required_input_count;parameter_count,benchmark_case_id;source_file;java_class_name;servlet_name;vulnerability_label;expected_result;ground_truth,,audited,parameter read through helper wrapper
BenchmarkTest00651,OWASP Benchmark Java,1.2,ba2e3f9a29fa3bde6a5c073d679393c9b94f025f,src\main\java\org\owasp\benchmark\testcode\BenchmarkTest00651.java,expectedresults-1.2.csv,xss,vulnerable,case_level,GET_delegates_to_POST,parameter,/xss-01/BenchmarkTest00651,BenchmarkTest00651,text/html;charset=UTF-8,none_identified,cwe-79,not_identified,not_identified,true,DIRECT,FINAL_CONFIRMATORY_ELIGIBLE,,,not_applicable,current_marker_control_likely_sufficient,current_marker_control,current,,true,true,metadata_constructed,benchmark_case_id;source_file;java_class_name;servlet_route;vulnerability_label;expected_result;parameter,true,ox14-c000104,/external-v14/case-000104,input_000104,opaque_candidate_id;sanitized_action_path;method;sanitized_parameter_name;input_source;input_type;editable_input_count;required_input_count;parameter_count,benchmark_case_id;source_file;java_class_name;servlet_name;vulnerability_label;expected_result;ground_truth,,audited,parameter read through helper wrapper
BenchmarkTest00656,OWASP Benchmark Java,1.2,ba2e3f9a29fa3bde6a5c073d679393c9b94f025f,src\main\java\org\owasp\benchmark\testcode\BenchmarkTest00656.java,expectedresults-1.2.csv,xss,vulnerable,case_level,GET_delegates_to_POST,parameter,/xss-01/BenchmarkTest00656,BenchmarkTest00656,text/html;charset=UTF-8,none_identified,cwe-79,not_identified,not_identified,true,DIRECT,FINAL_CONFIRMATORY_ELIGIBLE,,,not_applicable,current_marker_control_likely_sufficient,current_marker_control,current,,true,true,metadata_constructed,benchmark_case_id;source_file;java_class_name;servlet_route;vulnerability_label;expected_result;parameter,true,ox14-c000105,/external-v14/case-000105,input_000105,opaque_candidate_id;sanitized_action_path;method;sanitized_parameter_name;input_source;input_type;editable_input_count;required_input_count;parameter_count,benchmark_case_id;source_file;java_class_name;servlet_name;vulnerability_label;expected_result;ground_truth,,audited,parameter read through helper wrapper
BenchmarkTest00711,OWASP Benchmark Java,1.2,ba2e3f9a29fa3bde6a5c073d679393c9b94f025f,src\main\java\org\owasp\benchmark\testcode\BenchmarkTest00711.java,expectedresults-1.2.csv,xss,vulnerable,case_level,GET_delegates_to_POST,parameter,/xss-01/BenchmarkTest00711,BenchmarkTest00711,text/html;charset=UTF-8,none_identified,cwe-79,not_identified,not_identified,true,DIRECT,FINAL_CONFIRMATORY_ELIGIBLE,,,not_applicable,current_marker_control_likely_sufficient,current_marker_control,current,,true,true,metadata_constructed,benchmark_case_id;source_file;java_class_name;servlet_route;vulnerability_label;expected_result;parameter,true,ox14-c000106,/external-v14/case-000106,input_000106,opaque_candidate_id;sanitized_action_path;method;sanitized_parameter_name;input_source;input_type;editable_input_count;required_input_count;parameter_count,benchmark_case_id;source_file;java_class_name;servlet_name;vulnerability_label;expected_result;ground_truth,,audited,
BenchmarkTest00712,OWASP Benchmark Java,1.2,ba2e3f9a29fa3bde6a5c073d679393c9b94f025f,src\main\java\org\owasp\benchmark\testcode\BenchmarkTest00712.java,expectedresults-1.2.csv,xss,non_vulnerable,case_level,GET_delegates_to_POST,parameter,/xss-01/BenchmarkTest00712,BenchmarkTest00712,text/html;charset=UTF-8,none_identified,cwe-79,not_identified,not_identified,true,DIRECT,FINAL_CONFIRMATORY_ELIGIBLE,,,not_applicable,current_marker_control_likely_sufficient,current_marker_control,current,,true,true,metadata_constructed,benchmark_case_id;source_file;java_class_name;servlet_route;vulnerability_label;expected_result;parameter,true,ox14-c000107,/external-v14/case-000107,input_000107,opaque_candidate_id;sanitized_action_path;method;sanitized_parameter_name;input_source;input_type;editable_input_count;required_input_count;parameter_count,benchmark_case_id;source_file;java_class_name;servlet_name;vulnerability_label;expected_result;ground_truth,,audited,
BenchmarkTest00713,OWASP Benchmark Java,1.2,ba2e3f9a29fa3bde6a5c073d679393c9b94f025f,src\main\java\org\owasp\benchmark\testcode\BenchmarkTest00713.java,expectedresults-1.2.csv,xss,non_vulnerable,case_level,GET_delegates_to_POST,parameter,/xss-01/BenchmarkTest00713,BenchmarkTest00713,text/html;charset=UTF-8,html_encoding;string_escape_utils,cwe-79,not_identified,not_identified,true,DIRECT,FINAL_CONFIRMATORY_ELIGIBLE,,,not_applicable,current_marker_control_likely_sufficient,current_marker_control,current,,true,true,metadata_constructed,benchmark_case_id;source_file;java_class_name;servlet_route;vulnerability_label;expected_result;parameter,true,ox14-c000108,/external-v14/case-000108,input_000108,opaque_candidate_id;sanitized_action_path;method;sanitized_parameter_name;input_source;input_type;editable_input_count;required_input_count;parameter_count,benchmark_case_id;source_file;java_class_name;servlet_name;vulnerability_label;expected_result;ground_truth,,audited,
BenchmarkTest00714,OWASP Benchmark Java,1.2,ba2e3f9a29fa3bde6a5c073d679393c9b94f025f,src\main\java\org\owasp\benchmark\testcode\BenchmarkTest00714.java,expectedresults-1.2.csv,xss,non_vulnerable,case_level,GET_delegates_to_POST,parameter,/xss-01/BenchmarkTest00714,BenchmarkTest00714,text/html;charset=UTF-8,html_encoding,cwe-79,not_identified,not_identified,true,DIRECT,FINAL_CONFIRMATORY_ELIGIBLE,,,not_applicable,current_marker_control_likely_sufficient,current_marker_control,current,,true,true,metadata_constructed,benchmark_case_id;source_file;java_class_name;servlet_route;vulnerability_label;expected_result;parameter,true,ox14-c000109,/external-v14/case-000109,input_000109,opaque_candidate_id;sanitized_action_path;method;sanitized_parameter_name;input_source;input_type;editable_input_count;required_input_count;parameter_count,benchmark_case_id;source_file;java_class_name;servlet_name;vulnerability_label;expected_result;ground_truth,,audited,
BenchmarkTest00715,OWASP Benchmark Java,1.2,ba2e3f9a29fa3bde6a5c073d679393c9b94f025f,src\main\java\org\owasp\benchmark\testcode\BenchmarkTest00715.java,expectedresults-1.2.csv,xss,vulnerable,case_level,GET_delegates_to_POST,parameter,/xss-01/BenchmarkTest00715,BenchmarkTest00715,text/html;charset=UTF-8,none_identified,cwe-79,not_identified,not_identified,true,DIRECT,FINAL_CONFIRMATORY_ELIGIBLE,,,not_applicable,current_marker_control_likely_sufficient,current_marker_control,current,,true,true,metadata_constructed,benchmark_case_id;source_file;java_class_name;servlet_route;vulnerability_label;expected_result;parameter,true,ox14-c000110,/external-v14/case-000110,input_000110,opaque_candidate_id;sanitized_action_path;method;sanitized_parameter_name;input_source;input_type;editable_input_count;required_input_count;parameter_count,benchmark_case_id;source_file;java_class_name;servlet_name;vulnerability_label;expected_result;ground_truth,,audited,
BenchmarkTest00716,OWASP Benchmark Java,1.2,ba2e3f9a29fa3bde6a5c073d679393c9b94f025f,src\main\java\org\owasp\benchmark\testcode\BenchmarkTest00716.java,expectedresults-1.2.csv,xss,non_vulnerable,case_level,GET_delegates_to_POST,parameter,/xss-01/BenchmarkTest00716,BenchmarkTest00716,text/html;charset=UTF-8,html_encoding,cwe-79,not_identified,not_identified,true,DIRECT,FINAL_CONFIRMATORY_ELIGIBLE,,,not_applicable,current_marker_control_likely_sufficient,current_marker_control,current,,true,true,metadata_constructed,benchmark_case_id;source_file;java_class_name;servlet_route;vulnerability_label;expected_result;parameter,true,ox14-c000111,/external-v14/case-000111,input_000111,opaque_candidate_id;sanitized_action_path;method;sanitized_parameter_name;input_source;input_type;editable_input_count;required_input_count;parameter_count,benchmark_case_id;source_file;java_class_name;servlet_name;vulnerability_label;expected_result;ground_truth,,audited,
BenchmarkTest00717,OWASP Benchmark Java,1.2,ba2e3f9a29fa3bde6a5c073d679393c9b94f025f,src\main\java\org\owasp\benchmark\testcode\BenchmarkTest00717.java,expectedresults-1.2.csv,xss,non_vulnerable,case_level,GET_delegates_to_POST,parameter,/xss-01/BenchmarkTest00717,BenchmarkTest00717,text/html;charset=UTF-8,base64_transform,cwe-79,not_identified,not_identified,true,DIRECT,FINAL_CONFIRMATORY_ELIGIBLE,,,not_applicable,current_marker_control_likely_sufficient,current_marker_control,current,,true,true,metadata_constructed,benchmark_case_id;source_file;java_class_name;servlet_route;vulnerability_label;expected_result;parameter,true,ox14-c000112,/external-v14/case-000112,input_000112,opaque_candidate_id;sanitized_action_path;method;sanitized_parameter_name;input_source;input_type;editable_input_count;required_input_count;parameter_count,benchmark_case_id;source_file;java_class_name;servlet_name;vulnerability_label;expected_result;ground_truth,,audited,
BenchmarkTest00718,OWASP Benchmark Java,1.2,ba2e3f9a29fa3bde6a5c073d679393c9b94f025f,src\main\java\org\owasp\benchmark\testcode\BenchmarkTest00718.java,expectedresults-1.2.csv,xss,non_vulnerable,case_level,GET_delegates_to_POST,parameter,/xss-01/BenchmarkTest00718,BenchmarkTest00718,text/html;charset=UTF-8,html_encoding;string_escape_utils,cwe-79,not_identified,not_identified,true,DIRECT,FINAL_CONFIRMATORY_ELIGIBLE,,,not_applicable,current_marker_control_likely_sufficient,current_marker_control,current,,true,true,metadata_constructed,benchmark_case_id;source_file;java_class_name;servlet_route;vulnerability_label;expected_result;parameter,true,ox14-c000113,/external-v14/case-000113,input_000113,opaque_candidate_id;sanitized_action_path;method;sanitized_parameter_name;input_source;input_type;editable_input_count;required_input_count;parameter_count,benchmark_case_id;source_file;java_class_name;servlet_name;vulnerability_label;expected_result;ground_truth,,audited,
BenchmarkTest00719,OWASP Benchmark Java,1.2,ba2e3f9a29fa3bde6a5c073d679393c9b94f025f,src\main\java\org\owasp\benchmark\testcode\BenchmarkTest00719.java,expectedresults-1.2.csv,xss,vulnerable,case_level,GET_delegates_to_POST,parameter,/xss-01/BenchmarkTest00719,BenchmarkTest00719,text/html;charset=UTF-8,none_identified,cwe-79,not_identified,not_identified,true,DIRECT,FINAL_CONFIRMATORY_ELIGIBLE,,,not_applicable,current_marker_control_likely_sufficient,current_marker_control,current,,true,true,metadata_constructed,benchmark_case_id;source_file;java_class_name;servlet_route;vulnerability_label;expected_result;parameter,true,ox14-c000114,/external-v14/case-000114,input_000114,opaque_candidate_id;sanitized_action_path;method;sanitized_parameter_name;input_source;input_type;editable_input_count;required_input_count;parameter_count,benchmark_case_id;source_file;java_class_name;servlet_name;vulnerability_label;expected_result;ground_truth,,audited,
BenchmarkTest00720,OWASP Benchmark Java,1.2,ba2e3f9a29fa3bde6a5c073d679393c9b94f025f,src\main\java\org\owasp\benchmark\testcode\BenchmarkTest00720.java,expectedresults-1.2.csv,xss,vulnerable,case_level,GET_delegates_to_POST,parameter,/xss-01/BenchmarkTest00720,BenchmarkTest00720,text/html;charset=UTF-8,none_identified,cwe-79,not_identified,not_identified,true,DIRECT,FINAL_CONFIRMATORY_ELIGIBLE,,,not_applicable,current_marker_control_likely_sufficient,current_marker_control,current,,true,true,metadata_constructed,benchmark_case_id;source_file;java_class_name;servlet_route;vulnerability_label;expected_result;parameter,true,ox14-c000115,/external-v14/case-000115,input_000115,opaque_candidate_id;sanitized_action_path;method;sanitized_parameter_name;input_source;input_type;editable_input_count;required_input_count;parameter_count,benchmark_case_id;source_file;java_class_name;servlet_name;vulnerability_label;expected_result;ground_truth,,audited,
BenchmarkTest00721,OWASP Benchmark Java,1.2,ba2e3f9a29fa3bde6a5c073d679393c9b94f025f,src\main\java\org\owasp\benchmark\testcode\BenchmarkTest00721.java,expectedresults-1.2.csv,xss,vulnerable,case_level,GET_delegates_to_POST,parameter,/xss-01/BenchmarkTest00721,BenchmarkTest00721,text/html;charset=UTF-8,none_identified,cwe-79,not_identified,not_identified,true,DIRECT,FINAL_CONFIRMATORY_ELIGIBLE,,,not_applicable,current_marker_control_likely_sufficient,current_marker_control,current,,true,true,metadata_constructed,benchmark_case_id;source_file;java_class_name;servlet_route;vulnerability_label;expected_result;parameter,true,ox14-c000116,/external-v14/case-000116,input_000116,opaque_candidate_id;sanitized_action_path;method;sanitized_parameter_name;input_source;input_type;editable_input_count;required_input_count;parameter_count,benchmark_case_id;source_file;java_class_name;servlet_name;vulnerability_label;expected_result;ground_truth,,audited,
BenchmarkTest00722,OWASP Benchmark Java,1.2,ba2e3f9a29fa3bde6a5c073d679393c9b94f025f,src\main\java\org\owasp\benchmark\testcode\BenchmarkTest00722.java,expectedresults-1.2.csv,xss,non_vulnerable,case_level,GET_delegates_to_POST,parameter,/xss-01/BenchmarkTest00722,BenchmarkTest00722,text/html;charset=UTF-8,none_identified,cwe-79,not_identified,not_identified,true,DIRECT,FINAL_CONFIRMATORY_ELIGIBLE,,,not_applicable,current_marker_control_likely_sufficient,current_marker_control,current,,true,true,metadata_constructed,benchmark_case_id;source_file;java_class_name;servlet_route;vulnerability_label;expected_result;parameter,true,ox14-c000117,/external-v14/case-000117,input_000117,opaque_candidate_id;sanitized_action_path;method;sanitized_parameter_name;input_source;input_type;editable_input_count;required_input_count;parameter_count,benchmark_case_id;source_file;java_class_name;servlet_name;vulnerability_label;expected_result;ground_truth,,audited,
BenchmarkTest00723,OWASP Benchmark Java,1.2,ba2e3f9a29fa3bde6a5c073d679393c9b94f025f,src\main\java\org\owasp\benchmark\testcode\BenchmarkTest00723.java,expectedresults-1.2.csv,xss,non_vulnerable,case_level,GET_delegates_to_POST,parameter,/xss-01/BenchmarkTest00723,BenchmarkTest00723,text/html;charset=UTF-8,none_identified,cwe-79,not_identified,not_identified,true,DIRECT,FINAL_CONFIRMATORY_ELIGIBLE,,,not_applicable,current_marker_control_likely_sufficient,current_marker_control,current,,true,true,metadata_constructed,benchmark_case_id;source_file;java_class_name;servlet_route;vulnerability_label;expected_result;parameter,true,ox14-c000118,/external-v14/case-000118,input_000118,opaque_candidate_id;sanitized_action_path;method;sanitized_parameter_name;input_source;input_type;editable_input_count;required_input_count;parameter_count,benchmark_case_id;source_file;java_class_name;servlet_name;vulnerability_label;expected_result;ground_truth,,audited,
BenchmarkTest00724,OWASP Benchmark Java,1.2,ba2e3f9a29fa3bde6a5c073d679393c9b94f025f,src\main\java\org\owasp\benchmark\testcode\BenchmarkTest00724.java,expectedresults-1.2.csv,xss,vulnerable,case_level,GET_delegates_to_POST,parameter,/xss-01/BenchmarkTest00724,BenchmarkTest00724,text/html;charset=UTF-8,none_identified,cwe-79,not_identified,not_identified,true,DIRECT,FINAL_CONFIRMATORY_ELIGIBLE,,,not_applicable,current_marker_control_likely_sufficient,current_marker_control,current,,true,true,metadata_constructed,benchmark_case_id;source_file;java_class_name;servlet_route;vulnerability_label;expected_result;parameter,true,ox14-c000119,/external-v14/case-000119,input_000119,opaque_candidate_id;sanitized_action_path;method;sanitized_parameter_name;input_source;input_type;editable_input_count;required_input_count;parameter_count,benchmark_case_id;source_file;java_class_name;servlet_name;vulnerability_label;expected_result;ground_truth,,audited,
BenchmarkTest00725,OWASP Benchmark Java,1.2,ba2e3f9a29fa3bde6a5c073d679393c9b94f025f,src\main\java\org\owasp\benchmark\testcode\BenchmarkTest00725.java,expectedresults-1.2.csv,xss,vulnerable,case_level,GET_delegates_to_POST,parameter,/xss-01/BenchmarkTest00725,BenchmarkTest00725,text/html;charset=UTF-8,base64_transform,cwe-79,not_identified,not_identified,true,DIRECT,FINAL_CONFIRMATORY_ELIGIBLE,,,not_applicable,current_marker_control_likely_sufficient,current_marker_control,current,,true,true,metadata_constructed,benchmark_case_id;source_file;java_class_name;servlet_route;vulnerability_label;expected_result;parameter,true,ox14-c000120,/external-v14/case-000120,input_000120,opaque_candidate_id;sanitized_action_path;method;sanitized_parameter_name;input_source;input_type;editable_input_count;required_input_count;parameter_count,benchmark_case_id;source_file;java_class_name;servlet_name;vulnerability_label;expected_result;ground_truth,,audited,
BenchmarkTest00726,OWASP Benchmark Java,1.2,ba2e3f9a29fa3bde6a5c073d679393c9b94f025f,src\main\java\org\owasp\benchmark\testcode\BenchmarkTest00726.java,expectedresults-1.2.csv,xss,non_vulnerable,case_level,GET_delegates_to_POST,parameter,/xss-01/BenchmarkTest00726,BenchmarkTest00726,text/html;charset=UTF-8,none_identified,cwe-79,not_identified,not_identified,true,DIRECT,FINAL_CONFIRMATORY_ELIGIBLE,,,not_applicable,current_marker_control_likely_sufficient,current_marker_control,current,,true,true,metadata_constructed,benchmark_case_id;source_file;java_class_name;servlet_route;vulnerability_label;expected_result;parameter,true,ox14-c000121,/external-v14/case-000121,input_000121,opaque_candidate_id;sanitized_action_path;method;sanitized_parameter_name;input_source;input_type;editable_input_count;required_input_count;parameter_count,benchmark_case_id;source_file;java_class_name;servlet_name;vulnerability_label;expected_result;ground_truth,,audited,
BenchmarkTest00727,OWASP Benchmark Java,1.2,ba2e3f9a29fa3bde6a5c073d679393c9b94f025f,src\main\java\org\owasp\benchmark\testcode\BenchmarkTest00727.java,expectedresults-1.2.csv,xss,vulnerable,case_level,GET_delegates_to_POST,parameter,/xss-01/BenchmarkTest00727,BenchmarkTest00727,text/html;charset=UTF-8,none_identified,cwe-79,not_identified,not_identified,true,DIRECT,FINAL_CONFIRMATORY_ELIGIBLE,,,not_applicable,current_marker_control_likely_sufficient,current_marker_control,current,,true,true,metadata_constructed,benchmark_case_id;source_file;java_class_name;servlet_route;vulnerability_label;expected_result;parameter,true,ox14-c000122,/external-v14/case-000122,input_000122,opaque_candidate_id;sanitized_action_path;method;sanitized_parameter_name;input_source;input_type;editable_input_count;required_input_count;parameter_count,benchmark_case_id;source_file;java_class_name;servlet_name;vulnerability_label;expected_result;ground_truth,,audited,
BenchmarkTest00728,OWASP Benchmark Java,1.2,ba2e3f9a29fa3bde6a5c073d679393c9b94f025f,src\main\java\org\owasp\benchmark\testcode\BenchmarkTest00728.java,expectedresults-1.2.csv,xss,vulnerable,case_level,GET_delegates_to_POST,parameter,/xss-01/BenchmarkTest00728,BenchmarkTest00728,text/html;charset=UTF-8,none_identified,cwe-79,not_identified,not_identified,true,DIRECT,FINAL_CONFIRMATORY_ELIGIBLE,,,not_applicable,current_marker_control_likely_sufficient,current_marker_control,current,,true,true,metadata_constructed,benchmark_case_id;source_file;java_class_name;servlet_route;vulnerability_label;expected_result;parameter,true,ox14-c000123,/external-v14/case-000123,input_000123,opaque_candidate_id;sanitized_action_path;method;sanitized_parameter_name;input_source;input_type;editable_input_count;required_input_count;parameter_count,benchmark_case_id;source_file;java_class_name;servlet_name;vulnerability_label;expected_result;ground_truth,,audited,
BenchmarkTest00729,OWASP Benchmark Java,1.2,ba2e3f9a29fa3bde6a5c073d679393c9b94f025f,src\main\java\org\owasp\benchmark\testcode\BenchmarkTest00729.java,expectedresults-1.2.csv,xss,vulnerable,case_level,GET_delegates_to_POST,parameter,/xss-01/BenchmarkTest00729,BenchmarkTest00729,text/html;charset=UTF-8,none_identified,cwe-79,not_identified,not_identified,true,DIRECT,FINAL_CONFIRMATORY_ELIGIBLE,,,not_applicable,current_marker_control_likely_sufficient,current_marker_control,current,,true,true,metadata_constructed,benchmark_case_id;source_file;java_class_name;servlet_route;vulnerability_label;expected_result;parameter,true,ox14-c000124,/external-v14/case-000124,input_000124,opaque_candidate_id;sanitized_action_path;method;sanitized_parameter_name;input_source;input_type;editable_input_count;required_input_count;parameter_count,benchmark_case_id;source_file;java_class_name;servlet_name;vulnerability_label;expected_result;ground_truth,,audited,
BenchmarkTest00730,OWASP Benchmark Java,1.2,ba2e3f9a29fa3bde6a5c073d679393c9b94f025f,src\main\java\org\owasp\benchmark\testcode\BenchmarkTest00730.java,expectedresults-1.2.csv,xss,non_vulnerable,case_level,GET_delegates_to_POST,parameter,/xss-01/BenchmarkTest00730,BenchmarkTest00730,text/html;charset=UTF-8,none_identified,cwe-79,not_identified,not_identified,true,DIRECT,FINAL_CONFIRMATORY_ELIGIBLE,,,not_applicable,current_marker_control_likely_sufficient,current_marker_control,current,,true,true,metadata_constructed,benchmark_case_id;source_file;java_class_name;servlet_route;vulnerability_label;expected_result;parameter,true,ox14-c000125,/external-v14/case-000125,input_000125,opaque_candidate_id;sanitized_action_path;method;sanitized_parameter_name;input_source;input_type;editable_input_count;required_input_count;parameter_count,benchmark_case_id;source_file;java_class_name;servlet_name;vulnerability_label;expected_result;ground_truth,,audited,
BenchmarkTest00737,OWASP Benchmark Java,1.2,ba2e3f9a29fa3bde6a5c073d679393c9b94f025f,src\main\java\org\owasp\benchmark\testcode\BenchmarkTest00737.java,expectedresults-1.2.csv,xss,vulnerable,case_level,GET_delegates_to_POST,parameter,/xss-01/BenchmarkTest00737,BenchmarkTest00737,text/html;charset=UTF-8,base64_transform,cwe-79,not_identified,not_identified,true,DIRECT,FINAL_CONFIRMATORY_ELIGIBLE,,,not_applicable,current_marker_control_likely_sufficient,current_marker_control,current,,true,true,metadata_constructed,benchmark_case_id;source_file;java_class_name;servlet_route;vulnerability_label;expected_result;parameter,true,ox14-c000126,/external-v14/case-000126,input_000126,opaque_candidate_id;sanitized_action_path;method;sanitized_parameter_name;input_source;input_type;editable_input_count;required_input_count;parameter_count,benchmark_case_id;source_file;java_class_name;servlet_name;vulnerability_label;expected_result;ground_truth,,audited,
BenchmarkTest00799,OWASP Benchmark Java,1.2,ba2e3f9a29fa3bde6a5c073d679393c9b94f025f,src\main\java\org\owasp\benchmark\testcode\BenchmarkTest00799.java,expectedresults-1.2.csv,xss,non_vulnerable,case_level,GET_delegates_to_POST,query_string,/xss-01/BenchmarkTest00799,BenchmarkTest00799,text/html;charset=UTF-8,url_decode,cwe-79,not_identified,not_identified,true,DIRECT,FINAL_CONFIRMATORY_ELIGIBLE,,,not_applicable,current_marker_control_likely_sufficient,current_marker_control,current,,true,true,metadata_constructed,benchmark_case_id;source_file;java_class_name;servlet_route;vulnerability_label;expected_result;parameter,true,ox14-c000127,/external-v14/case-000127,input_000127,opaque_candidate_id;sanitized_action_path;method;sanitized_parameter_name;input_source;input_type;editable_input_count;required_input_count;parameter_count,benchmark_case_id;source_file;java_class_name;servlet_name;vulnerability_label;expected_result;ground_truth,,audited,query string parsed manually for benchmark parameter
BenchmarkTest00800,OWASP Benchmark Java,1.2,ba2e3f9a29fa3bde6a5c073d679393c9b94f025f,src\main\java\org\owasp\benchmark\testcode\BenchmarkTest00800.java,expectedresults-1.2.csv,xss,vulnerable,case_level,GET_delegates_to_POST,query_string,/xss-01/BenchmarkTest00800,BenchmarkTest00800,text/html;charset=UTF-8,url_decode,cwe-79,not_identified,not_identified,true,DIRECT,FINAL_CONFIRMATORY_ELIGIBLE,,,not_applicable,current_marker_control_likely_sufficient,current_marker_control,current,,true,true,metadata_constructed,benchmark_case_id;source_file;java_class_name;servlet_route;vulnerability_label;expected_result;parameter,true,ox14-c000128,/external-v14/case-000128,input_000128,opaque_candidate_id;sanitized_action_path;method;sanitized_parameter_name;input_source;input_type;editable_input_count;required_input_count;parameter_count,benchmark_case_id;source_file;java_class_name;servlet_name;vulnerability_label;expected_result;ground_truth,,audited,query string parsed manually for benchmark parameter
BenchmarkTest00801,OWASP Benchmark Java,1.2,ba2e3f9a29fa3bde6a5c073d679393c9b94f025f,src\main\java\org\owasp\benchmark\testcode\BenchmarkTest00801.java,expectedresults-1.2.csv,xss,vulnerable,case_level,GET_delegates_to_POST,query_string,/xss-01/BenchmarkTest00801,BenchmarkTest00801,text/html;charset=UTF-8,url_decode,cwe-79,not_identified,not_identified,true,DIRECT,FINAL_CONFIRMATORY_ELIGIBLE,,,not_applicable,current_marker_control_likely_sufficient,current_marker_control,current,,true,true,metadata_constructed,benchmark_case_id;source_file;java_class_name;servlet_route;vulnerability_label;expected_result;parameter,true,ox14-c000129,/external-v14/case-000129,input_000129,opaque_candidate_id;sanitized_action_path;method;sanitized_parameter_name;input_source;input_type;editable_input_count;required_input_count;parameter_count,benchmark_case_id;source_file;java_class_name;servlet_name;vulnerability_label;expected_result;ground_truth,,audited,query string parsed manually for benchmark parameter
BenchmarkTest00802,OWASP Benchmark Java,1.2,ba2e3f9a29fa3bde6a5c073d679393c9b94f025f,src\main\java\org\owasp\benchmark\testcode\BenchmarkTest00802.java,expectedresults-1.2.csv,xss,vulnerable,case_level,GET_delegates_to_POST,query_string,/xss-01/BenchmarkTest00802,BenchmarkTest00802,text/html;charset=UTF-8,url_decode;base64_transform,cwe-79,not_identified,not_identified,true,DIRECT,FINAL_CONFIRMATORY_ELIGIBLE,,,not_applicable,current_marker_control_likely_sufficient,current_marker_control,current,,true,true,metadata_constructed,benchmark_case_id;source_file;java_class_name;servlet_route;vulnerability_label;expected_result;parameter,true,ox14-c000130,/external-v14/case-000130,input_000130,opaque_candidate_id;sanitized_action_path;method;sanitized_parameter_name;input_source;input_type;editable_input_count;required_input_count;parameter_count,benchmark_case_id;source_file;java_class_name;servlet_name;vulnerability_label;expected_result;ground_truth,,audited,query string parsed manually for benchmark parameter
BenchmarkTest00803,OWASP Benchmark Java,1.2,ba2e3f9a29fa3bde6a5c073d679393c9b94f025f,src\main\java\org\owasp\benchmark\testcode\BenchmarkTest00803.java,expectedresults-1.2.csv,xss,vulnerable,case_level,GET_delegates_to_POST,query_string,/xss-01/BenchmarkTest00803,BenchmarkTest00803,text/html;charset=UTF-8,url_decode,cwe-79,not_identified,not_identified,true,DIRECT,FINAL_CONFIRMATORY_ELIGIBLE,,,not_applicable,current_marker_control_likely_sufficient,current_marker_control,current,,true,true,metadata_constructed,benchmark_case_id;source_file;java_class_name;servlet_route;vulnerability_label;expected_result;parameter,true,ox14-c000131,/external-v14/case-000131,input_000131,opaque_candidate_id;sanitized_action_path;method;sanitized_parameter_name;input_source;input_type;editable_input_count;required_input_count;parameter_count,benchmark_case_id;source_file;java_class_name;servlet_name;vulnerability_label;expected_result;ground_truth,,audited,query string parsed manually for benchmark parameter
BenchmarkTest00804,OWASP Benchmark Java,1.2,ba2e3f9a29fa3bde6a5c073d679393c9b94f025f,src\main\java\org\owasp\benchmark\testcode\BenchmarkTest00804.java,expectedresults-1.2.csv,xss,vulnerable,case_level,GET_delegates_to_POST,query_string,/xss-01/BenchmarkTest00804,BenchmarkTest00804,text/html;charset=UTF-8,url_decode,cwe-79,not_identified,not_identified,true,DIRECT,FINAL_CONFIRMATORY_ELIGIBLE,,,not_applicable,current_marker_control_likely_sufficient,current_marker_control,current,,true,true,metadata_constructed,benchmark_case_id;source_file;java_class_name;servlet_route;vulnerability_label;expected_result;parameter,true,ox14-c000132,/external-v14/case-000132,input_000132,opaque_candidate_id;sanitized_action_path;method;sanitized_parameter_name;input_source;input_type;editable_input_count;required_input_count;parameter_count,benchmark_case_id;source_file;java_class_name;servlet_name;vulnerability_label;expected_result;ground_truth,,audited,query string parsed manually for benchmark parameter
BenchmarkTest00805,OWASP Benchmark Java,1.2,ba2e3f9a29fa3bde6a5c073d679393c9b94f025f,src\main\java\org\owasp\benchmark\testcode\BenchmarkTest00805.java,expectedresults-1.2.csv,xss,vulnerable,case_level,GET_delegates_to_POST,query_string,/xss-01/BenchmarkTest00805,BenchmarkTest00805,text/html;charset=UTF-8,url_decode;base64_transform,cwe-79,not_identified,not_identified,true,DIRECT,FINAL_CONFIRMATORY_ELIGIBLE,,,not_applicable,current_marker_control_likely_sufficient,current_marker_control,current,,true,true,metadata_constructed,benchmark_case_id;source_file;java_class_name;servlet_route;vulnerability_label;expected_result;parameter,true,ox14-c000133,/external-v14/case-000133,input_000133,opaque_candidate_id;sanitized_action_path;method;sanitized_parameter_name;input_source;input_type;editable_input_count;required_input_count;parameter_count,benchmark_case_id;source_file;java_class_name;servlet_name;vulnerability_label;expected_result;ground_truth,,audited,query string parsed manually for benchmark parameter
BenchmarkTest00806,OWASP Benchmark Java,1.2,ba2e3f9a29fa3bde6a5c073d679393c9b94f025f,src\main\java\org\owasp\benchmark\testcode\BenchmarkTest00806.java,expectedresults-1.2.csv,xss,vulnerable,case_level,GET_delegates_to_POST,query_string,/xss-01/BenchmarkTest00806,BenchmarkTest00806,text/html;charset=UTF-8,url_decode,cwe-79,not_identified,not_identified,true,DIRECT,FINAL_CONFIRMATORY_ELIGIBLE,,,not_applicable,current_marker_control_likely_sufficient,current_marker_control,current,,true,true,metadata_constructed,benchmark_case_id;source_file;java_class_name;servlet_route;vulnerability_label;expected_result;parameter,true,ox14-c000134,/external-v14/case-000134,input_000134,opaque_candidate_id;sanitized_action_path;method;sanitized_parameter_name;input_source;input_type;editable_input_count;required_input_count;parameter_count,benchmark_case_id;source_file;java_class_name;servlet_name;vulnerability_label;expected_result;ground_truth,,audited,query string parsed manually for benchmark parameter
BenchmarkTest00807,OWASP Benchmark Java,1.2,ba2e3f9a29fa3bde6a5c073d679393c9b94f025f,src\main\java\org\owasp\benchmark\testcode\BenchmarkTest00807.java,expectedresults-1.2.csv,xss,vulnerable,case_level,GET_delegates_to_POST,query_string,/xss-01/BenchmarkTest00807,BenchmarkTest00807,text/html;charset=UTF-8,url_decode,cwe-79,not_identified,not_identified,true,DIRECT,FINAL_CONFIRMATORY_ELIGIBLE,,,not_applicable,current_marker_control_likely_sufficient,current_marker_control,current,,true,true,metadata_constructed,benchmark_case_id;source_file;java_class_name;servlet_route;vulnerability_label;expected_result;parameter,true,ox14-c000135,/external-v14/case-000135,input_000135,opaque_candidate_id;sanitized_action_path;method;sanitized_parameter_name;input_source;input_type;editable_input_count;required_input_count;parameter_count,benchmark_case_id;source_file;java_class_name;servlet_name;vulnerability_label;expected_result;ground_truth,,audited,query string parsed manually for benchmark parameter
BenchmarkTest00808,OWASP Benchmark Java,1.2,ba2e3f9a29fa3bde6a5c073d679393c9b94f025f,src\main\java\org\owasp\benchmark\testcode\BenchmarkTest00808.java,expectedresults-1.2.csv,xss,non_vulnerable,case_level,GET_delegates_to_POST,query_string,/xss-01/BenchmarkTest00808,BenchmarkTest00808,text/html;charset=UTF-8,url_decode,cwe-79,not_identified,not_identified,true,DIRECT,FINAL_CONFIRMATORY_ELIGIBLE,,,not_applicable,current_marker_control_likely_sufficient,current_marker_control,current,,true,true,metadata_constructed,benchmark_case_id;source_file;java_class_name;servlet_route;vulnerability_label;expected_result;parameter,true,ox14-c000136,/external-v14/case-000136,input_000136,opaque_candidate_id;sanitized_action_path;method;sanitized_parameter_name;input_source;input_type;editable_input_count;required_input_count;parameter_count,benchmark_case_id;source_file;java_class_name;servlet_name;vulnerability_label;expected_result;ground_truth,,audited,query string parsed manually for benchmark parameter
BenchmarkTest00809,OWASP Benchmark Java,1.2,ba2e3f9a29fa3bde6a5c073d679393c9b94f025f,src\main\java\org\owasp\benchmark\testcode\BenchmarkTest00809.java,expectedresults-1.2.csv,xss,vulnerable,case_level,GET_delegates_to_POST,query_string,/xss-01/BenchmarkTest00809,BenchmarkTest00809,text/html;charset=UTF-8,url_decode,cwe-79,not_identified,not_identified,true,DIRECT,FINAL_CONFIRMATORY_ELIGIBLE,,,not_applicable,current_marker_control_likely_sufficient,current_marker_control,current,,true,true,metadata_constructed,benchmark_case_id;source_file;java_class_name;servlet_route;vulnerability_label;expected_result;parameter,true,ox14-c000137,/external-v14/case-000137,input_000137,opaque_candidate_id;sanitized_action_path;method;sanitized_parameter_name;input_source;input_type;editable_input_count;required_input_count;parameter_count,benchmark_case_id;source_file;java_class_name;servlet_name;vulnerability_label;expected_result;ground_truth,,audited,query string parsed manually for benchmark parameter
BenchmarkTest00810,OWASP Benchmark Java,1.2,ba2e3f9a29fa3bde6a5c073d679393c9b94f025f,src\main\java\org\owasp\benchmark\testcode\BenchmarkTest00810.java,expectedresults-1.2.csv,xss,vulnerable,case_level,GET_delegates_to_POST,query_string,/xss-01/BenchmarkTest00810,BenchmarkTest00810,text/html;charset=UTF-8,url_decode,cwe-79,not_identified,not_identified,true,DIRECT,FINAL_CONFIRMATORY_ELIGIBLE,,,not_applicable,current_marker_control_likely_sufficient,current_marker_control,current,,true,true,metadata_constructed,benchmark_case_id;source_file;java_class_name;servlet_route;vulnerability_label;expected_result;parameter,true,ox14-c000138,/external-v14/case-000138,input_000138,opaque_candidate_id;sanitized_action_path;method;sanitized_parameter_name;input_source;input_type;editable_input_count;required_input_count;parameter_count,benchmark_case_id;source_file;java_class_name;servlet_name;vulnerability_label;expected_result;ground_truth,,audited,query string parsed manually for benchmark parameter
BenchmarkTest00811,OWASP Benchmark Java,1.2,ba2e3f9a29fa3bde6a5c073d679393c9b94f025f,src\main\java\org\owasp\benchmark\testcode\BenchmarkTest00811.java,expectedresults-1.2.csv,xss,vulnerable,case_level,GET_delegates_to_POST,query_string,/xss-01/BenchmarkTest00811,BenchmarkTest00811,text/html;charset=UTF-8,url_decode,cwe-79,not_identified,not_identified,true,DIRECT,FINAL_CONFIRMATORY_ELIGIBLE,,,not_applicable,current_marker_control_likely_sufficient,current_marker_control,current,,true,true,metadata_constructed,benchmark_case_id;source_file;java_class_name;servlet_route;vulnerability_label;expected_result;parameter,true,ox14-c000139,/external-v14/case-000139,input_000139,opaque_candidate_id;sanitized_action_path;method;sanitized_parameter_name;input_source;input_type;editable_input_count;required_input_count;parameter_count,benchmark_case_id;source_file;java_class_name;servlet_name;vulnerability_label;expected_result;ground_truth,,audited,query string parsed manually for benchmark parameter
BenchmarkTest00812,OWASP Benchmark Java,1.2,ba2e3f9a29fa3bde6a5c073d679393c9b94f025f,src\main\java\org\owasp\benchmark\testcode\BenchmarkTest00812.java,expectedresults-1.2.csv,xss,non_vulnerable,case_level,GET_delegates_to_POST,query_string,/xss-01/BenchmarkTest00812,BenchmarkTest00812,text/html;charset=UTF-8,url_decode,cwe-79,not_identified,not_identified,true,DIRECT,FINAL_CONFIRMATORY_ELIGIBLE,,,not_applicable,current_marker_control_likely_sufficient,current_marker_control,current,,true,true,metadata_constructed,benchmark_case_id;source_file;java_class_name;servlet_route;vulnerability_label;expected_result;parameter,true,ox14-c000140,/external-v14/case-000140,input_000140,opaque_candidate_id;sanitized_action_path;method;sanitized_parameter_name;input_source;input_type;editable_input_count;required_input_count;parameter_count,benchmark_case_id;source_file;java_class_name;servlet_name;vulnerability_label;expected_result;ground_truth,,audited,query string parsed manually for benchmark parameter
BenchmarkTest00813,OWASP Benchmark Java,1.2,ba2e3f9a29fa3bde6a5c073d679393c9b94f025f,src\main\java\org\owasp\benchmark\testcode\BenchmarkTest00813.java,expectedresults-1.2.csv,xss,non_vulnerable,case_level,GET_delegates_to_POST,query_string,/xss-01/BenchmarkTest00813,BenchmarkTest00813,text/html;charset=UTF-8,url_decode,cwe-79,not_identified,not_identified,true,DIRECT,FINAL_CONFIRMATORY_ELIGIBLE,,,not_applicable,current_marker_control_likely_sufficient,current_marker_control,current,,true,true,metadata_constructed,benchmark_case_id;source_file;java_class_name;servlet_route;vulnerability_label;expected_result;parameter,true,ox14-c000141,/external-v14/case-000141,input_000141,opaque_candidate_id;sanitized_action_path;method;sanitized_parameter_name;input_source;input_type;editable_input_count;required_input_count;parameter_count,benchmark_case_id;source_file;java_class_name;servlet_name;vulnerability_label;expected_result;ground_truth,,audited,query string parsed manually for benchmark parameter
BenchmarkTest00822,OWASP Benchmark Java,1.2,ba2e3f9a29fa3bde6a5c073d679393c9b94f025f,src\main\java\org\owasp\benchmark\testcode\BenchmarkTest00822.java,expectedresults-1.2.csv,xss,vulnerable,case_level,GET_delegates_to_POST,query_string,/xss-01/BenchmarkTest00822,BenchmarkTest00822,text/html;charset=UTF-8,url_decode,cwe-79,not_identified,not_identified,true,DIRECT,FINAL_CONFIRMATORY_ELIGIBLE,,,not_applicable,current_marker_control_likely_sufficient,current_marker_control,current,,true,true,metadata_constructed,benchmark_case_id;source_file;java_class_name;servlet_route;vulnerability_label;expected_result;parameter,true,ox14-c000142,/external-v14/case-000142,input_000142,opaque_candidate_id;sanitized_action_path;method;sanitized_parameter_name;input_source;input_type;editable_input_count;required_input_count;parameter_count,benchmark_case_id;source_file;java_class_name;servlet_name;vulnerability_label;expected_result;ground_truth,,audited,query string parsed manually for benchmark parameter
BenchmarkTest00879,OWASP Benchmark Java,1.2,ba2e3f9a29fa3bde6a5c073d679393c9b94f025f,src\main\java\org\owasp\benchmark\testcode\BenchmarkTest00879.java,expectedresults-1.2.csv,xss,non_vulnerable,case_level,GET_delegates_to_POST,no_external_input,/xss-01/BenchmarkTest00879,BenchmarkTest00879,text/html;charset=UTF-8,none_identified,cwe-79,not_identified,not_identified,false,EXCLUDED,EXCLUDED,no_externally_controllable_input_source,,not_applicable,current_marker_control_likely_sufficient,current_marker_control,unnecessary,,false,false,not_eligible,benchmark_case_id;source_file;java_class_name;servlet_route;vulnerability_label;expected_result;parameter,true,,,,,benchmark_case_id;source_file;java_class_name;servlet_name;vulnerability_label;expected_result;ground_truth,no_externally_controllable_input_source,audited,helper returns a static safe value rather than request input
BenchmarkTest00880,OWASP Benchmark Java,1.2,ba2e3f9a29fa3bde6a5c073d679393c9b94f025f,src\main\java\org\owasp\benchmark\testcode\BenchmarkTest00880.java,expectedresults-1.2.csv,xss,non_vulnerable,case_level,GET_delegates_to_POST,no_external_input,/xss-01/BenchmarkTest00880,BenchmarkTest00880,text/html;charset=UTF-8,base64_transform,cwe-79,not_identified,not_identified,false,EXCLUDED,EXCLUDED,no_externally_controllable_input_source,,not_applicable,current_marker_control_likely_sufficient,current_marker_control,unnecessary,,false,false,not_eligible,benchmark_case_id;source_file;java_class_name;servlet_route;vulnerability_label;expected_result;parameter,true,,,,,benchmark_case_id;source_file;java_class_name;servlet_name;vulnerability_label;expected_result;ground_truth,no_externally_controllable_input_source,audited,helper returns a static safe value rather than request input
BenchmarkTest00881,OWASP Benchmark Java,1.2,ba2e3f9a29fa3bde6a5c073d679393c9b94f025f,src\main\java\org\owasp\benchmark\testcode\BenchmarkTest00881.java,expectedresults-1.2.csv,xss,non_vulnerable,case_level,GET_delegates_to_POST,no_external_input,/xss-01/BenchmarkTest00881,BenchmarkTest00881,text/html;charset=UTF-8,none_identified,cwe-79,not_identified,not_identified,false,EXCLUDED,EXCLUDED,no_externally_controllable_input_source,,not_applicable,current_marker_control_likely_sufficient,current_marker_control,unnecessary,,false,false,not_eligible,benchmark_case_id;source_file;java_class_name;servlet_route;vulnerability_label;expected_result;parameter,true,,,,,benchmark_case_id;source_file;java_class_name;servlet_name;vulnerability_label;expected_result;ground_truth,no_externally_controllable_input_source,audited,helper returns a static safe value rather than request input
BenchmarkTest00882,OWASP Benchmark Java,1.2,ba2e3f9a29fa3bde6a5c073d679393c9b94f025f,src\main\java\org\owasp\benchmark\testcode\BenchmarkTest00882.java,expectedresults-1.2.csv,xss,non_vulnerable,case_level,GET_delegates_to_POST,no_external_input,/xss-01/BenchmarkTest00882,BenchmarkTest00882,text/html;charset=UTF-8,none_identified,cwe-79,not_identified,not_identified,false,EXCLUDED,EXCLUDED,no_externally_controllable_input_source,,not_applicable,current_marker_control_likely_sufficient,current_marker_control,unnecessary,,false,false,not_eligible,benchmark_case_id;source_file;java_class_name;servlet_route;vulnerability_label;expected_result;parameter,true,,,,,benchmark_case_id;source_file;java_class_name;servlet_name;vulnerability_label;expected_result;ground_truth,no_externally_controllable_input_source,audited,helper returns a static safe value rather than request input
BenchmarkTest00883,OWASP Benchmark Java,1.2,ba2e3f9a29fa3bde6a5c073d679393c9b94f025f,src\main\java\org\owasp\benchmark\testcode\BenchmarkTest00883.java,expectedresults-1.2.csv,xss,non_vulnerable,case_level,GET_delegates_to_POST,no_external_input,/xss-01/BenchmarkTest00883,BenchmarkTest00883,text/html;charset=UTF-8,base64_transform,cwe-79,not_identified,not_identified,false,EXCLUDED,EXCLUDED,no_externally_controllable_input_source,,not_applicable,current_marker_control_likely_sufficient,current_marker_control,unnecessary,,false,false,not_eligible,benchmark_case_id;source_file;java_class_name;servlet_route;vulnerability_label;expected_result;parameter,true,,,,,benchmark_case_id;source_file;java_class_name;servlet_name;vulnerability_label;expected_result;ground_truth,no_externally_controllable_input_source,audited,helper returns a static safe value rather than request input
BenchmarkTest00884,OWASP Benchmark Java,1.2,ba2e3f9a29fa3bde6a5c073d679393c9b94f025f,src\main\java\org\owasp\benchmark\testcode\BenchmarkTest00884.java,expectedresults-1.2.csv,xss,non_vulnerable,case_level,GET_delegates_to_POST,no_external_input,/xss-01/BenchmarkTest00884,BenchmarkTest00884,text/html;charset=UTF-8,none_identified,cwe-79,not_identified,not_identified,false,EXCLUDED,EXCLUDED,no_externally_controllable_input_source,,not_applicable,current_marker_control_likely_sufficient,current_marker_control,unnecessary,,false,false,not_eligible,benchmark_case_id;source_file;java_class_name;servlet_route;vulnerability_label;expected_result;parameter,true,,,,,benchmark_case_id;source_file;java_class_name;servlet_name;vulnerability_label;expected_result;ground_truth,no_externally_controllable_input_source,audited,helper returns a static safe value rather than request input
BenchmarkTest00885,OWASP Benchmark Java,1.2,ba2e3f9a29fa3bde6a5c073d679393c9b94f025f,src\main\java\org\owasp\benchmark\testcode\BenchmarkTest00885.java,expectedresults-1.2.csv,xss,non_vulnerable,case_level,GET_delegates_to_POST,no_external_input,/xss-01/BenchmarkTest00885,BenchmarkTest00885,text/html;charset=UTF-8,none_identified,cwe-79,not_identified,not_identified,false,EXCLUDED,EXCLUDED,no_externally_controllable_input_source,,not_applicable,current_marker_control_likely_sufficient,current_marker_control,unnecessary,,false,false,not_eligible,benchmark_case_id;source_file;java_class_name;servlet_route;vulnerability_label;expected_result;parameter,true,,,,,benchmark_case_id;source_file;java_class_name;servlet_name;vulnerability_label;expected_result;ground_truth,no_externally_controllable_input_source,audited,helper returns a static safe value rather than request input
BenchmarkTest00886,OWASP Benchmark Java,1.2,ba2e3f9a29fa3bde6a5c073d679393c9b94f025f,src\main\java\org\owasp\benchmark\testcode\BenchmarkTest00886.java,expectedresults-1.2.csv,xss,non_vulnerable,case_level,GET_delegates_to_POST,no_external_input,/xss-01/BenchmarkTest00886,BenchmarkTest00886,text/html;charset=UTF-8,none_identified,cwe-79,not_identified,not_identified,false,EXCLUDED,EXCLUDED,no_externally_controllable_input_source,,not_applicable,current_marker_control_likely_sufficient,current_marker_control,unnecessary,,false,false,not_eligible,benchmark_case_id;source_file;java_class_name;servlet_route;vulnerability_label;expected_result;parameter,true,,,,,benchmark_case_id;source_file;java_class_name;servlet_name;vulnerability_label;expected_result;ground_truth,no_externally_controllable_input_source,audited,helper returns a static safe value rather than request input
BenchmarkTest00887,OWASP Benchmark Java,1.2,ba2e3f9a29fa3bde6a5c073d679393c9b94f025f,src\main\java\org\owasp\benchmark\testcode\BenchmarkTest00887.java,expectedresults-1.2.csv,xss,non_vulnerable,case_level,GET_delegates_to_POST,no_external_input,/xss-01/BenchmarkTest00887,BenchmarkTest00887,text/html;charset=UTF-8,none_identified,cwe-79,not_identified,not_identified,false,EXCLUDED,EXCLUDED,no_externally_controllable_input_source,,not_applicable,current_marker_control_likely_sufficient,current_marker_control,unnecessary,,false,false,not_eligible,benchmark_case_id;source_file;java_class_name;servlet_route;vulnerability_label;expected_result;parameter,true,,,,,benchmark_case_id;source_file;java_class_name;servlet_name;vulnerability_label;expected_result;ground_truth,no_externally_controllable_input_source,audited,helper returns a static safe value rather than request input
BenchmarkTest00888,OWASP Benchmark Java,1.2,ba2e3f9a29fa3bde6a5c073d679393c9b94f025f,src\main\java\org\owasp\benchmark\testcode\BenchmarkTest00888.java,expectedresults-1.2.csv,xss,non_vulnerable,case_level,GET_delegates_to_POST,no_external_input,/xss-01/BenchmarkTest00888,BenchmarkTest00888,text/html;charset=UTF-8,none_identified,cwe-79,not_identified,not_identified,false,EXCLUDED,EXCLUDED,no_externally_controllable_input_source,,not_applicable,current_marker_control_likely_sufficient,current_marker_control,unnecessary,,false,false,not_eligible,benchmark_case_id;source_file;java_class_name;servlet_route;vulnerability_label;expected_result;parameter,true,,,,,benchmark_case_id;source_file;java_class_name;servlet_name;vulnerability_label;expected_result;ground_truth,no_externally_controllable_input_source,audited,helper returns a static safe value rather than request input
BenchmarkTest00889,OWASP Benchmark Java,1.2,ba2e3f9a29fa3bde6a5c073d679393c9b94f025f,src\main\java\org\owasp\benchmark\testcode\BenchmarkTest00889.java,expectedresults-1.2.csv,xss,non_vulnerable,case_level,GET_delegates_to_POST,no_external_input,/xss-01/BenchmarkTest00889,BenchmarkTest00889,text/html;charset=UTF-8,none_identified,cwe-79,not_identified,not_identified,false,EXCLUDED,EXCLUDED,no_externally_controllable_input_source,,not_applicable,current_marker_control_likely_sufficient,current_marker_control,unnecessary,,false,false,not_eligible,benchmark_case_id;source_file;java_class_name;servlet_route;vulnerability_label;expected_result;parameter,true,,,,,benchmark_case_id;source_file;java_class_name;servlet_name;vulnerability_label;expected_result;ground_truth,no_externally_controllable_input_source,audited,helper returns a static safe value rather than request input
BenchmarkTest00890,OWASP Benchmark Java,1.2,ba2e3f9a29fa3bde6a5c073d679393c9b94f025f,src\main\java\org\owasp\benchmark\testcode\BenchmarkTest00890.java,expectedresults-1.2.csv,xss,non_vulnerable,case_level,GET_delegates_to_POST,no_external_input,/xss-01/BenchmarkTest00890,BenchmarkTest00890,text/html;charset=UTF-8,none_identified,cwe-79,not_identified,not_identified,false,EXCLUDED,EXCLUDED,no_externally_controllable_input_source,,not_applicable,current_marker_control_likely_sufficient,current_marker_control,unnecessary,,false,false,not_eligible,benchmark_case_id;source_file;java_class_name;servlet_route;vulnerability_label;expected_result;parameter,true,,,,,benchmark_case_id;source_file;java_class_name;servlet_name;vulnerability_label;expected_result;ground_truth,no_externally_controllable_input_source,audited,helper returns a static safe value rather than request input
BenchmarkTest00891,OWASP Benchmark Java,1.2,ba2e3f9a29fa3bde6a5c073d679393c9b94f025f,src\main\java\org\owasp\benchmark\testcode\BenchmarkTest00891.java,expectedresults-1.2.csv,xss,non_vulnerable,case_level,GET_delegates_to_POST,no_external_input,/xss-01/BenchmarkTest00891,BenchmarkTest00891,text/html;charset=UTF-8,none_identified,cwe-79,not_identified,not_identified,false,EXCLUDED,EXCLUDED,no_externally_controllable_input_source,,not_applicable,current_marker_control_likely_sufficient,current_marker_control,unnecessary,,false,false,not_eligible,benchmark_case_id;source_file;java_class_name;servlet_route;vulnerability_label;expected_result;parameter,true,,,,,benchmark_case_id;source_file;java_class_name;servlet_name;vulnerability_label;expected_result;ground_truth,no_externally_controllable_input_source,audited,helper returns a static safe value rather than request input
BenchmarkTest00892,OWASP Benchmark Java,1.2,ba2e3f9a29fa3bde6a5c073d679393c9b94f025f,src\main\java\org\owasp\benchmark\testcode\BenchmarkTest00892.java,expectedresults-1.2.csv,xss,non_vulnerable,case_level,GET_delegates_to_POST,no_external_input,/xss-01/BenchmarkTest00892,BenchmarkTest00892,text/html;charset=UTF-8,none_identified,cwe-79,not_identified,not_identified,false,EXCLUDED,EXCLUDED,no_externally_controllable_input_source,,not_applicable,current_marker_control_likely_sufficient,current_marker_control,unnecessary,,false,false,not_eligible,benchmark_case_id;source_file;java_class_name;servlet_route;vulnerability_label;expected_result;parameter,true,,,,,benchmark_case_id;source_file;java_class_name;servlet_name;vulnerability_label;expected_result;ground_truth,no_externally_controllable_input_source,audited,helper returns a static safe value rather than request input
BenchmarkTest00893,OWASP Benchmark Java,1.2,ba2e3f9a29fa3bde6a5c073d679393c9b94f025f,src\main\java\org\owasp\benchmark\testcode\BenchmarkTest00893.java,expectedresults-1.2.csv,xss,non_vulnerable,case_level,GET_delegates_to_POST,no_external_input,/xss-01/BenchmarkTest00893,BenchmarkTest00893,text/html;charset=UTF-8,none_identified,cwe-79,not_identified,not_identified,false,EXCLUDED,EXCLUDED,no_externally_controllable_input_source,,not_applicable,current_marker_control_likely_sufficient,current_marker_control,unnecessary,,false,false,not_eligible,benchmark_case_id;source_file;java_class_name;servlet_route;vulnerability_label;expected_result;parameter,true,,,,,benchmark_case_id;source_file;java_class_name;servlet_name;vulnerability_label;expected_result;ground_truth,no_externally_controllable_input_source,audited,helper returns a static safe value rather than request input
BenchmarkTest00894,OWASP Benchmark Java,1.2,ba2e3f9a29fa3bde6a5c073d679393c9b94f025f,src\main\java\org\owasp\benchmark\testcode\BenchmarkTest00894.java,expectedresults-1.2.csv,xss,non_vulnerable,case_level,GET_delegates_to_POST,no_external_input,/xss-01/BenchmarkTest00894,BenchmarkTest00894,text/html;charset=UTF-8,none_identified,cwe-79,not_identified,not_identified,false,EXCLUDED,EXCLUDED,no_externally_controllable_input_source,,not_applicable,current_marker_control_likely_sufficient,current_marker_control,unnecessary,,false,false,not_eligible,benchmark_case_id;source_file;java_class_name;servlet_route;vulnerability_label;expected_result;parameter,true,,,,,benchmark_case_id;source_file;java_class_name;servlet_name;vulnerability_label;expected_result;ground_truth,no_externally_controllable_input_source,audited,helper returns a static safe value rather than request input
BenchmarkTest01046,OWASP Benchmark Java,1.2,ba2e3f9a29fa3bde6a5c073d679393c9b94f025f,src\main\java\org\owasp\benchmark\testcode\BenchmarkTest01046.java,expectedresults-1.2.csv,xss,vulnerable,case_level,GET_delegates_to_POST,header,/xss-01/BenchmarkTest01046,Referer,text/html;charset=UTF-8,url_decode,cwe-79,not_identified,not_identified,false,ADAPTER_SUPPORTED,FINAL_CONFIRMATORY_ELIGIBLE,current_candidate_transport_does_not_support_header,header_input,false,current_marker_control_likely_sufficient,current_marker_control,required_extension,input_source_header;header_name_transport,true,true,metadata_constructed,benchmark_case_id;source_file;java_class_name;servlet_route;vulnerability_label;expected_result;parameter,true,ox14-c000159,/external-v14/case-000159,header_000159,opaque_candidate_id;sanitized_action_path;method;sanitized_parameter_name;input_source;input_type;editable_input_count;required_input_count;parameter_count,benchmark_case_id;source_file;java_class_name;servlet_name;vulnerability_label;expected_result;ground_truth,,audited,
BenchmarkTest01047,OWASP Benchmark Java,1.2,ba2e3f9a29fa3bde6a5c073d679393c9b94f025f,src\main\java\org\owasp\benchmark\testcode\BenchmarkTest01047.java,expectedresults-1.2.csv,xss,vulnerable,case_level,GET_delegates_to_POST,header,/xss-01/BenchmarkTest01047,Referer,text/html;charset=UTF-8,url_decode,cwe-79,not_identified,not_identified,false,ADAPTER_SUPPORTED,FINAL_CONFIRMATORY_ELIGIBLE,current_candidate_transport_does_not_support_header,header_input,false,current_marker_control_likely_sufficient,current_marker_control,required_extension,input_source_header;header_name_transport,true,true,metadata_constructed,benchmark_case_id;source_file;java_class_name;servlet_route;vulnerability_label;expected_result;parameter,true,ox14-c000160,/external-v14/case-000160,header_000160,opaque_candidate_id;sanitized_action_path;method;sanitized_parameter_name;input_source;input_type;editable_input_count;required_input_count;parameter_count,benchmark_case_id;source_file;java_class_name;servlet_name;vulnerability_label;expected_result;ground_truth,,audited,
BenchmarkTest01048,OWASP Benchmark Java,1.2,ba2e3f9a29fa3bde6a5c073d679393c9b94f025f,src\main\java\org\owasp\benchmark\testcode\BenchmarkTest01048.java,expectedresults-1.2.csv,xss,non_vulnerable,case_level,GET_delegates_to_POST,header,/xss-02/BenchmarkTest01048,Referer,text/html;charset=UTF-8,url_decode,cwe-79,not_identified,not_identified,false,ADAPTER_SUPPORTED,FINAL_CONFIRMATORY_ELIGIBLE,current_candidate_transport_does_not_support_header,header_input,false,current_marker_control_likely_sufficient,current_marker_control,required_extension,input_source_header;header_name_transport,true,true,metadata_constructed,benchmark_case_id;source_file;java_class_name;servlet_route;vulnerability_label;expected_result;parameter,true,ox14-c000161,/external-v14/case-000161,header_000161,opaque_candidate_id;sanitized_action_path;method;sanitized_parameter_name;input_source;input_type;editable_input_count;required_input_count;parameter_count,benchmark_case_id;source_file;java_class_name;servlet_name;vulnerability_label;expected_result;ground_truth,,audited,
BenchmarkTest01049,OWASP Benchmark Java,1.2,ba2e3f9a29fa3bde6a5c073d679393c9b94f025f,src\main\java\org\owasp\benchmark\testcode\BenchmarkTest01049.java,expectedresults-1.2.csv,xss,vulnerable,case_level,GET_delegates_to_POST,header,/xss-02/BenchmarkTest01049,Referer,text/html;charset=UTF-8,url_decode,cwe-79,not_identified,not_identified,false,ADAPTER_SUPPORTED,FINAL_CONFIRMATORY_ELIGIBLE,current_candidate_transport_does_not_support_header,header_input,false,current_marker_control_likely_sufficient,current_marker_control,required_extension,input_source_header;header_name_transport,true,true,metadata_constructed,benchmark_case_id;source_file;java_class_name;servlet_route;vulnerability_label;expected_result;parameter,true,ox14-c000162,/external-v14/case-000162,header_000162,opaque_candidate_id;sanitized_action_path;method;sanitized_parameter_name;input_source;input_type;editable_input_count;required_input_count;parameter_count,benchmark_case_id;source_file;java_class_name;servlet_name;vulnerability_label;expected_result;ground_truth,,audited,
BenchmarkTest01050,OWASP Benchmark Java,1.2,ba2e3f9a29fa3bde6a5c073d679393c9b94f025f,src\main\java\org\owasp\benchmark\testcode\BenchmarkTest01050.java,expectedresults-1.2.csv,xss,vulnerable,case_level,GET_delegates_to_POST,header,/xss-02/BenchmarkTest01050,Referer,text/html;charset=UTF-8,url_decode,cwe-79,not_identified,not_identified,false,ADAPTER_SUPPORTED,FINAL_CONFIRMATORY_ELIGIBLE,current_candidate_transport_does_not_support_header,header_input,false,current_marker_control_likely_sufficient,current_marker_control,required_extension,input_source_header;header_name_transport,true,true,metadata_constructed,benchmark_case_id;source_file;java_class_name;servlet_route;vulnerability_label;expected_result;parameter,true,ox14-c000163,/external-v14/case-000163,header_000163,opaque_candidate_id;sanitized_action_path;method;sanitized_parameter_name;input_source;input_type;editable_input_count;required_input_count;parameter_count,benchmark_case_id;source_file;java_class_name;servlet_name;vulnerability_label;expected_result;ground_truth,,audited,
BenchmarkTest01051,OWASP Benchmark Java,1.2,ba2e3f9a29fa3bde6a5c073d679393c9b94f025f,src\main\java\org\owasp\benchmark\testcode\BenchmarkTest01051.java,expectedresults-1.2.csv,xss,non_vulnerable,case_level,GET_delegates_to_POST,header,/xss-02/BenchmarkTest01051,Referer,text/html;charset=UTF-8,url_decode,cwe-79,not_identified,not_identified,false,ADAPTER_SUPPORTED,FINAL_CONFIRMATORY_ELIGIBLE,current_candidate_transport_does_not_support_header,header_input,false,current_marker_control_likely_sufficient,current_marker_control,required_extension,input_source_header;header_name_transport,true,true,metadata_constructed,benchmark_case_id;source_file;java_class_name;servlet_route;vulnerability_label;expected_result;parameter,true,ox14-c000164,/external-v14/case-000164,header_000164,opaque_candidate_id;sanitized_action_path;method;sanitized_parameter_name;input_source;input_type;editable_input_count;required_input_count;parameter_count,benchmark_case_id;source_file;java_class_name;servlet_name;vulnerability_label;expected_result;ground_truth,,audited,
BenchmarkTest01052,OWASP Benchmark Java,1.2,ba2e3f9a29fa3bde6a5c073d679393c9b94f025f,src\main\java\org\owasp\benchmark\testcode\BenchmarkTest01052.java,expectedresults-1.2.csv,xss,non_vulnerable,case_level,GET_delegates_to_POST,header,/xss-02/BenchmarkTest01052,Referer,text/html;charset=UTF-8,url_decode,cwe-79,not_identified,not_identified,false,ADAPTER_SUPPORTED,FINAL_CONFIRMATORY_ELIGIBLE,current_candidate_transport_does_not_support_header,header_input,false,current_marker_control_likely_sufficient,current_marker_control,required_extension,input_source_header;header_name_transport,true,true,metadata_constructed,benchmark_case_id;source_file;java_class_name;servlet_route;vulnerability_label;expected_result;parameter,true,ox14-c000165,/external-v14/case-000165,header_000165,opaque_candidate_id;sanitized_action_path;method;sanitized_parameter_name;input_source;input_type;editable_input_count;required_input_count;parameter_count,benchmark_case_id;source_file;java_class_name;servlet_name;vulnerability_label;expected_result;ground_truth,,audited,
BenchmarkTest01053,OWASP Benchmark Java,1.2,ba2e3f9a29fa3bde6a5c073d679393c9b94f025f,src\main\java\org\owasp\benchmark\testcode\BenchmarkTest01053.java,expectedresults-1.2.csv,xss,non_vulnerable,case_level,GET_delegates_to_POST,header,/xss-02/BenchmarkTest01053,Referer,text/html;charset=UTF-8,url_decode,cwe-79,not_identified,not_identified,false,ADAPTER_SUPPORTED,READINESS_ONLY,current_candidate_transport_does_not_support_header,header_input,false,current_marker_control_likely_sufficient,current_marker_control,required_extension,input_source_header;header_name_transport,true,true,metadata_constructed,benchmark_case_id;source_file;java_class_name;servlet_route;vulnerability_label;expected_result;parameter,true,ox14-c000166,/external-v14/case-000166,header_000166,opaque_candidate_id;sanitized_action_path;method;sanitized_parameter_name;input_source;input_type;editable_input_count;required_input_count;parameter_count,benchmark_case_id;source_file;java_class_name;servlet_name;vulnerability_label;expected_result;ground_truth,,audited,
BenchmarkTest01054,OWASP Benchmark Java,1.2,ba2e3f9a29fa3bde6a5c073d679393c9b94f025f,src\main\java\org\owasp\benchmark\testcode\BenchmarkTest01054.java,expectedresults-1.2.csv,xss,non_vulnerable,case_level,GET_delegates_to_POST,header,/xss-02/BenchmarkTest01054,Referer,text/html;charset=UTF-8,url_decode,cwe-79,not_identified,not_identified,false,ADAPTER_SUPPORTED,FINAL_CONFIRMATORY_ELIGIBLE,current_candidate_transport_does_not_support_header,header_input,false,current_marker_control_likely_sufficient,current_marker_control,required_extension,input_source_header;header_name_transport,true,true,metadata_constructed,benchmark_case_id;source_file;java_class_name;servlet_route;vulnerability_label;expected_result;parameter,true,ox14-c000167,/external-v14/case-000167,header_000167,opaque_candidate_id;sanitized_action_path;method;sanitized_parameter_name;input_source;input_type;editable_input_count;required_input_count;parameter_count,benchmark_case_id;source_file;java_class_name;servlet_name;vulnerability_label;expected_result;ground_truth,,audited,
BenchmarkTest01055,OWASP Benchmark Java,1.2,ba2e3f9a29fa3bde6a5c073d679393c9b94f025f,src\main\java\org\owasp\benchmark\testcode\BenchmarkTest01055.java,expectedresults-1.2.csv,xss,vulnerable,case_level,GET_delegates_to_POST,header,/xss-02/BenchmarkTest01055,Referer,text/html;charset=UTF-8,url_decode,cwe-79,not_identified,not_identified,false,ADAPTER_SUPPORTED,FINAL_CONFIRMATORY_ELIGIBLE,current_candidate_transport_does_not_support_header,header_input,false,current_marker_control_likely_sufficient,current_marker_control,required_extension,input_source_header;header_name_transport,true,true,metadata_constructed,benchmark_case_id;source_file;java_class_name;servlet_route;vulnerability_label;expected_result;parameter,true,ox14-c000168,/external-v14/case-000168,header_000168,opaque_candidate_id;sanitized_action_path;method;sanitized_parameter_name;input_source;input_type;editable_input_count;required_input_count;parameter_count,benchmark_case_id;source_file;java_class_name;servlet_name;vulnerability_label;expected_result;ground_truth,,audited,
BenchmarkTest01056,OWASP Benchmark Java,1.2,ba2e3f9a29fa3bde6a5c073d679393c9b94f025f,src\main\java\org\owasp\benchmark\testcode\BenchmarkTest01056.java,expectedresults-1.2.csv,xss,vulnerable,case_level,GET_delegates_to_POST,header,/xss-02/BenchmarkTest01056,Referer,text/html;charset=UTF-8,url_decode,cwe-79,not_identified,not_identified,false,ADAPTER_SUPPORTED,FINAL_CONFIRMATORY_ELIGIBLE,current_candidate_transport_does_not_support_header,header_input,false,current_marker_control_likely_sufficient,current_marker_control,required_extension,input_source_header;header_name_transport,true,true,metadata_constructed,benchmark_case_id;source_file;java_class_name;servlet_route;vulnerability_label;expected_result;parameter,true,ox14-c000169,/external-v14/case-000169,header_000169,opaque_candidate_id;sanitized_action_path;method;sanitized_parameter_name;input_source;input_type;editable_input_count;required_input_count;parameter_count,benchmark_case_id;source_file;java_class_name;servlet_name;vulnerability_label;expected_result;ground_truth,,audited,
BenchmarkTest01057,OWASP Benchmark Java,1.2,ba2e3f9a29fa3bde6a5c073d679393c9b94f025f,src\main\java\org\owasp\benchmark\testcode\BenchmarkTest01057.java,expectedresults-1.2.csv,xss,vulnerable,case_level,GET_delegates_to_POST,header,/xss-02/BenchmarkTest01057,Referer,text/html;charset=UTF-8,url_decode,cwe-79,not_identified,not_identified,false,ADAPTER_SUPPORTED,FINAL_CONFIRMATORY_ELIGIBLE,current_candidate_transport_does_not_support_header,header_input,false,current_marker_control_likely_sufficient,current_marker_control,required_extension,input_source_header;header_name_transport,true,true,metadata_constructed,benchmark_case_id;source_file;java_class_name;servlet_route;vulnerability_label;expected_result;parameter,true,ox14-c000170,/external-v14/case-000170,header_000170,opaque_candidate_id;sanitized_action_path;method;sanitized_parameter_name;input_source;input_type;editable_input_count;required_input_count;parameter_count,benchmark_case_id;source_file;java_class_name;servlet_name;vulnerability_label;expected_result;ground_truth,,audited,
BenchmarkTest01063,OWASP Benchmark Java,1.2,ba2e3f9a29fa3bde6a5c073d679393c9b94f025f,src\main\java\org\owasp\benchmark\testcode\BenchmarkTest01063.java,expectedresults-1.2.csv,xss,vulnerable,case_level,GET_delegates_to_POST,header,/xss-02/BenchmarkTest01063,Referer,text/html;charset=UTF-8,url_decode;base64_transform,cwe-79,not_identified,not_identified,false,ADAPTER_SUPPORTED,FINAL_CONFIRMATORY_ELIGIBLE,current_candidate_transport_does_not_support_header,header_input,false,current_marker_control_likely_sufficient,current_marker_control,required_extension,input_source_header;header_name_transport,true,true,metadata_constructed,benchmark_case_id;source_file;java_class_name;servlet_route;vulnerability_label;expected_result;parameter,true,ox14-c000171,/external-v14/case-000171,header_000171,opaque_candidate_id;sanitized_action_path;method;sanitized_parameter_name;input_source;input_type;editable_input_count;required_input_count;parameter_count,benchmark_case_id;source_file;java_class_name;servlet_name;vulnerability_label;expected_result;ground_truth,,audited,
BenchmarkTest01171,OWASP Benchmark Java,1.2,ba2e3f9a29fa3bde6a5c073d679393c9b94f025f,src\main\java\org\owasp\benchmark\testcode\BenchmarkTest01171.java,expectedresults-1.2.csv,xss,vulnerable,case_level,GET_delegates_to_POST,header,/xss-02/BenchmarkTest01171,Referer,text/html;charset=UTF-8,url_decode,cwe-79,not_identified,not_identified,false,ADAPTER_SUPPORTED,FINAL_CONFIRMATORY_ELIGIBLE,current_candidate_transport_does_not_support_header,header_input,false,current_marker_control_likely_sufficient,current_marker_control,required_extension,input_source_header;header_name_transport,true,true,metadata_constructed,benchmark_case_id;source_file;java_class_name;servlet_route;vulnerability_label;expected_result;parameter,true,ox14-c000172,/external-v14/case-000172,header_000172,opaque_candidate_id;sanitized_action_path;method;sanitized_parameter_name;input_source;input_type;editable_input_count;required_input_count;parameter_count,benchmark_case_id;source_file;java_class_name;servlet_name;vulnerability_label;expected_result;ground_truth,,audited,
BenchmarkTest01172,OWASP Benchmark Java,1.2,ba2e3f9a29fa3bde6a5c073d679393c9b94f025f,src\main\java\org\owasp\benchmark\testcode\BenchmarkTest01172.java,expectedresults-1.2.csv,xss,vulnerable,case_level,GET_delegates_to_POST,header,/xss-02/BenchmarkTest01172,Referer,text/html;charset=UTF-8,url_decode,cwe-79,not_identified,not_identified,false,ADAPTER_SUPPORTED,FINAL_CONFIRMATORY_ELIGIBLE,current_candidate_transport_does_not_support_header,header_input,false,current_marker_control_likely_sufficient,current_marker_control,required_extension,input_source_header;header_name_transport,true,true,metadata_constructed,benchmark_case_id;source_file;java_class_name;servlet_route;vulnerability_label;expected_result;parameter,true,ox14-c000173,/external-v14/case-000173,header_000173,opaque_candidate_id;sanitized_action_path;method;sanitized_parameter_name;input_source;input_type;editable_input_count;required_input_count;parameter_count,benchmark_case_id;source_file;java_class_name;servlet_name;vulnerability_label;expected_result;ground_truth,,audited,
BenchmarkTest01173,OWASP Benchmark Java,1.2,ba2e3f9a29fa3bde6a5c073d679393c9b94f025f,src\main\java\org\owasp\benchmark\testcode\BenchmarkTest01173.java,expectedresults-1.2.csv,xss,vulnerable,case_level,GET_delegates_to_POST,header,/xss-02/BenchmarkTest01173,Referer,text/html;charset=UTF-8,url_decode,cwe-79,not_identified,not_identified,false,ADAPTER_SUPPORTED,FINAL_CONFIRMATORY_ELIGIBLE,current_candidate_transport_does_not_support_header,header_input,false,current_marker_control_likely_sufficient,current_marker_control,required_extension,input_source_header;header_name_transport,true,true,metadata_constructed,benchmark_case_id;source_file;java_class_name;servlet_route;vulnerability_label;expected_result;parameter,true,ox14-c000174,/external-v14/case-000174,header_000174,opaque_candidate_id;sanitized_action_path;method;sanitized_parameter_name;input_source;input_type;editable_input_count;required_input_count;parameter_count,benchmark_case_id;source_file;java_class_name;servlet_name;vulnerability_label;expected_result;ground_truth,,audited,
BenchmarkTest01174,OWASP Benchmark Java,1.2,ba2e3f9a29fa3bde6a5c073d679393c9b94f025f,src\main\java\org\owasp\benchmark\testcode\BenchmarkTest01174.java,expectedresults-1.2.csv,xss,vulnerable,case_level,GET_delegates_to_POST,header,/xss-02/BenchmarkTest01174,Referer,text/html;charset=UTF-8,url_decode,cwe-79,not_identified,not_identified,false,ADAPTER_SUPPORTED,FINAL_CONFIRMATORY_ELIGIBLE,current_candidate_transport_does_not_support_header,header_input,false,current_marker_control_likely_sufficient,current_marker_control,required_extension,input_source_header;header_name_transport,true,true,metadata_constructed,benchmark_case_id;source_file;java_class_name;servlet_route;vulnerability_label;expected_result;parameter,true,ox14-c000175,/external-v14/case-000175,header_000175,opaque_candidate_id;sanitized_action_path;method;sanitized_parameter_name;input_source;input_type;editable_input_count;required_input_count;parameter_count,benchmark_case_id;source_file;java_class_name;servlet_name;vulnerability_label;expected_result;ground_truth,,audited,
BenchmarkTest01175,OWASP Benchmark Java,1.2,ba2e3f9a29fa3bde6a5c073d679393c9b94f025f,src\main\java\org\owasp\benchmark\testcode\BenchmarkTest01175.java,expectedresults-1.2.csv,xss,non_vulnerable,case_level,GET_delegates_to_POST,header,/xss-02/BenchmarkTest01175,Referer,text/html;charset=UTF-8,url_decode;html_encoding,cwe-79,not_identified,not_identified,false,ADAPTER_SUPPORTED,READINESS_ONLY,current_candidate_transport_does_not_support_header,header_input,false,current_marker_control_likely_sufficient,current_marker_control,required_extension,input_source_header;header_name_transport,true,true,metadata_constructed,benchmark_case_id;source_file;java_class_name;servlet_route;vulnerability_label;expected_result;parameter,true,ox14-c000176,/external-v14/case-000176,header_000176,opaque_candidate_id;sanitized_action_path;method;sanitized_parameter_name;input_source;input_type;editable_input_count;required_input_count;parameter_count,benchmark_case_id;source_file;java_class_name;servlet_name;vulnerability_label;expected_result;ground_truth,,audited,
BenchmarkTest01176,OWASP Benchmark Java,1.2,ba2e3f9a29fa3bde6a5c073d679393c9b94f025f,src\main\java\org\owasp\benchmark\testcode\BenchmarkTest01176.java,expectedresults-1.2.csv,xss,non_vulnerable,case_level,GET_delegates_to_POST,header,/xss-02/BenchmarkTest01176,Referer,text/html;charset=UTF-8,url_decode,cwe-79,not_identified,not_identified,false,ADAPTER_SUPPORTED,FINAL_CONFIRMATORY_ELIGIBLE,current_candidate_transport_does_not_support_header,header_input,false,current_marker_control_likely_sufficient,current_marker_control,required_extension,input_source_header;header_name_transport,true,true,metadata_constructed,benchmark_case_id;source_file;java_class_name;servlet_route;vulnerability_label;expected_result;parameter,true,ox14-c000177,/external-v14/case-000177,header_000177,opaque_candidate_id;sanitized_action_path;method;sanitized_parameter_name;input_source;input_type;editable_input_count;required_input_count;parameter_count,benchmark_case_id;source_file;java_class_name;servlet_name;vulnerability_label;expected_result;ground_truth,,audited,
BenchmarkTest01177,OWASP Benchmark Java,1.2,ba2e3f9a29fa3bde6a5c073d679393c9b94f025f,src\main\java\org\owasp\benchmark\testcode\BenchmarkTest01177.java,expectedresults-1.2.csv,xss,vulnerable,case_level,GET_delegates_to_POST,header,/xss-02/BenchmarkTest01177,Referer,text/html;charset=UTF-8,url_decode,cwe-79,not_identified,not_identified,false,ADAPTER_SUPPORTED,FINAL_CONFIRMATORY_ELIGIBLE,current_candidate_transport_does_not_support_header,header_input,false,current_marker_control_likely_sufficient,current_marker_control,required_extension,input_source_header;header_name_transport,true,true,metadata_constructed,benchmark_case_id;source_file;java_class_name;servlet_route;vulnerability_label;expected_result;parameter,true,ox14-c000178,/external-v14/case-000178,header_000178,opaque_candidate_id;sanitized_action_path;method;sanitized_parameter_name;input_source;input_type;editable_input_count;required_input_count;parameter_count,benchmark_case_id;source_file;java_class_name;servlet_name;vulnerability_label;expected_result;ground_truth,,audited,
BenchmarkTest01178,OWASP Benchmark Java,1.2,ba2e3f9a29fa3bde6a5c073d679393c9b94f025f,src\main\java\org\owasp\benchmark\testcode\BenchmarkTest01178.java,expectedresults-1.2.csv,xss,vulnerable,case_level,GET_delegates_to_POST,header,/xss-02/BenchmarkTest01178,Referer,text/html;charset=UTF-8,url_decode,cwe-79,not_identified,not_identified,false,ADAPTER_SUPPORTED,FINAL_CONFIRMATORY_ELIGIBLE,current_candidate_transport_does_not_support_header,header_input,false,current_marker_control_likely_sufficient,current_marker_control,required_extension,input_source_header;header_name_transport,true,true,metadata_constructed,benchmark_case_id;source_file;java_class_name;servlet_route;vulnerability_label;expected_result;parameter,true,ox14-c000179,/external-v14/case-000179,header_000179,opaque_candidate_id;sanitized_action_path;method;sanitized_parameter_name;input_source;input_type;editable_input_count;required_input_count;parameter_count,benchmark_case_id;source_file;java_class_name;servlet_name;vulnerability_label;expected_result;ground_truth,,audited,
BenchmarkTest01179,OWASP Benchmark Java,1.2,ba2e3f9a29fa3bde6a5c073d679393c9b94f025f,src\main\java\org\owasp\benchmark\testcode\BenchmarkTest01179.java,expectedresults-1.2.csv,xss,vulnerable,case_level,GET_delegates_to_POST,header,/xss-02/BenchmarkTest01179,Referer,text/html;charset=UTF-8,url_decode,cwe-79,not_identified,not_identified,false,ADAPTER_SUPPORTED,READINESS_ONLY,current_candidate_transport_does_not_support_header,header_input,false,current_marker_control_likely_sufficient,current_marker_control,required_extension,input_source_header;header_name_transport,true,true,metadata_constructed,benchmark_case_id;source_file;java_class_name;servlet_route;vulnerability_label;expected_result;parameter,true,ox14-c000180,/external-v14/case-000180,header_000180,opaque_candidate_id;sanitized_action_path;method;sanitized_parameter_name;input_source;input_type;editable_input_count;required_input_count;parameter_count,benchmark_case_id;source_file;java_class_name;servlet_name;vulnerability_label;expected_result;ground_truth,,audited,
BenchmarkTest01180,OWASP Benchmark Java,1.2,ba2e3f9a29fa3bde6a5c073d679393c9b94f025f,src\main\java\org\owasp\benchmark\testcode\BenchmarkTest01180.java,expectedresults-1.2.csv,xss,non_vulnerable,case_level,GET_delegates_to_POST,header,/xss-02/BenchmarkTest01180,Referer,text/html;charset=UTF-8,url_decode,cwe-79,not_identified,not_identified,false,ADAPTER_SUPPORTED,FINAL_CONFIRMATORY_ELIGIBLE,current_candidate_transport_does_not_support_header,header_input,false,current_marker_control_likely_sufficient,current_marker_control,required_extension,input_source_header;header_name_transport,true,true,metadata_constructed,benchmark_case_id;source_file;java_class_name;servlet_route;vulnerability_label;expected_result;parameter,true,ox14-c000181,/external-v14/case-000181,header_000181,opaque_candidate_id;sanitized_action_path;method;sanitized_parameter_name;input_source;input_type;editable_input_count;required_input_count;parameter_count,benchmark_case_id;source_file;java_class_name;servlet_name;vulnerability_label;expected_result;ground_truth,,audited,
BenchmarkTest01181,OWASP Benchmark Java,1.2,ba2e3f9a29fa3bde6a5c073d679393c9b94f025f,src\main\java\org\owasp\benchmark\testcode\BenchmarkTest01181.java,expectedresults-1.2.csv,xss,vulnerable,case_level,GET_delegates_to_POST,header,/xss-02/BenchmarkTest01181,Referer,text/html;charset=UTF-8,url_decode;base64_transform,cwe-79,not_identified,not_identified,false,ADAPTER_SUPPORTED,FINAL_CONFIRMATORY_ELIGIBLE,current_candidate_transport_does_not_support_header,header_input,false,current_marker_control_likely_sufficient,current_marker_control,required_extension,input_source_header;header_name_transport,true,true,metadata_constructed,benchmark_case_id;source_file;java_class_name;servlet_route;vulnerability_label;expected_result;parameter,true,ox14-c000182,/external-v14/case-000182,header_000182,opaque_candidate_id;sanitized_action_path;method;sanitized_parameter_name;input_source;input_type;editable_input_count;required_input_count;parameter_count,benchmark_case_id;source_file;java_class_name;servlet_name;vulnerability_label;expected_result;ground_truth,,audited,
BenchmarkTest01188,OWASP Benchmark Java,1.2,ba2e3f9a29fa3bde6a5c073d679393c9b94f025f,src\main\java\org\owasp\benchmark\testcode\BenchmarkTest01188.java,expectedresults-1.2.csv,xss,non_vulnerable,case_level,GET_delegates_to_POST,header,/xss-02/BenchmarkTest01188,Referer,text/html;charset=UTF-8,url_decode;html_encoding,cwe-79,not_identified,not_identified,false,ADAPTER_SUPPORTED,FINAL_CONFIRMATORY_ELIGIBLE,current_candidate_transport_does_not_support_header,header_input,false,current_marker_control_likely_sufficient,current_marker_control,required_extension,input_source_header;header_name_transport,true,true,metadata_constructed,benchmark_case_id;source_file;java_class_name;servlet_route;vulnerability_label;expected_result;parameter,true,ox14-c000183,/external-v14/case-000183,header_000183,opaque_candidate_id;sanitized_action_path;method;sanitized_parameter_name;input_source;input_type;editable_input_count;required_input_count;parameter_count,benchmark_case_id;source_file;java_class_name;servlet_name;vulnerability_label;expected_result;ground_truth,,audited,
BenchmarkTest01251,OWASP Benchmark Java,1.2,ba2e3f9a29fa3bde6a5c073d679393c9b94f025f,src\main\java\org\owasp\benchmark\testcode\BenchmarkTest01251.java,expectedresults-1.2.csv,xss,non_vulnerable,case_level,GET_delegates_to_POST,parameter,/xss-02/BenchmarkTest01251,BenchmarkTest01251,text/html;charset=UTF-8,html_encoding,cwe-79,not_identified,not_identified,true,DIRECT,FINAL_CONFIRMATORY_ELIGIBLE,,,not_applicable,current_marker_control_likely_sufficient,current_marker_control,current,,true,true,metadata_constructed,benchmark_case_id;source_file;java_class_name;servlet_route;vulnerability_label;expected_result;parameter,true,ox14-c000184,/external-v14/case-000184,input_000184,opaque_candidate_id;sanitized_action_path;method;sanitized_parameter_name;input_source;input_type;editable_input_count;required_input_count;parameter_count,benchmark_case_id;source_file;java_class_name;servlet_name;vulnerability_label;expected_result;ground_truth,,audited,
BenchmarkTest01252,OWASP Benchmark Java,1.2,ba2e3f9a29fa3bde6a5c073d679393c9b94f025f,src\main\java\org\owasp\benchmark\testcode\BenchmarkTest01252.java,expectedresults-1.2.csv,xss,non_vulnerable,case_level,GET_delegates_to_POST,parameter,/xss-02/BenchmarkTest01252,BenchmarkTest01252,text/html;charset=UTF-8,none_identified,cwe-79,not_identified,not_identified,true,DIRECT,FINAL_CONFIRMATORY_ELIGIBLE,,,not_applicable,current_marker_control_likely_sufficient,current_marker_control,current,,true,true,metadata_constructed,benchmark_case_id;source_file;java_class_name;servlet_route;vulnerability_label;expected_result;parameter,true,ox14-c000185,/external-v14/case-000185,input_000185,opaque_candidate_id;sanitized_action_path;method;sanitized_parameter_name;input_source;input_type;editable_input_count;required_input_count;parameter_count,benchmark_case_id;source_file;java_class_name;servlet_name;vulnerability_label;expected_result;ground_truth,,audited,
BenchmarkTest01253,OWASP Benchmark Java,1.2,ba2e3f9a29fa3bde6a5c073d679393c9b94f025f,src\main\java\org\owasp\benchmark\testcode\BenchmarkTest01253.java,expectedresults-1.2.csv,xss,vulnerable,case_level,GET_delegates_to_POST,parameter,/xss-02/BenchmarkTest01253,BenchmarkTest01253,text/html;charset=UTF-8,none_identified,cwe-79,not_identified,not_identified,true,DIRECT,FINAL_CONFIRMATORY_ELIGIBLE,,,not_applicable,current_marker_control_likely_sufficient,current_marker_control,current,,true,true,metadata_constructed,benchmark_case_id;source_file;java_class_name;servlet_route;vulnerability_label;expected_result;parameter,true,ox14-c000186,/external-v14/case-000186,input_000186,opaque_candidate_id;sanitized_action_path;method;sanitized_parameter_name;input_source;input_type;editable_input_count;required_input_count;parameter_count,benchmark_case_id;source_file;java_class_name;servlet_name;vulnerability_label;expected_result;ground_truth,,audited,
BenchmarkTest01254,OWASP Benchmark Java,1.2,ba2e3f9a29fa3bde6a5c073d679393c9b94f025f,src\main\java\org\owasp\benchmark\testcode\BenchmarkTest01254.java,expectedresults-1.2.csv,xss,vulnerable,case_level,GET_delegates_to_POST,parameter,/xss-02/BenchmarkTest01254,BenchmarkTest01254,text/html;charset=UTF-8,base64_transform,cwe-79,not_identified,not_identified,true,DIRECT,READINESS_ONLY,,,not_applicable,current_marker_control_likely_sufficient,current_marker_control,current,,true,true,metadata_constructed,benchmark_case_id;source_file;java_class_name;servlet_route;vulnerability_label;expected_result;parameter,true,ox14-c000187,/external-v14/case-000187,input_000187,opaque_candidate_id;sanitized_action_path;method;sanitized_parameter_name;input_source;input_type;editable_input_count;required_input_count;parameter_count,benchmark_case_id;source_file;java_class_name;servlet_name;vulnerability_label;expected_result;ground_truth,,audited,
BenchmarkTest01255,OWASP Benchmark Java,1.2,ba2e3f9a29fa3bde6a5c073d679393c9b94f025f,src\main\java\org\owasp\benchmark\testcode\BenchmarkTest01255.java,expectedresults-1.2.csv,xss,non_vulnerable,case_level,GET_delegates_to_POST,parameter,/xss-02/BenchmarkTest01255,BenchmarkTest01255,text/html;charset=UTF-8,html_encoding;string_escape_utils,cwe-79,not_identified,not_identified,true,DIRECT,FINAL_CONFIRMATORY_ELIGIBLE,,,not_applicable,current_marker_control_likely_sufficient,current_marker_control,current,,true,true,metadata_constructed,benchmark_case_id;source_file;java_class_name;servlet_route;vulnerability_label;expected_result;parameter,true,ox14-c000188,/external-v14/case-000188,input_000188,opaque_candidate_id;sanitized_action_path;method;sanitized_parameter_name;input_source;input_type;editable_input_count;required_input_count;parameter_count,benchmark_case_id;source_file;java_class_name;servlet_name;vulnerability_label;expected_result;ground_truth,,audited,
BenchmarkTest01256,OWASP Benchmark Java,1.2,ba2e3f9a29fa3bde6a5c073d679393c9b94f025f,src\main\java\org\owasp\benchmark\testcode\BenchmarkTest01256.java,expectedresults-1.2.csv,xss,non_vulnerable,case_level,GET_delegates_to_POST,parameter,/xss-02/BenchmarkTest01256,BenchmarkTest01256,text/html;charset=UTF-8,none_identified,cwe-79,not_identified,not_identified,true,DIRECT,FINAL_CONFIRMATORY_ELIGIBLE,,,not_applicable,current_marker_control_likely_sufficient,current_marker_control,current,,true,true,metadata_constructed,benchmark_case_id;source_file;java_class_name;servlet_route;vulnerability_label;expected_result;parameter,true,ox14-c000189,/external-v14/case-000189,input_000189,opaque_candidate_id;sanitized_action_path;method;sanitized_parameter_name;input_source;input_type;editable_input_count;required_input_count;parameter_count,benchmark_case_id;source_file;java_class_name;servlet_name;vulnerability_label;expected_result;ground_truth,,audited,
BenchmarkTest01257,OWASP Benchmark Java,1.2,ba2e3f9a29fa3bde6a5c073d679393c9b94f025f,src\main\java\org\owasp\benchmark\testcode\BenchmarkTest01257.java,expectedresults-1.2.csv,xss,vulnerable,case_level,GET_delegates_to_POST,parameter,/xss-02/BenchmarkTest01257,BenchmarkTest01257,text/html;charset=UTF-8,none_identified,cwe-79,not_identified,not_identified,true,DIRECT,FINAL_CONFIRMATORY_ELIGIBLE,,,not_applicable,current_marker_control_likely_sufficient,current_marker_control,current,,true,true,metadata_constructed,benchmark_case_id;source_file;java_class_name;servlet_route;vulnerability_label;expected_result;parameter,true,ox14-c000190,/external-v14/case-000190,input_000190,opaque_candidate_id;sanitized_action_path;method;sanitized_parameter_name;input_source;input_type;editable_input_count;required_input_count;parameter_count,benchmark_case_id;source_file;java_class_name;servlet_name;vulnerability_label;expected_result;ground_truth,,audited,
BenchmarkTest01258,OWASP Benchmark Java,1.2,ba2e3f9a29fa3bde6a5c073d679393c9b94f025f,src\main\java\org\owasp\benchmark\testcode\BenchmarkTest01258.java,expectedresults-1.2.csv,xss,vulnerable,case_level,GET_delegates_to_POST,parameter,/xss-02/BenchmarkTest01258,BenchmarkTest01258,text/html;charset=UTF-8,base64_transform,cwe-79,not_identified,not_identified,true,DIRECT,FINAL_CONFIRMATORY_ELIGIBLE,,,not_applicable,current_marker_control_likely_sufficient,current_marker_control,current,,true,true,metadata_constructed,benchmark_case_id;source_file;java_class_name;servlet_route;vulnerability_label;expected_result;parameter,true,ox14-c000191,/external-v14/case-000191,input_000191,opaque_candidate_id;sanitized_action_path;method;sanitized_parameter_name;input_source;input_type;editable_input_count;required_input_count;parameter_count,benchmark_case_id;source_file;java_class_name;servlet_name;vulnerability_label;expected_result;ground_truth,,audited,
BenchmarkTest01259,OWASP Benchmark Java,1.2,ba2e3f9a29fa3bde6a5c073d679393c9b94f025f,src\main\java\org\owasp\benchmark\testcode\BenchmarkTest01259.java,expectedresults-1.2.csv,xss,vulnerable,case_level,GET_delegates_to_POST,parameter,/xss-02/BenchmarkTest01259,BenchmarkTest01259,text/html;charset=UTF-8,none_identified,cwe-79,not_identified,not_identified,true,DIRECT,FINAL_CONFIRMATORY_ELIGIBLE,,,not_applicable,current_marker_control_likely_sufficient,current_marker_control,current,,true,true,metadata_constructed,benchmark_case_id;source_file;java_class_name;servlet_route;vulnerability_label;expected_result;parameter,true,ox14-c000192,/external-v14/case-000192,input_000192,opaque_candidate_id;sanitized_action_path;method;sanitized_parameter_name;input_source;input_type;editable_input_count;required_input_count;parameter_count,benchmark_case_id;source_file;java_class_name;servlet_name;vulnerability_label;expected_result;ground_truth,,audited,
BenchmarkTest01260,OWASP Benchmark Java,1.2,ba2e3f9a29fa3bde6a5c073d679393c9b94f025f,src\main\java\org\owasp\benchmark\testcode\BenchmarkTest01260.java,expectedresults-1.2.csv,xss,vulnerable,case_level,GET_delegates_to_POST,parameter,/xss-02/BenchmarkTest01260,BenchmarkTest01260,text/html;charset=UTF-8,none_identified,cwe-79,not_identified,not_identified,true,DIRECT,FINAL_CONFIRMATORY_ELIGIBLE,,,not_applicable,current_marker_control_likely_sufficient,current_marker_control,current,,true,true,metadata_constructed,benchmark_case_id;source_file;java_class_name;servlet_route;vulnerability_label;expected_result;parameter,true,ox14-c000193,/external-v14/case-000193,input_000193,opaque_candidate_id;sanitized_action_path;method;sanitized_parameter_name;input_source;input_type;editable_input_count;required_input_count;parameter_count,benchmark_case_id;source_file;java_class_name;servlet_name;vulnerability_label;expected_result;ground_truth,,audited,
BenchmarkTest01261,OWASP Benchmark Java,1.2,ba2e3f9a29fa3bde6a5c073d679393c9b94f025f,src\main\java\org\owasp\benchmark\testcode\BenchmarkTest01261.java,expectedresults-1.2.csv,xss,vulnerable,case_level,GET_delegates_to_POST,parameter,/xss-02/BenchmarkTest01261,BenchmarkTest01261,text/html;charset=UTF-8,base64_transform,cwe-79,not_identified,not_identified,true,DIRECT,FINAL_CONFIRMATORY_ELIGIBLE,,,not_applicable,current_marker_control_likely_sufficient,current_marker_control,current,,true,true,metadata_constructed,benchmark_case_id;source_file;java_class_name;servlet_route;vulnerability_label;expected_result;parameter,true,ox14-c000194,/external-v14/case-000194,input_000194,opaque_candidate_id;sanitized_action_path;method;sanitized_parameter_name;input_source;input_type;editable_input_count;required_input_count;parameter_count,benchmark_case_id;source_file;java_class_name;servlet_name;vulnerability_label;expected_result;ground_truth,,audited,
BenchmarkTest01262,OWASP Benchmark Java,1.2,ba2e3f9a29fa3bde6a5c073d679393c9b94f025f,src\main\java\org\owasp\benchmark\testcode\BenchmarkTest01262.java,expectedresults-1.2.csv,xss,vulnerable,case_level,GET_delegates_to_POST,parameter,/xss-02/BenchmarkTest01262,BenchmarkTest01262,text/html;charset=UTF-8,none_identified,cwe-79,not_identified,not_identified,true,DIRECT,FINAL_CONFIRMATORY_ELIGIBLE,,,not_applicable,current_marker_control_likely_sufficient,current_marker_control,current,,true,true,metadata_constructed,benchmark_case_id;source_file;java_class_name;servlet_route;vulnerability_label;expected_result;parameter,true,ox14-c000195,/external-v14/case-000195,input_000195,opaque_candidate_id;sanitized_action_path;method;sanitized_parameter_name;input_source;input_type;editable_input_count;required_input_count;parameter_count,benchmark_case_id;source_file;java_class_name;servlet_name;vulnerability_label;expected_result;ground_truth,,audited,
BenchmarkTest01263,OWASP Benchmark Java,1.2,ba2e3f9a29fa3bde6a5c073d679393c9b94f025f,src\main\java\org\owasp\benchmark\testcode\BenchmarkTest01263.java,expectedresults-1.2.csv,xss,vulnerable,case_level,GET_delegates_to_POST,parameter,/xss-02/BenchmarkTest01263,BenchmarkTest01263,text/html;charset=UTF-8,none_identified,cwe-79,not_identified,not_identified,true,DIRECT,FINAL_CONFIRMATORY_ELIGIBLE,,,not_applicable,current_marker_control_likely_sufficient,current_marker_control,current,,true,true,metadata_constructed,benchmark_case_id;source_file;java_class_name;servlet_route;vulnerability_label;expected_result;parameter,true,ox14-c000196,/external-v14/case-000196,input_000196,opaque_candidate_id;sanitized_action_path;method;sanitized_parameter_name;input_source;input_type;editable_input_count;required_input_count;parameter_count,benchmark_case_id;source_file;java_class_name;servlet_name;vulnerability_label;expected_result;ground_truth,,audited,
BenchmarkTest01264,OWASP Benchmark Java,1.2,ba2e3f9a29fa3bde6a5c073d679393c9b94f025f,src\main\java\org\owasp\benchmark\testcode\BenchmarkTest01264.java,expectedresults-1.2.csv,xss,non_vulnerable,case_level,GET_delegates_to_POST,parameter,/xss-02/BenchmarkTest01264,BenchmarkTest01264,text/html;charset=UTF-8,html_encoding,cwe-79,not_identified,not_identified,true,DIRECT,FINAL_CONFIRMATORY_ELIGIBLE,,,not_applicable,current_marker_control_likely_sufficient,current_marker_control,current,,true,true,metadata_constructed,benchmark_case_id;source_file;java_class_name;servlet_route;vulnerability_label;expected_result;parameter,true,ox14-c000197,/external-v14/case-000197,input_000197,opaque_candidate_id;sanitized_action_path;method;sanitized_parameter_name;input_source;input_type;editable_input_count;required_input_count;parameter_count,benchmark_case_id;source_file;java_class_name;servlet_name;vulnerability_label;expected_result;ground_truth,,audited,
BenchmarkTest01265,OWASP Benchmark Java,1.2,ba2e3f9a29fa3bde6a5c073d679393c9b94f025f,src\main\java\org\owasp\benchmark\testcode\BenchmarkTest01265.java,expectedresults-1.2.csv,xss,non_vulnerable,case_level,GET_delegates_to_POST,parameter,/xss-02/BenchmarkTest01265,BenchmarkTest01265,text/html;charset=UTF-8,none_identified,cwe-79,not_identified,not_identified,true,DIRECT,FINAL_CONFIRMATORY_ELIGIBLE,,,not_applicable,current_marker_control_likely_sufficient,current_marker_control,current,,true,true,metadata_constructed,benchmark_case_id;source_file;java_class_name;servlet_route;vulnerability_label;expected_result;parameter,true,ox14-c000198,/external-v14/case-000198,input_000198,opaque_candidate_id;sanitized_action_path;method;sanitized_parameter_name;input_source;input_type;editable_input_count;required_input_count;parameter_count,benchmark_case_id;source_file;java_class_name;servlet_name;vulnerability_label;expected_result;ground_truth,,audited,
BenchmarkTest01266,OWASP Benchmark Java,1.2,ba2e3f9a29fa3bde6a5c073d679393c9b94f025f,src\main\java\org\owasp\benchmark\testcode\BenchmarkTest01266.java,expectedresults-1.2.csv,xss,vulnerable,case_level,GET_delegates_to_POST,parameter,/xss-02/BenchmarkTest01266,BenchmarkTest01266,text/html;charset=UTF-8,none_identified,cwe-79,not_identified,not_identified,true,DIRECT,FINAL_CONFIRMATORY_ELIGIBLE,,,not_applicable,current_marker_control_likely_sufficient,current_marker_control,current,,true,true,metadata_constructed,benchmark_case_id;source_file;java_class_name;servlet_route;vulnerability_label;expected_result;parameter,true,ox14-c000199,/external-v14/case-000199,input_000199,opaque_candidate_id;sanitized_action_path;method;sanitized_parameter_name;input_source;input_type;editable_input_count;required_input_count;parameter_count,benchmark_case_id;source_file;java_class_name;servlet_name;vulnerability_label;expected_result;ground_truth,,audited,
BenchmarkTest01267,OWASP Benchmark Java,1.2,ba2e3f9a29fa3bde6a5c073d679393c9b94f025f,src\main\java\org\owasp\benchmark\testcode\BenchmarkTest01267.java,expectedresults-1.2.csv,xss,vulnerable,case_level,GET_delegates_to_POST,parameter,/xss-02/BenchmarkTest01267,BenchmarkTest01267,text/html;charset=UTF-8,none_identified,cwe-79,not_identified,not_identified,true,DIRECT,FINAL_CONFIRMATORY_ELIGIBLE,,,not_applicable,current_marker_control_likely_sufficient,current_marker_control,current,,true,true,metadata_constructed,benchmark_case_id;source_file;java_class_name;servlet_route;vulnerability_label;expected_result;parameter,true,ox14-c000200,/external-v14/case-000200,input_000200,opaque_candidate_id;sanitized_action_path;method;sanitized_parameter_name;input_source;input_type;editable_input_count;required_input_count;parameter_count,benchmark_case_id;source_file;java_class_name;servlet_name;vulnerability_label;expected_result;ground_truth,,audited,
BenchmarkTest01268,OWASP Benchmark Java,1.2,ba2e3f9a29fa3bde6a5c073d679393c9b94f025f,src\main\java\org\owasp\benchmark\testcode\BenchmarkTest01268.java,expectedresults-1.2.csv,xss,vulnerable,case_level,GET_delegates_to_POST,parameter,/xss-02/BenchmarkTest01268,BenchmarkTest01268,text/html;charset=UTF-8,base64_transform,cwe-79,not_identified,not_identified,true,DIRECT,FINAL_CONFIRMATORY_ELIGIBLE,,,not_applicable,current_marker_control_likely_sufficient,current_marker_control,current,,true,true,metadata_constructed,benchmark_case_id;source_file;java_class_name;servlet_route;vulnerability_label;expected_result;parameter,true,ox14-c000201,/external-v14/case-000201,input_000201,opaque_candidate_id;sanitized_action_path;method;sanitized_parameter_name;input_source;input_type;editable_input_count;required_input_count;parameter_count,benchmark_case_id;source_file;java_class_name;servlet_name;vulnerability_label;expected_result;ground_truth,,audited,
BenchmarkTest01284,OWASP Benchmark Java,1.2,ba2e3f9a29fa3bde6a5c073d679393c9b94f025f,src\main\java\org\owasp\benchmark\testcode\BenchmarkTest01284.java,expectedresults-1.2.csv,xss,vulnerable,case_level,GET_delegates_to_POST,parameter,/xss-02/BenchmarkTest01284,BenchmarkTest01284,text/html;charset=UTF-8,none_identified,cwe-79,not_identified,not_identified,true,DIRECT,FINAL_CONFIRMATORY_ELIGIBLE,,,not_applicable,current_marker_control_likely_sufficient,current_marker_control,current,,true,true,metadata_constructed,benchmark_case_id;source_file;java_class_name;servlet_route;vulnerability_label;expected_result;parameter,true,ox14-c000202,/external-v14/case-000202,input_000202,opaque_candidate_id;sanitized_action_path;method;sanitized_parameter_name;input_source;input_type;editable_input_count;required_input_count;parameter_count,benchmark_case_id;source_file;java_class_name;servlet_name;vulnerability_label;expected_result;ground_truth,,audited,
BenchmarkTest01335,OWASP Benchmark Java,1.2,ba2e3f9a29fa3bde6a5c073d679393c9b94f025f,src\main\java\org\owasp\benchmark\testcode\BenchmarkTest01335.java,expectedresults-1.2.csv,xss,vulnerable,case_level,GET_delegates_to_POST,parameter_map,/xss-02/BenchmarkTest01335,BenchmarkTest01335,text/html;charset=UTF-8,none_identified,cwe-79,not_identified,not_identified,true,DIRECT,FINAL_CONFIRMATORY_ELIGIBLE,,,not_applicable,current_marker_control_likely_sufficient,current_marker_control,current,,true,true,metadata_constructed,benchmark_case_id;source_file;java_class_name;servlet_route;vulnerability_label;expected_result;parameter,true,ox14-c000203,/external-v14/case-000203,input_000203,opaque_candidate_id;sanitized_action_path;method;sanitized_parameter_name;input_source;input_type;editable_input_count;required_input_count;parameter_count,benchmark_case_id;source_file;java_class_name;servlet_name;vulnerability_label;expected_result;ground_truth,,audited,
BenchmarkTest01336,OWASP Benchmark Java,1.2,ba2e3f9a29fa3bde6a5c073d679393c9b94f025f,src\main\java\org\owasp\benchmark\testcode\BenchmarkTest01336.java,expectedresults-1.2.csv,xss,non_vulnerable,case_level,GET_delegates_to_POST,parameter_map,/xss-02/BenchmarkTest01336,BenchmarkTest01336,text/html;charset=UTF-8,none_identified,cwe-79,not_identified,not_identified,true,DIRECT,FINAL_CONFIRMATORY_ELIGIBLE,,,not_applicable,current_marker_control_likely_sufficient,current_marker_control,current,,true,true,metadata_constructed,benchmark_case_id;source_file;java_class_name;servlet_route;vulnerability_label;expected_result;parameter,true,ox14-c000204,/external-v14/case-000204,input_000204,opaque_candidate_id;sanitized_action_path;method;sanitized_parameter_name;input_source;input_type;editable_input_count;required_input_count;parameter_count,benchmark_case_id;source_file;java_class_name;servlet_name;vulnerability_label;expected_result;ground_truth,,audited,
BenchmarkTest01337,OWASP Benchmark Java,1.2,ba2e3f9a29fa3bde6a5c073d679393c9b94f025f,src\main\java\org\owasp\benchmark\testcode\BenchmarkTest01337.java,expectedresults-1.2.csv,xss,vulnerable,case_level,GET_delegates_to_POST,parameter_map,/xss-02/BenchmarkTest01337,BenchmarkTest01337,text/html;charset=UTF-8,none_identified,cwe-79,not_identified,not_identified,true,DIRECT,FINAL_CONFIRMATORY_ELIGIBLE,,,not_applicable,current_marker_control_likely_sufficient,current_marker_control,current,,true,true,metadata_constructed,benchmark_case_id;source_file;java_class_name;servlet_route;vulnerability_label;expected_result;parameter,true,ox14-c000205,/external-v14/case-000205,input_000205,opaque_candidate_id;sanitized_action_path;method;sanitized_parameter_name;input_source;input_type;editable_input_count;required_input_count;parameter_count,benchmark_case_id;source_file;java_class_name;servlet_name;vulnerability_label;expected_result;ground_truth,,audited,
BenchmarkTest01338,OWASP Benchmark Java,1.2,ba2e3f9a29fa3bde6a5c073d679393c9b94f025f,src\main\java\org\owasp\benchmark\testcode\BenchmarkTest01338.java,expectedresults-1.2.csv,xss,non_vulnerable,case_level,GET_delegates_to_POST,parameter_map,/xss-02/BenchmarkTest01338,BenchmarkTest01338,text/html;charset=UTF-8,none_identified,cwe-79,not_identified,not_identified,true,DIRECT,READINESS_ONLY,,,not_applicable,current_marker_control_likely_sufficient,current_marker_control,current,,true,true,metadata_constructed,benchmark_case_id;source_file;java_class_name;servlet_route;vulnerability_label;expected_result;parameter,true,ox14-c000206,/external-v14/case-000206,input_000206,opaque_candidate_id;sanitized_action_path;method;sanitized_parameter_name;input_source;input_type;editable_input_count;required_input_count;parameter_count,benchmark_case_id;source_file;java_class_name;servlet_name;vulnerability_label;expected_result;ground_truth,,audited,
BenchmarkTest01339,OWASP Benchmark Java,1.2,ba2e3f9a29fa3bde6a5c073d679393c9b94f025f,src\main\java\org\owasp\benchmark\testcode\BenchmarkTest01339.java,expectedresults-1.2.csv,xss,non_vulnerable,case_level,GET_delegates_to_POST,parameter_map,/xss-02/BenchmarkTest01339,BenchmarkTest01339,text/html;charset=UTF-8,none_identified,cwe-79,not_identified,not_identified,true,DIRECT,FINAL_CONFIRMATORY_ELIGIBLE,,,not_applicable,current_marker_control_likely_sufficient,current_marker_control,current,,true,true,metadata_constructed,benchmark_case_id;source_file;java_class_name;servlet_route;vulnerability_label;expected_result;parameter,true,ox14-c000207,/external-v14/case-000207,input_000207,opaque_candidate_id;sanitized_action_path;method;sanitized_parameter_name;input_source;input_type;editable_input_count;required_input_count;parameter_count,benchmark_case_id;source_file;java_class_name;servlet_name;vulnerability_label;expected_result;ground_truth,,audited,
BenchmarkTest01340,OWASP Benchmark Java,1.2,ba2e3f9a29fa3bde6a5c073d679393c9b94f025f,src\main\java\org\owasp\benchmark\testcode\BenchmarkTest01340.java,expectedresults-1.2.csv,xss,non_vulnerable,case_level,GET_delegates_to_POST,parameter_map,/xss-02/BenchmarkTest01340,BenchmarkTest01340,text/html;charset=UTF-8,none_identified,cwe-79,not_identified,not_identified,true,DIRECT,FINAL_CONFIRMATORY_ELIGIBLE,,,not_applicable,current_marker_control_likely_sufficient,current_marker_control,current,,true,true,metadata_constructed,benchmark_case_id;source_file;java_class_name;servlet_route;vulnerability_label;expected_result;parameter,true,ox14-c000208,/external-v14/case-000208,input_000208,opaque_candidate_id;sanitized_action_path;method;sanitized_parameter_name;input_source;input_type;editable_input_count;required_input_count;parameter_count,benchmark_case_id;source_file;java_class_name;servlet_name;vulnerability_label;expected_result;ground_truth,,audited,
BenchmarkTest01341,OWASP Benchmark Java,1.2,ba2e3f9a29fa3bde6a5c073d679393c9b94f025f,src\main\java\org\owasp\benchmark\testcode\BenchmarkTest01341.java,expectedresults-1.2.csv,xss,non_vulnerable,case_level,GET_delegates_to_POST,parameter_map,/xss-02/BenchmarkTest01341,BenchmarkTest01341,text/html;charset=UTF-8,base64_transform,cwe-79,not_identified,not_identified,true,DIRECT,FINAL_CONFIRMATORY_ELIGIBLE,,,not_applicable,current_marker_control_likely_sufficient,current_marker_control,current,,true,true,metadata_constructed,benchmark_case_id;source_file;java_class_name;servlet_route;vulnerability_label;expected_result;parameter,true,ox14-c000209,/external-v14/case-000209,input_000209,opaque_candidate_id;sanitized_action_path;method;sanitized_parameter_name;input_source;input_type;editable_input_count;required_input_count;parameter_count,benchmark_case_id;source_file;java_class_name;servlet_name;vulnerability_label;expected_result;ground_truth,,audited,
BenchmarkTest01342,OWASP Benchmark Java,1.2,ba2e3f9a29fa3bde6a5c073d679393c9b94f025f,src\main\java\org\owasp\benchmark\testcode\BenchmarkTest01342.java,expectedresults-1.2.csv,xss,non_vulnerable,case_level,GET_delegates_to_POST,parameter_map,/xss-02/BenchmarkTest01342,BenchmarkTest01342,text/html;charset=UTF-8,none_identified,cwe-79,not_identified,not_identified,true,DIRECT,FINAL_CONFIRMATORY_ELIGIBLE,,,not_applicable,current_marker_control_likely_sufficient,current_marker_control,current,,true,true,metadata_constructed,benchmark_case_id;source_file;java_class_name;servlet_route;vulnerability_label;expected_result;parameter,true,ox14-c000210,/external-v14/case-000210,input_000210,opaque_candidate_id;sanitized_action_path;method;sanitized_parameter_name;input_source;input_type;editable_input_count;required_input_count;parameter_count,benchmark_case_id;source_file;java_class_name;servlet_name;vulnerability_label;expected_result;ground_truth,,audited,
BenchmarkTest01343,OWASP Benchmark Java,1.2,ba2e3f9a29fa3bde6a5c073d679393c9b94f025f,src\main\java\org\owasp\benchmark\testcode\BenchmarkTest01343.java,expectedresults-1.2.csv,xss,non_vulnerable,case_level,GET_delegates_to_POST,parameter_map,/xss-02/BenchmarkTest01343,BenchmarkTest01343,text/html;charset=UTF-8,none_identified,cwe-79,not_identified,not_identified,true,DIRECT,FINAL_CONFIRMATORY_ELIGIBLE,,,not_applicable,current_marker_control_likely_sufficient,current_marker_control,current,,true,true,metadata_constructed,benchmark_case_id;source_file;java_class_name;servlet_route;vulnerability_label;expected_result;parameter,true,ox14-c000211,/external-v14/case-000211,input_000211,opaque_candidate_id;sanitized_action_path;method;sanitized_parameter_name;input_source;input_type;editable_input_count;required_input_count;parameter_count,benchmark_case_id;source_file;java_class_name;servlet_name;vulnerability_label;expected_result;ground_truth,,audited,
BenchmarkTest01344,OWASP Benchmark Java,1.2,ba2e3f9a29fa3bde6a5c073d679393c9b94f025f,src\main\java\org\owasp\benchmark\testcode\BenchmarkTest01344.java,expectedresults-1.2.csv,xss,non_vulnerable,case_level,GET_delegates_to_POST,parameter_map,/xss-02/BenchmarkTest01344,BenchmarkTest01344,text/html;charset=UTF-8,none_identified,cwe-79,not_identified,not_identified,true,DIRECT,FINAL_CONFIRMATORY_ELIGIBLE,,,not_applicable,current_marker_control_likely_sufficient,current_marker_control,current,,true,true,metadata_constructed,benchmark_case_id;source_file;java_class_name;servlet_route;vulnerability_label;expected_result;parameter,true,ox14-c000212,/external-v14/case-000212,input_000212,opaque_candidate_id;sanitized_action_path;method;sanitized_parameter_name;input_source;input_type;editable_input_count;required_input_count;parameter_count,benchmark_case_id;source_file;java_class_name;servlet_name;vulnerability_label;expected_result;ground_truth,,audited,
BenchmarkTest01345,OWASP Benchmark Java,1.2,ba2e3f9a29fa3bde6a5c073d679393c9b94f025f,src\main\java\org\owasp\benchmark\testcode\BenchmarkTest01345.java,expectedresults-1.2.csv,xss,non_vulnerable,case_level,GET_delegates_to_POST,parameter_map,/xss-02/BenchmarkTest01345,BenchmarkTest01345,text/html;charset=UTF-8,none_identified,cwe-79,not_identified,not_identified,true,DIRECT,READINESS_ONLY,,,not_applicable,current_marker_control_likely_sufficient,current_marker_control,current,,true,true,metadata_constructed,benchmark_case_id;source_file;java_class_name;servlet_route;vulnerability_label;expected_result;parameter,true,ox14-c000213,/external-v14/case-000213,input_000213,opaque_candidate_id;sanitized_action_path;method;sanitized_parameter_name;input_source;input_type;editable_input_count;required_input_count;parameter_count,benchmark_case_id;source_file;java_class_name;servlet_name;vulnerability_label;expected_result;ground_truth,,audited,
BenchmarkTest01346,OWASP Benchmark Java,1.2,ba2e3f9a29fa3bde6a5c073d679393c9b94f025f,src\main\java\org\owasp\benchmark\testcode\BenchmarkTest01346.java,expectedresults-1.2.csv,xss,vulnerable,case_level,GET_delegates_to_POST,parameter_map,/xss-02/BenchmarkTest01346,BenchmarkTest01346,text/html;charset=UTF-8,none_identified,cwe-79,not_identified,not_identified,true,DIRECT,FINAL_CONFIRMATORY_ELIGIBLE,,,not_applicable,current_marker_control_likely_sufficient,current_marker_control,current,,true,true,metadata_constructed,benchmark_case_id;source_file;java_class_name;servlet_route;vulnerability_label;expected_result;parameter,true,ox14-c000214,/external-v14/case-000214,input_000214,opaque_candidate_id;sanitized_action_path;method;sanitized_parameter_name;input_source;input_type;editable_input_count;required_input_count;parameter_count,benchmark_case_id;source_file;java_class_name;servlet_name;vulnerability_label;expected_result;ground_truth,,audited,
BenchmarkTest01347,OWASP Benchmark Java,1.2,ba2e3f9a29fa3bde6a5c073d679393c9b94f025f,src\main\java\org\owasp\benchmark\testcode\BenchmarkTest01347.java,expectedresults-1.2.csv,xss,vulnerable,case_level,GET_delegates_to_POST,parameter_map,/xss-02/BenchmarkTest01347,BenchmarkTest01347,text/html;charset=UTF-8,base64_transform,cwe-79,not_identified,not_identified,true,DIRECT,FINAL_CONFIRMATORY_ELIGIBLE,,,not_applicable,current_marker_control_likely_sufficient,current_marker_control,current,,true,true,metadata_constructed,benchmark_case_id;source_file;java_class_name;servlet_route;vulnerability_label;expected_result;parameter,true,ox14-c000215,/external-v14/case-000215,input_000215,opaque_candidate_id;sanitized_action_path;method;sanitized_parameter_name;input_source;input_type;editable_input_count;required_input_count;parameter_count,benchmark_case_id;source_file;java_class_name;servlet_name;vulnerability_label;expected_result;ground_truth,,audited,
BenchmarkTest01348,OWASP Benchmark Java,1.2,ba2e3f9a29fa3bde6a5c073d679393c9b94f025f,src\main\java\org\owasp\benchmark\testcode\BenchmarkTest01348.java,expectedresults-1.2.csv,xss,non_vulnerable,case_level,GET_delegates_to_POST,parameter_map,/xss-02/BenchmarkTest01348,BenchmarkTest01348,text/html;charset=UTF-8,none_identified,cwe-79,not_identified,not_identified,true,DIRECT,FINAL_CONFIRMATORY_ELIGIBLE,,,not_applicable,current_marker_control_likely_sufficient,current_marker_control,current,,true,true,metadata_constructed,benchmark_case_id;source_file;java_class_name;servlet_route;vulnerability_label;expected_result;parameter,true,ox14-c000216,/external-v14/case-000216,input_000216,opaque_candidate_id;sanitized_action_path;method;sanitized_parameter_name;input_source;input_type;editable_input_count;required_input_count;parameter_count,benchmark_case_id;source_file;java_class_name;servlet_name;vulnerability_label;expected_result;ground_truth,,audited,
BenchmarkTest01349,OWASP Benchmark Java,1.2,ba2e3f9a29fa3bde6a5c073d679393c9b94f025f,src\main\java\org\owasp\benchmark\testcode\BenchmarkTest01349.java,expectedresults-1.2.csv,xss,vulnerable,case_level,GET_delegates_to_POST,parameter_map,/xss-02/BenchmarkTest01349,BenchmarkTest01349,text/html;charset=UTF-8,none_identified,cwe-79,not_identified,not_identified,true,DIRECT,FINAL_CONFIRMATORY_ELIGIBLE,,,not_applicable,current_marker_control_likely_sufficient,current_marker_control,current,,true,true,metadata_constructed,benchmark_case_id;source_file;java_class_name;servlet_route;vulnerability_label;expected_result;parameter,true,ox14-c000217,/external-v14/case-000217,input_000217,opaque_candidate_id;sanitized_action_path;method;sanitized_parameter_name;input_source;input_type;editable_input_count;required_input_count;parameter_count,benchmark_case_id;source_file;java_class_name;servlet_name;vulnerability_label;expected_result;ground_truth,,audited,
BenchmarkTest01350,OWASP Benchmark Java,1.2,ba2e3f9a29fa3bde6a5c073d679393c9b94f025f,src\main\java\org\owasp\benchmark\testcode\BenchmarkTest01350.java,expectedresults-1.2.csv,xss,vulnerable,case_level,GET_delegates_to_POST,parameter_map,/xss-02/BenchmarkTest01350,BenchmarkTest01350,text/html;charset=UTF-8,none_identified,cwe-79,not_identified,not_identified,true,DIRECT,FINAL_CONFIRMATORY_ELIGIBLE,,,not_applicable,current_marker_control_likely_sufficient,current_marker_control,current,,true,true,metadata_constructed,benchmark_case_id;source_file;java_class_name;servlet_route;vulnerability_label;expected_result;parameter,true,ox14-c000218,/external-v14/case-000218,input_000218,opaque_candidate_id;sanitized_action_path;method;sanitized_parameter_name;input_source;input_type;editable_input_count;required_input_count;parameter_count,benchmark_case_id;source_file;java_class_name;servlet_name;vulnerability_label;expected_result;ground_truth,,audited,
BenchmarkTest01351,OWASP Benchmark Java,1.2,ba2e3f9a29fa3bde6a5c073d679393c9b94f025f,src\main\java\org\owasp\benchmark\testcode\BenchmarkTest01351.java,expectedresults-1.2.csv,xss,non_vulnerable,case_level,GET_delegates_to_POST,parameter_map,/xss-02/BenchmarkTest01351,BenchmarkTest01351,text/html;charset=UTF-8,none_identified,cwe-79,not_identified,not_identified,true,DIRECT,FINAL_CONFIRMATORY_ELIGIBLE,,,not_applicable,current_marker_control_likely_sufficient,current_marker_control,current,,true,true,metadata_constructed,benchmark_case_id;source_file;java_class_name;servlet_route;vulnerability_label;expected_result;parameter,true,ox14-c000219,/external-v14/case-000219,input_000219,opaque_candidate_id;sanitized_action_path;method;sanitized_parameter_name;input_source;input_type;editable_input_count;required_input_count;parameter_count,benchmark_case_id;source_file;java_class_name;servlet_name;vulnerability_label;expected_result;ground_truth,,audited,
BenchmarkTest01352,OWASP Benchmark Java,1.2,ba2e3f9a29fa3bde6a5c073d679393c9b94f025f,src\main\java\org\owasp\benchmark\testcode\BenchmarkTest01352.java,expectedresults-1.2.csv,xss,non_vulnerable,case_level,GET_delegates_to_POST,parameter_map,/xss-02/BenchmarkTest01352,BenchmarkTest01352,text/html;charset=UTF-8,none_identified,cwe-79,not_identified,not_identified,true,DIRECT,FINAL_CONFIRMATORY_ELIGIBLE,,,not_applicable,current_marker_control_likely_sufficient,current_marker_control,current,,true,true,metadata_constructed,benchmark_case_id;source_file;java_class_name;servlet_route;vulnerability_label;expected_result;parameter,true,ox14-c000220,/external-v14/case-000220,input_000220,opaque_candidate_id;sanitized_action_path;method;sanitized_parameter_name;input_source;input_type;editable_input_count;required_input_count;parameter_count,benchmark_case_id;source_file;java_class_name;servlet_name;vulnerability_label;expected_result;ground_truth,,audited,
BenchmarkTest01417,OWASP Benchmark Java,1.2,ba2e3f9a29fa3bde6a5c073d679393c9b94f025f,src\main\java\org\owasp\benchmark\testcode\BenchmarkTest01417.java,expectedresults-1.2.csv,xss,vulnerable,case_level,GET_delegates_to_POST,parameter_name_enumeration,/xss-02/BenchmarkTest01417,dynamic_parameter_name,text/html;charset=UTF-8,none_identified,cwe-79,not_identified,not_identified,false,ADAPTER_SUPPORTED,FINAL_CONFIRMATORY_ELIGIBLE,current_candidate_transport_does_not_support_parameter_name_enumeration,parameter_name_value_adapter,false,current_marker_control_likely_sufficient,current_marker_control,required_extension,dynamic_parameter_name_and_value_transport,true,true,metadata_constructed,benchmark_case_id;source_file;java_class_name;servlet_route;vulnerability_label;expected_result;parameter,true,ox14-c000221,/external-v14/case-000221,input_000221,opaque_candidate_id;sanitized_action_path;method;sanitized_parameter_name;input_source;input_type;editable_input_count;required_input_count;parameter_count,benchmark_case_id;source_file;java_class_name;servlet_name;vulnerability_label;expected_result;ground_truth,,audited,dynamic parameter-name/value enumeration
BenchmarkTest01418,OWASP Benchmark Java,1.2,ba2e3f9a29fa3bde6a5c073d679393c9b94f025f,src\main\java\org\owasp\benchmark\testcode\BenchmarkTest01418.java,expectedresults-1.2.csv,xss,vulnerable,case_level,GET_delegates_to_POST,parameter_name_enumeration,/xss-02/BenchmarkTest01418,dynamic_parameter_name,text/html;charset=UTF-8,base64_transform,cwe-79,not_identified,not_identified,false,ADAPTER_SUPPORTED,FINAL_CONFIRMATORY_ELIGIBLE,current_candidate_transport_does_not_support_parameter_name_enumeration,parameter_name_value_adapter,false,current_marker_control_likely_sufficient,current_marker_control,required_extension,dynamic_parameter_name_and_value_transport,true,true,metadata_constructed,benchmark_case_id;source_file;java_class_name;servlet_route;vulnerability_label;expected_result;parameter,true,ox14-c000222,/external-v14/case-000222,input_000222,opaque_candidate_id;sanitized_action_path;method;sanitized_parameter_name;input_source;input_type;editable_input_count;required_input_count;parameter_count,benchmark_case_id;source_file;java_class_name;servlet_name;vulnerability_label;expected_result;ground_truth,,audited,dynamic parameter-name/value enumeration
BenchmarkTest01419,OWASP Benchmark Java,1.2,ba2e3f9a29fa3bde6a5c073d679393c9b94f025f,src\main\java\org\owasp\benchmark\testcode\BenchmarkTest01419.java,expectedresults-1.2.csv,xss,non_vulnerable,case_level,GET_delegates_to_POST,parameter_name_enumeration,/xss-02/BenchmarkTest01419,dynamic_parameter_name,text/html;charset=UTF-8,none_identified,cwe-79,not_identified,not_identified,false,ADAPTER_SUPPORTED,FINAL_CONFIRMATORY_ELIGIBLE,current_candidate_transport_does_not_support_parameter_name_enumeration,parameter_name_value_adapter,false,current_marker_control_likely_sufficient,current_marker_control,required_extension,dynamic_parameter_name_and_value_transport,true,true,metadata_constructed,benchmark_case_id;source_file;java_class_name;servlet_route;vulnerability_label;expected_result;parameter,true,ox14-c000223,/external-v14/case-000223,input_000223,opaque_candidate_id;sanitized_action_path;method;sanitized_parameter_name;input_source;input_type;editable_input_count;required_input_count;parameter_count,benchmark_case_id;source_file;java_class_name;servlet_name;vulnerability_label;expected_result;ground_truth,,audited,dynamic parameter-name/value enumeration
BenchmarkTest01420,OWASP Benchmark Java,1.2,ba2e3f9a29fa3bde6a5c073d679393c9b94f025f,src\main\java\org\owasp\benchmark\testcode\BenchmarkTest01420.java,expectedresults-1.2.csv,xss,non_vulnerable,case_level,GET_delegates_to_POST,parameter_name_enumeration,/xss-02/BenchmarkTest01420,dynamic_parameter_name,text/html;charset=UTF-8,html_encoding,cwe-79,not_identified,not_identified,false,ADAPTER_SUPPORTED,FINAL_CONFIRMATORY_ELIGIBLE,current_candidate_transport_does_not_support_parameter_name_enumeration,parameter_name_value_adapter,false,current_marker_control_likely_sufficient,current_marker_control,required_extension,dynamic_parameter_name_and_value_transport,true,true,metadata_constructed,benchmark_case_id;source_file;java_class_name;servlet_route;vulnerability_label;expected_result;parameter,true,ox14-c000224,/external-v14/case-000224,input_000224,opaque_candidate_id;sanitized_action_path;method;sanitized_parameter_name;input_source;input_type;editable_input_count;required_input_count;parameter_count,benchmark_case_id;source_file;java_class_name;servlet_name;vulnerability_label;expected_result;ground_truth,,audited,dynamic parameter-name/value enumeration
BenchmarkTest01421,OWASP Benchmark Java,1.2,ba2e3f9a29fa3bde6a5c073d679393c9b94f025f,src\main\java\org\owasp\benchmark\testcode\BenchmarkTest01421.java,expectedresults-1.2.csv,xss,non_vulnerable,case_level,GET_delegates_to_POST,parameter_name_enumeration,/xss-02/BenchmarkTest01421,dynamic_parameter_name,text/html;charset=UTF-8,none_identified,cwe-79,not_identified,not_identified,false,ADAPTER_SUPPORTED,FINAL_CONFIRMATORY_ELIGIBLE,current_candidate_transport_does_not_support_parameter_name_enumeration,parameter_name_value_adapter,false,current_marker_control_likely_sufficient,current_marker_control,required_extension,dynamic_parameter_name_and_value_transport,true,true,metadata_constructed,benchmark_case_id;source_file;java_class_name;servlet_route;vulnerability_label;expected_result;parameter,true,ox14-c000225,/external-v14/case-000225,input_000225,opaque_candidate_id;sanitized_action_path;method;sanitized_parameter_name;input_source;input_type;editable_input_count;required_input_count;parameter_count,benchmark_case_id;source_file;java_class_name;servlet_name;vulnerability_label;expected_result;ground_truth,,audited,dynamic parameter-name/value enumeration
BenchmarkTest01422,OWASP Benchmark Java,1.2,ba2e3f9a29fa3bde6a5c073d679393c9b94f025f,src\main\java\org\owasp\benchmark\testcode\BenchmarkTest01422.java,expectedresults-1.2.csv,xss,non_vulnerable,case_level,GET_delegates_to_POST,parameter_name_enumeration,/xss-02/BenchmarkTest01422,dynamic_parameter_name,text/html;charset=UTF-8,none_identified,cwe-79,not_identified,not_identified,false,ADAPTER_SUPPORTED,FINAL_CONFIRMATORY_ELIGIBLE,current_candidate_transport_does_not_support_parameter_name_enumeration,parameter_name_value_adapter,false,current_marker_control_likely_sufficient,current_marker_control,required_extension,dynamic_parameter_name_and_value_transport,true,true,metadata_constructed,benchmark_case_id;source_file;java_class_name;servlet_route;vulnerability_label;expected_result;parameter,true,ox14-c000226,/external-v14/case-000226,input_000226,opaque_candidate_id;sanitized_action_path;method;sanitized_parameter_name;input_source;input_type;editable_input_count;required_input_count;parameter_count,benchmark_case_id;source_file;java_class_name;servlet_name;vulnerability_label;expected_result;ground_truth,,audited,dynamic parameter-name/value enumeration
BenchmarkTest01423,OWASP Benchmark Java,1.2,ba2e3f9a29fa3bde6a5c073d679393c9b94f025f,src\main\java\org\owasp\benchmark\testcode\BenchmarkTest01423.java,expectedresults-1.2.csv,xss,vulnerable,case_level,GET_delegates_to_POST,parameter_name_enumeration,/xss-02/BenchmarkTest01423,dynamic_parameter_name,text/html;charset=UTF-8,none_identified,cwe-79,not_identified,not_identified,false,ADAPTER_SUPPORTED,FINAL_CONFIRMATORY_ELIGIBLE,current_candidate_transport_does_not_support_parameter_name_enumeration,parameter_name_value_adapter,false,current_marker_control_likely_sufficient,current_marker_control,required_extension,dynamic_parameter_name_and_value_transport,true,true,metadata_constructed,benchmark_case_id;source_file;java_class_name;servlet_route;vulnerability_label;expected_result;parameter,true,ox14-c000227,/external-v14/case-000227,input_000227,opaque_candidate_id;sanitized_action_path;method;sanitized_parameter_name;input_source;input_type;editable_input_count;required_input_count;parameter_count,benchmark_case_id;source_file;java_class_name;servlet_name;vulnerability_label;expected_result;ground_truth,,audited,dynamic parameter-name/value enumeration
BenchmarkTest01424,OWASP Benchmark Java,1.2,ba2e3f9a29fa3bde6a5c073d679393c9b94f025f,src\main\java\org\owasp\benchmark\testcode\BenchmarkTest01424.java,expectedresults-1.2.csv,xss,vulnerable,case_level,GET_delegates_to_POST,parameter_name_enumeration,/xss-02/BenchmarkTest01424,dynamic_parameter_name,text/html;charset=UTF-8,none_identified,cwe-79,not_identified,not_identified,false,ADAPTER_SUPPORTED,FINAL_CONFIRMATORY_ELIGIBLE,current_candidate_transport_does_not_support_parameter_name_enumeration,parameter_name_value_adapter,false,current_marker_control_likely_sufficient,current_marker_control,required_extension,dynamic_parameter_name_and_value_transport,true,true,metadata_constructed,benchmark_case_id;source_file;java_class_name;servlet_route;vulnerability_label;expected_result;parameter,true,ox14-c000228,/external-v14/case-000228,input_000228,opaque_candidate_id;sanitized_action_path;method;sanitized_parameter_name;input_source;input_type;editable_input_count;required_input_count;parameter_count,benchmark_case_id;source_file;java_class_name;servlet_name;vulnerability_label;expected_result;ground_truth,,audited,dynamic parameter-name/value enumeration
BenchmarkTest01425,OWASP Benchmark Java,1.2,ba2e3f9a29fa3bde6a5c073d679393c9b94f025f,src\main\java\org\owasp\benchmark\testcode\BenchmarkTest01425.java,expectedresults-1.2.csv,xss,non_vulnerable,case_level,GET_delegates_to_POST,parameter_name_enumeration,/xss-02/BenchmarkTest01425,dynamic_parameter_name,text/html;charset=UTF-8,none_identified,cwe-79,not_identified,not_identified,false,ADAPTER_SUPPORTED,FINAL_CONFIRMATORY_ELIGIBLE,current_candidate_transport_does_not_support_parameter_name_enumeration,parameter_name_value_adapter,false,current_marker_control_likely_sufficient,current_marker_control,required_extension,dynamic_parameter_name_and_value_transport,true,true,metadata_constructed,benchmark_case_id;source_file;java_class_name;servlet_route;vulnerability_label;expected_result;parameter,true,ox14-c000229,/external-v14/case-000229,input_000229,opaque_candidate_id;sanitized_action_path;method;sanitized_parameter_name;input_source;input_type;editable_input_count;required_input_count;parameter_count,benchmark_case_id;source_file;java_class_name;servlet_name;vulnerability_label;expected_result;ground_truth,,audited,dynamic parameter-name/value enumeration
BenchmarkTest01426,OWASP Benchmark Java,1.2,ba2e3f9a29fa3bde6a5c073d679393c9b94f025f,src\main\java\org\owasp\benchmark\testcode\BenchmarkTest01426.java,expectedresults-1.2.csv,xss,vulnerable,case_level,GET_delegates_to_POST,parameter_name_enumeration,/xss-02/BenchmarkTest01426,dynamic_parameter_name,text/html;charset=UTF-8,none_identified,cwe-79,not_identified,not_identified,false,ADAPTER_SUPPORTED,FINAL_CONFIRMATORY_ELIGIBLE,current_candidate_transport_does_not_support_parameter_name_enumeration,parameter_name_value_adapter,false,current_marker_control_likely_sufficient,current_marker_control,required_extension,dynamic_parameter_name_and_value_transport,true,true,metadata_constructed,benchmark_case_id;source_file;java_class_name;servlet_route;vulnerability_label;expected_result;parameter,true,ox14-c000230,/external-v14/case-000230,input_000230,opaque_candidate_id;sanitized_action_path;method;sanitized_parameter_name;input_source;input_type;editable_input_count;required_input_count;parameter_count,benchmark_case_id;source_file;java_class_name;servlet_name;vulnerability_label;expected_result;ground_truth,,audited,dynamic parameter-name/value enumeration
BenchmarkTest01427,OWASP Benchmark Java,1.2,ba2e3f9a29fa3bde6a5c073d679393c9b94f025f,src\main\java\org\owasp\benchmark\testcode\BenchmarkTest01427.java,expectedresults-1.2.csv,xss,vulnerable,case_level,GET_delegates_to_POST,parameter_name_enumeration,/xss-02/BenchmarkTest01427,dynamic_parameter_name,text/html;charset=UTF-8,none_identified,cwe-79,not_identified,not_identified,false,ADAPTER_SUPPORTED,FINAL_CONFIRMATORY_ELIGIBLE,current_candidate_transport_does_not_support_parameter_name_enumeration,parameter_name_value_adapter,false,current_marker_control_likely_sufficient,current_marker_control,required_extension,dynamic_parameter_name_and_value_transport,true,true,metadata_constructed,benchmark_case_id;source_file;java_class_name;servlet_route;vulnerability_label;expected_result;parameter,true,ox14-c000231,/external-v14/case-000231,input_000231,opaque_candidate_id;sanitized_action_path;method;sanitized_parameter_name;input_source;input_type;editable_input_count;required_input_count;parameter_count,benchmark_case_id;source_file;java_class_name;servlet_name;vulnerability_label;expected_result;ground_truth,,audited,dynamic parameter-name/value enumeration
BenchmarkTest01428,OWASP Benchmark Java,1.2,ba2e3f9a29fa3bde6a5c073d679393c9b94f025f,src\main\java\org\owasp\benchmark\testcode\BenchmarkTest01428.java,expectedresults-1.2.csv,xss,vulnerable,case_level,GET_delegates_to_POST,parameter_name_enumeration,/xss-02/BenchmarkTest01428,dynamic_parameter_name,text/html;charset=UTF-8,none_identified,cwe-79,not_identified,not_identified,false,ADAPTER_SUPPORTED,FINAL_CONFIRMATORY_ELIGIBLE,current_candidate_transport_does_not_support_parameter_name_enumeration,parameter_name_value_adapter,false,current_marker_control_likely_sufficient,current_marker_control,required_extension,dynamic_parameter_name_and_value_transport,true,true,metadata_constructed,benchmark_case_id;source_file;java_class_name;servlet_route;vulnerability_label;expected_result;parameter,true,ox14-c000232,/external-v14/case-000232,input_000232,opaque_candidate_id;sanitized_action_path;method;sanitized_parameter_name;input_source;input_type;editable_input_count;required_input_count;parameter_count,benchmark_case_id;source_file;java_class_name;servlet_name;vulnerability_label;expected_result;ground_truth,,audited,dynamic parameter-name/value enumeration
BenchmarkTest01429,OWASP Benchmark Java,1.2,ba2e3f9a29fa3bde6a5c073d679393c9b94f025f,src\main\java\org\owasp\benchmark\testcode\BenchmarkTest01429.java,expectedresults-1.2.csv,xss,vulnerable,case_level,GET_delegates_to_POST,parameter_name_enumeration,/xss-02/BenchmarkTest01429,dynamic_parameter_name,text/html;charset=UTF-8,none_identified,cwe-79,not_identified,not_identified,false,ADAPTER_SUPPORTED,FINAL_CONFIRMATORY_ELIGIBLE,current_candidate_transport_does_not_support_parameter_name_enumeration,parameter_name_value_adapter,false,current_marker_control_likely_sufficient,current_marker_control,required_extension,dynamic_parameter_name_and_value_transport,true,true,metadata_constructed,benchmark_case_id;source_file;java_class_name;servlet_route;vulnerability_label;expected_result;parameter,true,ox14-c000233,/external-v14/case-000233,input_000233,opaque_candidate_id;sanitized_action_path;method;sanitized_parameter_name;input_source;input_type;editable_input_count;required_input_count;parameter_count,benchmark_case_id;source_file;java_class_name;servlet_name;vulnerability_label;expected_result;ground_truth,,audited,dynamic parameter-name/value enumeration
BenchmarkTest01437,OWASP Benchmark Java,1.2,ba2e3f9a29fa3bde6a5c073d679393c9b94f025f,src\main\java\org\owasp\benchmark\testcode\BenchmarkTest01437.java,expectedresults-1.2.csv,xss,vulnerable,case_level,GET_delegates_to_POST,parameter_name_enumeration,/xss-02/BenchmarkTest01437,dynamic_parameter_name,text/html;charset=UTF-8,none_identified,cwe-79,not_identified,not_identified,false,ADAPTER_SUPPORTED,FINAL_CONFIRMATORY_ELIGIBLE,current_candidate_transport_does_not_support_parameter_name_enumeration,parameter_name_value_adapter,false,current_marker_control_likely_sufficient,current_marker_control,required_extension,dynamic_parameter_name_and_value_transport,true,true,metadata_constructed,benchmark_case_id;source_file;java_class_name;servlet_route;vulnerability_label;expected_result;parameter,true,ox14-c000234,/external-v14/case-000234,input_000234,opaque_candidate_id;sanitized_action_path;method;sanitized_parameter_name;input_source;input_type;editable_input_count;required_input_count;parameter_count,benchmark_case_id;source_file;java_class_name;servlet_name;vulnerability_label;expected_result;ground_truth,,audited,dynamic parameter-name/value enumeration
BenchmarkTest01438,OWASP Benchmark Java,1.2,ba2e3f9a29fa3bde6a5c073d679393c9b94f025f,src\main\java\org\owasp\benchmark\testcode\BenchmarkTest01438.java,expectedresults-1.2.csv,xss,vulnerable,case_level,GET_delegates_to_POST,parameter_name_enumeration,/xss-02/BenchmarkTest01438,dynamic_parameter_name,text/html;charset=UTF-8,base64_transform,cwe-79,not_identified,not_identified,false,ADAPTER_SUPPORTED,FINAL_CONFIRMATORY_ELIGIBLE,current_candidate_transport_does_not_support_parameter_name_enumeration,parameter_name_value_adapter,false,current_marker_control_likely_sufficient,current_marker_control,required_extension,dynamic_parameter_name_and_value_transport,true,true,metadata_constructed,benchmark_case_id;source_file;java_class_name;servlet_route;vulnerability_label;expected_result;parameter,true,ox14-c000235,/external-v14/case-000235,input_000235,opaque_candidate_id;sanitized_action_path;method;sanitized_parameter_name;input_source;input_type;editable_input_count;required_input_count;parameter_count,benchmark_case_id;source_file;java_class_name;servlet_name;vulnerability_label;expected_result;ground_truth,,audited,dynamic parameter-name/value enumeration
BenchmarkTest01439,OWASP Benchmark Java,1.2,ba2e3f9a29fa3bde6a5c073d679393c9b94f025f,src\main\java\org\owasp\benchmark\testcode\BenchmarkTest01439.java,expectedresults-1.2.csv,xss,non_vulnerable,case_level,GET_delegates_to_POST,parameter_name_enumeration,/xss-02/BenchmarkTest01439,dynamic_parameter_name,text/html;charset=UTF-8,none_identified,cwe-79,not_identified,not_identified,false,ADAPTER_SUPPORTED,FINAL_CONFIRMATORY_ELIGIBLE,current_candidate_transport_does_not_support_parameter_name_enumeration,parameter_name_value_adapter,false,current_marker_control_likely_sufficient,current_marker_control,required_extension,dynamic_parameter_name_and_value_transport,true,true,metadata_constructed,benchmark_case_id;source_file;java_class_name;servlet_route;vulnerability_label;expected_result;parameter,true,ox14-c000236,/external-v14/case-000236,input_000236,opaque_candidate_id;sanitized_action_path;method;sanitized_parameter_name;input_source;input_type;editable_input_count;required_input_count;parameter_count,benchmark_case_id;source_file;java_class_name;servlet_name;vulnerability_label;expected_result;ground_truth,,audited,dynamic parameter-name/value enumeration
BenchmarkTest01505,OWASP Benchmark Java,1.2,ba2e3f9a29fa3bde6a5c073d679393c9b94f025f,src\main\java\org\owasp\benchmark\testcode\BenchmarkTest01505.java,expectedresults-1.2.csv,xss,vulnerable,case_level,GET_delegates_to_POST,parameter,/xss-02/BenchmarkTest01505,BenchmarkTest01505,text/html;charset=UTF-8,none_identified,cwe-79,not_identified,not_identified,true,DIRECT,FINAL_CONFIRMATORY_ELIGIBLE,,,not_applicable,current_marker_control_likely_sufficient,current_marker_control,current,,true,true,metadata_constructed,benchmark_case_id;source_file;java_class_name;servlet_route;vulnerability_label;expected_result;parameter,true,ox14-c000237,/external-v14/case-000237,input_000237,opaque_candidate_id;sanitized_action_path;method;sanitized_parameter_name;input_source;input_type;editable_input_count;required_input_count;parameter_count,benchmark_case_id;source_file;java_class_name;servlet_name;vulnerability_label;expected_result;ground_truth,,audited,parameter read through helper wrapper
BenchmarkTest01506,OWASP Benchmark Java,1.2,ba2e3f9a29fa3bde6a5c073d679393c9b94f025f,src\main\java\org\owasp\benchmark\testcode\BenchmarkTest01506.java,expectedresults-1.2.csv,xss,vulnerable,case_level,GET_delegates_to_POST,parameter,/xss-02/BenchmarkTest01506,BenchmarkTest01506,text/html;charset=UTF-8,none_identified,cwe-79,not_identified,not_identified,true,DIRECT,FINAL_CONFIRMATORY_ELIGIBLE,,,not_applicable,current_marker_control_likely_sufficient,current_marker_control,current,,true,true,metadata_constructed,benchmark_case_id;source_file;java_class_name;servlet_route;vulnerability_label;expected_result;parameter,true,ox14-c000238,/external-v14/case-000238,input_000238,opaque_candidate_id;sanitized_action_path;method;sanitized_parameter_name;input_source;input_type;editable_input_count;required_input_count;parameter_count,benchmark_case_id;source_file;java_class_name;servlet_name;vulnerability_label;expected_result;ground_truth,,audited,parameter read through helper wrapper
BenchmarkTest01507,OWASP Benchmark Java,1.2,ba2e3f9a29fa3bde6a5c073d679393c9b94f025f,src\main\java\org\owasp\benchmark\testcode\BenchmarkTest01507.java,expectedresults-1.2.csv,xss,vulnerable,case_level,GET_delegates_to_POST,parameter,/xss-02/BenchmarkTest01507,BenchmarkTest01507,text/html;charset=UTF-8,none_identified,cwe-79,not_identified,not_identified,true,DIRECT,FINAL_CONFIRMATORY_ELIGIBLE,,,not_applicable,current_marker_control_likely_sufficient,current_marker_control,current,,true,true,metadata_constructed,benchmark_case_id;source_file;java_class_name;servlet_route;vulnerability_label;expected_result;parameter,true,ox14-c000239,/external-v14/case-000239,input_000239,opaque_candidate_id;sanitized_action_path;method;sanitized_parameter_name;input_source;input_type;editable_input_count;required_input_count;parameter_count,benchmark_case_id;source_file;java_class_name;servlet_name;vulnerability_label;expected_result;ground_truth,,audited,parameter read through helper wrapper
BenchmarkTest01508,OWASP Benchmark Java,1.2,ba2e3f9a29fa3bde6a5c073d679393c9b94f025f,src\main\java\org\owasp\benchmark\testcode\BenchmarkTest01508.java,expectedresults-1.2.csv,xss,non_vulnerable,case_level,GET_delegates_to_POST,parameter,/xss-02/BenchmarkTest01508,BenchmarkTest01508,text/html;charset=UTF-8,none_identified,cwe-79,not_identified,not_identified,true,DIRECT,READINESS_ONLY,,,not_applicable,current_marker_control_likely_sufficient,current_marker_control,current,,true,true,metadata_constructed,benchmark_case_id;source_file;java_class_name;servlet_route;vulnerability_label;expected_result;parameter,true,ox14-c000240,/external-v14/case-000240,input_000240,opaque_candidate_id;sanitized_action_path;method;sanitized_parameter_name;input_source;input_type;editable_input_count;required_input_count;parameter_count,benchmark_case_id;source_file;java_class_name;servlet_name;vulnerability_label;expected_result;ground_truth,,audited,parameter read through helper wrapper
BenchmarkTest01509,OWASP Benchmark Java,1.2,ba2e3f9a29fa3bde6a5c073d679393c9b94f025f,src\main\java\org\owasp\benchmark\testcode\BenchmarkTest01509.java,expectedresults-1.2.csv,xss,vulnerable,case_level,GET_delegates_to_POST,parameter,/xss-03/BenchmarkTest01509,BenchmarkTest01509,text/html;charset=UTF-8,none_identified,cwe-79,not_identified,not_identified,true,DIRECT,FINAL_CONFIRMATORY_ELIGIBLE,,,not_applicable,current_marker_control_likely_sufficient,current_marker_control,current,,true,true,metadata_constructed,benchmark_case_id;source_file;java_class_name;servlet_route;vulnerability_label;expected_result;parameter,true,ox14-c000241,/external-v14/case-000241,input_000241,opaque_candidate_id;sanitized_action_path;method;sanitized_parameter_name;input_source;input_type;editable_input_count;required_input_count;parameter_count,benchmark_case_id;source_file;java_class_name;servlet_name;vulnerability_label;expected_result;ground_truth,,audited,parameter read through helper wrapper
BenchmarkTest01510,OWASP Benchmark Java,1.2,ba2e3f9a29fa3bde6a5c073d679393c9b94f025f,src\main\java\org\owasp\benchmark\testcode\BenchmarkTest01510.java,expectedresults-1.2.csv,xss,vulnerable,case_level,GET_delegates_to_POST,parameter,/xss-03/BenchmarkTest01510,BenchmarkTest01510,text/html;charset=UTF-8,none_identified,cwe-79,not_identified,not_identified,true,DIRECT,FINAL_CONFIRMATORY_ELIGIBLE,,,not_applicable,current_marker_control_likely_sufficient,current_marker_control,current,,true,true,metadata_constructed,benchmark_case_id;source_file;java_class_name;servlet_route;vulnerability_label;expected_result;parameter,true,ox14-c000242,/external-v14/case-000242,input_000242,opaque_candidate_id;sanitized_action_path;method;sanitized_parameter_name;input_source;input_type;editable_input_count;required_input_count;parameter_count,benchmark_case_id;source_file;java_class_name;servlet_name;vulnerability_label;expected_result;ground_truth,,audited,parameter read through helper wrapper
BenchmarkTest01511,OWASP Benchmark Java,1.2,ba2e3f9a29fa3bde6a5c073d679393c9b94f025f,src\main\java\org\owasp\benchmark\testcode\BenchmarkTest01511.java,expectedresults-1.2.csv,xss,vulnerable,case_level,GET_delegates_to_POST,parameter,/xss-03/BenchmarkTest01511,BenchmarkTest01511,text/html;charset=UTF-8,none_identified,cwe-79,not_identified,not_identified,true,DIRECT,FINAL_CONFIRMATORY_ELIGIBLE,,,not_applicable,current_marker_control_likely_sufficient,current_marker_control,current,,true,true,metadata_constructed,benchmark_case_id;source_file;java_class_name;servlet_route;vulnerability_label;expected_result;parameter,true,ox14-c000243,/external-v14/case-000243,input_000243,opaque_candidate_id;sanitized_action_path;method;sanitized_parameter_name;input_source;input_type;editable_input_count;required_input_count;parameter_count,benchmark_case_id;source_file;java_class_name;servlet_name;vulnerability_label;expected_result;ground_truth,,audited,parameter read through helper wrapper
BenchmarkTest01512,OWASP Benchmark Java,1.2,ba2e3f9a29fa3bde6a5c073d679393c9b94f025f,src\main\java\org\owasp\benchmark\testcode\BenchmarkTest01512.java,expectedresults-1.2.csv,xss,vulnerable,case_level,GET_delegates_to_POST,parameter,/xss-03/BenchmarkTest01512,BenchmarkTest01512,text/html;charset=UTF-8,none_identified,cwe-79,not_identified,not_identified,true,DIRECT,FINAL_CONFIRMATORY_ELIGIBLE,,,not_applicable,current_marker_control_likely_sufficient,current_marker_control,current,,true,true,metadata_constructed,benchmark_case_id;source_file;java_class_name;servlet_route;vulnerability_label;expected_result;parameter,true,ox14-c000244,/external-v14/case-000244,input_000244,opaque_candidate_id;sanitized_action_path;method;sanitized_parameter_name;input_source;input_type;editable_input_count;required_input_count;parameter_count,benchmark_case_id;source_file;java_class_name;servlet_name;vulnerability_label;expected_result;ground_truth,,audited,parameter read through helper wrapper
BenchmarkTest01513,OWASP Benchmark Java,1.2,ba2e3f9a29fa3bde6a5c073d679393c9b94f025f,src\main\java\org\owasp\benchmark\testcode\BenchmarkTest01513.java,expectedresults-1.2.csv,xss,non_vulnerable,case_level,GET_delegates_to_POST,parameter,/xss-03/BenchmarkTest01513,BenchmarkTest01513,text/html;charset=UTF-8,none_identified,cwe-79,not_identified,not_identified,true,DIRECT,FINAL_CONFIRMATORY_ELIGIBLE,,,not_applicable,current_marker_control_likely_sufficient,current_marker_control,current,,true,true,metadata_constructed,benchmark_case_id;source_file;java_class_name;servlet_route;vulnerability_label;expected_result;parameter,true,ox14-c000245,/external-v14/case-000245,input_000245,opaque_candidate_id;sanitized_action_path;method;sanitized_parameter_name;input_source;input_type;editable_input_count;required_input_count;parameter_count,benchmark_case_id;source_file;java_class_name;servlet_name;vulnerability_label;expected_result;ground_truth,,audited,parameter read through helper wrapper
BenchmarkTest01514,OWASP Benchmark Java,1.2,ba2e3f9a29fa3bde6a5c073d679393c9b94f025f,src\main\java\org\owasp\benchmark\testcode\BenchmarkTest01514.java,expectedresults-1.2.csv,xss,non_vulnerable,case_level,GET_delegates_to_POST,parameter,/xss-03/BenchmarkTest01514,BenchmarkTest01514,text/html;charset=UTF-8,none_identified,cwe-79,not_identified,not_identified,true,DIRECT,FINAL_CONFIRMATORY_ELIGIBLE,,,not_applicable,current_marker_control_likely_sufficient,current_marker_control,current,,true,true,metadata_constructed,benchmark_case_id;source_file;java_class_name;servlet_route;vulnerability_label;expected_result;parameter,true,ox14-c000246,/external-v14/case-000246,input_000246,opaque_candidate_id;sanitized_action_path;method;sanitized_parameter_name;input_source;input_type;editable_input_count;required_input_count;parameter_count,benchmark_case_id;source_file;java_class_name;servlet_name;vulnerability_label;expected_result;ground_truth,,audited,parameter read through helper wrapper
BenchmarkTest01515,OWASP Benchmark Java,1.2,ba2e3f9a29fa3bde6a5c073d679393c9b94f025f,src\main\java\org\owasp\benchmark\testcode\BenchmarkTest01515.java,expectedresults-1.2.csv,xss,non_vulnerable,case_level,GET_delegates_to_POST,parameter,/xss-03/BenchmarkTest01515,BenchmarkTest01515,text/html;charset=UTF-8,base64_transform,cwe-79,not_identified,not_identified,true,DIRECT,FINAL_CONFIRMATORY_ELIGIBLE,,,not_applicable,current_marker_control_likely_sufficient,current_marker_control,current,,true,true,metadata_constructed,benchmark_case_id;source_file;java_class_name;servlet_route;vulnerability_label;expected_result;parameter,true,ox14-c000247,/external-v14/case-000247,input_000247,opaque_candidate_id;sanitized_action_path;method;sanitized_parameter_name;input_source;input_type;editable_input_count;required_input_count;parameter_count,benchmark_case_id;source_file;java_class_name;servlet_name;vulnerability_label;expected_result;ground_truth,,audited,parameter read through helper wrapper
BenchmarkTest01525,OWASP Benchmark Java,1.2,ba2e3f9a29fa3bde6a5c073d679393c9b94f025f,src\main\java\org\owasp\benchmark\testcode\BenchmarkTest01525.java,expectedresults-1.2.csv,xss,vulnerable,case_level,GET_delegates_to_POST,parameter,/xss-03/BenchmarkTest01525,BenchmarkTest01525,text/html;charset=UTF-8,none_identified,cwe-79,not_identified,not_identified,true,DIRECT,FINAL_CONFIRMATORY_ELIGIBLE,,,not_applicable,current_marker_control_likely_sufficient,current_marker_control,current,,true,true,metadata_constructed,benchmark_case_id;source_file;java_class_name;servlet_route;vulnerability_label;expected_result;parameter,true,ox14-c000248,/external-v14/case-000248,input_000248,opaque_candidate_id;sanitized_action_path;method;sanitized_parameter_name;input_source;input_type;editable_input_count;required_input_count;parameter_count,benchmark_case_id;source_file;java_class_name;servlet_name;vulnerability_label;expected_result;ground_truth,,audited,parameter read through helper wrapper
BenchmarkTest01583,OWASP Benchmark Java,1.2,ba2e3f9a29fa3bde6a5c073d679393c9b94f025f,src\main\java\org\owasp\benchmark\testcode\BenchmarkTest01583.java,expectedresults-1.2.csv,xss,vulnerable,case_level,GET_delegates_to_POST,parameter,/xss-03/BenchmarkTest01583,BenchmarkTest01583,text/html;charset=UTF-8,none_identified,cwe-79,not_identified,not_identified,true,DIRECT,FINAL_CONFIRMATORY_ELIGIBLE,,,not_applicable,current_marker_control_likely_sufficient,current_marker_control,current,,true,true,metadata_constructed,benchmark_case_id;source_file;java_class_name;servlet_route;vulnerability_label;expected_result;parameter,true,ox14-c000249,/external-v14/case-000249,input_000249,opaque_candidate_id;sanitized_action_path;method;sanitized_parameter_name;input_source;input_type;editable_input_count;required_input_count;parameter_count,benchmark_case_id;source_file;java_class_name;servlet_name;vulnerability_label;expected_result;ground_truth,,audited,
BenchmarkTest01584,OWASP Benchmark Java,1.2,ba2e3f9a29fa3bde6a5c073d679393c9b94f025f,src\main\java\org\owasp\benchmark\testcode\BenchmarkTest01584.java,expectedresults-1.2.csv,xss,vulnerable,case_level,GET_delegates_to_POST,parameter,/xss-03/BenchmarkTest01584,BenchmarkTest01584,text/html;charset=UTF-8,none_identified,cwe-79,not_identified,not_identified,true,DIRECT,FINAL_CONFIRMATORY_ELIGIBLE,,,not_applicable,current_marker_control_likely_sufficient,current_marker_control,current,,true,true,metadata_constructed,benchmark_case_id;source_file;java_class_name;servlet_route;vulnerability_label;expected_result;parameter,true,ox14-c000250,/external-v14/case-000250,input_000250,opaque_candidate_id;sanitized_action_path;method;sanitized_parameter_name;input_source;input_type;editable_input_count;required_input_count;parameter_count,benchmark_case_id;source_file;java_class_name;servlet_name;vulnerability_label;expected_result;ground_truth,,audited,
BenchmarkTest01585,OWASP Benchmark Java,1.2,ba2e3f9a29fa3bde6a5c073d679393c9b94f025f,src\main\java\org\owasp\benchmark\testcode\BenchmarkTest01585.java,expectedresults-1.2.csv,xss,non_vulnerable,case_level,GET_delegates_to_POST,parameter,/xss-03/BenchmarkTest01585,BenchmarkTest01585,text/html;charset=UTF-8,html_encoding;string_escape_utils,cwe-79,not_identified,not_identified,true,DIRECT,FINAL_CONFIRMATORY_ELIGIBLE,,,not_applicable,current_marker_control_likely_sufficient,current_marker_control,current,,true,true,metadata_constructed,benchmark_case_id;source_file;java_class_name;servlet_route;vulnerability_label;expected_result;parameter,true,ox14-c000251,/external-v14/case-000251,input_000251,opaque_candidate_id;sanitized_action_path;method;sanitized_parameter_name;input_source;input_type;editable_input_count;required_input_count;parameter_count,benchmark_case_id;source_file;java_class_name;servlet_name;vulnerability_label;expected_result;ground_truth,,audited,
BenchmarkTest01586,OWASP Benchmark Java,1.2,ba2e3f9a29fa3bde6a5c073d679393c9b94f025f,src\main\java\org\owasp\benchmark\testcode\BenchmarkTest01586.java,expectedresults-1.2.csv,xss,non_vulnerable,case_level,GET_delegates_to_POST,parameter,/xss-03/BenchmarkTest01586,BenchmarkTest01586,text/html;charset=UTF-8,none_identified,cwe-79,not_identified,not_identified,true,DIRECT,FINAL_CONFIRMATORY_ELIGIBLE,,,not_applicable,current_marker_control_likely_sufficient,current_marker_control,current,,true,true,metadata_constructed,benchmark_case_id;source_file;java_class_name;servlet_route;vulnerability_label;expected_result;parameter,true,ox14-c000252,/external-v14/case-000252,input_000252,opaque_candidate_id;sanitized_action_path;method;sanitized_parameter_name;input_source;input_type;editable_input_count;required_input_count;parameter_count,benchmark_case_id;source_file;java_class_name;servlet_name;vulnerability_label;expected_result;ground_truth,,audited,
BenchmarkTest01587,OWASP Benchmark Java,1.2,ba2e3f9a29fa3bde6a5c073d679393c9b94f025f,src\main\java\org\owasp\benchmark\testcode\BenchmarkTest01587.java,expectedresults-1.2.csv,xss,vulnerable,case_level,GET_delegates_to_POST,parameter,/xss-03/BenchmarkTest01587,BenchmarkTest01587,text/html;charset=UTF-8,none_identified,cwe-79,not_identified,not_identified,true,DIRECT,FINAL_CONFIRMATORY_ELIGIBLE,,,not_applicable,current_marker_control_likely_sufficient,current_marker_control,current,,true,true,metadata_constructed,benchmark_case_id;source_file;java_class_name;servlet_route;vulnerability_label;expected_result;parameter,true,ox14-c000253,/external-v14/case-000253,input_000253,opaque_candidate_id;sanitized_action_path;method;sanitized_parameter_name;input_source;input_type;editable_input_count;required_input_count;parameter_count,benchmark_case_id;source_file;java_class_name;servlet_name;vulnerability_label;expected_result;ground_truth,,audited,
BenchmarkTest01588,OWASP Benchmark Java,1.2,ba2e3f9a29fa3bde6a5c073d679393c9b94f025f,src\main\java\org\owasp\benchmark\testcode\BenchmarkTest01588.java,expectedresults-1.2.csv,xss,non_vulnerable,case_level,GET_delegates_to_POST,parameter,/xss-03/BenchmarkTest01588,BenchmarkTest01588,text/html;charset=UTF-8,none_identified,cwe-79,not_identified,not_identified,true,DIRECT,FINAL_CONFIRMATORY_ELIGIBLE,,,not_applicable,current_marker_control_likely_sufficient,current_marker_control,current,,true,true,metadata_constructed,benchmark_case_id;source_file;java_class_name;servlet_route;vulnerability_label;expected_result;parameter,true,ox14-c000254,/external-v14/case-000254,input_000254,opaque_candidate_id;sanitized_action_path;method;sanitized_parameter_name;input_source;input_type;editable_input_count;required_input_count;parameter_count,benchmark_case_id;source_file;java_class_name;servlet_name;vulnerability_label;expected_result;ground_truth,,audited,
BenchmarkTest01589,OWASP Benchmark Java,1.2,ba2e3f9a29fa3bde6a5c073d679393c9b94f025f,src\main\java\org\owasp\benchmark\testcode\BenchmarkTest01589.java,expectedresults-1.2.csv,xss,vulnerable,case_level,GET_delegates_to_POST,parameter,/xss-03/BenchmarkTest01589,BenchmarkTest01589,text/html;charset=UTF-8,none_identified,cwe-79,not_identified,not_identified,true,DIRECT,FINAL_CONFIRMATORY_ELIGIBLE,,,not_applicable,current_marker_control_likely_sufficient,current_marker_control,current,,true,true,metadata_constructed,benchmark_case_id;source_file;java_class_name;servlet_route;vulnerability_label;expected_result;parameter,true,ox14-c000255,/external-v14/case-000255,input_000255,opaque_candidate_id;sanitized_action_path;method;sanitized_parameter_name;input_source;input_type;editable_input_count;required_input_count;parameter_count,benchmark_case_id;source_file;java_class_name;servlet_name;vulnerability_label;expected_result;ground_truth,,audited,
BenchmarkTest01590,OWASP Benchmark Java,1.2,ba2e3f9a29fa3bde6a5c073d679393c9b94f025f,src\main\java\org\owasp\benchmark\testcode\BenchmarkTest01590.java,expectedresults-1.2.csv,xss,vulnerable,case_level,GET_delegates_to_POST,parameter,/xss-03/BenchmarkTest01590,BenchmarkTest01590,text/html;charset=UTF-8,none_identified,cwe-79,not_identified,not_identified,true,DIRECT,FINAL_CONFIRMATORY_ELIGIBLE,,,not_applicable,current_marker_control_likely_sufficient,current_marker_control,current,,true,true,metadata_constructed,benchmark_case_id;source_file;java_class_name;servlet_route;vulnerability_label;expected_result;parameter,true,ox14-c000256,/external-v14/case-000256,input_000256,opaque_candidate_id;sanitized_action_path;method;sanitized_parameter_name;input_source;input_type;editable_input_count;required_input_count;parameter_count,benchmark_case_id;source_file;java_class_name;servlet_name;vulnerability_label;expected_result;ground_truth,,audited,
BenchmarkTest01591,OWASP Benchmark Java,1.2,ba2e3f9a29fa3bde6a5c073d679393c9b94f025f,src\main\java\org\owasp\benchmark\testcode\BenchmarkTest01591.java,expectedresults-1.2.csv,xss,non_vulnerable,case_level,GET_delegates_to_POST,parameter,/xss-03/BenchmarkTest01591,BenchmarkTest01591,text/html;charset=UTF-8,base64_transform,cwe-79,not_identified,not_identified,true,DIRECT,READINESS_ONLY,,,not_applicable,current_marker_control_likely_sufficient,current_marker_control,current,,true,true,metadata_constructed,benchmark_case_id;source_file;java_class_name;servlet_route;vulnerability_label;expected_result;parameter,true,ox14-c000257,/external-v14/case-000257,input_000257,opaque_candidate_id;sanitized_action_path;method;sanitized_parameter_name;input_source;input_type;editable_input_count;required_input_count;parameter_count,benchmark_case_id;source_file;java_class_name;servlet_name;vulnerability_label;expected_result;ground_truth,,audited,
BenchmarkTest01592,OWASP Benchmark Java,1.2,ba2e3f9a29fa3bde6a5c073d679393c9b94f025f,src\main\java\org\owasp\benchmark\testcode\BenchmarkTest01592.java,expectedresults-1.2.csv,xss,vulnerable,case_level,GET_delegates_to_POST,parameter,/xss-03/BenchmarkTest01592,BenchmarkTest01592,text/html;charset=UTF-8,none_identified,cwe-79,not_identified,not_identified,true,DIRECT,FINAL_CONFIRMATORY_ELIGIBLE,,,not_applicable,current_marker_control_likely_sufficient,current_marker_control,current,,true,true,metadata_constructed,benchmark_case_id;source_file;java_class_name;servlet_route;vulnerability_label;expected_result;parameter,true,ox14-c000258,/external-v14/case-000258,input_000258,opaque_candidate_id;sanitized_action_path;method;sanitized_parameter_name;input_source;input_type;editable_input_count;required_input_count;parameter_count,benchmark_case_id;source_file;java_class_name;servlet_name;vulnerability_label;expected_result;ground_truth,,audited,
BenchmarkTest01593,OWASP Benchmark Java,1.2,ba2e3f9a29fa3bde6a5c073d679393c9b94f025f,src\main\java\org\owasp\benchmark\testcode\BenchmarkTest01593.java,expectedresults-1.2.csv,xss,non_vulnerable,case_level,GET_delegates_to_POST,parameter,/xss-03/BenchmarkTest01593,BenchmarkTest01593,text/html;charset=UTF-8,none_identified,cwe-79,not_identified,not_identified,true,DIRECT,FINAL_CONFIRMATORY_ELIGIBLE,,,not_applicable,current_marker_control_likely_sufficient,current_marker_control,current,,true,true,metadata_constructed,benchmark_case_id;source_file;java_class_name;servlet_route;vulnerability_label;expected_result;parameter,true,ox14-c000259,/external-v14/case-000259,input_000259,opaque_candidate_id;sanitized_action_path;method;sanitized_parameter_name;input_source;input_type;editable_input_count;required_input_count;parameter_count,benchmark_case_id;source_file;java_class_name;servlet_name;vulnerability_label;expected_result;ground_truth,,audited,
BenchmarkTest01594,OWASP Benchmark Java,1.2,ba2e3f9a29fa3bde6a5c073d679393c9b94f025f,src\main\java\org\owasp\benchmark\testcode\BenchmarkTest01594.java,expectedresults-1.2.csv,xss,vulnerable,case_level,GET_delegates_to_POST,parameter,/xss-03/BenchmarkTest01594,BenchmarkTest01594,text/html;charset=UTF-8,none_identified,cwe-79,not_identified,not_identified,true,DIRECT,FINAL_CONFIRMATORY_ELIGIBLE,,,not_applicable,current_marker_control_likely_sufficient,current_marker_control,current,,true,true,metadata_constructed,benchmark_case_id;source_file;java_class_name;servlet_route;vulnerability_label;expected_result;parameter,true,ox14-c000260,/external-v14/case-000260,input_000260,opaque_candidate_id;sanitized_action_path;method;sanitized_parameter_name;input_source;input_type;editable_input_count;required_input_count;parameter_count,benchmark_case_id;source_file;java_class_name;servlet_name;vulnerability_label;expected_result;ground_truth,,audited,
BenchmarkTest01595,OWASP Benchmark Java,1.2,ba2e3f9a29fa3bde6a5c073d679393c9b94f025f,src\main\java\org\owasp\benchmark\testcode\BenchmarkTest01595.java,expectedresults-1.2.csv,xss,non_vulnerable,case_level,GET_delegates_to_POST,parameter,/xss-03/BenchmarkTest01595,BenchmarkTest01595,text/html;charset=UTF-8,html_encoding;string_escape_utils,cwe-79,not_identified,not_identified,true,DIRECT,FINAL_CONFIRMATORY_ELIGIBLE,,,not_applicable,current_marker_control_likely_sufficient,current_marker_control,current,,true,true,metadata_constructed,benchmark_case_id;source_file;java_class_name;servlet_route;vulnerability_label;expected_result;parameter,true,ox14-c000261,/external-v14/case-000261,input_000261,opaque_candidate_id;sanitized_action_path;method;sanitized_parameter_name;input_source;input_type;editable_input_count;required_input_count;parameter_count,benchmark_case_id;source_file;java_class_name;servlet_name;vulnerability_label;expected_result;ground_truth,,audited,
BenchmarkTest01596,OWASP Benchmark Java,1.2,ba2e3f9a29fa3bde6a5c073d679393c9b94f025f,src\main\java\org\owasp\benchmark\testcode\BenchmarkTest01596.java,expectedresults-1.2.csv,xss,vulnerable,case_level,GET_delegates_to_POST,parameter,/xss-03/BenchmarkTest01596,BenchmarkTest01596,text/html;charset=UTF-8,none_identified,cwe-79,not_identified,not_identified,true,DIRECT,FINAL_CONFIRMATORY_ELIGIBLE,,,not_applicable,current_marker_control_likely_sufficient,current_marker_control,current,,true,true,metadata_constructed,benchmark_case_id;source_file;java_class_name;servlet_route;vulnerability_label;expected_result;parameter,true,ox14-c000262,/external-v14/case-000262,input_000262,opaque_candidate_id;sanitized_action_path;method;sanitized_parameter_name;input_source;input_type;editable_input_count;required_input_count;parameter_count,benchmark_case_id;source_file;java_class_name;servlet_name;vulnerability_label;expected_result;ground_truth,,audited,
BenchmarkTest01597,OWASP Benchmark Java,1.2,ba2e3f9a29fa3bde6a5c073d679393c9b94f025f,src\main\java\org\owasp\benchmark\testcode\BenchmarkTest01597.java,expectedresults-1.2.csv,xss,vulnerable,case_level,GET_delegates_to_POST,parameter,/xss-03/BenchmarkTest01597,BenchmarkTest01597,text/html;charset=UTF-8,none_identified,cwe-79,not_identified,not_identified,true,DIRECT,FINAL_CONFIRMATORY_ELIGIBLE,,,not_applicable,current_marker_control_likely_sufficient,current_marker_control,current,,true,true,metadata_constructed,benchmark_case_id;source_file;java_class_name;servlet_route;vulnerability_label;expected_result;parameter,true,ox14-c000263,/external-v14/case-000263,input_000263,opaque_candidate_id;sanitized_action_path;method;sanitized_parameter_name;input_source;input_type;editable_input_count;required_input_count;parameter_count,benchmark_case_id;source_file;java_class_name;servlet_name;vulnerability_label;expected_result;ground_truth,,audited,
BenchmarkTest01598,OWASP Benchmark Java,1.2,ba2e3f9a29fa3bde6a5c073d679393c9b94f025f,src\main\java\org\owasp\benchmark\testcode\BenchmarkTest01598.java,expectedresults-1.2.csv,xss,vulnerable,case_level,GET_delegates_to_POST,parameter,/xss-03/BenchmarkTest01598,BenchmarkTest01598,text/html;charset=UTF-8,base64_transform,cwe-79,not_identified,not_identified,true,DIRECT,FINAL_CONFIRMATORY_ELIGIBLE,,,not_applicable,current_marker_control_likely_sufficient,current_marker_control,current,,true,true,metadata_constructed,benchmark_case_id;source_file;java_class_name;servlet_route;vulnerability_label;expected_result;parameter,true,ox14-c000264,/external-v14/case-000264,input_000264,opaque_candidate_id;sanitized_action_path;method;sanitized_parameter_name;input_source;input_type;editable_input_count;required_input_count;parameter_count,benchmark_case_id;source_file;java_class_name;servlet_name;vulnerability_label;expected_result;ground_truth,,audited,
BenchmarkTest01599,OWASP Benchmark Java,1.2,ba2e3f9a29fa3bde6a5c073d679393c9b94f025f,src\main\java\org\owasp\benchmark\testcode\BenchmarkTest01599.java,expectedresults-1.2.csv,xss,non_vulnerable,case_level,GET_delegates_to_POST,parameter,/xss-03/BenchmarkTest01599,BenchmarkTest01599,text/html;charset=UTF-8,none_identified,cwe-79,not_identified,not_identified,true,DIRECT,FINAL_CONFIRMATORY_ELIGIBLE,,,not_applicable,current_marker_control_likely_sufficient,current_marker_control,current,,true,true,metadata_constructed,benchmark_case_id;source_file;java_class_name;servlet_route;vulnerability_label;expected_result;parameter,true,ox14-c000265,/external-v14/case-000265,input_000265,opaque_candidate_id;sanitized_action_path;method;sanitized_parameter_name;input_source;input_type;editable_input_count;required_input_count;parameter_count,benchmark_case_id;source_file;java_class_name;servlet_name;vulnerability_label;expected_result;ground_truth,,audited,
BenchmarkTest01657,OWASP Benchmark Java,1.2,ba2e3f9a29fa3bde6a5c073d679393c9b94f025f,src\main\java\org\owasp\benchmark\testcode\BenchmarkTest01657.java,expectedresults-1.2.csv,xss,vulnerable,case_level,GET_delegates_to_POST,query_string,/xss-03/BenchmarkTest01657,BenchmarkTest01657,text/html;charset=UTF-8,url_decode,cwe-79,not_identified,not_identified,true,DIRECT,FINAL_CONFIRMATORY_ELIGIBLE,,,not_applicable,current_marker_control_likely_sufficient,current_marker_control,current,,true,true,metadata_constructed,benchmark_case_id;source_file;java_class_name;servlet_route;vulnerability_label;expected_result;parameter,true,ox14-c000266,/external-v14/case-000266,input_000266,opaque_candidate_id;sanitized_action_path;method;sanitized_parameter_name;input_source;input_type;editable_input_count;required_input_count;parameter_count,benchmark_case_id;source_file;java_class_name;servlet_name;vulnerability_label;expected_result;ground_truth,,audited,query string parsed manually for benchmark parameter
BenchmarkTest01658,OWASP Benchmark Java,1.2,ba2e3f9a29fa3bde6a5c073d679393c9b94f025f,src\main\java\org\owasp\benchmark\testcode\BenchmarkTest01658.java,expectedresults-1.2.csv,xss,vulnerable,case_level,GET_delegates_to_POST,query_string,/xss-03/BenchmarkTest01658,BenchmarkTest01658,text/html;charset=UTF-8,url_decode,cwe-79,not_identified,not_identified,true,DIRECT,FINAL_CONFIRMATORY_ELIGIBLE,,,not_applicable,current_marker_control_likely_sufficient,current_marker_control,current,,true,true,metadata_constructed,benchmark_case_id;source_file;java_class_name;servlet_route;vulnerability_label;expected_result;parameter,true,ox14-c000267,/external-v14/case-000267,input_000267,opaque_candidate_id;sanitized_action_path;method;sanitized_parameter_name;input_source;input_type;editable_input_count;required_input_count;parameter_count,benchmark_case_id;source_file;java_class_name;servlet_name;vulnerability_label;expected_result;ground_truth,,audited,query string parsed manually for benchmark parameter
BenchmarkTest01659,OWASP Benchmark Java,1.2,ba2e3f9a29fa3bde6a5c073d679393c9b94f025f,src\main\java\org\owasp\benchmark\testcode\BenchmarkTest01659.java,expectedresults-1.2.csv,xss,non_vulnerable,case_level,GET_delegates_to_POST,query_string,/xss-03/BenchmarkTest01659,BenchmarkTest01659,text/html;charset=UTF-8,url_decode,cwe-79,not_identified,not_identified,true,DIRECT,FINAL_CONFIRMATORY_ELIGIBLE,,,not_applicable,current_marker_control_likely_sufficient,current_marker_control,current,,true,true,metadata_constructed,benchmark_case_id;source_file;java_class_name;servlet_route;vulnerability_label;expected_result;parameter,true,ox14-c000268,/external-v14/case-000268,input_000268,opaque_candidate_id;sanitized_action_path;method;sanitized_parameter_name;input_source;input_type;editable_input_count;required_input_count;parameter_count,benchmark_case_id;source_file;java_class_name;servlet_name;vulnerability_label;expected_result;ground_truth,,audited,query string parsed manually for benchmark parameter
BenchmarkTest01660,OWASP Benchmark Java,1.2,ba2e3f9a29fa3bde6a5c073d679393c9b94f025f,src\main\java\org\owasp\benchmark\testcode\BenchmarkTest01660.java,expectedresults-1.2.csv,xss,vulnerable,case_level,GET_delegates_to_POST,query_string,/xss-03/BenchmarkTest01660,BenchmarkTest01660,text/html;charset=UTF-8,url_decode,cwe-79,not_identified,not_identified,true,DIRECT,FINAL_CONFIRMATORY_ELIGIBLE,,,not_applicable,current_marker_control_likely_sufficient,current_marker_control,current,,true,true,metadata_constructed,benchmark_case_id;source_file;java_class_name;servlet_route;vulnerability_label;expected_result;parameter,true,ox14-c000269,/external-v14/case-000269,input_000269,opaque_candidate_id;sanitized_action_path;method;sanitized_parameter_name;input_source;input_type;editable_input_count;required_input_count;parameter_count,benchmark_case_id;source_file;java_class_name;servlet_name;vulnerability_label;expected_result;ground_truth,,audited,query string parsed manually for benchmark parameter
BenchmarkTest01661,OWASP Benchmark Java,1.2,ba2e3f9a29fa3bde6a5c073d679393c9b94f025f,src\main\java\org\owasp\benchmark\testcode\BenchmarkTest01661.java,expectedresults-1.2.csv,xss,non_vulnerable,case_level,GET_delegates_to_POST,query_string,/xss-03/BenchmarkTest01661,BenchmarkTest01661,text/html;charset=UTF-8,url_decode,cwe-79,not_identified,not_identified,true,DIRECT,FINAL_CONFIRMATORY_ELIGIBLE,,,not_applicable,current_marker_control_likely_sufficient,current_marker_control,current,,true,true,metadata_constructed,benchmark_case_id;source_file;java_class_name;servlet_route;vulnerability_label;expected_result;parameter,true,ox14-c000270,/external-v14/case-000270,input_000270,opaque_candidate_id;sanitized_action_path;method;sanitized_parameter_name;input_source;input_type;editable_input_count;required_input_count;parameter_count,benchmark_case_id;source_file;java_class_name;servlet_name;vulnerability_label;expected_result;ground_truth,,audited,query string parsed manually for benchmark parameter
BenchmarkTest01662,OWASP Benchmark Java,1.2,ba2e3f9a29fa3bde6a5c073d679393c9b94f025f,src\main\java\org\owasp\benchmark\testcode\BenchmarkTest01662.java,expectedresults-1.2.csv,xss,vulnerable,case_level,GET_delegates_to_POST,query_string,/xss-03/BenchmarkTest01662,BenchmarkTest01662,text/html;charset=UTF-8,url_decode;base64_transform,cwe-79,not_identified,not_identified,true,DIRECT,FINAL_CONFIRMATORY_ELIGIBLE,,,not_applicable,current_marker_control_likely_sufficient,current_marker_control,current,,true,true,metadata_constructed,benchmark_case_id;source_file;java_class_name;servlet_route;vulnerability_label;expected_result;parameter,true,ox14-c000271,/external-v14/case-000271,input_000271,opaque_candidate_id;sanitized_action_path;method;sanitized_parameter_name;input_source;input_type;editable_input_count;required_input_count;parameter_count,benchmark_case_id;source_file;java_class_name;servlet_name;vulnerability_label;expected_result;ground_truth,,audited,query string parsed manually for benchmark parameter
BenchmarkTest01663,OWASP Benchmark Java,1.2,ba2e3f9a29fa3bde6a5c073d679393c9b94f025f,src\main\java\org\owasp\benchmark\testcode\BenchmarkTest01663.java,expectedresults-1.2.csv,xss,non_vulnerable,case_level,GET_delegates_to_POST,query_string,/xss-03/BenchmarkTest01663,BenchmarkTest01663,text/html;charset=UTF-8,url_decode,cwe-79,not_identified,not_identified,true,DIRECT,FINAL_CONFIRMATORY_ELIGIBLE,,,not_applicable,current_marker_control_likely_sufficient,current_marker_control,current,,true,true,metadata_constructed,benchmark_case_id;source_file;java_class_name;servlet_route;vulnerability_label;expected_result;parameter,true,ox14-c000272,/external-v14/case-000272,input_000272,opaque_candidate_id;sanitized_action_path;method;sanitized_parameter_name;input_source;input_type;editable_input_count;required_input_count;parameter_count,benchmark_case_id;source_file;java_class_name;servlet_name;vulnerability_label;expected_result;ground_truth,,audited,query string parsed manually for benchmark parameter
BenchmarkTest01664,OWASP Benchmark Java,1.2,ba2e3f9a29fa3bde6a5c073d679393c9b94f025f,src\main\java\org\owasp\benchmark\testcode\BenchmarkTest01664.java,expectedresults-1.2.csv,xss,non_vulnerable,case_level,GET_delegates_to_POST,query_string,/xss-03/BenchmarkTest01664,BenchmarkTest01664,text/html;charset=UTF-8,url_decode;html_encoding,cwe-79,not_identified,not_identified,true,DIRECT,FINAL_CONFIRMATORY_ELIGIBLE,,,not_applicable,current_marker_control_likely_sufficient,current_marker_control,current,,true,true,metadata_constructed,benchmark_case_id;source_file;java_class_name;servlet_route;vulnerability_label;expected_result;parameter,true,ox14-c000273,/external-v14/case-000273,input_000273,opaque_candidate_id;sanitized_action_path;method;sanitized_parameter_name;input_source;input_type;editable_input_count;required_input_count;parameter_count,benchmark_case_id;source_file;java_class_name;servlet_name;vulnerability_label;expected_result;ground_truth,,audited,query string parsed manually for benchmark parameter
BenchmarkTest01665,OWASP Benchmark Java,1.2,ba2e3f9a29fa3bde6a5c073d679393c9b94f025f,src\main\java\org\owasp\benchmark\testcode\BenchmarkTest01665.java,expectedresults-1.2.csv,xss,vulnerable,case_level,GET_delegates_to_POST,query_string,/xss-03/BenchmarkTest01665,BenchmarkTest01665,text/html;charset=UTF-8,url_decode,cwe-79,not_identified,not_identified,true,DIRECT,FINAL_CONFIRMATORY_ELIGIBLE,,,not_applicable,current_marker_control_likely_sufficient,current_marker_control,current,,true,true,metadata_constructed,benchmark_case_id;source_file;java_class_name;servlet_route;vulnerability_label;expected_result;parameter,true,ox14-c000274,/external-v14/case-000274,input_000274,opaque_candidate_id;sanitized_action_path;method;sanitized_parameter_name;input_source;input_type;editable_input_count;required_input_count;parameter_count,benchmark_case_id;source_file;java_class_name;servlet_name;vulnerability_label;expected_result;ground_truth,,audited,query string parsed manually for benchmark parameter
BenchmarkTest01666,OWASP Benchmark Java,1.2,ba2e3f9a29fa3bde6a5c073d679393c9b94f025f,src\main\java\org\owasp\benchmark\testcode\BenchmarkTest01666.java,expectedresults-1.2.csv,xss,vulnerable,case_level,GET_delegates_to_POST,query_string,/xss-03/BenchmarkTest01666,BenchmarkTest01666,text/html;charset=UTF-8,url_decode,cwe-79,not_identified,not_identified,true,DIRECT,FINAL_CONFIRMATORY_ELIGIBLE,,,not_applicable,current_marker_control_likely_sufficient,current_marker_control,current,,true,true,metadata_constructed,benchmark_case_id;source_file;java_class_name;servlet_route;vulnerability_label;expected_result;parameter,true,ox14-c000275,/external-v14/case-000275,input_000275,opaque_candidate_id;sanitized_action_path;method;sanitized_parameter_name;input_source;input_type;editable_input_count;required_input_count;parameter_count,benchmark_case_id;source_file;java_class_name;servlet_name;vulnerability_label;expected_result;ground_truth,,audited,query string parsed manually for benchmark parameter
BenchmarkTest01667,OWASP Benchmark Java,1.2,ba2e3f9a29fa3bde6a5c073d679393c9b94f025f,src\main\java\org\owasp\benchmark\testcode\BenchmarkTest01667.java,expectedresults-1.2.csv,xss,vulnerable,case_level,GET_delegates_to_POST,query_string,/xss-03/BenchmarkTest01667,BenchmarkTest01667,text/html;charset=UTF-8,url_decode,cwe-79,not_identified,not_identified,true,DIRECT,READINESS_ONLY,,,not_applicable,current_marker_control_likely_sufficient,current_marker_control,current,,true,true,metadata_constructed,benchmark_case_id;source_file;java_class_name;servlet_route;vulnerability_label;expected_result;parameter,true,ox14-c000276,/external-v14/case-000276,input_000276,opaque_candidate_id;sanitized_action_path;method;sanitized_parameter_name;input_source;input_type;editable_input_count;required_input_count;parameter_count,benchmark_case_id;source_file;java_class_name;servlet_name;vulnerability_label;expected_result;ground_truth,,audited,query string parsed manually for benchmark parameter
BenchmarkTest01668,OWASP Benchmark Java,1.2,ba2e3f9a29fa3bde6a5c073d679393c9b94f025f,src\main\java\org\owasp\benchmark\testcode\BenchmarkTest01668.java,expectedresults-1.2.csv,xss,non_vulnerable,case_level,GET_delegates_to_POST,query_string,/xss-03/BenchmarkTest01668,BenchmarkTest01668,text/html;charset=UTF-8,url_decode,cwe-79,not_identified,not_identified,true,DIRECT,FINAL_CONFIRMATORY_ELIGIBLE,,,not_applicable,current_marker_control_likely_sufficient,current_marker_control,current,,true,true,metadata_constructed,benchmark_case_id;source_file;java_class_name;servlet_route;vulnerability_label;expected_result;parameter,true,ox14-c000277,/external-v14/case-000277,input_000277,opaque_candidate_id;sanitized_action_path;method;sanitized_parameter_name;input_source;input_type;editable_input_count;required_input_count;parameter_count,benchmark_case_id;source_file;java_class_name;servlet_name;vulnerability_label;expected_result;ground_truth,,audited,query string parsed manually for benchmark parameter
BenchmarkTest01669,OWASP Benchmark Java,1.2,ba2e3f9a29fa3bde6a5c073d679393c9b94f025f,src\main\java\org\owasp\benchmark\testcode\BenchmarkTest01669.java,expectedresults-1.2.csv,xss,non_vulnerable,case_level,GET_delegates_to_POST,query_string,/xss-03/BenchmarkTest01669,BenchmarkTest01669,text/html;charset=UTF-8,url_decode;html_encoding,cwe-79,not_identified,not_identified,true,DIRECT,FINAL_CONFIRMATORY_ELIGIBLE,,,not_applicable,current_marker_control_likely_sufficient,current_marker_control,current,,true,true,metadata_constructed,benchmark_case_id;source_file;java_class_name;servlet_route;vulnerability_label;expected_result;parameter,true,ox14-c000278,/external-v14/case-000278,input_000278,opaque_candidate_id;sanitized_action_path;method;sanitized_parameter_name;input_source;input_type;editable_input_count;required_input_count;parameter_count,benchmark_case_id;source_file;java_class_name;servlet_name;vulnerability_label;expected_result;ground_truth,,audited,query string parsed manually for benchmark parameter
BenchmarkTest01670,OWASP Benchmark Java,1.2,ba2e3f9a29fa3bde6a5c073d679393c9b94f025f,src\main\java\org\owasp\benchmark\testcode\BenchmarkTest01670.java,expectedresults-1.2.csv,xss,vulnerable,case_level,GET_delegates_to_POST,query_string,/xss-03/BenchmarkTest01670,BenchmarkTest01670,text/html;charset=UTF-8,url_decode,cwe-79,not_identified,not_identified,true,DIRECT,READINESS_ONLY,,,not_applicable,current_marker_control_likely_sufficient,current_marker_control,current,,true,true,metadata_constructed,benchmark_case_id;source_file;java_class_name;servlet_route;vulnerability_label;expected_result;parameter,true,ox14-c000279,/external-v14/case-000279,input_000279,opaque_candidate_id;sanitized_action_path;method;sanitized_parameter_name;input_source;input_type;editable_input_count;required_input_count;parameter_count,benchmark_case_id;source_file;java_class_name;servlet_name;vulnerability_label;expected_result;ground_truth,,audited,query string parsed manually for benchmark parameter
BenchmarkTest01671,OWASP Benchmark Java,1.2,ba2e3f9a29fa3bde6a5c073d679393c9b94f025f,src\main\java\org\owasp\benchmark\testcode\BenchmarkTest01671.java,expectedresults-1.2.csv,xss,non_vulnerable,case_level,GET_delegates_to_POST,query_string,/xss-03/BenchmarkTest01671,BenchmarkTest01671,text/html;charset=UTF-8,url_decode;html_encoding,cwe-79,not_identified,not_identified,true,DIRECT,READINESS_ONLY,,,not_applicable,current_marker_control_likely_sufficient,current_marker_control,current,,true,true,metadata_constructed,benchmark_case_id;source_file;java_class_name;servlet_route;vulnerability_label;expected_result;parameter,true,ox14-c000280,/external-v14/case-000280,input_000280,opaque_candidate_id;sanitized_action_path;method;sanitized_parameter_name;input_source;input_type;editable_input_count;required_input_count;parameter_count,benchmark_case_id;source_file;java_class_name;servlet_name;vulnerability_label;expected_result;ground_truth,,audited,query string parsed manually for benchmark parameter
BenchmarkTest01767,OWASP Benchmark Java,1.2,ba2e3f9a29fa3bde6a5c073d679393c9b94f025f,src\main\java\org\owasp\benchmark\testcode\BenchmarkTest01767.java,expectedresults-1.2.csv,xss,non_vulnerable,case_level,GET_delegates_to_POST,no_external_input,/xss-03/BenchmarkTest01767,BenchmarkTest01767,text/html;charset=UTF-8,none_identified,cwe-79,not_identified,not_identified,false,EXCLUDED,EXCLUDED,no_externally_controllable_input_source,,not_applicable,current_marker_control_likely_sufficient,current_marker_control,unnecessary,,false,false,not_eligible,benchmark_case_id;source_file;java_class_name;servlet_route;vulnerability_label;expected_result;parameter,true,,,,,benchmark_case_id;source_file;java_class_name;servlet_name;vulnerability_label;expected_result;ground_truth,no_externally_controllable_input_source,audited,helper returns a static safe value rather than request input
BenchmarkTest01768,OWASP Benchmark Java,1.2,ba2e3f9a29fa3bde6a5c073d679393c9b94f025f,src\main\java\org\owasp\benchmark\testcode\BenchmarkTest01768.java,expectedresults-1.2.csv,xss,non_vulnerable,case_level,GET_delegates_to_POST,no_external_input,/xss-03/BenchmarkTest01768,BenchmarkTest01768,text/html;charset=UTF-8,none_identified,cwe-79,not_identified,not_identified,false,EXCLUDED,EXCLUDED,no_externally_controllable_input_source,,not_applicable,current_marker_control_likely_sufficient,current_marker_control,unnecessary,,false,false,not_eligible,benchmark_case_id;source_file;java_class_name;servlet_route;vulnerability_label;expected_result;parameter,true,,,,,benchmark_case_id;source_file;java_class_name;servlet_name;vulnerability_label;expected_result;ground_truth,no_externally_controllable_input_source,audited,helper returns a static safe value rather than request input
BenchmarkTest01769,OWASP Benchmark Java,1.2,ba2e3f9a29fa3bde6a5c073d679393c9b94f025f,src\main\java\org\owasp\benchmark\testcode\BenchmarkTest01769.java,expectedresults-1.2.csv,xss,non_vulnerable,case_level,GET_delegates_to_POST,no_external_input,/xss-03/BenchmarkTest01769,BenchmarkTest01769,text/html;charset=UTF-8,none_identified,cwe-79,not_identified,not_identified,false,EXCLUDED,EXCLUDED,no_externally_controllable_input_source,,not_applicable,current_marker_control_likely_sufficient,current_marker_control,unnecessary,,false,false,not_eligible,benchmark_case_id;source_file;java_class_name;servlet_route;vulnerability_label;expected_result;parameter,true,,,,,benchmark_case_id;source_file;java_class_name;servlet_name;vulnerability_label;expected_result;ground_truth,no_externally_controllable_input_source,audited,helper returns a static safe value rather than request input
BenchmarkTest01770,OWASP Benchmark Java,1.2,ba2e3f9a29fa3bde6a5c073d679393c9b94f025f,src\main\java\org\owasp\benchmark\testcode\BenchmarkTest01770.java,expectedresults-1.2.csv,xss,non_vulnerable,case_level,GET_delegates_to_POST,no_external_input,/xss-03/BenchmarkTest01770,BenchmarkTest01770,text/html;charset=UTF-8,none_identified,cwe-79,not_identified,not_identified,false,EXCLUDED,EXCLUDED,no_externally_controllable_input_source,,not_applicable,current_marker_control_likely_sufficient,current_marker_control,unnecessary,,false,false,not_eligible,benchmark_case_id;source_file;java_class_name;servlet_route;vulnerability_label;expected_result;parameter,true,,,,,benchmark_case_id;source_file;java_class_name;servlet_name;vulnerability_label;expected_result;ground_truth,no_externally_controllable_input_source,audited,helper returns a static safe value rather than request input
BenchmarkTest01771,OWASP Benchmark Java,1.2,ba2e3f9a29fa3bde6a5c073d679393c9b94f025f,src\main\java\org\owasp\benchmark\testcode\BenchmarkTest01771.java,expectedresults-1.2.csv,xss,non_vulnerable,case_level,GET_delegates_to_POST,no_external_input,/xss-03/BenchmarkTest01771,BenchmarkTest01771,text/html;charset=UTF-8,base64_transform,cwe-79,not_identified,not_identified,false,EXCLUDED,EXCLUDED,no_externally_controllable_input_source,,not_applicable,current_marker_control_likely_sufficient,current_marker_control,unnecessary,,false,false,not_eligible,benchmark_case_id;source_file;java_class_name;servlet_route;vulnerability_label;expected_result;parameter,true,,,,,benchmark_case_id;source_file;java_class_name;servlet_name;vulnerability_label;expected_result;ground_truth,no_externally_controllable_input_source,audited,helper returns a static safe value rather than request input
BenchmarkTest01772,OWASP Benchmark Java,1.2,ba2e3f9a29fa3bde6a5c073d679393c9b94f025f,src\main\java\org\owasp\benchmark\testcode\BenchmarkTest01772.java,expectedresults-1.2.csv,xss,non_vulnerable,case_level,GET_delegates_to_POST,no_external_input,/xss-03/BenchmarkTest01772,BenchmarkTest01772,text/html;charset=UTF-8,none_identified,cwe-79,not_identified,not_identified,false,EXCLUDED,EXCLUDED,no_externally_controllable_input_source,,not_applicable,current_marker_control_likely_sufficient,current_marker_control,unnecessary,,false,false,not_eligible,benchmark_case_id;source_file;java_class_name;servlet_route;vulnerability_label;expected_result;parameter,true,,,,,benchmark_case_id;source_file;java_class_name;servlet_name;vulnerability_label;expected_result;ground_truth,no_externally_controllable_input_source,audited,helper returns a static safe value rather than request input
BenchmarkTest01773,OWASP Benchmark Java,1.2,ba2e3f9a29fa3bde6a5c073d679393c9b94f025f,src\main\java\org\owasp\benchmark\testcode\BenchmarkTest01773.java,expectedresults-1.2.csv,xss,non_vulnerable,case_level,GET_delegates_to_POST,no_external_input,/xss-03/BenchmarkTest01773,BenchmarkTest01773,text/html;charset=UTF-8,none_identified,cwe-79,not_identified,not_identified,false,EXCLUDED,EXCLUDED,no_externally_controllable_input_source,,not_applicable,current_marker_control_likely_sufficient,current_marker_control,unnecessary,,false,false,not_eligible,benchmark_case_id;source_file;java_class_name;servlet_route;vulnerability_label;expected_result;parameter,true,,,,,benchmark_case_id;source_file;java_class_name;servlet_name;vulnerability_label;expected_result;ground_truth,no_externally_controllable_input_source,audited,helper returns a static safe value rather than request input
BenchmarkTest01774,OWASP Benchmark Java,1.2,ba2e3f9a29fa3bde6a5c073d679393c9b94f025f,src\main\java\org\owasp\benchmark\testcode\BenchmarkTest01774.java,expectedresults-1.2.csv,xss,non_vulnerable,case_level,GET_delegates_to_POST,no_external_input,/xss-03/BenchmarkTest01774,BenchmarkTest01774,text/html;charset=UTF-8,none_identified,cwe-79,not_identified,not_identified,false,EXCLUDED,EXCLUDED,no_externally_controllable_input_source,,not_applicable,current_marker_control_likely_sufficient,current_marker_control,unnecessary,,false,false,not_eligible,benchmark_case_id;source_file;java_class_name;servlet_route;vulnerability_label;expected_result;parameter,true,,,,,benchmark_case_id;source_file;java_class_name;servlet_name;vulnerability_label;expected_result;ground_truth,no_externally_controllable_input_source,audited,helper returns a static safe value rather than request input
BenchmarkTest01775,OWASP Benchmark Java,1.2,ba2e3f9a29fa3bde6a5c073d679393c9b94f025f,src\main\java\org\owasp\benchmark\testcode\BenchmarkTest01775.java,expectedresults-1.2.csv,xss,non_vulnerable,case_level,GET_delegates_to_POST,no_external_input,/xss-03/BenchmarkTest01775,BenchmarkTest01775,text/html;charset=UTF-8,none_identified,cwe-79,not_identified,not_identified,false,EXCLUDED,EXCLUDED,no_externally_controllable_input_source,,not_applicable,current_marker_control_likely_sufficient,current_marker_control,unnecessary,,false,false,not_eligible,benchmark_case_id;source_file;java_class_name;servlet_route;vulnerability_label;expected_result;parameter,true,,,,,benchmark_case_id;source_file;java_class_name;servlet_name;vulnerability_label;expected_result;ground_truth,no_externally_controllable_input_source,audited,helper returns a static safe value rather than request input
BenchmarkTest01776,OWASP Benchmark Java,1.2,ba2e3f9a29fa3bde6a5c073d679393c9b94f025f,src\main\java\org\owasp\benchmark\testcode\BenchmarkTest01776.java,expectedresults-1.2.csv,xss,non_vulnerable,case_level,GET_delegates_to_POST,no_external_input,/xss-03/BenchmarkTest01776,BenchmarkTest01776,text/html;charset=UTF-8,none_identified,cwe-79,not_identified,not_identified,false,EXCLUDED,EXCLUDED,no_externally_controllable_input_source,,not_applicable,current_marker_control_likely_sufficient,current_marker_control,unnecessary,,false,false,not_eligible,benchmark_case_id;source_file;java_class_name;servlet_route;vulnerability_label;expected_result;parameter,true,,,,,benchmark_case_id;source_file;java_class_name;servlet_name;vulnerability_label;expected_result;ground_truth,no_externally_controllable_input_source,audited,helper returns a static safe value rather than request input
BenchmarkTest01777,OWASP Benchmark Java,1.2,ba2e3f9a29fa3bde6a5c073d679393c9b94f025f,src\main\java\org\owasp\benchmark\testcode\BenchmarkTest01777.java,expectedresults-1.2.csv,xss,non_vulnerable,case_level,GET_delegates_to_POST,no_external_input,/xss-03/BenchmarkTest01777,BenchmarkTest01777,text/html;charset=UTF-8,none_identified,cwe-79,not_identified,not_identified,false,EXCLUDED,EXCLUDED,no_externally_controllable_input_source,,not_applicable,current_marker_control_likely_sufficient,current_marker_control,unnecessary,,false,false,not_eligible,benchmark_case_id;source_file;java_class_name;servlet_route;vulnerability_label;expected_result;parameter,true,,,,,benchmark_case_id;source_file;java_class_name;servlet_name;vulnerability_label;expected_result;ground_truth,no_externally_controllable_input_source,audited,helper returns a static safe value rather than request input
BenchmarkTest01790,OWASP Benchmark Java,1.2,ba2e3f9a29fa3bde6a5c073d679393c9b94f025f,src\main\java\org\owasp\benchmark\testcode\BenchmarkTest01790.java,expectedresults-1.2.csv,xss,non_vulnerable,case_level,GET_delegates_to_POST,no_external_input,/xss-03/BenchmarkTest01790,BenchmarkTest01790,text/html;charset=UTF-8,html_encoding;string_escape_utils,cwe-79,not_identified,not_identified,false,EXCLUDED,EXCLUDED,no_externally_controllable_input_source,,not_applicable,current_marker_control_likely_sufficient,current_marker_control,unnecessary,,false,false,not_eligible,benchmark_case_id;source_file;java_class_name;servlet_route;vulnerability_label;expected_result;parameter,true,,,,,benchmark_case_id;source_file;java_class_name;servlet_name;vulnerability_label;expected_result;ground_truth,no_externally_controllable_input_source,audited,helper returns a static safe value rather than request input
BenchmarkTest01914,OWASP Benchmark Java,1.2,ba2e3f9a29fa3bde6a5c073d679393c9b94f025f,src\main\java\org\owasp\benchmark\testcode\BenchmarkTest01914.java,expectedresults-1.2.csv,xss,non_vulnerable,case_level,GET_delegates_to_POST,header,/xss-03/BenchmarkTest01914,Referer,text/html;charset=UTF-8,url_decode,cwe-79,not_identified,not_identified,false,ADAPTER_SUPPORTED,FINAL_CONFIRMATORY_ELIGIBLE,current_candidate_transport_does_not_support_header,header_input,false,current_marker_control_likely_sufficient,current_marker_control,required_extension,input_source_header;header_name_transport,true,true,metadata_constructed,benchmark_case_id;source_file;java_class_name;servlet_route;vulnerability_label;expected_result;parameter,true,ox14-c000293,/external-v14/case-000293,header_000293,opaque_candidate_id;sanitized_action_path;method;sanitized_parameter_name;input_source;input_type;editable_input_count;required_input_count;parameter_count,benchmark_case_id;source_file;java_class_name;servlet_name;vulnerability_label;expected_result;ground_truth,,audited,
BenchmarkTest01915,OWASP Benchmark Java,1.2,ba2e3f9a29fa3bde6a5c073d679393c9b94f025f,src\main\java\org\owasp\benchmark\testcode\BenchmarkTest01915.java,expectedresults-1.2.csv,xss,non_vulnerable,case_level,GET_delegates_to_POST,header,/xss-03/BenchmarkTest01915,Referer,text/html;charset=UTF-8,url_decode,cwe-79,not_identified,not_identified,false,ADAPTER_SUPPORTED,FINAL_CONFIRMATORY_ELIGIBLE,current_candidate_transport_does_not_support_header,header_input,false,current_marker_control_likely_sufficient,current_marker_control,required_extension,input_source_header;header_name_transport,true,true,metadata_constructed,benchmark_case_id;source_file;java_class_name;servlet_route;vulnerability_label;expected_result;parameter,true,ox14-c000294,/external-v14/case-000294,header_000294,opaque_candidate_id;sanitized_action_path;method;sanitized_parameter_name;input_source;input_type;editable_input_count;required_input_count;parameter_count,benchmark_case_id;source_file;java_class_name;servlet_name;vulnerability_label;expected_result;ground_truth,,audited,
BenchmarkTest01916,OWASP Benchmark Java,1.2,ba2e3f9a29fa3bde6a5c073d679393c9b94f025f,src\main\java\org\owasp\benchmark\testcode\BenchmarkTest01916.java,expectedresults-1.2.csv,xss,vulnerable,case_level,GET_delegates_to_POST,header,/xss-03/BenchmarkTest01916,Referer,text/html;charset=UTF-8,url_decode,cwe-79,not_identified,not_identified,false,ADAPTER_SUPPORTED,FINAL_CONFIRMATORY_ELIGIBLE,current_candidate_transport_does_not_support_header,header_input,false,current_marker_control_likely_sufficient,current_marker_control,required_extension,input_source_header;header_name_transport,true,true,metadata_constructed,benchmark_case_id;source_file;java_class_name;servlet_route;vulnerability_label;expected_result;parameter,true,ox14-c000295,/external-v14/case-000295,header_000295,opaque_candidate_id;sanitized_action_path;method;sanitized_parameter_name;input_source;input_type;editable_input_count;required_input_count;parameter_count,benchmark_case_id;source_file;java_class_name;servlet_name;vulnerability_label;expected_result;ground_truth,,audited,
BenchmarkTest01917,OWASP Benchmark Java,1.2,ba2e3f9a29fa3bde6a5c073d679393c9b94f025f,src\main\java\org\owasp\benchmark\testcode\BenchmarkTest01917.java,expectedresults-1.2.csv,xss,non_vulnerable,case_level,GET_delegates_to_POST,header,/xss-03/BenchmarkTest01917,Referer,text/html;charset=UTF-8,url_decode;html_encoding,cwe-79,not_identified,not_identified,false,ADAPTER_SUPPORTED,FINAL_CONFIRMATORY_ELIGIBLE,current_candidate_transport_does_not_support_header,header_input,false,current_marker_control_likely_sufficient,current_marker_control,required_extension,input_source_header;header_name_transport,true,true,metadata_constructed,benchmark_case_id;source_file;java_class_name;servlet_route;vulnerability_label;expected_result;parameter,true,ox14-c000296,/external-v14/case-000296,header_000296,opaque_candidate_id;sanitized_action_path;method;sanitized_parameter_name;input_source;input_type;editable_input_count;required_input_count;parameter_count,benchmark_case_id;source_file;java_class_name;servlet_name;vulnerability_label;expected_result;ground_truth,,audited,
BenchmarkTest01918,OWASP Benchmark Java,1.2,ba2e3f9a29fa3bde6a5c073d679393c9b94f025f,src\main\java\org\owasp\benchmark\testcode\BenchmarkTest01918.java,expectedresults-1.2.csv,xss,non_vulnerable,case_level,GET_delegates_to_POST,header,/xss-03/BenchmarkTest01918,Referer,text/html;charset=UTF-8,url_decode,cwe-79,not_identified,not_identified,false,ADAPTER_SUPPORTED,FINAL_CONFIRMATORY_ELIGIBLE,current_candidate_transport_does_not_support_header,header_input,false,current_marker_control_likely_sufficient,current_marker_control,required_extension,input_source_header;header_name_transport,true,true,metadata_constructed,benchmark_case_id;source_file;java_class_name;servlet_route;vulnerability_label;expected_result;parameter,true,ox14-c000297,/external-v14/case-000297,header_000297,opaque_candidate_id;sanitized_action_path;method;sanitized_parameter_name;input_source;input_type;editable_input_count;required_input_count;parameter_count,benchmark_case_id;source_file;java_class_name;servlet_name;vulnerability_label;expected_result;ground_truth,,audited,
BenchmarkTest01919,OWASP Benchmark Java,1.2,ba2e3f9a29fa3bde6a5c073d679393c9b94f025f,src\main\java\org\owasp\benchmark\testcode\BenchmarkTest01919.java,expectedresults-1.2.csv,xss,vulnerable,case_level,GET_delegates_to_POST,header,/xss-03/BenchmarkTest01919,Referer,text/html;charset=UTF-8,url_decode,cwe-79,not_identified,not_identified,false,ADAPTER_SUPPORTED,FINAL_CONFIRMATORY_ELIGIBLE,current_candidate_transport_does_not_support_header,header_input,false,current_marker_control_likely_sufficient,current_marker_control,required_extension,input_source_header;header_name_transport,true,true,metadata_constructed,benchmark_case_id;source_file;java_class_name;servlet_route;vulnerability_label;expected_result;parameter,true,ox14-c000298,/external-v14/case-000298,header_000298,opaque_candidate_id;sanitized_action_path;method;sanitized_parameter_name;input_source;input_type;editable_input_count;required_input_count;parameter_count,benchmark_case_id;source_file;java_class_name;servlet_name;vulnerability_label;expected_result;ground_truth,,audited,
BenchmarkTest01920,OWASP Benchmark Java,1.2,ba2e3f9a29fa3bde6a5c073d679393c9b94f025f,src\main\java\org\owasp\benchmark\testcode\BenchmarkTest01920.java,expectedresults-1.2.csv,xss,vulnerable,case_level,GET_delegates_to_POST,header,/xss-03/BenchmarkTest01920,Referer,text/html;charset=UTF-8,url_decode,cwe-79,not_identified,not_identified,false,ADAPTER_SUPPORTED,FINAL_CONFIRMATORY_ELIGIBLE,current_candidate_transport_does_not_support_header,header_input,false,current_marker_control_likely_sufficient,current_marker_control,required_extension,input_source_header;header_name_transport,true,true,metadata_constructed,benchmark_case_id;source_file;java_class_name;servlet_route;vulnerability_label;expected_result;parameter,true,ox14-c000299,/external-v14/case-000299,header_000299,opaque_candidate_id;sanitized_action_path;method;sanitized_parameter_name;input_source;input_type;editable_input_count;required_input_count;parameter_count,benchmark_case_id;source_file;java_class_name;servlet_name;vulnerability_label;expected_result;ground_truth,,audited,
BenchmarkTest01921,OWASP Benchmark Java,1.2,ba2e3f9a29fa3bde6a5c073d679393c9b94f025f,src\main\java\org\owasp\benchmark\testcode\BenchmarkTest01921.java,expectedresults-1.2.csv,xss,vulnerable,case_level,GET_delegates_to_POST,header,/xss-03/BenchmarkTest01921,Referer,text/html;charset=UTF-8,url_decode,cwe-79,not_identified,not_identified,false,ADAPTER_SUPPORTED,FINAL_CONFIRMATORY_ELIGIBLE,current_candidate_transport_does_not_support_header,header_input,false,current_marker_control_likely_sufficient,current_marker_control,required_extension,input_source_header;header_name_transport,true,true,metadata_constructed,benchmark_case_id;source_file;java_class_name;servlet_route;vulnerability_label;expected_result;parameter,true,ox14-c000300,/external-v14/case-000300,header_000300,opaque_candidate_id;sanitized_action_path;method;sanitized_parameter_name;input_source;input_type;editable_input_count;required_input_count;parameter_count,benchmark_case_id;source_file;java_class_name;servlet_name;vulnerability_label;expected_result;ground_truth,,audited,
BenchmarkTest01922,OWASP Benchmark Java,1.2,ba2e3f9a29fa3bde6a5c073d679393c9b94f025f,src\main\java\org\owasp\benchmark\testcode\BenchmarkTest01922.java,expectedresults-1.2.csv,xss,vulnerable,case_level,GET_delegates_to_POST,header,/xss-03/BenchmarkTest01922,Referer,text/html;charset=UTF-8,url_decode,cwe-79,not_identified,not_identified,false,ADAPTER_SUPPORTED,FINAL_CONFIRMATORY_ELIGIBLE,current_candidate_transport_does_not_support_header,header_input,false,current_marker_control_likely_sufficient,current_marker_control,required_extension,input_source_header;header_name_transport,true,true,metadata_constructed,benchmark_case_id;source_file;java_class_name;servlet_route;vulnerability_label;expected_result;parameter,true,ox14-c000301,/external-v14/case-000301,header_000301,opaque_candidate_id;sanitized_action_path;method;sanitized_parameter_name;input_source;input_type;editable_input_count;required_input_count;parameter_count,benchmark_case_id;source_file;java_class_name;servlet_name;vulnerability_label;expected_result;ground_truth,,audited,
BenchmarkTest01923,OWASP Benchmark Java,1.2,ba2e3f9a29fa3bde6a5c073d679393c9b94f025f,src\main\java\org\owasp\benchmark\testcode\BenchmarkTest01923.java,expectedresults-1.2.csv,xss,vulnerable,case_level,GET_delegates_to_POST,header,/xss-03/BenchmarkTest01923,Referer,text/html;charset=UTF-8,url_decode,cwe-79,not_identified,not_identified,false,ADAPTER_SUPPORTED,FINAL_CONFIRMATORY_ELIGIBLE,current_candidate_transport_does_not_support_header,header_input,false,current_marker_control_likely_sufficient,current_marker_control,required_extension,input_source_header;header_name_transport,true,true,metadata_constructed,benchmark_case_id;source_file;java_class_name;servlet_route;vulnerability_label;expected_result;parameter,true,ox14-c000302,/external-v14/case-000302,header_000302,opaque_candidate_id;sanitized_action_path;method;sanitized_parameter_name;input_source;input_type;editable_input_count;required_input_count;parameter_count,benchmark_case_id;source_file;java_class_name;servlet_name;vulnerability_label;expected_result;ground_truth,,audited,
BenchmarkTest01924,OWASP Benchmark Java,1.2,ba2e3f9a29fa3bde6a5c073d679393c9b94f025f,src\main\java\org\owasp\benchmark\testcode\BenchmarkTest01924.java,expectedresults-1.2.csv,xss,non_vulnerable,case_level,GET_delegates_to_POST,header,/xss-03/BenchmarkTest01924,Referer,text/html;charset=UTF-8,url_decode,cwe-79,not_identified,not_identified,false,ADAPTER_SUPPORTED,FINAL_CONFIRMATORY_ELIGIBLE,current_candidate_transport_does_not_support_header,header_input,false,current_marker_control_likely_sufficient,current_marker_control,required_extension,input_source_header;header_name_transport,true,true,metadata_constructed,benchmark_case_id;source_file;java_class_name;servlet_route;vulnerability_label;expected_result;parameter,true,ox14-c000303,/external-v14/case-000303,header_000303,opaque_candidate_id;sanitized_action_path;method;sanitized_parameter_name;input_source;input_type;editable_input_count;required_input_count;parameter_count,benchmark_case_id;source_file;java_class_name;servlet_name;vulnerability_label;expected_result;ground_truth,,audited,
BenchmarkTest01925,OWASP Benchmark Java,1.2,ba2e3f9a29fa3bde6a5c073d679393c9b94f025f,src\main\java\org\owasp\benchmark\testcode\BenchmarkTest01925.java,expectedresults-1.2.csv,xss,vulnerable,case_level,GET_delegates_to_POST,header,/xss-03/BenchmarkTest01925,Referer,text/html;charset=UTF-8,url_decode,cwe-79,not_identified,not_identified,false,ADAPTER_SUPPORTED,FINAL_CONFIRMATORY_ELIGIBLE,current_candidate_transport_does_not_support_header,header_input,false,current_marker_control_likely_sufficient,current_marker_control,required_extension,input_source_header;header_name_transport,true,true,metadata_constructed,benchmark_case_id;source_file;java_class_name;servlet_route;vulnerability_label;expected_result;parameter,true,ox14-c000304,/external-v14/case-000304,header_000304,opaque_candidate_id;sanitized_action_path;method;sanitized_parameter_name;input_source;input_type;editable_input_count;required_input_count;parameter_count,benchmark_case_id;source_file;java_class_name;servlet_name;vulnerability_label;expected_result;ground_truth,,audited,
BenchmarkTest01926,OWASP Benchmark Java,1.2,ba2e3f9a29fa3bde6a5c073d679393c9b94f025f,src\main\java\org\owasp\benchmark\testcode\BenchmarkTest01926.java,expectedresults-1.2.csv,xss,vulnerable,case_level,GET_delegates_to_POST,header,/xss-03/BenchmarkTest01926,Referer,text/html;charset=UTF-8,url_decode,cwe-79,not_identified,not_identified,false,ADAPTER_SUPPORTED,FINAL_CONFIRMATORY_ELIGIBLE,current_candidate_transport_does_not_support_header,header_input,false,current_marker_control_likely_sufficient,current_marker_control,required_extension,input_source_header;header_name_transport,true,true,metadata_constructed,benchmark_case_id;source_file;java_class_name;servlet_route;vulnerability_label;expected_result;parameter,true,ox14-c000305,/external-v14/case-000305,header_000305,opaque_candidate_id;sanitized_action_path;method;sanitized_parameter_name;input_source;input_type;editable_input_count;required_input_count;parameter_count,benchmark_case_id;source_file;java_class_name;servlet_name;vulnerability_label;expected_result;ground_truth,,audited,
BenchmarkTest01927,OWASP Benchmark Java,1.2,ba2e3f9a29fa3bde6a5c073d679393c9b94f025f,src\main\java\org\owasp\benchmark\testcode\BenchmarkTest01927.java,expectedresults-1.2.csv,xss,vulnerable,case_level,GET_delegates_to_POST,header,/xss-03/BenchmarkTest01927,Referer,text/html;charset=UTF-8,url_decode;base64_transform,cwe-79,not_identified,not_identified,false,ADAPTER_SUPPORTED,FINAL_CONFIRMATORY_ELIGIBLE,current_candidate_transport_does_not_support_header,header_input,false,current_marker_control_likely_sufficient,current_marker_control,required_extension,input_source_header;header_name_transport,true,true,metadata_constructed,benchmark_case_id;source_file;java_class_name;servlet_route;vulnerability_label;expected_result;parameter,true,ox14-c000306,/external-v14/case-000306,header_000306,opaque_candidate_id;sanitized_action_path;method;sanitized_parameter_name;input_source;input_type;editable_input_count;required_input_count;parameter_count,benchmark_case_id;source_file;java_class_name;servlet_name;vulnerability_label;expected_result;ground_truth,,audited,
BenchmarkTest02045,OWASP Benchmark Java,1.2,ba2e3f9a29fa3bde6a5c073d679393c9b94f025f,src\main\java\org\owasp\benchmark\testcode\BenchmarkTest02045.java,expectedresults-1.2.csv,xss,non_vulnerable,case_level,GET_delegates_to_POST,header,/xss-03/BenchmarkTest02045,Referer,text/html;charset=UTF-8,url_decode,cwe-79,not_identified,not_identified,false,ADAPTER_SUPPORTED,FINAL_CONFIRMATORY_ELIGIBLE,current_candidate_transport_does_not_support_header,header_input,false,current_marker_control_likely_sufficient,current_marker_control,required_extension,input_source_header;header_name_transport,true,true,metadata_constructed,benchmark_case_id;source_file;java_class_name;servlet_route;vulnerability_label;expected_result;parameter,true,ox14-c000307,/external-v14/case-000307,header_000307,opaque_candidate_id;sanitized_action_path;method;sanitized_parameter_name;input_source;input_type;editable_input_count;required_input_count;parameter_count,benchmark_case_id;source_file;java_class_name;servlet_name;vulnerability_label;expected_result;ground_truth,,audited,
BenchmarkTest02046,OWASP Benchmark Java,1.2,ba2e3f9a29fa3bde6a5c073d679393c9b94f025f,src\main\java\org\owasp\benchmark\testcode\BenchmarkTest02046.java,expectedresults-1.2.csv,xss,vulnerable,case_level,GET_delegates_to_POST,header,/xss-03/BenchmarkTest02046,Referer,text/html;charset=UTF-8,url_decode,cwe-79,not_identified,not_identified,false,ADAPTER_SUPPORTED,FINAL_CONFIRMATORY_ELIGIBLE,current_candidate_transport_does_not_support_header,header_input,false,current_marker_control_likely_sufficient,current_marker_control,required_extension,input_source_header;header_name_transport,true,true,metadata_constructed,benchmark_case_id;source_file;java_class_name;servlet_route;vulnerability_label;expected_result;parameter,true,ox14-c000308,/external-v14/case-000308,header_000308,opaque_candidate_id;sanitized_action_path;method;sanitized_parameter_name;input_source;input_type;editable_input_count;required_input_count;parameter_count,benchmark_case_id;source_file;java_class_name;servlet_name;vulnerability_label;expected_result;ground_truth,,audited,
BenchmarkTest02047,OWASP Benchmark Java,1.2,ba2e3f9a29fa3bde6a5c073d679393c9b94f025f,src\main\java\org\owasp\benchmark\testcode\BenchmarkTest02047.java,expectedresults-1.2.csv,xss,vulnerable,case_level,GET_delegates_to_POST,header,/xss-03/BenchmarkTest02047,Referer,text/html;charset=UTF-8,url_decode,cwe-79,not_identified,not_identified,false,ADAPTER_SUPPORTED,FINAL_CONFIRMATORY_ELIGIBLE,current_candidate_transport_does_not_support_header,header_input,false,current_marker_control_likely_sufficient,current_marker_control,required_extension,input_source_header;header_name_transport,true,true,metadata_constructed,benchmark_case_id;source_file;java_class_name;servlet_route;vulnerability_label;expected_result;parameter,true,ox14-c000309,/external-v14/case-000309,header_000309,opaque_candidate_id;sanitized_action_path;method;sanitized_parameter_name;input_source;input_type;editable_input_count;required_input_count;parameter_count,benchmark_case_id;source_file;java_class_name;servlet_name;vulnerability_label;expected_result;ground_truth,,audited,
BenchmarkTest02048,OWASP Benchmark Java,1.2,ba2e3f9a29fa3bde6a5c073d679393c9b94f025f,src\main\java\org\owasp\benchmark\testcode\BenchmarkTest02048.java,expectedresults-1.2.csv,xss,non_vulnerable,case_level,GET_delegates_to_POST,header,/xss-03/BenchmarkTest02048,Referer,text/html;charset=UTF-8,url_decode;base64_transform,cwe-79,not_identified,not_identified,false,ADAPTER_SUPPORTED,FINAL_CONFIRMATORY_ELIGIBLE,current_candidate_transport_does_not_support_header,header_input,false,current_marker_control_likely_sufficient,current_marker_control,required_extension,input_source_header;header_name_transport,true,true,metadata_constructed,benchmark_case_id;source_file;java_class_name;servlet_route;vulnerability_label;expected_result;parameter,true,ox14-c000310,/external-v14/case-000310,header_000310,opaque_candidate_id;sanitized_action_path;method;sanitized_parameter_name;input_source;input_type;editable_input_count;required_input_count;parameter_count,benchmark_case_id;source_file;java_class_name;servlet_name;vulnerability_label;expected_result;ground_truth,,audited,
BenchmarkTest02049,OWASP Benchmark Java,1.2,ba2e3f9a29fa3bde6a5c073d679393c9b94f025f,src\main\java\org\owasp\benchmark\testcode\BenchmarkTest02049.java,expectedresults-1.2.csv,xss,non_vulnerable,case_level,GET_delegates_to_POST,header,/xss-03/BenchmarkTest02049,Referer,text/html;charset=UTF-8,url_decode;html_encoding;string_escape_utils,cwe-79,not_identified,not_identified,false,ADAPTER_SUPPORTED,FINAL_CONFIRMATORY_ELIGIBLE,current_candidate_transport_does_not_support_header,header_input,false,current_marker_control_likely_sufficient,current_marker_control,required_extension,input_source_header;header_name_transport,true,true,metadata_constructed,benchmark_case_id;source_file;java_class_name;servlet_route;vulnerability_label;expected_result;parameter,true,ox14-c000311,/external-v14/case-000311,header_000311,opaque_candidate_id;sanitized_action_path;method;sanitized_parameter_name;input_source;input_type;editable_input_count;required_input_count;parameter_count,benchmark_case_id;source_file;java_class_name;servlet_name;vulnerability_label;expected_result;ground_truth,,audited,
BenchmarkTest02050,OWASP Benchmark Java,1.2,ba2e3f9a29fa3bde6a5c073d679393c9b94f025f,src\main\java\org\owasp\benchmark\testcode\BenchmarkTest02050.java,expectedresults-1.2.csv,xss,vulnerable,case_level,GET_delegates_to_POST,header,/xss-03/BenchmarkTest02050,Referer,text/html;charset=UTF-8,url_decode,cwe-79,not_identified,not_identified,false,ADAPTER_SUPPORTED,FINAL_CONFIRMATORY_ELIGIBLE,current_candidate_transport_does_not_support_header,header_input,false,current_marker_control_likely_sufficient,current_marker_control,required_extension,input_source_header;header_name_transport,true,true,metadata_constructed,benchmark_case_id;source_file;java_class_name;servlet_route;vulnerability_label;expected_result;parameter,true,ox14-c000312,/external-v14/case-000312,header_000312,opaque_candidate_id;sanitized_action_path;method;sanitized_parameter_name;input_source;input_type;editable_input_count;required_input_count;parameter_count,benchmark_case_id;source_file;java_class_name;servlet_name;vulnerability_label;expected_result;ground_truth,,audited,
BenchmarkTest02051,OWASP Benchmark Java,1.2,ba2e3f9a29fa3bde6a5c073d679393c9b94f025f,src\main\java\org\owasp\benchmark\testcode\BenchmarkTest02051.java,expectedresults-1.2.csv,xss,vulnerable,case_level,GET_delegates_to_POST,header,/xss-03/BenchmarkTest02051,Referer,text/html;charset=UTF-8,url_decode,cwe-79,not_identified,not_identified,false,ADAPTER_SUPPORTED,FINAL_CONFIRMATORY_ELIGIBLE,current_candidate_transport_does_not_support_header,header_input,false,current_marker_control_likely_sufficient,current_marker_control,required_extension,input_source_header;header_name_transport,true,true,metadata_constructed,benchmark_case_id;source_file;java_class_name;servlet_route;vulnerability_label;expected_result;parameter,true,ox14-c000313,/external-v14/case-000313,header_000313,opaque_candidate_id;sanitized_action_path;method;sanitized_parameter_name;input_source;input_type;editable_input_count;required_input_count;parameter_count,benchmark_case_id;source_file;java_class_name;servlet_name;vulnerability_label;expected_result;ground_truth,,audited,
BenchmarkTest02052,OWASP Benchmark Java,1.2,ba2e3f9a29fa3bde6a5c073d679393c9b94f025f,src\main\java\org\owasp\benchmark\testcode\BenchmarkTest02052.java,expectedresults-1.2.csv,xss,non_vulnerable,case_level,GET_delegates_to_POST,header,/xss-03/BenchmarkTest02052,Referer,text/html;charset=UTF-8,url_decode,cwe-79,not_identified,not_identified,false,ADAPTER_SUPPORTED,FINAL_CONFIRMATORY_ELIGIBLE,current_candidate_transport_does_not_support_header,header_input,false,current_marker_control_likely_sufficient,current_marker_control,required_extension,input_source_header;header_name_transport,true,true,metadata_constructed,benchmark_case_id;source_file;java_class_name;servlet_route;vulnerability_label;expected_result;parameter,true,ox14-c000314,/external-v14/case-000314,header_000314,opaque_candidate_id;sanitized_action_path;method;sanitized_parameter_name;input_source;input_type;editable_input_count;required_input_count;parameter_count,benchmark_case_id;source_file;java_class_name;servlet_name;vulnerability_label;expected_result;ground_truth,,audited,
BenchmarkTest02053,OWASP Benchmark Java,1.2,ba2e3f9a29fa3bde6a5c073d679393c9b94f025f,src\main\java\org\owasp\benchmark\testcode\BenchmarkTest02053.java,expectedresults-1.2.csv,xss,non_vulnerable,case_level,GET_delegates_to_POST,header,/xss-03/BenchmarkTest02053,Referer,text/html;charset=UTF-8,url_decode,cwe-79,not_identified,not_identified,false,ADAPTER_SUPPORTED,FINAL_CONFIRMATORY_ELIGIBLE,current_candidate_transport_does_not_support_header,header_input,false,current_marker_control_likely_sufficient,current_marker_control,required_extension,input_source_header;header_name_transport,true,true,metadata_constructed,benchmark_case_id;source_file;java_class_name;servlet_route;vulnerability_label;expected_result;parameter,true,ox14-c000315,/external-v14/case-000315,header_000315,opaque_candidate_id;sanitized_action_path;method;sanitized_parameter_name;input_source;input_type;editable_input_count;required_input_count;parameter_count,benchmark_case_id;source_file;java_class_name;servlet_name;vulnerability_label;expected_result;ground_truth,,audited,
BenchmarkTest02054,OWASP Benchmark Java,1.2,ba2e3f9a29fa3bde6a5c073d679393c9b94f025f,src\main\java\org\owasp\benchmark\testcode\BenchmarkTest02054.java,expectedresults-1.2.csv,xss,vulnerable,case_level,GET_delegates_to_POST,header,/xss-03/BenchmarkTest02054,Referer,text/html;charset=UTF-8,url_decode,cwe-79,not_identified,not_identified,false,ADAPTER_SUPPORTED,FINAL_CONFIRMATORY_ELIGIBLE,current_candidate_transport_does_not_support_header,header_input,false,current_marker_control_likely_sufficient,current_marker_control,required_extension,input_source_header;header_name_transport,true,true,metadata_constructed,benchmark_case_id;source_file;java_class_name;servlet_route;vulnerability_label;expected_result;parameter,true,ox14-c000316,/external-v14/case-000316,header_000316,opaque_candidate_id;sanitized_action_path;method;sanitized_parameter_name;input_source;input_type;editable_input_count;required_input_count;parameter_count,benchmark_case_id;source_file;java_class_name;servlet_name;vulnerability_label;expected_result;ground_truth,,audited,
BenchmarkTest02055,OWASP Benchmark Java,1.2,ba2e3f9a29fa3bde6a5c073d679393c9b94f025f,src\main\java\org\owasp\benchmark\testcode\BenchmarkTest02055.java,expectedresults-1.2.csv,xss,vulnerable,case_level,GET_delegates_to_POST,header,/xss-03/BenchmarkTest02055,Referer,text/html;charset=UTF-8,url_decode,cwe-79,not_identified,not_identified,false,ADAPTER_SUPPORTED,FINAL_CONFIRMATORY_ELIGIBLE,current_candidate_transport_does_not_support_header,header_input,false,current_marker_control_likely_sufficient,current_marker_control,required_extension,input_source_header;header_name_transport,true,true,metadata_constructed,benchmark_case_id;source_file;java_class_name;servlet_route;vulnerability_label;expected_result;parameter,true,ox14-c000317,/external-v14/case-000317,header_000317,opaque_candidate_id;sanitized_action_path;method;sanitized_parameter_name;input_source;input_type;editable_input_count;required_input_count;parameter_count,benchmark_case_id;source_file;java_class_name;servlet_name;vulnerability_label;expected_result;ground_truth,,audited,
BenchmarkTest02056,OWASP Benchmark Java,1.2,ba2e3f9a29fa3bde6a5c073d679393c9b94f025f,src\main\java\org\owasp\benchmark\testcode\BenchmarkTest02056.java,expectedresults-1.2.csv,xss,vulnerable,case_level,GET_delegates_to_POST,header,/xss-03/BenchmarkTest02056,Referer,text/html;charset=UTF-8,url_decode,cwe-79,not_identified,not_identified,false,ADAPTER_SUPPORTED,FINAL_CONFIRMATORY_ELIGIBLE,current_candidate_transport_does_not_support_header,header_input,false,current_marker_control_likely_sufficient,current_marker_control,required_extension,input_source_header;header_name_transport,true,true,metadata_constructed,benchmark_case_id;source_file;java_class_name;servlet_route;vulnerability_label;expected_result;parameter,true,ox14-c000318,/external-v14/case-000318,header_000318,opaque_candidate_id;sanitized_action_path;method;sanitized_parameter_name;input_source;input_type;editable_input_count;required_input_count;parameter_count,benchmark_case_id;source_file;java_class_name;servlet_name;vulnerability_label;expected_result;ground_truth,,audited,
BenchmarkTest02057,OWASP Benchmark Java,1.2,ba2e3f9a29fa3bde6a5c073d679393c9b94f025f,src\main\java\org\owasp\benchmark\testcode\BenchmarkTest02057.java,expectedresults-1.2.csv,xss,vulnerable,case_level,GET_delegates_to_POST,header,/xss-03/BenchmarkTest02057,Referer,text/html;charset=UTF-8,url_decode,cwe-79,not_identified,not_identified,false,ADAPTER_SUPPORTED,FINAL_CONFIRMATORY_ELIGIBLE,current_candidate_transport_does_not_support_header,header_input,false,current_marker_control_likely_sufficient,current_marker_control,required_extension,input_source_header;header_name_transport,true,true,metadata_constructed,benchmark_case_id;source_file;java_class_name;servlet_route;vulnerability_label;expected_result;parameter,true,ox14-c000319,/external-v14/case-000319,header_000319,opaque_candidate_id;sanitized_action_path;method;sanitized_parameter_name;input_source;input_type;editable_input_count;required_input_count;parameter_count,benchmark_case_id;source_file;java_class_name;servlet_name;vulnerability_label;expected_result;ground_truth,,audited,
BenchmarkTest02122,OWASP Benchmark Java,1.2,ba2e3f9a29fa3bde6a5c073d679393c9b94f025f,src\main\java\org\owasp\benchmark\testcode\BenchmarkTest02122.java,expectedresults-1.2.csv,xss,non_vulnerable,case_level,GET_delegates_to_POST,parameter,/xss-03/BenchmarkTest02122,BenchmarkTest02122,text/html;charset=UTF-8,none_identified,cwe-79,not_identified,not_identified,true,DIRECT,FINAL_CONFIRMATORY_ELIGIBLE,,,not_applicable,current_marker_control_likely_sufficient,current_marker_control,current,,true,true,metadata_constructed,benchmark_case_id;source_file;java_class_name;servlet_route;vulnerability_label;expected_result;parameter,true,ox14-c000320,/external-v14/case-000320,input_000320,opaque_candidate_id;sanitized_action_path;method;sanitized_parameter_name;input_source;input_type;editable_input_count;required_input_count;parameter_count,benchmark_case_id;source_file;java_class_name;servlet_name;vulnerability_label;expected_result;ground_truth,,audited,
BenchmarkTest02123,OWASP Benchmark Java,1.2,ba2e3f9a29fa3bde6a5c073d679393c9b94f025f,src\main\java\org\owasp\benchmark\testcode\BenchmarkTest02123.java,expectedresults-1.2.csv,xss,vulnerable,case_level,GET_delegates_to_POST,parameter,/xss-04/BenchmarkTest02123,BenchmarkTest02123,text/html;charset=UTF-8,none_identified,cwe-79,not_identified,not_identified,true,DIRECT,FINAL_CONFIRMATORY_ELIGIBLE,,,not_applicable,current_marker_control_likely_sufficient,current_marker_control,current,,true,true,metadata_constructed,benchmark_case_id;source_file;java_class_name;servlet_route;vulnerability_label;expected_result;parameter,true,ox14-c000321,/external-v14/case-000321,input_000321,opaque_candidate_id;sanitized_action_path;method;sanitized_parameter_name;input_source;input_type;editable_input_count;required_input_count;parameter_count,benchmark_case_id;source_file;java_class_name;servlet_name;vulnerability_label;expected_result;ground_truth,,audited,
BenchmarkTest02124,OWASP Benchmark Java,1.2,ba2e3f9a29fa3bde6a5c073d679393c9b94f025f,src\main\java\org\owasp\benchmark\testcode\BenchmarkTest02124.java,expectedresults-1.2.csv,xss,vulnerable,case_level,GET_delegates_to_POST,parameter,/xss-04/BenchmarkTest02124,BenchmarkTest02124,text/html;charset=UTF-8,none_identified,cwe-79,not_identified,not_identified,true,DIRECT,FINAL_CONFIRMATORY_ELIGIBLE,,,not_applicable,current_marker_control_likely_sufficient,current_marker_control,current,,true,true,metadata_constructed,benchmark_case_id;source_file;java_class_name;servlet_route;vulnerability_label;expected_result;parameter,true,ox14-c000322,/external-v14/case-000322,input_000322,opaque_candidate_id;sanitized_action_path;method;sanitized_parameter_name;input_source;input_type;editable_input_count;required_input_count;parameter_count,benchmark_case_id;source_file;java_class_name;servlet_name;vulnerability_label;expected_result;ground_truth,,audited,
BenchmarkTest02125,OWASP Benchmark Java,1.2,ba2e3f9a29fa3bde6a5c073d679393c9b94f025f,src\main\java\org\owasp\benchmark\testcode\BenchmarkTest02125.java,expectedresults-1.2.csv,xss,non_vulnerable,case_level,GET_delegates_to_POST,parameter,/xss-04/BenchmarkTest02125,BenchmarkTest02125,text/html;charset=UTF-8,html_encoding,cwe-79,not_identified,not_identified,true,DIRECT,FINAL_CONFIRMATORY_ELIGIBLE,,,not_applicable,current_marker_control_likely_sufficient,current_marker_control,current,,true,true,metadata_constructed,benchmark_case_id;source_file;java_class_name;servlet_route;vulnerability_label;expected_result;parameter,true,ox14-c000323,/external-v14/case-000323,input_000323,opaque_candidate_id;sanitized_action_path;method;sanitized_parameter_name;input_source;input_type;editable_input_count;required_input_count;parameter_count,benchmark_case_id;source_file;java_class_name;servlet_name;vulnerability_label;expected_result;ground_truth,,audited,
BenchmarkTest02126,OWASP Benchmark Java,1.2,ba2e3f9a29fa3bde6a5c073d679393c9b94f025f,src\main\java\org\owasp\benchmark\testcode\BenchmarkTest02126.java,expectedresults-1.2.csv,xss,vulnerable,case_level,GET_delegates_to_POST,parameter,/xss-04/BenchmarkTest02126,BenchmarkTest02126,text/html;charset=UTF-8,base64_transform,cwe-79,not_identified,not_identified,true,DIRECT,FINAL_CONFIRMATORY_ELIGIBLE,,,not_applicable,current_marker_control_likely_sufficient,current_marker_control,current,,true,true,metadata_constructed,benchmark_case_id;source_file;java_class_name;servlet_route;vulnerability_label;expected_result;parameter,true,ox14-c000324,/external-v14/case-000324,input_000324,opaque_candidate_id;sanitized_action_path;method;sanitized_parameter_name;input_source;input_type;editable_input_count;required_input_count;parameter_count,benchmark_case_id;source_file;java_class_name;servlet_name;vulnerability_label;expected_result;ground_truth,,audited,
BenchmarkTest02127,OWASP Benchmark Java,1.2,ba2e3f9a29fa3bde6a5c073d679393c9b94f025f,src\main\java\org\owasp\benchmark\testcode\BenchmarkTest02127.java,expectedresults-1.2.csv,xss,vulnerable,case_level,GET_delegates_to_POST,parameter,/xss-04/BenchmarkTest02127,BenchmarkTest02127,text/html;charset=UTF-8,none_identified,cwe-79,not_identified,not_identified,true,DIRECT,READINESS_ONLY,,,not_applicable,current_marker_control_likely_sufficient,current_marker_control,current,,true,true,metadata_constructed,benchmark_case_id;source_file;java_class_name;servlet_route;vulnerability_label;expected_result;parameter,true,ox14-c000325,/external-v14/case-000325,input_000325,opaque_candidate_id;sanitized_action_path;method;sanitized_parameter_name;input_source;input_type;editable_input_count;required_input_count;parameter_count,benchmark_case_id;source_file;java_class_name;servlet_name;vulnerability_label;expected_result;ground_truth,,audited,
BenchmarkTest02128,OWASP Benchmark Java,1.2,ba2e3f9a29fa3bde6a5c073d679393c9b94f025f,src\main\java\org\owasp\benchmark\testcode\BenchmarkTest02128.java,expectedresults-1.2.csv,xss,vulnerable,case_level,GET_delegates_to_POST,parameter,/xss-04/BenchmarkTest02128,BenchmarkTest02128,text/html;charset=UTF-8,none_identified,cwe-79,not_identified,not_identified,true,DIRECT,FINAL_CONFIRMATORY_ELIGIBLE,,,not_applicable,current_marker_control_likely_sufficient,current_marker_control,current,,true,true,metadata_constructed,benchmark_case_id;source_file;java_class_name;servlet_route;vulnerability_label;expected_result;parameter,true,ox14-c000326,/external-v14/case-000326,input_000326,opaque_candidate_id;sanitized_action_path;method;sanitized_parameter_name;input_source;input_type;editable_input_count;required_input_count;parameter_count,benchmark_case_id;source_file;java_class_name;servlet_name;vulnerability_label;expected_result;ground_truth,,audited,
BenchmarkTest02129,OWASP Benchmark Java,1.2,ba2e3f9a29fa3bde6a5c073d679393c9b94f025f,src\main\java\org\owasp\benchmark\testcode\BenchmarkTest02129.java,expectedresults-1.2.csv,xss,vulnerable,case_level,GET_delegates_to_POST,parameter,/xss-04/BenchmarkTest02129,BenchmarkTest02129,text/html;charset=UTF-8,none_identified,cwe-79,not_identified,not_identified,true,DIRECT,FINAL_CONFIRMATORY_ELIGIBLE,,,not_applicable,current_marker_control_likely_sufficient,current_marker_control,current,,true,true,metadata_constructed,benchmark_case_id;source_file;java_class_name;servlet_route;vulnerability_label;expected_result;parameter,true,ox14-c000327,/external-v14/case-000327,input_000327,opaque_candidate_id;sanitized_action_path;method;sanitized_parameter_name;input_source;input_type;editable_input_count;required_input_count;parameter_count,benchmark_case_id;source_file;java_class_name;servlet_name;vulnerability_label;expected_result;ground_truth,,audited,
BenchmarkTest02130,OWASP Benchmark Java,1.2,ba2e3f9a29fa3bde6a5c073d679393c9b94f025f,src\main\java\org\owasp\benchmark\testcode\BenchmarkTest02130.java,expectedresults-1.2.csv,xss,vulnerable,case_level,GET_delegates_to_POST,parameter,/xss-04/BenchmarkTest02130,BenchmarkTest02130,text/html;charset=UTF-8,none_identified,cwe-79,not_identified,not_identified,true,DIRECT,FINAL_CONFIRMATORY_ELIGIBLE,,,not_applicable,current_marker_control_likely_sufficient,current_marker_control,current,,true,true,metadata_constructed,benchmark_case_id;source_file;java_class_name;servlet_route;vulnerability_label;expected_result;parameter,true,ox14-c000328,/external-v14/case-000328,input_000328,opaque_candidate_id;sanitized_action_path;method;sanitized_parameter_name;input_source;input_type;editable_input_count;required_input_count;parameter_count,benchmark_case_id;source_file;java_class_name;servlet_name;vulnerability_label;expected_result;ground_truth,,audited,
BenchmarkTest02131,OWASP Benchmark Java,1.2,ba2e3f9a29fa3bde6a5c073d679393c9b94f025f,src\main\java\org\owasp\benchmark\testcode\BenchmarkTest02131.java,expectedresults-1.2.csv,xss,vulnerable,case_level,GET_delegates_to_POST,parameter,/xss-04/BenchmarkTest02131,BenchmarkTest02131,text/html;charset=UTF-8,none_identified,cwe-79,not_identified,not_identified,true,DIRECT,FINAL_CONFIRMATORY_ELIGIBLE,,,not_applicable,current_marker_control_likely_sufficient,current_marker_control,current,,true,true,metadata_constructed,benchmark_case_id;source_file;java_class_name;servlet_route;vulnerability_label;expected_result;parameter,true,ox14-c000329,/external-v14/case-000329,input_000329,opaque_candidate_id;sanitized_action_path;method;sanitized_parameter_name;input_source;input_type;editable_input_count;required_input_count;parameter_count,benchmark_case_id;source_file;java_class_name;servlet_name;vulnerability_label;expected_result;ground_truth,,audited,
BenchmarkTest02132,OWASP Benchmark Java,1.2,ba2e3f9a29fa3bde6a5c073d679393c9b94f025f,src\main\java\org\owasp\benchmark\testcode\BenchmarkTest02132.java,expectedresults-1.2.csv,xss,vulnerable,case_level,GET_delegates_to_POST,parameter,/xss-04/BenchmarkTest02132,BenchmarkTest02132,text/html;charset=UTF-8,base64_transform,cwe-79,not_identified,not_identified,true,DIRECT,FINAL_CONFIRMATORY_ELIGIBLE,,,not_applicable,current_marker_control_likely_sufficient,current_marker_control,current,,true,true,metadata_constructed,benchmark_case_id;source_file;java_class_name;servlet_route;vulnerability_label;expected_result;parameter,true,ox14-c000330,/external-v14/case-000330,input_000330,opaque_candidate_id;sanitized_action_path;method;sanitized_parameter_name;input_source;input_type;editable_input_count;required_input_count;parameter_count,benchmark_case_id;source_file;java_class_name;servlet_name;vulnerability_label;expected_result;ground_truth,,audited,
BenchmarkTest02133,OWASP Benchmark Java,1.2,ba2e3f9a29fa3bde6a5c073d679393c9b94f025f,src\main\java\org\owasp\benchmark\testcode\BenchmarkTest02133.java,expectedresults-1.2.csv,xss,vulnerable,case_level,GET_delegates_to_POST,parameter,/xss-04/BenchmarkTest02133,BenchmarkTest02133,text/html;charset=UTF-8,none_identified,cwe-79,not_identified,not_identified,true,DIRECT,FINAL_CONFIRMATORY_ELIGIBLE,,,not_applicable,current_marker_control_likely_sufficient,current_marker_control,current,,true,true,metadata_constructed,benchmark_case_id;source_file;java_class_name;servlet_route;vulnerability_label;expected_result;parameter,true,ox14-c000331,/external-v14/case-000331,input_000331,opaque_candidate_id;sanitized_action_path;method;sanitized_parameter_name;input_source;input_type;editable_input_count;required_input_count;parameter_count,benchmark_case_id;source_file;java_class_name;servlet_name;vulnerability_label;expected_result;ground_truth,,audited,
BenchmarkTest02134,OWASP Benchmark Java,1.2,ba2e3f9a29fa3bde6a5c073d679393c9b94f025f,src\main\java\org\owasp\benchmark\testcode\BenchmarkTest02134.java,expectedresults-1.2.csv,xss,vulnerable,case_level,GET_delegates_to_POST,parameter,/xss-04/BenchmarkTest02134,BenchmarkTest02134,text/html;charset=UTF-8,none_identified,cwe-79,not_identified,not_identified,true,DIRECT,FINAL_CONFIRMATORY_ELIGIBLE,,,not_applicable,current_marker_control_likely_sufficient,current_marker_control,current,,true,true,metadata_constructed,benchmark_case_id;source_file;java_class_name;servlet_route;vulnerability_label;expected_result;parameter,true,ox14-c000332,/external-v14/case-000332,input_000332,opaque_candidate_id;sanitized_action_path;method;sanitized_parameter_name;input_source;input_type;editable_input_count;required_input_count;parameter_count,benchmark_case_id;source_file;java_class_name;servlet_name;vulnerability_label;expected_result;ground_truth,,audited,
BenchmarkTest02135,OWASP Benchmark Java,1.2,ba2e3f9a29fa3bde6a5c073d679393c9b94f025f,src\main\java\org\owasp\benchmark\testcode\BenchmarkTest02135.java,expectedresults-1.2.csv,xss,non_vulnerable,case_level,GET_delegates_to_POST,parameter,/xss-04/BenchmarkTest02135,BenchmarkTest02135,text/html;charset=UTF-8,base64_transform,cwe-79,not_identified,not_identified,true,DIRECT,FINAL_CONFIRMATORY_ELIGIBLE,,,not_applicable,current_marker_control_likely_sufficient,current_marker_control,current,,true,true,metadata_constructed,benchmark_case_id;source_file;java_class_name;servlet_route;vulnerability_label;expected_result;parameter,true,ox14-c000333,/external-v14/case-000333,input_000333,opaque_candidate_id;sanitized_action_path;method;sanitized_parameter_name;input_source;input_type;editable_input_count;required_input_count;parameter_count,benchmark_case_id;source_file;java_class_name;servlet_name;vulnerability_label;expected_result;ground_truth,,audited,
BenchmarkTest02136,OWASP Benchmark Java,1.2,ba2e3f9a29fa3bde6a5c073d679393c9b94f025f,src\main\java\org\owasp\benchmark\testcode\BenchmarkTest02136.java,expectedresults-1.2.csv,xss,vulnerable,case_level,GET_delegates_to_POST,parameter,/xss-04/BenchmarkTest02136,BenchmarkTest02136,text/html;charset=UTF-8,none_identified,cwe-79,not_identified,not_identified,true,DIRECT,FINAL_CONFIRMATORY_ELIGIBLE,,,not_applicable,current_marker_control_likely_sufficient,current_marker_control,current,,true,true,metadata_constructed,benchmark_case_id;source_file;java_class_name;servlet_route;vulnerability_label;expected_result;parameter,true,ox14-c000334,/external-v14/case-000334,input_000334,opaque_candidate_id;sanitized_action_path;method;sanitized_parameter_name;input_source;input_type;editable_input_count;required_input_count;parameter_count,benchmark_case_id;source_file;java_class_name;servlet_name;vulnerability_label;expected_result;ground_truth,,audited,
BenchmarkTest02145,OWASP Benchmark Java,1.2,ba2e3f9a29fa3bde6a5c073d679393c9b94f025f,src\main\java\org\owasp\benchmark\testcode\BenchmarkTest02145.java,expectedresults-1.2.csv,xss,vulnerable,case_level,GET_delegates_to_POST,parameter,/xss-04/BenchmarkTest02145,BenchmarkTest02145,text/html;charset=UTF-8,base64_transform,cwe-79,not_identified,not_identified,true,DIRECT,FINAL_CONFIRMATORY_ELIGIBLE,,,not_applicable,current_marker_control_likely_sufficient,current_marker_control,current,,true,true,metadata_constructed,benchmark_case_id;source_file;java_class_name;servlet_route;vulnerability_label;expected_result;parameter,true,ox14-c000335,/external-v14/case-000335,input_000335,opaque_candidate_id;sanitized_action_path;method;sanitized_parameter_name;input_source;input_type;editable_input_count;required_input_count;parameter_count,benchmark_case_id;source_file;java_class_name;servlet_name;vulnerability_label;expected_result;ground_truth,,audited,
BenchmarkTest02221,OWASP Benchmark Java,1.2,ba2e3f9a29fa3bde6a5c073d679393c9b94f025f,src\main\java\org\owasp\benchmark\testcode\BenchmarkTest02221.java,expectedresults-1.2.csv,xss,vulnerable,case_level,GET_delegates_to_POST,parameter_map,/xss-04/BenchmarkTest02221,BenchmarkTest02221,text/html;charset=UTF-8,none_identified,cwe-79,not_identified,not_identified,true,DIRECT,FINAL_CONFIRMATORY_ELIGIBLE,,,not_applicable,current_marker_control_likely_sufficient,current_marker_control,current,,true,true,metadata_constructed,benchmark_case_id;source_file;java_class_name;servlet_route;vulnerability_label;expected_result;parameter,true,ox14-c000336,/external-v14/case-000336,input_000336,opaque_candidate_id;sanitized_action_path;method;sanitized_parameter_name;input_source;input_type;editable_input_count;required_input_count;parameter_count,benchmark_case_id;source_file;java_class_name;servlet_name;vulnerability_label;expected_result;ground_truth,,audited,
BenchmarkTest02222,OWASP Benchmark Java,1.2,ba2e3f9a29fa3bde6a5c073d679393c9b94f025f,src\main\java\org\owasp\benchmark\testcode\BenchmarkTest02222.java,expectedresults-1.2.csv,xss,non_vulnerable,case_level,GET_delegates_to_POST,parameter_map,/xss-04/BenchmarkTest02222,BenchmarkTest02222,text/html;charset=UTF-8,none_identified,cwe-79,not_identified,not_identified,true,DIRECT,FINAL_CONFIRMATORY_ELIGIBLE,,,not_applicable,current_marker_control_likely_sufficient,current_marker_control,current,,true,true,metadata_constructed,benchmark_case_id;source_file;java_class_name;servlet_route;vulnerability_label;expected_result;parameter,true,ox14-c000337,/external-v14/case-000337,input_000337,opaque_candidate_id;sanitized_action_path;method;sanitized_parameter_name;input_source;input_type;editable_input_count;required_input_count;parameter_count,benchmark_case_id;source_file;java_class_name;servlet_name;vulnerability_label;expected_result;ground_truth,,audited,
BenchmarkTest02223,OWASP Benchmark Java,1.2,ba2e3f9a29fa3bde6a5c073d679393c9b94f025f,src\main\java\org\owasp\benchmark\testcode\BenchmarkTest02223.java,expectedresults-1.2.csv,xss,vulnerable,case_level,GET_delegates_to_POST,parameter_map,/xss-04/BenchmarkTest02223,BenchmarkTest02223,text/html;charset=UTF-8,none_identified,cwe-79,not_identified,not_identified,true,DIRECT,READINESS_ONLY,,,not_applicable,current_marker_control_likely_sufficient,current_marker_control,current,,true,true,metadata_constructed,benchmark_case_id;source_file;java_class_name;servlet_route;vulnerability_label;expected_result;parameter,true,ox14-c000338,/external-v14/case-000338,input_000338,opaque_candidate_id;sanitized_action_path;method;sanitized_parameter_name;input_source;input_type;editable_input_count;required_input_count;parameter_count,benchmark_case_id;source_file;java_class_name;servlet_name;vulnerability_label;expected_result;ground_truth,,audited,
BenchmarkTest02224,OWASP Benchmark Java,1.2,ba2e3f9a29fa3bde6a5c073d679393c9b94f025f,src\main\java\org\owasp\benchmark\testcode\BenchmarkTest02224.java,expectedresults-1.2.csv,xss,vulnerable,case_level,GET_delegates_to_POST,parameter_map,/xss-04/BenchmarkTest02224,BenchmarkTest02224,text/html;charset=UTF-8,none_identified,cwe-79,not_identified,not_identified,true,DIRECT,FINAL_CONFIRMATORY_ELIGIBLE,,,not_applicable,current_marker_control_likely_sufficient,current_marker_control,current,,true,true,metadata_constructed,benchmark_case_id;source_file;java_class_name;servlet_route;vulnerability_label;expected_result;parameter,true,ox14-c000339,/external-v14/case-000339,input_000339,opaque_candidate_id;sanitized_action_path;method;sanitized_parameter_name;input_source;input_type;editable_input_count;required_input_count;parameter_count,benchmark_case_id;source_file;java_class_name;servlet_name;vulnerability_label;expected_result;ground_truth,,audited,
BenchmarkTest02225,OWASP Benchmark Java,1.2,ba2e3f9a29fa3bde6a5c073d679393c9b94f025f,src\main\java\org\owasp\benchmark\testcode\BenchmarkTest02225.java,expectedresults-1.2.csv,xss,vulnerable,case_level,GET_delegates_to_POST,parameter_map,/xss-04/BenchmarkTest02225,BenchmarkTest02225,text/html;charset=UTF-8,none_identified,cwe-79,not_identified,not_identified,true,DIRECT,FINAL_CONFIRMATORY_ELIGIBLE,,,not_applicable,current_marker_control_likely_sufficient,current_marker_control,current,,true,true,metadata_constructed,benchmark_case_id;source_file;java_class_name;servlet_route;vulnerability_label;expected_result;parameter,true,ox14-c000340,/external-v14/case-000340,input_000340,opaque_candidate_id;sanitized_action_path;method;sanitized_parameter_name;input_source;input_type;editable_input_count;required_input_count;parameter_count,benchmark_case_id;source_file;java_class_name;servlet_name;vulnerability_label;expected_result;ground_truth,,audited,
BenchmarkTest02226,OWASP Benchmark Java,1.2,ba2e3f9a29fa3bde6a5c073d679393c9b94f025f,src\main\java\org\owasp\benchmark\testcode\BenchmarkTest02226.java,expectedresults-1.2.csv,xss,non_vulnerable,case_level,GET_delegates_to_POST,parameter_map,/xss-04/BenchmarkTest02226,BenchmarkTest02226,text/html;charset=UTF-8,none_identified,cwe-79,not_identified,not_identified,true,DIRECT,FINAL_CONFIRMATORY_ELIGIBLE,,,not_applicable,current_marker_control_likely_sufficient,current_marker_control,current,,true,true,metadata_constructed,benchmark_case_id;source_file;java_class_name;servlet_route;vulnerability_label;expected_result;parameter,true,ox14-c000341,/external-v14/case-000341,input_000341,opaque_candidate_id;sanitized_action_path;method;sanitized_parameter_name;input_source;input_type;editable_input_count;required_input_count;parameter_count,benchmark_case_id;source_file;java_class_name;servlet_name;vulnerability_label;expected_result;ground_truth,,audited,
BenchmarkTest02227,OWASP Benchmark Java,1.2,ba2e3f9a29fa3bde6a5c073d679393c9b94f025f,src\main\java\org\owasp\benchmark\testcode\BenchmarkTest02227.java,expectedresults-1.2.csv,xss,vulnerable,case_level,GET_delegates_to_POST,parameter_map,/xss-04/BenchmarkTest02227,BenchmarkTest02227,text/html;charset=UTF-8,none_identified,cwe-79,not_identified,not_identified,true,DIRECT,FINAL_CONFIRMATORY_ELIGIBLE,,,not_applicable,current_marker_control_likely_sufficient,current_marker_control,current,,true,true,metadata_constructed,benchmark_case_id;source_file;java_class_name;servlet_route;vulnerability_label;expected_result;parameter,true,ox14-c000342,/external-v14/case-000342,input_000342,opaque_candidate_id;sanitized_action_path;method;sanitized_parameter_name;input_source;input_type;editable_input_count;required_input_count;parameter_count,benchmark_case_id;source_file;java_class_name;servlet_name;vulnerability_label;expected_result;ground_truth,,audited,
BenchmarkTest02228,OWASP Benchmark Java,1.2,ba2e3f9a29fa3bde6a5c073d679393c9b94f025f,src\main\java\org\owasp\benchmark\testcode\BenchmarkTest02228.java,expectedresults-1.2.csv,xss,vulnerable,case_level,GET_delegates_to_POST,parameter_map,/xss-04/BenchmarkTest02228,BenchmarkTest02228,text/html;charset=UTF-8,none_identified,cwe-79,not_identified,not_identified,true,DIRECT,FINAL_CONFIRMATORY_ELIGIBLE,,,not_applicable,current_marker_control_likely_sufficient,current_marker_control,current,,true,true,metadata_constructed,benchmark_case_id;source_file;java_class_name;servlet_route;vulnerability_label;expected_result;parameter,true,ox14-c000343,/external-v14/case-000343,input_000343,opaque_candidate_id;sanitized_action_path;method;sanitized_parameter_name;input_source;input_type;editable_input_count;required_input_count;parameter_count,benchmark_case_id;source_file;java_class_name;servlet_name;vulnerability_label;expected_result;ground_truth,,audited,
BenchmarkTest02229,OWASP Benchmark Java,1.2,ba2e3f9a29fa3bde6a5c073d679393c9b94f025f,src\main\java\org\owasp\benchmark\testcode\BenchmarkTest02229.java,expectedresults-1.2.csv,xss,non_vulnerable,case_level,GET_delegates_to_POST,parameter_map,/xss-04/BenchmarkTest02229,BenchmarkTest02229,text/html;charset=UTF-8,none_identified,cwe-79,not_identified,not_identified,true,DIRECT,FINAL_CONFIRMATORY_ELIGIBLE,,,not_applicable,current_marker_control_likely_sufficient,current_marker_control,current,,true,true,metadata_constructed,benchmark_case_id;source_file;java_class_name;servlet_route;vulnerability_label;expected_result;parameter,true,ox14-c000344,/external-v14/case-000344,input_000344,opaque_candidate_id;sanitized_action_path;method;sanitized_parameter_name;input_source;input_type;editable_input_count;required_input_count;parameter_count,benchmark_case_id;source_file;java_class_name;servlet_name;vulnerability_label;expected_result;ground_truth,,audited,
BenchmarkTest02230,OWASP Benchmark Java,1.2,ba2e3f9a29fa3bde6a5c073d679393c9b94f025f,src\main\java\org\owasp\benchmark\testcode\BenchmarkTest02230.java,expectedresults-1.2.csv,xss,vulnerable,case_level,GET_delegates_to_POST,parameter_map,/xss-04/BenchmarkTest02230,BenchmarkTest02230,text/html;charset=UTF-8,none_identified,cwe-79,not_identified,not_identified,true,DIRECT,READINESS_ONLY,,,not_applicable,current_marker_control_likely_sufficient,current_marker_control,current,,true,true,metadata_constructed,benchmark_case_id;source_file;java_class_name;servlet_route;vulnerability_label;expected_result;parameter,true,ox14-c000345,/external-v14/case-000345,input_000345,opaque_candidate_id;sanitized_action_path;method;sanitized_parameter_name;input_source;input_type;editable_input_count;required_input_count;parameter_count,benchmark_case_id;source_file;java_class_name;servlet_name;vulnerability_label;expected_result;ground_truth,,audited,
BenchmarkTest02231,OWASP Benchmark Java,1.2,ba2e3f9a29fa3bde6a5c073d679393c9b94f025f,src\main\java\org\owasp\benchmark\testcode\BenchmarkTest02231.java,expectedresults-1.2.csv,xss,non_vulnerable,case_level,GET_delegates_to_POST,parameter_map,/xss-04/BenchmarkTest02231,BenchmarkTest02231,text/html;charset=UTF-8,base64_transform,cwe-79,not_identified,not_identified,true,DIRECT,FINAL_CONFIRMATORY_ELIGIBLE,,,not_applicable,current_marker_control_likely_sufficient,current_marker_control,current,,true,true,metadata_constructed,benchmark_case_id;source_file;java_class_name;servlet_route;vulnerability_label;expected_result;parameter,true,ox14-c000346,/external-v14/case-000346,input_000346,opaque_candidate_id;sanitized_action_path;method;sanitized_parameter_name;input_source;input_type;editable_input_count;required_input_count;parameter_count,benchmark_case_id;source_file;java_class_name;servlet_name;vulnerability_label;expected_result;ground_truth,,audited,
BenchmarkTest02232,OWASP Benchmark Java,1.2,ba2e3f9a29fa3bde6a5c073d679393c9b94f025f,src\main\java\org\owasp\benchmark\testcode\BenchmarkTest02232.java,expectedresults-1.2.csv,xss,vulnerable,case_level,GET_delegates_to_POST,parameter_map,/xss-04/BenchmarkTest02232,BenchmarkTest02232,text/html;charset=UTF-8,none_identified,cwe-79,not_identified,not_identified,true,DIRECT,FINAL_CONFIRMATORY_ELIGIBLE,,,not_applicable,current_marker_control_likely_sufficient,current_marker_control,current,,true,true,metadata_constructed,benchmark_case_id;source_file;java_class_name;servlet_route;vulnerability_label;expected_result;parameter,true,ox14-c000347,/external-v14/case-000347,input_000347,opaque_candidate_id;sanitized_action_path;method;sanitized_parameter_name;input_source;input_type;editable_input_count;required_input_count;parameter_count,benchmark_case_id;source_file;java_class_name;servlet_name;vulnerability_label;expected_result;ground_truth,,audited,
BenchmarkTest02233,OWASP Benchmark Java,1.2,ba2e3f9a29fa3bde6a5c073d679393c9b94f025f,src\main\java\org\owasp\benchmark\testcode\BenchmarkTest02233.java,expectedresults-1.2.csv,xss,non_vulnerable,case_level,GET_delegates_to_POST,parameter_map,/xss-04/BenchmarkTest02233,BenchmarkTest02233,text/html;charset=UTF-8,none_identified,cwe-79,not_identified,not_identified,true,DIRECT,FINAL_CONFIRMATORY_ELIGIBLE,,,not_applicable,current_marker_control_likely_sufficient,current_marker_control,current,,true,true,metadata_constructed,benchmark_case_id;source_file;java_class_name;servlet_route;vulnerability_label;expected_result;parameter,true,ox14-c000348,/external-v14/case-000348,input_000348,opaque_candidate_id;sanitized_action_path;method;sanitized_parameter_name;input_source;input_type;editable_input_count;required_input_count;parameter_count,benchmark_case_id;source_file;java_class_name;servlet_name;vulnerability_label;expected_result;ground_truth,,audited,
BenchmarkTest02234,OWASP Benchmark Java,1.2,ba2e3f9a29fa3bde6a5c073d679393c9b94f025f,src\main\java\org\owasp\benchmark\testcode\BenchmarkTest02234.java,expectedresults-1.2.csv,xss,vulnerable,case_level,GET_delegates_to_POST,parameter_map,/xss-04/BenchmarkTest02234,BenchmarkTest02234,text/html;charset=UTF-8,none_identified,cwe-79,not_identified,not_identified,true,DIRECT,FINAL_CONFIRMATORY_ELIGIBLE,,,not_applicable,current_marker_control_likely_sufficient,current_marker_control,current,,true,true,metadata_constructed,benchmark_case_id;source_file;java_class_name;servlet_route;vulnerability_label;expected_result;parameter,true,ox14-c000349,/external-v14/case-000349,input_000349,opaque_candidate_id;sanitized_action_path;method;sanitized_parameter_name;input_source;input_type;editable_input_count;required_input_count;parameter_count,benchmark_case_id;source_file;java_class_name;servlet_name;vulnerability_label;expected_result;ground_truth,,audited,
BenchmarkTest02235,OWASP Benchmark Java,1.2,ba2e3f9a29fa3bde6a5c073d679393c9b94f025f,src\main\java\org\owasp\benchmark\testcode\BenchmarkTest02235.java,expectedresults-1.2.csv,xss,non_vulnerable,case_level,GET_delegates_to_POST,parameter_map,/xss-04/BenchmarkTest02235,BenchmarkTest02235,text/html;charset=UTF-8,none_identified,cwe-79,not_identified,not_identified,true,DIRECT,FINAL_CONFIRMATORY_ELIGIBLE,,,not_applicable,current_marker_control_likely_sufficient,current_marker_control,current,,true,true,metadata_constructed,benchmark_case_id;source_file;java_class_name;servlet_route;vulnerability_label;expected_result;parameter,true,ox14-c000350,/external-v14/case-000350,input_000350,opaque_candidate_id;sanitized_action_path;method;sanitized_parameter_name;input_source;input_type;editable_input_count;required_input_count;parameter_count,benchmark_case_id;source_file;java_class_name;servlet_name;vulnerability_label;expected_result;ground_truth,,audited,
BenchmarkTest02236,OWASP Benchmark Java,1.2,ba2e3f9a29fa3bde6a5c073d679393c9b94f025f,src\main\java\org\owasp\benchmark\testcode\BenchmarkTest02236.java,expectedresults-1.2.csv,xss,non_vulnerable,case_level,GET_delegates_to_POST,parameter_map,/xss-04/BenchmarkTest02236,BenchmarkTest02236,text/html;charset=UTF-8,none_identified,cwe-79,not_identified,not_identified,true,DIRECT,FINAL_CONFIRMATORY_ELIGIBLE,,,not_applicable,current_marker_control_likely_sufficient,current_marker_control,current,,true,true,metadata_constructed,benchmark_case_id;source_file;java_class_name;servlet_route;vulnerability_label;expected_result;parameter,true,ox14-c000351,/external-v14/case-000351,input_000351,opaque_candidate_id;sanitized_action_path;method;sanitized_parameter_name;input_source;input_type;editable_input_count;required_input_count;parameter_count,benchmark_case_id;source_file;java_class_name;servlet_name;vulnerability_label;expected_result;ground_truth,,audited,
BenchmarkTest02237,OWASP Benchmark Java,1.2,ba2e3f9a29fa3bde6a5c073d679393c9b94f025f,src\main\java\org\owasp\benchmark\testcode\BenchmarkTest02237.java,expectedresults-1.2.csv,xss,non_vulnerable,case_level,GET_delegates_to_POST,parameter_map,/xss-04/BenchmarkTest02237,BenchmarkTest02237,text/html;charset=UTF-8,html_encoding,cwe-79,not_identified,not_identified,true,DIRECT,FINAL_CONFIRMATORY_ELIGIBLE,,,not_applicable,current_marker_control_likely_sufficient,current_marker_control,current,,true,true,metadata_constructed,benchmark_case_id;source_file;java_class_name;servlet_route;vulnerability_label;expected_result;parameter,true,ox14-c000352,/external-v14/case-000352,input_000352,opaque_candidate_id;sanitized_action_path;method;sanitized_parameter_name;input_source;input_type;editable_input_count;required_input_count;parameter_count,benchmark_case_id;source_file;java_class_name;servlet_name;vulnerability_label;expected_result;ground_truth,,audited,
BenchmarkTest02238,OWASP Benchmark Java,1.2,ba2e3f9a29fa3bde6a5c073d679393c9b94f025f,src\main\java\org\owasp\benchmark\testcode\BenchmarkTest02238.java,expectedresults-1.2.csv,xss,non_vulnerable,case_level,GET_delegates_to_POST,parameter_map,/xss-04/BenchmarkTest02238,BenchmarkTest02238,text/html;charset=UTF-8,base64_transform,cwe-79,not_identified,not_identified,true,DIRECT,FINAL_CONFIRMATORY_ELIGIBLE,,,not_applicable,current_marker_control_likely_sufficient,current_marker_control,current,,true,true,metadata_constructed,benchmark_case_id;source_file;java_class_name;servlet_route;vulnerability_label;expected_result;parameter,true,ox14-c000353,/external-v14/case-000353,input_000353,opaque_candidate_id;sanitized_action_path;method;sanitized_parameter_name;input_source;input_type;editable_input_count;required_input_count;parameter_count,benchmark_case_id;source_file;java_class_name;servlet_name;vulnerability_label;expected_result;ground_truth,,audited,
BenchmarkTest02239,OWASP Benchmark Java,1.2,ba2e3f9a29fa3bde6a5c073d679393c9b94f025f,src\main\java\org\owasp\benchmark\testcode\BenchmarkTest02239.java,expectedresults-1.2.csv,xss,non_vulnerable,case_level,GET_delegates_to_POST,parameter_map,/xss-04/BenchmarkTest02239,BenchmarkTest02239,text/html;charset=UTF-8,none_identified,cwe-79,not_identified,not_identified,true,DIRECT,FINAL_CONFIRMATORY_ELIGIBLE,,,not_applicable,current_marker_control_likely_sufficient,current_marker_control,current,,true,true,metadata_constructed,benchmark_case_id;source_file;java_class_name;servlet_route;vulnerability_label;expected_result;parameter,true,ox14-c000354,/external-v14/case-000354,input_000354,opaque_candidate_id;sanitized_action_path;method;sanitized_parameter_name;input_source;input_type;editable_input_count;required_input_count;parameter_count,benchmark_case_id;source_file;java_class_name;servlet_name;vulnerability_label;expected_result;ground_truth,,audited,
BenchmarkTest02240,OWASP Benchmark Java,1.2,ba2e3f9a29fa3bde6a5c073d679393c9b94f025f,src\main\java\org\owasp\benchmark\testcode\BenchmarkTest02240.java,expectedresults-1.2.csv,xss,non_vulnerable,case_level,GET_delegates_to_POST,parameter_map,/xss-04/BenchmarkTest02240,BenchmarkTest02240,text/html;charset=UTF-8,none_identified,cwe-79,not_identified,not_identified,true,DIRECT,FINAL_CONFIRMATORY_ELIGIBLE,,,not_applicable,current_marker_control_likely_sufficient,current_marker_control,current,,true,true,metadata_constructed,benchmark_case_id;source_file;java_class_name;servlet_route;vulnerability_label;expected_result;parameter,true,ox14-c000355,/external-v14/case-000355,input_000355,opaque_candidate_id;sanitized_action_path;method;sanitized_parameter_name;input_source;input_type;editable_input_count;required_input_count;parameter_count,benchmark_case_id;source_file;java_class_name;servlet_name;vulnerability_label;expected_result;ground_truth,,audited,
BenchmarkTest02241,OWASP Benchmark Java,1.2,ba2e3f9a29fa3bde6a5c073d679393c9b94f025f,src\main\java\org\owasp\benchmark\testcode\BenchmarkTest02241.java,expectedresults-1.2.csv,xss,vulnerable,case_level,GET_delegates_to_POST,parameter_map,/xss-04/BenchmarkTest02241,BenchmarkTest02241,text/html;charset=UTF-8,none_identified,cwe-79,not_identified,not_identified,true,DIRECT,FINAL_CONFIRMATORY_ELIGIBLE,,,not_applicable,current_marker_control_likely_sufficient,current_marker_control,current,,true,true,metadata_constructed,benchmark_case_id;source_file;java_class_name;servlet_route;vulnerability_label;expected_result;parameter,true,ox14-c000356,/external-v14/case-000356,input_000356,opaque_candidate_id;sanitized_action_path;method;sanitized_parameter_name;input_source;input_type;editable_input_count;required_input_count;parameter_count,benchmark_case_id;source_file;java_class_name;servlet_name;vulnerability_label;expected_result;ground_truth,,audited,
BenchmarkTest02313,OWASP Benchmark Java,1.2,ba2e3f9a29fa3bde6a5c073d679393c9b94f025f,src\main\java\org\owasp\benchmark\testcode\BenchmarkTest02313.java,expectedresults-1.2.csv,xss,non_vulnerable,case_level,GET_delegates_to_POST,parameter_name_enumeration,/xss-04/BenchmarkTest02313,dynamic_parameter_name,text/html;charset=UTF-8,base64_transform,cwe-79,not_identified,not_identified,false,ADAPTER_SUPPORTED,FINAL_CONFIRMATORY_ELIGIBLE,current_candidate_transport_does_not_support_parameter_name_enumeration,parameter_name_value_adapter,false,current_marker_control_likely_sufficient,current_marker_control,required_extension,dynamic_parameter_name_and_value_transport,true,true,metadata_constructed,benchmark_case_id;source_file;java_class_name;servlet_route;vulnerability_label;expected_result;parameter,true,ox14-c000357,/external-v14/case-000357,input_000357,opaque_candidate_id;sanitized_action_path;method;sanitized_parameter_name;input_source;input_type;editable_input_count;required_input_count;parameter_count,benchmark_case_id;source_file;java_class_name;servlet_name;vulnerability_label;expected_result;ground_truth,,audited,dynamic parameter-name/value enumeration
BenchmarkTest02314,OWASP Benchmark Java,1.2,ba2e3f9a29fa3bde6a5c073d679393c9b94f025f,src\main\java\org\owasp\benchmark\testcode\BenchmarkTest02314.java,expectedresults-1.2.csv,xss,vulnerable,case_level,GET_delegates_to_POST,parameter_name_enumeration,/xss-04/BenchmarkTest02314,dynamic_parameter_name,text/html;charset=UTF-8,none_identified,cwe-79,not_identified,not_identified,false,ADAPTER_SUPPORTED,FINAL_CONFIRMATORY_ELIGIBLE,current_candidate_transport_does_not_support_parameter_name_enumeration,parameter_name_value_adapter,false,current_marker_control_likely_sufficient,current_marker_control,required_extension,dynamic_parameter_name_and_value_transport,true,true,metadata_constructed,benchmark_case_id;source_file;java_class_name;servlet_route;vulnerability_label;expected_result;parameter,true,ox14-c000358,/external-v14/case-000358,input_000358,opaque_candidate_id;sanitized_action_path;method;sanitized_parameter_name;input_source;input_type;editable_input_count;required_input_count;parameter_count,benchmark_case_id;source_file;java_class_name;servlet_name;vulnerability_label;expected_result;ground_truth,,audited,dynamic parameter-name/value enumeration
BenchmarkTest02315,OWASP Benchmark Java,1.2,ba2e3f9a29fa3bde6a5c073d679393c9b94f025f,src\main\java\org\owasp\benchmark\testcode\BenchmarkTest02315.java,expectedresults-1.2.csv,xss,vulnerable,case_level,GET_delegates_to_POST,parameter_name_enumeration,/xss-04/BenchmarkTest02315,dynamic_parameter_name,text/html;charset=UTF-8,none_identified,cwe-79,not_identified,not_identified,false,ADAPTER_SUPPORTED,FINAL_CONFIRMATORY_ELIGIBLE,current_candidate_transport_does_not_support_parameter_name_enumeration,parameter_name_value_adapter,false,current_marker_control_likely_sufficient,current_marker_control,required_extension,dynamic_parameter_name_and_value_transport,true,true,metadata_constructed,benchmark_case_id;source_file;java_class_name;servlet_route;vulnerability_label;expected_result;parameter,true,ox14-c000359,/external-v14/case-000359,input_000359,opaque_candidate_id;sanitized_action_path;method;sanitized_parameter_name;input_source;input_type;editable_input_count;required_input_count;parameter_count,benchmark_case_id;source_file;java_class_name;servlet_name;vulnerability_label;expected_result;ground_truth,,audited,dynamic parameter-name/value enumeration
BenchmarkTest02316,OWASP Benchmark Java,1.2,ba2e3f9a29fa3bde6a5c073d679393c9b94f025f,src\main\java\org\owasp\benchmark\testcode\BenchmarkTest02316.java,expectedresults-1.2.csv,xss,vulnerable,case_level,GET_delegates_to_POST,parameter_name_enumeration,/xss-04/BenchmarkTest02316,dynamic_parameter_name,text/html;charset=UTF-8,none_identified,cwe-79,not_identified,not_identified,false,ADAPTER_SUPPORTED,READINESS_ONLY,current_candidate_transport_does_not_support_parameter_name_enumeration,parameter_name_value_adapter,false,current_marker_control_likely_sufficient,current_marker_control,required_extension,dynamic_parameter_name_and_value_transport,true,true,metadata_constructed,benchmark_case_id;source_file;java_class_name;servlet_route;vulnerability_label;expected_result;parameter,true,ox14-c000360,/external-v14/case-000360,input_000360,opaque_candidate_id;sanitized_action_path;method;sanitized_parameter_name;input_source;input_type;editable_input_count;required_input_count;parameter_count,benchmark_case_id;source_file;java_class_name;servlet_name;vulnerability_label;expected_result;ground_truth,,audited,dynamic parameter-name/value enumeration
BenchmarkTest02317,OWASP Benchmark Java,1.2,ba2e3f9a29fa3bde6a5c073d679393c9b94f025f,src\main\java\org\owasp\benchmark\testcode\BenchmarkTest02317.java,expectedresults-1.2.csv,xss,vulnerable,case_level,GET_delegates_to_POST,parameter_name_enumeration,/xss-04/BenchmarkTest02317,dynamic_parameter_name,text/html;charset=UTF-8,none_identified,cwe-79,not_identified,not_identified,false,ADAPTER_SUPPORTED,FINAL_CONFIRMATORY_ELIGIBLE,current_candidate_transport_does_not_support_parameter_name_enumeration,parameter_name_value_adapter,false,current_marker_control_likely_sufficient,current_marker_control,required_extension,dynamic_parameter_name_and_value_transport,true,true,metadata_constructed,benchmark_case_id;source_file;java_class_name;servlet_route;vulnerability_label;expected_result;parameter,true,ox14-c000361,/external-v14/case-000361,input_000361,opaque_candidate_id;sanitized_action_path;method;sanitized_parameter_name;input_source;input_type;editable_input_count;required_input_count;parameter_count,benchmark_case_id;source_file;java_class_name;servlet_name;vulnerability_label;expected_result;ground_truth,,audited,dynamic parameter-name/value enumeration
BenchmarkTest02318,OWASP Benchmark Java,1.2,ba2e3f9a29fa3bde6a5c073d679393c9b94f025f,src\main\java\org\owasp\benchmark\testcode\BenchmarkTest02318.java,expectedresults-1.2.csv,xss,non_vulnerable,case_level,GET_delegates_to_POST,parameter_name_enumeration,/xss-04/BenchmarkTest02318,dynamic_parameter_name,text/html;charset=UTF-8,html_encoding;string_escape_utils,cwe-79,not_identified,not_identified,false,ADAPTER_SUPPORTED,FINAL_CONFIRMATORY_ELIGIBLE,current_candidate_transport_does_not_support_parameter_name_enumeration,parameter_name_value_adapter,false,current_marker_control_likely_sufficient,current_marker_control,required_extension,dynamic_parameter_name_and_value_transport,true,true,metadata_constructed,benchmark_case_id;source_file;java_class_name;servlet_route;vulnerability_label;expected_result;parameter,true,ox14-c000362,/external-v14/case-000362,input_000362,opaque_candidate_id;sanitized_action_path;method;sanitized_parameter_name;input_source;input_type;editable_input_count;required_input_count;parameter_count,benchmark_case_id;source_file;java_class_name;servlet_name;vulnerability_label;expected_result;ground_truth,,audited,dynamic parameter-name/value enumeration
BenchmarkTest02319,OWASP Benchmark Java,1.2,ba2e3f9a29fa3bde6a5c073d679393c9b94f025f,src\main\java\org\owasp\benchmark\testcode\BenchmarkTest02319.java,expectedresults-1.2.csv,xss,non_vulnerable,case_level,GET_delegates_to_POST,parameter_name_enumeration,/xss-04/BenchmarkTest02319,dynamic_parameter_name,text/html;charset=UTF-8,none_identified,cwe-79,not_identified,not_identified,false,ADAPTER_SUPPORTED,FINAL_CONFIRMATORY_ELIGIBLE,current_candidate_transport_does_not_support_parameter_name_enumeration,parameter_name_value_adapter,false,current_marker_control_likely_sufficient,current_marker_control,required_extension,dynamic_parameter_name_and_value_transport,true,true,metadata_constructed,benchmark_case_id;source_file;java_class_name;servlet_route;vulnerability_label;expected_result;parameter,true,ox14-c000363,/external-v14/case-000363,input_000363,opaque_candidate_id;sanitized_action_path;method;sanitized_parameter_name;input_source;input_type;editable_input_count;required_input_count;parameter_count,benchmark_case_id;source_file;java_class_name;servlet_name;vulnerability_label;expected_result;ground_truth,,audited,dynamic parameter-name/value enumeration
BenchmarkTest02320,OWASP Benchmark Java,1.2,ba2e3f9a29fa3bde6a5c073d679393c9b94f025f,src\main\java\org\owasp\benchmark\testcode\BenchmarkTest02320.java,expectedresults-1.2.csv,xss,non_vulnerable,case_level,GET_delegates_to_POST,parameter_name_enumeration,/xss-04/BenchmarkTest02320,dynamic_parameter_name,text/html;charset=UTF-8,html_encoding,cwe-79,not_identified,not_identified,false,ADAPTER_SUPPORTED,READINESS_ONLY,current_candidate_transport_does_not_support_parameter_name_enumeration,parameter_name_value_adapter,false,current_marker_control_likely_sufficient,current_marker_control,required_extension,dynamic_parameter_name_and_value_transport,true,true,metadata_constructed,benchmark_case_id;source_file;java_class_name;servlet_route;vulnerability_label;expected_result;parameter,true,ox14-c000364,/external-v14/case-000364,input_000364,opaque_candidate_id;sanitized_action_path;method;sanitized_parameter_name;input_source;input_type;editable_input_count;required_input_count;parameter_count,benchmark_case_id;source_file;java_class_name;servlet_name;vulnerability_label;expected_result;ground_truth,,audited,dynamic parameter-name/value enumeration
BenchmarkTest02321,OWASP Benchmark Java,1.2,ba2e3f9a29fa3bde6a5c073d679393c9b94f025f,src\main\java\org\owasp\benchmark\testcode\BenchmarkTest02321.java,expectedresults-1.2.csv,xss,vulnerable,case_level,GET_delegates_to_POST,parameter_name_enumeration,/xss-04/BenchmarkTest02321,dynamic_parameter_name,text/html;charset=UTF-8,base64_transform,cwe-79,not_identified,not_identified,false,ADAPTER_SUPPORTED,FINAL_CONFIRMATORY_ELIGIBLE,current_candidate_transport_does_not_support_parameter_name_enumeration,parameter_name_value_adapter,false,current_marker_control_likely_sufficient,current_marker_control,required_extension,dynamic_parameter_name_and_value_transport,true,true,metadata_constructed,benchmark_case_id;source_file;java_class_name;servlet_route;vulnerability_label;expected_result;parameter,true,ox14-c000365,/external-v14/case-000365,input_000365,opaque_candidate_id;sanitized_action_path;method;sanitized_parameter_name;input_source;input_type;editable_input_count;required_input_count;parameter_count,benchmark_case_id;source_file;java_class_name;servlet_name;vulnerability_label;expected_result;ground_truth,,audited,dynamic parameter-name/value enumeration
BenchmarkTest02322,OWASP Benchmark Java,1.2,ba2e3f9a29fa3bde6a5c073d679393c9b94f025f,src\main\java\org\owasp\benchmark\testcode\BenchmarkTest02322.java,expectedresults-1.2.csv,xss,vulnerable,case_level,GET_delegates_to_POST,parameter_name_enumeration,/xss-04/BenchmarkTest02322,dynamic_parameter_name,text/html;charset=UTF-8,none_identified,cwe-79,not_identified,not_identified,false,ADAPTER_SUPPORTED,FINAL_CONFIRMATORY_ELIGIBLE,current_candidate_transport_does_not_support_parameter_name_enumeration,parameter_name_value_adapter,false,current_marker_control_likely_sufficient,current_marker_control,required_extension,dynamic_parameter_name_and_value_transport,true,true,metadata_constructed,benchmark_case_id;source_file;java_class_name;servlet_route;vulnerability_label;expected_result;parameter,true,ox14-c000366,/external-v14/case-000366,input_000366,opaque_candidate_id;sanitized_action_path;method;sanitized_parameter_name;input_source;input_type;editable_input_count;required_input_count;parameter_count,benchmark_case_id;source_file;java_class_name;servlet_name;vulnerability_label;expected_result;ground_truth,,audited,dynamic parameter-name/value enumeration
BenchmarkTest02323,OWASP Benchmark Java,1.2,ba2e3f9a29fa3bde6a5c073d679393c9b94f025f,src\main\java\org\owasp\benchmark\testcode\BenchmarkTest02323.java,expectedresults-1.2.csv,xss,vulnerable,case_level,GET_delegates_to_POST,parameter_name_enumeration,/xss-04/BenchmarkTest02323,dynamic_parameter_name,text/html;charset=UTF-8,none_identified,cwe-79,not_identified,not_identified,false,ADAPTER_SUPPORTED,FINAL_CONFIRMATORY_ELIGIBLE,current_candidate_transport_does_not_support_parameter_name_enumeration,parameter_name_value_adapter,false,current_marker_control_likely_sufficient,current_marker_control,required_extension,dynamic_parameter_name_and_value_transport,true,true,metadata_constructed,benchmark_case_id;source_file;java_class_name;servlet_route;vulnerability_label;expected_result;parameter,true,ox14-c000367,/external-v14/case-000367,input_000367,opaque_candidate_id;sanitized_action_path;method;sanitized_parameter_name;input_source;input_type;editable_input_count;required_input_count;parameter_count,benchmark_case_id;source_file;java_class_name;servlet_name;vulnerability_label;expected_result;ground_truth,,audited,dynamic parameter-name/value enumeration
BenchmarkTest02324,OWASP Benchmark Java,1.2,ba2e3f9a29fa3bde6a5c073d679393c9b94f025f,src\main\java\org\owasp\benchmark\testcode\BenchmarkTest02324.java,expectedresults-1.2.csv,xss,vulnerable,case_level,GET_delegates_to_POST,parameter_name_enumeration,/xss-04/BenchmarkTest02324,dynamic_parameter_name,text/html;charset=UTF-8,none_identified,cwe-79,not_identified,not_identified,false,ADAPTER_SUPPORTED,FINAL_CONFIRMATORY_ELIGIBLE,current_candidate_transport_does_not_support_parameter_name_enumeration,parameter_name_value_adapter,false,current_marker_control_likely_sufficient,current_marker_control,required_extension,dynamic_parameter_name_and_value_transport,true,true,metadata_constructed,benchmark_case_id;source_file;java_class_name;servlet_route;vulnerability_label;expected_result;parameter,true,ox14-c000368,/external-v14/case-000368,input_000368,opaque_candidate_id;sanitized_action_path;method;sanitized_parameter_name;input_source;input_type;editable_input_count;required_input_count;parameter_count,benchmark_case_id;source_file;java_class_name;servlet_name;vulnerability_label;expected_result;ground_truth,,audited,dynamic parameter-name/value enumeration
BenchmarkTest02325,OWASP Benchmark Java,1.2,ba2e3f9a29fa3bde6a5c073d679393c9b94f025f,src\main\java\org\owasp\benchmark\testcode\BenchmarkTest02325.java,expectedresults-1.2.csv,xss,non_vulnerable,case_level,GET_delegates_to_POST,parameter_name_enumeration,/xss-04/BenchmarkTest02325,dynamic_parameter_name,text/html;charset=UTF-8,none_identified,cwe-79,not_identified,not_identified,false,ADAPTER_SUPPORTED,FINAL_CONFIRMATORY_ELIGIBLE,current_candidate_transport_does_not_support_parameter_name_enumeration,parameter_name_value_adapter,false,current_marker_control_likely_sufficient,current_marker_control,required_extension,dynamic_parameter_name_and_value_transport,true,true,metadata_constructed,benchmark_case_id;source_file;java_class_name;servlet_route;vulnerability_label;expected_result;parameter,true,ox14-c000369,/external-v14/case-000369,input_000369,opaque_candidate_id;sanitized_action_path;method;sanitized_parameter_name;input_source;input_type;editable_input_count;required_input_count;parameter_count,benchmark_case_id;source_file;java_class_name;servlet_name;vulnerability_label;expected_result;ground_truth,,audited,dynamic parameter-name/value enumeration
BenchmarkTest02326,OWASP Benchmark Java,1.2,ba2e3f9a29fa3bde6a5c073d679393c9b94f025f,src\main\java\org\owasp\benchmark\testcode\BenchmarkTest02326.java,expectedresults-1.2.csv,xss,vulnerable,case_level,GET_delegates_to_POST,parameter_name_enumeration,/xss-04/BenchmarkTest02326,dynamic_parameter_name,text/html;charset=UTF-8,base64_transform,cwe-79,not_identified,not_identified,false,ADAPTER_SUPPORTED,FINAL_CONFIRMATORY_ELIGIBLE,current_candidate_transport_does_not_support_parameter_name_enumeration,parameter_name_value_adapter,false,current_marker_control_likely_sufficient,current_marker_control,required_extension,dynamic_parameter_name_and_value_transport,true,true,metadata_constructed,benchmark_case_id;source_file;java_class_name;servlet_route;vulnerability_label;expected_result;parameter,true,ox14-c000370,/external-v14/case-000370,input_000370,opaque_candidate_id;sanitized_action_path;method;sanitized_parameter_name;input_source;input_type;editable_input_count;required_input_count;parameter_count,benchmark_case_id;source_file;java_class_name;servlet_name;vulnerability_label;expected_result;ground_truth,,audited,dynamic parameter-name/value enumeration
BenchmarkTest02327,OWASP Benchmark Java,1.2,ba2e3f9a29fa3bde6a5c073d679393c9b94f025f,src\main\java\org\owasp\benchmark\testcode\BenchmarkTest02327.java,expectedresults-1.2.csv,xss,vulnerable,case_level,GET_delegates_to_POST,parameter_name_enumeration,/xss-04/BenchmarkTest02327,dynamic_parameter_name,text/html;charset=UTF-8,none_identified,cwe-79,not_identified,not_identified,false,ADAPTER_SUPPORTED,FINAL_CONFIRMATORY_ELIGIBLE,current_candidate_transport_does_not_support_parameter_name_enumeration,parameter_name_value_adapter,false,current_marker_control_likely_sufficient,current_marker_control,required_extension,dynamic_parameter_name_and_value_transport,true,true,metadata_constructed,benchmark_case_id;source_file;java_class_name;servlet_route;vulnerability_label;expected_result;parameter,true,ox14-c000371,/external-v14/case-000371,input_000371,opaque_candidate_id;sanitized_action_path;method;sanitized_parameter_name;input_source;input_type;editable_input_count;required_input_count;parameter_count,benchmark_case_id;source_file;java_class_name;servlet_name;vulnerability_label;expected_result;ground_truth,,audited,dynamic parameter-name/value enumeration
BenchmarkTest02328,OWASP Benchmark Java,1.2,ba2e3f9a29fa3bde6a5c073d679393c9b94f025f,src\main\java\org\owasp\benchmark\testcode\BenchmarkTest02328.java,expectedresults-1.2.csv,xss,vulnerable,case_level,GET_delegates_to_POST,parameter_name_enumeration,/xss-04/BenchmarkTest02328,dynamic_parameter_name,text/html;charset=UTF-8,none_identified,cwe-79,not_identified,not_identified,false,ADAPTER_SUPPORTED,FINAL_CONFIRMATORY_ELIGIBLE,current_candidate_transport_does_not_support_parameter_name_enumeration,parameter_name_value_adapter,false,current_marker_control_likely_sufficient,current_marker_control,required_extension,dynamic_parameter_name_and_value_transport,true,true,metadata_constructed,benchmark_case_id;source_file;java_class_name;servlet_route;vulnerability_label;expected_result;parameter,true,ox14-c000372,/external-v14/case-000372,input_000372,opaque_candidate_id;sanitized_action_path;method;sanitized_parameter_name;input_source;input_type;editable_input_count;required_input_count;parameter_count,benchmark_case_id;source_file;java_class_name;servlet_name;vulnerability_label;expected_result;ground_truth,,audited,dynamic parameter-name/value enumeration
BenchmarkTest02329,OWASP Benchmark Java,1.2,ba2e3f9a29fa3bde6a5c073d679393c9b94f025f,src\main\java\org\owasp\benchmark\testcode\BenchmarkTest02329.java,expectedresults-1.2.csv,xss,non_vulnerable,case_level,GET_delegates_to_POST,parameter_name_enumeration,/xss-04/BenchmarkTest02329,dynamic_parameter_name,text/html;charset=UTF-8,none_identified,cwe-79,not_identified,not_identified,false,ADAPTER_SUPPORTED,FINAL_CONFIRMATORY_ELIGIBLE,current_candidate_transport_does_not_support_parameter_name_enumeration,parameter_name_value_adapter,false,current_marker_control_likely_sufficient,current_marker_control,required_extension,dynamic_parameter_name_and_value_transport,true,true,metadata_constructed,benchmark_case_id;source_file;java_class_name;servlet_route;vulnerability_label;expected_result;parameter,true,ox14-c000373,/external-v14/case-000373,input_000373,opaque_candidate_id;sanitized_action_path;method;sanitized_parameter_name;input_source;input_type;editable_input_count;required_input_count;parameter_count,benchmark_case_id;source_file;java_class_name;servlet_name;vulnerability_label;expected_result;ground_truth,,audited,dynamic parameter-name/value enumeration
BenchmarkTest02330,OWASP Benchmark Java,1.2,ba2e3f9a29fa3bde6a5c073d679393c9b94f025f,src\main\java\org\owasp\benchmark\testcode\BenchmarkTest02330.java,expectedresults-1.2.csv,xss,non_vulnerable,case_level,GET_delegates_to_POST,parameter_name_enumeration,/xss-04/BenchmarkTest02330,dynamic_parameter_name,text/html;charset=UTF-8,none_identified,cwe-79,not_identified,not_identified,false,ADAPTER_SUPPORTED,FINAL_CONFIRMATORY_ELIGIBLE,current_candidate_transport_does_not_support_parameter_name_enumeration,parameter_name_value_adapter,false,current_marker_control_likely_sufficient,current_marker_control,required_extension,dynamic_parameter_name_and_value_transport,true,true,metadata_constructed,benchmark_case_id;source_file;java_class_name;servlet_route;vulnerability_label;expected_result;parameter,true,ox14-c000374,/external-v14/case-000374,input_000374,opaque_candidate_id;sanitized_action_path;method;sanitized_parameter_name;input_source;input_type;editable_input_count;required_input_count;parameter_count,benchmark_case_id;source_file;java_class_name;servlet_name;vulnerability_label;expected_result;ground_truth,,audited,dynamic parameter-name/value enumeration
BenchmarkTest02331,OWASP Benchmark Java,1.2,ba2e3f9a29fa3bde6a5c073d679393c9b94f025f,src\main\java\org\owasp\benchmark\testcode\BenchmarkTest02331.java,expectedresults-1.2.csv,xss,non_vulnerable,case_level,GET_delegates_to_POST,parameter_name_enumeration,/xss-04/BenchmarkTest02331,dynamic_parameter_name,text/html;charset=UTF-8,html_encoding,cwe-79,not_identified,not_identified,false,ADAPTER_SUPPORTED,READINESS_ONLY,current_candidate_transport_does_not_support_parameter_name_enumeration,parameter_name_value_adapter,false,current_marker_control_likely_sufficient,current_marker_control,required_extension,dynamic_parameter_name_and_value_transport,true,true,metadata_constructed,benchmark_case_id;source_file;java_class_name;servlet_route;vulnerability_label;expected_result;parameter,true,ox14-c000375,/external-v14/case-000375,input_000375,opaque_candidate_id;sanitized_action_path;method;sanitized_parameter_name;input_source;input_type;editable_input_count;required_input_count;parameter_count,benchmark_case_id;source_file;java_class_name;servlet_name;vulnerability_label;expected_result;ground_truth,,audited,dynamic parameter-name/value enumeration
BenchmarkTest02332,OWASP Benchmark Java,1.2,ba2e3f9a29fa3bde6a5c073d679393c9b94f025f,src\main\java\org\owasp\benchmark\testcode\BenchmarkTest02332.java,expectedresults-1.2.csv,xss,vulnerable,case_level,GET_delegates_to_POST,parameter_name_enumeration,/xss-04/BenchmarkTest02332,dynamic_parameter_name,text/html;charset=UTF-8,none_identified,cwe-79,not_identified,not_identified,false,ADAPTER_SUPPORTED,FINAL_CONFIRMATORY_ELIGIBLE,current_candidate_transport_does_not_support_parameter_name_enumeration,parameter_name_value_adapter,false,current_marker_control_likely_sufficient,current_marker_control,required_extension,dynamic_parameter_name_and_value_transport,true,true,metadata_constructed,benchmark_case_id;source_file;java_class_name;servlet_route;vulnerability_label;expected_result;parameter,true,ox14-c000376,/external-v14/case-000376,input_000376,opaque_candidate_id;sanitized_action_path;method;sanitized_parameter_name;input_source;input_type;editable_input_count;required_input_count;parameter_count,benchmark_case_id;source_file;java_class_name;servlet_name;vulnerability_label;expected_result;ground_truth,,audited,dynamic parameter-name/value enumeration
BenchmarkTest02394,OWASP Benchmark Java,1.2,ba2e3f9a29fa3bde6a5c073d679393c9b94f025f,src\main\java\org\owasp\benchmark\testcode\BenchmarkTest02394.java,expectedresults-1.2.csv,xss,non_vulnerable,case_level,GET_delegates_to_POST,parameter,/xss-04/BenchmarkTest02394,BenchmarkTest02394,text/html;charset=UTF-8,html_encoding,cwe-79,not_identified,not_identified,true,DIRECT,FINAL_CONFIRMATORY_ELIGIBLE,,,not_applicable,current_marker_control_likely_sufficient,current_marker_control,current,,true,true,metadata_constructed,benchmark_case_id;source_file;java_class_name;servlet_route;vulnerability_label;expected_result;parameter,true,ox14-c000377,/external-v14/case-000377,input_000377,opaque_candidate_id;sanitized_action_path;method;sanitized_parameter_name;input_source;input_type;editable_input_count;required_input_count;parameter_count,benchmark_case_id;source_file;java_class_name;servlet_name;vulnerability_label;expected_result;ground_truth,,audited,parameter read through helper wrapper
BenchmarkTest02395,OWASP Benchmark Java,1.2,ba2e3f9a29fa3bde6a5c073d679393c9b94f025f,src\main\java\org\owasp\benchmark\testcode\BenchmarkTest02395.java,expectedresults-1.2.csv,xss,vulnerable,case_level,GET_delegates_to_POST,parameter,/xss-04/BenchmarkTest02395,BenchmarkTest02395,text/html;charset=UTF-8,none_identified,cwe-79,not_identified,not_identified,true,DIRECT,FINAL_CONFIRMATORY_ELIGIBLE,,,not_applicable,current_marker_control_likely_sufficient,current_marker_control,current,,true,true,metadata_constructed,benchmark_case_id;source_file;java_class_name;servlet_route;vulnerability_label;expected_result;parameter,true,ox14-c000378,/external-v14/case-000378,input_000378,opaque_candidate_id;sanitized_action_path;method;sanitized_parameter_name;input_source;input_type;editable_input_count;required_input_count;parameter_count,benchmark_case_id;source_file;java_class_name;servlet_name;vulnerability_label;expected_result;ground_truth,,audited,parameter read through helper wrapper
BenchmarkTest02396,OWASP Benchmark Java,1.2,ba2e3f9a29fa3bde6a5c073d679393c9b94f025f,src\main\java\org\owasp\benchmark\testcode\BenchmarkTest02396.java,expectedresults-1.2.csv,xss,vulnerable,case_level,GET_delegates_to_POST,parameter,/xss-04/BenchmarkTest02396,BenchmarkTest02396,text/html;charset=UTF-8,base64_transform,cwe-79,not_identified,not_identified,true,DIRECT,FINAL_CONFIRMATORY_ELIGIBLE,,,not_applicable,current_marker_control_likely_sufficient,current_marker_control,current,,true,true,metadata_constructed,benchmark_case_id;source_file;java_class_name;servlet_route;vulnerability_label;expected_result;parameter,true,ox14-c000379,/external-v14/case-000379,input_000379,opaque_candidate_id;sanitized_action_path;method;sanitized_parameter_name;input_source;input_type;editable_input_count;required_input_count;parameter_count,benchmark_case_id;source_file;java_class_name;servlet_name;vulnerability_label;expected_result;ground_truth,,audited,parameter read through helper wrapper
BenchmarkTest02397,OWASP Benchmark Java,1.2,ba2e3f9a29fa3bde6a5c073d679393c9b94f025f,src\main\java\org\owasp\benchmark\testcode\BenchmarkTest02397.java,expectedresults-1.2.csv,xss,vulnerable,case_level,GET_delegates_to_POST,parameter,/xss-04/BenchmarkTest02397,BenchmarkTest02397,text/html;charset=UTF-8,none_identified,cwe-79,not_identified,not_identified,true,DIRECT,FINAL_CONFIRMATORY_ELIGIBLE,,,not_applicable,current_marker_control_likely_sufficient,current_marker_control,current,,true,true,metadata_constructed,benchmark_case_id;source_file;java_class_name;servlet_route;vulnerability_label;expected_result;parameter,true,ox14-c000380,/external-v14/case-000380,input_000380,opaque_candidate_id;sanitized_action_path;method;sanitized_parameter_name;input_source;input_type;editable_input_count;required_input_count;parameter_count,benchmark_case_id;source_file;java_class_name;servlet_name;vulnerability_label;expected_result;ground_truth,,audited,parameter read through helper wrapper
BenchmarkTest02398,OWASP Benchmark Java,1.2,ba2e3f9a29fa3bde6a5c073d679393c9b94f025f,src\main\java\org\owasp\benchmark\testcode\BenchmarkTest02398.java,expectedresults-1.2.csv,xss,non_vulnerable,case_level,GET_delegates_to_POST,parameter,/xss-04/BenchmarkTest02398,BenchmarkTest02398,text/html;charset=UTF-8,none_identified,cwe-79,not_identified,not_identified,true,DIRECT,FINAL_CONFIRMATORY_ELIGIBLE,,,not_applicable,current_marker_control_likely_sufficient,current_marker_control,current,,true,true,metadata_constructed,benchmark_case_id;source_file;java_class_name;servlet_route;vulnerability_label;expected_result;parameter,true,ox14-c000381,/external-v14/case-000381,input_000381,opaque_candidate_id;sanitized_action_path;method;sanitized_parameter_name;input_source;input_type;editable_input_count;required_input_count;parameter_count,benchmark_case_id;source_file;java_class_name;servlet_name;vulnerability_label;expected_result;ground_truth,,audited,parameter read through helper wrapper
BenchmarkTest02399,OWASP Benchmark Java,1.2,ba2e3f9a29fa3bde6a5c073d679393c9b94f025f,src\main\java\org\owasp\benchmark\testcode\BenchmarkTest02399.java,expectedresults-1.2.csv,xss,vulnerable,case_level,GET_delegates_to_POST,parameter,/xss-04/BenchmarkTest02399,BenchmarkTest02399,text/html;charset=UTF-8,none_identified,cwe-79,not_identified,not_identified,true,DIRECT,FINAL_CONFIRMATORY_ELIGIBLE,,,not_applicable,current_marker_control_likely_sufficient,current_marker_control,current,,true,true,metadata_constructed,benchmark_case_id;source_file;java_class_name;servlet_route;vulnerability_label;expected_result;parameter,true,ox14-c000382,/external-v14/case-000382,input_000382,opaque_candidate_id;sanitized_action_path;method;sanitized_parameter_name;input_source;input_type;editable_input_count;required_input_count;parameter_count,benchmark_case_id;source_file;java_class_name;servlet_name;vulnerability_label;expected_result;ground_truth,,audited,parameter read through helper wrapper
BenchmarkTest02400,OWASP Benchmark Java,1.2,ba2e3f9a29fa3bde6a5c073d679393c9b94f025f,src\main\java\org\owasp\benchmark\testcode\BenchmarkTest02400.java,expectedresults-1.2.csv,xss,vulnerable,case_level,GET_delegates_to_POST,parameter,/xss-04/BenchmarkTest02400,BenchmarkTest02400,text/html;charset=UTF-8,none_identified,cwe-79,not_identified,not_identified,true,DIRECT,FINAL_CONFIRMATORY_ELIGIBLE,,,not_applicable,current_marker_control_likely_sufficient,current_marker_control,current,,true,true,metadata_constructed,benchmark_case_id;source_file;java_class_name;servlet_route;vulnerability_label;expected_result;parameter,true,ox14-c000383,/external-v14/case-000383,input_000383,opaque_candidate_id;sanitized_action_path;method;sanitized_parameter_name;input_source;input_type;editable_input_count;required_input_count;parameter_count,benchmark_case_id;source_file;java_class_name;servlet_name;vulnerability_label;expected_result;ground_truth,,audited,parameter read through helper wrapper
BenchmarkTest02401,OWASP Benchmark Java,1.2,ba2e3f9a29fa3bde6a5c073d679393c9b94f025f,src\main\java\org\owasp\benchmark\testcode\BenchmarkTest02401.java,expectedresults-1.2.csv,xss,non_vulnerable,case_level,GET_delegates_to_POST,parameter,/xss-04/BenchmarkTest02401,BenchmarkTest02401,text/html;charset=UTF-8,html_encoding;string_escape_utils,cwe-79,not_identified,not_identified,true,DIRECT,FINAL_CONFIRMATORY_ELIGIBLE,,,not_applicable,current_marker_control_likely_sufficient,current_marker_control,current,,true,true,metadata_constructed,benchmark_case_id;source_file;java_class_name;servlet_route;vulnerability_label;expected_result;parameter,true,ox14-c000384,/external-v14/case-000384,input_000384,opaque_candidate_id;sanitized_action_path;method;sanitized_parameter_name;input_source;input_type;editable_input_count;required_input_count;parameter_count,benchmark_case_id;source_file;java_class_name;servlet_name;vulnerability_label;expected_result;ground_truth,,audited,parameter read through helper wrapper
BenchmarkTest02402,OWASP Benchmark Java,1.2,ba2e3f9a29fa3bde6a5c073d679393c9b94f025f,src\main\java\org\owasp\benchmark\testcode\BenchmarkTest02402.java,expectedresults-1.2.csv,xss,vulnerable,case_level,GET_delegates_to_POST,parameter,/xss-04/BenchmarkTest02402,BenchmarkTest02402,text/html;charset=UTF-8,none_identified,cwe-79,not_identified,not_identified,true,DIRECT,FINAL_CONFIRMATORY_ELIGIBLE,,,not_applicable,current_marker_control_likely_sufficient,current_marker_control,current,,true,true,metadata_constructed,benchmark_case_id;source_file;java_class_name;servlet_route;vulnerability_label;expected_result;parameter,true,ox14-c000385,/external-v14/case-000385,input_000385,opaque_candidate_id;sanitized_action_path;method;sanitized_parameter_name;input_source;input_type;editable_input_count;required_input_count;parameter_count,benchmark_case_id;source_file;java_class_name;servlet_name;vulnerability_label;expected_result;ground_truth,,audited,parameter read through helper wrapper
BenchmarkTest02403,OWASP Benchmark Java,1.2,ba2e3f9a29fa3bde6a5c073d679393c9b94f025f,src\main\java\org\owasp\benchmark\testcode\BenchmarkTest02403.java,expectedresults-1.2.csv,xss,vulnerable,case_level,GET_delegates_to_POST,parameter,/xss-04/BenchmarkTest02403,BenchmarkTest02403,text/html;charset=UTF-8,base64_transform,cwe-79,not_identified,not_identified,true,DIRECT,FINAL_CONFIRMATORY_ELIGIBLE,,,not_applicable,current_marker_control_likely_sufficient,current_marker_control,current,,true,true,metadata_constructed,benchmark_case_id;source_file;java_class_name;servlet_route;vulnerability_label;expected_result;parameter,true,ox14-c000386,/external-v14/case-000386,input_000386,opaque_candidate_id;sanitized_action_path;method;sanitized_parameter_name;input_source;input_type;editable_input_count;required_input_count;parameter_count,benchmark_case_id;source_file;java_class_name;servlet_name;vulnerability_label;expected_result;ground_truth,,audited,parameter read through helper wrapper
BenchmarkTest02404,OWASP Benchmark Java,1.2,ba2e3f9a29fa3bde6a5c073d679393c9b94f025f,src\main\java\org\owasp\benchmark\testcode\BenchmarkTest02404.java,expectedresults-1.2.csv,xss,non_vulnerable,case_level,GET_delegates_to_POST,parameter,/xss-04/BenchmarkTest02404,BenchmarkTest02404,text/html;charset=UTF-8,none_identified,cwe-79,not_identified,not_identified,true,DIRECT,FINAL_CONFIRMATORY_ELIGIBLE,,,not_applicable,current_marker_control_likely_sufficient,current_marker_control,current,,true,true,metadata_constructed,benchmark_case_id;source_file;java_class_name;servlet_route;vulnerability_label;expected_result;parameter,true,ox14-c000387,/external-v14/case-000387,input_000387,opaque_candidate_id;sanitized_action_path;method;sanitized_parameter_name;input_source;input_type;editable_input_count;required_input_count;parameter_count,benchmark_case_id;source_file;java_class_name;servlet_name;vulnerability_label;expected_result;ground_truth,,audited,parameter read through helper wrapper
BenchmarkTest02405,OWASP Benchmark Java,1.2,ba2e3f9a29fa3bde6a5c073d679393c9b94f025f,src\main\java\org\owasp\benchmark\testcode\BenchmarkTest02405.java,expectedresults-1.2.csv,xss,vulnerable,case_level,GET_delegates_to_POST,parameter,/xss-04/BenchmarkTest02405,BenchmarkTest02405,text/html;charset=UTF-8,none_identified,cwe-79,not_identified,not_identified,true,DIRECT,FINAL_CONFIRMATORY_ELIGIBLE,,,not_applicable,current_marker_control_likely_sufficient,current_marker_control,current,,true,true,metadata_constructed,benchmark_case_id;source_file;java_class_name;servlet_route;vulnerability_label;expected_result;parameter,true,ox14-c000388,/external-v14/case-000388,input_000388,opaque_candidate_id;sanitized_action_path;method;sanitized_parameter_name;input_source;input_type;editable_input_count;required_input_count;parameter_count,benchmark_case_id;source_file;java_class_name;servlet_name;vulnerability_label;expected_result;ground_truth,,audited,parameter read through helper wrapper
BenchmarkTest02406,OWASP Benchmark Java,1.2,ba2e3f9a29fa3bde6a5c073d679393c9b94f025f,src\main\java\org\owasp\benchmark\testcode\BenchmarkTest02406.java,expectedresults-1.2.csv,xss,non_vulnerable,case_level,GET_delegates_to_POST,parameter,/xss-04/BenchmarkTest02406,BenchmarkTest02406,text/html;charset=UTF-8,none_identified,cwe-79,not_identified,not_identified,true,DIRECT,FINAL_CONFIRMATORY_ELIGIBLE,,,not_applicable,current_marker_control_likely_sufficient,current_marker_control,current,,true,true,metadata_constructed,benchmark_case_id;source_file;java_class_name;servlet_route;vulnerability_label;expected_result;parameter,true,ox14-c000389,/external-v14/case-000389,input_000389,opaque_candidate_id;sanitized_action_path;method;sanitized_parameter_name;input_source;input_type;editable_input_count;required_input_count;parameter_count,benchmark_case_id;source_file;java_class_name;servlet_name;vulnerability_label;expected_result;ground_truth,,audited,parameter read through helper wrapper
BenchmarkTest02407,OWASP Benchmark Java,1.2,ba2e3f9a29fa3bde6a5c073d679393c9b94f025f,src\main\java\org\owasp\benchmark\testcode\BenchmarkTest02407.java,expectedresults-1.2.csv,xss,vulnerable,case_level,GET_delegates_to_POST,parameter,/xss-04/BenchmarkTest02407,BenchmarkTest02407,text/html;charset=UTF-8,none_identified,cwe-79,not_identified,not_identified,true,DIRECT,FINAL_CONFIRMATORY_ELIGIBLE,,,not_applicable,current_marker_control_likely_sufficient,current_marker_control,current,,true,true,metadata_constructed,benchmark_case_id;source_file;java_class_name;servlet_route;vulnerability_label;expected_result;parameter,true,ox14-c000390,/external-v14/case-000390,input_000390,opaque_candidate_id;sanitized_action_path;method;sanitized_parameter_name;input_source;input_type;editable_input_count;required_input_count;parameter_count,benchmark_case_id;source_file;java_class_name;servlet_name;vulnerability_label;expected_result;ground_truth,,audited,parameter read through helper wrapper
BenchmarkTest02408,OWASP Benchmark Java,1.2,ba2e3f9a29fa3bde6a5c073d679393c9b94f025f,src\main\java\org\owasp\benchmark\testcode\BenchmarkTest02408.java,expectedresults-1.2.csv,xss,non_vulnerable,case_level,GET_delegates_to_POST,parameter,/xss-04/BenchmarkTest02408,BenchmarkTest02408,text/html;charset=UTF-8,base64_transform,cwe-79,not_identified,not_identified,true,DIRECT,FINAL_CONFIRMATORY_ELIGIBLE,,,not_applicable,current_marker_control_likely_sufficient,current_marker_control,current,,true,true,metadata_constructed,benchmark_case_id;source_file;java_class_name;servlet_route;vulnerability_label;expected_result;parameter,true,ox14-c000391,/external-v14/case-000391,input_000391,opaque_candidate_id;sanitized_action_path;method;sanitized_parameter_name;input_source;input_type;editable_input_count;required_input_count;parameter_count,benchmark_case_id;source_file;java_class_name;servlet_name;vulnerability_label;expected_result;ground_truth,,audited,parameter read through helper wrapper
BenchmarkTest02409,OWASP Benchmark Java,1.2,ba2e3f9a29fa3bde6a5c073d679393c9b94f025f,src\main\java\org\owasp\benchmark\testcode\BenchmarkTest02409.java,expectedresults-1.2.csv,xss,vulnerable,case_level,GET_delegates_to_POST,parameter,/xss-04/BenchmarkTest02409,BenchmarkTest02409,text/html;charset=UTF-8,none_identified,cwe-79,not_identified,not_identified,true,DIRECT,FINAL_CONFIRMATORY_ELIGIBLE,,,not_applicable,current_marker_control_likely_sufficient,current_marker_control,current,,true,true,metadata_constructed,benchmark_case_id;source_file;java_class_name;servlet_route;vulnerability_label;expected_result;parameter,true,ox14-c000392,/external-v14/case-000392,input_000392,opaque_candidate_id;sanitized_action_path;method;sanitized_parameter_name;input_source;input_type;editable_input_count;required_input_count;parameter_count,benchmark_case_id;source_file;java_class_name;servlet_name;vulnerability_label;expected_result;ground_truth,,audited,parameter read through helper wrapper
BenchmarkTest02410,OWASP Benchmark Java,1.2,ba2e3f9a29fa3bde6a5c073d679393c9b94f025f,src\main\java\org\owasp\benchmark\testcode\BenchmarkTest02410.java,expectedresults-1.2.csv,xss,vulnerable,case_level,GET_delegates_to_POST,parameter,/xss-04/BenchmarkTest02410,BenchmarkTest02410,text/html;charset=UTF-8,none_identified,cwe-79,not_identified,not_identified,true,DIRECT,FINAL_CONFIRMATORY_ELIGIBLE,,,not_applicable,current_marker_control_likely_sufficient,current_marker_control,current,,true,true,metadata_constructed,benchmark_case_id;source_file;java_class_name;servlet_route;vulnerability_label;expected_result;parameter,true,ox14-c000393,/external-v14/case-000393,input_000393,opaque_candidate_id;sanitized_action_path;method;sanitized_parameter_name;input_source;input_type;editable_input_count;required_input_count;parameter_count,benchmark_case_id;source_file;java_class_name;servlet_name;vulnerability_label;expected_result;ground_truth,,audited,parameter read through helper wrapper
BenchmarkTest02480,OWASP Benchmark Java,1.2,ba2e3f9a29fa3bde6a5c073d679393c9b94f025f,src\main\java\org\owasp\benchmark\testcode\BenchmarkTest02480.java,expectedresults-1.2.csv,xss,vulnerable,case_level,GET_delegates_to_POST,parameter,/xss-04/BenchmarkTest02480,BenchmarkTest02480,text/html;charset=UTF-8,none_identified,cwe-79,not_identified,not_identified,true,DIRECT,FINAL_CONFIRMATORY_ELIGIBLE,,,not_applicable,current_marker_control_likely_sufficient,current_marker_control,current,,true,true,metadata_constructed,benchmark_case_id;source_file;java_class_name;servlet_route;vulnerability_label;expected_result;parameter,true,ox14-c000394,/external-v14/case-000394,input_000394,opaque_candidate_id;sanitized_action_path;method;sanitized_parameter_name;input_source;input_type;editable_input_count;required_input_count;parameter_count,benchmark_case_id;source_file;java_class_name;servlet_name;vulnerability_label;expected_result;ground_truth,,audited,
BenchmarkTest02481,OWASP Benchmark Java,1.2,ba2e3f9a29fa3bde6a5c073d679393c9b94f025f,src\main\java\org\owasp\benchmark\testcode\BenchmarkTest02481.java,expectedresults-1.2.csv,xss,non_vulnerable,case_level,GET_delegates_to_POST,parameter,/xss-04/BenchmarkTest02481,BenchmarkTest02481,text/html;charset=UTF-8,none_identified,cwe-79,not_identified,not_identified,true,DIRECT,FINAL_CONFIRMATORY_ELIGIBLE,,,not_applicable,current_marker_control_likely_sufficient,current_marker_control,current,,true,true,metadata_constructed,benchmark_case_id;source_file;java_class_name;servlet_route;vulnerability_label;expected_result;parameter,true,ox14-c000395,/external-v14/case-000395,input_000395,opaque_candidate_id;sanitized_action_path;method;sanitized_parameter_name;input_source;input_type;editable_input_count;required_input_count;parameter_count,benchmark_case_id;source_file;java_class_name;servlet_name;vulnerability_label;expected_result;ground_truth,,audited,
BenchmarkTest02482,OWASP Benchmark Java,1.2,ba2e3f9a29fa3bde6a5c073d679393c9b94f025f,src\main\java\org\owasp\benchmark\testcode\BenchmarkTest02482.java,expectedresults-1.2.csv,xss,non_vulnerable,case_level,GET_delegates_to_POST,parameter,/xss-04/BenchmarkTest02482,BenchmarkTest02482,text/html;charset=UTF-8,none_identified,cwe-79,not_identified,not_identified,true,DIRECT,FINAL_CONFIRMATORY_ELIGIBLE,,,not_applicable,current_marker_control_likely_sufficient,current_marker_control,current,,true,true,metadata_constructed,benchmark_case_id;source_file;java_class_name;servlet_route;vulnerability_label;expected_result;parameter,true,ox14-c000396,/external-v14/case-000396,input_000396,opaque_candidate_id;sanitized_action_path;method;sanitized_parameter_name;input_source;input_type;editable_input_count;required_input_count;parameter_count,benchmark_case_id;source_file;java_class_name;servlet_name;vulnerability_label;expected_result;ground_truth,,audited,
BenchmarkTest02483,OWASP Benchmark Java,1.2,ba2e3f9a29fa3bde6a5c073d679393c9b94f025f,src\main\java\org\owasp\benchmark\testcode\BenchmarkTest02483.java,expectedresults-1.2.csv,xss,vulnerable,case_level,GET_delegates_to_POST,parameter,/xss-04/BenchmarkTest02483,BenchmarkTest02483,text/html;charset=UTF-8,none_identified,cwe-79,not_identified,not_identified,true,DIRECT,FINAL_CONFIRMATORY_ELIGIBLE,,,not_applicable,current_marker_control_likely_sufficient,current_marker_control,current,,true,true,metadata_constructed,benchmark_case_id;source_file;java_class_name;servlet_route;vulnerability_label;expected_result;parameter,true,ox14-c000397,/external-v14/case-000397,input_000397,opaque_candidate_id;sanitized_action_path;method;sanitized_parameter_name;input_source;input_type;editable_input_count;required_input_count;parameter_count,benchmark_case_id;source_file;java_class_name;servlet_name;vulnerability_label;expected_result;ground_truth,,audited,
BenchmarkTest02484,OWASP Benchmark Java,1.2,ba2e3f9a29fa3bde6a5c073d679393c9b94f025f,src\main\java\org\owasp\benchmark\testcode\BenchmarkTest02484.java,expectedresults-1.2.csv,xss,non_vulnerable,case_level,GET_delegates_to_POST,parameter,/xss-04/BenchmarkTest02484,BenchmarkTest02484,text/html;charset=UTF-8,none_identified,cwe-79,not_identified,not_identified,true,DIRECT,FINAL_CONFIRMATORY_ELIGIBLE,,,not_applicable,current_marker_control_likely_sufficient,current_marker_control,current,,true,true,metadata_constructed,benchmark_case_id;source_file;java_class_name;servlet_route;vulnerability_label;expected_result;parameter,true,ox14-c000398,/external-v14/case-000398,input_000398,opaque_candidate_id;sanitized_action_path;method;sanitized_parameter_name;input_source;input_type;editable_input_count;required_input_count;parameter_count,benchmark_case_id;source_file;java_class_name;servlet_name;vulnerability_label;expected_result;ground_truth,,audited,
BenchmarkTest02485,OWASP Benchmark Java,1.2,ba2e3f9a29fa3bde6a5c073d679393c9b94f025f,src\main\java\org\owasp\benchmark\testcode\BenchmarkTest02485.java,expectedresults-1.2.csv,xss,non_vulnerable,case_level,GET_delegates_to_POST,parameter,/xss-04/BenchmarkTest02485,BenchmarkTest02485,text/html;charset=UTF-8,none_identified,cwe-79,not_identified,not_identified,true,DIRECT,FINAL_CONFIRMATORY_ELIGIBLE,,,not_applicable,current_marker_control_likely_sufficient,current_marker_control,current,,true,true,metadata_constructed,benchmark_case_id;source_file;java_class_name;servlet_route;vulnerability_label;expected_result;parameter,true,ox14-c000399,/external-v14/case-000399,input_000399,opaque_candidate_id;sanitized_action_path;method;sanitized_parameter_name;input_source;input_type;editable_input_count;required_input_count;parameter_count,benchmark_case_id;source_file;java_class_name;servlet_name;vulnerability_label;expected_result;ground_truth,,audited,
BenchmarkTest02486,OWASP Benchmark Java,1.2,ba2e3f9a29fa3bde6a5c073d679393c9b94f025f,src\main\java\org\owasp\benchmark\testcode\BenchmarkTest02486.java,expectedresults-1.2.csv,xss,vulnerable,case_level,GET_delegates_to_POST,parameter,/xss-04/BenchmarkTest02486,BenchmarkTest02486,text/html;charset=UTF-8,none_identified,cwe-79,not_identified,not_identified,true,DIRECT,FINAL_CONFIRMATORY_ELIGIBLE,,,not_applicable,current_marker_control_likely_sufficient,current_marker_control,current,,true,true,metadata_constructed,benchmark_case_id;source_file;java_class_name;servlet_route;vulnerability_label;expected_result;parameter,true,ox14-c000400,/external-v14/case-000400,input_000400,opaque_candidate_id;sanitized_action_path;method;sanitized_parameter_name;input_source;input_type;editable_input_count;required_input_count;parameter_count,benchmark_case_id;source_file;java_class_name;servlet_name;vulnerability_label;expected_result;ground_truth,,audited,
BenchmarkTest02487,OWASP Benchmark Java,1.2,ba2e3f9a29fa3bde6a5c073d679393c9b94f025f,src\main\java\org\owasp\benchmark\testcode\BenchmarkTest02487.java,expectedresults-1.2.csv,xss,vulnerable,case_level,GET_delegates_to_POST,parameter,/xss-05/BenchmarkTest02487,BenchmarkTest02487,text/html;charset=UTF-8,none_identified,cwe-79,not_identified,not_identified,true,DIRECT,FINAL_CONFIRMATORY_ELIGIBLE,,,not_applicable,current_marker_control_likely_sufficient,current_marker_control,current,,true,true,metadata_constructed,benchmark_case_id;source_file;java_class_name;servlet_route;vulnerability_label;expected_result;parameter,true,ox14-c000401,/external-v14/case-000401,input_000401,opaque_candidate_id;sanitized_action_path;method;sanitized_parameter_name;input_source;input_type;editable_input_count;required_input_count;parameter_count,benchmark_case_id;source_file;java_class_name;servlet_name;vulnerability_label;expected_result;ground_truth,,audited,
BenchmarkTest02488,OWASP Benchmark Java,1.2,ba2e3f9a29fa3bde6a5c073d679393c9b94f025f,src\main\java\org\owasp\benchmark\testcode\BenchmarkTest02488.java,expectedresults-1.2.csv,xss,non_vulnerable,case_level,GET_delegates_to_POST,parameter,/xss-05/BenchmarkTest02488,BenchmarkTest02488,text/html;charset=UTF-8,html_encoding;string_escape_utils,cwe-79,not_identified,not_identified,true,DIRECT,FINAL_CONFIRMATORY_ELIGIBLE,,,not_applicable,current_marker_control_likely_sufficient,current_marker_control,current,,true,true,metadata_constructed,benchmark_case_id;source_file;java_class_name;servlet_route;vulnerability_label;expected_result;parameter,true,ox14-c000402,/external-v14/case-000402,input_000402,opaque_candidate_id;sanitized_action_path;method;sanitized_parameter_name;input_source;input_type;editable_input_count;required_input_count;parameter_count,benchmark_case_id;source_file;java_class_name;servlet_name;vulnerability_label;expected_result;ground_truth,,audited,
BenchmarkTest02489,OWASP Benchmark Java,1.2,ba2e3f9a29fa3bde6a5c073d679393c9b94f025f,src\main\java\org\owasp\benchmark\testcode\BenchmarkTest02489.java,expectedresults-1.2.csv,xss,vulnerable,case_level,GET_delegates_to_POST,parameter,/xss-05/BenchmarkTest02489,BenchmarkTest02489,text/html;charset=UTF-8,none_identified,cwe-79,not_identified,not_identified,true,DIRECT,FINAL_CONFIRMATORY_ELIGIBLE,,,not_applicable,current_marker_control_likely_sufficient,current_marker_control,current,,true,true,metadata_constructed,benchmark_case_id;source_file;java_class_name;servlet_route;vulnerability_label;expected_result;parameter,true,ox14-c000403,/external-v14/case-000403,input_000403,opaque_candidate_id;sanitized_action_path;method;sanitized_parameter_name;input_source;input_type;editable_input_count;required_input_count;parameter_count,benchmark_case_id;source_file;java_class_name;servlet_name;vulnerability_label;expected_result;ground_truth,,audited,
BenchmarkTest02490,OWASP Benchmark Java,1.2,ba2e3f9a29fa3bde6a5c073d679393c9b94f025f,src\main\java\org\owasp\benchmark\testcode\BenchmarkTest02490.java,expectedresults-1.2.csv,xss,non_vulnerable,case_level,GET_delegates_to_POST,parameter,/xss-05/BenchmarkTest02490,BenchmarkTest02490,text/html;charset=UTF-8,base64_transform,cwe-79,not_identified,not_identified,true,DIRECT,FINAL_CONFIRMATORY_ELIGIBLE,,,not_applicable,current_marker_control_likely_sufficient,current_marker_control,current,,true,true,metadata_constructed,benchmark_case_id;source_file;java_class_name;servlet_route;vulnerability_label;expected_result;parameter,true,ox14-c000404,/external-v14/case-000404,input_000404,opaque_candidate_id;sanitized_action_path;method;sanitized_parameter_name;input_source;input_type;editable_input_count;required_input_count;parameter_count,benchmark_case_id;source_file;java_class_name;servlet_name;vulnerability_label;expected_result;ground_truth,,audited,
BenchmarkTest02491,OWASP Benchmark Java,1.2,ba2e3f9a29fa3bde6a5c073d679393c9b94f025f,src\main\java\org\owasp\benchmark\testcode\BenchmarkTest02491.java,expectedresults-1.2.csv,xss,non_vulnerable,case_level,GET_delegates_to_POST,parameter,/xss-05/BenchmarkTest02491,BenchmarkTest02491,text/html;charset=UTF-8,base64_transform,cwe-79,not_identified,not_identified,true,DIRECT,FINAL_CONFIRMATORY_ELIGIBLE,,,not_applicable,current_marker_control_likely_sufficient,current_marker_control,current,,true,true,metadata_constructed,benchmark_case_id;source_file;java_class_name;servlet_route;vulnerability_label;expected_result;parameter,true,ox14-c000405,/external-v14/case-000405,input_000405,opaque_candidate_id;sanitized_action_path;method;sanitized_parameter_name;input_source;input_type;editable_input_count;required_input_count;parameter_count,benchmark_case_id;source_file;java_class_name;servlet_name;vulnerability_label;expected_result;ground_truth,,audited,
BenchmarkTest02492,OWASP Benchmark Java,1.2,ba2e3f9a29fa3bde6a5c073d679393c9b94f025f,src\main\java\org\owasp\benchmark\testcode\BenchmarkTest02492.java,expectedresults-1.2.csv,xss,non_vulnerable,case_level,GET_delegates_to_POST,parameter,/xss-05/BenchmarkTest02492,BenchmarkTest02492,text/html;charset=UTF-8,html_encoding,cwe-79,not_identified,not_identified,true,DIRECT,FINAL_CONFIRMATORY_ELIGIBLE,,,not_applicable,current_marker_control_likely_sufficient,current_marker_control,current,,true,true,metadata_constructed,benchmark_case_id;source_file;java_class_name;servlet_route;vulnerability_label;expected_result;parameter,true,ox14-c000406,/external-v14/case-000406,input_000406,opaque_candidate_id;sanitized_action_path;method;sanitized_parameter_name;input_source;input_type;editable_input_count;required_input_count;parameter_count,benchmark_case_id;source_file;java_class_name;servlet_name;vulnerability_label;expected_result;ground_truth,,audited,
BenchmarkTest02493,OWASP Benchmark Java,1.2,ba2e3f9a29fa3bde6a5c073d679393c9b94f025f,src\main\java\org\owasp\benchmark\testcode\BenchmarkTest02493.java,expectedresults-1.2.csv,xss,vulnerable,case_level,GET_delegates_to_POST,parameter,/xss-05/BenchmarkTest02493,BenchmarkTest02493,text/html;charset=UTF-8,none_identified,cwe-79,not_identified,not_identified,true,DIRECT,FINAL_CONFIRMATORY_ELIGIBLE,,,not_applicable,current_marker_control_likely_sufficient,current_marker_control,current,,true,true,metadata_constructed,benchmark_case_id;source_file;java_class_name;servlet_route;vulnerability_label;expected_result;parameter,true,ox14-c000407,/external-v14/case-000407,input_000407,opaque_candidate_id;sanitized_action_path;method;sanitized_parameter_name;input_source;input_type;editable_input_count;required_input_count;parameter_count,benchmark_case_id;source_file;java_class_name;servlet_name;vulnerability_label;expected_result;ground_truth,,audited,
BenchmarkTest02494,OWASP Benchmark Java,1.2,ba2e3f9a29fa3bde6a5c073d679393c9b94f025f,src\main\java\org\owasp\benchmark\testcode\BenchmarkTest02494.java,expectedresults-1.2.csv,xss,vulnerable,case_level,GET_delegates_to_POST,parameter,/xss-05/BenchmarkTest02494,BenchmarkTest02494,text/html;charset=UTF-8,none_identified,cwe-79,not_identified,not_identified,true,DIRECT,FINAL_CONFIRMATORY_ELIGIBLE,,,not_applicable,current_marker_control_likely_sufficient,current_marker_control,current,,true,true,metadata_constructed,benchmark_case_id;source_file;java_class_name;servlet_route;vulnerability_label;expected_result;parameter,true,ox14-c000408,/external-v14/case-000408,input_000408,opaque_candidate_id;sanitized_action_path;method;sanitized_parameter_name;input_source;input_type;editable_input_count;required_input_count;parameter_count,benchmark_case_id;source_file;java_class_name;servlet_name;vulnerability_label;expected_result;ground_truth,,audited,
BenchmarkTest02495,OWASP Benchmark Java,1.2,ba2e3f9a29fa3bde6a5c073d679393c9b94f025f,src\main\java\org\owasp\benchmark\testcode\BenchmarkTest02495.java,expectedresults-1.2.csv,xss,non_vulnerable,case_level,GET_delegates_to_POST,parameter,/xss-05/BenchmarkTest02495,BenchmarkTest02495,text/html;charset=UTF-8,none_identified,cwe-79,not_identified,not_identified,true,DIRECT,FINAL_CONFIRMATORY_ELIGIBLE,,,not_applicable,current_marker_control_likely_sufficient,current_marker_control,current,,true,true,metadata_constructed,benchmark_case_id;source_file;java_class_name;servlet_route;vulnerability_label;expected_result;parameter,true,ox14-c000409,/external-v14/case-000409,input_000409,opaque_candidate_id;sanitized_action_path;method;sanitized_parameter_name;input_source;input_type;editable_input_count;required_input_count;parameter_count,benchmark_case_id;source_file;java_class_name;servlet_name;vulnerability_label;expected_result;ground_truth,,audited,
BenchmarkTest02509,OWASP Benchmark Java,1.2,ba2e3f9a29fa3bde6a5c073d679393c9b94f025f,src\main\java\org\owasp\benchmark\testcode\BenchmarkTest02509.java,expectedresults-1.2.csv,xss,non_vulnerable,case_level,GET_delegates_to_POST,parameter,/xss-05/BenchmarkTest02509,BenchmarkTest02509,text/html;charset=UTF-8,none_identified,cwe-79,not_identified,not_identified,true,DIRECT,FINAL_CONFIRMATORY_ELIGIBLE,,,not_applicable,current_marker_control_likely_sufficient,current_marker_control,current,,true,true,metadata_constructed,benchmark_case_id;source_file;java_class_name;servlet_route;vulnerability_label;expected_result;parameter,true,ox14-c000410,/external-v14/case-000410,input_000410,opaque_candidate_id;sanitized_action_path;method;sanitized_parameter_name;input_source;input_type;editable_input_count;required_input_count;parameter_count,benchmark_case_id;source_file;java_class_name;servlet_name;vulnerability_label;expected_result;ground_truth,,audited,
BenchmarkTest02578,OWASP Benchmark Java,1.2,ba2e3f9a29fa3bde6a5c073d679393c9b94f025f,src\main\java\org\owasp\benchmark\testcode\BenchmarkTest02578.java,expectedresults-1.2.csv,xss,vulnerable,case_level,GET_delegates_to_POST,query_string,/xss-05/BenchmarkTest02578,BenchmarkTest02578,text/html;charset=UTF-8,url_decode,cwe-79,not_identified,not_identified,true,DIRECT,FINAL_CONFIRMATORY_ELIGIBLE,,,not_applicable,current_marker_control_likely_sufficient,current_marker_control,current,,true,true,metadata_constructed,benchmark_case_id;source_file;java_class_name;servlet_route;vulnerability_label;expected_result;parameter,true,ox14-c000411,/external-v14/case-000411,input_000411,opaque_candidate_id;sanitized_action_path;method;sanitized_parameter_name;input_source;input_type;editable_input_count;required_input_count;parameter_count,benchmark_case_id;source_file;java_class_name;servlet_name;vulnerability_label;expected_result;ground_truth,,audited,query string parsed manually for benchmark parameter
BenchmarkTest02579,OWASP Benchmark Java,1.2,ba2e3f9a29fa3bde6a5c073d679393c9b94f025f,src\main\java\org\owasp\benchmark\testcode\BenchmarkTest02579.java,expectedresults-1.2.csv,xss,vulnerable,case_level,GET_delegates_to_POST,query_string,/xss-05/BenchmarkTest02579,BenchmarkTest02579,text/html;charset=UTF-8,url_decode,cwe-79,not_identified,not_identified,true,DIRECT,FINAL_CONFIRMATORY_ELIGIBLE,,,not_applicable,current_marker_control_likely_sufficient,current_marker_control,current,,true,true,metadata_constructed,benchmark_case_id;source_file;java_class_name;servlet_route;vulnerability_label;expected_result;parameter,true,ox14-c000412,/external-v14/case-000412,input_000412,opaque_candidate_id;sanitized_action_path;method;sanitized_parameter_name;input_source;input_type;editable_input_count;required_input_count;parameter_count,benchmark_case_id;source_file;java_class_name;servlet_name;vulnerability_label;expected_result;ground_truth,,audited,query string parsed manually for benchmark parameter
BenchmarkTest02580,OWASP Benchmark Java,1.2,ba2e3f9a29fa3bde6a5c073d679393c9b94f025f,src\main\java\org\owasp\benchmark\testcode\BenchmarkTest02580.java,expectedresults-1.2.csv,xss,vulnerable,case_level,GET_delegates_to_POST,query_string,/xss-05/BenchmarkTest02580,BenchmarkTest02580,text/html;charset=UTF-8,url_decode,cwe-79,not_identified,not_identified,true,DIRECT,FINAL_CONFIRMATORY_ELIGIBLE,,,not_applicable,current_marker_control_likely_sufficient,current_marker_control,current,,true,true,metadata_constructed,benchmark_case_id;source_file;java_class_name;servlet_route;vulnerability_label;expected_result;parameter,true,ox14-c000413,/external-v14/case-000413,input_000413,opaque_candidate_id;sanitized_action_path;method;sanitized_parameter_name;input_source;input_type;editable_input_count;required_input_count;parameter_count,benchmark_case_id;source_file;java_class_name;servlet_name;vulnerability_label;expected_result;ground_truth,,audited,query string parsed manually for benchmark parameter
BenchmarkTest02581,OWASP Benchmark Java,1.2,ba2e3f9a29fa3bde6a5c073d679393c9b94f025f,src\main\java\org\owasp\benchmark\testcode\BenchmarkTest02581.java,expectedresults-1.2.csv,xss,non_vulnerable,case_level,GET_delegates_to_POST,query_string,/xss-05/BenchmarkTest02581,BenchmarkTest02581,text/html;charset=UTF-8,url_decode;html_encoding;string_escape_utils,cwe-79,not_identified,not_identified,true,DIRECT,FINAL_CONFIRMATORY_ELIGIBLE,,,not_applicable,current_marker_control_likely_sufficient,current_marker_control,current,,true,true,metadata_constructed,benchmark_case_id;source_file;java_class_name;servlet_route;vulnerability_label;expected_result;parameter,true,ox14-c000414,/external-v14/case-000414,input_000414,opaque_candidate_id;sanitized_action_path;method;sanitized_parameter_name;input_source;input_type;editable_input_count;required_input_count;parameter_count,benchmark_case_id;source_file;java_class_name;servlet_name;vulnerability_label;expected_result;ground_truth,,audited,query string parsed manually for benchmark parameter
BenchmarkTest02582,OWASP Benchmark Java,1.2,ba2e3f9a29fa3bde6a5c073d679393c9b94f025f,src\main\java\org\owasp\benchmark\testcode\BenchmarkTest02582.java,expectedresults-1.2.csv,xss,vulnerable,case_level,GET_delegates_to_POST,query_string,/xss-05/BenchmarkTest02582,BenchmarkTest02582,text/html;charset=UTF-8,url_decode,cwe-79,not_identified,not_identified,true,DIRECT,FINAL_CONFIRMATORY_ELIGIBLE,,,not_applicable,current_marker_control_likely_sufficient,current_marker_control,current,,true,true,metadata_constructed,benchmark_case_id;source_file;java_class_name;servlet_route;vulnerability_label;expected_result;parameter,true,ox14-c000415,/external-v14/case-000415,input_000415,opaque_candidate_id;sanitized_action_path;method;sanitized_parameter_name;input_source;input_type;editable_input_count;required_input_count;parameter_count,benchmark_case_id;source_file;java_class_name;servlet_name;vulnerability_label;expected_result;ground_truth,,audited,query string parsed manually for benchmark parameter
BenchmarkTest02583,OWASP Benchmark Java,1.2,ba2e3f9a29fa3bde6a5c073d679393c9b94f025f,src\main\java\org\owasp\benchmark\testcode\BenchmarkTest02583.java,expectedresults-1.2.csv,xss,vulnerable,case_level,GET_delegates_to_POST,query_string,/xss-05/BenchmarkTest02583,BenchmarkTest02583,text/html;charset=UTF-8,url_decode,cwe-79,not_identified,not_identified,true,DIRECT,FINAL_CONFIRMATORY_ELIGIBLE,,,not_applicable,current_marker_control_likely_sufficient,current_marker_control,current,,true,true,metadata_constructed,benchmark_case_id;source_file;java_class_name;servlet_route;vulnerability_label;expected_result;parameter,true,ox14-c000416,/external-v14/case-000416,input_000416,opaque_candidate_id;sanitized_action_path;method;sanitized_parameter_name;input_source;input_type;editable_input_count;required_input_count;parameter_count,benchmark_case_id;source_file;java_class_name;servlet_name;vulnerability_label;expected_result;ground_truth,,audited,query string parsed manually for benchmark parameter
BenchmarkTest02584,OWASP Benchmark Java,1.2,ba2e3f9a29fa3bde6a5c073d679393c9b94f025f,src\main\java\org\owasp\benchmark\testcode\BenchmarkTest02584.java,expectedresults-1.2.csv,xss,vulnerable,case_level,GET_delegates_to_POST,query_string,/xss-05/BenchmarkTest02584,BenchmarkTest02584,text/html;charset=UTF-8,url_decode,cwe-79,not_identified,not_identified,true,DIRECT,FINAL_CONFIRMATORY_ELIGIBLE,,,not_applicable,current_marker_control_likely_sufficient,current_marker_control,current,,true,true,metadata_constructed,benchmark_case_id;source_file;java_class_name;servlet_route;vulnerability_label;expected_result;parameter,true,ox14-c000417,/external-v14/case-000417,input_000417,opaque_candidate_id;sanitized_action_path;method;sanitized_parameter_name;input_source;input_type;editable_input_count;required_input_count;parameter_count,benchmark_case_id;source_file;java_class_name;servlet_name;vulnerability_label;expected_result;ground_truth,,audited,query string parsed manually for benchmark parameter
BenchmarkTest02585,OWASP Benchmark Java,1.2,ba2e3f9a29fa3bde6a5c073d679393c9b94f025f,src\main\java\org\owasp\benchmark\testcode\BenchmarkTest02585.java,expectedresults-1.2.csv,xss,vulnerable,case_level,GET_delegates_to_POST,query_string,/xss-05/BenchmarkTest02585,BenchmarkTest02585,text/html;charset=UTF-8,url_decode,cwe-79,not_identified,not_identified,true,DIRECT,FINAL_CONFIRMATORY_ELIGIBLE,,,not_applicable,current_marker_control_likely_sufficient,current_marker_control,current,,true,true,metadata_constructed,benchmark_case_id;source_file;java_class_name;servlet_route;vulnerability_label;expected_result;parameter,true,ox14-c000418,/external-v14/case-000418,input_000418,opaque_candidate_id;sanitized_action_path;method;sanitized_parameter_name;input_source;input_type;editable_input_count;required_input_count;parameter_count,benchmark_case_id;source_file;java_class_name;servlet_name;vulnerability_label;expected_result;ground_truth,,audited,query string parsed manually for benchmark parameter
BenchmarkTest02586,OWASP Benchmark Java,1.2,ba2e3f9a29fa3bde6a5c073d679393c9b94f025f,src\main\java\org\owasp\benchmark\testcode\BenchmarkTest02586.java,expectedresults-1.2.csv,xss,vulnerable,case_level,GET_delegates_to_POST,query_string,/xss-05/BenchmarkTest02586,BenchmarkTest02586,text/html;charset=UTF-8,url_decode,cwe-79,not_identified,not_identified,true,DIRECT,FINAL_CONFIRMATORY_ELIGIBLE,,,not_applicable,current_marker_control_likely_sufficient,current_marker_control,current,,true,true,metadata_constructed,benchmark_case_id;source_file;java_class_name;servlet_route;vulnerability_label;expected_result;parameter,true,ox14-c000419,/external-v14/case-000419,input_000419,opaque_candidate_id;sanitized_action_path;method;sanitized_parameter_name;input_source;input_type;editable_input_count;required_input_count;parameter_count,benchmark_case_id;source_file;java_class_name;servlet_name;vulnerability_label;expected_result;ground_truth,,audited,query string parsed manually for benchmark parameter
BenchmarkTest02587,OWASP Benchmark Java,1.2,ba2e3f9a29fa3bde6a5c073d679393c9b94f025f,src\main\java\org\owasp\benchmark\testcode\BenchmarkTest02587.java,expectedresults-1.2.csv,xss,vulnerable,case_level,GET_delegates_to_POST,query_string,/xss-05/BenchmarkTest02587,BenchmarkTest02587,text/html;charset=UTF-8,url_decode;base64_transform,cwe-79,not_identified,not_identified,true,DIRECT,FINAL_CONFIRMATORY_ELIGIBLE,,,not_applicable,current_marker_control_likely_sufficient,current_marker_control,current,,true,true,metadata_constructed,benchmark_case_id;source_file;java_class_name;servlet_route;vulnerability_label;expected_result;parameter,true,ox14-c000420,/external-v14/case-000420,input_000420,opaque_candidate_id;sanitized_action_path;method;sanitized_parameter_name;input_source;input_type;editable_input_count;required_input_count;parameter_count,benchmark_case_id;source_file;java_class_name;servlet_name;vulnerability_label;expected_result;ground_truth,,audited,query string parsed manually for benchmark parameter
BenchmarkTest02588,OWASP Benchmark Java,1.2,ba2e3f9a29fa3bde6a5c073d679393c9b94f025f,src\main\java\org\owasp\benchmark\testcode\BenchmarkTest02588.java,expectedresults-1.2.csv,xss,vulnerable,case_level,GET_delegates_to_POST,query_string,/xss-05/BenchmarkTest02588,BenchmarkTest02588,text/html;charset=UTF-8,url_decode;base64_transform,cwe-79,not_identified,not_identified,true,DIRECT,FINAL_CONFIRMATORY_ELIGIBLE,,,not_applicable,current_marker_control_likely_sufficient,current_marker_control,current,,true,true,metadata_constructed,benchmark_case_id;source_file;java_class_name;servlet_route;vulnerability_label;expected_result;parameter,true,ox14-c000421,/external-v14/case-000421,input_000421,opaque_candidate_id;sanitized_action_path;method;sanitized_parameter_name;input_source;input_type;editable_input_count;required_input_count;parameter_count,benchmark_case_id;source_file;java_class_name;servlet_name;vulnerability_label;expected_result;ground_truth,,audited,query string parsed manually for benchmark parameter
BenchmarkTest02589,OWASP Benchmark Java,1.2,ba2e3f9a29fa3bde6a5c073d679393c9b94f025f,src\main\java\org\owasp\benchmark\testcode\BenchmarkTest02589.java,expectedresults-1.2.csv,xss,non_vulnerable,case_level,GET_delegates_to_POST,query_string,/xss-05/BenchmarkTest02589,BenchmarkTest02589,text/html;charset=UTF-8,url_decode,cwe-79,not_identified,not_identified,true,DIRECT,FINAL_CONFIRMATORY_ELIGIBLE,,,not_applicable,current_marker_control_likely_sufficient,current_marker_control,current,,true,true,metadata_constructed,benchmark_case_id;source_file;java_class_name;servlet_route;vulnerability_label;expected_result;parameter,true,ox14-c000422,/external-v14/case-000422,input_000422,opaque_candidate_id;sanitized_action_path;method;sanitized_parameter_name;input_source;input_type;editable_input_count;required_input_count;parameter_count,benchmark_case_id;source_file;java_class_name;servlet_name;vulnerability_label;expected_result;ground_truth,,audited,query string parsed manually for benchmark parameter
BenchmarkTest02590,OWASP Benchmark Java,1.2,ba2e3f9a29fa3bde6a5c073d679393c9b94f025f,src\main\java\org\owasp\benchmark\testcode\BenchmarkTest02590.java,expectedresults-1.2.csv,xss,non_vulnerable,case_level,GET_delegates_to_POST,query_string,/xss-05/BenchmarkTest02590,BenchmarkTest02590,text/html;charset=UTF-8,url_decode,cwe-79,not_identified,not_identified,true,DIRECT,FINAL_CONFIRMATORY_ELIGIBLE,,,not_applicable,current_marker_control_likely_sufficient,current_marker_control,current,,true,true,metadata_constructed,benchmark_case_id;source_file;java_class_name;servlet_route;vulnerability_label;expected_result;parameter,true,ox14-c000423,/external-v14/case-000423,input_000423,opaque_candidate_id;sanitized_action_path;method;sanitized_parameter_name;input_source;input_type;editable_input_count;required_input_count;parameter_count,benchmark_case_id;source_file;java_class_name;servlet_name;vulnerability_label;expected_result;ground_truth,,audited,query string parsed manually for benchmark parameter
BenchmarkTest02591,OWASP Benchmark Java,1.2,ba2e3f9a29fa3bde6a5c073d679393c9b94f025f,src\main\java\org\owasp\benchmark\testcode\BenchmarkTest02591.java,expectedresults-1.2.csv,xss,vulnerable,case_level,GET_delegates_to_POST,query_string,/xss-05/BenchmarkTest02591,BenchmarkTest02591,text/html;charset=UTF-8,url_decode,cwe-79,not_identified,not_identified,true,DIRECT,FINAL_CONFIRMATORY_ELIGIBLE,,,not_applicable,current_marker_control_likely_sufficient,current_marker_control,current,,true,true,metadata_constructed,benchmark_case_id;source_file;java_class_name;servlet_route;vulnerability_label;expected_result;parameter,true,ox14-c000424,/external-v14/case-000424,input_000424,opaque_candidate_id;sanitized_action_path;method;sanitized_parameter_name;input_source;input_type;editable_input_count;required_input_count;parameter_count,benchmark_case_id;source_file;java_class_name;servlet_name;vulnerability_label;expected_result;ground_truth,,audited,query string parsed manually for benchmark parameter
BenchmarkTest02592,OWASP Benchmark Java,1.2,ba2e3f9a29fa3bde6a5c073d679393c9b94f025f,src\main\java\org\owasp\benchmark\testcode\BenchmarkTest02592.java,expectedresults-1.2.csv,xss,vulnerable,case_level,GET_delegates_to_POST,query_string,/xss-05/BenchmarkTest02592,BenchmarkTest02592,text/html;charset=UTF-8,url_decode,cwe-79,not_identified,not_identified,true,DIRECT,FINAL_CONFIRMATORY_ELIGIBLE,,,not_applicable,current_marker_control_likely_sufficient,current_marker_control,current,,true,true,metadata_constructed,benchmark_case_id;source_file;java_class_name;servlet_route;vulnerability_label;expected_result;parameter,true,ox14-c000425,/external-v14/case-000425,input_000425,opaque_candidate_id;sanitized_action_path;method;sanitized_parameter_name;input_source;input_type;editable_input_count;required_input_count;parameter_count,benchmark_case_id;source_file;java_class_name;servlet_name;vulnerability_label;expected_result;ground_truth,,audited,query string parsed manually for benchmark parameter
BenchmarkTest02593,OWASP Benchmark Java,1.2,ba2e3f9a29fa3bde6a5c073d679393c9b94f025f,src\main\java\org\owasp\benchmark\testcode\BenchmarkTest02593.java,expectedresults-1.2.csv,xss,non_vulnerable,case_level,GET_delegates_to_POST,query_string,/xss-05/BenchmarkTest02593,BenchmarkTest02593,text/html;charset=UTF-8,url_decode,cwe-79,not_identified,not_identified,true,DIRECT,FINAL_CONFIRMATORY_ELIGIBLE,,,not_applicable,current_marker_control_likely_sufficient,current_marker_control,current,,true,true,metadata_constructed,benchmark_case_id;source_file;java_class_name;servlet_route;vulnerability_label;expected_result;parameter,true,ox14-c000426,/external-v14/case-000426,input_000426,opaque_candidate_id;sanitized_action_path;method;sanitized_parameter_name;input_source;input_type;editable_input_count;required_input_count;parameter_count,benchmark_case_id;source_file;java_class_name;servlet_name;vulnerability_label;expected_result;ground_truth,,audited,query string parsed manually for benchmark parameter
BenchmarkTest02594,OWASP Benchmark Java,1.2,ba2e3f9a29fa3bde6a5c073d679393c9b94f025f,src\main\java\org\owasp\benchmark\testcode\BenchmarkTest02594.java,expectedresults-1.2.csv,xss,non_vulnerable,case_level,GET_delegates_to_POST,query_string,/xss-05/BenchmarkTest02594,BenchmarkTest02594,text/html;charset=UTF-8,url_decode,cwe-79,not_identified,not_identified,true,DIRECT,FINAL_CONFIRMATORY_ELIGIBLE,,,not_applicable,current_marker_control_likely_sufficient,current_marker_control,current,,true,true,metadata_constructed,benchmark_case_id;source_file;java_class_name;servlet_route;vulnerability_label;expected_result;parameter,true,ox14-c000427,/external-v14/case-000427,input_000427,opaque_candidate_id;sanitized_action_path;method;sanitized_parameter_name;input_source;input_type;editable_input_count;required_input_count;parameter_count,benchmark_case_id;source_file;java_class_name;servlet_name;vulnerability_label;expected_result;ground_truth,,audited,query string parsed manually for benchmark parameter
BenchmarkTest02595,OWASP Benchmark Java,1.2,ba2e3f9a29fa3bde6a5c073d679393c9b94f025f,src\main\java\org\owasp\benchmark\testcode\BenchmarkTest02595.java,expectedresults-1.2.csv,xss,vulnerable,case_level,GET_delegates_to_POST,query_string,/xss-05/BenchmarkTest02595,BenchmarkTest02595,text/html;charset=UTF-8,url_decode,cwe-79,not_identified,not_identified,true,DIRECT,FINAL_CONFIRMATORY_ELIGIBLE,,,not_applicable,current_marker_control_likely_sufficient,current_marker_control,current,,true,true,metadata_constructed,benchmark_case_id;source_file;java_class_name;servlet_route;vulnerability_label;expected_result;parameter,true,ox14-c000428,/external-v14/case-000428,input_000428,opaque_candidate_id;sanitized_action_path;method;sanitized_parameter_name;input_source;input_type;editable_input_count;required_input_count;parameter_count,benchmark_case_id;source_file;java_class_name;servlet_name;vulnerability_label;expected_result;ground_truth,,audited,query string parsed manually for benchmark parameter
BenchmarkTest02596,OWASP Benchmark Java,1.2,ba2e3f9a29fa3bde6a5c073d679393c9b94f025f,src\main\java\org\owasp\benchmark\testcode\BenchmarkTest02596.java,expectedresults-1.2.csv,xss,non_vulnerable,case_level,GET_delegates_to_POST,query_string,/xss-05/BenchmarkTest02596,BenchmarkTest02596,text/html;charset=UTF-8,url_decode;html_encoding,cwe-79,not_identified,not_identified,true,DIRECT,FINAL_CONFIRMATORY_ELIGIBLE,,,not_applicable,current_marker_control_likely_sufficient,current_marker_control,current,,true,true,metadata_constructed,benchmark_case_id;source_file;java_class_name;servlet_route;vulnerability_label;expected_result;parameter,true,ox14-c000429,/external-v14/case-000429,input_000429,opaque_candidate_id;sanitized_action_path;method;sanitized_parameter_name;input_source;input_type;editable_input_count;required_input_count;parameter_count,benchmark_case_id;source_file;java_class_name;servlet_name;vulnerability_label;expected_result;ground_truth,,audited,query string parsed manually for benchmark parameter
BenchmarkTest02597,OWASP Benchmark Java,1.2,ba2e3f9a29fa3bde6a5c073d679393c9b94f025f,src\main\java\org\owasp\benchmark\testcode\BenchmarkTest02597.java,expectedresults-1.2.csv,xss,vulnerable,case_level,GET_delegates_to_POST,query_string,/xss-05/BenchmarkTest02597,BenchmarkTest02597,text/html;charset=UTF-8,url_decode,cwe-79,not_identified,not_identified,true,DIRECT,FINAL_CONFIRMATORY_ELIGIBLE,,,not_applicable,current_marker_control_likely_sufficient,current_marker_control,current,,true,true,metadata_constructed,benchmark_case_id;source_file;java_class_name;servlet_route;vulnerability_label;expected_result;parameter,true,ox14-c000430,/external-v14/case-000430,input_000430,opaque_candidate_id;sanitized_action_path;method;sanitized_parameter_name;input_source;input_type;editable_input_count;required_input_count;parameter_count,benchmark_case_id;source_file;java_class_name;servlet_name;vulnerability_label;expected_result;ground_truth,,audited,query string parsed manually for benchmark parameter
BenchmarkTest02598,OWASP Benchmark Java,1.2,ba2e3f9a29fa3bde6a5c073d679393c9b94f025f,src\main\java\org\owasp\benchmark\testcode\BenchmarkTest02598.java,expectedresults-1.2.csv,xss,vulnerable,case_level,GET_delegates_to_POST,query_string,/xss-05/BenchmarkTest02598,BenchmarkTest02598,text/html;charset=UTF-8,url_decode,cwe-79,not_identified,not_identified,true,DIRECT,FINAL_CONFIRMATORY_ELIGIBLE,,,not_applicable,current_marker_control_likely_sufficient,current_marker_control,current,,true,true,metadata_constructed,benchmark_case_id;source_file;java_class_name;servlet_route;vulnerability_label;expected_result;parameter,true,ox14-c000431,/external-v14/case-000431,input_000431,opaque_candidate_id;sanitized_action_path;method;sanitized_parameter_name;input_source;input_type;editable_input_count;required_input_count;parameter_count,benchmark_case_id;source_file;java_class_name;servlet_name;vulnerability_label;expected_result;ground_truth,,audited,query string parsed manually for benchmark parameter
BenchmarkTest02599,OWASP Benchmark Java,1.2,ba2e3f9a29fa3bde6a5c073d679393c9b94f025f,src\main\java\org\owasp\benchmark\testcode\BenchmarkTest02599.java,expectedresults-1.2.csv,xss,non_vulnerable,case_level,GET_delegates_to_POST,query_string,/xss-05/BenchmarkTest02599,BenchmarkTest02599,text/html;charset=UTF-8,url_decode,cwe-79,not_identified,not_identified,true,DIRECT,FINAL_CONFIRMATORY_ELIGIBLE,,,not_applicable,current_marker_control_likely_sufficient,current_marker_control,current,,true,true,metadata_constructed,benchmark_case_id;source_file;java_class_name;servlet_route;vulnerability_label;expected_result;parameter,true,ox14-c000432,/external-v14/case-000432,input_000432,opaque_candidate_id;sanitized_action_path;method;sanitized_parameter_name;input_source;input_type;editable_input_count;required_input_count;parameter_count,benchmark_case_id;source_file;java_class_name;servlet_name;vulnerability_label;expected_result;ground_truth,,audited,query string parsed manually for benchmark parameter
BenchmarkTest02600,OWASP Benchmark Java,1.2,ba2e3f9a29fa3bde6a5c073d679393c9b94f025f,src\main\java\org\owasp\benchmark\testcode\BenchmarkTest02600.java,expectedresults-1.2.csv,xss,vulnerable,case_level,GET_delegates_to_POST,query_string,/xss-05/BenchmarkTest02600,BenchmarkTest02600,text/html;charset=UTF-8,url_decode,cwe-79,not_identified,not_identified,true,DIRECT,FINAL_CONFIRMATORY_ELIGIBLE,,,not_applicable,current_marker_control_likely_sufficient,current_marker_control,current,,true,true,metadata_constructed,benchmark_case_id;source_file;java_class_name;servlet_route;vulnerability_label;expected_result;parameter,true,ox14-c000433,/external-v14/case-000433,input_000433,opaque_candidate_id;sanitized_action_path;method;sanitized_parameter_name;input_source;input_type;editable_input_count;required_input_count;parameter_count,benchmark_case_id;source_file;java_class_name;servlet_name;vulnerability_label;expected_result;ground_truth,,audited,query string parsed manually for benchmark parameter
BenchmarkTest02601,OWASP Benchmark Java,1.2,ba2e3f9a29fa3bde6a5c073d679393c9b94f025f,src\main\java\org\owasp\benchmark\testcode\BenchmarkTest02601.java,expectedresults-1.2.csv,xss,non_vulnerable,case_level,GET_delegates_to_POST,query_string,/xss-05/BenchmarkTest02601,BenchmarkTest02601,text/html;charset=UTF-8,url_decode;html_encoding;string_escape_utils,cwe-79,not_identified,not_identified,true,DIRECT,FINAL_CONFIRMATORY_ELIGIBLE,,,not_applicable,current_marker_control_likely_sufficient,current_marker_control,current,,true,true,metadata_constructed,benchmark_case_id;source_file;java_class_name;servlet_route;vulnerability_label;expected_result;parameter,true,ox14-c000434,/external-v14/case-000434,input_000434,opaque_candidate_id;sanitized_action_path;method;sanitized_parameter_name;input_source;input_type;editable_input_count;required_input_count;parameter_count,benchmark_case_id;source_file;java_class_name;servlet_name;vulnerability_label;expected_result;ground_truth,,audited,query string parsed manually for benchmark parameter
BenchmarkTest02608,OWASP Benchmark Java,1.2,ba2e3f9a29fa3bde6a5c073d679393c9b94f025f,src\main\java\org\owasp\benchmark\testcode\BenchmarkTest02608.java,expectedresults-1.2.csv,xss,vulnerable,case_level,GET_delegates_to_POST,query_string,/xss-05/BenchmarkTest02608,BenchmarkTest02608,text/html;charset=UTF-8,url_decode,cwe-79,not_identified,not_identified,true,DIRECT,FINAL_CONFIRMATORY_ELIGIBLE,,,not_applicable,current_marker_control_likely_sufficient,current_marker_control,current,,true,true,metadata_constructed,benchmark_case_id;source_file;java_class_name;servlet_route;vulnerability_label;expected_result;parameter,true,ox14-c000435,/external-v14/case-000435,input_000435,opaque_candidate_id;sanitized_action_path;method;sanitized_parameter_name;input_source;input_type;editable_input_count;required_input_count;parameter_count,benchmark_case_id;source_file;java_class_name;servlet_name;vulnerability_label;expected_result;ground_truth,,audited,query string parsed manually for benchmark parameter
BenchmarkTest02609,OWASP Benchmark Java,1.2,ba2e3f9a29fa3bde6a5c073d679393c9b94f025f,src\main\java\org\owasp\benchmark\testcode\BenchmarkTest02609.java,expectedresults-1.2.csv,xss,non_vulnerable,case_level,GET_delegates_to_POST,query_string,/xss-05/BenchmarkTest02609,BenchmarkTest02609,text/html;charset=UTF-8,url_decode;html_encoding,cwe-79,not_identified,not_identified,true,DIRECT,READINESS_ONLY,,,not_applicable,current_marker_control_likely_sufficient,current_marker_control,current,,true,true,metadata_constructed,benchmark_case_id;source_file;java_class_name;servlet_route;vulnerability_label;expected_result;parameter,true,ox14-c000436,/external-v14/case-000436,input_000436,opaque_candidate_id;sanitized_action_path;method;sanitized_parameter_name;input_source;input_type;editable_input_count;required_input_count;parameter_count,benchmark_case_id;source_file;java_class_name;servlet_name;vulnerability_label;expected_result;ground_truth,,audited,query string parsed manually for benchmark parameter
BenchmarkTest02679,OWASP Benchmark Java,1.2,ba2e3f9a29fa3bde6a5c073d679393c9b94f025f,src\main\java\org\owasp\benchmark\testcode\BenchmarkTest02679.java,expectedresults-1.2.csv,xss,non_vulnerable,case_level,GET_delegates_to_POST,no_external_input,/xss-05/BenchmarkTest02679,BenchmarkTest02679,text/html;charset=UTF-8,none_identified,cwe-79,not_identified,not_identified,false,EXCLUDED,EXCLUDED,no_externally_controllable_input_source,,not_applicable,current_marker_control_likely_sufficient,current_marker_control,unnecessary,,false,false,not_eligible,benchmark_case_id;source_file;java_class_name;servlet_route;vulnerability_label;expected_result;parameter,true,,,,,benchmark_case_id;source_file;java_class_name;servlet_name;vulnerability_label;expected_result;ground_truth,no_externally_controllable_input_source,audited,helper returns a static safe value rather than request input
BenchmarkTest02680,OWASP Benchmark Java,1.2,ba2e3f9a29fa3bde6a5c073d679393c9b94f025f,src\main\java\org\owasp\benchmark\testcode\BenchmarkTest02680.java,expectedresults-1.2.csv,xss,non_vulnerable,case_level,GET_delegates_to_POST,no_external_input,/xss-05/BenchmarkTest02680,BenchmarkTest02680,text/html;charset=UTF-8,none_identified,cwe-79,not_identified,not_identified,false,EXCLUDED,EXCLUDED,no_externally_controllable_input_source,,not_applicable,current_marker_control_likely_sufficient,current_marker_control,unnecessary,,false,false,not_eligible,benchmark_case_id;source_file;java_class_name;servlet_route;vulnerability_label;expected_result;parameter,true,,,,,benchmark_case_id;source_file;java_class_name;servlet_name;vulnerability_label;expected_result;ground_truth,no_externally_controllable_input_source,audited,helper returns a static safe value rather than request input
BenchmarkTest02681,OWASP Benchmark Java,1.2,ba2e3f9a29fa3bde6a5c073d679393c9b94f025f,src\main\java\org\owasp\benchmark\testcode\BenchmarkTest02681.java,expectedresults-1.2.csv,xss,non_vulnerable,case_level,GET_delegates_to_POST,no_external_input,/xss-05/BenchmarkTest02681,BenchmarkTest02681,text/html;charset=UTF-8,none_identified,cwe-79,not_identified,not_identified,false,EXCLUDED,EXCLUDED,no_externally_controllable_input_source,,not_applicable,current_marker_control_likely_sufficient,current_marker_control,unnecessary,,false,false,not_eligible,benchmark_case_id;source_file;java_class_name;servlet_route;vulnerability_label;expected_result;parameter,true,,,,,benchmark_case_id;source_file;java_class_name;servlet_name;vulnerability_label;expected_result;ground_truth,no_externally_controllable_input_source,audited,helper returns a static safe value rather than request input
BenchmarkTest02682,OWASP Benchmark Java,1.2,ba2e3f9a29fa3bde6a5c073d679393c9b94f025f,src\main\java\org\owasp\benchmark\testcode\BenchmarkTest02682.java,expectedresults-1.2.csv,xss,non_vulnerable,case_level,GET_delegates_to_POST,no_external_input,/xss-05/BenchmarkTest02682,BenchmarkTest02682,text/html;charset=UTF-8,none_identified,cwe-79,not_identified,not_identified,false,EXCLUDED,EXCLUDED,no_externally_controllable_input_source,,not_applicable,current_marker_control_likely_sufficient,current_marker_control,unnecessary,,false,false,not_eligible,benchmark_case_id;source_file;java_class_name;servlet_route;vulnerability_label;expected_result;parameter,true,,,,,benchmark_case_id;source_file;java_class_name;servlet_name;vulnerability_label;expected_result;ground_truth,no_externally_controllable_input_source,audited,helper returns a static safe value rather than request input
BenchmarkTest02683,OWASP Benchmark Java,1.2,ba2e3f9a29fa3bde6a5c073d679393c9b94f025f,src\main\java\org\owasp\benchmark\testcode\BenchmarkTest02683.java,expectedresults-1.2.csv,xss,non_vulnerable,case_level,GET_delegates_to_POST,no_external_input,/xss-05/BenchmarkTest02683,BenchmarkTest02683,text/html;charset=UTF-8,base64_transform,cwe-79,not_identified,not_identified,false,EXCLUDED,EXCLUDED,no_externally_controllable_input_source,,not_applicable,current_marker_control_likely_sufficient,current_marker_control,unnecessary,,false,false,not_eligible,benchmark_case_id;source_file;java_class_name;servlet_route;vulnerability_label;expected_result;parameter,true,,,,,benchmark_case_id;source_file;java_class_name;servlet_name;vulnerability_label;expected_result;ground_truth,no_externally_controllable_input_source,audited,helper returns a static safe value rather than request input
BenchmarkTest02684,OWASP Benchmark Java,1.2,ba2e3f9a29fa3bde6a5c073d679393c9b94f025f,src\main\java\org\owasp\benchmark\testcode\BenchmarkTest02684.java,expectedresults-1.2.csv,xss,non_vulnerable,case_level,GET_delegates_to_POST,no_external_input,/xss-05/BenchmarkTest02684,BenchmarkTest02684,text/html;charset=UTF-8,none_identified,cwe-79,not_identified,not_identified,false,EXCLUDED,EXCLUDED,no_externally_controllable_input_source,,not_applicable,current_marker_control_likely_sufficient,current_marker_control,unnecessary,,false,false,not_eligible,benchmark_case_id;source_file;java_class_name;servlet_route;vulnerability_label;expected_result;parameter,true,,,,,benchmark_case_id;source_file;java_class_name;servlet_name;vulnerability_label;expected_result;ground_truth,no_externally_controllable_input_source,audited,helper returns a static safe value rather than request input
BenchmarkTest02685,OWASP Benchmark Java,1.2,ba2e3f9a29fa3bde6a5c073d679393c9b94f025f,src\main\java\org\owasp\benchmark\testcode\BenchmarkTest02685.java,expectedresults-1.2.csv,xss,non_vulnerable,case_level,GET_delegates_to_POST,no_external_input,/xss-05/BenchmarkTest02685,BenchmarkTest02685,text/html;charset=UTF-8,base64_transform,cwe-79,not_identified,not_identified,false,EXCLUDED,EXCLUDED,no_externally_controllable_input_source,,not_applicable,current_marker_control_likely_sufficient,current_marker_control,unnecessary,,false,false,not_eligible,benchmark_case_id;source_file;java_class_name;servlet_route;vulnerability_label;expected_result;parameter,true,,,,,benchmark_case_id;source_file;java_class_name;servlet_name;vulnerability_label;expected_result;ground_truth,no_externally_controllable_input_source,audited,helper returns a static safe value rather than request input
BenchmarkTest02686,OWASP Benchmark Java,1.2,ba2e3f9a29fa3bde6a5c073d679393c9b94f025f,src\main\java\org\owasp\benchmark\testcode\BenchmarkTest02686.java,expectedresults-1.2.csv,xss,non_vulnerable,case_level,GET_delegates_to_POST,no_external_input,/xss-05/BenchmarkTest02686,BenchmarkTest02686,text/html;charset=UTF-8,none_identified,cwe-79,not_identified,not_identified,false,EXCLUDED,EXCLUDED,no_externally_controllable_input_source,,not_applicable,current_marker_control_likely_sufficient,current_marker_control,unnecessary,,false,false,not_eligible,benchmark_case_id;source_file;java_class_name;servlet_route;vulnerability_label;expected_result;parameter,true,,,,,benchmark_case_id;source_file;java_class_name;servlet_name;vulnerability_label;expected_result;ground_truth,no_externally_controllable_input_source,audited,helper returns a static safe value rather than request input
BenchmarkTest02687,OWASP Benchmark Java,1.2,ba2e3f9a29fa3bde6a5c073d679393c9b94f025f,src\main\java\org\owasp\benchmark\testcode\BenchmarkTest02687.java,expectedresults-1.2.csv,xss,non_vulnerable,case_level,GET_delegates_to_POST,no_external_input,/xss-05/BenchmarkTest02687,BenchmarkTest02687,text/html;charset=UTF-8,none_identified,cwe-79,not_identified,not_identified,false,EXCLUDED,EXCLUDED,no_externally_controllable_input_source,,not_applicable,current_marker_control_likely_sufficient,current_marker_control,unnecessary,,false,false,not_eligible,benchmark_case_id;source_file;java_class_name;servlet_route;vulnerability_label;expected_result;parameter,true,,,,,benchmark_case_id;source_file;java_class_name;servlet_name;vulnerability_label;expected_result;ground_truth,no_externally_controllable_input_source,audited,helper returns a static safe value rather than request input
BenchmarkTest02688,OWASP Benchmark Java,1.2,ba2e3f9a29fa3bde6a5c073d679393c9b94f025f,src\main\java\org\owasp\benchmark\testcode\BenchmarkTest02688.java,expectedresults-1.2.csv,xss,non_vulnerable,case_level,GET_delegates_to_POST,no_external_input,/xss-05/BenchmarkTest02688,BenchmarkTest02688,text/html;charset=UTF-8,html_encoding;string_escape_utils,cwe-79,not_identified,not_identified,false,EXCLUDED,EXCLUDED,no_externally_controllable_input_source,,not_applicable,current_marker_control_likely_sufficient,current_marker_control,unnecessary,,false,false,not_eligible,benchmark_case_id;source_file;java_class_name;servlet_route;vulnerability_label;expected_result;parameter,true,,,,,benchmark_case_id;source_file;java_class_name;servlet_name;vulnerability_label;expected_result;ground_truth,no_externally_controllable_input_source,audited,helper returns a static safe value rather than request input
BenchmarkTest02689,OWASP Benchmark Java,1.2,ba2e3f9a29fa3bde6a5c073d679393c9b94f025f,src\main\java\org\owasp\benchmark\testcode\BenchmarkTest02689.java,expectedresults-1.2.csv,xss,non_vulnerable,case_level,GET_delegates_to_POST,no_external_input,/xss-05/BenchmarkTest02689,BenchmarkTest02689,text/html;charset=UTF-8,none_identified,cwe-79,not_identified,not_identified,false,EXCLUDED,EXCLUDED,no_externally_controllable_input_source,,not_applicable,current_marker_control_likely_sufficient,current_marker_control,unnecessary,,false,false,not_eligible,benchmark_case_id;source_file;java_class_name;servlet_route;vulnerability_label;expected_result;parameter,true,,,,,benchmark_case_id;source_file;java_class_name;servlet_name;vulnerability_label;expected_result;ground_truth,no_externally_controllable_input_source,audited,helper returns a static safe value rather than request input
BenchmarkTest02690,OWASP Benchmark Java,1.2,ba2e3f9a29fa3bde6a5c073d679393c9b94f025f,src\main\java\org\owasp\benchmark\testcode\BenchmarkTest02690.java,expectedresults-1.2.csv,xss,non_vulnerable,case_level,GET_delegates_to_POST,no_external_input,/xss-05/BenchmarkTest02690,BenchmarkTest02690,text/html;charset=UTF-8,none_identified,cwe-79,not_identified,not_identified,false,EXCLUDED,EXCLUDED,no_externally_controllable_input_source,,not_applicable,current_marker_control_likely_sufficient,current_marker_control,unnecessary,,false,false,not_eligible,benchmark_case_id;source_file;java_class_name;servlet_route;vulnerability_label;expected_result;parameter,true,,,,,benchmark_case_id;source_file;java_class_name;servlet_name;vulnerability_label;expected_result;ground_truth,no_externally_controllable_input_source,audited,helper returns a static safe value rather than request input
BenchmarkTest02691,OWASP Benchmark Java,1.2,ba2e3f9a29fa3bde6a5c073d679393c9b94f025f,src\main\java\org\owasp\benchmark\testcode\BenchmarkTest02691.java,expectedresults-1.2.csv,xss,non_vulnerable,case_level,GET_delegates_to_POST,no_external_input,/xss-05/BenchmarkTest02691,BenchmarkTest02691,text/html;charset=UTF-8,none_identified,cwe-79,not_identified,not_identified,false,EXCLUDED,EXCLUDED,no_externally_controllable_input_source,,not_applicable,current_marker_control_likely_sufficient,current_marker_control,unnecessary,,false,false,not_eligible,benchmark_case_id;source_file;java_class_name;servlet_route;vulnerability_label;expected_result;parameter,true,,,,,benchmark_case_id;source_file;java_class_name;servlet_name;vulnerability_label;expected_result;ground_truth,no_externally_controllable_input_source,audited,helper returns a static safe value rather than request input
BenchmarkTest02692,OWASP Benchmark Java,1.2,ba2e3f9a29fa3bde6a5c073d679393c9b94f025f,src\main\java\org\owasp\benchmark\testcode\BenchmarkTest02692.java,expectedresults-1.2.csv,xss,non_vulnerable,case_level,GET_delegates_to_POST,no_external_input,/xss-05/BenchmarkTest02692,BenchmarkTest02692,text/html;charset=UTF-8,none_identified,cwe-79,not_identified,not_identified,false,EXCLUDED,EXCLUDED,no_externally_controllable_input_source,,not_applicable,current_marker_control_likely_sufficient,current_marker_control,unnecessary,,false,false,not_eligible,benchmark_case_id;source_file;java_class_name;servlet_route;vulnerability_label;expected_result;parameter,true,,,,,benchmark_case_id;source_file;java_class_name;servlet_name;vulnerability_label;expected_result;ground_truth,no_externally_controllable_input_source,audited,helper returns a static safe value rather than request input
BenchmarkTest02693,OWASP Benchmark Java,1.2,ba2e3f9a29fa3bde6a5c073d679393c9b94f025f,src\main\java\org\owasp\benchmark\testcode\BenchmarkTest02693.java,expectedresults-1.2.csv,xss,non_vulnerable,case_level,GET_delegates_to_POST,no_external_input,/xss-05/BenchmarkTest02693,BenchmarkTest02693,text/html;charset=UTF-8,none_identified,cwe-79,not_identified,not_identified,false,EXCLUDED,EXCLUDED,no_externally_controllable_input_source,,not_applicable,current_marker_control_likely_sufficient,current_marker_control,unnecessary,,false,false,not_eligible,benchmark_case_id;source_file;java_class_name;servlet_route;vulnerability_label;expected_result;parameter,true,,,,,benchmark_case_id;source_file;java_class_name;servlet_name;vulnerability_label;expected_result;ground_truth,no_externally_controllable_input_source,audited,helper returns a static safe value rather than request input
BenchmarkTest02694,OWASP Benchmark Java,1.2,ba2e3f9a29fa3bde6a5c073d679393c9b94f025f,src\main\java\org\owasp\benchmark\testcode\BenchmarkTest02694.java,expectedresults-1.2.csv,xss,non_vulnerable,case_level,GET_delegates_to_POST,no_external_input,/xss-05/BenchmarkTest02694,BenchmarkTest02694,text/html;charset=UTF-8,none_identified,cwe-79,not_identified,not_identified,false,EXCLUDED,EXCLUDED,no_externally_controllable_input_source,,not_applicable,current_marker_control_likely_sufficient,current_marker_control,unnecessary,,false,false,not_eligible,benchmark_case_id;source_file;java_class_name;servlet_route;vulnerability_label;expected_result;parameter,true,,,,,benchmark_case_id;source_file;java_class_name;servlet_name;vulnerability_label;expected_result;ground_truth,no_externally_controllable_input_source,audited,helper returns a static safe value rather than request input
BenchmarkTest02695,OWASP Benchmark Java,1.2,ba2e3f9a29fa3bde6a5c073d679393c9b94f025f,src\main\java\org\owasp\benchmark\testcode\BenchmarkTest02695.java,expectedresults-1.2.csv,xss,non_vulnerable,case_level,GET_delegates_to_POST,no_external_input,/xss-05/BenchmarkTest02695,BenchmarkTest02695,text/html;charset=UTF-8,none_identified,cwe-79,not_identified,not_identified,false,EXCLUDED,EXCLUDED,no_externally_controllable_input_source,,not_applicable,current_marker_control_likely_sufficient,current_marker_control,unnecessary,,false,false,not_eligible,benchmark_case_id;source_file;java_class_name;servlet_route;vulnerability_label;expected_result;parameter,true,,,,,benchmark_case_id;source_file;java_class_name;servlet_name;vulnerability_label;expected_result;ground_truth,no_externally_controllable_input_source,audited,helper returns a static safe value rather than request input
BenchmarkTest02696,OWASP Benchmark Java,1.2,ba2e3f9a29fa3bde6a5c073d679393c9b94f025f,src\main\java\org\owasp\benchmark\testcode\BenchmarkTest02696.java,expectedresults-1.2.csv,xss,non_vulnerable,case_level,GET_delegates_to_POST,no_external_input,/xss-05/BenchmarkTest02696,BenchmarkTest02696,text/html;charset=UTF-8,none_identified,cwe-79,not_identified,not_identified,false,EXCLUDED,EXCLUDED,no_externally_controllable_input_source,,not_applicable,current_marker_control_likely_sufficient,current_marker_control,unnecessary,,false,false,not_eligible,benchmark_case_id;source_file;java_class_name;servlet_route;vulnerability_label;expected_result;parameter,true,,,,,benchmark_case_id;source_file;java_class_name;servlet_name;vulnerability_label;expected_result;ground_truth,no_externally_controllable_input_source,audited,helper returns a static safe value rather than request input
BenchmarkTest02712,OWASP Benchmark Java,1.2,ba2e3f9a29fa3bde6a5c073d679393c9b94f025f,src\main\java\org\owasp\benchmark\testcode\BenchmarkTest02712.java,expectedresults-1.2.csv,xss,non_vulnerable,case_level,GET_delegates_to_POST,no_external_input,/xss-05/BenchmarkTest02712,BenchmarkTest02712,text/html;charset=UTF-8,none_identified,cwe-79,not_identified,not_identified,false,EXCLUDED,EXCLUDED,no_externally_controllable_input_source,,not_applicable,current_marker_control_likely_sufficient,current_marker_control,unnecessary,,false,false,not_eligible,benchmark_case_id;source_file;java_class_name;servlet_route;vulnerability_label;expected_result;parameter,true,,,,,benchmark_case_id;source_file;java_class_name;servlet_name;vulnerability_label;expected_result;ground_truth,no_externally_controllable_input_source,audited,helper returns a static safe value rather than request input
