arm_id,scenario_id,scenario_type,trial_number,status,input_order,output_ranking,spearman_input_output,exact_input_order_match
deterministic_structural,ow14-s0001,positive,1,valid,ox14-c000348 ox14-c000227 ox14-c000189 ox14-c000236 ox14-c000030,ox14-c000189 ox14-c000348 ox14-c000227 ox14-c000236 ox14-c000030,0.7000000000,false
deterministic_structural,ow14-s0002,positive,1,valid,ox14-c000426 ox14-c000083 ox14-c000222 ox14-c000209 ox14-c000341,ox14-c000209 ox14-c000341 ox14-c000426 ox14-c000083 ox14-c000222,-0.5000000000,false
deterministic_structural,ow14-s0003,positive,1,valid,ox14-c000259 ox14-c000326 ox14-c000184 ox14-c000333 ox14-c000254,ox14-c000184 ox14-c000254 ox14-c000259 ox14-c000326 ox14-c000333,-0.1000000000,false
deterministic_structural,ow14-s0004,positive,1,valid,ox14-c000055 ox14-c000229 ox14-c000355 ox14-c000278 ox14-c000031,ox14-c000055 ox14-c000278 ox14-c000355 ox14-c000229 ox14-c000031,0.6000000000,false
deterministic_structural,ow14-s0005,positive,1,valid,ox14-c000294 ox14-c000204 ox14-c000065 ox14-c000125 ox14-c000098,ox14-c000065 ox14-c000098 ox14-c000125 ox14-c000204 ox14-c000294,-0.7000000000,false
deterministic_structural,ow14-s0006,positive,1,valid,ox14-c000164 ox14-c000044 ox14-c000334 ox14-c000066 ox14-c000409,ox14-c000044 ox14-c000066 ox14-c000334 ox14-c000409 ox14-c000164,-0.1000000000,false
deterministic_structural,ow14-s0007,positive,1,valid,ox14-c000208 ox14-c000112 ox14-c000261 ox14-c000432 ox14-c000255,ox14-c000112 ox14-c000208 ox14-c000255 ox14-c000261 ox14-c000432,0.6000000000,false
deterministic_structural,ow14-s0008,positive,1,valid,ox14-c000362 ox14-c000310 ox14-c000414 ox14-c000224 ox14-c000173,ox14-c000414 ox14-c000224 ox14-c000362 ox14-c000173 ox14-c000310,-0.1000000000,false
deterministic_structural,ow14-s0009,positive,1,valid,ox14-c000402 ox14-c000210 ox14-c000063 ox14-c000391 ox14-c000036,ox14-c000063 ox14-c000210 ox14-c000391 ox14-c000402 ox14-c000036,0.3000000000,false
deterministic_structural,ow14-s0010,positive,1,valid,ox14-c000225 ox14-c000320 ox14-c000252 ox14-c000349 ox14-c000067,ox14-c000067 ox14-c000252 ox14-c000320 ox14-c000349 ox14-c000225,-0.7000000000,false
deterministic_structural,ow14-s0011,positive,1,valid,ox14-c000329 ox14-c000369 ox14-c000165 ox14-c000140 ox14-c000090,ox14-c000140 ox14-c000329 ox14-c000090 ox14-c000369 ox14-c000165,-0.1000000000,false
deterministic_structural,ow14-s0012,positive,1,valid,ox14-c000244 ox14-c000072 ox14-c000265 ox14-c000081 ox14-c000389,ox14-c000072 ox14-c000244 ox14-c000265 ox14-c000389 ox14-c000081,0.8000000000,false
deterministic_structural,ow14-s0013,positive,1,valid,ox14-c000323 ox14-c000246 ox14-c000380 ox14-c000211 ox14-c000046,ox14-c000046 ox14-c000211 ox14-c000246 ox14-c000323 ox14-c000380,-0.7000000000,false
deterministic_structural,ow14-s0014,positive,1,valid,ox14-c000025 ox14-c000108 ox14-c000181 ox14-c000068 ox14-c000121,ox14-c000068 ox14-c000108 ox14-c000121 ox14-c000025 ox14-c000181,-0.3000000000,false
deterministic_structural,ow14-s0015,positive,1,valid,ox14-c000197 ox14-c000012 ox14-c000415 ox14-c000058 ox14-c000037,ox14-c000058 ox14-c000197 ox14-c000415 ox14-c000012 ox14-c000037,0.3000000000,false
deterministic_structural,ow14-s0016,positive,1,valid,ox14-c000110 ox14-c000245 ox14-c000354 ox14-c000270 ox14-c000374,ox14-c000110 ox14-c000245 ox14-c000270 ox14-c000354 ox14-c000374,0.9000000000,false
deterministic_structural,ow14-s0017,positive,1,valid,ox14-c000087 ox14-c000075 ox14-c000322 ox14-c000127 ox14-c000033,ox14-c000075 ox14-c000127 ox14-c000322 ox14-c000087 ox14-c000033,0.3000000000,false
deterministic_structural,ow14-s0018,positive,1,valid,ox14-c000406 ox14-c000352 ox14-c000277 ox14-c000262 ox14-c000297,ox14-c000262 ox14-c000277 ox14-c000352 ox14-c000406 ox14-c000297,0.0000000000,false
deterministic_structural,ow14-s0019,positive,1,valid,ox14-c000357 ox14-c000183 ox14-c000193 ox14-c000113 ox14-c000060,ox14-c000060 ox14-c000113 ox14-c000193 ox14-c000357 ox14-c000183,-0.9000000000,false
deterministic_structural,ow14-s0020,positive,1,valid,ox14-c000097 ox14-c000103 ox14-c000398 ox14-c000381 ox14-c000293,ox14-c000097 ox14-c000103 ox14-c000381 ox14-c000398 ox14-c000293,0.9000000000,false
deterministic_structural,ow14-s0021,positive,1,valid,ox14-c000373 ox14-c000422 ox14-c000400 ox14-c000093 ox14-c000107,ox14-c000107 ox14-c000400 ox14-c000422 ox14-c000093 ox14-c000373,-0.7000000000,false
deterministic_structural,ow14-s0022,positive,1,valid,ox14-c000237 ox14-c000337 ox14-c000053 ox14-c000350 ox14-c000427,ox14-c000053 ox14-c000237 ox14-c000337 ox14-c000350 ox14-c000427,0.7000000000,false
deterministic_structural,ow14-s0023,positive,1,valid,ox14-c000016 ox14-c000344 ox14-c000384 ox14-c000216 ox14-c000122,ox14-c000122 ox14-c000216 ox14-c000344 ox14-c000384 ox14-c000016,-0.9000000000,false
deterministic_structural,ow14-s0024,positive,1,valid,ox14-c000207 ox14-c000268 ox14-c000356 ox14-c000220 ox14-c000177,ox14-c000207 ox14-c000220 ox14-c000268 ox14-c000356 ox14-c000177,0.7000000000,false
deterministic_structural,ow14-s0025,positive,1,valid,ox14-c000026 ox14-c000061 ox14-c000434 ox14-c000314 ox14-c000309,ox14-c000061 ox14-c000434 ox14-c000026 ox14-c000309 ox14-c000314,0.6000000000,false
deterministic_structural,ow14-s0026,positive,1,valid,ox14-c000109 ox14-c000219 ox14-c000273 ox14-c000242 ox14-c000034,ox14-c000109 ox14-c000219 ox14-c000242 ox14-c000273 ox14-c000034,0.9000000000,false
deterministic_structural,ow14-s0027,positive,1,valid,ox14-c000405 ox14-c000303 ox14-c000101 ox14-c000363 ox14-c000241,ox14-c000101 ox14-c000241 ox14-c000405 ox14-c000363 ox14-c000303,-0.3000000000,false
deterministic_structural,ow14-s0028,positive,1,valid,ox14-c000091 ox14-c000100 ox14-c000226 ox14-c000111 ox14-c000064,ox14-c000064 ox14-c000100 ox14-c000111 ox14-c000091 ox14-c000226,-0.5000000000,false
deterministic_structural,ow14-s0029,positive,1,valid,ox14-c000212 ox14-c000387 ox14-c000048 ox14-c000141 ox14-c000057,ox14-c000048 ox14-c000057 ox14-c000141 ox14-c000212 ox14-c000387,-0.6000000000,false
deterministic_structural,ow14-s0030,positive,1,valid,ox14-c000082 ox14-c000423 ox14-c000399 ox14-c000251 ox14-c000049,ox14-c000049 ox14-c000251 ox14-c000399 ox14-c000423 ox14-c000082,-1.0000000000,false
deterministic_structural,ow14-s0031,positive,1,valid,ox14-c000410 ox14-c000085 ox14-c000296 ox14-c000069 ox14-c000077,ox14-c000069 ox14-c000077 ox14-c000410 ox14-c000085 ox14-c000296,-0.5000000000,false
deterministic_structural,ow14-s0032,positive,1,valid,ox14-c000132 ox14-c000118 ox14-c000395 ox14-c000353 ox14-c000223,ox14-c000118 ox14-c000132 ox14-c000353 ox14-c000395 ox14-c000223,0.8000000000,false
deterministic_structural,ow14-s0033,positive,1,valid,ox14-c000311 ox14-c000394 ox14-c000315 ox14-c000307 ox14-c000188,ox14-c000188 ox14-c000394 ox14-c000307 ox14-c000311 ox14-c000315,-0.5000000000,false
deterministic_structural,ow14-s0034,positive,1,valid,ox14-c000161 ox14-c000167 ox14-c000027 ox14-c000404 ox14-c000351,ox14-c000351 ox14-c000404 ox14-c000027 ox14-c000161 ox14-c000167,-0.9000000000,false
deterministic_structural,ow14-s0035,positive,1,valid,ox14-c000029 ox14-c000272 ox14-c000429 ox14-c000117 ox14-c000217,ox14-c000117 ox14-c000217 ox14-c000272 ox14-c000429 ox14-c000029,-0.8000000000,false
deterministic_structural,ow14-s0036,positive,1,valid,ox14-c000377 ox14-c000089 ox14-c000346 ox14-c000185 ox14-c000136,ox14-c000136 ox14-c000185 ox14-c000346 ox14-c000377 ox14-c000089,-0.9000000000,false
deterministic_structural,ow14-s0037,positive,1,valid,ox14-c000247 ox14-c000070 ox14-c000198 ox14-c000190 ox14-c000396,ox14-c000070 ox14-c000190 ox14-c000198 ox14-c000247 ox14-c000396,0.3000000000,false
deterministic_structural,ow14-s0038,positive,1,valid,ox14-c000099 ox14-c000056 ox14-c000023 ox14-c000171 ox14-c000102,ox14-c000056 ox14-c000099 ox14-c000102 ox14-c000023 ox14-c000171,0.6000000000,false
deterministic_structural,ow14-s0039,positive,1,valid,ox14-c000348 ox14-c000030 ox14-c000236 ox14-c000305 ox14-c000189,ox14-c000189 ox14-c000348 ox14-c000236 ox14-c000030 ox14-c000305,-0.1000000000,false
deterministic_structural,ow14-s0040,positive,1,valid,ox14-c000341 ox14-c000324 ox14-c000209 ox14-c000426 ox14-c000083,ox14-c000209 ox14-c000324 ox14-c000341 ox14-c000426 ox14-c000083,0.6000000000,false
deterministic_structural,ow14-s0041,positive,1,valid,ox14-c000184 ox14-c000327 ox14-c000254 ox14-c000259 ox14-c000333,ox14-c000184 ox14-c000254 ox14-c000259 ox14-c000327 ox14-c000333,0.7000000000,false
deterministic_structural,ow14-s0042,positive,1,valid,ox14-c000328 ox14-c000229 ox14-c000031 ox14-c000355 ox14-c000278,ox14-c000278 ox14-c000328 ox14-c000355 ox14-c000229 ox14-c000031,-0.3000000000,false
deterministic_structural,ow14-s0043,positive,1,valid,ox14-c000125 ox14-c000204 ox14-c000065 ox14-c000200 ox14-c000294,ox14-c000065 ox14-c000125 ox14-c000200 ox14-c000204 ox14-c000294,0.5000000000,false
deterministic_structural,ow14-s0044,positive,1,valid,ox14-c000397 ox14-c000164 ox14-c000409 ox14-c000044 ox14-c000066,ox14-c000044 ox14-c000066 ox14-c000397 ox14-c000409 ox14-c000164,-0.6000000000,false
deterministic_structural,ow14-s0045,positive,1,valid,ox14-c000174 ox14-c000432 ox14-c000112 ox14-c000208 ox14-c000261,ox14-c000112 ox14-c000208 ox14-c000261 ox14-c000432 ox14-c000174,-0.6000000000,false
deterministic_structural,ow14-s0046,positive,1,valid,ox14-c000310 ox14-c000408 ox14-c000414 ox14-c000224 ox14-c000362,ox14-c000408 ox14-c000414 ox14-c000224 ox14-c000362 ox14-c000310,0.0000000000,false
deterministic_structural,ow14-s0047,positive,1,valid,ox14-c000036 ox14-c000210 ox14-c000134 ox14-c000402 ox14-c000391,ox14-c000134 ox14-c000210 ox14-c000391 ox14-c000402 ox14-c000036,-0.2000000000,false
deterministic_structural,ow14-s0048,positive,1,valid,ox14-c000032 ox14-c000067 ox14-c000252 ox14-c000225 ox14-c000320,ox14-c000067 ox14-c000252 ox14-c000320 ox14-c000225 ox14-c000032,-0.1000000000,false
deterministic_structural,ow14-s0049,positive,1,valid,ox14-c000140 ox14-c000165 ox14-c000090 ox14-c000186 ox14-c000369,ox14-c000140 ox14-c000186 ox14-c000090 ox14-c000369 ox14-c000165,0.3000000000,false
deterministic_structural,ow14-s0050,positive,1,valid,ox14-c000072 ox14-c000081 ox14-c000368 ox14-c000389 ox14-c000265,ox14-c000072 ox14-c000265 ox14-c000389 ox14-c000081 ox14-c000368,0.1000000000,false
deterministic_structural,ow14-s0051,positive,1,valid,ox14-c000246 ox14-c000046 ox14-c000234 ox14-c000323 ox14-c000211,ox14-c000046 ox14-c000211 ox14-c000246 ox14-c000323 ox14-c000234,0.1000000000,false
deterministic_structural,ow14-s0052,positive,1,valid,ox14-c000025 ox14-c000181 ox14-c000231 ox14-c000108 ox14-c000121,ox14-c000108 ox14-c000121 ox14-c000231 ox14-c000025 ox14-c000181,-0.8000000000,false
deterministic_structural,ow14-s0053,positive,1,valid,ox14-c000012 ox14-c000037 ox14-c000042 ox14-c000197 ox14-c000058,ox14-c000042 ox14-c000058 ox14-c000197 ox14-c000012 ox14-c000037,-0.6000000000,false
deterministic_structural,ow14-s0054,positive,1,valid,ox14-c000245 ox14-c000086 ox14-c000374 ox14-c000354 ox14-c000270,ox14-c000245 ox14-c000270 ox14-c000354 ox14-c000086 ox14-c000374,0.1000000000,false
deterministic_structural,ow14-s0055,positive,1,valid,ox14-c000127 ox14-c000228 ox14-c000087 ox14-c000033 ox14-c000075,ox14-c000075 ox14-c000127 ox14-c000087 ox14-c000228 ox14-c000033,-0.1000000000,false
deterministic_structural,ow14-s0056,positive,1,valid,ox14-c000277 ox14-c000406 ox14-c000352 ox14-c000297 ox14-c000412,ox14-c000277 ox14-c000352 ox14-c000406 ox14-c000412 ox14-c000297,0.8000000000,false
deterministic_structural,ow14-s0057,positive,1,valid,ox14-c000113 ox14-c000060 ox14-c000357 ox14-c000092 ox14-c000183,ox14-c000060 ox14-c000113 ox14-c000092 ox14-c000357 ox14-c000183,0.8000000000,false
deterministic_structural,ow14-s0058,positive,1,valid,ox14-c000425 ox14-c000293 ox14-c000381 ox14-c000103 ox14-c000398,ox14-c000103 ox14-c000381 ox14-c000398 ox14-c000425 ox14-c000293,-0.6000000000,false
deterministic_structural,ow14-s0059,positive,1,valid,ox14-c000093 ox14-c000373 ox14-c000422 ox14-c000107 ox14-c000129,ox14-c000107 ox14-c000129 ox14-c000422 ox14-c000093 ox14-c000373,-0.8000000000,false
deterministic_structural,ow14-s0060,positive,1,valid,ox14-c000427 ox14-c000084 ox14-c000337 ox14-c000053 ox14-c000350,ox14-c000053 ox14-c000337 ox14-c000350 ox14-c000427 ox14-c000084,-0.6000000000,false
deterministic_structural,ow14-s0061,positive,1,valid,ox14-c000384 ox14-c000016 ox14-c000344 ox14-c000002 ox14-c000216,ox14-c000216 ox14-c000344 ox14-c000384 ox14-c000002 ox14-c000016,-0.5000000000,false
deterministic_structural,ow14-s0062,positive,1,valid,ox14-c000220 ox14-c000177 ox14-c000079 ox14-c000207 ox14-c000268,ox14-c000207 ox14-c000220 ox14-c000268 ox14-c000079 ox14-c000177,-0.2000000000,false
deterministic_structural,ow14-s0063,positive,1,valid,ox14-c000314 ox14-c000026 ox14-c000417 ox14-c000061 ox14-c000434,ox14-c000061 ox14-c000417 ox14-c000434 ox14-c000026 ox14-c000314,-0.7000000000,false
deterministic_structural,ow14-s0064,positive,1,valid,ox14-c000034 ox14-c000273 ox14-c000019 ox14-c000219 ox14-c000109,ox14-c000109 ox14-c000219 ox14-c000273 ox14-c000019 ox14-c000034,-0.9000000000,false
deterministic_structural,ow14-s0065,positive,1,valid,ox14-c000405 ox14-c000101 ox14-c000363 ox14-c000347 ox14-c000303,ox14-c000101 ox14-c000347 ox14-c000405 ox14-c000363 ox14-c000303,0.5000000000,false
deterministic_structural,ow14-s0066,positive,1,valid,ox14-c000100 ox14-c000226 ox14-c000039 ox14-c000064 ox14-c000111,ox14-c000064 ox14-c000100 ox14-c000111 ox14-c000226 ox14-c000039,-0.1000000000,false
deterministic_structural,ow14-s0067,positive,1,valid,ox14-c000212 ox14-c000385 ox14-c000048 ox14-c000141 ox14-c000387,ox14-c000048 ox14-c000141 ox14-c000212 ox14-c000385 ox14-c000387,0.2000000000,false
deterministic_structural,ow14-s0068,positive,1,valid,ox14-c000248 ox14-c000399 ox14-c000082 ox14-c000251 ox14-c000423,ox14-c000248 ox14-c000251 ox14-c000399 ox14-c000423 ox14-c000082,0.5000000000,false
deterministic_structural,ow14-s0069,positive,1,valid,ox14-c000296 ox14-c000410 ox14-c000077 ox14-c000179 ox14-c000085,ox14-c000077 ox14-c000410 ox14-c000085 ox14-c000179 ox14-c000296,-0.2000000000,false
deterministic_structural,ow14-s0070,positive,1,valid,ox14-c000343 ox14-c000395 ox14-c000223 ox14-c000118 ox14-c000353,ox14-c000118 ox14-c000343 ox14-c000353 ox14-c000395 ox14-c000223,-0.1000000000,false
deterministic_structural,ow14-s0071,positive,1,valid,ox14-c000311 ox14-c000116 ox14-c000307 ox14-c000315 ox14-c000188,ox14-c000116 ox14-c000188 ox14-c000307 ox14-c000311 ox14-c000315,0.0000000000,false
deterministic_structural,ow14-s0072,positive,1,valid,ox14-c000404 ox14-c000167 ox14-c000271 ox14-c000351 ox14-c000161,ox14-c000271 ox14-c000351 ox14-c000404 ox14-c000161 ox14-c000167,-0.1000000000,false
deterministic_structural,ow14-s0073,positive,1,valid,ox14-c000304 ox14-c000272 ox14-c000429 ox14-c000029 ox14-c000117,ox14-c000117 ox14-c000272 ox14-c000429 ox14-c000029 ox14-c000304,-0.6000000000,false
deterministic_structural,ow14-s0074,positive,1,valid,ox14-c000185 ox14-c000335 ox14-c000346 ox14-c000136 ox14-c000377,ox14-c000136 ox14-c000185 ox14-c000335 ox14-c000346 ox14-c000377,0.4000000000,false
deterministic_structural,ow14-s0075,positive,1,valid,ox14-c000198 ox14-c000070 ox14-c000104 ox14-c000396 ox14-c000247,ox14-c000070 ox14-c000104 ox14-c000198 ox14-c000247 ox14-c000396,0.6000000000,false
deterministic_structural,ow14-s0076,positive,1,valid,ox14-c000023 ox14-c000163 ox14-c000056 ox14-c000099 ox14-c000102,ox14-c000056 ox14-c000099 ox14-c000102 ox14-c000023 ox14-c000163,-0.5000000000,false
deterministic_structural,ow14-s0077,positive,1,valid,ox14-c000030 ox14-c000189 ox14-c000054 ox14-c000236 ox14-c000348,ox14-c000054 ox14-c000189 ox14-c000348 ox14-c000236 ox14-c000030,-0.2000000000,false
deterministic_structural,ow14-s0078,positive,1,valid,ox14-c000341 ox14-c000083 ox14-c000209 ox14-c000342 ox14-c000426,ox14-c000209 ox14-c000341 ox14-c000342 ox14-c000426 ox14-c000083,0.2000000000,false
deterministic_structural,ow14-s0079,positive,1,valid,ox14-c000254 ox14-c000340 ox14-c000259 ox14-c000184 ox14-c000333,ox14-c000184 ox14-c000254 ox14-c000259 ox14-c000333 ox14-c000340,0.0000000000,false
deterministic_structural,ow14-s0080,positive,1,valid,ox14-c000383 ox14-c000278 ox14-c000355 ox14-c000031 ox14-c000229,ox14-c000278 ox14-c000355 ox14-c000383 ox14-c000229 ox14-c000031,0.6000000000,false
deterministic_structural,ow14-s0081,positive,1,valid,ox14-c000125 ox14-c000065 ox14-c000435 ox14-c000294 ox14-c000204,ox14-c000065 ox14-c000125 ox14-c000204 ox14-c000435 ox14-c000294,0.6000000000,false
deterministic_structural,ow14-s0082,positive,1,valid,ox14-c000044 ox14-c000066 ox14-c000131 ox14-c000164 ox14-c000409,ox14-c000044 ox14-c000066 ox14-c000131 ox14-c000409 ox14-c000164,0.9000000000,false
deterministic_structural,ow14-s0083,positive,1,valid,ox14-c000208 ox14-c000432 ox14-c000301 ox14-c000261 ox14-c000112,ox14-c000112 ox14-c000208 ox14-c000261 ox14-c000432 ox14-c000301,-0.3000000000,false
deterministic_structural,ow14-s0084,positive,1,valid,ox14-c000224 ox14-c000332 ox14-c000362 ox14-c000310 ox14-c000414,ox14-c000332 ox14-c000414 ox14-c000224 ox14-c000362 ox14-c000310,0.2000000000,false
deterministic_structural,ow14-s0085,positive,1,valid,ox14-c000402 ox14-c000036 ox14-c000210 ox14-c000391 ox14-c000264,ox14-c000210 ox14-c000264 ox14-c000391 ox14-c000402 ox14-c000036,-0.6000000000,false
deterministic_structural,ow14-s0086,positive,1,valid,ox14-c000067 ox14-c000320 ox14-c000421 ox14-c000225 ox14-c000252,ox14-c000067 ox14-c000252 ox14-c000320 ox14-c000421 ox14-c000225,0.4000000000,false
deterministic_structural,ow14-s0087,positive,1,valid,ox14-c000165 ox14-c000090 ox14-c000319 ox14-c000140 ox14-c000369,ox14-c000140 ox14-c000090 ox14-c000369 ox14-c000165 ox14-c000319,-0.3000000000,false
deterministic_structural,ow14-s0088,positive,1,valid,ox14-c000072 ox14-c000312 ox14-c000265 ox14-c000389 ox14-c000081,ox14-c000072 ox14-c000265 ox14-c000389 ox14-c000081 ox14-c000312,0.4000000000,false
deterministic_structural,ow14-s0089,positive,1,valid,ox14-c000323 ox14-c000046 ox14-c000367 ox14-c000211 ox14-c000246,ox14-c000046 ox14-c000211 ox14-c000246 ox14-c000323 ox14-c000367,-0.1000000000,false
deterministic_structural,ow14-s0090,positive,1,valid,ox14-c000121 ox14-c000181 ox14-c000025 ox14-c000266 ox14-c000108,ox14-c000108 ox14-c000121 ox14-c000266 ox14-c000025 ox14-c000181,-0.4000000000,false
deterministic_structural,ow14-s0091,positive,1,valid,ox14-c000040 ox14-c000058 ox14-c000012 ox14-c000197 ox14-c000037,ox14-c000058 ox14-c000197 ox14-c000012 ox14-c000037 ox14-c000040,-0.1000000000,false
deterministic_structural,ow14-s0092,positive,1,valid,ox14-c000374 ox14-c000159 ox14-c000270 ox14-c000245 ox14-c000354,ox14-c000245 ox14-c000270 ox14-c000354 ox14-c000374 ox14-c000159,-0.6000000000,false
deterministic_structural,ow14-s0093,positive,1,valid,ox14-c000033 ox14-c000075 ox14-c000336 ox14-c000087 ox14-c000127,ox14-c000075 ox14-c000127 ox14-c000336 ox14-c000087 ox14-c000033,-0.3000000000,false
deterministic_structural,ow14-s0094,positive,1,valid,ox14-c000277 ox14-c000352 ox14-c000370 ox14-c000297 ox14-c000406,ox14-c000277 ox14-c000352 ox14-c000406 ox14-c000370 ox14-c000297,0.7000000000,false
deterministic_structural,ow14-s0095,positive,1,valid,ox14-c000357 ox14-c000183 ox14-c000113 ox14-c000060 ox14-c000133,ox14-c000060 ox14-c000113 ox14-c000133 ox14-c000357 ox14-c000183,-0.6000000000,false
deterministic_structural,ow14-s0096,positive,1,valid,ox14-c000004 ox14-c000398 ox14-c000103 ox14-c000293 ox14-c000381,ox14-c000103 ox14-c000381 ox14-c000398 ox14-c000004 ox14-c000293,-0.2000000000,false
deterministic_structural,ow14-s0097,positive,1,valid,ox14-c000074 ox14-c000093 ox14-c000373 ox14-c000422 ox14-c000107,ox14-c000074 ox14-c000107 ox14-c000422 ox14-c000093 ox14-c000373,0.1000000000,false
deterministic_structural,ow14-s0098,positive,1,valid,ox14-c000427 ox14-c000053 ox14-c000275 ox14-c000350 ox14-c000337,ox14-c000053 ox14-c000275 ox14-c000337 ox14-c000350 ox14-c000427,-0.1000000000,false
deterministic_structural,ow14-s0099,positive,1,valid,ox14-c000344 ox14-c000384 ox14-c000428 ox14-c000016 ox14-c000216,ox14-c000216 ox14-c000344 ox14-c000384 ox14-c000428 ox14-c000016,0.0000000000,false
deterministic_structural,ow14-s0100,positive,1,valid,ox14-c000207 ox14-c000220 ox14-c000177 ox14-c000306 ox14-c000268,ox14-c000207 ox14-c000220 ox14-c000268 ox14-c000177 ox14-c000306,0.7000000000,false
deterministic_structural,ow14-s0101,positive,1,valid,ox14-c000314 ox14-c000434 ox14-c000026 ox14-c000061 ox14-c000007,ox14-c000007 ox14-c000061 ox14-c000434 ox14-c000026 ox14-c000314,-0.9000000000,false
deterministic_structural,ow14-s0102,positive,1,valid,ox14-c000273 ox14-c000109 ox14-c000219 ox14-c000034 ox14-c000359,ox14-c000109 ox14-c000219 ox14-c000273 ox14-c000359 ox14-c000034,0.6000000000,false
deterministic_structural,ow14-s0103,positive,1,valid,ox14-c000405 ox14-c000269 ox14-c000101 ox14-c000363 ox14-c000303,ox14-c000101 ox14-c000269 ox14-c000405 ox14-c000363 ox14-c000303,0.6000000000,false
deterministic_structural,ow14-s0104,positive,1,valid,ox14-c000111 ox14-c000064 ox14-c000403 ox14-c000100 ox14-c000226,ox14-c000064 ox14-c000100 ox14-c000111 ox14-c000403 ox14-c000226,0.5000000000,false
deterministic_structural,ow14-s0105,positive,1,valid,ox14-c000212 ox14-c000003 ox14-c000387 ox14-c000048 ox14-c000141,ox14-c000003 ox14-c000048 ox14-c000141 ox14-c000212 ox14-c000387,-0.1000000000,false
deterministic_structural,ow14-s0106,positive,1,valid,ox14-c000202 ox14-c000399 ox14-c000082 ox14-c000251 ox14-c000423,ox14-c000202 ox14-c000251 ox14-c000399 ox14-c000423 ox14-c000082,0.5000000000,false
deterministic_structural,ow14-s0107,positive,1,valid,ox14-c000410 ox14-c000085 ox14-c000430 ox14-c000077 ox14-c000296,ox14-c000077 ox14-c000410 ox14-c000430 ox14-c000085 ox14-c000296,0.3000000000,false
deterministic_structural,ow14-s0108,positive,1,valid,ox14-c000118 ox14-c000395 ox14-c000223 ox14-c000353 ox14-c000018,ox14-c000118 ox14-c000353 ox14-c000395 ox14-c000223 ox14-c000018,0.7000000000,false
deterministic_structural,ow14-s0109,positive,1,valid,ox14-c000307 ox14-c000020 ox14-c000315 ox14-c000311 ox14-c000188,ox14-c000188 ox14-c000020 ox14-c000307 ox14-c000311 ox14-c000315,-0.2000000000,false
deterministic_structural,ow14-s0110,positive,1,valid,ox14-c000351 ox14-c000167 ox14-c000161 ox14-c000404 ox14-c000232,ox14-c000351 ox14-c000404 ox14-c000232 ox14-c000161 ox14-c000167,0.1000000000,false
deterministic_structural,ow14-s0111,positive,1,valid,ox14-c000029 ox14-c000117 ox14-c000429 ox14-c000119 ox14-c000272,ox14-c000117 ox14-c000119 ox14-c000272 ox14-c000429 ox14-c000029,-0.3000000000,false
deterministic_structural,ow14-s0112,positive,1,valid,ox14-c000378 ox14-c000136 ox14-c000346 ox14-c000185 ox14-c000377,ox14-c000136 ox14-c000185 ox14-c000346 ox14-c000377 ox14-c000378,-0.1000000000,false
deterministic_structural,ow14-s0113,positive,1,valid,ox14-c000094 ox14-c000396 ox14-c000198 ox14-c000070 ox14-c000247,ox14-c000070 ox14-c000198 ox14-c000247 ox14-c000396 ox14-c000094,-0.7000000000,false
deterministic_structural,ow14-s0114,positive,1,valid,ox14-c000102 ox14-c000099 ox14-c000139 ox14-c000023 ox14-c000056,ox14-c000056 ox14-c000099 ox14-c000102 ox14-c000139 ox14-c000023,-0.1000000000,false
deterministic_structural,ow14-s0115,positive,1,valid,ox14-c000189 ox14-c000006 ox14-c000348 ox14-c000236 ox14-c000030,ox14-c000006 ox14-c000189 ox14-c000348 ox14-c000236 ox14-c000030,0.9000000000,false
deterministic_structural,ow14-s0116,positive,1,valid,ox14-c000083 ox14-c000426 ox14-c000120 ox14-c000341 ox14-c000209,ox14-c000120 ox14-c000209 ox14-c000341 ox14-c000426 ox14-c000083,-0.7000000000,false
deterministic_structural,ow14-s0117,positive,1,valid,ox14-c000333 ox14-c000184 ox14-c000259 ox14-c000221 ox14-c000254,ox14-c000184 ox14-c000254 ox14-c000259 ox14-c000333 ox14-c000221,0.0000000000,false
deterministic_structural,ow14-s0118,positive,1,valid,ox14-c000031 ox14-c000355 ox14-c000010 ox14-c000229 ox14-c000278,ox14-c000278 ox14-c000355 ox14-c000229 ox14-c000010 ox14-c000031,-0.7000000000,false
deterministic_structural,ow14-s0119,positive,1,valid,ox14-c000294 ox14-c000204 ox14-c000125 ox14-c000169 ox14-c000065,ox14-c000065 ox14-c000125 ox14-c000204 ox14-c000169 ox14-c000294,-0.7000000000,false
deterministic_structural,ow14-s0120,positive,1,valid,ox14-c000409 ox14-c000164 ox14-c000050 ox14-c000044 ox14-c000066,ox14-c000044 ox14-c000050 ox14-c000066 ox14-c000409 ox14-c000164,-0.6000000000,false
deterministic_structural,ow14-s0121,positive,1,valid,ox14-c000208 ox14-c000112 ox14-c000261 ox14-c000214 ox14-c000432,ox14-c000112 ox14-c000208 ox14-c000214 ox14-c000261 ox14-c000432,0.8000000000,false
deterministic_structural,ow14-s0122,positive,1,valid,ox14-c000224 ox14-c000414 ox14-c000362 ox14-c000256 ox14-c000310,ox14-c000256 ox14-c000414 ox14-c000224 ox14-c000362 ox14-c000310,0.3000000000,false
deterministic_structural,ow14-s0123,positive,1,valid,ox14-c000391 ox14-c000036 ox14-c000402 ox14-c000210 ox14-c000199,ox14-c000199 ox14-c000210 ox14-c000391 ox14-c000402 ox14-c000036,-0.7000000000,false
deterministic_structural,ow14-s0124,positive,1,valid,ox14-c000225 ox14-c000067 ox14-c000252 ox14-c000160 ox14-c000320,ox14-c000067 ox14-c000252 ox14-c000320 ox14-c000225 ox14-c000160,0.2000000000,false
deterministic_structural,ow14-s0125,positive,1,valid,ox14-c000393 ox14-c000369 ox14-c000140 ox14-c000090 ox14-c000165,ox14-c000140 ox14-c000393 ox14-c000090 ox14-c000369 ox14-c000165,0.5000000000,false
deterministic_structural,ow14-s0126,positive,1,valid,ox14-c000081 ox14-c000072 ox14-c000265 ox14-c000366 ox14-c000389,ox14-c000072 ox14-c000265 ox14-c000389 ox14-c000081 ox14-c000366,0.2000000000,false
deterministic_structural,ow14-s0127,positive,1,valid,ox14-c000246 ox14-c000211 ox14-c000323 ox14-c000114 ox14-c000046,ox14-c000046 ox14-c000114 ox14-c000211 ox14-c000246 ox14-c000323,-0.7000000000,false
deterministic_structural,ow14-s0128,positive,1,valid,ox14-c000025 ox14-c000418 ox14-c000108 ox14-c000181 ox14-c000121,ox14-c000108 ox14-c000121 ox14-c000418 ox14-c000025 ox14-c000181,-0.2000000000,false
deterministic_structural,ow14-s0129,positive,1,valid,ox14-c000058 ox14-c000012 ox14-c000037 ox14-c000197 ox14-c000124,ox14-c000058 ox14-c000124 ox14-c000197 ox14-c000012 ox14-c000037,0.1000000000,false
deterministic_structural,ow14-s0130,positive,1,valid,ox14-c000270 ox14-c000245 ox14-c000354 ox14-c000339 ox14-c000374,ox14-c000245 ox14-c000270 ox14-c000339 ox14-c000354 ox14-c000374,0.8000000000,false
deterministic_structural,ow14-s0131,positive,1,valid,ox14-c000045 ox14-c000033 ox14-c000127 ox14-c000087 ox14-c000075,ox14-c000045 ox14-c000075 ox14-c000127 ox14-c000087 ox14-c000033,0.1000000000,false
deterministic_structural,ow14-s0132,positive,1,valid,ox14-c000382 ox14-c000352 ox14-c000406 ox14-c000297 ox14-c000277,ox14-c000277 ox14-c000352 ox14-c000382 ox14-c000406 ox14-c000297,-0.1000000000,false
deterministic_structural,ow14-s0133,positive,1,valid,ox14-c000357 ox14-c000192 ox14-c000060 ox14-c000113 ox14-c000183,ox14-c000060 ox14-c000113 ox14-c000192 ox14-c000357 ox14-c000183,0.1000000000,false
deterministic_structural,ow14-s0134,positive,1,valid,ox14-c000358 ox14-c000103 ox14-c000381 ox14-c000293 ox14-c000398,ox14-c000103 ox14-c000381 ox14-c000398 ox14-c000358 ox14-c000293,0.2000000000,false
deterministic_structural,ow14-s0135,positive,1,valid,ox14-c000093 ox14-c000201 ox14-c000373 ox14-c000422 ox14-c000107,ox14-c000107 ox14-c000201 ox14-c000422 ox14-c000093 ox14-c000373,-0.5000000000,false
deterministic_structural,ow14-s0136,positive,1,valid,ox14-c000300 ox14-c000427 ox14-c000337 ox14-c000350 ox14-c000053,ox14-c000053 ox14-c000337 ox14-c000350 ox14-c000427 ox14-c000300,-0.9000000000,false
deterministic_structural,ow14-s0137,positive,1,valid,ox14-c000216 ox14-c000016 ox14-c000205 ox14-c000384 ox14-c000344,ox14-c000205 ox14-c000216 ox14-c000344 ox14-c000384 ox14-c000016,0.1000000000,false
deterministic_structural,ow14-s0138,positive,1,valid,ox14-c000321 ox14-c000220 ox14-c000177 ox14-c000268 ox14-c000207,ox14-c000207 ox14-c000220 ox14-c000268 ox14-c000321 ox14-c000177,-0.5000000000,false
deterministic_structural,ow14-s0139,positive,1,valid,ox14-c000175 ox14-c000026 ox14-c000061 ox14-c000434 ox14-c000314,ox14-c000061 ox14-c000434 ox14-c000026 ox14-c000175 ox14-c000314,0.1000000000,false
deterministic_structural,ow14-s0140,positive,1,valid,ox14-c000109 ox14-c000273 ox14-c000137 ox14-c000034 ox14-c000219,ox14-c000109 ox14-c000137 ox14-c000219 ox14-c000273 ox14-c000034,0.5000000000,false
deterministic_structural,ow14-s0141,positive,1,valid,ox14-c000021 ox14-c000363 ox14-c000405 ox14-c000303 ox14-c000101,ox14-c000101 ox14-c000405 ox14-c000363 ox14-c000021 ox14-c000303,-0.4000000000,false
deterministic_structural,ow14-s0142,positive,1,valid,ox14-c000226 ox14-c000064 ox14-c000100 ox14-c000111 ox14-c000170,ox14-c000064 ox14-c000100 ox14-c000111 ox14-c000226 ox14-c000170,0.4000000000,false
deterministic_structural,ow14-s0143,positive,1,valid,ox14-c000212 ox14-c000141 ox14-c000387 ox14-c000318 ox14-c000048,ox14-c000048 ox14-c000141 ox14-c000212 ox14-c000387 ox14-c000318,-0.1000000000,false
deterministic_structural,ow14-s0144,positive,1,valid,ox14-c000251 ox14-c000423 ox14-c000399 ox14-c000194 ox14-c000082,ox14-c000194 ox14-c000251 ox14-c000399 ox14-c000423 ox14-c000082,0.3000000000,false
deterministic_structural,ow14-s0145,positive,1,valid,ox14-c000077 ox14-c000135 ox14-c000085 ox14-c000410 ox14-c000296,ox14-c000077 ox14-c000135 ox14-c000410 ox14-c000085 ox14-c000296,0.9000000000,false
deterministic_structural,ow14-s0146,positive,1,valid,ox14-c000353 ox14-c000223 ox14-c000118 ox14-c000052 ox14-c000395,ox14-c000052 ox14-c000118 ox14-c000353 ox14-c000395 ox14-c000223,-0.2000000000,false
deterministic_structural,ow14-s0147,positive,1,valid,ox14-c000311 ox14-c000433 ox14-c000315 ox14-c000307 ox14-c000188,ox14-c000188 ox14-c000433 ox14-c000307 ox14-c000311 ox14-c000315,-0.5000000000,false
deterministic_structural,ow14-s0148,positive,1,valid,ox14-c000167 ox14-c000161 ox14-c000243 ox14-c000404 ox14-c000351,ox14-c000243 ox14-c000351 ox14-c000404 ox14-c000161 ox14-c000167,-0.7000000000,false
deterministic_structural,ow14-s0149,positive,1,valid,ox14-c000272 ox14-c000117 ox14-c000029 ox14-c000429 ox14-c000372,ox14-c000117 ox14-c000272 ox14-c000429 ox14-c000372 ox14-c000029,0.6000000000,false
deterministic_structural,ow14-s0150,positive,1,valid,ox14-c000377 ox14-c000346 ox14-c000136 ox14-c000267 ox14-c000185,ox14-c000136 ox14-c000185 ox14-c000267 ox14-c000346 ox14-c000377,-0.7000000000,false
deterministic_structural,ow14-s0151,positive,1,valid,ox14-c000022 ox14-c000247 ox14-c000396 ox14-c000198 ox14-c000070,ox14-c000070 ox14-c000198 ox14-c000247 ox14-c000396 ox14-c000022,-0.9000000000,false
deterministic_structural,ow14-s0152,positive,1,valid,ox14-c000099 ox14-c000056 ox14-c000102 ox14-c000017 ox14-c000023,ox14-c000056 ox14-c000099 ox14-c000102 ox14-c000017 ox14-c000023,0.9000000000,false
deterministic_structural,ow14-s0153,positive,1,valid,ox14-c000388 ox14-c000348 ox14-c000236 ox14-c000189 ox14-c000030,ox14-c000189 ox14-c000348 ox14-c000388 ox14-c000236 ox14-c000030,0.3000000000,false
deterministic_structural,ow14-s0154,positive,1,valid,ox14-c000341 ox14-c000209 ox14-c000073 ox14-c000426 ox14-c000083,ox14-c000073 ox14-c000209 ox14-c000341 ox14-c000426 ox14-c000083,0.6000000000,false
deterministic_structural,ow14-s0155,positive,1,valid,ox14-c000254 ox14-c000184 ox14-c000259 ox14-c000095 ox14-c000333,ox14-c000095 ox14-c000184 ox14-c000254 ox14-c000259 ox14-c000333,0.3000000000,false
deterministic_structural,ow14-s0156,positive,1,valid,ox14-c000047 ox14-c000229 ox14-c000355 ox14-c000278 ox14-c000031,ox14-c000047 ox14-c000278 ox14-c000355 ox14-c000229 ox14-c000031,0.6000000000,false
deterministic_structural,ow14-s0157,positive,1,valid,ox14-c000294 ox14-c000065 ox14-c000204 ox14-c000125 ox14-c000230,ox14-c000065 ox14-c000125 ox14-c000204 ox14-c000230 ox14-c000294,-0.1000000000,false
deterministic_structural,ow14-s0158,positive,1,valid,ox14-c000164 ox14-c000066 ox14-c000043 ox14-c000044 ox14-c000409,ox14-c000043 ox14-c000044 ox14-c000066 ox14-c000409 ox14-c000164,-0.3000000000,false
deterministic_structural,ow14-s0159,positive,1,valid,ox14-c000208 ox14-c000112 ox14-c000261 ox14-c000416 ox14-c000432,ox14-c000112 ox14-c000208 ox14-c000261 ox14-c000416 ox14-c000432,0.9000000000,false
deterministic_structural,ow14-s0160,positive,1,valid,ox14-c000414 ox14-c000310 ox14-c000224 ox14-c000362 ox14-c000196,ox14-c000196 ox14-c000414 ox14-c000224 ox14-c000362 ox14-c000310,-0.3000000000,false
deterministic_structural,ow14-s0161,positive,1,valid,ox14-c000210 ox14-c000096 ox14-c000402 ox14-c000391 ox14-c000036,ox14-c000096 ox14-c000210 ox14-c000391 ox14-c000402 ox14-c000036,0.8000000000,false
deterministic_structural,ow14-s0162,positive,1,valid,ox14-c000320 ox14-c000225 ox14-c000413 ox14-c000067 ox14-c000252,ox14-c000067 ox14-c000252 ox14-c000320 ox14-c000413 ox14-c000225,-0.6000000000,false
deterministic_structural,ow14-s0163,positive,1,valid,ox14-c000369 ox14-c000090 ox14-c000165 ox14-c000411 ox14-c000140,ox14-c000140 ox14-c000411 ox14-c000090 ox14-c000369 ox14-c000165,-0.7000000000,false
deterministic_structural,ow14-s0164,positive,1,valid,ox14-c000081 ox14-c000389 ox14-c000072 ox14-c000265 ox14-c000386,ox14-c000072 ox14-c000265 ox14-c000386 ox14-c000389 ox14-c000081,-0.6000000000,false
deterministic_structural,ow14-s0165,positive,1,valid,ox14-c000168 ox14-c000211 ox14-c000246 ox14-c000323 ox14-c000046,ox14-c000046 ox14-c000211 ox14-c000246 ox14-c000323 ox14-c000168,-0.6000000000,false
deterministic_structural,ow14-s0166,positive,1,valid,ox14-c000181 ox14-c000025 ox14-c000108 ox14-c000071 ox14-c000121,ox14-c000071 ox14-c000108 ox14-c000121 ox14-c000025 ox14-c000181,-0.7000000000,false
deterministic_structural,ow14-s0167,positive,1,valid,ox14-c000197 ox14-c000260 ox14-c000037 ox14-c000012 ox14-c000058,ox14-c000058 ox14-c000197 ox14-c000260 ox14-c000012 ox14-c000037,-0.1000000000,false
deterministic_structural,ow14-s0168,positive,1,valid,ox14-c000270 ox14-c000374 ox14-c000354 ox14-c000215 ox14-c000245,ox14-c000215 ox14-c000245 ox14-c000270 ox14-c000354 ox14-c000374,-0.6000000000,false
deterministic_structural,ow14-s0169,positive,1,valid,ox14-c000087 ox14-c000033 ox14-c000106 ox14-c000075 ox14-c000127,ox14-c000075 ox14-c000106 ox14-c000127 ox14-c000087 ox14-c000033,-0.6000000000,false
deterministic_structural,ow14-s0170,positive,1,valid,ox14-c000406 ox14-c000297 ox14-c000420 ox14-c000277 ox14-c000352,ox14-c000277 ox14-c000352 ox14-c000406 ox14-c000420 ox14-c000297,-0.6000000000,false
deterministic_structural,ow14-s0171,positive,1,valid,ox14-c000060 ox14-c000183 ox14-c000113 ox14-c000302 ox14-c000357,ox14-c000060 ox14-c000113 ox14-c000357 ox14-c000183 ox14-c000302,0.5000000000,false
deterministic_structural,ow14-s0172,positive,1,valid,ox14-c000013 ox14-c000398 ox14-c000381 ox14-c000103 ox14-c000293,ox14-c000103 ox14-c000381 ox14-c000398 ox14-c000013 ox14-c000293,0.0000000000,false
deterministic_structural,ow14-s0173,positive,1,valid,ox14-c000142 ox14-c000373 ox14-c000093 ox14-c000422 ox14-c000107,ox14-c000107 ox14-c000142 ox14-c000422 ox14-c000093 ox14-c000373,-0.4000000000,false
deterministic_structural,ow14-s0174,positive,1,valid,ox14-c000337 ox14-c000053 ox14-c000350 ox14-c000427 ox14-c000128,ox14-c000053 ox14-c000128 ox14-c000337 ox14-c000350 ox14-c000427,0.2000000000,false
deterministic_structural,ow14-s0175,positive,1,valid,ox14-c000344 ox14-c000384 ox14-c000011 ox14-c000016 ox14-c000216,ox14-c000216 ox14-c000344 ox14-c000384 ox14-c000011 ox14-c000016,0.0000000000,false
deterministic_structural,ow14-s0176,positive,1,valid,ox14-c000313 ox14-c000220 ox14-c000268 ox14-c000207 ox14-c000177,ox14-c000207 ox14-c000220 ox14-c000268 ox14-c000177 ox14-c000313,-0.3000000000,false
deterministic_structural,ow14-s0177,positive,1,valid,ox14-c000434 ox14-c000061 ox14-c000026 ox14-c000314 ox14-c000076,ox14-c000061 ox14-c000076 ox14-c000434 ox14-c000026 ox14-c000314,0.2000000000,false
deterministic_structural,ow14-s0178,positive,1,valid,ox14-c000034 ox14-c000273 ox14-c000219 ox14-c000361 ox14-c000109,ox14-c000109 ox14-c000219 ox14-c000273 ox14-c000361 ox14-c000034,-0.7000000000,false
deterministic_structural,ow14-s0179,positive,1,valid,ox14-c000303 ox14-c000405 ox14-c000172 ox14-c000363 ox14-c000101,ox14-c000101 ox14-c000405 ox14-c000363 ox14-c000172 ox14-c000303,-0.7000000000,false
deterministic_structural,ow14-s0180,positive,1,valid,ox14-c000064 ox14-c000100 ox14-c000407 ox14-c000111 ox14-c000226,ox14-c000064 ox14-c000100 ox14-c000111 ox14-c000407 ox14-c000226,0.9000000000,false
deterministic_structural,ow14-s0181,positive,1,valid,ox14-c000141 ox14-c000387 ox14-c000048 ox14-c000298 ox14-c000212,ox14-c000048 ox14-c000141 ox14-c000212 ox14-c000387 ox14-c000298,0.3000000000,false
deterministic_structural,ow14-s0182,positive,1,valid,ox14-c000251 ox14-c000178 ox14-c000399 ox14-c000082 ox14-c000423,ox14-c000251 ox14-c000399 ox14-c000423 ox14-c000082 ox14-c000178,0.3000000000,false
deterministic_structural,ow14-s0183,positive,1,valid,ox14-c000077 ox14-c000296 ox14-c000410 ox14-c000085 ox14-c000115,ox14-c000077 ox14-c000115 ox14-c000410 ox14-c000085 ox14-c000296,0.1000000000,false
deterministic_structural,ow14-s0184,positive,1,valid,ox14-c000353 ox14-c000118 ox14-c000395 ox14-c000223 ox14-c000005,ox14-c000005 ox14-c000118 ox14-c000353 ox14-c000395 ox14-c000223,-0.1000000000,false
deterministic_structural,ow14-s0185,positive,1,valid,ox14-c000307 ox14-c000188 ox14-c000015 ox14-c000315 ox14-c000311,ox14-c000188 ox14-c000015 ox14-c000307 ox14-c000311 ox14-c000315,0.6000000000,false
deterministic_structural,ow14-s0186,positive,1,valid,ox14-c000167 ox14-c000351 ox14-c000161 ox14-c000404 ox14-c000182,ox14-c000351 ox14-c000404 ox14-c000161 ox14-c000167 ox14-c000182,0.3000000000,false
deterministic_structural,ow14-s0187,positive,1,valid,ox14-c000117 ox14-c000029 ox14-c000272 ox14-c000038 ox14-c000429,ox14-c000117 ox14-c000272 ox14-c000429 ox14-c000029 ox14-c000038,0.5000000000,false
deterministic_structural,ow14-s0188,positive,1,valid,ox14-c000185 ox14-c000059 ox14-c000136 ox14-c000346 ox14-c000377,ox14-c000059 ox14-c000136 ox14-c000185 ox14-c000346 ox14-c000377,0.7000000000,false
deterministic_structural,ow14-s0189,positive,1,valid,ox14-c000198 ox14-c000070 ox14-c000191 ox14-c000396 ox14-c000247,ox14-c000070 ox14-c000191 ox14-c000198 ox14-c000247 ox14-c000396,0.6000000000,false
deterministic_structural,ow14-s0190,positive,1,valid,ox14-c000099 ox14-c000014 ox14-c000056 ox14-c000023 ox14-c000102,ox14-c000056 ox14-c000099 ox14-c000102 ox14-c000014 ox14-c000023,0.3000000000,false
deterministic_structural,ow14-s0191,positive,1,valid,ox14-c000189 ox14-c000348 ox14-c000236 ox14-c000024 ox14-c000030,ox14-c000189 ox14-c000348 ox14-c000236 ox14-c000024 ox14-c000030,1.0000000000,true
deterministic_structural,ow14-s0192,positive,1,valid,ox14-c000083 ox14-c000426 ox14-c000341 ox14-c000088 ox14-c000209,ox14-c000209 ox14-c000341 ox14-c000426 ox14-c000083 ox14-c000088,-0.4000000000,false
deterministic_structural,ow14-s0193,positive,1,valid,ox14-c000184 ox14-c000371 ox14-c000333 ox14-c000259 ox14-c000254,ox14-c000184 ox14-c000254 ox14-c000259 ox14-c000333 ox14-c000371,0.0000000000,false
deterministic_structural,ow14-s0194,positive,1,valid,ox14-c000278 ox14-c000229 ox14-c000355 ox14-c000195 ox14-c000031,ox14-c000195 ox14-c000278 ox14-c000355 ox14-c000229 ox14-c000031,0.3000000000,false
deterministic_structural,ow14-s0195,positive,1,valid,ox14-c000294 ox14-c000065 ox14-c000125 ox14-c000204 ox14-c000274,ox14-c000065 ox14-c000125 ox14-c000204 ox14-c000274 ox14-c000294,0.0000000000,false
deterministic_structural,ow14-s0196,positive,1,valid,ox14-c000044 ox14-c000066 ox14-c000164 ox14-c000409 ox14-c000316,ox14-c000044 ox14-c000066 ox14-c000409 ox14-c000164 ox14-c000316,0.9000000000,false
deterministic_structural,ow14-s0197,positive,1,valid,ox14-c000432 ox14-c000317 ox14-c000261 ox14-c000208 ox14-c000112,ox14-c000112 ox14-c000208 ox14-c000261 ox14-c000432 ox14-c000317,-0.9000000000,false
deterministic_structural,ow14-s0198,positive,1,valid,ox14-c000362 ox14-c000126 ox14-c000310 ox14-c000224 ox14-c000414,ox14-c000126 ox14-c000414 ox14-c000224 ox14-c000362 ox14-c000310,-0.2000000000,false
deterministic_structural,ow14-s0199,positive,1,valid,ox14-c000391 ox14-c000402 ox14-c000210 ox14-c000036 ox14-c000253,ox14-c000210 ox14-c000253 ox14-c000391 ox14-c000402 ox14-c000036,-0.1000000000,false
deterministic_structural,ow14-s0200,positive,1,valid,ox14-c000067 ox14-c000062 ox14-c000225 ox14-c000320 ox14-c000252,ox14-c000062 ox14-c000067 ox14-c000252 ox14-c000320 ox14-c000225,0.5000000000,false
deterministic_structural,ow14-s0201,positive,1,valid,ox14-c000090 ox14-c000235 ox14-c000140 ox14-c000165 ox14-c000369,ox14-c000140 ox14-c000090 ox14-c000235 ox14-c000369 ox14-c000165,0.6000000000,false
deterministic_structural,ow14-s0202,positive,1,valid,ox14-c000389 ox14-c000265 ox14-c000258 ox14-c000081 ox14-c000072,ox14-c000072 ox14-c000258 ox14-c000265 ox14-c000389 ox14-c000081,-0.4000000000,false
deterministic_structural,ow14-s0203,positive,1,valid,ox14-c000211 ox14-c000046 ox14-c000130 ox14-c000246 ox14-c000323,ox14-c000046 ox14-c000130 ox14-c000211 ox14-c000246 ox14-c000323,0.7000000000,false
deterministic_structural,ow14-s0204,positive,1,valid,ox14-c000181 ox14-c000419 ox14-c000121 ox14-c000108 ox14-c000025,ox14-c000108 ox14-c000121 ox14-c000419 ox14-c000025 ox14-c000181,-0.4000000000,false
deterministic_structural,ow14-s0205,positive,1,valid,ox14-c000365 ox14-c000037 ox14-c000197 ox14-c000012 ox14-c000058,ox14-c000058 ox14-c000197 ox14-c000365 ox14-c000012 ox14-c000037,-0.5000000000,false
deterministic_structural,ow14-s0206,positive,1,valid,ox14-c000270 ox14-c000374 ox14-c000001 ox14-c000245 ox14-c000354,ox14-c000245 ox14-c000270 ox14-c000354 ox14-c000374 ox14-c000001,-0.1000000000,false
deterministic_structural,ow14-s0207,positive,1,valid,ox14-c000075 ox14-c000127 ox14-c000033 ox14-c000087 ox14-c000008,ox14-c000008 ox14-c000075 ox14-c000127 ox14-c000087 ox14-c000033,-0.1000000000,false
deterministic_structural,ow14-s0208,positive,1,valid,ox14-c000352 ox14-c000297 ox14-c000406 ox14-c000233 ox14-c000277,ox14-c000277 ox14-c000352 ox14-c000406 ox14-c000233 ox14-c000297,-0.3000000000,false
deterministic_structural,ow14-s0209,positive,1,valid,ox14-c000035 ox14-c000357 ox14-c000113 ox14-c000183 ox14-c000060,ox14-c000060 ox14-c000113 ox14-c000357 ox14-c000035 ox14-c000183,-0.4000000000,false
deterministic_structural,ow14-s0210,positive,1,valid,ox14-c000263 ox14-c000398 ox14-c000103 ox14-c000381 ox14-c000293,ox14-c000103 ox14-c000263 ox14-c000381 ox14-c000398 ox14-c000293,0.5000000000,false
deterministic_structural,ow14-s0211,positive,1,valid,ox14-c000373 ox14-c000107 ox14-c000162 ox14-c000422 ox14-c000093,ox14-c000107 ox14-c000422 ox14-c000093 ox14-c000373 ox14-c000162,-0.1000000000,false
deterministic_structural,ow14-s0212,positive,1,valid,ox14-c000337 ox14-c000053 ox14-c000350 ox14-c000041 ox14-c000427,ox14-c000053 ox14-c000337 ox14-c000350 ox14-c000427 ox14-c000041,0.8000000000,false
deterministic_structural,ow14-s0213,positive,1,valid,ox14-c000384 ox14-c000016 ox14-c000218 ox14-c000344 ox14-c000216,ox14-c000216 ox14-c000218 ox14-c000344 ox14-c000384 ox14-c000016,-0.8000000000,false
deterministic_structural,ow14-s0214,positive,1,valid,ox14-c000220 ox14-c000268 ox14-c000207 ox14-c000177 ox14-c000308,ox14-c000207 ox14-c000220 ox14-c000268 ox14-c000177 ox14-c000308,0.7000000000,false
deterministic_structural,ow14-s0215,positive,1,valid,ox14-c000026 ox14-c000138 ox14-c000314 ox14-c000434 ox14-c000061,ox14-c000061 ox14-c000138 ox14-c000434 ox14-c000026 ox14-c000314,-0.5000000000,false
deterministic_structural,ow14-s0216,positive,1,valid,ox14-c000109 ox14-c000273 ox14-c000219 ox14-c000009 ox14-c000034,ox14-c000109 ox14-c000219 ox14-c000273 ox14-c000009 ox14-c000034,0.9000000000,false
deterministic_structural,ow14-s0217,positive,1,valid,ox14-c000303 ox14-c000101 ox14-c000051 ox14-c000363 ox14-c000405,ox14-c000051 ox14-c000101 ox14-c000405 ox14-c000363 ox14-c000303,-0.2000000000,false
deterministic_structural,ow14-s0218,positive,1,valid,ox14-c000379 ox14-c000226 ox14-c000100 ox14-c000064 ox14-c000111,ox14-c000064 ox14-c000100 ox14-c000111 ox14-c000379 ox14-c000226,-0.6000000000,false
deterministic_structural,ow14-s0219,positive,1,valid,ox14-c000212 ox14-c000387 ox14-c000048 ox14-c000250 ox14-c000141,ox14-c000048 ox14-c000141 ox14-c000212 ox14-c000250 ox14-c000387,-0.3000000000,false
deterministic_structural,ow14-s0220,positive,1,valid,ox14-c000251 ox14-c000431 ox14-c000399 ox14-c000423 ox14-c000082,ox14-c000251 ox14-c000399 ox14-c000423 ox14-c000431 ox14-c000082,0.7000000000,false
deterministic_structural,ow14-s0221,positive,1,valid,ox14-c000085 ox14-c000299 ox14-c000077 ox14-c000410 ox14-c000296,ox14-c000077 ox14-c000410 ox14-c000085 ox14-c000296 ox14-c000299,-0.1000000000,false
deterministic_structural,ow14-s0222,positive,1,valid,ox14-c000223 ox14-c000424 ox14-c000395 ox14-c000118 ox14-c000353,ox14-c000118 ox14-c000353 ox14-c000395 ox14-c000424 ox14-c000223,-0.9000000000,false
deterministic_structural,ow14-s0223,positive,1,valid,ox14-c000315 ox14-c000307 ox14-c000390 ox14-c000188 ox14-c000311,ox14-c000188 ox14-c000390 ox14-c000307 ox14-c000311 ox14-c000315,-0.4000000000,false
deterministic_structural,ow14-s0224,positive,1,valid,ox14-c000161 ox14-c000351 ox14-c000167 ox14-c000295 ox14-c000404,ox14-c000351 ox14-c000404 ox14-c000161 ox14-c000167 ox14-c000295,0.2000000000,false
deterministic_structural,ow14-s0225,positive,1,valid,ox14-c000117 ox14-c000272 ox14-c000029 ox14-c000105 ox14-c000429,ox14-c000105 ox14-c000117 ox14-c000272 ox14-c000429 ox14-c000029,0.2000000000,false
deterministic_structural,ow14-s0226,positive,1,valid,ox14-c000136 ox14-c000377 ox14-c000185 ox14-c000203 ox14-c000346,ox14-c000136 ox14-c000185 ox14-c000203 ox14-c000346 ox14-c000377,0.4000000000,false
deterministic_structural,ow14-s0227,positive,1,valid,ox14-c000396 ox14-c000401 ox14-c000198 ox14-c000070 ox14-c000247,ox14-c000070 ox14-c000198 ox14-c000247 ox14-c000396 ox14-c000401,-0.6000000000,false
deterministic_structural,ow14-s0228,positive,1,valid,ox14-c000099 ox14-c000392 ox14-c000102 ox14-c000056 ox14-c000023,ox14-c000056 ox14-c000099 ox14-c000102 ox14-c000392 ox14-c000023,0.3000000000,false
deterministic_structural,ow14-s0229,positive,1,valid,ox14-c000030 ox14-c000348 ox14-c000123 ox14-c000189 ox14-c000236,ox14-c000123 ox14-c000189 ox14-c000348 ox14-c000236 ox14-c000030,-0.3000000000,false
deterministic_structural,ow14-s0230,positive,1,valid,ox14-c000083 ox14-c000209 ox14-c000341 ox14-c000249 ox14-c000426,ox14-c000209 ox14-c000249 ox14-c000341 ox14-c000426 ox14-c000083,-0.1000000000,false
deterministic_structural,ow14-s0231,positive,1,valid,ox14-c000254 ox14-c000333 ox14-c000238 ox14-c000259 ox14-c000184,ox14-c000184 ox14-c000238 ox14-c000254 ox14-c000259 ox14-c000333,-0.5000000000,false
deterministic_structural,ow14-s0232,positive,1,valid,ox14-c000031 ox14-c000229 ox14-c000355 ox14-c000278 ox14-c000331,ox14-c000278 ox14-c000331 ox14-c000355 ox14-c000229 ox14-c000031,-0.9000000000,false
deterministic_structural,ow14-s0233,positive,1,valid,ox14-c000204 ox14-c000125 ox14-c000078 ox14-c000294 ox14-c000065,ox14-c000065 ox14-c000125 ox14-c000204 ox14-c000078 ox14-c000294,-0.1000000000,false
deterministic_structural,ow14-s0234,positive,1,valid,ox14-c000409 ox14-c000044 ox14-c000239 ox14-c000066 ox14-c000164,ox14-c000044 ox14-c000066 ox14-c000239 ox14-c000409 ox14-c000164,0.3000000000,false
deterministic_structural,ow14-s0235,positive,1,valid,ox14-c000376 ox14-c000261 ox14-c000208 ox14-c000432 ox14-c000112,ox14-c000112 ox14-c000208 ox14-c000261 ox14-c000432 ox14-c000376,-0.7000000000,false
deterministic_structural,ow14-s0236,positive,1,valid,ox14-c000330 ox14-c000310 ox14-c000414 ox14-c000224 ox14-c000362,ox14-c000330 ox14-c000414 ox14-c000224 ox14-c000362 ox14-c000310,0.4000000000,false
deterministic_structural,ow14-s0237,negative_only,1,valid,ox14-c000189 ox14-c000209 ox14-c000236 ox14-c000030 ox14-c000348,ox14-c000189 ox14-c000209 ox14-c000348 ox14-c000236 ox14-c000030,0.7000000000,false
deterministic_structural,ow14-s0238,negative_only,1,valid,ox14-c000341 ox14-c000426 ox14-c000333 ox14-c000184 ox14-c000083,ox14-c000184 ox14-c000333 ox14-c000341 ox14-c000426 ox14-c000083,0.1000000000,false
deterministic_structural,ow14-s0239,negative_only,1,valid,ox14-c000229 ox14-c000278 ox14-c000259 ox14-c000355 ox14-c000254,ox14-c000254 ox14-c000259 ox14-c000278 ox14-c000355 ox14-c000229,-0.7000000000,false
deterministic_structural,ow14-s0240,negative_only,1,valid,ox14-c000031 ox14-c000065 ox14-c000125 ox14-c000294 ox14-c000204,ox14-c000065 ox14-c000125 ox14-c000204 ox14-c000031 ox14-c000294,0.2000000000,false
deterministic_structural,ow14-s0241,negative_only,1,valid,ox14-c000044 ox14-c000409 ox14-c000066 ox14-c000164 ox14-c000261,ox14-c000044 ox14-c000066 ox14-c000261 ox14-c000409 ox14-c000164,0.5000000000,false
deterministic_structural,ow14-s0242,negative_only,1,valid,ox14-c000414 ox14-c000208 ox14-c000112 ox14-c000224 ox14-c000432,ox14-c000112 ox14-c000208 ox14-c000414 ox14-c000432 ox14-c000224,0.5000000000,false
deterministic_structural,ow14-s0243,negative_only,1,valid,ox14-c000362 ox14-c000391 ox14-c000402 ox14-c000310 ox14-c000210,ox14-c000210 ox14-c000391 ox14-c000402 ox14-c000362 ox14-c000310,-0.3000000000,false
deterministic_structural,ow14-s0244,negative_only,1,valid,ox14-c000036 ox14-c000225 ox14-c000067 ox14-c000320 ox14-c000252,ox14-c000067 ox14-c000252 ox14-c000320 ox14-c000225 ox14-c000036,-0.7000000000,false
deterministic_structural,ow14-s0245,negative_only,1,valid,ox14-c000072 ox14-c000090 ox14-c000165 ox14-c000140 ox14-c000369,ox14-c000072 ox14-c000140 ox14-c000090 ox14-c000369 ox14-c000165,0.5000000000,false
deterministic_structural,ow14-s0246,negative_only,1,valid,ox14-c000246 ox14-c000389 ox14-c000046 ox14-c000265 ox14-c000081,ox14-c000046 ox14-c000246 ox14-c000265 ox14-c000389 ox14-c000081,0.5000000000,false
deterministic_structural,ow14-s0247,negative_only,1,valid,ox14-c000108 ox14-c000025 ox14-c000323 ox14-c000121 ox14-c000211,ox14-c000108 ox14-c000121 ox14-c000211 ox14-c000323 ox14-c000025,0.1000000000,false
deterministic_structural,ow14-s0248,negative_only,1,valid,ox14-c000037 ox14-c000058 ox14-c000181 ox14-c000012 ox14-c000197,ox14-c000058 ox14-c000197 ox14-c000012 ox14-c000037 ox14-c000181,-0.2000000000,false
deterministic_structural,ow14-s0249,negative_only,1,valid,ox14-c000270 ox14-c000354 ox14-c000245 ox14-c000374 ox14-c000087,ox14-c000245 ox14-c000270 ox14-c000354 ox14-c000087 ox14-c000374,0.6000000000,false
deterministic_structural,ow14-s0250,negative_only,1,valid,ox14-c000127 ox14-c000033 ox14-c000075 ox14-c000406 ox14-c000297,ox14-c000075 ox14-c000127 ox14-c000406 ox14-c000033 ox14-c000297,0.5000000000,false
deterministic_structural,ow14-s0251,negative_only,1,valid,ox14-c000357 ox14-c000060 ox14-c000183 ox14-c000277 ox14-c000352,ox14-c000060 ox14-c000277 ox14-c000352 ox14-c000357 ox14-c000183,-0.1000000000,false
deterministic_structural,ow14-s0252,negative_only,1,valid,ox14-c000381 ox14-c000293 ox14-c000103 ox14-c000113 ox14-c000398,ox14-c000103 ox14-c000113 ox14-c000381 ox14-c000398 ox14-c000293,-0.1000000000,false
deterministic_structural,ow14-s0253,negative_only,1,valid,ox14-c000427 ox14-c000093 ox14-c000422 ox14-c000373 ox14-c000107,ox14-c000107 ox14-c000422 ox14-c000427 ox14-c000093 ox14-c000373,-0.3000000000,false
deterministic_structural,ow14-s0254,negative_only,1,valid,ox14-c000053 ox14-c000337 ox14-c000384 ox14-c000350 ox14-c000216,ox14-c000053 ox14-c000216 ox14-c000337 ox14-c000350 ox14-c000384,0.3000000000,false
deterministic_structural,ow14-s0255,negative_only,1,valid,ox14-c000207 ox14-c000177 ox14-c000016 ox14-c000220 ox14-c000344,ox14-c000207 ox14-c000220 ox14-c000344 ox14-c000016 ox14-c000177,0.1000000000,false
deterministic_structural,ow14-s0256,negative_only,1,valid,ox14-c000434 ox14-c000268 ox14-c000061 ox14-c000026 ox14-c000314,ox14-c000061 ox14-c000268 ox14-c000434 ox14-c000026 ox14-c000314,0.6000000000,false
deterministic_structural,ow14-s0257,negative_only,1,valid,ox14-c000273 ox14-c000219 ox14-c000363 ox14-c000034 ox14-c000109,ox14-c000109 ox14-c000219 ox14-c000273 ox14-c000363 ox14-c000034,-0.1000000000,false
deterministic_structural,ow14-s0258,negative_only,1,valid,ox14-c000405 ox14-c000303 ox14-c000100 ox14-c000101 ox14-c000226,ox14-c000100 ox14-c000101 ox14-c000405 ox14-c000226 ox14-c000303,-0.1000000000,false
deterministic_structural,ow14-s0259,negative_only,1,valid,ox14-c000048 ox14-c000111 ox14-c000387 ox14-c000064 ox14-c000212,ox14-c000048 ox14-c000064 ox14-c000111 ox14-c000212 ox14-c000387,0.5000000000,false
deterministic_structural,ow14-s0260,negative_only,1,valid,ox14-c000423 ox14-c000399 ox14-c000251 ox14-c000141 ox14-c000082,ox14-c000141 ox14-c000251 ox14-c000399 ox14-c000423 ox14-c000082,0.0000000000,false
deterministic_structural,ow14-s0261,negative_only,1,valid,ox14-c000296 ox14-c000395 ox14-c000077 ox14-c000085 ox14-c000410,ox14-c000077 ox14-c000395 ox14-c000410 ox14-c000085 ox14-c000296,-0.2000000000,false
deterministic_structural,ow14-s0262,negative_only,1,valid,ox14-c000118 ox14-c000223 ox14-c000353 ox14-c000307 ox14-c000188,ox14-c000118 ox14-c000188 ox14-c000353 ox14-c000223 ox14-c000307,0.3000000000,false
deterministic_structural,ow14-s0263,negative_only,1,valid,ox14-c000404 ox14-c000351 ox14-c000167 ox14-c000311 ox14-c000315,ox14-c000351 ox14-c000404 ox14-c000167 ox14-c000311 ox14-c000315,0.9000000000,false
deterministic_structural,ow14-s0264,negative_only,1,valid,ox14-c000272 ox14-c000117 ox14-c000161 ox14-c000029 ox14-c000429,ox14-c000117 ox14-c000272 ox14-c000429 ox14-c000029 ox14-c000161,0.5000000000,false
deterministic_structural,ow14-s0265,negative_only,1,valid,ox14-c000377 ox14-c000396 ox14-c000136 ox14-c000185 ox14-c000346,ox14-c000136 ox14-c000185 ox14-c000346 ox14-c000377 ox14-c000396,-0.5000000000,false
deterministic_structural,ow14-s0266,negative_only,1,valid,ox14-c000023 ox14-c000247 ox14-c000099 ox14-c000070 ox14-c000198,ox14-c000070 ox14-c000099 ox14-c000198 ox14-c000247 ox14-c000023,-0.7000000000,false
proprietary_gpt,ow14-s0001,positive,1,valid,ox14-c000348 ox14-c000227 ox14-c000189 ox14-c000236 ox14-c000030,ox14-c000227 ox14-c000236 ox14-c000348 ox14-c000189 ox14-c000030,0.5000000000,false
proprietary_gpt,ow14-s0001,positive,2,valid,ox14-c000348 ox14-c000227 ox14-c000189 ox14-c000236 ox14-c000030,ox14-c000227 ox14-c000236 ox14-c000348 ox14-c000189 ox14-c000030,0.5000000000,false
proprietary_gpt,ow14-s0001,positive,3,valid,ox14-c000348 ox14-c000227 ox14-c000189 ox14-c000236 ox14-c000030,ox14-c000227 ox14-c000236 ox14-c000348 ox14-c000189 ox14-c000030,0.5000000000,false
proprietary_gpt,ow14-s0001,positive,4,valid,ox14-c000348 ox14-c000227 ox14-c000189 ox14-c000236 ox14-c000030,ox14-c000227 ox14-c000236 ox14-c000348 ox14-c000189 ox14-c000030,0.5000000000,false
proprietary_gpt,ow14-s0001,positive,5,valid,ox14-c000348 ox14-c000227 ox14-c000189 ox14-c000236 ox14-c000030,ox14-c000227 ox14-c000236 ox14-c000348 ox14-c000189 ox14-c000030,0.5000000000,false
proprietary_gpt,ow14-s0002,positive,1,valid,ox14-c000426 ox14-c000083 ox14-c000222 ox14-c000209 ox14-c000341,ox14-c000083 ox14-c000222 ox14-c000209 ox14-c000341 ox14-c000426,0.0000000000,false
proprietary_gpt,ow14-s0002,positive,2,valid,ox14-c000426 ox14-c000083 ox14-c000222 ox14-c000209 ox14-c000341,ox14-c000426 ox14-c000209 ox14-c000341 ox14-c000083 ox14-c000222,0.2000000000,false
proprietary_gpt,ow14-s0002,positive,3,valid,ox14-c000426 ox14-c000083 ox14-c000222 ox14-c000209 ox14-c000341,ox14-c000426 ox14-c000209 ox14-c000341 ox14-c000083 ox14-c000222,0.2000000000,false
proprietary_gpt,ow14-s0002,positive,4,valid,ox14-c000426 ox14-c000083 ox14-c000222 ox14-c000209 ox14-c000341,ox14-c000083 ox14-c000222 ox14-c000426 ox14-c000209 ox14-c000341,0.7000000000,false
proprietary_gpt,ow14-s0002,positive,5,valid,ox14-c000426 ox14-c000083 ox14-c000222 ox14-c000209 ox14-c000341,ox14-c000426 ox14-c000209 ox14-c000341 ox14-c000083 ox14-c000222,0.2000000000,false
proprietary_gpt,ow14-s0003,positive,1,valid,ox14-c000259 ox14-c000326 ox14-c000184 ox14-c000333 ox14-c000254,ox14-c000259 ox14-c000326 ox14-c000184 ox14-c000333 ox14-c000254,1.0000000000,true
proprietary_gpt,ow14-s0003,positive,2,valid,ox14-c000259 ox14-c000326 ox14-c000184 ox14-c000333 ox14-c000254,ox14-c000259 ox14-c000326 ox14-c000184 ox14-c000333 ox14-c000254,1.0000000000,true
proprietary_gpt,ow14-s0003,positive,3,valid,ox14-c000259 ox14-c000326 ox14-c000184 ox14-c000333 ox14-c000254,ox14-c000259 ox14-c000326 ox14-c000184 ox14-c000333 ox14-c000254,1.0000000000,true
proprietary_gpt,ow14-s0003,positive,4,valid,ox14-c000259 ox14-c000326 ox14-c000184 ox14-c000333 ox14-c000254,ox14-c000259 ox14-c000326 ox14-c000184 ox14-c000333 ox14-c000254,1.0000000000,true
proprietary_gpt,ow14-s0003,positive,5,valid,ox14-c000259 ox14-c000326 ox14-c000184 ox14-c000333 ox14-c000254,ox14-c000259 ox14-c000326 ox14-c000184 ox14-c000333 ox14-c000254,1.0000000000,true
proprietary_gpt,ow14-s0004,positive,1,valid,ox14-c000055 ox14-c000229 ox14-c000355 ox14-c000278 ox14-c000031,ox14-c000055 ox14-c000278 ox14-c000355 ox14-c000229 ox14-c000031,0.6000000000,false
proprietary_gpt,ow14-s0004,positive,2,valid,ox14-c000055 ox14-c000229 ox14-c000355 ox14-c000278 ox14-c000031,ox14-c000278 ox14-c000055 ox14-c000355 ox14-c000229 ox14-c000031,0.3000000000,false
proprietary_gpt,ow14-s0004,positive,3,valid,ox14-c000055 ox14-c000229 ox14-c000355 ox14-c000278 ox14-c000031,ox14-c000229 ox14-c000055 ox14-c000355 ox14-c000278 ox14-c000031,0.9000000000,false
proprietary_gpt,ow14-s0004,positive,4,valid,ox14-c000055 ox14-c000229 ox14-c000355 ox14-c000278 ox14-c000031,ox14-c000278 ox14-c000055 ox14-c000355 ox14-c000229 ox14-c000031,0.3000000000,false
proprietary_gpt,ow14-s0004,positive,5,valid,ox14-c000055 ox14-c000229 ox14-c000355 ox14-c000278 ox14-c000031,ox14-c000278 ox14-c000055 ox14-c000355 ox14-c000229 ox14-c000031,0.3000000000,false
proprietary_gpt,ow14-s0005,positive,1,valid,ox14-c000294 ox14-c000204 ox14-c000065 ox14-c000125 ox14-c000098,ox14-c000125 ox14-c000098 ox14-c000204 ox14-c000065 ox14-c000294,-0.8000000000,false
proprietary_gpt,ow14-s0005,positive,2,valid,ox14-c000294 ox14-c000204 ox14-c000065 ox14-c000125 ox14-c000098,ox14-c000204 ox14-c000065 ox14-c000125 ox14-c000098 ox14-c000294,0.0000000000,false
proprietary_gpt,ow14-s0005,positive,3,valid,ox14-c000294 ox14-c000204 ox14-c000065 ox14-c000125 ox14-c000098,ox14-c000204 ox14-c000065 ox14-c000125 ox14-c000098 ox14-c000294,0.0000000000,false
proprietary_gpt,ow14-s0005,positive,4,valid,ox14-c000294 ox14-c000204 ox14-c000065 ox14-c000125 ox14-c000098,ox14-c000204 ox14-c000065 ox14-c000125 ox14-c000098 ox14-c000294,0.0000000000,false
proprietary_gpt,ow14-s0005,positive,5,valid,ox14-c000294 ox14-c000204 ox14-c000065 ox14-c000125 ox14-c000098,ox14-c000125 ox14-c000098 ox14-c000204 ox14-c000065 ox14-c000294,-0.8000000000,false
proprietary_gpt,ow14-s0006,positive,1,valid,ox14-c000164 ox14-c000044 ox14-c000334 ox14-c000066 ox14-c000409,ox14-c000044 ox14-c000334 ox14-c000409 ox14-c000066 ox14-c000164,-0.1000000000,false
proprietary_gpt,ow14-s0006,positive,2,valid,ox14-c000164 ox14-c000044 ox14-c000334 ox14-c000066 ox14-c000409,ox14-c000044 ox14-c000334 ox14-c000409 ox14-c000066 ox14-c000164,-0.1000000000,false
proprietary_gpt,ow14-s0006,positive,3,valid,ox14-c000164 ox14-c000044 ox14-c000334 ox14-c000066 ox14-c000409,ox14-c000044 ox14-c000334 ox14-c000409 ox14-c000066 ox14-c000164,-0.1000000000,false
proprietary_gpt,ow14-s0006,positive,4,valid,ox14-c000164 ox14-c000044 ox14-c000334 ox14-c000066 ox14-c000409,ox14-c000044 ox14-c000334 ox14-c000409 ox14-c000066 ox14-c000164,-0.1000000000,false
proprietary_gpt,ow14-s0006,positive,5,valid,ox14-c000164 ox14-c000044 ox14-c000334 ox14-c000066 ox14-c000409,ox14-c000044 ox14-c000334 ox14-c000409 ox14-c000066 ox14-c000164,-0.1000000000,false
proprietary_gpt,ow14-s0007,positive,1,valid,ox14-c000208 ox14-c000112 ox14-c000261 ox14-c000432 ox14-c000255,ox14-c000112 ox14-c000261 ox14-c000255 ox14-c000432 ox14-c000208,-0.1000000000,false
proprietary_gpt,ow14-s0007,positive,2,valid,ox14-c000208 ox14-c000112 ox14-c000261 ox14-c000432 ox14-c000255,ox14-c000112 ox14-c000261 ox14-c000255 ox14-c000432 ox14-c000208,-0.1000000000,false
proprietary_gpt,ow14-s0007,positive,3,valid,ox14-c000208 ox14-c000112 ox14-c000261 ox14-c000432 ox14-c000255,ox14-c000208 ox14-c000432 ox14-c000112 ox14-c000261 ox14-c000255,0.7000000000,false
proprietary_gpt,ow14-s0007,positive,4,valid,ox14-c000208 ox14-c000112 ox14-c000261 ox14-c000432 ox14-c000255,ox14-c000432 ox14-c000112 ox14-c000261 ox14-c000255 ox14-c000208,-0.3000000000,false
proprietary_gpt,ow14-s0007,positive,5,valid,ox14-c000208 ox14-c000112 ox14-c000261 ox14-c000432 ox14-c000255,ox14-c000208 ox14-c000112 ox14-c000261 ox14-c000432 ox14-c000255,1.0000000000,true
proprietary_gpt,ow14-s0008,positive,1,valid,ox14-c000362 ox14-c000310 ox14-c000414 ox14-c000224 ox14-c000173,ox14-c000414 ox14-c000362 ox14-c000224 ox14-c000310 ox14-c000173,0.5000000000,false
proprietary_gpt,ow14-s0008,positive,2,valid,ox14-c000362 ox14-c000310 ox14-c000414 ox14-c000224 ox14-c000173,ox14-c000362 ox14-c000224 ox14-c000414 ox14-c000310 ox14-c000173,0.6000000000,false
proprietary_gpt,ow14-s0008,positive,3,valid,ox14-c000362 ox14-c000310 ox14-c000414 ox14-c000224 ox14-c000173,ox14-c000414 ox14-c000362 ox14-c000224 ox14-c000310 ox14-c000173,0.5000000000,false
proprietary_gpt,ow14-s0008,positive,4,valid,ox14-c000362 ox14-c000310 ox14-c000414 ox14-c000224 ox14-c000173,ox14-c000362 ox14-c000224 ox14-c000414 ox14-c000310 ox14-c000173,0.6000000000,false
proprietary_gpt,ow14-s0008,positive,5,valid,ox14-c000362 ox14-c000310 ox14-c000414 ox14-c000224 ox14-c000173,ox14-c000414 ox14-c000362 ox14-c000224 ox14-c000310 ox14-c000173,0.5000000000,false
proprietary_gpt,ow14-s0009,positive,1,valid,ox14-c000402 ox14-c000210 ox14-c000063 ox14-c000391 ox14-c000036,ox14-c000402 ox14-c000391 ox14-c000210 ox14-c000063 ox14-c000036,0.7000000000,false
proprietary_gpt,ow14-s0009,positive,2,valid,ox14-c000402 ox14-c000210 ox14-c000063 ox14-c000391 ox14-c000036,ox14-c000402 ox14-c000391 ox14-c000210 ox14-c000063 ox14-c000036,0.7000000000,false
proprietary_gpt,ow14-s0009,positive,3,valid,ox14-c000402 ox14-c000210 ox14-c000063 ox14-c000391 ox14-c000036,ox14-c000402 ox14-c000391 ox14-c000210 ox14-c000063 ox14-c000036,0.7000000000,false
proprietary_gpt,ow14-s0009,positive,4,valid,ox14-c000402 ox14-c000210 ox14-c000063 ox14-c000391 ox14-c000036,ox14-c000210 ox14-c000063 ox14-c000402 ox14-c000391 ox14-c000036,0.7000000000,false
proprietary_gpt,ow14-s0009,positive,5,valid,ox14-c000402 ox14-c000210 ox14-c000063 ox14-c000391 ox14-c000036,ox14-c000402 ox14-c000391 ox14-c000210 ox14-c000063 ox14-c000036,0.7000000000,false
proprietary_gpt,ow14-s0010,positive,1,valid,ox14-c000225 ox14-c000320 ox14-c000252 ox14-c000349 ox14-c000067,ox14-c000225 ox14-c000320 ox14-c000252 ox14-c000349 ox14-c000067,1.0000000000,true
proprietary_gpt,ow14-s0010,positive,2,valid,ox14-c000225 ox14-c000320 ox14-c000252 ox14-c000349 ox14-c000067,ox14-c000225 ox14-c000320 ox14-c000252 ox14-c000349 ox14-c000067,1.0000000000,true
proprietary_gpt,ow14-s0010,positive,3,valid,ox14-c000225 ox14-c000320 ox14-c000252 ox14-c000349 ox14-c000067,ox14-c000225 ox14-c000349 ox14-c000067 ox14-c000320 ox14-c000252,0.2000000000,false
proprietary_gpt,ow14-s0010,positive,4,valid,ox14-c000225 ox14-c000320 ox14-c000252 ox14-c000349 ox14-c000067,ox14-c000225 ox14-c000320 ox14-c000252 ox14-c000349 ox14-c000067,1.0000000000,true
proprietary_gpt,ow14-s0010,positive,5,valid,ox14-c000225 ox14-c000320 ox14-c000252 ox14-c000349 ox14-c000067,ox14-c000225 ox14-c000349 ox14-c000067 ox14-c000320 ox14-c000252,0.2000000000,false
proprietary_gpt,ow14-s0011,positive,1,valid,ox14-c000329 ox14-c000369 ox14-c000165 ox14-c000140 ox14-c000090,ox14-c000369 ox14-c000090 ox14-c000329 ox14-c000140 ox14-c000165,0.1000000000,false
proprietary_gpt,ow14-s0011,positive,2,valid,ox14-c000329 ox14-c000369 ox14-c000165 ox14-c000140 ox14-c000090,ox14-c000369 ox14-c000090 ox14-c000329 ox14-c000140 ox14-c000165,0.1000000000,false
proprietary_gpt,ow14-s0011,positive,3,valid,ox14-c000329 ox14-c000369 ox14-c000165 ox14-c000140 ox14-c000090,ox14-c000369 ox14-c000090 ox14-c000140 ox14-c000329 ox14-c000165,-0.2000000000,false
proprietary_gpt,ow14-s0011,positive,4,valid,ox14-c000329 ox14-c000369 ox14-c000165 ox14-c000140 ox14-c000090,ox14-c000369 ox14-c000090 ox14-c000329 ox14-c000140 ox14-c000165,0.1000000000,false
proprietary_gpt,ow14-s0011,positive,5,valid,ox14-c000329 ox14-c000369 ox14-c000165 ox14-c000140 ox14-c000090,ox14-c000369 ox14-c000090 ox14-c000329 ox14-c000140 ox14-c000165,0.1000000000,false
proprietary_gpt,ow14-s0012,positive,1,valid,ox14-c000244 ox14-c000072 ox14-c000265 ox14-c000081 ox14-c000389,ox14-c000081 ox14-c000072 ox14-c000244 ox14-c000265 ox14-c000389,0.3000000000,false
proprietary_gpt,ow14-s0012,positive,2,valid,ox14-c000244 ox14-c000072 ox14-c000265 ox14-c000081 ox14-c000389,ox14-c000244 ox14-c000265 ox14-c000389 ox14-c000072 ox14-c000081,0.5000000000,false
proprietary_gpt,ow14-s0012,positive,3,valid,ox14-c000244 ox14-c000072 ox14-c000265 ox14-c000081 ox14-c000389,ox14-c000244 ox14-c000265 ox14-c000389 ox14-c000072 ox14-c000081,0.5000000000,false
proprietary_gpt,ow14-s0012,positive,4,valid,ox14-c000244 ox14-c000072 ox14-c000265 ox14-c000081 ox14-c000389,ox14-c000244 ox14-c000265 ox14-c000389 ox14-c000072 ox14-c000081,0.5000000000,false
proprietary_gpt,ow14-s0012,positive,5,valid,ox14-c000244 ox14-c000072 ox14-c000265 ox14-c000081 ox14-c000389,ox14-c000081 ox14-c000072 ox14-c000244 ox14-c000265 ox14-c000389,0.3000000000,false
proprietary_gpt,ow14-s0013,positive,1,valid,ox14-c000323 ox14-c000246 ox14-c000380 ox14-c000211 ox14-c000046,ox14-c000323 ox14-c000246 ox14-c000380 ox14-c000046 ox14-c000211,0.9000000000,false
proprietary_gpt,ow14-s0013,positive,2,valid,ox14-c000323 ox14-c000246 ox14-c000380 ox14-c000211 ox14-c000046,ox14-c000323 ox14-c000246 ox14-c000380 ox14-c000046 ox14-c000211,0.9000000000,false
proprietary_gpt,ow14-s0013,positive,3,valid,ox14-c000323 ox14-c000246 ox14-c000380 ox14-c000211 ox14-c000046,ox14-c000211 ox14-c000323 ox14-c000246 ox14-c000380 ox14-c000046,0.4000000000,false
proprietary_gpt,ow14-s0013,positive,4,valid,ox14-c000323 ox14-c000246 ox14-c000380 ox14-c000211 ox14-c000046,ox14-c000323 ox14-c000246 ox14-c000380 ox14-c000046 ox14-c000211,0.9000000000,false
proprietary_gpt,ow14-s0013,positive,5,valid,ox14-c000323 ox14-c000246 ox14-c000380 ox14-c000211 ox14-c000046,ox14-c000211 ox14-c000323 ox14-c000246 ox14-c000380 ox14-c000046,0.4000000000,false
proprietary_gpt,ow14-s0014,positive,1,valid,ox14-c000025 ox14-c000108 ox14-c000181 ox14-c000068 ox14-c000121,ox14-c000108 ox14-c000121 ox14-c000068 ox14-c000025 ox14-c000181,-0.2000000000,false
proprietary_gpt,ow14-s0014,positive,2,valid,ox14-c000025 ox14-c000108 ox14-c000181 ox14-c000068 ox14-c000121,ox14-c000108 ox14-c000121 ox14-c000068 ox14-c000025 ox14-c000181,-0.2000000000,false
proprietary_gpt,ow14-s0014,positive,3,valid,ox14-c000025 ox14-c000108 ox14-c000181 ox14-c000068 ox14-c000121,ox14-c000108 ox14-c000121 ox14-c000068 ox14-c000025 ox14-c000181,-0.2000000000,false
proprietary_gpt,ow14-s0014,positive,4,valid,ox14-c000025 ox14-c000108 ox14-c000181 ox14-c000068 ox14-c000121,ox14-c000108 ox14-c000121 ox14-c000068 ox14-c000025 ox14-c000181,-0.2000000000,false
proprietary_gpt,ow14-s0014,positive,5,valid,ox14-c000025 ox14-c000108 ox14-c000181 ox14-c000068 ox14-c000121,ox14-c000108 ox14-c000121 ox14-c000068 ox14-c000025 ox14-c000181,-0.2000000000,false
proprietary_gpt,ow14-s0015,positive,1,valid,ox14-c000197 ox14-c000012 ox14-c000415 ox14-c000058 ox14-c000037,ox14-c000415 ox14-c000197 ox14-c000058 ox14-c000012 ox14-c000037,0.5000000000,false
proprietary_gpt,ow14-s0015,positive,2,valid,ox14-c000197 ox14-c000012 ox14-c000415 ox14-c000058 ox14-c000037,ox14-c000415 ox14-c000197 ox14-c000058 ox14-c000012 ox14-c000037,0.5000000000,false
proprietary_gpt,ow14-s0015,positive,3,valid,ox14-c000197 ox14-c000012 ox14-c000415 ox14-c000058 ox14-c000037,ox14-c000415 ox14-c000197 ox14-c000058 ox14-c000012 ox14-c000037,0.5000000000,false
proprietary_gpt,ow14-s0015,positive,4,valid,ox14-c000197 ox14-c000012 ox14-c000415 ox14-c000058 ox14-c000037,ox14-c000197 ox14-c000058 ox14-c000415 ox14-c000012 ox14-c000037,0.6000000000,false
proprietary_gpt,ow14-s0015,positive,5,valid,ox14-c000197 ox14-c000012 ox14-c000415 ox14-c000058 ox14-c000037,ox14-c000415 ox14-c000197 ox14-c000058 ox14-c000012 ox14-c000037,0.5000000000,false
proprietary_gpt,ow14-s0016,positive,1,valid,ox14-c000110 ox14-c000245 ox14-c000354 ox14-c000270 ox14-c000374,ox14-c000110 ox14-c000245 ox14-c000270 ox14-c000354 ox14-c000374,0.9000000000,false
proprietary_gpt,ow14-s0016,positive,2,valid,ox14-c000110 ox14-c000245 ox14-c000354 ox14-c000270 ox14-c000374,ox14-c000110 ox14-c000245 ox14-c000270 ox14-c000354 ox14-c000374,0.9000000000,false
proprietary_gpt,ow14-s0016,positive,3,valid,ox14-c000110 ox14-c000245 ox14-c000354 ox14-c000270 ox14-c000374,ox14-c000374 ox14-c000354 ox14-c000270 ox14-c000110 ox14-c000245,-0.8000000000,false
proprietary_gpt,ow14-s0016,positive,4,valid,ox14-c000110 ox14-c000245 ox14-c000354 ox14-c000270 ox14-c000374,ox14-c000110 ox14-c000245 ox14-c000270 ox14-c000354 ox14-c000374,0.9000000000,false
proprietary_gpt,ow14-s0016,positive,5,valid,ox14-c000110 ox14-c000245 ox14-c000354 ox14-c000270 ox14-c000374,ox14-c000374 ox14-c000110 ox14-c000245 ox14-c000354 ox14-c000270,0.0000000000,false
proprietary_gpt,ow14-s0017,positive,1,valid,ox14-c000087 ox14-c000075 ox14-c000322 ox14-c000127 ox14-c000033,ox14-c000087 ox14-c000127 ox14-c000075 ox14-c000322 ox14-c000033,0.7000000000,false
proprietary_gpt,ow14-s0017,positive,2,valid,ox14-c000087 ox14-c000075 ox14-c000322 ox14-c000127 ox14-c000033,ox14-c000087 ox14-c000127 ox14-c000322 ox14-c000075 ox14-c000033,0.6000000000,false
proprietary_gpt,ow14-s0017,positive,3,valid,ox14-c000087 ox14-c000075 ox14-c000322 ox14-c000127 ox14-c000033,ox14-c000087 ox14-c000075 ox14-c000322 ox14-c000127 ox14-c000033,1.0000000000,true
proprietary_gpt,ow14-s0017,positive,4,valid,ox14-c000087 ox14-c000075 ox14-c000322 ox14-c000127 ox14-c000033,ox14-c000087 ox14-c000127 ox14-c000075 ox14-c000322 ox14-c000033,0.7000000000,false
proprietary_gpt,ow14-s0017,positive,5,valid,ox14-c000087 ox14-c000075 ox14-c000322 ox14-c000127 ox14-c000033,ox14-c000127 ox14-c000322 ox14-c000075 ox14-c000087 ox14-c000033,0.0000000000,false
proprietary_gpt,ow14-s0018,positive,1,valid,ox14-c000406 ox14-c000352 ox14-c000277 ox14-c000262 ox14-c000297,ox14-c000277 ox14-c000406 ox14-c000262 ox14-c000352 ox14-c000297,0.5000000000,false
proprietary_gpt,ow14-s0018,positive,2,valid,ox14-c000406 ox14-c000352 ox14-c000277 ox14-c000262 ox14-c000297,ox14-c000277 ox14-c000352 ox14-c000406 ox14-c000262 ox14-c000297,0.6000000000,false
proprietary_gpt,ow14-s0018,positive,3,valid,ox14-c000406 ox14-c000352 ox14-c000277 ox14-c000262 ox14-c000297,ox14-c000277 ox14-c000352 ox14-c000406 ox14-c000262 ox14-c000297,0.6000000000,false
proprietary_gpt,ow14-s0018,positive,4,valid,ox14-c000406 ox14-c000352 ox14-c000277 ox14-c000262 ox14-c000297,ox14-c000277 ox14-c000406 ox14-c000262 ox14-c000352 ox14-c000297,0.5000000000,false
proprietary_gpt,ow14-s0018,positive,5,valid,ox14-c000406 ox14-c000352 ox14-c000277 ox14-c000262 ox14-c000297,ox14-c000277 ox14-c000352 ox14-c000406 ox14-c000262 ox14-c000297,0.6000000000,false
proprietary_gpt,ow14-s0019,positive,1,valid,ox14-c000357 ox14-c000183 ox14-c000193 ox14-c000113 ox14-c000060,ox14-c000357 ox14-c000193 ox14-c000113 ox14-c000060 ox14-c000183,0.4000000000,false
proprietary_gpt,ow14-s0019,positive,2,valid,ox14-c000357 ox14-c000183 ox14-c000193 ox14-c000113 ox14-c000060,ox14-c000357 ox14-c000193 ox14-c000113 ox14-c000060 ox14-c000183,0.4000000000,false
proprietary_gpt,ow14-s0019,positive,3,valid,ox14-c000357 ox14-c000183 ox14-c000193 ox14-c000113 ox14-c000060,ox14-c000357 ox14-c000193 ox14-c000113 ox14-c000060 ox14-c000183,0.4000000000,false
proprietary_gpt,ow14-s0019,positive,4,valid,ox14-c000357 ox14-c000183 ox14-c000193 ox14-c000113 ox14-c000060,ox14-c000193 ox14-c000113 ox14-c000060 ox14-c000357 ox14-c000183,-0.5000000000,false
proprietary_gpt,ow14-s0019,positive,5,valid,ox14-c000357 ox14-c000183 ox14-c000193 ox14-c000113 ox14-c000060,ox14-c000357 ox14-c000193 ox14-c000113 ox14-c000060 ox14-c000183,0.4000000000,false
proprietary_gpt,ow14-s0020,positive,1,valid,ox14-c000097 ox14-c000103 ox14-c000398 ox14-c000381 ox14-c000293,ox14-c000097 ox14-c000103 ox14-c000398 ox14-c000381 ox14-c000293,1.0000000000,true
proprietary_gpt,ow14-s0020,positive,2,valid,ox14-c000097 ox14-c000103 ox14-c000398 ox14-c000381 ox14-c000293,ox14-c000097 ox14-c000103 ox14-c000398 ox14-c000381 ox14-c000293,1.0000000000,true
proprietary_gpt,ow14-s0020,positive,3,valid,ox14-c000097 ox14-c000103 ox14-c000398 ox14-c000381 ox14-c000293,ox14-c000097 ox14-c000103 ox14-c000398 ox14-c000381 ox14-c000293,1.0000000000,true
proprietary_gpt,ow14-s0020,positive,4,valid,ox14-c000097 ox14-c000103 ox14-c000398 ox14-c000381 ox14-c000293,ox14-c000097 ox14-c000103 ox14-c000398 ox14-c000381 ox14-c000293,1.0000000000,true
proprietary_gpt,ow14-s0020,positive,5,valid,ox14-c000097 ox14-c000103 ox14-c000398 ox14-c000381 ox14-c000293,ox14-c000097 ox14-c000103 ox14-c000398 ox14-c000381 ox14-c000293,1.0000000000,true
proprietary_gpt,ow14-s0021,positive,1,valid,ox14-c000373 ox14-c000422 ox14-c000400 ox14-c000093 ox14-c000107,ox14-c000373 ox14-c000093 ox14-c000400 ox14-c000107 ox14-c000422,0.3000000000,false
proprietary_gpt,ow14-s0021,positive,2,valid,ox14-c000373 ox14-c000422 ox14-c000400 ox14-c000093 ox14-c000107,ox14-c000373 ox14-c000093 ox14-c000400 ox14-c000107 ox14-c000422,0.3000000000,false
proprietary_gpt,ow14-s0021,positive,3,valid,ox14-c000373 ox14-c000422 ox14-c000400 ox14-c000093 ox14-c000107,ox14-c000373 ox14-c000093 ox14-c000422 ox14-c000400 ox14-c000107,0.7000000000,false
proprietary_gpt,ow14-s0021,positive,4,valid,ox14-c000373 ox14-c000422 ox14-c000400 ox14-c000093 ox14-c000107,ox14-c000373 ox14-c000093 ox14-c000400 ox14-c000107 ox14-c000422,0.3000000000,false
proprietary_gpt,ow14-s0021,positive,5,valid,ox14-c000373 ox14-c000422 ox14-c000400 ox14-c000093 ox14-c000107,ox14-c000373 ox14-c000093 ox14-c000400 ox14-c000107 ox14-c000422,0.3000000000,false
proprietary_gpt,ow14-s0022,positive,1,valid,ox14-c000237 ox14-c000337 ox14-c000053 ox14-c000350 ox14-c000427,ox14-c000427 ox14-c000237 ox14-c000053 ox14-c000337 ox14-c000350,-0.1000000000,false
proprietary_gpt,ow14-s0022,positive,2,valid,ox14-c000237 ox14-c000337 ox14-c000053 ox14-c000350 ox14-c000427,ox14-c000427 ox14-c000337 ox14-c000350 ox14-c000237 ox14-c000053,-0.5000000000,false
proprietary_gpt,ow14-s0022,positive,3,valid,ox14-c000237 ox14-c000337 ox14-c000053 ox14-c000350 ox14-c000427,ox14-c000427 ox14-c000237 ox14-c000053 ox14-c000337 ox14-c000350,-0.1000000000,false
proprietary_gpt,ow14-s0022,positive,4,valid,ox14-c000237 ox14-c000337 ox14-c000053 ox14-c000350 ox14-c000427,ox14-c000427 ox14-c000237 ox14-c000053 ox14-c000337 ox14-c000350,-0.1000000000,false
proprietary_gpt,ow14-s0022,positive,5,valid,ox14-c000237 ox14-c000337 ox14-c000053 ox14-c000350 ox14-c000427,ox14-c000237 ox14-c000053 ox14-c000427 ox14-c000337 ox14-c000350,0.5000000000,false
proprietary_gpt,ow14-s0023,positive,1,valid,ox14-c000016 ox14-c000344 ox14-c000384 ox14-c000216 ox14-c000122,ox14-c000384 ox14-c000122 ox14-c000344 ox14-c000216 ox14-c000016,-0.5000000000,false
proprietary_gpt,ow14-s0023,positive,2,valid,ox14-c000016 ox14-c000344 ox14-c000384 ox14-c000216 ox14-c000122,ox14-c000384 ox14-c000122 ox14-c000344 ox14-c000216 ox14-c000016,-0.5000000000,false
proprietary_gpt,ow14-s0023,positive,3,valid,ox14-c000016 ox14-c000344 ox14-c000384 ox14-c000216 ox14-c000122,ox14-c000384 ox14-c000122 ox14-c000344 ox14-c000216 ox14-c000016,-0.5000000000,false
proprietary_gpt,ow14-s0023,positive,4,valid,ox14-c000016 ox14-c000344 ox14-c000384 ox14-c000216 ox14-c000122,ox14-c000384 ox14-c000122 ox14-c000344 ox14-c000216 ox14-c000016,-0.5000000000,false
proprietary_gpt,ow14-s0023,positive,5,valid,ox14-c000016 ox14-c000344 ox14-c000384 ox14-c000216 ox14-c000122,ox14-c000344 ox14-c000216 ox14-c000384 ox14-c000122 ox14-c000016,-0.1000000000,false
proprietary_gpt,ow14-s0024,positive,1,valid,ox14-c000207 ox14-c000268 ox14-c000356 ox14-c000220 ox14-c000177,ox14-c000268 ox14-c000207 ox14-c000356 ox14-c000220 ox14-c000177,0.9000000000,false
proprietary_gpt,ow14-s0024,positive,2,valid,ox14-c000207 ox14-c000268 ox14-c000356 ox14-c000220 ox14-c000177,ox14-c000268 ox14-c000207 ox14-c000356 ox14-c000220 ox14-c000177,0.9000000000,false
proprietary_gpt,ow14-s0024,positive,3,valid,ox14-c000207 ox14-c000268 ox14-c000356 ox14-c000220 ox14-c000177,ox14-c000268 ox14-c000207 ox14-c000356 ox14-c000220 ox14-c000177,0.9000000000,false
proprietary_gpt,ow14-s0024,positive,4,valid,ox14-c000207 ox14-c000268 ox14-c000356 ox14-c000220 ox14-c000177,ox14-c000268 ox14-c000207 ox14-c000356 ox14-c000220 ox14-c000177,0.9000000000,false
proprietary_gpt,ow14-s0024,positive,5,valid,ox14-c000207 ox14-c000268 ox14-c000356 ox14-c000220 ox14-c000177,ox14-c000268 ox14-c000207 ox14-c000356 ox14-c000220 ox14-c000177,0.9000000000,false
proprietary_gpt,ow14-s0025,positive,1,valid,ox14-c000026 ox14-c000061 ox14-c000434 ox14-c000314 ox14-c000309,ox14-c000434 ox14-c000061 ox14-c000026 ox14-c000314 ox14-c000309,0.6000000000,false
proprietary_gpt,ow14-s0025,positive,2,valid,ox14-c000026 ox14-c000061 ox14-c000434 ox14-c000314 ox14-c000309,ox14-c000434 ox14-c000061 ox14-c000026 ox14-c000314 ox14-c000309,0.6000000000,false
proprietary_gpt,ow14-s0025,positive,3,valid,ox14-c000026 ox14-c000061 ox14-c000434 ox14-c000314 ox14-c000309,ox14-c000434 ox14-c000061 ox14-c000026 ox14-c000314 ox14-c000309,0.6000000000,false
proprietary_gpt,ow14-s0025,positive,4,valid,ox14-c000026 ox14-c000061 ox14-c000434 ox14-c000314 ox14-c000309,ox14-c000434 ox14-c000061 ox14-c000026 ox14-c000314 ox14-c000309,0.6000000000,false
proprietary_gpt,ow14-s0025,positive,5,valid,ox14-c000026 ox14-c000061 ox14-c000434 ox14-c000314 ox14-c000309,ox14-c000434 ox14-c000061 ox14-c000026 ox14-c000314 ox14-c000309,0.6000000000,false
proprietary_gpt,ow14-s0026,positive,1,valid,ox14-c000109 ox14-c000219 ox14-c000273 ox14-c000242 ox14-c000034,ox14-c000273 ox14-c000219 ox14-c000109 ox14-c000242 ox14-c000034,0.6000000000,false
proprietary_gpt,ow14-s0026,positive,2,valid,ox14-c000109 ox14-c000219 ox14-c000273 ox14-c000242 ox14-c000034,ox14-c000273 ox14-c000109 ox14-c000242 ox14-c000219 ox14-c000034,0.5000000000,false
proprietary_gpt,ow14-s0026,positive,3,valid,ox14-c000109 ox14-c000219 ox14-c000273 ox14-c000242 ox14-c000034,ox14-c000273 ox14-c000219 ox14-c000109 ox14-c000242 ox14-c000034,0.6000000000,false
proprietary_gpt,ow14-s0026,positive,4,valid,ox14-c000109 ox14-c000219 ox14-c000273 ox14-c000242 ox14-c000034,ox14-c000273 ox14-c000109 ox14-c000242 ox14-c000219 ox14-c000034,0.5000000000,false
proprietary_gpt,ow14-s0026,positive,5,valid,ox14-c000109 ox14-c000219 ox14-c000273 ox14-c000242 ox14-c000034,ox14-c000273 ox14-c000109 ox14-c000242 ox14-c000219 ox14-c000034,0.5000000000,false
proprietary_gpt,ow14-s0027,positive,1,valid,ox14-c000405 ox14-c000303 ox14-c000101 ox14-c000363 ox14-c000241,ox14-c000363 ox14-c000405 ox14-c000101 ox14-c000241 ox14-c000303,0.0000000000,false
proprietary_gpt,ow14-s0027,positive,2,valid,ox14-c000405 ox14-c000303 ox14-c000101 ox14-c000363 ox14-c000241,ox14-c000405 ox14-c000101 ox14-c000241 ox14-c000363 ox14-c000303,0.3000000000,false
proprietary_gpt,ow14-s0027,positive,3,valid,ox14-c000405 ox14-c000303 ox14-c000101 ox14-c000363 ox14-c000241,ox14-c000405 ox14-c000101 ox14-c000241 ox14-c000363 ox14-c000303,0.3000000000,false
proprietary_gpt,ow14-s0027,positive,4,valid,ox14-c000405 ox14-c000303 ox14-c000101 ox14-c000363 ox14-c000241,ox14-c000405 ox14-c000101 ox14-c000241 ox14-c000363 ox14-c000303,0.3000000000,false
proprietary_gpt,ow14-s0027,positive,5,valid,ox14-c000405 ox14-c000303 ox14-c000101 ox14-c000363 ox14-c000241,ox14-c000363 ox14-c000405 ox14-c000101 ox14-c000241 ox14-c000303,0.0000000000,false
proprietary_gpt,ow14-s0028,positive,1,valid,ox14-c000091 ox14-c000100 ox14-c000226 ox14-c000111 ox14-c000064,ox14-c000091 ox14-c000226 ox14-c000100 ox14-c000111 ox14-c000064,0.9000000000,false
proprietary_gpt,ow14-s0028,positive,2,valid,ox14-c000091 ox14-c000100 ox14-c000226 ox14-c000111 ox14-c000064,ox14-c000091 ox14-c000226 ox14-c000064 ox14-c000100 ox14-c000111,0.5000000000,false
proprietary_gpt,ow14-s0028,positive,3,valid,ox14-c000091 ox14-c000100 ox14-c000226 ox14-c000111 ox14-c000064,ox14-c000091 ox14-c000226 ox14-c000100 ox14-c000111 ox14-c000064,0.9000000000,false
proprietary_gpt,ow14-s0028,positive,4,valid,ox14-c000091 ox14-c000100 ox14-c000226 ox14-c000111 ox14-c000064,ox14-c000091 ox14-c000226 ox14-c000100 ox14-c000111 ox14-c000064,0.9000000000,false
proprietary_gpt,ow14-s0028,positive,5,valid,ox14-c000091 ox14-c000100 ox14-c000226 ox14-c000111 ox14-c000064,ox14-c000091 ox14-c000226 ox14-c000100 ox14-c000111 ox14-c000064,0.9000000000,false
proprietary_gpt,ow14-s0029,positive,1,valid,ox14-c000212 ox14-c000387 ox14-c000048 ox14-c000141 ox14-c000057,ox14-c000212 ox14-c000387 ox14-c000048 ox14-c000141 ox14-c000057,1.0000000000,true
proprietary_gpt,ow14-s0029,positive,2,valid,ox14-c000212 ox14-c000387 ox14-c000048 ox14-c000141 ox14-c000057,ox14-c000387 ox14-c000048 ox14-c000057 ox14-c000141 ox14-c000212,-0.1000000000,false
proprietary_gpt,ow14-s0029,positive,3,valid,ox14-c000212 ox14-c000387 ox14-c000048 ox14-c000141 ox14-c000057,ox14-c000141 ox14-c000387 ox14-c000048 ox14-c000057 ox14-c000212,-0.3000000000,false
proprietary_gpt,ow14-s0029,positive,4,valid,ox14-c000212 ox14-c000387 ox14-c000048 ox14-c000141 ox14-c000057,ox14-c000387 ox14-c000048 ox14-c000057 ox14-c000141 ox14-c000212,-0.1000000000,false
proprietary_gpt,ow14-s0029,positive,5,valid,ox14-c000212 ox14-c000387 ox14-c000048 ox14-c000141 ox14-c000057,ox14-c000387 ox14-c000048 ox14-c000057 ox14-c000141 ox14-c000212,-0.1000000000,false
proprietary_gpt,ow14-s0030,positive,1,valid,ox14-c000082 ox14-c000423 ox14-c000399 ox14-c000251 ox14-c000049,ox14-c000082 ox14-c000423 ox14-c000399 ox14-c000251 ox14-c000049,1.0000000000,true
proprietary_gpt,ow14-s0030,positive,2,valid,ox14-c000082 ox14-c000423 ox14-c000399 ox14-c000251 ox14-c000049,ox14-c000082 ox14-c000423 ox14-c000399 ox14-c000251 ox14-c000049,1.0000000000,true
proprietary_gpt,ow14-s0030,positive,3,valid,ox14-c000082 ox14-c000423 ox14-c000399 ox14-c000251 ox14-c000049,ox14-c000423 ox14-c000082 ox14-c000399 ox14-c000251 ox14-c000049,0.9000000000,false
proprietary_gpt,ow14-s0030,positive,4,valid,ox14-c000082 ox14-c000423 ox14-c000399 ox14-c000251 ox14-c000049,ox14-c000082 ox14-c000423 ox14-c000399 ox14-c000251 ox14-c000049,1.0000000000,true
proprietary_gpt,ow14-s0030,positive,5,valid,ox14-c000082 ox14-c000423 ox14-c000399 ox14-c000251 ox14-c000049,ox14-c000082 ox14-c000423 ox14-c000399 ox14-c000251 ox14-c000049,1.0000000000,true
proprietary_gpt,ow14-s0031,positive,1,valid,ox14-c000410 ox14-c000085 ox14-c000296 ox14-c000069 ox14-c000077,ox14-c000410 ox14-c000069 ox14-c000077 ox14-c000085 ox14-c000296,0.2000000000,false
proprietary_gpt,ow14-s0031,positive,2,valid,ox14-c000410 ox14-c000085 ox14-c000296 ox14-c000069 ox14-c000077,ox14-c000410 ox14-c000085 ox14-c000069 ox14-c000077 ox14-c000296,0.7000000000,false
proprietary_gpt,ow14-s0031,positive,3,valid,ox14-c000410 ox14-c000085 ox14-c000296 ox14-c000069 ox14-c000077,ox14-c000410 ox14-c000069 ox14-c000077 ox14-c000085 ox14-c000296,0.2000000000,false
proprietary_gpt,ow14-s0031,positive,4,valid,ox14-c000410 ox14-c000085 ox14-c000296 ox14-c000069 ox14-c000077,ox14-c000410 ox14-c000085 ox14-c000069 ox14-c000077 ox14-c000296,0.7000000000,false
proprietary_gpt,ow14-s0031,positive,5,valid,ox14-c000410 ox14-c000085 ox14-c000296 ox14-c000069 ox14-c000077,ox14-c000410 ox14-c000085 ox14-c000069 ox14-c000077 ox14-c000296,0.7000000000,false
proprietary_gpt,ow14-s0032,positive,1,valid,ox14-c000132 ox14-c000118 ox14-c000395 ox14-c000353 ox14-c000223,ox14-c000132 ox14-c000118 ox14-c000395 ox14-c000353 ox14-c000223,1.0000000000,true
proprietary_gpt,ow14-s0032,positive,2,valid,ox14-c000132 ox14-c000118 ox14-c000395 ox14-c000353 ox14-c000223,ox14-c000132 ox14-c000118 ox14-c000395 ox14-c000353 ox14-c000223,1.0000000000,true
proprietary_gpt,ow14-s0032,positive,3,valid,ox14-c000132 ox14-c000118 ox14-c000395 ox14-c000353 ox14-c000223,ox14-c000132 ox14-c000118 ox14-c000395 ox14-c000353 ox14-c000223,1.0000000000,true
proprietary_gpt,ow14-s0032,positive,4,valid,ox14-c000132 ox14-c000118 ox14-c000395 ox14-c000353 ox14-c000223,ox14-c000223 ox14-c000132 ox14-c000353 ox14-c000118 ox14-c000395,-0.3000000000,false
proprietary_gpt,ow14-s0032,positive,5,valid,ox14-c000132 ox14-c000118 ox14-c000395 ox14-c000353 ox14-c000223,ox14-c000223 ox14-c000353 ox14-c000118 ox14-c000395 ox14-c000132,-0.9000000000,false
proprietary_gpt,ow14-s0033,positive,1,valid,ox14-c000311 ox14-c000394 ox14-c000315 ox14-c000307 ox14-c000188,ox14-c000394 ox14-c000188 ox14-c000311 ox14-c000315 ox14-c000307,0.2000000000,false
proprietary_gpt,ow14-s0033,positive,2,valid,ox14-c000311 ox14-c000394 ox14-c000315 ox14-c000307 ox14-c000188,ox14-c000394 ox14-c000188 ox14-c000311 ox14-c000315 ox14-c000307,0.2000000000,false
proprietary_gpt,ow14-s0033,positive,3,valid,ox14-c000311 ox14-c000394 ox14-c000315 ox14-c000307 ox14-c000188,ox14-c000394 ox14-c000188 ox14-c000311 ox14-c000315 ox14-c000307,0.2000000000,false
proprietary_gpt,ow14-s0033,positive,4,valid,ox14-c000311 ox14-c000394 ox14-c000315 ox14-c000307 ox14-c000188,ox14-c000394 ox14-c000188 ox14-c000311 ox14-c000315 ox14-c000307,0.2000000000,false
proprietary_gpt,ow14-s0033,positive,5,valid,ox14-c000311 ox14-c000394 ox14-c000315 ox14-c000307 ox14-c000188,ox14-c000394 ox14-c000188 ox14-c000311 ox14-c000315 ox14-c000307,0.2000000000,false
proprietary_gpt,ow14-s0034,positive,1,valid,ox14-c000161 ox14-c000167 ox14-c000027 ox14-c000404 ox14-c000351,ox14-c000404 ox14-c000351 ox14-c000161 ox14-c000167 ox14-c000027,-0.5000000000,false
proprietary_gpt,ow14-s0034,positive,2,valid,ox14-c000161 ox14-c000167 ox14-c000027 ox14-c000404 ox14-c000351,ox14-c000404 ox14-c000351 ox14-c000161 ox14-c000167 ox14-c000027,-0.5000000000,false
proprietary_gpt,ow14-s0034,positive,3,valid,ox14-c000161 ox14-c000167 ox14-c000027 ox14-c000404 ox14-c000351,ox14-c000404 ox14-c000351 ox14-c000161 ox14-c000167 ox14-c000027,-0.5000000000,false
proprietary_gpt,ow14-s0034,positive,4,valid,ox14-c000161 ox14-c000167 ox14-c000027 ox14-c000404 ox14-c000351,ox14-c000404 ox14-c000351 ox14-c000161 ox14-c000167 ox14-c000027,-0.5000000000,false
proprietary_gpt,ow14-s0034,positive,5,valid,ox14-c000161 ox14-c000167 ox14-c000027 ox14-c000404 ox14-c000351,ox14-c000404 ox14-c000351 ox14-c000161 ox14-c000167 ox14-c000027,-0.5000000000,false
proprietary_gpt,ow14-s0035,positive,1,valid,ox14-c000029 ox14-c000272 ox14-c000429 ox14-c000117 ox14-c000217,ox14-c000272 ox14-c000429 ox14-c000117 ox14-c000217 ox14-c000029,0.0000000000,false
proprietary_gpt,ow14-s0035,positive,2,valid,ox14-c000029 ox14-c000272 ox14-c000429 ox14-c000117 ox14-c000217,ox14-c000272 ox14-c000429 ox14-c000117 ox14-c000217 ox14-c000029,0.0000000000,false
proprietary_gpt,ow14-s0035,positive,3,valid,ox14-c000029 ox14-c000272 ox14-c000429 ox14-c000117 ox14-c000217,ox14-c000272 ox14-c000429 ox14-c000117 ox14-c000217 ox14-c000029,0.0000000000,false
proprietary_gpt,ow14-s0035,positive,4,valid,ox14-c000029 ox14-c000272 ox14-c000429 ox14-c000117 ox14-c000217,ox14-c000272 ox14-c000429 ox14-c000117 ox14-c000217 ox14-c000029,0.0000000000,false
proprietary_gpt,ow14-s0035,positive,5,valid,ox14-c000029 ox14-c000272 ox14-c000429 ox14-c000117 ox14-c000217,ox14-c000272 ox14-c000429 ox14-c000117 ox14-c000217 ox14-c000029,0.0000000000,false
proprietary_gpt,ow14-s0036,positive,1,valid,ox14-c000377 ox14-c000089 ox14-c000346 ox14-c000185 ox14-c000136,ox14-c000089 ox14-c000346 ox14-c000377 ox14-c000185 ox14-c000136,0.7000000000,false
proprietary_gpt,ow14-s0036,positive,2,valid,ox14-c000377 ox14-c000089 ox14-c000346 ox14-c000185 ox14-c000136,ox14-c000089 ox14-c000346 ox14-c000377 ox14-c000185 ox14-c000136,0.7000000000,false
proprietary_gpt,ow14-s0036,positive,3,valid,ox14-c000377 ox14-c000089 ox14-c000346 ox14-c000185 ox14-c000136,ox14-c000089 ox14-c000346 ox14-c000136 ox14-c000377 ox14-c000185,0.2000000000,false
proprietary_gpt,ow14-s0036,positive,4,valid,ox14-c000377 ox14-c000089 ox14-c000346 ox14-c000185 ox14-c000136,ox14-c000089 ox14-c000346 ox14-c000377 ox14-c000185 ox14-c000136,0.7000000000,false
proprietary_gpt,ow14-s0036,positive,5,valid,ox14-c000377 ox14-c000089 ox14-c000346 ox14-c000185 ox14-c000136,ox14-c000377 ox14-c000185 ox14-c000136 ox14-c000346 ox14-c000089,0.1000000000,false
proprietary_gpt,ow14-s0037,positive,1,valid,ox14-c000247 ox14-c000070 ox14-c000198 ox14-c000190 ox14-c000396,ox14-c000247 ox14-c000198 ox14-c000190 ox14-c000396 ox14-c000070,0.4000000000,false
proprietary_gpt,ow14-s0037,positive,2,valid,ox14-c000247 ox14-c000070 ox14-c000198 ox14-c000190 ox14-c000396,ox14-c000247 ox14-c000198 ox14-c000190 ox14-c000396 ox14-c000070,0.4000000000,false
proprietary_gpt,ow14-s0037,positive,3,valid,ox14-c000247 ox14-c000070 ox14-c000198 ox14-c000190 ox14-c000396,ox14-c000070 ox14-c000247 ox14-c000198 ox14-c000190 ox14-c000396,0.9000000000,false
proprietary_gpt,ow14-s0037,positive,4,valid,ox14-c000247 ox14-c000070 ox14-c000198 ox14-c000190 ox14-c000396,ox14-c000247 ox14-c000198 ox14-c000190 ox14-c000396 ox14-c000070,0.4000000000,false
proprietary_gpt,ow14-s0037,positive,5,valid,ox14-c000247 ox14-c000070 ox14-c000198 ox14-c000190 ox14-c000396,ox14-c000247 ox14-c000198 ox14-c000190 ox14-c000396 ox14-c000070,0.4000000000,false
proprietary_gpt,ow14-s0038,positive,1,valid,ox14-c000099 ox14-c000056 ox14-c000023 ox14-c000171 ox14-c000102,ox14-c000099 ox14-c000056 ox14-c000102 ox14-c000023 ox14-c000171,0.7000000000,false
proprietary_gpt,ow14-s0038,positive,2,valid,ox14-c000099 ox14-c000056 ox14-c000023 ox14-c000171 ox14-c000102,ox14-c000099 ox14-c000056 ox14-c000102 ox14-c000023 ox14-c000171,0.7000000000,false
proprietary_gpt,ow14-s0038,positive,3,valid,ox14-c000099 ox14-c000056 ox14-c000023 ox14-c000171 ox14-c000102,ox14-c000099 ox14-c000056 ox14-c000102 ox14-c000023 ox14-c000171,0.7000000000,false
proprietary_gpt,ow14-s0038,positive,4,valid,ox14-c000099 ox14-c000056 ox14-c000023 ox14-c000171 ox14-c000102,ox14-c000099 ox14-c000056 ox14-c000102 ox14-c000023 ox14-c000171,0.7000000000,false
proprietary_gpt,ow14-s0038,positive,5,valid,ox14-c000099 ox14-c000056 ox14-c000023 ox14-c000171 ox14-c000102,ox14-c000099 ox14-c000056 ox14-c000102 ox14-c000023 ox14-c000171,0.7000000000,false
proprietary_gpt,ow14-s0039,positive,1,valid,ox14-c000348 ox14-c000030 ox14-c000236 ox14-c000305 ox14-c000189,ox14-c000236 ox14-c000348 ox14-c000189 ox14-c000030 ox14-c000305,0.3000000000,false
proprietary_gpt,ow14-s0039,positive,2,valid,ox14-c000348 ox14-c000030 ox14-c000236 ox14-c000305 ox14-c000189,ox14-c000236 ox14-c000348 ox14-c000189 ox14-c000030 ox14-c000305,0.3000000000,false
proprietary_gpt,ow14-s0039,positive,3,valid,ox14-c000348 ox14-c000030 ox14-c000236 ox14-c000305 ox14-c000189,ox14-c000348 ox14-c000189 ox14-c000236 ox14-c000030 ox14-c000305,0.3000000000,false
proprietary_gpt,ow14-s0039,positive,4,valid,ox14-c000348 ox14-c000030 ox14-c000236 ox14-c000305 ox14-c000189,ox14-c000236 ox14-c000348 ox14-c000189 ox14-c000030 ox14-c000305,0.3000000000,false
proprietary_gpt,ow14-s0039,positive,5,valid,ox14-c000348 ox14-c000030 ox14-c000236 ox14-c000305 ox14-c000189,ox14-c000236 ox14-c000348 ox14-c000189 ox14-c000030 ox14-c000305,0.3000000000,false
proprietary_gpt,ow14-s0040,positive,1,valid,ox14-c000341 ox14-c000324 ox14-c000209 ox14-c000426 ox14-c000083,ox14-c000083 ox14-c000426 ox14-c000324 ox14-c000341 ox14-c000209,-0.7000000000,false
proprietary_gpt,ow14-s0040,positive,2,valid,ox14-c000341 ox14-c000324 ox14-c000209 ox14-c000426 ox14-c000083,ox14-c000324 ox14-c000426 ox14-c000341 ox14-c000209 ox14-c000083,0.5000000000,false
proprietary_gpt,ow14-s0040,positive,3,valid,ox14-c000341 ox14-c000324 ox14-c000209 ox14-c000426 ox14-c000083,ox14-c000324 ox14-c000426 ox14-c000341 ox14-c000209 ox14-c000083,0.5000000000,false
proprietary_gpt,ow14-s0040,positive,4,valid,ox14-c000341 ox14-c000324 ox14-c000209 ox14-c000426 ox14-c000083,ox14-c000426 ox14-c000324 ox14-c000341 ox14-c000209 ox14-c000083,0.3000000000,false
proprietary_gpt,ow14-s0040,positive,5,valid,ox14-c000341 ox14-c000324 ox14-c000209 ox14-c000426 ox14-c000083,ox14-c000324 ox14-c000341 ox14-c000209 ox14-c000426 ox14-c000083,0.9000000000,false
proprietary_gpt,ow14-s0041,positive,1,valid,ox14-c000184 ox14-c000327 ox14-c000254 ox14-c000259 ox14-c000333,ox14-c000184 ox14-c000327 ox14-c000254 ox14-c000259 ox14-c000333,1.0000000000,true
proprietary_gpt,ow14-s0041,positive,2,valid,ox14-c000184 ox14-c000327 ox14-c000254 ox14-c000259 ox14-c000333,ox14-c000184 ox14-c000327 ox14-c000254 ox14-c000259 ox14-c000333,1.0000000000,true
proprietary_gpt,ow14-s0041,positive,3,valid,ox14-c000184 ox14-c000327 ox14-c000254 ox14-c000259 ox14-c000333,ox14-c000184 ox14-c000327 ox14-c000254 ox14-c000259 ox14-c000333,1.0000000000,true
proprietary_gpt,ow14-s0041,positive,4,valid,ox14-c000184 ox14-c000327 ox14-c000254 ox14-c000259 ox14-c000333,ox14-c000184 ox14-c000327 ox14-c000254 ox14-c000259 ox14-c000333,1.0000000000,true
proprietary_gpt,ow14-s0041,positive,5,valid,ox14-c000184 ox14-c000327 ox14-c000254 ox14-c000259 ox14-c000333,ox14-c000184 ox14-c000327 ox14-c000254 ox14-c000259 ox14-c000333,1.0000000000,true
proprietary_gpt,ow14-s0042,positive,1,valid,ox14-c000328 ox14-c000229 ox14-c000031 ox14-c000355 ox14-c000278,ox14-c000229 ox14-c000355 ox14-c000328 ox14-c000278 ox14-c000031,0.3000000000,false
proprietary_gpt,ow14-s0042,positive,2,valid,ox14-c000328 ox14-c000229 ox14-c000031 ox14-c000355 ox14-c000278,ox14-c000229 ox14-c000328 ox14-c000355 ox14-c000278 ox14-c000031,0.6000000000,false
proprietary_gpt,ow14-s0042,positive,3,valid,ox14-c000328 ox14-c000229 ox14-c000031 ox14-c000355 ox14-c000278,ox14-c000229 ox14-c000355 ox14-c000328 ox14-c000278 ox14-c000031,0.3000000000,false
proprietary_gpt,ow14-s0042,positive,4,valid,ox14-c000328 ox14-c000229 ox14-c000031 ox14-c000355 ox14-c000278,ox14-c000229 ox14-c000328 ox14-c000355 ox14-c000278 ox14-c000031,0.6000000000,false
proprietary_gpt,ow14-s0042,positive,5,valid,ox14-c000328 ox14-c000229 ox14-c000031 ox14-c000355 ox14-c000278,ox14-c000229 ox14-c000031 ox14-c000355 ox14-c000278 ox14-c000328,0.0000000000,false
proprietary_gpt,ow14-s0043,positive,1,valid,ox14-c000125 ox14-c000204 ox14-c000065 ox14-c000200 ox14-c000294,ox14-c000125 ox14-c000200 ox14-c000204 ox14-c000065 ox14-c000294,0.7000000000,false
proprietary_gpt,ow14-s0043,positive,2,valid,ox14-c000125 ox14-c000204 ox14-c000065 ox14-c000200 ox14-c000294,ox14-c000125 ox14-c000200 ox14-c000204 ox14-c000065 ox14-c000294,0.7000000000,false
proprietary_gpt,ow14-s0043,positive,3,valid,ox14-c000125 ox14-c000204 ox14-c000065 ox14-c000200 ox14-c000294,ox14-c000204 ox14-c000065 ox14-c000125 ox14-c000200 ox14-c000294,0.7000000000,false
proprietary_gpt,ow14-s0043,positive,4,valid,ox14-c000125 ox14-c000204 ox14-c000065 ox14-c000200 ox14-c000294,ox14-c000125 ox14-c000200 ox14-c000204 ox14-c000065 ox14-c000294,0.7000000000,false
proprietary_gpt,ow14-s0043,positive,5,valid,ox14-c000125 ox14-c000204 ox14-c000065 ox14-c000200 ox14-c000294,ox14-c000125 ox14-c000200 ox14-c000204 ox14-c000065 ox14-c000294,0.7000000000,false
proprietary_gpt,ow14-s0044,positive,1,valid,ox14-c000397 ox14-c000164 ox14-c000409 ox14-c000044 ox14-c000066,ox14-c000397 ox14-c000409 ox14-c000044 ox14-c000066 ox14-c000164,0.4000000000,false
proprietary_gpt,ow14-s0044,positive,2,valid,ox14-c000397 ox14-c000164 ox14-c000409 ox14-c000044 ox14-c000066,ox14-c000397 ox14-c000409 ox14-c000044 ox14-c000066 ox14-c000164,0.4000000000,false
proprietary_gpt,ow14-s0044,positive,3,valid,ox14-c000397 ox14-c000164 ox14-c000409 ox14-c000044 ox14-c000066,ox14-c000397 ox14-c000409 ox14-c000044 ox14-c000066 ox14-c000164,0.4000000000,false
proprietary_gpt,ow14-s0044,positive,4,valid,ox14-c000397 ox14-c000164 ox14-c000409 ox14-c000044 ox14-c000066,ox14-c000397 ox14-c000409 ox14-c000044 ox14-c000066 ox14-c000164,0.4000000000,false
proprietary_gpt,ow14-s0044,positive,5,valid,ox14-c000397 ox14-c000164 ox14-c000409 ox14-c000044 ox14-c000066,ox14-c000397 ox14-c000409 ox14-c000044 ox14-c000066 ox14-c000164,0.4000000000,false
proprietary_gpt,ow14-s0045,positive,1,valid,ox14-c000174 ox14-c000432 ox14-c000112 ox14-c000208 ox14-c000261,ox14-c000432 ox14-c000112 ox14-c000261 ox14-c000208 ox14-c000174,-0.1000000000,false
proprietary_gpt,ow14-s0045,positive,2,valid,ox14-c000174 ox14-c000432 ox14-c000112 ox14-c000208 ox14-c000261,ox14-c000432 ox14-c000112 ox14-c000261 ox14-c000208 ox14-c000174,-0.1000000000,false
proprietary_gpt,ow14-s0045,positive,3,valid,ox14-c000174 ox14-c000432 ox14-c000112 ox14-c000208 ox14-c000261,ox14-c000432 ox14-c000112 ox14-c000261 ox14-c000208 ox14-c000174,-0.1000000000,false
proprietary_gpt,ow14-s0045,positive,4,valid,ox14-c000174 ox14-c000432 ox14-c000112 ox14-c000208 ox14-c000261,ox14-c000112 ox14-c000261 ox14-c000432 ox14-c000208 ox14-c000174,-0.5000000000,false
proprietary_gpt,ow14-s0045,positive,5,valid,ox14-c000174 ox14-c000432 ox14-c000112 ox14-c000208 ox14-c000261,ox14-c000432 ox14-c000112 ox14-c000261 ox14-c000208 ox14-c000174,-0.1000000000,false
proprietary_gpt,ow14-s0046,positive,1,valid,ox14-c000310 ox14-c000408 ox14-c000414 ox14-c000224 ox14-c000362,ox14-c000414 ox14-c000408 ox14-c000310 ox14-c000224 ox14-c000362,0.6000000000,false
proprietary_gpt,ow14-s0046,positive,2,valid,ox14-c000310 ox14-c000408 ox14-c000414 ox14-c000224 ox14-c000362,ox14-c000414 ox14-c000408 ox14-c000310 ox14-c000224 ox14-c000362,0.6000000000,false
proprietary_gpt,ow14-s0046,positive,3,valid,ox14-c000310 ox14-c000408 ox14-c000414 ox14-c000224 ox14-c000362,ox14-c000414 ox14-c000408 ox14-c000224 ox14-c000362 ox14-c000310,-0.1000000000,false
proprietary_gpt,ow14-s0046,positive,4,valid,ox14-c000310 ox14-c000408 ox14-c000414 ox14-c000224 ox14-c000362,ox14-c000414 ox14-c000408 ox14-c000224 ox14-c000362 ox14-c000310,-0.1000000000,false
proprietary_gpt,ow14-s0046,positive,5,valid,ox14-c000310 ox14-c000408 ox14-c000414 ox14-c000224 ox14-c000362,ox14-c000414 ox14-c000408 ox14-c000310 ox14-c000224 ox14-c000362,0.6000000000,false
proprietary_gpt,ow14-s0047,positive,1,valid,ox14-c000036 ox14-c000210 ox14-c000134 ox14-c000402 ox14-c000391,ox14-c000134 ox14-c000402 ox14-c000391 ox14-c000210 ox14-c000036,-0.6000000000,false
proprietary_gpt,ow14-s0047,positive,2,valid,ox14-c000036 ox14-c000210 ox14-c000134 ox14-c000402 ox14-c000391,ox14-c000134 ox14-c000402 ox14-c000391 ox14-c000210 ox14-c000036,-0.6000000000,false
proprietary_gpt,ow14-s0047,positive,3,valid,ox14-c000036 ox14-c000210 ox14-c000134 ox14-c000402 ox14-c000391,ox14-c000134 ox14-c000402 ox14-c000391 ox14-c000210 ox14-c000036,-0.6000000000,false
proprietary_gpt,ow14-s0047,positive,4,valid,ox14-c000036 ox14-c000210 ox14-c000134 ox14-c000402 ox14-c000391,ox14-c000134 ox14-c000402 ox14-c000391 ox14-c000210 ox14-c000036,-0.6000000000,false
proprietary_gpt,ow14-s0047,positive,5,valid,ox14-c000036 ox14-c000210 ox14-c000134 ox14-c000402 ox14-c000391,ox14-c000134 ox14-c000402 ox14-c000391 ox14-c000210 ox14-c000036,-0.6000000000,false
proprietary_gpt,ow14-s0048,positive,1,valid,ox14-c000032 ox14-c000067 ox14-c000252 ox14-c000225 ox14-c000320,ox14-c000252 ox14-c000320 ox14-c000225 ox14-c000067 ox14-c000032,-0.7000000000,false
proprietary_gpt,ow14-s0048,positive,2,valid,ox14-c000032 ox14-c000067 ox14-c000252 ox14-c000225 ox14-c000320,ox14-c000252 ox14-c000320 ox14-c000067 ox14-c000225 ox14-c000032,-0.5000000000,false
proprietary_gpt,ow14-s0048,positive,3,valid,ox14-c000032 ox14-c000067 ox14-c000252 ox14-c000225 ox14-c000320,ox14-c000225 ox14-c000032 ox14-c000067 ox14-c000252 ox14-c000320,0.4000000000,false
proprietary_gpt,ow14-s0048,positive,4,valid,ox14-c000032 ox14-c000067 ox14-c000252 ox14-c000225 ox14-c000320,ox14-c000225 ox14-c000067 ox14-c000252 ox14-c000320 ox14-c000032,-0.3000000000,false
proprietary_gpt,ow14-s0048,positive,5,valid,ox14-c000032 ox14-c000067 ox14-c000252 ox14-c000225 ox14-c000320,ox14-c000252 ox14-c000320 ox14-c000067 ox14-c000225 ox14-c000032,-0.5000000000,false
proprietary_gpt,ow14-s0049,positive,1,valid,ox14-c000140 ox14-c000165 ox14-c000090 ox14-c000186 ox14-c000369,ox14-c000090 ox14-c000369 ox14-c000140 ox14-c000186 ox14-c000165,-0.3000000000,false
proprietary_gpt,ow14-s0049,positive,2,valid,ox14-c000140 ox14-c000165 ox14-c000090 ox14-c000186 ox14-c000369,ox14-c000090 ox14-c000369 ox14-c000140 ox14-c000186 ox14-c000165,-0.3000000000,false
proprietary_gpt,ow14-s0049,positive,3,valid,ox14-c000140 ox14-c000165 ox14-c000090 ox14-c000186 ox14-c000369,ox14-c000090 ox14-c000369 ox14-c000140 ox14-c000186 ox14-c000165,-0.3000000000,false
proprietary_gpt,ow14-s0049,positive,4,valid,ox14-c000140 ox14-c000165 ox14-c000090 ox14-c000186 ox14-c000369,ox14-c000369 ox14-c000090 ox14-c000140 ox14-c000186 ox14-c000165,-0.5000000000,false
proprietary_gpt,ow14-s0049,positive,5,valid,ox14-c000140 ox14-c000165 ox14-c000090 ox14-c000186 ox14-c000369,ox14-c000090 ox14-c000369 ox14-c000140 ox14-c000186 ox14-c000165,-0.3000000000,false
proprietary_gpt,ow14-s0050,positive,1,valid,ox14-c000072 ox14-c000081 ox14-c000368 ox14-c000389 ox14-c000265,ox14-c000072 ox14-c000389 ox14-c000265 ox14-c000081 ox14-c000368,0.2000000000,false
proprietary_gpt,ow14-s0050,positive,2,valid,ox14-c000072 ox14-c000081 ox14-c000368 ox14-c000389 ox14-c000265,ox14-c000081 ox14-c000368 ox14-c000072 ox14-c000389 ox14-c000265,0.7000000000,false
proprietary_gpt,ow14-s0050,positive,3,valid,ox14-c000072 ox14-c000081 ox14-c000368 ox14-c000389 ox14-c000265,ox14-c000072 ox14-c000389 ox14-c000265 ox14-c000081 ox14-c000368,0.2000000000,false
proprietary_gpt,ow14-s0050,positive,4,valid,ox14-c000072 ox14-c000081 ox14-c000368 ox14-c000389 ox14-c000265,ox14-c000389 ox14-c000265 ox14-c000072 ox14-c000081 ox14-c000368,-0.5000000000,false
proprietary_gpt,ow14-s0050,positive,5,valid,ox14-c000072 ox14-c000081 ox14-c000368 ox14-c000389 ox14-c000265,ox14-c000081 ox14-c000368 ox14-c000389 ox14-c000265 ox14-c000072,0.0000000000,false
proprietary_gpt,ow14-s0051,positive,1,valid,ox14-c000246 ox14-c000046 ox14-c000234 ox14-c000323 ox14-c000211,ox14-c000246 ox14-c000046 ox14-c000323 ox14-c000211 ox14-c000234,0.7000000000,false
proprietary_gpt,ow14-s0051,positive,2,valid,ox14-c000246 ox14-c000046 ox14-c000234 ox14-c000323 ox14-c000211,ox14-c000246 ox14-c000046 ox14-c000323 ox14-c000211 ox14-c000234,0.7000000000,false
proprietary_gpt,ow14-s0051,positive,3,valid,ox14-c000246 ox14-c000046 ox14-c000234 ox14-c000323 ox14-c000211,ox14-c000234 ox14-c000211 ox14-c000246 ox14-c000046 ox14-c000323,-0.1000000000,false
proprietary_gpt,ow14-s0051,positive,4,valid,ox14-c000246 ox14-c000046 ox14-c000234 ox14-c000323 ox14-c000211,ox14-c000234 ox14-c000211 ox14-c000246 ox14-c000046 ox14-c000323,-0.1000000000,false
proprietary_gpt,ow14-s0051,positive,5,valid,ox14-c000246 ox14-c000046 ox14-c000234 ox14-c000323 ox14-c000211,ox14-c000246 ox14-c000046 ox14-c000323 ox14-c000211 ox14-c000234,0.7000000000,false
proprietary_gpt,ow14-s0052,positive,1,valid,ox14-c000025 ox14-c000181 ox14-c000231 ox14-c000108 ox14-c000121,ox14-c000231 ox14-c000108 ox14-c000121 ox14-c000025 ox14-c000181,-0.5000000000,false
proprietary_gpt,ow14-s0052,positive,2,valid,ox14-c000025 ox14-c000181 ox14-c000231 ox14-c000108 ox14-c000121,ox14-c000231 ox14-c000108 ox14-c000121 ox14-c000025 ox14-c000181,-0.5000000000,false
proprietary_gpt,ow14-s0052,positive,3,valid,ox14-c000025 ox14-c000181 ox14-c000231 ox14-c000108 ox14-c000121,ox14-c000231 ox14-c000108 ox14-c000121 ox14-c000025 ox14-c000181,-0.5000000000,false
proprietary_gpt,ow14-s0052,positive,4,valid,ox14-c000025 ox14-c000181 ox14-c000231 ox14-c000108 ox14-c000121,ox14-c000231 ox14-c000108 ox14-c000121 ox14-c000025 ox14-c000181,-0.5000000000,false
proprietary_gpt,ow14-s0052,positive,5,valid,ox14-c000025 ox14-c000181 ox14-c000231 ox14-c000108 ox14-c000121,ox14-c000231 ox14-c000108 ox14-c000121 ox14-c000025 ox14-c000181,-0.5000000000,false
proprietary_gpt,ow14-s0053,positive,1,valid,ox14-c000012 ox14-c000037 ox14-c000042 ox14-c000197 ox14-c000058,ox14-c000042 ox14-c000197 ox14-c000058 ox14-c000012 ox14-c000037,-0.5000000000,false
proprietary_gpt,ow14-s0053,positive,2,valid,ox14-c000012 ox14-c000037 ox14-c000042 ox14-c000197 ox14-c000058,ox14-c000042 ox14-c000197 ox14-c000058 ox14-c000012 ox14-c000037,-0.5000000000,false
proprietary_gpt,ow14-s0053,positive,3,valid,ox14-c000012 ox14-c000037 ox14-c000042 ox14-c000197 ox14-c000058,ox14-c000042 ox14-c000197 ox14-c000058 ox14-c000012 ox14-c000037,-0.5000000000,false
proprietary_gpt,ow14-s0053,positive,4,valid,ox14-c000012 ox14-c000037 ox14-c000042 ox14-c000197 ox14-c000058,ox14-c000042 ox14-c000197 ox14-c000058 ox14-c000012 ox14-c000037,-0.5000000000,false
proprietary_gpt,ow14-s0053,positive,5,valid,ox14-c000012 ox14-c000037 ox14-c000042 ox14-c000197 ox14-c000058,ox14-c000042 ox14-c000197 ox14-c000058 ox14-c000012 ox14-c000037,-0.5000000000,false
proprietary_gpt,ow14-s0054,positive,1,valid,ox14-c000245 ox14-c000086 ox14-c000374 ox14-c000354 ox14-c000270,ox14-c000086 ox14-c000374 ox14-c000354 ox14-c000245 ox14-c000270,0.4000000000,false
proprietary_gpt,ow14-s0054,positive,2,valid,ox14-c000245 ox14-c000086 ox14-c000374 ox14-c000354 ox14-c000270,ox14-c000374 ox14-c000086 ox14-c000245 ox14-c000354 ox14-c000270,0.6000000000,false
proprietary_gpt,ow14-s0054,positive,3,valid,ox14-c000245 ox14-c000086 ox14-c000374 ox14-c000354 ox14-c000270,ox14-c000086 ox14-c000374 ox14-c000245 ox14-c000354 ox14-c000270,0.7000000000,false
proprietary_gpt,ow14-s0054,positive,4,valid,ox14-c000245 ox14-c000086 ox14-c000374 ox14-c000354 ox14-c000270,ox14-c000086 ox14-c000374 ox14-c000245 ox14-c000354 ox14-c000270,0.7000000000,false
proprietary_gpt,ow14-s0054,positive,5,valid,ox14-c000245 ox14-c000086 ox14-c000374 ox14-c000354 ox14-c000270,ox14-c000086 ox14-c000374 ox14-c000270 ox14-c000245 ox14-c000354,0.2000000000,false
proprietary_gpt,ow14-s0055,positive,1,valid,ox14-c000127 ox14-c000228 ox14-c000087 ox14-c000033 ox14-c000075,ox14-c000127 ox14-c000075 ox14-c000228 ox14-c000087 ox14-c000033,0.4000000000,false
proprietary_gpt,ow14-s0055,positive,2,valid,ox14-c000127 ox14-c000228 ox14-c000087 ox14-c000033 ox14-c000075,ox14-c000127 ox14-c000075 ox14-c000228 ox14-c000087 ox14-c000033,0.4000000000,false
proprietary_gpt,ow14-s0055,positive,3,valid,ox14-c000127 ox14-c000228 ox14-c000087 ox14-c000033 ox14-c000075,ox14-c000127 ox14-c000075 ox14-c000228 ox14-c000087 ox14-c000033,0.4000000000,false
proprietary_gpt,ow14-s0055,positive,4,valid,ox14-c000127 ox14-c000228 ox14-c000087 ox14-c000033 ox14-c000075,ox14-c000127 ox14-c000075 ox14-c000228 ox14-c000087 ox14-c000033,0.4000000000,false
proprietary_gpt,ow14-s0055,positive,5,valid,ox14-c000127 ox14-c000228 ox14-c000087 ox14-c000033 ox14-c000075,ox14-c000127 ox14-c000075 ox14-c000228 ox14-c000087 ox14-c000033,0.4000000000,false
proprietary_gpt,ow14-s0056,positive,1,valid,ox14-c000277 ox14-c000406 ox14-c000352 ox14-c000297 ox14-c000412,ox14-c000277 ox14-c000412 ox14-c000406 ox14-c000352 ox14-c000297,0.4000000000,false
proprietary_gpt,ow14-s0056,positive,2,valid,ox14-c000277 ox14-c000406 ox14-c000352 ox14-c000297 ox14-c000412,ox14-c000277 ox14-c000412 ox14-c000406 ox14-c000352 ox14-c000297,0.4000000000,false
proprietary_gpt,ow14-s0056,positive,3,valid,ox14-c000277 ox14-c000406 ox14-c000352 ox14-c000297 ox14-c000412,ox14-c000277 ox14-c000412 ox14-c000352 ox14-c000406 ox14-c000297,0.3000000000,false
proprietary_gpt,ow14-s0056,positive,4,valid,ox14-c000277 ox14-c000406 ox14-c000352 ox14-c000297 ox14-c000412,ox14-c000277 ox14-c000412 ox14-c000406 ox14-c000352 ox14-c000297,0.4000000000,false
proprietary_gpt,ow14-s0056,positive,5,valid,ox14-c000277 ox14-c000406 ox14-c000352 ox14-c000297 ox14-c000412,ox14-c000277 ox14-c000412 ox14-c000406 ox14-c000352 ox14-c000297,0.4000000000,false
proprietary_gpt,ow14-s0057,positive,1,valid,ox14-c000113 ox14-c000060 ox14-c000357 ox14-c000092 ox14-c000183,ox14-c000113 ox14-c000060 ox14-c000357 ox14-c000092 ox14-c000183,1.0000000000,true
proprietary_gpt,ow14-s0057,positive,2,valid,ox14-c000113 ox14-c000060 ox14-c000357 ox14-c000092 ox14-c000183,ox14-c000113 ox14-c000060 ox14-c000357 ox14-c000092 ox14-c000183,1.0000000000,true
proprietary_gpt,ow14-s0057,positive,3,valid,ox14-c000113 ox14-c000060 ox14-c000357 ox14-c000092 ox14-c000183,ox14-c000113 ox14-c000060 ox14-c000357 ox14-c000092 ox14-c000183,1.0000000000,true
proprietary_gpt,ow14-s0057,positive,4,valid,ox14-c000113 ox14-c000060 ox14-c000357 ox14-c000092 ox14-c000183,ox14-c000113 ox14-c000060 ox14-c000357 ox14-c000092 ox14-c000183,1.0000000000,true
proprietary_gpt,ow14-s0057,positive,5,valid,ox14-c000113 ox14-c000060 ox14-c000357 ox14-c000092 ox14-c000183,ox14-c000113 ox14-c000060 ox14-c000357 ox14-c000092 ox14-c000183,1.0000000000,true
proprietary_gpt,ow14-s0058,positive,1,valid,ox14-c000425 ox14-c000293 ox14-c000381 ox14-c000103 ox14-c000398,ox14-c000425 ox14-c000381 ox14-c000103 ox14-c000398 ox14-c000293,0.4000000000,false
proprietary_gpt,ow14-s0058,positive,2,valid,ox14-c000425 ox14-c000293 ox14-c000381 ox14-c000103 ox14-c000398,ox14-c000425 ox14-c000381 ox14-c000103 ox14-c000398 ox14-c000293,0.4000000000,false
proprietary_gpt,ow14-s0058,positive,3,valid,ox14-c000425 ox14-c000293 ox14-c000381 ox14-c000103 ox14-c000398,ox14-c000425 ox14-c000381 ox14-c000103 ox14-c000398 ox14-c000293,0.4000000000,false
proprietary_gpt,ow14-s0058,positive,4,valid,ox14-c000425 ox14-c000293 ox14-c000381 ox14-c000103 ox14-c000398,ox14-c000425 ox14-c000381 ox14-c000103 ox14-c000398 ox14-c000293,0.4000000000,false
proprietary_gpt,ow14-s0058,positive,5,valid,ox14-c000425 ox14-c000293 ox14-c000381 ox14-c000103 ox14-c000398,ox14-c000381 ox14-c000103 ox14-c000398 ox14-c000425 ox14-c000293,-0.5000000000,false
proprietary_gpt,ow14-s0059,positive,1,valid,ox14-c000093 ox14-c000373 ox14-c000422 ox14-c000107 ox14-c000129,ox14-c000422 ox14-c000129 ox14-c000107 ox14-c000093 ox14-c000373,-0.6000000000,false
proprietary_gpt,ow14-s0059,positive,2,valid,ox14-c000093 ox14-c000373 ox14-c000422 ox14-c000107 ox14-c000129,ox14-c000093 ox14-c000373 ox14-c000422 ox14-c000129 ox14-c000107,0.9000000000,false
proprietary_gpt,ow14-s0059,positive,3,valid,ox14-c000093 ox14-c000373 ox14-c000422 ox14-c000107 ox14-c000129,ox14-c000422 ox14-c000129 ox14-c000107 ox14-c000093 ox14-c000373,-0.6000000000,false
proprietary_gpt,ow14-s0059,positive,4,valid,ox14-c000093 ox14-c000373 ox14-c000422 ox14-c000107 ox14-c000129,ox14-c000093 ox14-c000373 ox14-c000422 ox14-c000129 ox14-c000107,0.9000000000,false
proprietary_gpt,ow14-s0059,positive,5,valid,ox14-c000093 ox14-c000373 ox14-c000422 ox14-c000107 ox14-c000129,ox14-c000093 ox14-c000373 ox14-c000422 ox14-c000129 ox14-c000107,0.9000000000,false
proprietary_gpt,ow14-s0060,positive,1,valid,ox14-c000427 ox14-c000084 ox14-c000337 ox14-c000053 ox14-c000350,ox14-c000084 ox14-c000337 ox14-c000350 ox14-c000427 ox14-c000053,0.2000000000,false
proprietary_gpt,ow14-s0060,positive,2,valid,ox14-c000427 ox14-c000084 ox14-c000337 ox14-c000053 ox14-c000350,ox14-c000084 ox14-c000337 ox14-c000350 ox14-c000053 ox14-c000427,-0.1000000000,false
proprietary_gpt,ow14-s0060,positive,3,valid,ox14-c000427 ox14-c000084 ox14-c000337 ox14-c000053 ox14-c000350,ox14-c000427 ox14-c000053 ox14-c000337 ox14-c000350 ox14-c000084,0.3000000000,false
proprietary_gpt,ow14-s0060,positive,4,valid,ox14-c000427 ox14-c000084 ox14-c000337 ox14-c000053 ox14-c000350,ox14-c000084 ox14-c000337 ox14-c000350 ox14-c000053 ox14-c000427,-0.1000000000,false
proprietary_gpt,ow14-s0060,positive,5,valid,ox14-c000427 ox14-c000084 ox14-c000337 ox14-c000053 ox14-c000350,ox14-c000084 ox14-c000337 ox14-c000350 ox14-c000053 ox14-c000427,-0.1000000000,false
proprietary_gpt,ow14-s0061,positive,1,valid,ox14-c000384 ox14-c000016 ox14-c000344 ox14-c000002 ox14-c000216,ox14-c000384 ox14-c000344 ox14-c000216 ox14-c000016 ox14-c000002,0.5000000000,false
proprietary_gpt,ow14-s0061,positive,2,valid,ox14-c000384 ox14-c000016 ox14-c000344 ox14-c000002 ox14-c000216,ox14-c000384 ox14-c000344 ox14-c000216 ox14-c000016 ox14-c000002,0.5000000000,false
proprietary_gpt,ow14-s0061,positive,3,valid,ox14-c000384 ox14-c000016 ox14-c000344 ox14-c000002 ox14-c000216,ox14-c000384 ox14-c000344 ox14-c000216 ox14-c000016 ox14-c000002,0.5000000000,false
proprietary_gpt,ow14-s0061,positive,4,valid,ox14-c000384 ox14-c000016 ox14-c000344 ox14-c000002 ox14-c000216,ox14-c000384 ox14-c000344 ox14-c000216 ox14-c000016 ox14-c000002,0.5000000000,false
proprietary_gpt,ow14-s0061,positive,5,valid,ox14-c000384 ox14-c000016 ox14-c000344 ox14-c000002 ox14-c000216,ox14-c000384 ox14-c000344 ox14-c000216 ox14-c000016 ox14-c000002,0.5000000000,false
proprietary_gpt,ow14-s0062,positive,1,valid,ox14-c000220 ox14-c000177 ox14-c000079 ox14-c000207 ox14-c000268,ox14-c000079 ox14-c000220 ox14-c000268 ox14-c000207 ox14-c000177,0.1000000000,false
proprietary_gpt,ow14-s0062,positive,2,valid,ox14-c000220 ox14-c000177 ox14-c000079 ox14-c000207 ox14-c000268,ox14-c000268 ox14-c000220 ox14-c000207 ox14-c000079 ox14-c000177,-0.4000000000,false
proprietary_gpt,ow14-s0062,positive,3,valid,ox14-c000220 ox14-c000177 ox14-c000079 ox14-c000207 ox14-c000268,ox14-c000079 ox14-c000268 ox14-c000220 ox14-c000207 ox14-c000177,-0.3000000000,false
proprietary_gpt,ow14-s0062,positive,4,valid,ox14-c000220 ox14-c000177 ox14-c000079 ox14-c000207 ox14-c000268,ox14-c000079 ox14-c000268 ox14-c000220 ox14-c000207 ox14-c000177,-0.3000000000,false
proprietary_gpt,ow14-s0062,positive,5,valid,ox14-c000220 ox14-c000177 ox14-c000079 ox14-c000207 ox14-c000268,ox14-c000079 ox14-c000268 ox14-c000220 ox14-c000207 ox14-c000177,-0.3000000000,false
proprietary_gpt,ow14-s0063,positive,1,valid,ox14-c000314 ox14-c000026 ox14-c000417 ox14-c000061 ox14-c000434,ox14-c000417 ox14-c000434 ox14-c000061 ox14-c000314 ox14-c000026,-0.6000000000,false
proprietary_gpt,ow14-s0063,positive,2,valid,ox14-c000314 ox14-c000026 ox14-c000417 ox14-c000061 ox14-c000434,ox14-c000417 ox14-c000434 ox14-c000061 ox14-c000314 ox14-c000026,-0.6000000000,false
proprietary_gpt,ow14-s0063,positive,3,valid,ox14-c000314 ox14-c000026 ox14-c000417 ox14-c000061 ox14-c000434,ox14-c000417 ox14-c000434 ox14-c000061 ox14-c000314 ox14-c000026,-0.6000000000,false
proprietary_gpt,ow14-s0063,positive,4,valid,ox14-c000314 ox14-c000026 ox14-c000417 ox14-c000061 ox14-c000434,ox14-c000417 ox14-c000434 ox14-c000061 ox14-c000314 ox14-c000026,-0.6000000000,false
proprietary_gpt,ow14-s0063,positive,5,valid,ox14-c000314 ox14-c000026 ox14-c000417 ox14-c000061 ox14-c000434,ox14-c000417 ox14-c000434 ox14-c000061 ox14-c000314 ox14-c000026,-0.6000000000,false
proprietary_gpt,ow14-s0064,positive,1,valid,ox14-c000034 ox14-c000273 ox14-c000019 ox14-c000219 ox14-c000109,ox14-c000273 ox14-c000109 ox14-c000219 ox14-c000034 ox14-c000019,-0.2000000000,false
proprietary_gpt,ow14-s0064,positive,2,valid,ox14-c000034 ox14-c000273 ox14-c000019 ox14-c000219 ox14-c000109,ox14-c000273 ox14-c000109 ox14-c000219 ox14-c000034 ox14-c000019,-0.2000000000,false
proprietary_gpt,ow14-s0064,positive,3,valid,ox14-c000034 ox14-c000273 ox14-c000019 ox14-c000219 ox14-c000109,ox14-c000273 ox14-c000109 ox14-c000219 ox14-c000034 ox14-c000019,-0.2000000000,false
proprietary_gpt,ow14-s0064,positive,4,valid,ox14-c000034 ox14-c000273 ox14-c000019 ox14-c000219 ox14-c000109,ox14-c000273 ox14-c000109 ox14-c000219 ox14-c000034 ox14-c000019,-0.2000000000,false
proprietary_gpt,ow14-s0064,positive,5,valid,ox14-c000034 ox14-c000273 ox14-c000019 ox14-c000219 ox14-c000109,ox14-c000273 ox14-c000109 ox14-c000219 ox14-c000034 ox14-c000019,-0.2000000000,false
proprietary_gpt,ow14-s0065,positive,1,valid,ox14-c000405 ox14-c000101 ox14-c000363 ox14-c000347 ox14-c000303,ox14-c000363 ox14-c000303 ox14-c000347 ox14-c000405 ox14-c000101,-0.6000000000,false
proprietary_gpt,ow14-s0065,positive,2,valid,ox14-c000405 ox14-c000101 ox14-c000363 ox14-c000347 ox14-c000303,ox14-c000363 ox14-c000405 ox14-c000101 ox14-c000347 ox14-c000303,0.7000000000,false
proprietary_gpt,ow14-s0065,positive,3,valid,ox14-c000405 ox14-c000101 ox14-c000363 ox14-c000347 ox14-c000303,ox14-c000405 ox14-c000101 ox14-c000347 ox14-c000363 ox14-c000303,0.9000000000,false
proprietary_gpt,ow14-s0065,positive,4,valid,ox14-c000405 ox14-c000101 ox14-c000363 ox14-c000347 ox14-c000303,ox14-c000363 ox14-c000405 ox14-c000101 ox14-c000347 ox14-c000303,0.7000000000,false
proprietary_gpt,ow14-s0065,positive,5,valid,ox14-c000405 ox14-c000101 ox14-c000363 ox14-c000347 ox14-c000303,ox14-c000363 ox14-c000405 ox14-c000101 ox14-c000347 ox14-c000303,0.7000000000,false
proprietary_gpt,ow14-s0066,positive,1,valid,ox14-c000100 ox14-c000226 ox14-c000039 ox14-c000064 ox14-c000111,ox14-c000226 ox14-c000064 ox14-c000100 ox14-c000111 ox14-c000039,0.3000000000,false
proprietary_gpt,ow14-s0066,positive,2,valid,ox14-c000100 ox14-c000226 ox14-c000039 ox14-c000064 ox14-c000111,ox14-c000226 ox14-c000064 ox14-c000100 ox14-c000111 ox14-c000039,0.3000000000,false
proprietary_gpt,ow14-s0066,positive,3,valid,ox14-c000100 ox14-c000226 ox14-c000039 ox14-c000064 ox14-c000111,ox14-c000226 ox14-c000064 ox14-c000100 ox14-c000111 ox14-c000039,0.3000000000,false
proprietary_gpt,ow14-s0066,positive,4,valid,ox14-c000100 ox14-c000226 ox14-c000039 ox14-c000064 ox14-c000111,ox14-c000226 ox14-c000064 ox14-c000111 ox14-c000100 ox14-c000039,-0.1000000000,false
proprietary_gpt,ow14-s0066,positive,5,valid,ox14-c000100 ox14-c000226 ox14-c000039 ox14-c000064 ox14-c000111,ox14-c000226 ox14-c000064 ox14-c000100 ox14-c000111 ox14-c000039,0.3000000000,false
proprietary_gpt,ow14-s0067,positive,1,valid,ox14-c000212 ox14-c000385 ox14-c000048 ox14-c000141 ox14-c000387,ox14-c000141 ox14-c000385 ox14-c000048 ox14-c000387 ox14-c000212,-0.3000000000,false
proprietary_gpt,ow14-s0067,positive,2,valid,ox14-c000212 ox14-c000385 ox14-c000048 ox14-c000141 ox14-c000387,ox14-c000385 ox14-c000048 ox14-c000387 ox14-c000141 ox14-c000212,-0.1000000000,false
proprietary_gpt,ow14-s0067,positive,3,valid,ox14-c000212 ox14-c000385 ox14-c000048 ox14-c000141 ox14-c000387,ox14-c000141 ox14-c000385 ox14-c000048 ox14-c000387 ox14-c000212,-0.3000000000,false
proprietary_gpt,ow14-s0067,positive,4,valid,ox14-c000212 ox14-c000385 ox14-c000048 ox14-c000141 ox14-c000387,ox14-c000212 ox14-c000385 ox14-c000048 ox14-c000387 ox14-c000141,0.9000000000,false
proprietary_gpt,ow14-s0067,positive,5,valid,ox14-c000212 ox14-c000385 ox14-c000048 ox14-c000141 ox14-c000387,ox14-c000385 ox14-c000048 ox14-c000387 ox14-c000141 ox14-c000212,-0.1000000000,false
proprietary_gpt,ow14-s0068,positive,1,valid,ox14-c000248 ox14-c000399 ox14-c000082 ox14-c000251 ox14-c000423,ox14-c000082 ox14-c000423 ox14-c000248 ox14-c000399 ox14-c000251,-0.1000000000,false
proprietary_gpt,ow14-s0068,positive,2,valid,ox14-c000248 ox14-c000399 ox14-c000082 ox14-c000251 ox14-c000423,ox14-c000248 ox14-c000399 ox14-c000251 ox14-c000423 ox14-c000082,0.7000000000,false
proprietary_gpt,ow14-s0068,positive,3,valid,ox14-c000248 ox14-c000399 ox14-c000082 ox14-c000251 ox14-c000423,ox14-c000082 ox14-c000423 ox14-c000248 ox14-c000399 ox14-c000251,-0.1000000000,false
proprietary_gpt,ow14-s0068,positive,4,valid,ox14-c000248 ox14-c000399 ox14-c000082 ox14-c000251 ox14-c000423,ox14-c000082 ox14-c000423 ox14-c000248 ox14-c000399 ox14-c000251,-0.1000000000,false
proprietary_gpt,ow14-s0068,positive,5,valid,ox14-c000248 ox14-c000399 ox14-c000082 ox14-c000251 ox14-c000423,ox14-c000082 ox14-c000423 ox14-c000248 ox14-c000399 ox14-c000251,-0.1000000000,false
proprietary_gpt,ow14-s0069,positive,1,valid,ox14-c000296 ox14-c000410 ox14-c000077 ox14-c000179 ox14-c000085,ox14-c000410 ox14-c000077 ox14-c000085 ox14-c000296 ox14-c000179,0.2000000000,false
proprietary_gpt,ow14-s0069,positive,2,valid,ox14-c000296 ox14-c000410 ox14-c000077 ox14-c000179 ox14-c000085,ox14-c000410 ox14-c000077 ox14-c000085 ox14-c000296 ox14-c000179,0.2000000000,false
proprietary_gpt,ow14-s0069,positive,3,valid,ox14-c000296 ox14-c000410 ox14-c000077 ox14-c000179 ox14-c000085,ox14-c000085 ox14-c000410 ox14-c000077 ox14-c000296 ox14-c000179,-0.3000000000,false
proprietary_gpt,ow14-s0069,positive,4,valid,ox14-c000296 ox14-c000410 ox14-c000077 ox14-c000179 ox14-c000085,ox14-c000410 ox14-c000077 ox14-c000085 ox14-c000296 ox14-c000179,0.2000000000,false
proprietary_gpt,ow14-s0069,positive,5,valid,ox14-c000296 ox14-c000410 ox14-c000077 ox14-c000179 ox14-c000085,ox14-c000410 ox14-c000077 ox14-c000085 ox14-c000296 ox14-c000179,0.2000000000,false
proprietary_gpt,ow14-s0070,positive,1,valid,ox14-c000343 ox14-c000395 ox14-c000223 ox14-c000118 ox14-c000353,ox14-c000223 ox14-c000395 ox14-c000118 ox14-c000343 ox14-c000353,0.3000000000,false
proprietary_gpt,ow14-s0070,positive,2,valid,ox14-c000343 ox14-c000395 ox14-c000223 ox14-c000118 ox14-c000353,ox14-c000223 ox14-c000343 ox14-c000353 ox14-c000395 ox14-c000118,0.3000000000,false
proprietary_gpt,ow14-s0070,positive,3,valid,ox14-c000343 ox14-c000395 ox14-c000223 ox14-c000118 ox14-c000353,ox14-c000223 ox14-c000343 ox14-c000353 ox14-c000395 ox14-c000118,0.3000000000,false
proprietary_gpt,ow14-s0070,positive,4,valid,ox14-c000343 ox14-c000395 ox14-c000223 ox14-c000118 ox14-c000353,ox14-c000223 ox14-c000343 ox14-c000353 ox14-c000395 ox14-c000118,0.3000000000,false
proprietary_gpt,ow14-s0070,positive,5,valid,ox14-c000343 ox14-c000395 ox14-c000223 ox14-c000118 ox14-c000353,ox14-c000223 ox14-c000343 ox14-c000353 ox14-c000395 ox14-c000118,0.3000000000,false
proprietary_gpt,ow14-s0071,positive,1,valid,ox14-c000311 ox14-c000116 ox14-c000307 ox14-c000315 ox14-c000188,ox14-c000116 ox14-c000188 ox14-c000311 ox14-c000307 ox14-c000315,0.2000000000,false
proprietary_gpt,ow14-s0071,positive,2,valid,ox14-c000311 ox14-c000116 ox14-c000307 ox14-c000315 ox14-c000188,ox14-c000116 ox14-c000188 ox14-c000311 ox14-c000307 ox14-c000315,0.2000000000,false
proprietary_gpt,ow14-s0071,positive,3,valid,ox14-c000311 ox14-c000116 ox14-c000307 ox14-c000315 ox14-c000188,ox14-c000116 ox14-c000188 ox14-c000311 ox14-c000307 ox14-c000315,0.2000000000,false
proprietary_gpt,ow14-s0071,positive,4,valid,ox14-c000311 ox14-c000116 ox14-c000307 ox14-c000315 ox14-c000188,ox14-c000116 ox14-c000188 ox14-c000311 ox14-c000307 ox14-c000315,0.2000000000,false
proprietary_gpt,ow14-s0071,positive,5,valid,ox14-c000311 ox14-c000116 ox14-c000307 ox14-c000315 ox14-c000188,ox14-c000116 ox14-c000188 ox14-c000311 ox14-c000307 ox14-c000315,0.2000000000,false
proprietary_gpt,ow14-s0072,positive,1,valid,ox14-c000404 ox14-c000167 ox14-c000271 ox14-c000351 ox14-c000161,ox14-c000404 ox14-c000271 ox14-c000351 ox14-c000167 ox14-c000161,0.7000000000,false
proprietary_gpt,ow14-s0072,positive,2,valid,ox14-c000404 ox14-c000167 ox14-c000271 ox14-c000351 ox14-c000161,ox14-c000271 ox14-c000404 ox14-c000351 ox14-c000167 ox14-c000161,0.5000000000,false
proprietary_gpt,ow14-s0072,positive,3,valid,ox14-c000404 ox14-c000167 ox14-c000271 ox14-c000351 ox14-c000161,ox14-c000404 ox14-c000271 ox14-c000351 ox14-c000167 ox14-c000161,0.7000000000,false
proprietary_gpt,ow14-s0072,positive,4,valid,ox14-c000404 ox14-c000167 ox14-c000271 ox14-c000351 ox14-c000161,ox14-c000404 ox14-c000271 ox14-c000351 ox14-c000167 ox14-c000161,0.7000000000,false
proprietary_gpt,ow14-s0072,positive,5,valid,ox14-c000404 ox14-c000167 ox14-c000271 ox14-c000351 ox14-c000161,ox14-c000271 ox14-c000404 ox14-c000351 ox14-c000167 ox14-c000161,0.5000000000,false
proprietary_gpt,ow14-s0073,positive,1,valid,ox14-c000304 ox14-c000272 ox14-c000429 ox14-c000029 ox14-c000117,ox14-c000272 ox14-c000429 ox14-c000117 ox14-c000304 ox14-c000029,0.2000000000,false
proprietary_gpt,ow14-s0073,positive,2,valid,ox14-c000304 ox14-c000272 ox14-c000429 ox14-c000029 ox14-c000117,ox14-c000272 ox14-c000429 ox14-c000117 ox14-c000304 ox14-c000029,0.2000000000,false
proprietary_gpt,ow14-s0073,positive,3,valid,ox14-c000304 ox14-c000272 ox14-c000429 ox14-c000029 ox14-c000117,ox14-c000272 ox14-c000429 ox14-c000117 ox14-c000304 ox14-c000029,0.2000000000,false
proprietary_gpt,ow14-s0073,positive,4,valid,ox14-c000304 ox14-c000272 ox14-c000429 ox14-c000029 ox14-c000117,ox14-c000272 ox14-c000429 ox14-c000117 ox14-c000304 ox14-c000029,0.2000000000,false
proprietary_gpt,ow14-s0073,positive,5,valid,ox14-c000304 ox14-c000272 ox14-c000429 ox14-c000029 ox14-c000117,ox14-c000272 ox14-c000429 ox14-c000117 ox14-c000304 ox14-c000029,0.2000000000,false
proprietary_gpt,ow14-s0074,positive,1,valid,ox14-c000185 ox14-c000335 ox14-c000346 ox14-c000136 ox14-c000377,ox14-c000346 ox14-c000136 ox14-c000185 ox14-c000335 ox14-c000377,0.2000000000,false
proprietary_gpt,ow14-s0074,positive,2,valid,ox14-c000185 ox14-c000335 ox14-c000346 ox14-c000136 ox14-c000377,ox14-c000346 ox14-c000185 ox14-c000335 ox14-c000377 ox14-c000136,0.6000000000,false
proprietary_gpt,ow14-s0074,positive,3,valid,ox14-c000185 ox14-c000335 ox14-c000346 ox14-c000136 ox14-c000377,ox14-c000346 ox14-c000136 ox14-c000185 ox14-c000335 ox14-c000377,0.2000000000,false
proprietary_gpt,ow14-s0074,positive,4,valid,ox14-c000185 ox14-c000335 ox14-c000346 ox14-c000136 ox14-c000377,ox14-c000136 ox14-c000185 ox14-c000335 ox14-c000377 ox14-c000346,0.2000000000,false
proprietary_gpt,ow14-s0074,positive,5,valid,ox14-c000185 ox14-c000335 ox14-c000346 ox14-c000136 ox14-c000377,ox14-c000185 ox14-c000335 ox14-c000377 ox14-c000136 ox14-c000346,0.6000000000,false
proprietary_gpt,ow14-s0075,positive,1,valid,ox14-c000198 ox14-c000070 ox14-c000104 ox14-c000396 ox14-c000247,ox14-c000198 ox14-c000104 ox14-c000247 ox14-c000396 ox14-c000070,0.3000000000,false
proprietary_gpt,ow14-s0075,positive,2,valid,ox14-c000198 ox14-c000070 ox14-c000104 ox14-c000396 ox14-c000247,ox14-c000198 ox14-c000104 ox14-c000396 ox14-c000247 ox14-c000070,0.4000000000,false
proprietary_gpt,ow14-s0075,positive,3,valid,ox14-c000198 ox14-c000070 ox14-c000104 ox14-c000396 ox14-c000247,ox14-c000198 ox14-c000104 ox14-c000396 ox14-c000247 ox14-c000070,0.4000000000,false
proprietary_gpt,ow14-s0075,positive,4,valid,ox14-c000198 ox14-c000070 ox14-c000104 ox14-c000396 ox14-c000247,ox14-c000198 ox14-c000104 ox14-c000396 ox14-c000247 ox14-c000070,0.4000000000,false
proprietary_gpt,ow14-s0075,positive,5,valid,ox14-c000198 ox14-c000070 ox14-c000104 ox14-c000396 ox14-c000247,ox14-c000198 ox14-c000104 ox14-c000396 ox14-c000247 ox14-c000070,0.4000000000,false
proprietary_gpt,ow14-s0076,positive,1,valid,ox14-c000023 ox14-c000163 ox14-c000056 ox14-c000099 ox14-c000102,ox14-c000056 ox14-c000099 ox14-c000102 ox14-c000023 ox14-c000163,-0.5000000000,false
proprietary_gpt,ow14-s0076,positive,2,valid,ox14-c000023 ox14-c000163 ox14-c000056 ox14-c000099 ox14-c000102,ox14-c000056 ox14-c000099 ox14-c000102 ox14-c000023 ox14-c000163,-0.5000000000,false
proprietary_gpt,ow14-s0076,positive,3,valid,ox14-c000023 ox14-c000163 ox14-c000056 ox14-c000099 ox14-c000102,ox14-c000056 ox14-c000099 ox14-c000102 ox14-c000023 ox14-c000163,-0.5000000000,false
proprietary_gpt,ow14-s0076,positive,4,valid,ox14-c000023 ox14-c000163 ox14-c000056 ox14-c000099 ox14-c000102,ox14-c000056 ox14-c000099 ox14-c000102 ox14-c000023 ox14-c000163,-0.5000000000,false
proprietary_gpt,ow14-s0076,positive,5,valid,ox14-c000023 ox14-c000163 ox14-c000056 ox14-c000099 ox14-c000102,ox14-c000056 ox14-c000099 ox14-c000102 ox14-c000023 ox14-c000163,-0.5000000000,false
proprietary_gpt,ow14-s0077,positive,1,valid,ox14-c000030 ox14-c000189 ox14-c000054 ox14-c000236 ox14-c000348,ox14-c000189 ox14-c000054 ox14-c000348 ox14-c000236 ox14-c000030,-0.1000000000,false
proprietary_gpt,ow14-s0077,positive,2,valid,ox14-c000030 ox14-c000189 ox14-c000054 ox14-c000236 ox14-c000348,ox14-c000189 ox14-c000054 ox14-c000236 ox14-c000348 ox14-c000030,0.0000000000,false
proprietary_gpt,ow14-s0077,positive,3,valid,ox14-c000030 ox14-c000189 ox14-c000054 ox14-c000236 ox14-c000348,ox14-c000189 ox14-c000054 ox14-c000348 ox14-c000236 ox14-c000030,-0.1000000000,false
proprietary_gpt,ow14-s0077,positive,4,valid,ox14-c000030 ox14-c000189 ox14-c000054 ox14-c000236 ox14-c000348,ox14-c000236 ox14-c000189 ox14-c000054 ox14-c000348 ox14-c000030,-0.3000000000,false
proprietary_gpt,ow14-s0077,positive,5,valid,ox14-c000030 ox14-c000189 ox14-c000054 ox14-c000236 ox14-c000348,ox14-c000236 ox14-c000348 ox14-c000189 ox14-c000054 ox14-c000030,-0.8000000000,false
proprietary_gpt,ow14-s0078,positive,1,valid,ox14-c000341 ox14-c000083 ox14-c000209 ox14-c000342 ox14-c000426,ox14-c000426 ox14-c000341 ox14-c000209 ox14-c000342 ox14-c000083,-0.3000000000,false
proprietary_gpt,ow14-s0078,positive,2,valid,ox14-c000341 ox14-c000083 ox14-c000209 ox14-c000342 ox14-c000426,ox14-c000083 ox14-c000426 ox14-c000341 ox14-c000209 ox14-c000342,0.2000000000,false
proprietary_gpt,ow14-s0078,positive,3,valid,ox14-c000341 ox14-c000083 ox14-c000209 ox14-c000342 ox14-c000426,ox14-c000083 ox14-c000426 ox14-c000341 ox14-c000209 ox14-c000342,0.2000000000,false
proprietary_gpt,ow14-s0078,positive,4,valid,ox14-c000341 ox14-c000083 ox14-c000209 ox14-c000342 ox14-c000426,ox14-c000083 ox14-c000426 ox14-c000341 ox14-c000209 ox14-c000342,0.2000000000,false
proprietary_gpt,ow14-s0078,positive,5,valid,ox14-c000341 ox14-c000083 ox14-c000209 ox14-c000342 ox14-c000426,ox14-c000083 ox14-c000426 ox14-c000341 ox14-c000209 ox14-c000342,0.2000000000,false
proprietary_gpt,ow14-s0079,positive,1,valid,ox14-c000254 ox14-c000340 ox14-c000259 ox14-c000184 ox14-c000333,ox14-c000254 ox14-c000340 ox14-c000259 ox14-c000184 ox14-c000333,1.0000000000,true
proprietary_gpt,ow14-s0079,positive,2,valid,ox14-c000254 ox14-c000340 ox14-c000259 ox14-c000184 ox14-c000333,ox14-c000254 ox14-c000259 ox14-c000184 ox14-c000333 ox14-c000340,0.4000000000,false
proprietary_gpt,ow14-s0079,positive,3,valid,ox14-c000254 ox14-c000340 ox14-c000259 ox14-c000184 ox14-c000333,ox14-c000340 ox14-c000254 ox14-c000259 ox14-c000184 ox14-c000333,0.9000000000,false
proprietary_gpt,ow14-s0079,positive,4,valid,ox14-c000254 ox14-c000340 ox14-c000259 ox14-c000184 ox14-c000333,ox14-c000340 ox14-c000254 ox14-c000259 ox14-c000184 ox14-c000333,0.9000000000,false
proprietary_gpt,ow14-s0079,positive,5,valid,ox14-c000254 ox14-c000340 ox14-c000259 ox14-c000184 ox14-c000333,ox14-c000254 ox14-c000259 ox14-c000184 ox14-c000333 ox14-c000340,0.4000000000,false
proprietary_gpt,ow14-s0080,positive,1,valid,ox14-c000383 ox14-c000278 ox14-c000355 ox14-c000031 ox14-c000229,ox14-c000278 ox14-c000355 ox14-c000383 ox14-c000229 ox14-c000031,0.6000000000,false
proprietary_gpt,ow14-s0080,positive,2,valid,ox14-c000383 ox14-c000278 ox14-c000355 ox14-c000031 ox14-c000229,ox14-c000278 ox14-c000383 ox14-c000355 ox14-c000229 ox14-c000031,0.8000000000,false
proprietary_gpt,ow14-s0080,positive,3,valid,ox14-c000383 ox14-c000278 ox14-c000355 ox14-c000031 ox14-c000229,ox14-c000278 ox14-c000383 ox14-c000355 ox14-c000229 ox14-c000031,0.8000000000,false
proprietary_gpt,ow14-s0080,positive,4,valid,ox14-c000383 ox14-c000278 ox14-c000355 ox14-c000031 ox14-c000229,ox14-c000229 ox14-c000278 ox14-c000355 ox14-c000383 ox14-c000031,-0.3000000000,false
proprietary_gpt,ow14-s0080,positive,5,valid,ox14-c000383 ox14-c000278 ox14-c000355 ox14-c000031 ox14-c000229,ox14-c000229 ox14-c000278 ox14-c000355 ox14-c000383 ox14-c000031,-0.3000000000,false
proprietary_gpt,ow14-s0081,positive,1,valid,ox14-c000125 ox14-c000065 ox14-c000435 ox14-c000294 ox14-c000204,ox14-c000435 ox14-c000125 ox14-c000065 ox14-c000204 ox14-c000294,0.6000000000,false
proprietary_gpt,ow14-s0081,positive,2,valid,ox14-c000125 ox14-c000065 ox14-c000435 ox14-c000294 ox14-c000204,ox14-c000435 ox14-c000125 ox14-c000065 ox14-c000204 ox14-c000294,0.6000000000,false
proprietary_gpt,ow14-s0081,positive,3,valid,ox14-c000125 ox14-c000065 ox14-c000435 ox14-c000294 ox14-c000204,ox14-c000125 ox14-c000435 ox14-c000065 ox14-c000204 ox14-c000294,0.8000000000,false
proprietary_gpt,ow14-s0081,positive,4,valid,ox14-c000125 ox14-c000065 ox14-c000435 ox14-c000294 ox14-c000204,ox14-c000435 ox14-c000125 ox14-c000065 ox14-c000204 ox14-c000294,0.6000000000,false
proprietary_gpt,ow14-s0081,positive,5,valid,ox14-c000125 ox14-c000065 ox14-c000435 ox14-c000294 ox14-c000204,ox14-c000125 ox14-c000435 ox14-c000065 ox14-c000204 ox14-c000294,0.8000000000,false
proprietary_gpt,ow14-s0082,positive,1,valid,ox14-c000044 ox14-c000066 ox14-c000131 ox14-c000164 ox14-c000409,ox14-c000131 ox14-c000044 ox14-c000409 ox14-c000066 ox14-c000164,0.3000000000,false
proprietary_gpt,ow14-s0082,positive,2,valid,ox14-c000044 ox14-c000066 ox14-c000131 ox14-c000164 ox14-c000409,ox14-c000131 ox14-c000044 ox14-c000409 ox14-c000066 ox14-c000164,0.3000000000,false
proprietary_gpt,ow14-s0082,positive,3,valid,ox14-c000044 ox14-c000066 ox14-c000131 ox14-c000164 ox14-c000409,ox14-c000044 ox14-c000409 ox14-c000131 ox14-c000066 ox14-c000164,0.3000000000,false
proprietary_gpt,ow14-s0082,positive,4,valid,ox14-c000044 ox14-c000066 ox14-c000131 ox14-c000164 ox14-c000409,ox14-c000044 ox14-c000409 ox14-c000131 ox14-c000066 ox14-c000164,0.3000000000,false
proprietary_gpt,ow14-s0082,positive,5,valid,ox14-c000044 ox14-c000066 ox14-c000131 ox14-c000164 ox14-c000409,ox14-c000131 ox14-c000044 ox14-c000409 ox14-c000066 ox14-c000164,0.3000000000,false
proprietary_gpt,ow14-s0083,positive,1,valid,ox14-c000208 ox14-c000432 ox14-c000301 ox14-c000261 ox14-c000112,ox14-c000432 ox14-c000208 ox14-c000261 ox14-c000112 ox14-c000301,0.6000000000,false
proprietary_gpt,ow14-s0083,positive,2,valid,ox14-c000208 ox14-c000432 ox14-c000301 ox14-c000261 ox14-c000112,ox14-c000432 ox14-c000208 ox14-c000261 ox14-c000112 ox14-c000301,0.6000000000,false
proprietary_gpt,ow14-s0083,positive,3,valid,ox14-c000208 ox14-c000432 ox14-c000301 ox14-c000261 ox14-c000112,ox14-c000432 ox14-c000261 ox14-c000112 ox14-c000208 ox14-c000301,-0.1000000000,false
proprietary_gpt,ow14-s0083,positive,4,valid,ox14-c000208 ox14-c000432 ox14-c000301 ox14-c000261 ox14-c000112,ox14-c000432 ox14-c000208 ox14-c000261 ox14-c000112 ox14-c000301,0.6000000000,false
proprietary_gpt,ow14-s0083,positive,5,valid,ox14-c000208 ox14-c000432 ox14-c000301 ox14-c000261 ox14-c000112,ox14-c000432 ox14-c000208 ox14-c000261 ox14-c000112 ox14-c000301,0.6000000000,false
proprietary_gpt,ow14-s0084,positive,1,valid,ox14-c000224 ox14-c000332 ox14-c000362 ox14-c000310 ox14-c000414,ox14-c000224 ox14-c000362 ox14-c000414 ox14-c000332 ox14-c000310,0.5000000000,false
proprietary_gpt,ow14-s0084,positive,2,valid,ox14-c000224 ox14-c000332 ox14-c000362 ox14-c000310 ox14-c000414,ox14-c000224 ox14-c000362 ox14-c000414 ox14-c000332 ox14-c000310,0.5000000000,false
proprietary_gpt,ow14-s0084,positive,3,valid,ox14-c000224 ox14-c000332 ox14-c000362 ox14-c000310 ox14-c000414,ox14-c000414 ox14-c000332 ox14-c000224 ox14-c000362 ox14-c000310,-0.1000000000,false
proprietary_gpt,ow14-s0084,positive,4,valid,ox14-c000224 ox14-c000332 ox14-c000362 ox14-c000310 ox14-c000414,ox14-c000224 ox14-c000362 ox14-c000414 ox14-c000332 ox14-c000310,0.5000000000,false
proprietary_gpt,ow14-s0084,positive,5,valid,ox14-c000224 ox14-c000332 ox14-c000362 ox14-c000310 ox14-c000414,ox14-c000224 ox14-c000362 ox14-c000332 ox14-c000414 ox14-c000310,0.8000000000,false
proprietary_gpt,ow14-s0085,positive,1,valid,ox14-c000402 ox14-c000036 ox14-c000210 ox14-c000391 ox14-c000264,ox14-c000402 ox14-c000391 ox14-c000264 ox14-c000210 ox14-c000036,0.1000000000,false
proprietary_gpt,ow14-s0085,positive,2,valid,ox14-c000402 ox14-c000036 ox14-c000210 ox14-c000391 ox14-c000264,ox14-c000402 ox14-c000391 ox14-c000264 ox14-c000210 ox14-c000036,0.1000000000,false
proprietary_gpt,ow14-s0085,positive,3,valid,ox14-c000402 ox14-c000036 ox14-c000210 ox14-c000391 ox14-c000264,ox14-c000402 ox14-c000391 ox14-c000264 ox14-c000210 ox14-c000036,0.1000000000,false
proprietary_gpt,ow14-s0085,positive,4,valid,ox14-c000402 ox14-c000036 ox14-c000210 ox14-c000391 ox14-c000264,ox14-c000402 ox14-c000391 ox14-c000264 ox14-c000210 ox14-c000036,0.1000000000,false
proprietary_gpt,ow14-s0085,positive,5,valid,ox14-c000402 ox14-c000036 ox14-c000210 ox14-c000391 ox14-c000264,ox14-c000402 ox14-c000391 ox14-c000264 ox14-c000210 ox14-c000036,0.1000000000,false
proprietary_gpt,ow14-s0086,positive,1,valid,ox14-c000067 ox14-c000320 ox14-c000421 ox14-c000225 ox14-c000252,ox14-c000225 ox14-c000421 ox14-c000320 ox14-c000252 ox14-c000067,-0.4000000000,false
proprietary_gpt,ow14-s0086,positive,2,valid,ox14-c000067 ox14-c000320 ox14-c000421 ox14-c000225 ox14-c000252,ox14-c000421 ox14-c000320 ox14-c000252 ox14-c000067 ox14-c000225,0.1000000000,false
proprietary_gpt,ow14-s0086,positive,3,valid,ox14-c000067 ox14-c000320 ox14-c000421 ox14-c000225 ox14-c000252,ox14-c000421 ox14-c000320 ox14-c000252 ox14-c000067 ox14-c000225,0.1000000000,false
proprietary_gpt,ow14-s0086,positive,4,valid,ox14-c000067 ox14-c000320 ox14-c000421 ox14-c000225 ox14-c000252,ox14-c000421 ox14-c000320 ox14-c000252 ox14-c000067 ox14-c000225,0.1000000000,false
proprietary_gpt,ow14-s0086,positive,5,valid,ox14-c000067 ox14-c000320 ox14-c000421 ox14-c000225 ox14-c000252,ox14-c000421 ox14-c000320 ox14-c000252 ox14-c000067 ox14-c000225,0.1000000000,false
proprietary_gpt,ow14-s0087,positive,1,valid,ox14-c000165 ox14-c000090 ox14-c000319 ox14-c000140 ox14-c000369,ox14-c000090 ox14-c000369 ox14-c000165 ox14-c000319 ox14-c000140,0.2000000000,false
proprietary_gpt,ow14-s0087,positive,2,valid,ox14-c000165 ox14-c000090 ox14-c000319 ox14-c000140 ox14-c000369,ox14-c000090 ox14-c000369 ox14-c000140 ox14-c000165 ox14-c000319,-0.2000000000,false
proprietary_gpt,ow14-s0087,positive,3,valid,ox14-c000165 ox14-c000090 ox14-c000319 ox14-c000140 ox14-c000369,ox14-c000090 ox14-c000369 ox14-c000140 ox14-c000165 ox14-c000319,-0.2000000000,false
proprietary_gpt,ow14-s0087,positive,4,valid,ox14-c000165 ox14-c000090 ox14-c000319 ox14-c000140 ox14-c000369,ox14-c000090 ox14-c000369 ox14-c000140 ox14-c000165 ox14-c000319,-0.2000000000,false
proprietary_gpt,ow14-s0087,positive,5,valid,ox14-c000165 ox14-c000090 ox14-c000319 ox14-c000140 ox14-c000369,ox14-c000090 ox14-c000369 ox14-c000140 ox14-c000165 ox14-c000319,-0.2000000000,false
proprietary_gpt,ow14-s0088,positive,1,valid,ox14-c000072 ox14-c000312 ox14-c000265 ox14-c000389 ox14-c000081,ox14-c000265 ox14-c000389 ox14-c000072 ox14-c000312 ox14-c000081,0.2000000000,false
proprietary_gpt,ow14-s0088,positive,2,valid,ox14-c000072 ox14-c000312 ox14-c000265 ox14-c000389 ox14-c000081,ox14-c000081 ox14-c000072 ox14-c000265 ox14-c000389 ox14-c000312,-0.3000000000,false
proprietary_gpt,ow14-s0088,positive,3,valid,ox14-c000072 ox14-c000312 ox14-c000265 ox14-c000389 ox14-c000081,ox14-c000081 ox14-c000265 ox14-c000389 ox14-c000072 ox14-c000312,-0.8000000000,false
proprietary_gpt,ow14-s0088,positive,4,valid,ox14-c000072 ox14-c000312 ox14-c000265 ox14-c000389 ox14-c000081,ox14-c000265 ox14-c000389 ox14-c000072 ox14-c000081 ox14-c000312,-0.1000000000,false
proprietary_gpt,ow14-s0088,positive,5,valid,ox14-c000072 ox14-c000312 ox14-c000265 ox14-c000389 ox14-c000081,ox14-c000265 ox14-c000389 ox14-c000072 ox14-c000081 ox14-c000312,-0.1000000000,false
proprietary_gpt,ow14-s0089,positive,1,valid,ox14-c000323 ox14-c000046 ox14-c000367 ox14-c000211 ox14-c000246,ox14-c000367 ox14-c000211 ox14-c000323 ox14-c000046 ox14-c000246,0.2000000000,false
proprietary_gpt,ow14-s0089,positive,2,valid,ox14-c000323 ox14-c000046 ox14-c000367 ox14-c000211 ox14-c000246,ox14-c000323 ox14-c000046 ox14-c000246 ox14-c000211 ox14-c000367,0.6000000000,false
proprietary_gpt,ow14-s0089,positive,3,valid,ox14-c000323 ox14-c000046 ox14-c000367 ox14-c000211 ox14-c000246,ox14-c000367 ox14-c000323 ox14-c000046 ox14-c000246 ox14-c000211,0.6000000000,false
proprietary_gpt,ow14-s0089,positive,4,valid,ox14-c000323 ox14-c000046 ox14-c000367 ox14-c000211 ox14-c000246,ox14-c000367 ox14-c000323 ox14-c000046 ox14-c000246 ox14-c000211,0.6000000000,false
proprietary_gpt,ow14-s0089,positive,5,valid,ox14-c000323 ox14-c000046 ox14-c000367 ox14-c000211 ox14-c000246,ox14-c000367 ox14-c000211 ox14-c000323 ox14-c000046 ox14-c000246,0.2000000000,false
proprietary_gpt,ow14-s0090,positive,1,valid,ox14-c000121 ox14-c000181 ox14-c000025 ox14-c000266 ox14-c000108,ox14-c000266 ox14-c000121 ox14-c000108 ox14-c000181 ox14-c000025,-0.1000000000,false
proprietary_gpt,ow14-s0090,positive,2,valid,ox14-c000121 ox14-c000181 ox14-c000025 ox14-c000266 ox14-c000108,ox14-c000266 ox14-c000121 ox14-c000108 ox14-c000181 ox14-c000025,-0.1000000000,false
proprietary_gpt,ow14-s0090,positive,3,valid,ox14-c000121 ox14-c000181 ox14-c000025 ox14-c000266 ox14-c000108,ox14-c000266 ox14-c000121 ox14-c000108 ox14-c000181 ox14-c000025,-0.1000000000,false
proprietary_gpt,ow14-s0090,positive,4,valid,ox14-c000121 ox14-c000181 ox14-c000025 ox14-c000266 ox14-c000108,ox14-c000266 ox14-c000121 ox14-c000108 ox14-c000181 ox14-c000025,-0.1000000000,false
proprietary_gpt,ow14-s0090,positive,5,valid,ox14-c000121 ox14-c000181 ox14-c000025 ox14-c000266 ox14-c000108,ox14-c000121 ox14-c000108 ox14-c000266 ox14-c000181 ox14-c000025,0.1000000000,false
proprietary_gpt,ow14-s0091,positive,1,valid,ox14-c000040 ox14-c000058 ox14-c000012 ox14-c000197 ox14-c000037,ox14-c000058 ox14-c000197 ox14-c000040 ox14-c000012 ox14-c000037,0.5000000000,false
proprietary_gpt,ow14-s0091,positive,2,valid,ox14-c000040 ox14-c000058 ox14-c000012 ox14-c000197 ox14-c000037,ox14-c000058 ox14-c000197 ox14-c000040 ox14-c000012 ox14-c000037,0.5000000000,false
proprietary_gpt,ow14-s0091,positive,3,valid,ox14-c000040 ox14-c000058 ox14-c000012 ox14-c000197 ox14-c000037,ox14-c000058 ox14-c000197 ox14-c000040 ox14-c000012 ox14-c000037,0.5000000000,false
proprietary_gpt,ow14-s0091,positive,4,valid,ox14-c000040 ox14-c000058 ox14-c000012 ox14-c000197 ox14-c000037,ox14-c000058 ox14-c000197 ox14-c000040 ox14-c000012 ox14-c000037,0.5000000000,false
proprietary_gpt,ow14-s0091,positive,5,valid,ox14-c000040 ox14-c000058 ox14-c000012 ox14-c000197 ox14-c000037,ox14-c000058 ox14-c000197 ox14-c000040 ox14-c000012 ox14-c000037,0.5000000000,false
proprietary_gpt,ow14-s0092,positive,1,valid,ox14-c000374 ox14-c000159 ox14-c000270 ox14-c000245 ox14-c000354,ox14-c000374 ox14-c000270 ox14-c000245 ox14-c000354 ox14-c000159,0.4000000000,false
proprietary_gpt,ow14-s0092,positive,2,valid,ox14-c000374 ox14-c000159 ox14-c000270 ox14-c000245 ox14-c000354,ox14-c000374 ox14-c000270 ox14-c000245 ox14-c000354 ox14-c000159,0.4000000000,false
proprietary_gpt,ow14-s0092,positive,3,valid,ox14-c000374 ox14-c000159 ox14-c000270 ox14-c000245 ox14-c000354,ox14-c000270 ox14-c000245 ox14-c000354 ox14-c000374 ox14-c000159,-0.5000000000,false
proprietary_gpt,ow14-s0092,positive,4,valid,ox14-c000374 ox14-c000159 ox14-c000270 ox14-c000245 ox14-c000354,ox14-c000374 ox14-c000270 ox14-c000245 ox14-c000354 ox14-c000159,0.4000000000,false
proprietary_gpt,ow14-s0092,positive,5,valid,ox14-c000374 ox14-c000159 ox14-c000270 ox14-c000245 ox14-c000354,ox14-c000374 ox14-c000270 ox14-c000245 ox14-c000354 ox14-c000159,0.4000000000,false
proprietary_gpt,ow14-s0093,positive,1,valid,ox14-c000033 ox14-c000075 ox14-c000336 ox14-c000087 ox14-c000127,ox14-c000075 ox14-c000336 ox14-c000127 ox14-c000087 ox14-c000033,-0.1000000000,false
proprietary_gpt,ow14-s0093,positive,2,valid,ox14-c000033 ox14-c000075 ox14-c000336 ox14-c000087 ox14-c000127,ox14-c000127 ox14-c000075 ox14-c000336 ox14-c000087 ox14-c000033,-0.6000000000,false
proprietary_gpt,ow14-s0093,positive,3,valid,ox14-c000033 ox14-c000075 ox14-c000336 ox14-c000087 ox14-c000127,ox14-c000075 ox14-c000336 ox14-c000127 ox14-c000087 ox14-c000033,-0.1000000000,false
proprietary_gpt,ow14-s0093,positive,4,valid,ox14-c000033 ox14-c000075 ox14-c000336 ox14-c000087 ox14-c000127,ox14-c000127 ox14-c000075 ox14-c000336 ox14-c000033 ox14-c000087,-0.3000000000,false
proprietary_gpt,ow14-s0093,positive,5,valid,ox14-c000033 ox14-c000075 ox14-c000336 ox14-c000087 ox14-c000127,ox14-c000127 ox14-c000075 ox14-c000336 ox14-c000087 ox14-c000033,-0.6000000000,false
proprietary_gpt,ow14-s0094,positive,1,valid,ox14-c000277 ox14-c000352 ox14-c000370 ox14-c000297 ox14-c000406,ox14-c000370 ox14-c000277 ox14-c000352 ox14-c000406 ox14-c000297,0.6000000000,false
proprietary_gpt,ow14-s0094,positive,2,valid,ox14-c000277 ox14-c000352 ox14-c000370 ox14-c000297 ox14-c000406,ox14-c000370 ox14-c000277 ox14-c000352 ox14-c000406 ox14-c000297,0.6000000000,false
proprietary_gpt,ow14-s0094,positive,3,valid,ox14-c000277 ox14-c000352 ox14-c000370 ox14-c000297 ox14-c000406,ox14-c000370 ox14-c000352 ox14-c000277 ox14-c000406 ox14-c000297,0.5000000000,false
proprietary_gpt,ow14-s0094,positive,4,valid,ox14-c000277 ox14-c000352 ox14-c000370 ox14-c000297 ox14-c000406,ox14-c000277 ox14-c000406 ox14-c000352 ox14-c000370 ox14-c000297,0.4000000000,false
proprietary_gpt,ow14-s0094,positive,5,valid,ox14-c000277 ox14-c000352 ox14-c000370 ox14-c000297 ox14-c000406,ox14-c000277 ox14-c000406 ox14-c000352 ox14-c000370 ox14-c000297,0.4000000000,false
proprietary_gpt,ow14-s0095,positive,1,valid,ox14-c000357 ox14-c000183 ox14-c000113 ox14-c000060 ox14-c000133,ox14-c000357 ox14-c000113 ox14-c000060 ox14-c000133 ox14-c000183,0.4000000000,false
proprietary_gpt,ow14-s0095,positive,2,valid,ox14-c000357 ox14-c000183 ox14-c000113 ox14-c000060 ox14-c000133,ox14-c000357 ox14-c000113 ox14-c000060 ox14-c000133 ox14-c000183,0.4000000000,false
proprietary_gpt,ow14-s0095,positive,3,valid,ox14-c000357 ox14-c000183 ox14-c000113 ox14-c000060 ox14-c000133,ox14-c000357 ox14-c000133 ox14-c000113 ox14-c000060 ox14-c000183,0.1000000000,false
proprietary_gpt,ow14-s0095,positive,4,valid,ox14-c000357 ox14-c000183 ox14-c000113 ox14-c000060 ox14-c000133,ox14-c000357 ox14-c000113 ox14-c000060 ox14-c000133 ox14-c000183,0.4000000000,false
proprietary_gpt,ow14-s0095,positive,5,valid,ox14-c000357 ox14-c000183 ox14-c000113 ox14-c000060 ox14-c000133,ox14-c000357 ox14-c000133 ox14-c000113 ox14-c000060 ox14-c000183,0.1000000000,false
proprietary_gpt,ow14-s0096,positive,1,valid,ox14-c000004 ox14-c000398 ox14-c000103 ox14-c000293 ox14-c000381,ox14-c000004 ox14-c000398 ox14-c000103 ox14-c000381 ox14-c000293,0.9000000000,false
proprietary_gpt,ow14-s0096,positive,2,valid,ox14-c000004 ox14-c000398 ox14-c000103 ox14-c000293 ox14-c000381,ox14-c000004 ox14-c000398 ox14-c000103 ox14-c000381 ox14-c000293,0.9000000000,false
proprietary_gpt,ow14-s0096,positive,3,valid,ox14-c000004 ox14-c000398 ox14-c000103 ox14-c000293 ox14-c000381,ox14-c000004 ox14-c000398 ox14-c000103 ox14-c000381 ox14-c000293,0.9000000000,false
proprietary_gpt,ow14-s0096,positive,4,valid,ox14-c000004 ox14-c000398 ox14-c000103 ox14-c000293 ox14-c000381,ox14-c000004 ox14-c000398 ox14-c000103 ox14-c000381 ox14-c000293,0.9000000000,false
proprietary_gpt,ow14-s0096,positive,5,valid,ox14-c000004 ox14-c000398 ox14-c000103 ox14-c000293 ox14-c000381,ox14-c000004 ox14-c000398 ox14-c000103 ox14-c000381 ox14-c000293,0.9000000000,false
proprietary_gpt,ow14-s0097,positive,1,valid,ox14-c000074 ox14-c000093 ox14-c000373 ox14-c000422 ox14-c000107,ox14-c000093 ox14-c000373 ox14-c000074 ox14-c000422 ox14-c000107,0.7000000000,false
proprietary_gpt,ow14-s0097,positive,2,valid,ox14-c000074 ox14-c000093 ox14-c000373 ox14-c000422 ox14-c000107,ox14-c000093 ox14-c000373 ox14-c000422 ox14-c000074 ox14-c000107,0.4000000000,false
proprietary_gpt,ow14-s0097,positive,3,valid,ox14-c000074 ox14-c000093 ox14-c000373 ox14-c000422 ox14-c000107,ox14-c000093 ox14-c000373 ox14-c000422 ox14-c000107 ox14-c000074,0.0000000000,false
proprietary_gpt,ow14-s0097,positive,4,valid,ox14-c000074 ox14-c000093 ox14-c000373 ox14-c000422 ox14-c000107,ox14-c000074 ox14-c000422 ox14-c000107 ox14-c000093 ox14-c000373,0.2000000000,false
proprietary_gpt,ow14-s0097,positive,5,valid,ox14-c000074 ox14-c000093 ox14-c000373 ox14-c000422 ox14-c000107,ox14-c000093 ox14-c000373 ox14-c000422 ox14-c000107 ox14-c000074,0.0000000000,false
proprietary_gpt,ow14-s0098,positive,1,valid,ox14-c000427 ox14-c000053 ox14-c000275 ox14-c000350 ox14-c000337,ox14-c000427 ox14-c000275 ox14-c000053 ox14-c000350 ox14-c000337,0.9000000000,false
proprietary_gpt,ow14-s0098,positive,2,valid,ox14-c000427 ox14-c000053 ox14-c000275 ox14-c000350 ox14-c000337,ox14-c000427 ox14-c000275 ox14-c000053 ox14-c000350 ox14-c000337,0.9000000000,false
proprietary_gpt,ow14-s0098,positive,3,valid,ox14-c000427 ox14-c000053 ox14-c000275 ox14-c000350 ox14-c000337,ox14-c000427 ox14-c000275 ox14-c000053 ox14-c000350 ox14-c000337,0.9000000000,false
proprietary_gpt,ow14-s0098,positive,4,valid,ox14-c000427 ox14-c000053 ox14-c000275 ox14-c000350 ox14-c000337,ox14-c000427 ox14-c000275 ox14-c000053 ox14-c000350 ox14-c000337,0.9000000000,false
proprietary_gpt,ow14-s0098,positive,5,valid,ox14-c000427 ox14-c000053 ox14-c000275 ox14-c000350 ox14-c000337,ox14-c000427 ox14-c000275 ox14-c000053 ox14-c000350 ox14-c000337,0.9000000000,false
proprietary_gpt,ow14-s0099,positive,1,valid,ox14-c000344 ox14-c000384 ox14-c000428 ox14-c000016 ox14-c000216,ox14-c000428 ox14-c000384 ox14-c000344 ox14-c000216 ox14-c000016,0.5000000000,false
proprietary_gpt,ow14-s0099,positive,2,valid,ox14-c000344 ox14-c000384 ox14-c000428 ox14-c000016 ox14-c000216,ox14-c000428 ox14-c000384 ox14-c000344 ox14-c000216 ox14-c000016,0.5000000000,false
proprietary_gpt,ow14-s0099,positive,3,valid,ox14-c000344 ox14-c000384 ox14-c000428 ox14-c000016 ox14-c000216,ox14-c000428 ox14-c000384 ox14-c000344 ox14-c000216 ox14-c000016,0.5000000000,false
proprietary_gpt,ow14-s0099,positive,4,valid,ox14-c000344 ox14-c000384 ox14-c000428 ox14-c000016 ox14-c000216,ox14-c000428 ox14-c000384 ox14-c000344 ox14-c000216 ox14-c000016,0.5000000000,false
proprietary_gpt,ow14-s0099,positive,5,valid,ox14-c000344 ox14-c000384 ox14-c000428 ox14-c000016 ox14-c000216,ox14-c000428 ox14-c000384 ox14-c000344 ox14-c000216 ox14-c000016,0.5000000000,false
proprietary_gpt,ow14-s0100,positive,1,valid,ox14-c000207 ox14-c000220 ox14-c000177 ox14-c000306 ox14-c000268,ox14-c000268 ox14-c000207 ox14-c000220 ox14-c000177 ox14-c000306,0.0000000000,false
proprietary_gpt,ow14-s0100,positive,2,valid,ox14-c000207 ox14-c000220 ox14-c000177 ox14-c000306 ox14-c000268,ox14-c000268 ox14-c000207 ox14-c000220 ox14-c000177 ox14-c000306,0.0000000000,false
proprietary_gpt,ow14-s0100,positive,3,valid,ox14-c000207 ox14-c000220 ox14-c000177 ox14-c000306 ox14-c000268,ox14-c000268 ox14-c000207 ox14-c000220 ox14-c000177 ox14-c000306,0.0000000000,false
proprietary_gpt,ow14-s0100,positive,4,valid,ox14-c000207 ox14-c000220 ox14-c000177 ox14-c000306 ox14-c000268,ox14-c000207 ox14-c000220 ox14-c000268 ox14-c000177 ox14-c000306,0.7000000000,false
proprietary_gpt,ow14-s0100,positive,5,valid,ox14-c000207 ox14-c000220 ox14-c000177 ox14-c000306 ox14-c000268,ox14-c000268 ox14-c000207 ox14-c000220 ox14-c000177 ox14-c000306,0.0000000000,false
proprietary_gpt,ow14-s0101,positive,1,valid,ox14-c000314 ox14-c000434 ox14-c000026 ox14-c000061 ox14-c000007,ox14-c000061 ox14-c000434 ox14-c000007 ox14-c000314 ox14-c000026,-0.3000000000,false
proprietary_gpt,ow14-s0101,positive,2,valid,ox14-c000314 ox14-c000434 ox14-c000026 ox14-c000061 ox14-c000007,ox14-c000434 ox14-c000007 ox14-c000061 ox14-c000314 ox14-c000026,-0.2000000000,false
proprietary_gpt,ow14-s0101,positive,3,valid,ox14-c000314 ox14-c000434 ox14-c000026 ox14-c000061 ox14-c000007,ox14-c000434 ox14-c000007 ox14-c000061 ox14-c000314 ox14-c000026,-0.2000000000,false
proprietary_gpt,ow14-s0101,positive,4,valid,ox14-c000314 ox14-c000434 ox14-c000026 ox14-c000061 ox14-c000007,ox14-c000434 ox14-c000007 ox14-c000061 ox14-c000314 ox14-c000026,-0.2000000000,false
proprietary_gpt,ow14-s0101,positive,5,valid,ox14-c000314 ox14-c000434 ox14-c000026 ox14-c000061 ox14-c000007,ox14-c000434 ox14-c000007 ox14-c000061 ox14-c000314 ox14-c000026,-0.2000000000,false
proprietary_gpt,ow14-s0102,positive,1,valid,ox14-c000273 ox14-c000109 ox14-c000219 ox14-c000034 ox14-c000359,ox14-c000273 ox14-c000109 ox14-c000219 ox14-c000359 ox14-c000034,0.9000000000,false
proprietary_gpt,ow14-s0102,positive,2,valid,ox14-c000273 ox14-c000109 ox14-c000219 ox14-c000034 ox14-c000359,ox14-c000273 ox14-c000109 ox14-c000219 ox14-c000359 ox14-c000034,0.9000000000,false
proprietary_gpt,ow14-s0102,positive,3,valid,ox14-c000273 ox14-c000109 ox14-c000219 ox14-c000034 ox14-c000359,ox14-c000273 ox14-c000109 ox14-c000219 ox14-c000359 ox14-c000034,0.9000000000,false
proprietary_gpt,ow14-s0102,positive,4,valid,ox14-c000273 ox14-c000109 ox14-c000219 ox14-c000034 ox14-c000359,ox14-c000273 ox14-c000109 ox14-c000219 ox14-c000359 ox14-c000034,0.9000000000,false
proprietary_gpt,ow14-s0102,positive,5,valid,ox14-c000273 ox14-c000109 ox14-c000219 ox14-c000034 ox14-c000359,ox14-c000359 ox14-c000273 ox14-c000109 ox14-c000219 ox14-c000034,0.0000000000,false
proprietary_gpt,ow14-s0103,positive,1,valid,ox14-c000405 ox14-c000269 ox14-c000101 ox14-c000363 ox14-c000303,ox14-c000269 ox14-c000405 ox14-c000101 ox14-c000363 ox14-c000303,0.9000000000,false
proprietary_gpt,ow14-s0103,positive,2,valid,ox14-c000405 ox14-c000269 ox14-c000101 ox14-c000363 ox14-c000303,ox14-c000269 ox14-c000405 ox14-c000101 ox14-c000363 ox14-c000303,0.9000000000,false
proprietary_gpt,ow14-s0103,positive,3,valid,ox14-c000405 ox14-c000269 ox14-c000101 ox14-c000363 ox14-c000303,ox14-c000269 ox14-c000405 ox14-c000101 ox14-c000363 ox14-c000303,0.9000000000,false
proprietary_gpt,ow14-s0103,positive,4,valid,ox14-c000405 ox14-c000269 ox14-c000101 ox14-c000363 ox14-c000303,ox14-c000269 ox14-c000405 ox14-c000101 ox14-c000363 ox14-c000303,0.9000000000,false
proprietary_gpt,ow14-s0103,positive,5,valid,ox14-c000405 ox14-c000269 ox14-c000101 ox14-c000363 ox14-c000303,ox14-c000269 ox14-c000405 ox14-c000101 ox14-c000363 ox14-c000303,0.9000000000,false
proprietary_gpt,ow14-s0104,positive,1,valid,ox14-c000111 ox14-c000064 ox14-c000403 ox14-c000100 ox14-c000226,ox14-c000111 ox14-c000403 ox14-c000100 ox14-c000064 ox14-c000226,0.7000000000,false
proprietary_gpt,ow14-s0104,positive,2,valid,ox14-c000111 ox14-c000064 ox14-c000403 ox14-c000100 ox14-c000226,ox14-c000226 ox14-c000064 ox14-c000111 ox14-c000403 ox14-c000100,-0.1000000000,false
proprietary_gpt,ow14-s0104,positive,3,valid,ox14-c000111 ox14-c000064 ox14-c000403 ox14-c000100 ox14-c000226,ox14-c000226 ox14-c000111 ox14-c000403 ox14-c000100 ox14-c000064,-0.3000000000,false
proprietary_gpt,ow14-s0104,positive,4,valid,ox14-c000111 ox14-c000064 ox14-c000403 ox14-c000100 ox14-c000226,ox14-c000226 ox14-c000111 ox14-c000403 ox14-c000100 ox14-c000064,-0.3000000000,false
proprietary_gpt,ow14-s0104,positive,5,valid,ox14-c000111 ox14-c000064 ox14-c000403 ox14-c000100 ox14-c000226,ox14-c000226 ox14-c000064 ox14-c000111 ox14-c000403 ox14-c000100,-0.1000000000,false
proprietary_gpt,ow14-s0105,positive,1,valid,ox14-c000212 ox14-c000003 ox14-c000387 ox14-c000048 ox14-c000141,ox14-c000141 ox14-c000387 ox14-c000048 ox14-c000212 ox14-c000003,-0.8000000000,false
proprietary_gpt,ow14-s0105,positive,2,valid,ox14-c000212 ox14-c000003 ox14-c000387 ox14-c000048 ox14-c000141,ox14-c000141 ox14-c000387 ox14-c000048 ox14-c000212 ox14-c000003,-0.8000000000,false
proprietary_gpt,ow14-s0105,positive,3,valid,ox14-c000212 ox14-c000003 ox14-c000387 ox14-c000048 ox14-c000141,ox14-c000387 ox14-c000048 ox14-c000141 ox14-c000212 ox14-c000003,-0.5000000000,false
proprietary_gpt,ow14-s0105,positive,4,valid,ox14-c000212 ox14-c000003 ox14-c000387 ox14-c000048 ox14-c000141,ox14-c000387 ox14-c000048 ox14-c000141 ox14-c000003 ox14-c000212,-0.6000000000,false
proprietary_gpt,ow14-s0105,positive,5,valid,ox14-c000212 ox14-c000003 ox14-c000387 ox14-c000048 ox14-c000141,ox14-c000141 ox14-c000387 ox14-c000048 ox14-c000212 ox14-c000003,-0.8000000000,false
proprietary_gpt,ow14-s0106,positive,1,valid,ox14-c000202 ox14-c000399 ox14-c000082 ox14-c000251 ox14-c000423,ox14-c000202 ox14-c000399 ox14-c000251 ox14-c000423 ox14-c000082,0.7000000000,false
proprietary_gpt,ow14-s0106,positive,2,valid,ox14-c000202 ox14-c000399 ox14-c000082 ox14-c000251 ox14-c000423,ox14-c000082 ox14-c000423 ox14-c000202 ox14-c000399 ox14-c000251,-0.1000000000,false
proprietary_gpt,ow14-s0106,positive,3,valid,ox14-c000202 ox14-c000399 ox14-c000082 ox14-c000251 ox14-c000423,ox14-c000082 ox14-c000423 ox14-c000202 ox14-c000399 ox14-c000251,-0.1000000000,false
proprietary_gpt,ow14-s0106,positive,4,valid,ox14-c000202 ox14-c000399 ox14-c000082 ox14-c000251 ox14-c000423,ox14-c000082 ox14-c000423 ox14-c000202 ox14-c000399 ox14-c000251,-0.1000000000,false
proprietary_gpt,ow14-s0106,positive,5,valid,ox14-c000202 ox14-c000399 ox14-c000082 ox14-c000251 ox14-c000423,ox14-c000082 ox14-c000423 ox14-c000202 ox14-c000399 ox14-c000251,-0.1000000000,false
proprietary_gpt,ow14-s0107,positive,1,valid,ox14-c000410 ox14-c000085 ox14-c000430 ox14-c000077 ox14-c000296,ox14-c000085 ox14-c000410 ox14-c000430 ox14-c000077 ox14-c000296,0.9000000000,false
proprietary_gpt,ow14-s0107,positive,2,valid,ox14-c000410 ox14-c000085 ox14-c000430 ox14-c000077 ox14-c000296,ox14-c000410 ox14-c000430 ox14-c000077 ox14-c000085 ox14-c000296,0.7000000000,false
proprietary_gpt,ow14-s0107,positive,3,valid,ox14-c000410 ox14-c000085 ox14-c000430 ox14-c000077 ox14-c000296,ox14-c000410 ox14-c000430 ox14-c000077 ox14-c000085 ox14-c000296,0.7000000000,false
proprietary_gpt,ow14-s0107,positive,4,valid,ox14-c000410 ox14-c000085 ox14-c000430 ox14-c000077 ox14-c000296,ox14-c000410 ox14-c000430 ox14-c000077 ox14-c000085 ox14-c000296,0.7000000000,false
proprietary_gpt,ow14-s0107,positive,5,valid,ox14-c000410 ox14-c000085 ox14-c000430 ox14-c000077 ox14-c000296,ox14-c000430 ox14-c000410 ox14-c000077 ox14-c000085 ox14-c000296,0.5000000000,false
proprietary_gpt,ow14-s0108,positive,1,valid,ox14-c000118 ox14-c000395 ox14-c000223 ox14-c000353 ox14-c000018,ox14-c000118 ox14-c000395 ox14-c000353 ox14-c000223 ox14-c000018,0.9000000000,false
proprietary_gpt,ow14-s0108,positive,2,valid,ox14-c000118 ox14-c000395 ox14-c000223 ox14-c000353 ox14-c000018,ox14-c000118 ox14-c000395 ox14-c000353 ox14-c000223 ox14-c000018,0.9000000000,false
proprietary_gpt,ow14-s0108,positive,3,valid,ox14-c000118 ox14-c000395 ox14-c000223 ox14-c000353 ox14-c000018,ox14-c000118 ox14-c000395 ox14-c000353 ox14-c000223 ox14-c000018,0.9000000000,false
proprietary_gpt,ow14-s0108,positive,4,valid,ox14-c000118 ox14-c000395 ox14-c000223 ox14-c000353 ox14-c000018,ox14-c000223 ox14-c000118 ox14-c000395 ox14-c000353 ox14-c000018,0.7000000000,false
proprietary_gpt,ow14-s0108,positive,5,valid,ox14-c000118 ox14-c000395 ox14-c000223 ox14-c000353 ox14-c000018,ox14-c000118 ox14-c000395 ox14-c000353 ox14-c000223 ox14-c000018,0.9000000000,false
proprietary_gpt,ow14-s0109,positive,1,valid,ox14-c000307 ox14-c000020 ox14-c000315 ox14-c000311 ox14-c000188,ox14-c000188 ox14-c000020 ox14-c000307 ox14-c000311 ox14-c000315,-0.2000000000,false
proprietary_gpt,ow14-s0109,positive,2,valid,ox14-c000307 ox14-c000020 ox14-c000315 ox14-c000311 ox14-c000188,ox14-c000188 ox14-c000307 ox14-c000020 ox14-c000315 ox14-c000311,0.0000000000,false
proprietary_gpt,ow14-s0109,positive,3,valid,ox14-c000307 ox14-c000020 ox14-c000315 ox14-c000311 ox14-c000188,ox14-c000188 ox14-c000307 ox14-c000020 ox14-c000315 ox14-c000311,0.0000000000,false
proprietary_gpt,ow14-s0109,positive,4,valid,ox14-c000307 ox14-c000020 ox14-c000315 ox14-c000311 ox14-c000188,ox14-c000188 ox14-c000307 ox14-c000020 ox14-c000315 ox14-c000311,0.0000000000,false
proprietary_gpt,ow14-s0109,positive,5,valid,ox14-c000307 ox14-c000020 ox14-c000315 ox14-c000311 ox14-c000188,ox14-c000188 ox14-c000307 ox14-c000020 ox14-c000315 ox14-c000311,0.0000000000,false
proprietary_gpt,ow14-s0110,positive,1,valid,ox14-c000351 ox14-c000167 ox14-c000161 ox14-c000404 ox14-c000232,ox14-c000351 ox14-c000404 ox14-c000232 ox14-c000167 ox14-c000161,0.2000000000,false
proprietary_gpt,ow14-s0110,positive,2,valid,ox14-c000351 ox14-c000167 ox14-c000161 ox14-c000404 ox14-c000232,ox14-c000351 ox14-c000404 ox14-c000232 ox14-c000167 ox14-c000161,0.2000000000,false
proprietary_gpt,ow14-s0110,positive,3,valid,ox14-c000351 ox14-c000167 ox14-c000161 ox14-c000404 ox14-c000232,ox14-c000232 ox14-c000404 ox14-c000351 ox14-c000167 ox14-c000161,-0.6000000000,false
proprietary_gpt,ow14-s0110,positive,4,valid,ox14-c000351 ox14-c000167 ox14-c000161 ox14-c000404 ox14-c000232,ox14-c000404 ox14-c000351 ox14-c000232 ox14-c000167 ox14-c000161,-0.1000000000,false
proprietary_gpt,ow14-s0110,positive,5,valid,ox14-c000351 ox14-c000167 ox14-c000161 ox14-c000404 ox14-c000232,ox14-c000232 ox14-c000404 ox14-c000351 ox14-c000167 ox14-c000161,-0.6000000000,false
proprietary_gpt,ow14-s0111,positive,1,valid,ox14-c000029 ox14-c000117 ox14-c000429 ox14-c000119 ox14-c000272,ox14-c000429 ox14-c000272 ox14-c000117 ox14-c000119 ox14-c000029,-0.5000000000,false
proprietary_gpt,ow14-s0111,positive,2,valid,ox14-c000029 ox14-c000117 ox14-c000429 ox14-c000119 ox14-c000272,ox14-c000429 ox14-c000272 ox14-c000117 ox14-c000119 ox14-c000029,-0.5000000000,false
proprietary_gpt,ow14-s0111,positive,3,valid,ox14-c000029 ox14-c000117 ox14-c000429 ox14-c000119 ox14-c000272,ox14-c000429 ox14-c000272 ox14-c000117 ox14-c000119 ox14-c000029,-0.5000000000,false
proprietary_gpt,ow14-s0111,positive,4,valid,ox14-c000029 ox14-c000117 ox14-c000429 ox14-c000119 ox14-c000272,ox14-c000429 ox14-c000272 ox14-c000117 ox14-c000119 ox14-c000029,-0.5000000000,false
proprietary_gpt,ow14-s0111,positive,5,valid,ox14-c000029 ox14-c000117 ox14-c000429 ox14-c000119 ox14-c000272,ox14-c000429 ox14-c000272 ox14-c000117 ox14-c000119 ox14-c000029,-0.5000000000,false
proprietary_gpt,ow14-s0112,positive,1,valid,ox14-c000378 ox14-c000136 ox14-c000346 ox14-c000185 ox14-c000377,ox14-c000136 ox14-c000378 ox14-c000185 ox14-c000377 ox14-c000346,0.6000000000,false
proprietary_gpt,ow14-s0112,positive,2,valid,ox14-c000378 ox14-c000136 ox14-c000346 ox14-c000185 ox14-c000377,ox14-c000136 ox14-c000346 ox14-c000378 ox14-c000377 ox14-c000185,0.6000000000,false
proprietary_gpt,ow14-s0112,positive,3,valid,ox14-c000378 ox14-c000136 ox14-c000346 ox14-c000185 ox14-c000377,ox14-c000136 ox14-c000346 ox14-c000378 ox14-c000185 ox14-c000377,0.7000000000,false
proprietary_gpt,ow14-s0112,positive,4,valid,ox14-c000378 ox14-c000136 ox14-c000346 ox14-c000185 ox14-c000377,ox14-c000136 ox14-c000378 ox14-c000185 ox14-c000377 ox14-c000346,0.6000000000,false
proprietary_gpt,ow14-s0112,positive,5,valid,ox14-c000378 ox14-c000136 ox14-c000346 ox14-c000185 ox14-c000377,ox14-c000136 ox14-c000378 ox14-c000185 ox14-c000377 ox14-c000346,0.6000000000,false
proprietary_gpt,ow14-s0113,positive,1,valid,ox14-c000094 ox14-c000396 ox14-c000198 ox14-c000070 ox14-c000247,ox14-c000094 ox14-c000070 ox14-c000396 ox14-c000198 ox14-c000247,0.7000000000,false
proprietary_gpt,ow14-s0113,positive,2,valid,ox14-c000094 ox14-c000396 ox14-c000198 ox14-c000070 ox14-c000247,ox14-c000094 ox14-c000396 ox14-c000198 ox14-c000247 ox14-c000070,0.9000000000,false
proprietary_gpt,ow14-s0113,positive,3,valid,ox14-c000094 ox14-c000396 ox14-c000198 ox14-c000070 ox14-c000247,ox14-c000094 ox14-c000396 ox14-c000198 ox14-c000247 ox14-c000070,0.9000000000,false
proprietary_gpt,ow14-s0113,positive,4,valid,ox14-c000094 ox14-c000396 ox14-c000198 ox14-c000070 ox14-c000247,ox14-c000094 ox14-c000396 ox14-c000198 ox14-c000247 ox14-c000070,0.9000000000,false
proprietary_gpt,ow14-s0113,positive,5,valid,ox14-c000094 ox14-c000396 ox14-c000198 ox14-c000070 ox14-c000247,ox14-c000094 ox14-c000070 ox14-c000198 ox14-c000247 ox14-c000396,0.3000000000,false
proprietary_gpt,ow14-s0114,positive,1,valid,ox14-c000102 ox14-c000099 ox14-c000139 ox14-c000023 ox14-c000056,ox14-c000102 ox14-c000099 ox14-c000056 ox14-c000139 ox14-c000023,0.7000000000,false
proprietary_gpt,ow14-s0114,positive,2,valid,ox14-c000102 ox14-c000099 ox14-c000139 ox14-c000023 ox14-c000056,ox14-c000102 ox14-c000099 ox14-c000056 ox14-c000139 ox14-c000023,0.7000000000,false
proprietary_gpt,ow14-s0114,positive,3,valid,ox14-c000102 ox14-c000099 ox14-c000139 ox14-c000023 ox14-c000056,ox14-c000102 ox14-c000099 ox14-c000056 ox14-c000139 ox14-c000023,0.7000000000,false
proprietary_gpt,ow14-s0114,positive,4,valid,ox14-c000102 ox14-c000099 ox14-c000139 ox14-c000023 ox14-c000056,ox14-c000139 ox14-c000102 ox14-c000099 ox14-c000056 ox14-c000023,0.6000000000,false
proprietary_gpt,ow14-s0114,positive,5,valid,ox14-c000102 ox14-c000099 ox14-c000139 ox14-c000023 ox14-c000056,ox14-c000102 ox14-c000099 ox14-c000056 ox14-c000139 ox14-c000023,0.7000000000,false
proprietary_gpt,ow14-s0115,positive,1,valid,ox14-c000189 ox14-c000006 ox14-c000348 ox14-c000236 ox14-c000030,ox14-c000006 ox14-c000189 ox14-c000348 ox14-c000236 ox14-c000030,0.9000000000,false
proprietary_gpt,ow14-s0115,positive,2,valid,ox14-c000189 ox14-c000006 ox14-c000348 ox14-c000236 ox14-c000030,ox14-c000006 ox14-c000189 ox14-c000348 ox14-c000236 ox14-c000030,0.9000000000,false
proprietary_gpt,ow14-s0115,positive,3,valid,ox14-c000189 ox14-c000006 ox14-c000348 ox14-c000236 ox14-c000030,ox14-c000006 ox14-c000189 ox14-c000348 ox14-c000236 ox14-c000030,0.9000000000,false
proprietary_gpt,ow14-s0115,positive,4,valid,ox14-c000189 ox14-c000006 ox14-c000348 ox14-c000236 ox14-c000030,ox14-c000006 ox14-c000189 ox14-c000348 ox14-c000236 ox14-c000030,0.9000000000,false
proprietary_gpt,ow14-s0115,positive,5,valid,ox14-c000189 ox14-c000006 ox14-c000348 ox14-c000236 ox14-c000030,ox14-c000006 ox14-c000189 ox14-c000348 ox14-c000236 ox14-c000030,0.9000000000,false
proprietary_gpt,ow14-s0116,positive,1,valid,ox14-c000083 ox14-c000426 ox14-c000120 ox14-c000341 ox14-c000209,ox14-c000426 ox14-c000120 ox14-c000341 ox14-c000209 ox14-c000083,0.0000000000,false
proprietary_gpt,ow14-s0116,positive,2,valid,ox14-c000083 ox14-c000426 ox14-c000120 ox14-c000341 ox14-c000209,ox14-c000083 ox14-c000426 ox14-c000341 ox14-c000209 ox14-c000120,0.7000000000,false
proprietary_gpt,ow14-s0116,positive,3,valid,ox14-c000083 ox14-c000426 ox14-c000120 ox14-c000341 ox14-c000209,ox14-c000083 ox14-c000426 ox14-c000120 ox14-c000341 ox14-c000209,1.0000000000,true
proprietary_gpt,ow14-s0116,positive,4,valid,ox14-c000083 ox14-c000426 ox14-c000120 ox14-c000341 ox14-c000209,ox14-c000083 ox14-c000426 ox14-c000341 ox14-c000209 ox14-c000120,0.7000000000,false
proprietary_gpt,ow14-s0116,positive,5,valid,ox14-c000083 ox14-c000426 ox14-c000120 ox14-c000341 ox14-c000209,ox14-c000083 ox14-c000426 ox14-c000120 ox14-c000341 ox14-c000209,1.0000000000,true
proprietary_gpt,ow14-s0117,positive,1,valid,ox14-c000333 ox14-c000184 ox14-c000259 ox14-c000221 ox14-c000254,ox14-c000221 ox14-c000333 ox14-c000184 ox14-c000259 ox14-c000254,0.4000000000,false
proprietary_gpt,ow14-s0117,positive,2,valid,ox14-c000333 ox14-c000184 ox14-c000259 ox14-c000221 ox14-c000254,ox14-c000333 ox14-c000184 ox14-c000259 ox14-c000254 ox14-c000221,0.9000000000,false
proprietary_gpt,ow14-s0117,positive,3,valid,ox14-c000333 ox14-c000184 ox14-c000259 ox14-c000221 ox14-c000254,ox14-c000221 ox14-c000333 ox14-c000184 ox14-c000259 ox14-c000254,0.4000000000,false
proprietary_gpt,ow14-s0117,positive,4,valid,ox14-c000333 ox14-c000184 ox14-c000259 ox14-c000221 ox14-c000254,ox14-c000333 ox14-c000184 ox14-c000259 ox14-c000254 ox14-c000221,0.9000000000,false
proprietary_gpt,ow14-s0117,positive,5,valid,ox14-c000333 ox14-c000184 ox14-c000259 ox14-c000221 ox14-c000254,ox14-c000221 ox14-c000333 ox14-c000184 ox14-c000259 ox14-c000254,0.4000000000,false
proprietary_gpt,ow14-s0118,positive,1,valid,ox14-c000031 ox14-c000355 ox14-c000010 ox14-c000229 ox14-c000278,ox14-c000229 ox14-c000355 ox14-c000278 ox14-c000031 ox14-c000010,-0.3000000000,false
proprietary_gpt,ow14-s0118,positive,2,valid,ox14-c000031 ox14-c000355 ox14-c000010 ox14-c000229 ox14-c000278,ox14-c000229 ox14-c000278 ox14-c000355 ox14-c000031 ox14-c000010,-0.6000000000,false
proprietary_gpt,ow14-s0118,positive,3,valid,ox14-c000031 ox14-c000355 ox14-c000010 ox14-c000229 ox14-c000278,ox14-c000229 ox14-c000278 ox14-c000355 ox14-c000031 ox14-c000010,-0.6000000000,false
proprietary_gpt,ow14-s0118,positive,4,valid,ox14-c000031 ox14-c000355 ox14-c000010 ox14-c000229 ox14-c000278,ox14-c000229 ox14-c000278 ox14-c000355 ox14-c000031 ox14-c000010,-0.6000000000,false
proprietary_gpt,ow14-s0118,positive,5,valid,ox14-c000031 ox14-c000355 ox14-c000010 ox14-c000229 ox14-c000278,ox14-c000355 ox14-c000278 ox14-c000229 ox14-c000031 ox14-c000010,-0.2000000000,false
proprietary_gpt,ow14-s0119,positive,1,valid,ox14-c000294 ox14-c000204 ox14-c000125 ox14-c000169 ox14-c000065,ox14-c000125 ox14-c000204 ox14-c000065 ox14-c000294 ox14-c000169,0.1000000000,false
proprietary_gpt,ow14-s0119,positive,2,valid,ox14-c000294 ox14-c000204 ox14-c000125 ox14-c000169 ox14-c000065,ox14-c000125 ox14-c000204 ox14-c000065 ox14-c000294 ox14-c000169,0.1000000000,false
proprietary_gpt,ow14-s0119,positive,3,valid,ox14-c000294 ox14-c000204 ox14-c000125 ox14-c000169 ox14-c000065,ox14-c000125 ox14-c000204 ox14-c000065 ox14-c000294 ox14-c000169,0.1000000000,false
proprietary_gpt,ow14-s0119,positive,4,valid,ox14-c000294 ox14-c000204 ox14-c000125 ox14-c000169 ox14-c000065,ox14-c000204 ox14-c000065 ox14-c000125 ox14-c000294 ox14-c000169,0.0000000000,false
proprietary_gpt,ow14-s0119,positive,5,valid,ox14-c000294 ox14-c000204 ox14-c000125 ox14-c000169 ox14-c000065,ox14-c000125 ox14-c000204 ox14-c000065 ox14-c000294 ox14-c000169,0.1000000000,false
proprietary_gpt,ow14-s0120,positive,1,valid,ox14-c000409 ox14-c000164 ox14-c000050 ox14-c000044 ox14-c000066,ox14-c000409 ox14-c000050 ox14-c000044 ox14-c000066 ox14-c000164,0.4000000000,false
proprietary_gpt,ow14-s0120,positive,2,valid,ox14-c000409 ox14-c000164 ox14-c000050 ox14-c000044 ox14-c000066,ox14-c000409 ox14-c000050 ox14-c000044 ox14-c000066 ox14-c000164,0.4000000000,false
proprietary_gpt,ow14-s0120,positive,3,valid,ox14-c000409 ox14-c000164 ox14-c000050 ox14-c000044 ox14-c000066,ox14-c000409 ox14-c000050 ox14-c000044 ox14-c000066 ox14-c000164,0.4000000000,false
proprietary_gpt,ow14-s0120,positive,4,valid,ox14-c000409 ox14-c000164 ox14-c000050 ox14-c000044 ox14-c000066,ox14-c000409 ox14-c000050 ox14-c000044 ox14-c000066 ox14-c000164,0.4000000000,false
proprietary_gpt,ow14-s0120,positive,5,valid,ox14-c000409 ox14-c000164 ox14-c000050 ox14-c000044 ox14-c000066,ox14-c000409 ox14-c000050 ox14-c000044 ox14-c000066 ox14-c000164,0.4000000000,false
proprietary_gpt,ow14-s0121,positive,1,valid,ox14-c000208 ox14-c000112 ox14-c000261 ox14-c000214 ox14-c000432,ox14-c000432 ox14-c000112 ox14-c000261 ox14-c000208 ox14-c000214,-0.3000000000,false
proprietary_gpt,ow14-s0121,positive,2,valid,ox14-c000208 ox14-c000112 ox14-c000261 ox14-c000214 ox14-c000432,ox14-c000432 ox14-c000112 ox14-c000261 ox14-c000208 ox14-c000214,-0.3000000000,false
proprietary_gpt,ow14-s0121,positive,3,valid,ox14-c000208 ox14-c000112 ox14-c000261 ox14-c000214 ox14-c000432,ox14-c000432 ox14-c000112 ox14-c000261 ox14-c000208 ox14-c000214,-0.3000000000,false
proprietary_gpt,ow14-s0121,positive,4,valid,ox14-c000208 ox14-c000112 ox14-c000261 ox14-c000214 ox14-c000432,ox14-c000432 ox14-c000112 ox14-c000261 ox14-c000208 ox14-c000214,-0.3000000000,false
proprietary_gpt,ow14-s0121,positive,5,valid,ox14-c000208 ox14-c000112 ox14-c000261 ox14-c000214 ox14-c000432,ox14-c000432 ox14-c000112 ox14-c000261 ox14-c000208 ox14-c000214,-0.3000000000,false
proprietary_gpt,ow14-s0122,positive,1,valid,ox14-c000224 ox14-c000414 ox14-c000362 ox14-c000256 ox14-c000310,ox14-c000224 ox14-c000362 ox14-c000414 ox14-c000256 ox14-c000310,0.9000000000,false
proprietary_gpt,ow14-s0122,positive,2,valid,ox14-c000224 ox14-c000414 ox14-c000362 ox14-c000256 ox14-c000310,ox14-c000414 ox14-c000256 ox14-c000224 ox14-c000362 ox14-c000310,0.5000000000,false
proprietary_gpt,ow14-s0122,positive,3,valid,ox14-c000224 ox14-c000414 ox14-c000362 ox14-c000256 ox14-c000310,ox14-c000224 ox14-c000362 ox14-c000414 ox14-c000256 ox14-c000310,0.9000000000,false
proprietary_gpt,ow14-s0122,positive,4,valid,ox14-c000224 ox14-c000414 ox14-c000362 ox14-c000256 ox14-c000310,ox14-c000224 ox14-c000362 ox14-c000414 ox14-c000256 ox14-c000310,0.9000000000,false
proprietary_gpt,ow14-s0122,positive,5,valid,ox14-c000224 ox14-c000414 ox14-c000362 ox14-c000256 ox14-c000310,ox14-c000414 ox14-c000256 ox14-c000224 ox14-c000362 ox14-c000310,0.5000000000,false
proprietary_gpt,ow14-s0123,positive,1,valid,ox14-c000391 ox14-c000036 ox14-c000402 ox14-c000210 ox14-c000199,ox14-c000391 ox14-c000402 ox14-c000199 ox14-c000210 ox14-c000036,0.3000000000,false
proprietary_gpt,ow14-s0123,positive,2,valid,ox14-c000391 ox14-c000036 ox14-c000402 ox14-c000210 ox14-c000199,ox14-c000391 ox14-c000402 ox14-c000199 ox14-c000210 ox14-c000036,0.3000000000,false
proprietary_gpt,ow14-s0123,positive,3,valid,ox14-c000391 ox14-c000036 ox14-c000402 ox14-c000210 ox14-c000199,ox14-c000391 ox14-c000402 ox14-c000199 ox14-c000210 ox14-c000036,0.3000000000,false
proprietary_gpt,ow14-s0123,positive,4,valid,ox14-c000391 ox14-c000036 ox14-c000402 ox14-c000210 ox14-c000199,ox14-c000391 ox14-c000402 ox14-c000199 ox14-c000210 ox14-c000036,0.3000000000,false
proprietary_gpt,ow14-s0123,positive,5,valid,ox14-c000391 ox14-c000036 ox14-c000402 ox14-c000210 ox14-c000199,ox14-c000391 ox14-c000402 ox14-c000199 ox14-c000210 ox14-c000036,0.3000000000,false
proprietary_gpt,ow14-s0124,positive,1,valid,ox14-c000225 ox14-c000067 ox14-c000252 ox14-c000160 ox14-c000320,ox14-c000225 ox14-c000067 ox14-c000252 ox14-c000320 ox14-c000160,0.9000000000,false
proprietary_gpt,ow14-s0124,positive,2,valid,ox14-c000225 ox14-c000067 ox14-c000252 ox14-c000160 ox14-c000320,ox14-c000225 ox14-c000252 ox14-c000320 ox14-c000067 ox14-c000160,0.5000000000,false
proprietary_gpt,ow14-s0124,positive,3,valid,ox14-c000225 ox14-c000067 ox14-c000252 ox14-c000160 ox14-c000320,ox14-c000225 ox14-c000252 ox14-c000320 ox14-c000067 ox14-c000160,0.5000000000,false
proprietary_gpt,ow14-s0124,positive,4,valid,ox14-c000225 ox14-c000067 ox14-c000252 ox14-c000160 ox14-c000320,ox14-c000225 ox14-c000067 ox14-c000252 ox14-c000320 ox14-c000160,0.9000000000,false
proprietary_gpt,ow14-s0124,positive,5,valid,ox14-c000225 ox14-c000067 ox14-c000252 ox14-c000160 ox14-c000320,ox14-c000225 ox14-c000252 ox14-c000320 ox14-c000067 ox14-c000160,0.5000000000,false
proprietary_gpt,ow14-s0125,positive,1,valid,ox14-c000393 ox14-c000369 ox14-c000140 ox14-c000090 ox14-c000165,ox14-c000140 ox14-c000393 ox14-c000369 ox14-c000090 ox14-c000165,0.7000000000,false
proprietary_gpt,ow14-s0125,positive,2,valid,ox14-c000393 ox14-c000369 ox14-c000140 ox14-c000090 ox14-c000165,ox14-c000393 ox14-c000140 ox14-c000369 ox14-c000090 ox14-c000165,0.9000000000,false
proprietary_gpt,ow14-s0125,positive,3,valid,ox14-c000393 ox14-c000369 ox14-c000140 ox14-c000090 ox14-c000165,ox14-c000369 ox14-c000090 ox14-c000393 ox14-c000140 ox14-c000165,0.5000000000,false
proprietary_gpt,ow14-s0125,positive,4,valid,ox14-c000393 ox14-c000369 ox14-c000140 ox14-c000090 ox14-c000165,ox14-c000369 ox14-c000090 ox14-c000393 ox14-c000140 ox14-c000165,0.5000000000,false
proprietary_gpt,ow14-s0125,positive,5,valid,ox14-c000393 ox14-c000369 ox14-c000140 ox14-c000090 ox14-c000165,ox14-c000393 ox14-c000140 ox14-c000369 ox14-c000090 ox14-c000165,0.9000000000,false
proprietary_gpt,ow14-s0126,positive,1,valid,ox14-c000081 ox14-c000072 ox14-c000265 ox14-c000366 ox14-c000389,ox14-c000081 ox14-c000366 ox14-c000265 ox14-c000389 ox14-c000072,0.3000000000,false
proprietary_gpt,ow14-s0126,positive,2,valid,ox14-c000081 ox14-c000072 ox14-c000265 ox14-c000366 ox14-c000389,ox14-c000081 ox14-c000366 ox14-c000265 ox14-c000389 ox14-c000072,0.3000000000,false
proprietary_gpt,ow14-s0126,positive,3,valid,ox14-c000081 ox14-c000072 ox14-c000265 ox14-c000366 ox14-c000389,ox14-c000081 ox14-c000366 ox14-c000072 ox14-c000265 ox14-c000389,0.7000000000,false
proprietary_gpt,ow14-s0126,positive,4,valid,ox14-c000081 ox14-c000072 ox14-c000265 ox14-c000366 ox14-c000389,ox14-c000081 ox14-c000366 ox14-c000265 ox14-c000389 ox14-c000072,0.3000000000,false
proprietary_gpt,ow14-s0126,positive,5,valid,ox14-c000081 ox14-c000072 ox14-c000265 ox14-c000366 ox14-c000389,ox14-c000081 ox14-c000366 ox14-c000072 ox14-c000265 ox14-c000389,0.7000000000,false
proprietary_gpt,ow14-s0127,positive,1,valid,ox14-c000246 ox14-c000211 ox14-c000323 ox14-c000114 ox14-c000046,ox14-c000246 ox14-c000211 ox14-c000323 ox14-c000114 ox14-c000046,1.0000000000,true
proprietary_gpt,ow14-s0127,positive,2,valid,ox14-c000246 ox14-c000211 ox14-c000323 ox14-c000114 ox14-c000046,ox14-c000246 ox14-c000323 ox14-c000114 ox14-c000046 ox14-c000211,0.4000000000,false
proprietary_gpt,ow14-s0127,positive,3,valid,ox14-c000246 ox14-c000211 ox14-c000323 ox14-c000114 ox14-c000046,ox14-c000211 ox14-c000246 ox14-c000323 ox14-c000114 ox14-c000046,0.9000000000,false
proprietary_gpt,ow14-s0127,positive,4,valid,ox14-c000246 ox14-c000211 ox14-c000323 ox14-c000114 ox14-c000046,ox14-c000246 ox14-c000211 ox14-c000323 ox14-c000114 ox14-c000046,1.0000000000,true
proprietary_gpt,ow14-s0127,positive,5,valid,ox14-c000246 ox14-c000211 ox14-c000323 ox14-c000114 ox14-c000046,ox14-c000246 ox14-c000323 ox14-c000114 ox14-c000046 ox14-c000211,0.4000000000,false
proprietary_gpt,ow14-s0128,positive,1,valid,ox14-c000025 ox14-c000418 ox14-c000108 ox14-c000181 ox14-c000121,ox14-c000418 ox14-c000108 ox14-c000121 ox14-c000025 ox14-c000181,0.2000000000,false
proprietary_gpt,ow14-s0128,positive,2,valid,ox14-c000025 ox14-c000418 ox14-c000108 ox14-c000181 ox14-c000121,ox14-c000418 ox14-c000108 ox14-c000121 ox14-c000025 ox14-c000181,0.2000000000,false
proprietary_gpt,ow14-s0128,positive,3,valid,ox14-c000025 ox14-c000418 ox14-c000108 ox14-c000181 ox14-c000121,ox14-c000418 ox14-c000108 ox14-c000121 ox14-c000025 ox14-c000181,0.2000000000,false
proprietary_gpt,ow14-s0128,positive,4,valid,ox14-c000025 ox14-c000418 ox14-c000108 ox14-c000181 ox14-c000121,ox14-c000418 ox14-c000108 ox14-c000121 ox14-c000025 ox14-c000181,0.2000000000,false
proprietary_gpt,ow14-s0128,positive,5,valid,ox14-c000025 ox14-c000418 ox14-c000108 ox14-c000181 ox14-c000121,ox14-c000418 ox14-c000108 ox14-c000121 ox14-c000025 ox14-c000181,0.2000000000,false
proprietary_gpt,ow14-s0129,positive,1,valid,ox14-c000058 ox14-c000012 ox14-c000037 ox14-c000197 ox14-c000124,ox14-c000058 ox14-c000197 ox14-c000124 ox14-c000012 ox14-c000037,0.2000000000,false
proprietary_gpt,ow14-s0129,positive,2,valid,ox14-c000058 ox14-c000012 ox14-c000037 ox14-c000197 ox14-c000124,ox14-c000058 ox14-c000197 ox14-c000124 ox14-c000012 ox14-c000037,0.2000000000,false
proprietary_gpt,ow14-s0129,positive,3,valid,ox14-c000058 ox14-c000012 ox14-c000037 ox14-c000197 ox14-c000124,ox14-c000058 ox14-c000197 ox14-c000124 ox14-c000012 ox14-c000037,0.2000000000,false
proprietary_gpt,ow14-s0129,positive,4,valid,ox14-c000058 ox14-c000012 ox14-c000037 ox14-c000197 ox14-c000124,ox14-c000058 ox14-c000197 ox14-c000124 ox14-c000012 ox14-c000037,0.2000000000,false
proprietary_gpt,ow14-s0129,positive,5,valid,ox14-c000058 ox14-c000012 ox14-c000037 ox14-c000197 ox14-c000124,ox14-c000058 ox14-c000197 ox14-c000124 ox14-c000012 ox14-c000037,0.2000000000,false
proprietary_gpt,ow14-s0130,positive,1,valid,ox14-c000270 ox14-c000245 ox14-c000354 ox14-c000339 ox14-c000374,ox14-c000270 ox14-c000245 ox14-c000354 ox14-c000339 ox14-c000374,1.0000000000,true
proprietary_gpt,ow14-s0130,positive,2,valid,ox14-c000270 ox14-c000245 ox14-c000354 ox14-c000339 ox14-c000374,ox14-c000374 ox14-c000270 ox14-c000354 ox14-c000339 ox14-c000245,-0.3000000000,false
proprietary_gpt,ow14-s0130,positive,3,valid,ox14-c000270 ox14-c000245 ox14-c000354 ox14-c000339 ox14-c000374,ox14-c000374 ox14-c000354 ox14-c000339 ox14-c000245 ox14-c000270,-0.9000000000,false
proprietary_gpt,ow14-s0130,positive,4,valid,ox14-c000270 ox14-c000245 ox14-c000354 ox14-c000339 ox14-c000374,ox14-c000270 ox14-c000245 ox14-c000354 ox14-c000339 ox14-c000374,1.0000000000,true
proprietary_gpt,ow14-s0130,positive,5,valid,ox14-c000270 ox14-c000245 ox14-c000354 ox14-c000339 ox14-c000374,ox14-c000270 ox14-c000245 ox14-c000354 ox14-c000339 ox14-c000374,1.0000000000,true
proprietary_gpt,ow14-s0131,positive,1,valid,ox14-c000045 ox14-c000033 ox14-c000127 ox14-c000087 ox14-c000075,ox14-c000087 ox14-c000127 ox14-c000045 ox14-c000075 ox14-c000033,-0.2000000000,false
proprietary_gpt,ow14-s0131,positive,2,valid,ox14-c000045 ox14-c000033 ox14-c000127 ox14-c000087 ox14-c000075,ox14-c000127 ox14-c000045 ox14-c000075 ox14-c000087 ox14-c000033,0.1000000000,false
proprietary_gpt,ow14-s0131,positive,3,valid,ox14-c000045 ox14-c000033 ox14-c000127 ox14-c000087 ox14-c000075,ox14-c000127 ox14-c000045 ox14-c000075 ox14-c000087 ox14-c000033,0.1000000000,false
proprietary_gpt,ow14-s0131,positive,4,valid,ox14-c000045 ox14-c000033 ox14-c000127 ox14-c000087 ox14-c000075,ox14-c000127 ox14-c000045 ox14-c000075 ox14-c000087 ox14-c000033,0.1000000000,false
proprietary_gpt,ow14-s0131,positive,5,valid,ox14-c000045 ox14-c000033 ox14-c000127 ox14-c000087 ox14-c000075,ox14-c000087 ox14-c000127 ox14-c000045 ox14-c000075 ox14-c000033,-0.2000000000,false
proprietary_gpt,ow14-s0132,positive,1,valid,ox14-c000382 ox14-c000352 ox14-c000406 ox14-c000297 ox14-c000277,ox14-c000382 ox14-c000406 ox14-c000352 ox14-c000277 ox14-c000297,0.8000000000,false
proprietary_gpt,ow14-s0132,positive,2,valid,ox14-c000382 ox14-c000352 ox14-c000406 ox14-c000297 ox14-c000277,ox14-c000382 ox14-c000406 ox14-c000352 ox14-c000277 ox14-c000297,0.8000000000,false
proprietary_gpt,ow14-s0132,positive,3,valid,ox14-c000382 ox14-c000352 ox14-c000406 ox14-c000297 ox14-c000277,ox14-c000382 ox14-c000406 ox14-c000352 ox14-c000277 ox14-c000297,0.8000000000,false
proprietary_gpt,ow14-s0132,positive,4,valid,ox14-c000382 ox14-c000352 ox14-c000406 ox14-c000297 ox14-c000277,ox14-c000382 ox14-c000406 ox14-c000352 ox14-c000277 ox14-c000297,0.8000000000,false
proprietary_gpt,ow14-s0132,positive,5,valid,ox14-c000382 ox14-c000352 ox14-c000406 ox14-c000297 ox14-c000277,ox14-c000382 ox14-c000406 ox14-c000352 ox14-c000277 ox14-c000297,0.8000000000,false
proprietary_gpt,ow14-s0133,positive,1,valid,ox14-c000357 ox14-c000192 ox14-c000060 ox14-c000113 ox14-c000183,ox14-c000357 ox14-c000192 ox14-c000060 ox14-c000113 ox14-c000183,1.0000000000,true
proprietary_gpt,ow14-s0133,positive,2,valid,ox14-c000357 ox14-c000192 ox14-c000060 ox14-c000113 ox14-c000183,ox14-c000357 ox14-c000192 ox14-c000060 ox14-c000113 ox14-c000183,1.0000000000,true
proprietary_gpt,ow14-s0133,positive,3,valid,ox14-c000357 ox14-c000192 ox14-c000060 ox14-c000113 ox14-c000183,ox14-c000357 ox14-c000060 ox14-c000113 ox14-c000192 ox14-c000183,0.7000000000,false
proprietary_gpt,ow14-s0133,positive,4,valid,ox14-c000357 ox14-c000192 ox14-c000060 ox14-c000113 ox14-c000183,ox14-c000192 ox14-c000060 ox14-c000113 ox14-c000357 ox14-c000183,0.4000000000,false
proprietary_gpt,ow14-s0133,positive,5,valid,ox14-c000357 ox14-c000192 ox14-c000060 ox14-c000113 ox14-c000183,ox14-c000357 ox14-c000192 ox14-c000060 ox14-c000113 ox14-c000183,1.0000000000,true
proprietary_gpt,ow14-s0134,positive,1,valid,ox14-c000358 ox14-c000103 ox14-c000381 ox14-c000293 ox14-c000398,ox14-c000358 ox14-c000103 ox14-c000381 ox14-c000398 ox14-c000293,0.9000000000,false
proprietary_gpt,ow14-s0134,positive,2,valid,ox14-c000358 ox14-c000103 ox14-c000381 ox14-c000293 ox14-c000398,ox14-c000358 ox14-c000103 ox14-c000381 ox14-c000398 ox14-c000293,0.9000000000,false
proprietary_gpt,ow14-s0134,positive,3,valid,ox14-c000358 ox14-c000103 ox14-c000381 ox14-c000293 ox14-c000398,ox14-c000358 ox14-c000103 ox14-c000381 ox14-c000398 ox14-c000293,0.9000000000,false
proprietary_gpt,ow14-s0134,positive,4,valid,ox14-c000358 ox14-c000103 ox14-c000381 ox14-c000293 ox14-c000398,ox14-c000358 ox14-c000103 ox14-c000381 ox14-c000398 ox14-c000293,0.9000000000,false
proprietary_gpt,ow14-s0134,positive,5,valid,ox14-c000358 ox14-c000103 ox14-c000381 ox14-c000293 ox14-c000398,ox14-c000358 ox14-c000103 ox14-c000381 ox14-c000398 ox14-c000293,0.9000000000,false
proprietary_gpt,ow14-s0135,positive,1,valid,ox14-c000093 ox14-c000201 ox14-c000373 ox14-c000422 ox14-c000107,ox14-c000093 ox14-c000373 ox14-c000201 ox14-c000107 ox14-c000422,0.8000000000,false
proprietary_gpt,ow14-s0135,positive,2,valid,ox14-c000093 ox14-c000201 ox14-c000373 ox14-c000422 ox14-c000107,ox14-c000093 ox14-c000373 ox14-c000422 ox14-c000201 ox14-c000107,0.7000000000,false
proprietary_gpt,ow14-s0135,positive,3,valid,ox14-c000093 ox14-c000201 ox14-c000373 ox14-c000422 ox14-c000107,ox14-c000093 ox14-c000373 ox14-c000422 ox14-c000201 ox14-c000107,0.7000000000,false
proprietary_gpt,ow14-s0135,positive,4,valid,ox14-c000093 ox14-c000201 ox14-c000373 ox14-c000422 ox14-c000107,ox14-c000093 ox14-c000373 ox14-c000422 ox14-c000201 ox14-c000107,0.7000000000,false
proprietary_gpt,ow14-s0135,positive,5,valid,ox14-c000093 ox14-c000201 ox14-c000373 ox14-c000422 ox14-c000107,ox14-c000093 ox14-c000373 ox14-c000201 ox14-c000107 ox14-c000422,0.8000000000,false
proprietary_gpt,ow14-s0136,positive,1,valid,ox14-c000300 ox14-c000427 ox14-c000337 ox14-c000350 ox14-c000053,ox14-c000427 ox14-c000053 ox14-c000337 ox14-c000350 ox14-c000300,-0.3000000000,false
proprietary_gpt,ow14-s0136,positive,2,valid,ox14-c000300 ox14-c000427 ox14-c000337 ox14-c000350 ox14-c000053,ox14-c000427 ox14-c000053 ox14-c000337 ox14-c000350 ox14-c000300,-0.3000000000,false
proprietary_gpt,ow14-s0136,positive,3,valid,ox14-c000300 ox14-c000427 ox14-c000337 ox14-c000350 ox14-c000053,ox14-c000427 ox14-c000053 ox14-c000337 ox14-c000350 ox14-c000300,-0.3000000000,false
proprietary_gpt,ow14-s0136,positive,4,valid,ox14-c000300 ox14-c000427 ox14-c000337 ox14-c000350 ox14-c000053,ox14-c000427 ox14-c000053 ox14-c000337 ox14-c000350 ox14-c000300,-0.3000000000,false
proprietary_gpt,ow14-s0136,positive,5,valid,ox14-c000300 ox14-c000427 ox14-c000337 ox14-c000350 ox14-c000053,ox14-c000427 ox14-c000337 ox14-c000350 ox14-c000053 ox14-c000300,0.0000000000,false
proprietary_gpt,ow14-s0137,positive,1,valid,ox14-c000216 ox14-c000016 ox14-c000205 ox14-c000384 ox14-c000344,ox14-c000384 ox14-c000216 ox14-c000205 ox14-c000344 ox14-c000016,0.0000000000,false
proprietary_gpt,ow14-s0137,positive,2,valid,ox14-c000216 ox14-c000016 ox14-c000205 ox14-c000384 ox14-c000344,ox14-c000384 ox14-c000216 ox14-c000205 ox14-c000344 ox14-c000016,0.0000000000,false
proprietary_gpt,ow14-s0137,positive,3,valid,ox14-c000216 ox14-c000016 ox14-c000205 ox14-c000384 ox14-c000344,ox14-c000384 ox14-c000216 ox14-c000205 ox14-c000344 ox14-c000016,0.0000000000,false
proprietary_gpt,ow14-s0137,positive,4,valid,ox14-c000216 ox14-c000016 ox14-c000205 ox14-c000384 ox14-c000344,ox14-c000384 ox14-c000216 ox14-c000205 ox14-c000344 ox14-c000016,0.0000000000,false
proprietary_gpt,ow14-s0137,positive,5,valid,ox14-c000216 ox14-c000016 ox14-c000205 ox14-c000384 ox14-c000344,ox14-c000384 ox14-c000216 ox14-c000205 ox14-c000344 ox14-c000016,0.0000000000,false
proprietary_gpt,ow14-s0138,positive,1,valid,ox14-c000321 ox14-c000220 ox14-c000177 ox14-c000268 ox14-c000207,ox14-c000268 ox14-c000321 ox14-c000220 ox14-c000207 ox14-c000177,0.2000000000,false
proprietary_gpt,ow14-s0138,positive,2,valid,ox14-c000321 ox14-c000220 ox14-c000177 ox14-c000268 ox14-c000207,ox14-c000321 ox14-c000268 ox14-c000220 ox14-c000207 ox14-c000177,0.5000000000,false
proprietary_gpt,ow14-s0138,positive,3,valid,ox14-c000321 ox14-c000220 ox14-c000177 ox14-c000268 ox14-c000207,ox14-c000321 ox14-c000268 ox14-c000220 ox14-c000207 ox14-c000177,0.5000000000,false
proprietary_gpt,ow14-s0138,positive,4,valid,ox14-c000321 ox14-c000220 ox14-c000177 ox14-c000268 ox14-c000207,ox14-c000321 ox14-c000268 ox14-c000220 ox14-c000207 ox14-c000177,0.5000000000,false
proprietary_gpt,ow14-s0138,positive,5,valid,ox14-c000321 ox14-c000220 ox14-c000177 ox14-c000268 ox14-c000207,ox14-c000321 ox14-c000268 ox14-c000220 ox14-c000207 ox14-c000177,0.5000000000,false
proprietary_gpt,ow14-s0139,positive,1,valid,ox14-c000175 ox14-c000026 ox14-c000061 ox14-c000434 ox14-c000314,ox14-c000434 ox14-c000061 ox14-c000175 ox14-c000026 ox14-c000314,0.1000000000,false
proprietary_gpt,ow14-s0139,positive,2,valid,ox14-c000175 ox14-c000026 ox14-c000061 ox14-c000434 ox14-c000314,ox14-c000434 ox14-c000061 ox14-c000175 ox14-c000026 ox14-c000314,0.1000000000,false
proprietary_gpt,ow14-s0139,positive,3,valid,ox14-c000175 ox14-c000026 ox14-c000061 ox14-c000434 ox14-c000314,ox14-c000434 ox14-c000061 ox14-c000175 ox14-c000026 ox14-c000314,0.1000000000,false
proprietary_gpt,ow14-s0139,positive,4,valid,ox14-c000175 ox14-c000026 ox14-c000061 ox14-c000434 ox14-c000314,ox14-c000434 ox14-c000061 ox14-c000175 ox14-c000026 ox14-c000314,0.1000000000,false
proprietary_gpt,ow14-s0139,positive,5,valid,ox14-c000175 ox14-c000026 ox14-c000061 ox14-c000434 ox14-c000314,ox14-c000434 ox14-c000061 ox14-c000175 ox14-c000026 ox14-c000314,0.1000000000,false
proprietary_gpt,ow14-s0140,positive,1,valid,ox14-c000109 ox14-c000273 ox14-c000137 ox14-c000034 ox14-c000219,ox14-c000109 ox14-c000273 ox14-c000137 ox14-c000219 ox14-c000034,0.9000000000,false
proprietary_gpt,ow14-s0140,positive,2,valid,ox14-c000109 ox14-c000273 ox14-c000137 ox14-c000034 ox14-c000219,ox14-c000273 ox14-c000137 ox14-c000109 ox14-c000219 ox14-c000034,0.6000000000,false
proprietary_gpt,ow14-s0140,positive,3,valid,ox14-c000109 ox14-c000273 ox14-c000137 ox14-c000034 ox14-c000219,ox14-c000273 ox14-c000137 ox14-c000109 ox14-c000219 ox14-c000034,0.6000000000,false
proprietary_gpt,ow14-s0140,positive,4,valid,ox14-c000109 ox14-c000273 ox14-c000137 ox14-c000034 ox14-c000219,ox14-c000273 ox14-c000137 ox14-c000109 ox14-c000219 ox14-c000034,0.6000000000,false
proprietary_gpt,ow14-s0140,positive,5,valid,ox14-c000109 ox14-c000273 ox14-c000137 ox14-c000034 ox14-c000219,ox14-c000273 ox14-c000137 ox14-c000109 ox14-c000219 ox14-c000034,0.6000000000,false
proprietary_gpt,ow14-s0141,positive,1,valid,ox14-c000021 ox14-c000363 ox14-c000405 ox14-c000303 ox14-c000101,ox14-c000363 ox14-c000405 ox14-c000101 ox14-c000021 ox14-c000303,0.2000000000,false
proprietary_gpt,ow14-s0141,positive,2,valid,ox14-c000021 ox14-c000363 ox14-c000405 ox14-c000303 ox14-c000101,ox14-c000363 ox14-c000405 ox14-c000101 ox14-c000021 ox14-c000303,0.2000000000,false
proprietary_gpt,ow14-s0141,positive,3,valid,ox14-c000021 ox14-c000363 ox14-c000405 ox14-c000303 ox14-c000101,ox14-c000363 ox14-c000405 ox14-c000101 ox14-c000021 ox14-c000303,0.2000000000,false
proprietary_gpt,ow14-s0141,positive,4,valid,ox14-c000021 ox14-c000363 ox14-c000405 ox14-c000303 ox14-c000101,ox14-c000363 ox14-c000405 ox14-c000101 ox14-c000303 ox14-c000021,-0.1000000000,false
proprietary_gpt,ow14-s0141,positive,5,valid,ox14-c000021 ox14-c000363 ox14-c000405 ox14-c000303 ox14-c000101,ox14-c000363 ox14-c000405 ox14-c000101 ox14-c000021 ox14-c000303,0.2000000000,false
proprietary_gpt,ow14-s0142,positive,1,valid,ox14-c000226 ox14-c000064 ox14-c000100 ox14-c000111 ox14-c000170,ox14-c000226 ox14-c000064 ox14-c000100 ox14-c000111 ox14-c000170,1.0000000000,true
proprietary_gpt,ow14-s0142,positive,2,valid,ox14-c000226 ox14-c000064 ox14-c000100 ox14-c000111 ox14-c000170,ox14-c000226 ox14-c000064 ox14-c000100 ox14-c000111 ox14-c000170,1.0000000000,true
proprietary_gpt,ow14-s0142,positive,3,valid,ox14-c000226 ox14-c000064 ox14-c000100 ox14-c000111 ox14-c000170,ox14-c000226 ox14-c000064 ox14-c000100 ox14-c000111 ox14-c000170,1.0000000000,true
proprietary_gpt,ow14-s0142,positive,4,valid,ox14-c000226 ox14-c000064 ox14-c000100 ox14-c000111 ox14-c000170,ox14-c000226 ox14-c000064 ox14-c000100 ox14-c000111 ox14-c000170,1.0000000000,true
proprietary_gpt,ow14-s0142,positive,5,valid,ox14-c000226 ox14-c000064 ox14-c000100 ox14-c000111 ox14-c000170,ox14-c000226 ox14-c000064 ox14-c000100 ox14-c000111 ox14-c000170,1.0000000000,true
proprietary_gpt,ow14-s0143,positive,1,valid,ox14-c000212 ox14-c000141 ox14-c000387 ox14-c000318 ox14-c000048,ox14-c000141 ox14-c000387 ox14-c000212 ox14-c000048 ox14-c000318,0.6000000000,false
proprietary_gpt,ow14-s0143,positive,2,valid,ox14-c000212 ox14-c000141 ox14-c000387 ox14-c000318 ox14-c000048,ox14-c000141 ox14-c000387 ox14-c000048 ox14-c000212 ox14-c000318,0.2000000000,false
proprietary_gpt,ow14-s0143,positive,3,valid,ox14-c000212 ox14-c000141 ox14-c000387 ox14-c000318 ox14-c000048,ox14-c000141 ox14-c000212 ox14-c000387 ox14-c000048 ox14-c000318,0.8000000000,false
proprietary_gpt,ow14-s0143,positive,4,valid,ox14-c000212 ox14-c000141 ox14-c000387 ox14-c000318 ox14-c000048,ox14-c000141 ox14-c000387 ox14-c000048 ox14-c000212 ox14-c000318,0.2000000000,false
proprietary_gpt,ow14-s0143,positive,5,valid,ox14-c000212 ox14-c000141 ox14-c000387 ox14-c000318 ox14-c000048,ox14-c000141 ox14-c000387 ox14-c000048 ox14-c000212 ox14-c000318,0.2000000000,false
proprietary_gpt,ow14-s0144,positive,1,valid,ox14-c000251 ox14-c000423 ox14-c000399 ox14-c000194 ox14-c000082,ox14-c000423 ox14-c000251 ox14-c000399 ox14-c000194 ox14-c000082,0.9000000000,false
proprietary_gpt,ow14-s0144,positive,2,valid,ox14-c000251 ox14-c000423 ox14-c000399 ox14-c000194 ox14-c000082,ox14-c000423 ox14-c000251 ox14-c000399 ox14-c000194 ox14-c000082,0.9000000000,false
proprietary_gpt,ow14-s0144,positive,3,valid,ox14-c000251 ox14-c000423 ox14-c000399 ox14-c000194 ox14-c000082,ox14-c000423 ox14-c000251 ox14-c000399 ox14-c000194 ox14-c000082,0.9000000000,false
proprietary_gpt,ow14-s0144,positive,4,valid,ox14-c000251 ox14-c000423 ox14-c000399 ox14-c000194 ox14-c000082,ox14-c000423 ox14-c000251 ox14-c000399 ox14-c000194 ox14-c000082,0.9000000000,false
proprietary_gpt,ow14-s0144,positive,5,valid,ox14-c000251 ox14-c000423 ox14-c000399 ox14-c000194 ox14-c000082,ox14-c000423 ox14-c000082 ox14-c000251 ox14-c000399 ox14-c000194,0.2000000000,false
proprietary_gpt,ow14-s0145,positive,1,valid,ox14-c000077 ox14-c000135 ox14-c000085 ox14-c000410 ox14-c000296,ox14-c000135 ox14-c000410 ox14-c000077 ox14-c000085 ox14-c000296,0.5000000000,false
proprietary_gpt,ow14-s0145,positive,2,valid,ox14-c000077 ox14-c000135 ox14-c000085 ox14-c000410 ox14-c000296,ox14-c000135 ox14-c000077 ox14-c000410 ox14-c000085 ox14-c000296,0.8000000000,false
proprietary_gpt,ow14-s0145,positive,3,valid,ox14-c000077 ox14-c000135 ox14-c000085 ox14-c000410 ox14-c000296,ox14-c000135 ox14-c000410 ox14-c000077 ox14-c000085 ox14-c000296,0.5000000000,false
proprietary_gpt,ow14-s0145,positive,4,valid,ox14-c000077 ox14-c000135 ox14-c000085 ox14-c000410 ox14-c000296,ox14-c000085 ox14-c000135 ox14-c000077 ox14-c000410 ox14-c000296,0.6000000000,false
proprietary_gpt,ow14-s0145,positive,5,valid,ox14-c000077 ox14-c000135 ox14-c000085 ox14-c000410 ox14-c000296,ox14-c000135 ox14-c000410 ox14-c000077 ox14-c000085 ox14-c000296,0.5000000000,false
proprietary_gpt,ow14-s0146,positive,1,valid,ox14-c000353 ox14-c000223 ox14-c000118 ox14-c000052 ox14-c000395,ox14-c000353 ox14-c000118 ox14-c000052 ox14-c000395 ox14-c000223,0.4000000000,false
proprietary_gpt,ow14-s0146,positive,2,valid,ox14-c000353 ox14-c000223 ox14-c000118 ox14-c000052 ox14-c000395,ox14-c000118 ox14-c000052 ox14-c000395 ox14-c000353 ox14-c000223,-0.5000000000,false
proprietary_gpt,ow14-s0146,positive,3,valid,ox14-c000353 ox14-c000223 ox14-c000118 ox14-c000052 ox14-c000395,ox14-c000353 ox14-c000118 ox14-c000052 ox14-c000395 ox14-c000223,0.4000000000,false
proprietary_gpt,ow14-s0146,positive,4,valid,ox14-c000353 ox14-c000223 ox14-c000118 ox14-c000052 ox14-c000395,ox14-c000353 ox14-c000118 ox14-c000052 ox14-c000395 ox14-c000223,0.4000000000,false
proprietary_gpt,ow14-s0146,positive,5,valid,ox14-c000353 ox14-c000223 ox14-c000118 ox14-c000052 ox14-c000395,ox14-c000118 ox14-c000052 ox14-c000395 ox14-c000353 ox14-c000223,-0.5000000000,false
proprietary_gpt,ow14-s0147,positive,1,valid,ox14-c000311 ox14-c000433 ox14-c000315 ox14-c000307 ox14-c000188,ox14-c000433 ox14-c000188 ox14-c000311 ox14-c000315 ox14-c000307,0.2000000000,false
proprietary_gpt,ow14-s0147,positive,2,valid,ox14-c000311 ox14-c000433 ox14-c000315 ox14-c000307 ox14-c000188,ox14-c000433 ox14-c000188 ox14-c000311 ox14-c000315 ox14-c000307,0.2000000000,false
proprietary_gpt,ow14-s0147,positive,3,valid,ox14-c000311 ox14-c000433 ox14-c000315 ox14-c000307 ox14-c000188,ox14-c000433 ox14-c000188 ox14-c000311 ox14-c000315 ox14-c000307,0.2000000000,false
proprietary_gpt,ow14-s0147,positive,4,valid,ox14-c000311 ox14-c000433 ox14-c000315 ox14-c000307 ox14-c000188,ox14-c000433 ox14-c000188 ox14-c000311 ox14-c000315 ox14-c000307,0.2000000000,false
proprietary_gpt,ow14-s0147,positive,5,valid,ox14-c000311 ox14-c000433 ox14-c000315 ox14-c000307 ox14-c000188,ox14-c000433 ox14-c000188 ox14-c000311 ox14-c000315 ox14-c000307,0.2000000000,false
proprietary_gpt,ow14-s0148,positive,1,valid,ox14-c000167 ox14-c000161 ox14-c000243 ox14-c000404 ox14-c000351,ox14-c000243 ox14-c000404 ox14-c000351 ox14-c000167 ox14-c000161,-0.5000000000,false
proprietary_gpt,ow14-s0148,positive,2,valid,ox14-c000167 ox14-c000161 ox14-c000243 ox14-c000404 ox14-c000351,ox14-c000243 ox14-c000404 ox14-c000351 ox14-c000167 ox14-c000161,-0.5000000000,false
proprietary_gpt,ow14-s0148,positive,3,valid,ox14-c000167 ox14-c000161 ox14-c000243 ox14-c000404 ox14-c000351,ox14-c000243 ox14-c000404 ox14-c000351 ox14-c000167 ox14-c000161,-0.5000000000,false
proprietary_gpt,ow14-s0148,positive,4,valid,ox14-c000167 ox14-c000161 ox14-c000243 ox14-c000404 ox14-c000351,ox14-c000243 ox14-c000404 ox14-c000351 ox14-c000167 ox14-c000161,-0.5000000000,false
proprietary_gpt,ow14-s0148,positive,5,valid,ox14-c000167 ox14-c000161 ox14-c000243 ox14-c000404 ox14-c000351,ox14-c000243 ox14-c000404 ox14-c000351 ox14-c000167 ox14-c000161,-0.5000000000,false
proprietary_gpt,ow14-s0149,positive,1,valid,ox14-c000272 ox14-c000117 ox14-c000029 ox14-c000429 ox14-c000372,ox14-c000272 ox14-c000429 ox14-c000117 ox14-c000372 ox14-c000029,0.5000000000,false
proprietary_gpt,ow14-s0149,positive,2,valid,ox14-c000272 ox14-c000117 ox14-c000029 ox14-c000429 ox14-c000372,ox14-c000272 ox14-c000429 ox14-c000117 ox14-c000372 ox14-c000029,0.5000000000,false
proprietary_gpt,ow14-s0149,positive,3,valid,ox14-c000272 ox14-c000117 ox14-c000029 ox14-c000429 ox14-c000372,ox14-c000272 ox14-c000429 ox14-c000117 ox14-c000029 ox14-c000372,0.7000000000,false
proprietary_gpt,ow14-s0149,positive,4,valid,ox14-c000272 ox14-c000117 ox14-c000029 ox14-c000429 ox14-c000372,ox14-c000272 ox14-c000429 ox14-c000117 ox14-c000372 ox14-c000029,0.5000000000,false
proprietary_gpt,ow14-s0149,positive,5,valid,ox14-c000272 ox14-c000117 ox14-c000029 ox14-c000429 ox14-c000372,ox14-c000272 ox14-c000429 ox14-c000117 ox14-c000372 ox14-c000029,0.5000000000,false
proprietary_gpt,ow14-s0150,positive,1,valid,ox14-c000377 ox14-c000346 ox14-c000136 ox14-c000267 ox14-c000185,ox14-c000346 ox14-c000377 ox14-c000185 ox14-c000136 ox14-c000267,0.6000000000,false
proprietary_gpt,ow14-s0150,positive,2,valid,ox14-c000377 ox14-c000346 ox14-c000136 ox14-c000267 ox14-c000185,ox14-c000346 ox14-c000377 ox14-c000185 ox14-c000136 ox14-c000267,0.6000000000,false
proprietary_gpt,ow14-s0150,positive,3,valid,ox14-c000377 ox14-c000346 ox14-c000136 ox14-c000267 ox14-c000185,ox14-c000136 ox14-c000267 ox14-c000377 ox14-c000185 ox14-c000346,-0.1000000000,false
proprietary_gpt,ow14-s0150,positive,4,valid,ox14-c000377 ox14-c000346 ox14-c000136 ox14-c000267 ox14-c000185,ox14-c000377 ox14-c000185 ox14-c000346 ox14-c000136 ox14-c000267,0.4000000000,false
proprietary_gpt,ow14-s0150,positive,5,valid,ox14-c000377 ox14-c000346 ox14-c000136 ox14-c000267 ox14-c000185,ox14-c000377 ox14-c000346 ox14-c000136 ox14-c000267 ox14-c000185,1.0000000000,true
proprietary_gpt,ow14-s0151,positive,1,valid,ox14-c000022 ox14-c000247 ox14-c000396 ox14-c000198 ox14-c000070,ox14-c000247 ox14-c000396 ox14-c000198 ox14-c000070 ox14-c000022,0.0000000000,false
proprietary_gpt,ow14-s0151,positive,2,valid,ox14-c000022 ox14-c000247 ox14-c000396 ox14-c000198 ox14-c000070,ox14-c000247 ox14-c000396 ox14-c000198 ox14-c000070 ox14-c000022,0.0000000000,false
proprietary_gpt,ow14-s0151,positive,3,valid,ox14-c000022 ox14-c000247 ox14-c000396 ox14-c000198 ox14-c000070,ox14-c000247 ox14-c000396 ox14-c000198 ox14-c000070 ox14-c000022,0.0000000000,false
proprietary_gpt,ow14-s0151,positive,4,valid,ox14-c000022 ox14-c000247 ox14-c000396 ox14-c000198 ox14-c000070,ox14-c000247 ox14-c000396 ox14-c000198 ox14-c000070 ox14-c000022,0.0000000000,false
proprietary_gpt,ow14-s0151,positive,5,valid,ox14-c000022 ox14-c000247 ox14-c000396 ox14-c000198 ox14-c000070,ox14-c000247 ox14-c000396 ox14-c000198 ox14-c000070 ox14-c000022,0.0000000000,false
proprietary_gpt,ow14-s0152,positive,1,valid,ox14-c000099 ox14-c000056 ox14-c000102 ox14-c000017 ox14-c000023,ox14-c000099 ox14-c000056 ox14-c000102 ox14-c000017 ox14-c000023,1.0000000000,true
proprietary_gpt,ow14-s0152,positive,2,valid,ox14-c000099 ox14-c000056 ox14-c000102 ox14-c000017 ox14-c000023,ox14-c000099 ox14-c000056 ox14-c000102 ox14-c000017 ox14-c000023,1.0000000000,true
proprietary_gpt,ow14-s0152,positive,3,valid,ox14-c000099 ox14-c000056 ox14-c000102 ox14-c000017 ox14-c000023,ox14-c000099 ox14-c000056 ox14-c000102 ox14-c000017 ox14-c000023,1.0000000000,true
proprietary_gpt,ow14-s0152,positive,4,valid,ox14-c000099 ox14-c000056 ox14-c000102 ox14-c000017 ox14-c000023,ox14-c000099 ox14-c000056 ox14-c000102 ox14-c000017 ox14-c000023,1.0000000000,true
proprietary_gpt,ow14-s0152,positive,5,valid,ox14-c000099 ox14-c000056 ox14-c000102 ox14-c000017 ox14-c000023,ox14-c000099 ox14-c000056 ox14-c000102 ox14-c000017 ox14-c000023,1.0000000000,true
proprietary_gpt,ow14-s0153,positive,1,valid,ox14-c000388 ox14-c000348 ox14-c000236 ox14-c000189 ox14-c000030,ox14-c000388 ox14-c000189 ox14-c000348 ox14-c000236 ox14-c000030,0.7000000000,false
proprietary_gpt,ow14-s0153,positive,2,valid,ox14-c000388 ox14-c000348 ox14-c000236 ox14-c000189 ox14-c000030,ox14-c000236 ox14-c000348 ox14-c000388 ox14-c000189 ox14-c000030,0.6000000000,false
proprietary_gpt,ow14-s0153,positive,3,valid,ox14-c000388 ox14-c000348 ox14-c000236 ox14-c000189 ox14-c000030,ox14-c000388 ox14-c000189 ox14-c000348 ox14-c000236 ox14-c000030,0.7000000000,false
proprietary_gpt,ow14-s0153,positive,4,valid,ox14-c000388 ox14-c000348 ox14-c000236 ox14-c000189 ox14-c000030,ox14-c000388 ox14-c000189 ox14-c000348 ox14-c000236 ox14-c000030,0.7000000000,false
proprietary_gpt,ow14-s0153,positive,5,valid,ox14-c000388 ox14-c000348 ox14-c000236 ox14-c000189 ox14-c000030,ox14-c000388 ox14-c000189 ox14-c000348 ox14-c000236 ox14-c000030,0.7000000000,false
proprietary_gpt,ow14-s0154,positive,1,valid,ox14-c000341 ox14-c000209 ox14-c000073 ox14-c000426 ox14-c000083,ox14-c000426 ox14-c000341 ox14-c000209 ox14-c000073 ox14-c000083,0.4000000000,false
proprietary_gpt,ow14-s0154,positive,2,valid,ox14-c000341 ox14-c000209 ox14-c000073 ox14-c000426 ox14-c000083,ox14-c000426 ox14-c000341 ox14-c000209 ox14-c000073 ox14-c000083,0.4000000000,false
proprietary_gpt,ow14-s0154,positive,3,valid,ox14-c000341 ox14-c000209 ox14-c000073 ox14-c000426 ox14-c000083,ox14-c000426 ox14-c000341 ox14-c000209 ox14-c000073 ox14-c000083,0.4000000000,false
proprietary_gpt,ow14-s0154,positive,4,valid,ox14-c000341 ox14-c000209 ox14-c000073 ox14-c000426 ox14-c000083,ox14-c000426 ox14-c000341 ox14-c000209 ox14-c000073 ox14-c000083,0.4000000000,false
proprietary_gpt,ow14-s0154,positive,5,valid,ox14-c000341 ox14-c000209 ox14-c000073 ox14-c000426 ox14-c000083,ox14-c000083 ox14-c000426 ox14-c000341 ox14-c000209 ox14-c000073,-0.6000000000,false
proprietary_gpt,ow14-s0155,positive,1,valid,ox14-c000254 ox14-c000184 ox14-c000259 ox14-c000095 ox14-c000333,ox14-c000254 ox14-c000184 ox14-c000259 ox14-c000095 ox14-c000333,1.0000000000,true
proprietary_gpt,ow14-s0155,positive,2,valid,ox14-c000254 ox14-c000184 ox14-c000259 ox14-c000095 ox14-c000333,ox14-c000254 ox14-c000184 ox14-c000259 ox14-c000095 ox14-c000333,1.0000000000,true
proprietary_gpt,ow14-s0155,positive,3,valid,ox14-c000254 ox14-c000184 ox14-c000259 ox14-c000095 ox14-c000333,ox14-c000254 ox14-c000184 ox14-c000259 ox14-c000095 ox14-c000333,1.0000000000,true
proprietary_gpt,ow14-s0155,positive,4,valid,ox14-c000254 ox14-c000184 ox14-c000259 ox14-c000095 ox14-c000333,ox14-c000254 ox14-c000184 ox14-c000259 ox14-c000095 ox14-c000333,1.0000000000,true
proprietary_gpt,ow14-s0155,positive,5,valid,ox14-c000254 ox14-c000184 ox14-c000259 ox14-c000095 ox14-c000333,ox14-c000254 ox14-c000184 ox14-c000259 ox14-c000095 ox14-c000333,1.0000000000,true
proprietary_gpt,ow14-s0156,positive,1,valid,ox14-c000047 ox14-c000229 ox14-c000355 ox14-c000278 ox14-c000031,ox14-c000229 ox14-c000355 ox14-c000278 ox14-c000047 ox14-c000031,0.4000000000,false
proprietary_gpt,ow14-s0156,positive,2,valid,ox14-c000047 ox14-c000229 ox14-c000355 ox14-c000278 ox14-c000031,ox14-c000229 ox14-c000278 ox14-c000047 ox14-c000355 ox14-c000031,0.5000000000,false
proprietary_gpt,ow14-s0156,positive,3,valid,ox14-c000047 ox14-c000229 ox14-c000355 ox14-c000278 ox14-c000031,ox14-c000047 ox14-c000278 ox14-c000355 ox14-c000229 ox14-c000031,0.6000000000,false
proprietary_gpt,ow14-s0156,positive,4,valid,ox14-c000047 ox14-c000229 ox14-c000355 ox14-c000278 ox14-c000031,ox14-c000229 ox14-c000047 ox14-c000355 ox14-c000278 ox14-c000031,0.9000000000,false
proprietary_gpt,ow14-s0156,positive,5,valid,ox14-c000047 ox14-c000229 ox14-c000355 ox14-c000278 ox14-c000031,ox14-c000229 ox14-c000355 ox14-c000047 ox14-c000278 ox14-c000031,0.7000000000,false
proprietary_gpt,ow14-s0157,positive,1,valid,ox14-c000294 ox14-c000065 ox14-c000204 ox14-c000125 ox14-c000230,ox14-c000230 ox14-c000065 ox14-c000204 ox14-c000125 ox14-c000294,-0.6000000000,false
proprietary_gpt,ow14-s0157,positive,2,valid,ox14-c000294 ox14-c000065 ox14-c000204 ox14-c000125 ox14-c000230,ox14-c000125 ox14-c000065 ox14-c000204 ox14-c000230 ox14-c000294,-0.3000000000,false
proprietary_gpt,ow14-s0157,positive,3,valid,ox14-c000294 ox14-c000065 ox14-c000204 ox14-c000125 ox14-c000230,ox14-c000125 ox14-c000065 ox14-c000204 ox14-c000230 ox14-c000294,-0.3000000000,false
proprietary_gpt,ow14-s0157,positive,4,valid,ox14-c000294 ox14-c000065 ox14-c000204 ox14-c000125 ox14-c000230,ox14-c000230 ox14-c000065 ox14-c000204 ox14-c000125 ox14-c000294,-0.6000000000,false
proprietary_gpt,ow14-s0157,positive,5,valid,ox14-c000294 ox14-c000065 ox14-c000204 ox14-c000125 ox14-c000230,ox14-c000125 ox14-c000065 ox14-c000204 ox14-c000230 ox14-c000294,-0.3000000000,false
proprietary_gpt,ow14-s0158,positive,1,valid,ox14-c000164 ox14-c000066 ox14-c000043 ox14-c000044 ox14-c000409,ox14-c000043 ox14-c000044 ox14-c000409 ox14-c000066 ox14-c000164,-0.6000000000,false
proprietary_gpt,ow14-s0158,positive,2,valid,ox14-c000164 ox14-c000066 ox14-c000043 ox14-c000044 ox14-c000409,ox14-c000043 ox14-c000044 ox14-c000409 ox14-c000066 ox14-c000164,-0.6000000000,false
proprietary_gpt,ow14-s0158,positive,3,valid,ox14-c000164 ox14-c000066 ox14-c000043 ox14-c000044 ox14-c000409,ox14-c000043 ox14-c000044 ox14-c000409 ox14-c000066 ox14-c000164,-0.6000000000,false
proprietary_gpt,ow14-s0158,positive,4,valid,ox14-c000164 ox14-c000066 ox14-c000043 ox14-c000044 ox14-c000409,ox14-c000043 ox14-c000044 ox14-c000409 ox14-c000066 ox14-c000164,-0.6000000000,false
proprietary_gpt,ow14-s0158,positive,5,valid,ox14-c000164 ox14-c000066 ox14-c000043 ox14-c000044 ox14-c000409,ox14-c000043 ox14-c000044 ox14-c000409 ox14-c000066 ox14-c000164,-0.6000000000,false
proprietary_gpt,ow14-s0159,positive,1,valid,ox14-c000208 ox14-c000112 ox14-c000261 ox14-c000416 ox14-c000432,ox14-c000416 ox14-c000432 ox14-c000112 ox14-c000261 ox14-c000208,-0.8000000000,false
proprietary_gpt,ow14-s0159,positive,2,valid,ox14-c000208 ox14-c000112 ox14-c000261 ox14-c000416 ox14-c000432,ox14-c000208 ox14-c000112 ox14-c000261 ox14-c000416 ox14-c000432,1.0000000000,true
proprietary_gpt,ow14-s0159,positive,3,valid,ox14-c000208 ox14-c000112 ox14-c000261 ox14-c000416 ox14-c000432,ox14-c000208 ox14-c000112 ox14-c000261 ox14-c000416 ox14-c000432,1.0000000000,true
proprietary_gpt,ow14-s0159,positive,4,valid,ox14-c000208 ox14-c000112 ox14-c000261 ox14-c000416 ox14-c000432,ox14-c000416 ox14-c000432 ox14-c000112 ox14-c000261 ox14-c000208,-0.8000000000,false
proprietary_gpt,ow14-s0159,positive,5,valid,ox14-c000208 ox14-c000112 ox14-c000261 ox14-c000416 ox14-c000432,ox14-c000112 ox14-c000261 ox14-c000416 ox14-c000432 ox14-c000208,0.0000000000,false
proprietary_gpt,ow14-s0160,positive,1,valid,ox14-c000414 ox14-c000310 ox14-c000224 ox14-c000362 ox14-c000196,ox14-c000414 ox14-c000196 ox14-c000224 ox14-c000362 ox14-c000310,0.1000000000,false
proprietary_gpt,ow14-s0160,positive,2,valid,ox14-c000414 ox14-c000310 ox14-c000224 ox14-c000362 ox14-c000196,ox14-c000414 ox14-c000224 ox14-c000362 ox14-c000196 ox14-c000310,0.4000000000,false
proprietary_gpt,ow14-s0160,positive,3,valid,ox14-c000414 ox14-c000310 ox14-c000224 ox14-c000362 ox14-c000196,ox14-c000414 ox14-c000196 ox14-c000224 ox14-c000362 ox14-c000310,0.1000000000,false
proprietary_gpt,ow14-s0160,positive,4,valid,ox14-c000414 ox14-c000310 ox14-c000224 ox14-c000362 ox14-c000196,ox14-c000414 ox14-c000196 ox14-c000224 ox14-c000362 ox14-c000310,0.1000000000,false
proprietary_gpt,ow14-s0160,positive,5,valid,ox14-c000414 ox14-c000310 ox14-c000224 ox14-c000362 ox14-c000196,ox14-c000414 ox14-c000196 ox14-c000224 ox14-c000362 ox14-c000310,0.1000000000,false
proprietary_gpt,ow14-s0161,positive,1,valid,ox14-c000210 ox14-c000096 ox14-c000402 ox14-c000391 ox14-c000036,ox14-c000096 ox14-c000402 ox14-c000391 ox14-c000210 ox14-c000036,0.4000000000,false
proprietary_gpt,ow14-s0161,positive,2,valid,ox14-c000210 ox14-c000096 ox14-c000402 ox14-c000391 ox14-c000036,ox14-c000096 ox14-c000402 ox14-c000391 ox14-c000210 ox14-c000036,0.4000000000,false
proprietary_gpt,ow14-s0161,positive,3,valid,ox14-c000210 ox14-c000096 ox14-c000402 ox14-c000391 ox14-c000036,ox14-c000096 ox14-c000402 ox14-c000391 ox14-c000210 ox14-c000036,0.4000000000,false
proprietary_gpt,ow14-s0161,positive,4,valid,ox14-c000210 ox14-c000096 ox14-c000402 ox14-c000391 ox14-c000036,ox14-c000096 ox14-c000402 ox14-c000391 ox14-c000210 ox14-c000036,0.4000000000,false
proprietary_gpt,ow14-s0161,positive,5,valid,ox14-c000210 ox14-c000096 ox14-c000402 ox14-c000391 ox14-c000036,ox14-c000096 ox14-c000402 ox14-c000391 ox14-c000210 ox14-c000036,0.4000000000,false
proprietary_gpt,ow14-s0162,positive,1,valid,ox14-c000320 ox14-c000225 ox14-c000413 ox14-c000067 ox14-c000252,ox14-c000320 ox14-c000252 ox14-c000413 ox14-c000067 ox14-c000225,0.1000000000,false
proprietary_gpt,ow14-s0162,positive,2,valid,ox14-c000320 ox14-c000225 ox14-c000413 ox14-c000067 ox14-c000252,ox14-c000413 ox14-c000320 ox14-c000252 ox14-c000067 ox14-c000225,0.1000000000,false
proprietary_gpt,ow14-s0162,positive,3,valid,ox14-c000320 ox14-c000225 ox14-c000413 ox14-c000067 ox14-c000252,ox14-c000320 ox14-c000252 ox14-c000413 ox14-c000067 ox14-c000225,0.1000000000,false
proprietary_gpt,ow14-s0162,positive,4,valid,ox14-c000320 ox14-c000225 ox14-c000413 ox14-c000067 ox14-c000252,ox14-c000225 ox14-c000413 ox14-c000067 ox14-c000320 ox14-c000252,0.4000000000,false
proprietary_gpt,ow14-s0162,positive,5,valid,ox14-c000320 ox14-c000225 ox14-c000413 ox14-c000067 ox14-c000252,ox14-c000320 ox14-c000252 ox14-c000413 ox14-c000067 ox14-c000225,0.1000000000,false
proprietary_gpt,ow14-s0163,positive,1,valid,ox14-c000369 ox14-c000090 ox14-c000165 ox14-c000411 ox14-c000140,ox14-c000411 ox14-c000140 ox14-c000369 ox14-c000090 ox14-c000165,-0.5000000000,false
proprietary_gpt,ow14-s0163,positive,2,valid,ox14-c000369 ox14-c000090 ox14-c000165 ox14-c000411 ox14-c000140,ox14-c000369 ox14-c000090 ox14-c000411 ox14-c000140 ox14-c000165,0.7000000000,false
proprietary_gpt,ow14-s0163,positive,3,valid,ox14-c000369 ox14-c000090 ox14-c000165 ox14-c000411 ox14-c000140,ox14-c000369 ox14-c000090 ox14-c000411 ox14-c000140 ox14-c000165,0.7000000000,false
proprietary_gpt,ow14-s0163,positive,4,valid,ox14-c000369 ox14-c000090 ox14-c000165 ox14-c000411 ox14-c000140,ox14-c000369 ox14-c000090 ox14-c000411 ox14-c000140 ox14-c000165,0.7000000000,false
proprietary_gpt,ow14-s0163,positive,5,valid,ox14-c000369 ox14-c000090 ox14-c000165 ox14-c000411 ox14-c000140,ox14-c000411 ox14-c000140 ox14-c000369 ox14-c000090 ox14-c000165,-0.5000000000,false
proprietary_gpt,ow14-s0164,positive,1,valid,ox14-c000081 ox14-c000389 ox14-c000072 ox14-c000265 ox14-c000386,ox14-c000081 ox14-c000072 ox14-c000389 ox14-c000265 ox14-c000386,0.9000000000,false
proprietary_gpt,ow14-s0164,positive,2,valid,ox14-c000081 ox14-c000389 ox14-c000072 ox14-c000265 ox14-c000386,ox14-c000081 ox14-c000072 ox14-c000389 ox14-c000265 ox14-c000386,0.9000000000,false
proprietary_gpt,ow14-s0164,positive,3,valid,ox14-c000081 ox14-c000389 ox14-c000072 ox14-c000265 ox14-c000386,ox14-c000081 ox14-c000072 ox14-c000389 ox14-c000265 ox14-c000386,0.9000000000,false
proprietary_gpt,ow14-s0164,positive,4,valid,ox14-c000081 ox14-c000389 ox14-c000072 ox14-c000265 ox14-c000386,ox14-c000081 ox14-c000072 ox14-c000389 ox14-c000265 ox14-c000386,0.9000000000,false
proprietary_gpt,ow14-s0164,positive,5,valid,ox14-c000081 ox14-c000389 ox14-c000072 ox14-c000265 ox14-c000386,ox14-c000081 ox14-c000072 ox14-c000389 ox14-c000265 ox14-c000386,0.9000000000,false
proprietary_gpt,ow14-s0165,positive,1,valid,ox14-c000168 ox14-c000211 ox14-c000246 ox14-c000323 ox14-c000046,ox14-c000246 ox14-c000323 ox14-c000046 ox14-c000211 ox14-c000168,-0.6000000000,false
proprietary_gpt,ow14-s0165,positive,2,valid,ox14-c000168 ox14-c000211 ox14-c000246 ox14-c000323 ox14-c000046,ox14-c000246 ox14-c000323 ox14-c000046 ox14-c000211 ox14-c000168,-0.6000000000,false
proprietary_gpt,ow14-s0165,positive,3,valid,ox14-c000168 ox14-c000211 ox14-c000246 ox14-c000323 ox14-c000046,ox14-c000246 ox14-c000323 ox14-c000046 ox14-c000211 ox14-c000168,-0.6000000000,false
proprietary_gpt,ow14-s0165,positive,4,valid,ox14-c000168 ox14-c000211 ox14-c000246 ox14-c000323 ox14-c000046,ox14-c000246 ox14-c000323 ox14-c000046 ox14-c000211 ox14-c000168,-0.6000000000,false
proprietary_gpt,ow14-s0165,positive,5,valid,ox14-c000168 ox14-c000211 ox14-c000246 ox14-c000323 ox14-c000046,ox14-c000246 ox14-c000323 ox14-c000046 ox14-c000211 ox14-c000168,-0.6000000000,false
proprietary_gpt,ow14-s0166,positive,1,valid,ox14-c000181 ox14-c000025 ox14-c000108 ox14-c000071 ox14-c000121,ox14-c000108 ox14-c000121 ox14-c000071 ox14-c000181 ox14-c000025,-0.6000000000,false
proprietary_gpt,ow14-s0166,positive,2,valid,ox14-c000181 ox14-c000025 ox14-c000108 ox14-c000071 ox14-c000121,ox14-c000108 ox14-c000121 ox14-c000071 ox14-c000181 ox14-c000025,-0.6000000000,false
proprietary_gpt,ow14-s0166,positive,3,valid,ox14-c000181 ox14-c000025 ox14-c000108 ox14-c000071 ox14-c000121,ox14-c000108 ox14-c000121 ox14-c000071 ox14-c000181 ox14-c000025,-0.6000000000,false
proprietary_gpt,ow14-s0166,positive,4,valid,ox14-c000181 ox14-c000025 ox14-c000108 ox14-c000071 ox14-c000121,ox14-c000108 ox14-c000121 ox14-c000071 ox14-c000181 ox14-c000025,-0.6000000000,false
proprietary_gpt,ow14-s0166,positive,5,valid,ox14-c000181 ox14-c000025 ox14-c000108 ox14-c000071 ox14-c000121,ox14-c000108 ox14-c000121 ox14-c000071 ox14-c000181 ox14-c000025,-0.6000000000,false
proprietary_gpt,ow14-s0167,positive,1,valid,ox14-c000197 ox14-c000260 ox14-c000037 ox14-c000012 ox14-c000058,ox14-c000197 ox14-c000260 ox14-c000058 ox14-c000037 ox14-c000012,0.7000000000,false
proprietary_gpt,ow14-s0167,positive,2,valid,ox14-c000197 ox14-c000260 ox14-c000037 ox14-c000012 ox14-c000058,ox14-c000197 ox14-c000260 ox14-c000058 ox14-c000037 ox14-c000012,0.7000000000,false
proprietary_gpt,ow14-s0167,positive,3,valid,ox14-c000197 ox14-c000260 ox14-c000037 ox14-c000012 ox14-c000058,ox14-c000197 ox14-c000260 ox14-c000058 ox14-c000037 ox14-c000012,0.7000000000,false
proprietary_gpt,ow14-s0167,positive,4,valid,ox14-c000197 ox14-c000260 ox14-c000037 ox14-c000012 ox14-c000058,ox14-c000197 ox14-c000260 ox14-c000058 ox14-c000037 ox14-c000012,0.7000000000,false
proprietary_gpt,ow14-s0167,positive,5,valid,ox14-c000197 ox14-c000260 ox14-c000037 ox14-c000012 ox14-c000058,ox14-c000197 ox14-c000260 ox14-c000058 ox14-c000037 ox14-c000012,0.7000000000,false
proprietary_gpt,ow14-s0168,positive,1,valid,ox14-c000270 ox14-c000374 ox14-c000354 ox14-c000215 ox14-c000245,ox14-c000374 ox14-c000270 ox14-c000245 ox14-c000354 ox14-c000215,0.6000000000,false
proprietary_gpt,ow14-s0168,positive,2,valid,ox14-c000270 ox14-c000374 ox14-c000354 ox14-c000215 ox14-c000245,ox14-c000374 ox14-c000245 ox14-c000270 ox14-c000354 ox14-c000215,0.2000000000,false
proprietary_gpt,ow14-s0168,positive,3,valid,ox14-c000270 ox14-c000374 ox14-c000354 ox14-c000215 ox14-c000245,ox14-c000374 ox14-c000270 ox14-c000354 ox14-c000215 ox14-c000245,0.9000000000,false
proprietary_gpt,ow14-s0168,positive,4,valid,ox14-c000270 ox14-c000374 ox14-c000354 ox14-c000215 ox14-c000245,ox14-c000374 ox14-c000270 ox14-c000245 ox14-c000354 ox14-c000215,0.6000000000,false
proprietary_gpt,ow14-s0168,positive,5,valid,ox14-c000270 ox14-c000374 ox14-c000354 ox14-c000215 ox14-c000245,ox14-c000374 ox14-c000354 ox14-c000215 ox14-c000245 ox14-c000270,0.0000000000,false
proprietary_gpt,ow14-s0169,positive,1,valid,ox14-c000087 ox14-c000033 ox14-c000106 ox14-c000075 ox14-c000127,ox14-c000127 ox14-c000106 ox14-c000075 ox14-c000087 ox14-c000033,-0.8000000000,false
proprietary_gpt,ow14-s0169,positive,2,valid,ox14-c000087 ox14-c000033 ox14-c000106 ox14-c000075 ox14-c000127,ox14-c000087 ox14-c000106 ox14-c000075 ox14-c000127 ox14-c000033,0.4000000000,false
proprietary_gpt,ow14-s0169,positive,3,valid,ox14-c000087 ox14-c000033 ox14-c000106 ox14-c000075 ox14-c000127,ox14-c000127 ox14-c000106 ox14-c000075 ox14-c000087 ox14-c000033,-0.8000000000,false
proprietary_gpt,ow14-s0169,positive,4,valid,ox14-c000087 ox14-c000033 ox14-c000106 ox14-c000075 ox14-c000127,ox14-c000087 ox14-c000127 ox14-c000106 ox14-c000075 ox14-c000033,0.1000000000,false
proprietary_gpt,ow14-s0169,positive,5,valid,ox14-c000087 ox14-c000033 ox14-c000106 ox14-c000075 ox14-c000127,ox14-c000087 ox14-c000127 ox14-c000033 ox14-c000106 ox14-c000075,0.4000000000,false
proprietary_gpt,ow14-s0170,positive,1,valid,ox14-c000406 ox14-c000297 ox14-c000420 ox14-c000277 ox14-c000352,ox14-c000420 ox14-c000277 ox14-c000406 ox14-c000352 ox14-c000297,-0.1000000000,false
proprietary_gpt,ow14-s0170,positive,2,valid,ox14-c000406 ox14-c000297 ox14-c000420 ox14-c000277 ox14-c000352,ox14-c000420 ox14-c000277 ox14-c000406 ox14-c000352 ox14-c000297,-0.1000000000,false
proprietary_gpt,ow14-s0170,positive,3,valid,ox14-c000406 ox14-c000297 ox14-c000420 ox14-c000277 ox14-c000352,ox14-c000420 ox14-c000277 ox14-c000406 ox14-c000352 ox14-c000297,-0.1000000000,false
proprietary_gpt,ow14-s0170,positive,4,valid,ox14-c000406 ox14-c000297 ox14-c000420 ox14-c000277 ox14-c000352,ox14-c000420 ox14-c000277 ox14-c000406 ox14-c000352 ox14-c000297,-0.1000000000,false
proprietary_gpt,ow14-s0170,positive,5,valid,ox14-c000406 ox14-c000297 ox14-c000420 ox14-c000277 ox14-c000352,ox14-c000420 ox14-c000277 ox14-c000406 ox14-c000352 ox14-c000297,-0.1000000000,false
proprietary_gpt,ow14-s0171,positive,1,valid,ox14-c000060 ox14-c000183 ox14-c000113 ox14-c000302 ox14-c000357,ox14-c000357 ox14-c000060 ox14-c000113 ox14-c000183 ox14-c000302,-0.1000000000,false
proprietary_gpt,ow14-s0171,positive,2,valid,ox14-c000060 ox14-c000183 ox14-c000113 ox14-c000302 ox14-c000357,ox14-c000357 ox14-c000060 ox14-c000113 ox14-c000183 ox14-c000302,-0.1000000000,false
proprietary_gpt,ow14-s0171,positive,3,valid,ox14-c000060 ox14-c000183 ox14-c000113 ox14-c000302 ox14-c000357,ox14-c000357 ox14-c000060 ox14-c000113 ox14-c000183 ox14-c000302,-0.1000000000,false
proprietary_gpt,ow14-s0171,positive,4,valid,ox14-c000060 ox14-c000183 ox14-c000113 ox14-c000302 ox14-c000357,ox14-c000357 ox14-c000060 ox14-c000113 ox14-c000183 ox14-c000302,-0.1000000000,false
proprietary_gpt,ow14-s0171,positive,5,valid,ox14-c000060 ox14-c000183 ox14-c000113 ox14-c000302 ox14-c000357,ox14-c000357 ox14-c000060 ox14-c000113 ox14-c000183 ox14-c000302,-0.1000000000,false
proprietary_gpt,ow14-s0172,positive,1,valid,ox14-c000013 ox14-c000398 ox14-c000381 ox14-c000103 ox14-c000293,ox14-c000398 ox14-c000381 ox14-c000103 ox14-c000013 ox14-c000293,0.4000000000,false
proprietary_gpt,ow14-s0172,positive,2,valid,ox14-c000013 ox14-c000398 ox14-c000381 ox14-c000103 ox14-c000293,ox14-c000398 ox14-c000381 ox14-c000103 ox14-c000013 ox14-c000293,0.4000000000,false
proprietary_gpt,ow14-s0172,positive,3,valid,ox14-c000013 ox14-c000398 ox14-c000381 ox14-c000103 ox14-c000293,ox14-c000398 ox14-c000381 ox14-c000103 ox14-c000013 ox14-c000293,0.4000000000,false
proprietary_gpt,ow14-s0172,positive,4,valid,ox14-c000013 ox14-c000398 ox14-c000381 ox14-c000103 ox14-c000293,ox14-c000398 ox14-c000381 ox14-c000103 ox14-c000013 ox14-c000293,0.4000000000,false
proprietary_gpt,ow14-s0172,positive,5,valid,ox14-c000013 ox14-c000398 ox14-c000381 ox14-c000103 ox14-c000293,ox14-c000398 ox14-c000381 ox14-c000103 ox14-c000013 ox14-c000293,0.4000000000,false
proprietary_gpt,ow14-s0173,positive,1,valid,ox14-c000142 ox14-c000373 ox14-c000093 ox14-c000422 ox14-c000107,ox14-c000373 ox14-c000093 ox14-c000107 ox14-c000142 ox14-c000422,0.2000000000,false
proprietary_gpt,ow14-s0173,positive,2,valid,ox14-c000142 ox14-c000373 ox14-c000093 ox14-c000422 ox14-c000107,ox14-c000373 ox14-c000093 ox14-c000107 ox14-c000142 ox14-c000422,0.2000000000,false
proprietary_gpt,ow14-s0173,positive,3,valid,ox14-c000142 ox14-c000373 ox14-c000093 ox14-c000422 ox14-c000107,ox14-c000373 ox14-c000093 ox14-c000107 ox14-c000142 ox14-c000422,0.2000000000,false
proprietary_gpt,ow14-s0173,positive,4,valid,ox14-c000142 ox14-c000373 ox14-c000093 ox14-c000422 ox14-c000107,ox14-c000373 ox14-c000093 ox14-c000107 ox14-c000142 ox14-c000422,0.2000000000,false
proprietary_gpt,ow14-s0173,positive,5,valid,ox14-c000142 ox14-c000373 ox14-c000093 ox14-c000422 ox14-c000107,ox14-c000142 ox14-c000422 ox14-c000107 ox14-c000373 ox14-c000093,0.2000000000,false
proprietary_gpt,ow14-s0174,positive,1,valid,ox14-c000337 ox14-c000053 ox14-c000350 ox14-c000427 ox14-c000128,ox14-c000427 ox14-c000128 ox14-c000053 ox14-c000337 ox14-c000350,-0.6000000000,false
proprietary_gpt,ow14-s0174,positive,2,valid,ox14-c000337 ox14-c000053 ox14-c000350 ox14-c000427 ox14-c000128,ox14-c000427 ox14-c000128 ox14-c000053 ox14-c000337 ox14-c000350,-0.6000000000,false
proprietary_gpt,ow14-s0174,positive,3,valid,ox14-c000337 ox14-c000053 ox14-c000350 ox14-c000427 ox14-c000128,ox14-c000427 ox14-c000128 ox14-c000053 ox14-c000337 ox14-c000350,-0.6000000000,false
proprietary_gpt,ow14-s0174,positive,4,valid,ox14-c000337 ox14-c000053 ox14-c000350 ox14-c000427 ox14-c000128,ox14-c000053 ox14-c000427 ox14-c000128 ox14-c000337 ox14-c000350,-0.1000000000,false
proprietary_gpt,ow14-s0174,positive,5,valid,ox14-c000337 ox14-c000053 ox14-c000350 ox14-c000427 ox14-c000128,ox14-c000427 ox14-c000128 ox14-c000053 ox14-c000337 ox14-c000350,-0.6000000000,false
proprietary_gpt,ow14-s0175,positive,1,valid,ox14-c000344 ox14-c000384 ox14-c000011 ox14-c000016 ox14-c000216,ox14-c000384 ox14-c000344 ox14-c000216 ox14-c000011 ox14-c000016,0.6000000000,false
proprietary_gpt,ow14-s0175,positive,2,valid,ox14-c000344 ox14-c000384 ox14-c000011 ox14-c000016 ox14-c000216,ox14-c000344 ox14-c000216 ox14-c000384 ox14-c000011 ox14-c000016,0.4000000000,false
proprietary_gpt,ow14-s0175,positive,3,valid,ox14-c000344 ox14-c000384 ox14-c000011 ox14-c000016 ox14-c000216,ox14-c000344 ox14-c000216 ox14-c000384 ox14-c000011 ox14-c000016,0.4000000000,false
proprietary_gpt,ow14-s0175,positive,4,valid,ox14-c000344 ox14-c000384 ox14-c000011 ox14-c000016 ox14-c000216,ox14-c000384 ox14-c000344 ox14-c000216 ox14-c000011 ox14-c000016,0.6000000000,false
proprietary_gpt,ow14-s0175,positive,5,valid,ox14-c000344 ox14-c000384 ox14-c000011 ox14-c000016 ox14-c000216,ox14-c000384 ox14-c000344 ox14-c000216 ox14-c000011 ox14-c000016,0.6000000000,false
proprietary_gpt,ow14-s0176,positive,1,valid,ox14-c000313 ox14-c000220 ox14-c000268 ox14-c000207 ox14-c000177,ox14-c000268 ox14-c000220 ox14-c000207 ox14-c000313 ox14-c000177,0.3000000000,false
proprietary_gpt,ow14-s0176,positive,2,valid,ox14-c000313 ox14-c000220 ox14-c000268 ox14-c000207 ox14-c000177,ox14-c000268 ox14-c000220 ox14-c000207 ox14-c000313 ox14-c000177,0.3000000000,false
proprietary_gpt,ow14-s0176,positive,3,valid,ox14-c000313 ox14-c000220 ox14-c000268 ox14-c000207 ox14-c000177,ox14-c000268 ox14-c000220 ox14-c000207 ox14-c000313 ox14-c000177,0.3000000000,false
proprietary_gpt,ow14-s0176,positive,4,valid,ox14-c000313 ox14-c000220 ox14-c000268 ox14-c000207 ox14-c000177,ox14-c000268 ox14-c000220 ox14-c000207 ox14-c000313 ox14-c000177,0.3000000000,false
proprietary_gpt,ow14-s0176,positive,5,valid,ox14-c000313 ox14-c000220 ox14-c000268 ox14-c000207 ox14-c000177,ox14-c000268 ox14-c000220 ox14-c000207 ox14-c000313 ox14-c000177,0.3000000000,false
proprietary_gpt,ow14-s0177,positive,1,valid,ox14-c000434 ox14-c000061 ox14-c000026 ox14-c000314 ox14-c000076,ox14-c000434 ox14-c000061 ox14-c000076 ox14-c000026 ox14-c000314,0.7000000000,false
proprietary_gpt,ow14-s0177,positive,2,valid,ox14-c000434 ox14-c000061 ox14-c000026 ox14-c000314 ox14-c000076,ox14-c000434 ox14-c000061 ox14-c000076 ox14-c000026 ox14-c000314,0.7000000000,false
proprietary_gpt,ow14-s0177,positive,3,valid,ox14-c000434 ox14-c000061 ox14-c000026 ox14-c000314 ox14-c000076,ox14-c000434 ox14-c000061 ox14-c000076 ox14-c000026 ox14-c000314,0.7000000000,false
proprietary_gpt,ow14-s0177,positive,4,valid,ox14-c000434 ox14-c000061 ox14-c000026 ox14-c000314 ox14-c000076,ox14-c000434 ox14-c000061 ox14-c000076 ox14-c000026 ox14-c000314,0.7000000000,false
proprietary_gpt,ow14-s0177,positive,5,valid,ox14-c000434 ox14-c000061 ox14-c000026 ox14-c000314 ox14-c000076,ox14-c000434 ox14-c000061 ox14-c000076 ox14-c000026 ox14-c000314,0.7000000000,false
proprietary_gpt,ow14-s0178,positive,1,valid,ox14-c000034 ox14-c000273 ox14-c000219 ox14-c000361 ox14-c000109,ox14-c000273 ox14-c000109 ox14-c000219 ox14-c000361 ox14-c000034,-0.3000000000,false
proprietary_gpt,ow14-s0178,positive,2,valid,ox14-c000034 ox14-c000273 ox14-c000219 ox14-c000361 ox14-c000109,ox14-c000273 ox14-c000109 ox14-c000219 ox14-c000361 ox14-c000034,-0.3000000000,false
proprietary_gpt,ow14-s0178,positive,3,valid,ox14-c000034 ox14-c000273 ox14-c000219 ox14-c000361 ox14-c000109,ox14-c000273 ox14-c000109 ox14-c000219 ox14-c000361 ox14-c000034,-0.3000000000,false
proprietary_gpt,ow14-s0178,positive,4,valid,ox14-c000034 ox14-c000273 ox14-c000219 ox14-c000361 ox14-c000109,ox14-c000273 ox14-c000109 ox14-c000219 ox14-c000361 ox14-c000034,-0.3000000000,false
proprietary_gpt,ow14-s0178,positive,5,valid,ox14-c000034 ox14-c000273 ox14-c000219 ox14-c000361 ox14-c000109,ox14-c000273 ox14-c000109 ox14-c000219 ox14-c000361 ox14-c000034,-0.3000000000,false
proprietary_gpt,ow14-s0179,positive,1,valid,ox14-c000303 ox14-c000405 ox14-c000172 ox14-c000363 ox14-c000101,ox14-c000363 ox14-c000405 ox14-c000101 ox14-c000303 ox14-c000172,-0.3000000000,false
proprietary_gpt,ow14-s0179,positive,2,valid,ox14-c000303 ox14-c000405 ox14-c000172 ox14-c000363 ox14-c000101,ox14-c000405 ox14-c000101 ox14-c000363 ox14-c000303 ox14-c000172,-0.2000000000,false
proprietary_gpt,ow14-s0179,positive,3,valid,ox14-c000303 ox14-c000405 ox14-c000172 ox14-c000363 ox14-c000101,ox14-c000363 ox14-c000405 ox14-c000101 ox14-c000303 ox14-c000172,-0.3000000000,false
proprietary_gpt,ow14-s0179,positive,4,valid,ox14-c000303 ox14-c000405 ox14-c000172 ox14-c000363 ox14-c000101,ox14-c000363 ox14-c000405 ox14-c000101 ox14-c000303 ox14-c000172,-0.3000000000,false
proprietary_gpt,ow14-s0179,positive,5,valid,ox14-c000303 ox14-c000405 ox14-c000172 ox14-c000363 ox14-c000101,ox14-c000363 ox14-c000405 ox14-c000101 ox14-c000303 ox14-c000172,-0.3000000000,false
proprietary_gpt,ow14-s0180,positive,1,valid,ox14-c000064 ox14-c000100 ox14-c000407 ox14-c000111 ox14-c000226,ox14-c000226 ox14-c000100 ox14-c000407 ox14-c000111 ox14-c000064,-0.6000000000,false
proprietary_gpt,ow14-s0180,positive,2,valid,ox14-c000064 ox14-c000100 ox14-c000407 ox14-c000111 ox14-c000226,ox14-c000226 ox14-c000100 ox14-c000407 ox14-c000111 ox14-c000064,-0.6000000000,false
proprietary_gpt,ow14-s0180,positive,3,valid,ox14-c000064 ox14-c000100 ox14-c000407 ox14-c000111 ox14-c000226,ox14-c000100 ox14-c000111 ox14-c000407 ox14-c000064 ox14-c000226,0.3000000000,false
proprietary_gpt,ow14-s0180,positive,4,valid,ox14-c000064 ox14-c000100 ox14-c000407 ox14-c000111 ox14-c000226,ox14-c000100 ox14-c000407 ox14-c000111 ox14-c000064 ox14-c000226,0.4000000000,false
proprietary_gpt,ow14-s0180,positive,5,valid,ox14-c000064 ox14-c000100 ox14-c000407 ox14-c000111 ox14-c000226,ox14-c000100 ox14-c000407 ox14-c000111 ox14-c000064 ox14-c000226,0.4000000000,false
proprietary_gpt,ow14-s0181,positive,1,valid,ox14-c000141 ox14-c000387 ox14-c000048 ox14-c000298 ox14-c000212,ox14-c000141 ox14-c000387 ox14-c000048 ox14-c000212 ox14-c000298,0.9000000000,false
proprietary_gpt,ow14-s0181,positive,2,valid,ox14-c000141 ox14-c000387 ox14-c000048 ox14-c000298 ox14-c000212,ox14-c000141 ox14-c000387 ox14-c000048 ox14-c000212 ox14-c000298,0.9000000000,false
proprietary_gpt,ow14-s0181,positive,3,valid,ox14-c000141 ox14-c000387 ox14-c000048 ox14-c000298 ox14-c000212,ox14-c000141 ox14-c000387 ox14-c000048 ox14-c000212 ox14-c000298,0.9000000000,false
proprietary_gpt,ow14-s0181,positive,4,valid,ox14-c000141 ox14-c000387 ox14-c000048 ox14-c000298 ox14-c000212,ox14-c000141 ox14-c000387 ox14-c000048 ox14-c000212 ox14-c000298,0.9000000000,false
proprietary_gpt,ow14-s0181,positive,5,valid,ox14-c000141 ox14-c000387 ox14-c000048 ox14-c000298 ox14-c000212,ox14-c000141 ox14-c000387 ox14-c000048 ox14-c000212 ox14-c000298,0.9000000000,false
proprietary_gpt,ow14-s0182,positive,1,valid,ox14-c000251 ox14-c000178 ox14-c000399 ox14-c000082 ox14-c000423,ox14-c000251 ox14-c000399 ox14-c000423 ox14-c000082 ox14-c000178,0.3000000000,false
proprietary_gpt,ow14-s0182,positive,2,valid,ox14-c000251 ox14-c000178 ox14-c000399 ox14-c000082 ox14-c000423,ox14-c000251 ox14-c000399 ox14-c000423 ox14-c000082 ox14-c000178,0.3000000000,false
proprietary_gpt,ow14-s0182,positive,3,valid,ox14-c000251 ox14-c000178 ox14-c000399 ox14-c000082 ox14-c000423,ox14-c000251 ox14-c000399 ox14-c000423 ox14-c000082 ox14-c000178,0.3000000000,false
proprietary_gpt,ow14-s0182,positive,4,valid,ox14-c000251 ox14-c000178 ox14-c000399 ox14-c000082 ox14-c000423,ox14-c000251 ox14-c000399 ox14-c000423 ox14-c000082 ox14-c000178,0.3000000000,false
proprietary_gpt,ow14-s0182,positive,5,valid,ox14-c000251 ox14-c000178 ox14-c000399 ox14-c000082 ox14-c000423,ox14-c000251 ox14-c000399 ox14-c000423 ox14-c000082 ox14-c000178,0.3000000000,false
proprietary_gpt,ow14-s0183,positive,1,valid,ox14-c000077 ox14-c000296 ox14-c000410 ox14-c000085 ox14-c000115,ox14-c000410 ox14-c000115 ox14-c000077 ox14-c000085 ox14-c000296,-0.3000000000,false
proprietary_gpt,ow14-s0183,positive,2,valid,ox14-c000077 ox14-c000296 ox14-c000410 ox14-c000085 ox14-c000115,ox14-c000410 ox14-c000115 ox14-c000077 ox14-c000085 ox14-c000296,-0.3000000000,false
proprietary_gpt,ow14-s0183,positive,3,valid,ox14-c000077 ox14-c000296 ox14-c000410 ox14-c000085 ox14-c000115,ox14-c000077 ox14-c000410 ox14-c000115 ox14-c000085 ox14-c000296,0.3000000000,false
proprietary_gpt,ow14-s0183,positive,4,valid,ox14-c000077 ox14-c000296 ox14-c000410 ox14-c000085 ox14-c000115,ox14-c000085 ox14-c000077 ox14-c000410 ox14-c000115 ox14-c000296,0.0000000000,false
proprietary_gpt,ow14-s0183,positive,5,valid,ox14-c000077 ox14-c000296 ox14-c000410 ox14-c000085 ox14-c000115,ox14-c000077 ox14-c000410 ox14-c000115 ox14-c000085 ox14-c000296,0.3000000000,false
proprietary_gpt,ow14-s0184,positive,1,valid,ox14-c000353 ox14-c000118 ox14-c000395 ox14-c000223 ox14-c000005,ox14-c000223 ox14-c000353 ox14-c000118 ox14-c000395 ox14-c000005,0.4000000000,false
proprietary_gpt,ow14-s0184,positive,2,valid,ox14-c000353 ox14-c000118 ox14-c000395 ox14-c000223 ox14-c000005,ox14-c000118 ox14-c000395 ox14-c000005 ox14-c000353 ox14-c000223,0.2000000000,false
proprietary_gpt,ow14-s0184,positive,3,valid,ox14-c000353 ox14-c000118 ox14-c000395 ox14-c000223 ox14-c000005,ox14-c000118 ox14-c000395 ox14-c000005 ox14-c000353 ox14-c000223,0.2000000000,false
proprietary_gpt,ow14-s0184,positive,4,valid,ox14-c000353 ox14-c000118 ox14-c000395 ox14-c000223 ox14-c000005,ox14-c000005 ox14-c000118 ox14-c000395 ox14-c000353 ox14-c000223,-0.3000000000,false
proprietary_gpt,ow14-s0184,positive,5,valid,ox14-c000353 ox14-c000118 ox14-c000395 ox14-c000223 ox14-c000005,ox14-c000118 ox14-c000395 ox14-c000005 ox14-c000353 ox14-c000223,0.2000000000,false
proprietary_gpt,ow14-s0185,positive,1,valid,ox14-c000307 ox14-c000188 ox14-c000015 ox14-c000315 ox14-c000311,ox14-c000188 ox14-c000307 ox14-c000015 ox14-c000315 ox14-c000311,0.9000000000,false
proprietary_gpt,ow14-s0185,positive,2,valid,ox14-c000307 ox14-c000188 ox14-c000015 ox14-c000315 ox14-c000311,ox14-c000188 ox14-c000307 ox14-c000015 ox14-c000315 ox14-c000311,0.9000000000,false
proprietary_gpt,ow14-s0185,positive,3,valid,ox14-c000307 ox14-c000188 ox14-c000015 ox14-c000315 ox14-c000311,ox14-c000188 ox14-c000307 ox14-c000015 ox14-c000315 ox14-c000311,0.9000000000,false
proprietary_gpt,ow14-s0185,positive,4,valid,ox14-c000307 ox14-c000188 ox14-c000015 ox14-c000315 ox14-c000311,ox14-c000188 ox14-c000307 ox14-c000015 ox14-c000315 ox14-c000311,0.9000000000,false
proprietary_gpt,ow14-s0185,positive,5,valid,ox14-c000307 ox14-c000188 ox14-c000015 ox14-c000315 ox14-c000311,ox14-c000188 ox14-c000015 ox14-c000307 ox14-c000311 ox14-c000315,0.6000000000,false
proprietary_gpt,ow14-s0186,positive,1,valid,ox14-c000167 ox14-c000351 ox14-c000161 ox14-c000404 ox14-c000182,ox14-c000351 ox14-c000404 ox14-c000167 ox14-c000161 ox14-c000182,0.5000000000,false
proprietary_gpt,ow14-s0186,positive,2,valid,ox14-c000167 ox14-c000351 ox14-c000161 ox14-c000404 ox14-c000182,ox14-c000404 ox14-c000351 ox14-c000167 ox14-c000161 ox14-c000182,0.3000000000,false
proprietary_gpt,ow14-s0186,positive,3,valid,ox14-c000167 ox14-c000351 ox14-c000161 ox14-c000404 ox14-c000182,ox14-c000404 ox14-c000351 ox14-c000167 ox14-c000161 ox14-c000182,0.3000000000,false
proprietary_gpt,ow14-s0186,positive,4,valid,ox14-c000167 ox14-c000351 ox14-c000161 ox14-c000404 ox14-c000182,ox14-c000404 ox14-c000351 ox14-c000167 ox14-c000161 ox14-c000182,0.3000000000,false
proprietary_gpt,ow14-s0186,positive,5,valid,ox14-c000167 ox14-c000351 ox14-c000161 ox14-c000404 ox14-c000182,ox14-c000404 ox14-c000351 ox14-c000167 ox14-c000161 ox14-c000182,0.3000000000,false
proprietary_gpt,ow14-s0187,positive,1,valid,ox14-c000117 ox14-c000029 ox14-c000272 ox14-c000038 ox14-c000429,ox14-c000272 ox14-c000429 ox14-c000117 ox14-c000029 ox14-c000038,-0.1000000000,false
proprietary_gpt,ow14-s0187,positive,2,valid,ox14-c000117 ox14-c000029 ox14-c000272 ox14-c000038 ox14-c000429,ox14-c000117 ox14-c000272 ox14-c000429 ox14-c000029 ox14-c000038,0.5000000000,false
proprietary_gpt,ow14-s0187,positive,3,valid,ox14-c000117 ox14-c000029 ox14-c000272 ox14-c000038 ox14-c000429,ox14-c000272 ox14-c000429 ox14-c000117 ox14-c000029 ox14-c000038,-0.1000000000,false
proprietary_gpt,ow14-s0187,positive,4,valid,ox14-c000117 ox14-c000029 ox14-c000272 ox14-c000038 ox14-c000429,ox14-c000117 ox14-c000272 ox14-c000429 ox14-c000029 ox14-c000038,0.5000000000,false
proprietary_gpt,ow14-s0187,positive,5,valid,ox14-c000117 ox14-c000029 ox14-c000272 ox14-c000038 ox14-c000429,ox14-c000117 ox14-c000272 ox14-c000429 ox14-c000029 ox14-c000038,0.5000000000,false
proprietary_gpt,ow14-s0188,positive,1,valid,ox14-c000185 ox14-c000059 ox14-c000136 ox14-c000346 ox14-c000377,ox14-c000136 ox14-c000185 ox14-c000059 ox14-c000377 ox14-c000346,0.6000000000,false
proprietary_gpt,ow14-s0188,positive,2,valid,ox14-c000185 ox14-c000059 ox14-c000136 ox14-c000346 ox14-c000377,ox14-c000185 ox14-c000059 ox14-c000377 ox14-c000136 ox14-c000346,0.7000000000,false
proprietary_gpt,ow14-s0188,positive,3,valid,ox14-c000185 ox14-c000059 ox14-c000136 ox14-c000346 ox14-c000377,ox14-c000136 ox14-c000185 ox14-c000059 ox14-c000346 ox14-c000377,0.7000000000,false
proprietary_gpt,ow14-s0188,positive,4,valid,ox14-c000185 ox14-c000059 ox14-c000136 ox14-c000346 ox14-c000377,ox14-c000136 ox14-c000185 ox14-c000059 ox14-c000377 ox14-c000346,0.6000000000,false
proprietary_gpt,ow14-s0188,positive,5,valid,ox14-c000185 ox14-c000059 ox14-c000136 ox14-c000346 ox14-c000377,ox14-c000136 ox14-c000185 ox14-c000059 ox14-c000377 ox14-c000346,0.6000000000,false
proprietary_gpt,ow14-s0189,positive,1,valid,ox14-c000198 ox14-c000070 ox14-c000191 ox14-c000396 ox14-c000247,ox14-c000198 ox14-c000191 ox14-c000396 ox14-c000247 ox14-c000070,0.4000000000,false
proprietary_gpt,ow14-s0189,positive,2,valid,ox14-c000198 ox14-c000070 ox14-c000191 ox14-c000396 ox14-c000247,ox14-c000198 ox14-c000191 ox14-c000396 ox14-c000247 ox14-c000070,0.4000000000,false
proprietary_gpt,ow14-s0189,positive,3,valid,ox14-c000198 ox14-c000070 ox14-c000191 ox14-c000396 ox14-c000247,ox14-c000198 ox14-c000191 ox14-c000396 ox14-c000247 ox14-c000070,0.4000000000,false
proprietary_gpt,ow14-s0189,positive,4,valid,ox14-c000198 ox14-c000070 ox14-c000191 ox14-c000396 ox14-c000247,ox14-c000070 ox14-c000198 ox14-c000191 ox14-c000396 ox14-c000247,0.9000000000,false
proprietary_gpt,ow14-s0189,positive,5,valid,ox14-c000198 ox14-c000070 ox14-c000191 ox14-c000396 ox14-c000247,ox14-c000070 ox14-c000198 ox14-c000191 ox14-c000396 ox14-c000247,0.9000000000,false
proprietary_gpt,ow14-s0190,positive,1,valid,ox14-c000099 ox14-c000014 ox14-c000056 ox14-c000023 ox14-c000102,ox14-c000099 ox14-c000056 ox14-c000102 ox14-c000014 ox14-c000023,0.5000000000,false
proprietary_gpt,ow14-s0190,positive,2,valid,ox14-c000099 ox14-c000014 ox14-c000056 ox14-c000023 ox14-c000102,ox14-c000099 ox14-c000056 ox14-c000102 ox14-c000014 ox14-c000023,0.5000000000,false
proprietary_gpt,ow14-s0190,positive,3,valid,ox14-c000099 ox14-c000014 ox14-c000056 ox14-c000023 ox14-c000102,ox14-c000099 ox14-c000056 ox14-c000102 ox14-c000014 ox14-c000023,0.5000000000,false
proprietary_gpt,ow14-s0190,positive,4,valid,ox14-c000099 ox14-c000014 ox14-c000056 ox14-c000023 ox14-c000102,ox14-c000099 ox14-c000056 ox14-c000102 ox14-c000014 ox14-c000023,0.5000000000,false
proprietary_gpt,ow14-s0190,positive,5,valid,ox14-c000099 ox14-c000014 ox14-c000056 ox14-c000023 ox14-c000102,ox14-c000099 ox14-c000056 ox14-c000102 ox14-c000014 ox14-c000023,0.5000000000,false
proprietary_gpt,ow14-s0191,positive,1,valid,ox14-c000189 ox14-c000348 ox14-c000236 ox14-c000024 ox14-c000030,ox14-c000189 ox14-c000348 ox14-c000236 ox14-c000024 ox14-c000030,1.0000000000,true
proprietary_gpt,ow14-s0191,positive,2,valid,ox14-c000189 ox14-c000348 ox14-c000236 ox14-c000024 ox14-c000030,ox14-c000189 ox14-c000348 ox14-c000236 ox14-c000024 ox14-c000030,1.0000000000,true
proprietary_gpt,ow14-s0191,positive,3,valid,ox14-c000189 ox14-c000348 ox14-c000236 ox14-c000024 ox14-c000030,ox14-c000236 ox14-c000189 ox14-c000348 ox14-c000024 ox14-c000030,0.7000000000,false
proprietary_gpt,ow14-s0191,positive,4,valid,ox14-c000189 ox14-c000348 ox14-c000236 ox14-c000024 ox14-c000030,ox14-c000189 ox14-c000348 ox14-c000236 ox14-c000024 ox14-c000030,1.0000000000,true
proprietary_gpt,ow14-s0191,positive,5,valid,ox14-c000189 ox14-c000348 ox14-c000236 ox14-c000024 ox14-c000030,ox14-c000189 ox14-c000348 ox14-c000236 ox14-c000024 ox14-c000030,1.0000000000,true
proprietary_gpt,ow14-s0192,positive,1,valid,ox14-c000083 ox14-c000426 ox14-c000341 ox14-c000088 ox14-c000209,ox14-c000426 ox14-c000341 ox14-c000209 ox14-c000083 ox14-c000088,0.2000000000,false
proprietary_gpt,ow14-s0192,positive,2,valid,ox14-c000083 ox14-c000426 ox14-c000341 ox14-c000088 ox14-c000209,ox14-c000426 ox14-c000341 ox14-c000209 ox14-c000083 ox14-c000088,0.2000000000,false
proprietary_gpt,ow14-s0192,positive,3,valid,ox14-c000083 ox14-c000426 ox14-c000341 ox14-c000088 ox14-c000209,ox14-c000083 ox14-c000088 ox14-c000426 ox14-c000341 ox14-c000209,0.7000000000,false
proprietary_gpt,ow14-s0192,positive,4,valid,ox14-c000083 ox14-c000426 ox14-c000341 ox14-c000088 ox14-c000209,ox14-c000083 ox14-c000088 ox14-c000426 ox14-c000341 ox14-c000209,0.7000000000,false
proprietary_gpt,ow14-s0192,positive,5,valid,ox14-c000083 ox14-c000426 ox14-c000341 ox14-c000088 ox14-c000209,ox14-c000083 ox14-c000088 ox14-c000426 ox14-c000341 ox14-c000209,0.7000000000,false
proprietary_gpt,ow14-s0193,positive,1,valid,ox14-c000184 ox14-c000371 ox14-c000333 ox14-c000259 ox14-c000254,ox14-c000371 ox14-c000184 ox14-c000333 ox14-c000259 ox14-c000254,0.9000000000,false
proprietary_gpt,ow14-s0193,positive,2,valid,ox14-c000184 ox14-c000371 ox14-c000333 ox14-c000259 ox14-c000254,ox14-c000184 ox14-c000333 ox14-c000259 ox14-c000254 ox14-c000371,0.4000000000,false
proprietary_gpt,ow14-s0193,positive,3,valid,ox14-c000184 ox14-c000371 ox14-c000333 ox14-c000259 ox14-c000254,ox14-c000371 ox14-c000184 ox14-c000333 ox14-c000259 ox14-c000254,0.9000000000,false
proprietary_gpt,ow14-s0193,positive,4,valid,ox14-c000184 ox14-c000371 ox14-c000333 ox14-c000259 ox14-c000254,ox14-c000371 ox14-c000184 ox14-c000333 ox14-c000259 ox14-c000254,0.9000000000,false
proprietary_gpt,ow14-s0193,positive,5,valid,ox14-c000184 ox14-c000371 ox14-c000333 ox14-c000259 ox14-c000254,ox14-c000371 ox14-c000184 ox14-c000333 ox14-c000259 ox14-c000254,0.9000000000,false
proprietary_gpt,ow14-s0194,positive,1,valid,ox14-c000278 ox14-c000229 ox14-c000355 ox14-c000195 ox14-c000031,ox14-c000278 ox14-c000355 ox14-c000195 ox14-c000229 ox14-c000031,0.7000000000,false
proprietary_gpt,ow14-s0194,positive,2,valid,ox14-c000278 ox14-c000229 ox14-c000355 ox14-c000195 ox14-c000031,ox14-c000229 ox14-c000355 ox14-c000278 ox14-c000195 ox14-c000031,0.7000000000,false
proprietary_gpt,ow14-s0194,positive,3,valid,ox14-c000278 ox14-c000229 ox14-c000355 ox14-c000195 ox14-c000031,ox14-c000278 ox14-c000195 ox14-c000355 ox14-c000229 ox14-c000031,0.6000000000,false
proprietary_gpt,ow14-s0194,positive,4,valid,ox14-c000278 ox14-c000229 ox14-c000355 ox14-c000195 ox14-c000031,ox14-c000278 ox14-c000195 ox14-c000355 ox14-c000229 ox14-c000031,0.6000000000,false
proprietary_gpt,ow14-s0194,positive,5,valid,ox14-c000278 ox14-c000229 ox14-c000355 ox14-c000195 ox14-c000031,ox14-c000278 ox14-c000195 ox14-c000355 ox14-c000229 ox14-c000031,0.6000000000,false
proprietary_gpt,ow14-s0195,positive,1,valid,ox14-c000294 ox14-c000065 ox14-c000125 ox14-c000204 ox14-c000274,ox14-c000274 ox14-c000125 ox14-c000065 ox14-c000204 ox14-c000294,-0.7000000000,false
proprietary_gpt,ow14-s0195,positive,2,valid,ox14-c000294 ox14-c000065 ox14-c000125 ox14-c000204 ox14-c000274,ox14-c000274 ox14-c000125 ox14-c000065 ox14-c000204 ox14-c000294,-0.7000000000,false
proprietary_gpt,ow14-s0195,positive,3,valid,ox14-c000294 ox14-c000065 ox14-c000125 ox14-c000204 ox14-c000274,ox14-c000274 ox14-c000125 ox14-c000065 ox14-c000204 ox14-c000294,-0.7000000000,false
proprietary_gpt,ow14-s0195,positive,4,valid,ox14-c000294 ox14-c000065 ox14-c000125 ox14-c000204 ox14-c000274,ox14-c000125 ox14-c000274 ox14-c000065 ox14-c000204 ox14-c000294,-0.5000000000,false
proprietary_gpt,ow14-s0195,positive,5,valid,ox14-c000294 ox14-c000065 ox14-c000125 ox14-c000204 ox14-c000274,ox14-c000125 ox14-c000274 ox14-c000065 ox14-c000204 ox14-c000294,-0.5000000000,false
proprietary_gpt,ow14-s0196,positive,1,valid,ox14-c000044 ox14-c000066 ox14-c000164 ox14-c000409 ox14-c000316,ox14-c000044 ox14-c000409 ox14-c000066 ox14-c000164 ox14-c000316,0.7000000000,false
proprietary_gpt,ow14-s0196,positive,2,valid,ox14-c000044 ox14-c000066 ox14-c000164 ox14-c000409 ox14-c000316,ox14-c000044 ox14-c000409 ox14-c000066 ox14-c000164 ox14-c000316,0.7000000000,false
proprietary_gpt,ow14-s0196,positive,3,valid,ox14-c000044 ox14-c000066 ox14-c000164 ox14-c000409 ox14-c000316,ox14-c000044 ox14-c000409 ox14-c000066 ox14-c000164 ox14-c000316,0.7000000000,false
proprietary_gpt,ow14-s0196,positive,4,valid,ox14-c000044 ox14-c000066 ox14-c000164 ox14-c000409 ox14-c000316,ox14-c000044 ox14-c000409 ox14-c000066 ox14-c000164 ox14-c000316,0.7000000000,false
proprietary_gpt,ow14-s0196,positive,5,valid,ox14-c000044 ox14-c000066 ox14-c000164 ox14-c000409 ox14-c000316,ox14-c000044 ox14-c000409 ox14-c000066 ox14-c000164 ox14-c000316,0.7000000000,false
proprietary_gpt,ow14-s0197,positive,1,valid,ox14-c000432 ox14-c000317 ox14-c000261 ox14-c000208 ox14-c000112,ox14-c000432 ox14-c000261 ox14-c000112 ox14-c000208 ox14-c000317,0.3000000000,false
proprietary_gpt,ow14-s0197,positive,2,valid,ox14-c000432 ox14-c000317 ox14-c000261 ox14-c000208 ox14-c000112,ox14-c000432 ox14-c000261 ox14-c000112 ox14-c000208 ox14-c000317,0.3000000000,false
proprietary_gpt,ow14-s0197,positive,3,valid,ox14-c000432 ox14-c000317 ox14-c000261 ox14-c000208 ox14-c000112,ox14-c000432 ox14-c000261 ox14-c000112 ox14-c000208 ox14-c000317,0.3000000000,false
proprietary_gpt,ow14-s0197,positive,4,valid,ox14-c000432 ox14-c000317 ox14-c000261 ox14-c000208 ox14-c000112,ox14-c000432 ox14-c000261 ox14-c000112 ox14-c000208 ox14-c000317,0.3000000000,false
proprietary_gpt,ow14-s0197,positive,5,valid,ox14-c000432 ox14-c000317 ox14-c000261 ox14-c000208 ox14-c000112,ox14-c000432 ox14-c000261 ox14-c000112 ox14-c000208 ox14-c000317,0.3000000000,false
proprietary_gpt,ow14-s0198,positive,1,valid,ox14-c000362 ox14-c000126 ox14-c000310 ox14-c000224 ox14-c000414,ox14-c000362 ox14-c000224 ox14-c000414 ox14-c000126 ox14-c000310,0.2000000000,false
proprietary_gpt,ow14-s0198,positive,2,valid,ox14-c000362 ox14-c000126 ox14-c000310 ox14-c000224 ox14-c000414,ox14-c000362 ox14-c000224 ox14-c000414 ox14-c000126 ox14-c000310,0.2000000000,false
proprietary_gpt,ow14-s0198,positive,3,valid,ox14-c000362 ox14-c000126 ox14-c000310 ox14-c000224 ox14-c000414,ox14-c000362 ox14-c000224 ox14-c000414 ox14-c000126 ox14-c000310,0.2000000000,false
proprietary_gpt,ow14-s0198,positive,4,valid,ox14-c000362 ox14-c000126 ox14-c000310 ox14-c000224 ox14-c000414,ox14-c000362 ox14-c000224 ox14-c000414 ox14-c000126 ox14-c000310,0.2000000000,false
proprietary_gpt,ow14-s0198,positive,5,valid,ox14-c000362 ox14-c000126 ox14-c000310 ox14-c000224 ox14-c000414,ox14-c000362 ox14-c000224 ox14-c000126 ox14-c000414 ox14-c000310,0.5000000000,false
proprietary_gpt,ow14-s0199,positive,1,valid,ox14-c000391 ox14-c000402 ox14-c000210 ox14-c000036 ox14-c000253,ox14-c000391 ox14-c000402 ox14-c000253 ox14-c000210 ox14-c000036,0.7000000000,false
proprietary_gpt,ow14-s0199,positive,2,valid,ox14-c000391 ox14-c000402 ox14-c000210 ox14-c000036 ox14-c000253,ox14-c000391 ox14-c000402 ox14-c000253 ox14-c000210 ox14-c000036,0.7000000000,false
proprietary_gpt,ow14-s0199,positive,3,valid,ox14-c000391 ox14-c000402 ox14-c000210 ox14-c000036 ox14-c000253,ox14-c000391 ox14-c000402 ox14-c000253 ox14-c000210 ox14-c000036,0.7000000000,false
proprietary_gpt,ow14-s0199,positive,4,valid,ox14-c000391 ox14-c000402 ox14-c000210 ox14-c000036 ox14-c000253,ox14-c000391 ox14-c000402 ox14-c000253 ox14-c000210 ox14-c000036,0.7000000000,false
proprietary_gpt,ow14-s0199,positive,5,valid,ox14-c000391 ox14-c000402 ox14-c000210 ox14-c000036 ox14-c000253,ox14-c000391 ox14-c000402 ox14-c000253 ox14-c000210 ox14-c000036,0.7000000000,false
proprietary_gpt,ow14-s0200,positive,1,valid,ox14-c000067 ox14-c000062 ox14-c000225 ox14-c000320 ox14-c000252,ox14-c000062 ox14-c000320 ox14-c000252 ox14-c000225 ox14-c000067,-0.3000000000,false
proprietary_gpt,ow14-s0200,positive,2,valid,ox14-c000067 ox14-c000062 ox14-c000225 ox14-c000320 ox14-c000252,ox14-c000062 ox14-c000320 ox14-c000252 ox14-c000067 ox14-c000225,-0.1000000000,false
proprietary_gpt,ow14-s0200,positive,3,valid,ox14-c000067 ox14-c000062 ox14-c000225 ox14-c000320 ox14-c000252,ox14-c000062 ox14-c000320 ox14-c000252 ox14-c000067 ox14-c000225,-0.1000000000,false
proprietary_gpt,ow14-s0200,positive,4,valid,ox14-c000067 ox14-c000062 ox14-c000225 ox14-c000320 ox14-c000252,ox14-c000225 ox14-c000067 ox14-c000062 ox14-c000320 ox14-c000252,0.7000000000,false
proprietary_gpt,ow14-s0200,positive,5,valid,ox14-c000067 ox14-c000062 ox14-c000225 ox14-c000320 ox14-c000252,ox14-c000225 ox14-c000067 ox14-c000062 ox14-c000320 ox14-c000252,0.7000000000,false
proprietary_gpt,ow14-s0201,positive,1,valid,ox14-c000090 ox14-c000235 ox14-c000140 ox14-c000165 ox14-c000369,ox14-c000090 ox14-c000235 ox14-c000369 ox14-c000140 ox14-c000165,0.7000000000,false
proprietary_gpt,ow14-s0201,positive,2,valid,ox14-c000090 ox14-c000235 ox14-c000140 ox14-c000165 ox14-c000369,ox14-c000090 ox14-c000235 ox14-c000369 ox14-c000140 ox14-c000165,0.7000000000,false
proprietary_gpt,ow14-s0201,positive,3,valid,ox14-c000090 ox14-c000235 ox14-c000140 ox14-c000165 ox14-c000369,ox14-c000090 ox14-c000235 ox14-c000369 ox14-c000140 ox14-c000165,0.7000000000,false
proprietary_gpt,ow14-s0201,positive,4,valid,ox14-c000090 ox14-c000235 ox14-c000140 ox14-c000165 ox14-c000369,ox14-c000090 ox14-c000235 ox14-c000369 ox14-c000140 ox14-c000165,0.7000000000,false
proprietary_gpt,ow14-s0201,positive,5,valid,ox14-c000090 ox14-c000235 ox14-c000140 ox14-c000165 ox14-c000369,ox14-c000090 ox14-c000235 ox14-c000369 ox14-c000140 ox14-c000165,0.7000000000,false
proprietary_gpt,ow14-s0202,positive,1,valid,ox14-c000389 ox14-c000265 ox14-c000258 ox14-c000081 ox14-c000072,ox14-c000081 ox14-c000389 ox14-c000265 ox14-c000258 ox14-c000072,0.4000000000,false
proprietary_gpt,ow14-s0202,positive,2,valid,ox14-c000389 ox14-c000265 ox14-c000258 ox14-c000081 ox14-c000072,ox14-c000389 ox14-c000265 ox14-c000258 ox14-c000072 ox14-c000081,0.9000000000,false
proprietary_gpt,ow14-s0202,positive,3,valid,ox14-c000389 ox14-c000265 ox14-c000258 ox14-c000081 ox14-c000072,ox14-c000389 ox14-c000265 ox14-c000258 ox14-c000072 ox14-c000081,0.9000000000,false
proprietary_gpt,ow14-s0202,positive,4,valid,ox14-c000389 ox14-c000265 ox14-c000258 ox14-c000081 ox14-c000072,ox14-c000389 ox14-c000265 ox14-c000258 ox14-c000072 ox14-c000081,0.9000000000,false
proprietary_gpt,ow14-s0202,positive,5,valid,ox14-c000389 ox14-c000265 ox14-c000258 ox14-c000081 ox14-c000072,ox14-c000389 ox14-c000265 ox14-c000258 ox14-c000072 ox14-c000081,0.9000000000,false
proprietary_gpt,ow14-s0203,positive,1,valid,ox14-c000211 ox14-c000046 ox14-c000130 ox14-c000246 ox14-c000323,ox14-c000130 ox14-c000046 ox14-c000246 ox14-c000323 ox14-c000211,-0.1000000000,false
proprietary_gpt,ow14-s0203,positive,2,valid,ox14-c000211 ox14-c000046 ox14-c000130 ox14-c000246 ox14-c000323,ox14-c000046 ox14-c000246 ox14-c000323 ox14-c000130 ox14-c000211,-0.3000000000,false
proprietary_gpt,ow14-s0203,positive,3,valid,ox14-c000211 ox14-c000046 ox14-c000130 ox14-c000246 ox14-c000323,ox14-c000046 ox14-c000130 ox14-c000246 ox14-c000323 ox14-c000211,0.0000000000,false
proprietary_gpt,ow14-s0203,positive,4,valid,ox14-c000211 ox14-c000046 ox14-c000130 ox14-c000246 ox14-c000323,ox14-c000130 ox14-c000211 ox14-c000046 ox14-c000246 ox14-c000323,0.7000000000,false
proprietary_gpt,ow14-s0203,positive,5,valid,ox14-c000211 ox14-c000046 ox14-c000130 ox14-c000246 ox14-c000323,ox14-c000130 ox14-c000046 ox14-c000246 ox14-c000323 ox14-c000211,-0.1000000000,false
proprietary_gpt,ow14-s0204,positive,1,valid,ox14-c000181 ox14-c000419 ox14-c000121 ox14-c000108 ox14-c000025,ox14-c000419 ox14-c000121 ox14-c000108 ox14-c000181 ox14-c000025,0.4000000000,false
proprietary_gpt,ow14-s0204,positive,2,valid,ox14-c000181 ox14-c000419 ox14-c000121 ox14-c000108 ox14-c000025,ox14-c000419 ox14-c000121 ox14-c000108 ox14-c000181 ox14-c000025,0.4000000000,false
proprietary_gpt,ow14-s0204,positive,3,valid,ox14-c000181 ox14-c000419 ox14-c000121 ox14-c000108 ox14-c000025,ox14-c000419 ox14-c000121 ox14-c000108 ox14-c000181 ox14-c000025,0.4000000000,false
proprietary_gpt,ow14-s0204,positive,4,valid,ox14-c000181 ox14-c000419 ox14-c000121 ox14-c000108 ox14-c000025,ox14-c000419 ox14-c000121 ox14-c000108 ox14-c000181 ox14-c000025,0.4000000000,false
proprietary_gpt,ow14-s0204,positive,5,valid,ox14-c000181 ox14-c000419 ox14-c000121 ox14-c000108 ox14-c000025,ox14-c000419 ox14-c000121 ox14-c000108 ox14-c000181 ox14-c000025,0.4000000000,false
proprietary_gpt,ow14-s0205,positive,1,valid,ox14-c000365 ox14-c000037 ox14-c000197 ox14-c000012 ox14-c000058,ox14-c000197 ox14-c000058 ox14-c000365 ox14-c000037 ox14-c000012,-0.1000000000,false
proprietary_gpt,ow14-s0205,positive,2,valid,ox14-c000365 ox14-c000037 ox14-c000197 ox14-c000012 ox14-c000058,ox14-c000365 ox14-c000197 ox14-c000058 ox14-c000037 ox14-c000012,0.5000000000,false
proprietary_gpt,ow14-s0205,positive,3,valid,ox14-c000365 ox14-c000037 ox14-c000197 ox14-c000012 ox14-c000058,ox14-c000365 ox14-c000197 ox14-c000058 ox14-c000037 ox14-c000012,0.5000000000,false
proprietary_gpt,ow14-s0205,positive,4,valid,ox14-c000365 ox14-c000037 ox14-c000197 ox14-c000012 ox14-c000058,ox14-c000365 ox14-c000197 ox14-c000058 ox14-c000037 ox14-c000012,0.5000000000,false
proprietary_gpt,ow14-s0205,positive,5,valid,ox14-c000365 ox14-c000037 ox14-c000197 ox14-c000012 ox14-c000058,ox14-c000365 ox14-c000197 ox14-c000058 ox14-c000012 ox14-c000037,0.3000000000,false
proprietary_gpt,ow14-s0206,positive,1,valid,ox14-c000270 ox14-c000374 ox14-c000001 ox14-c000245 ox14-c000354,ox14-c000374 ox14-c000270 ox14-c000245 ox14-c000354 ox14-c000001,0.6000000000,false
proprietary_gpt,ow14-s0206,positive,2,valid,ox14-c000270 ox14-c000374 ox14-c000001 ox14-c000245 ox14-c000354,ox14-c000374 ox14-c000270 ox14-c000354 ox14-c000245 ox14-c000001,0.5000000000,false
proprietary_gpt,ow14-s0206,positive,3,valid,ox14-c000270 ox14-c000374 ox14-c000001 ox14-c000245 ox14-c000354,ox14-c000374 ox14-c000270 ox14-c000354 ox14-c000245 ox14-c000001,0.5000000000,false
proprietary_gpt,ow14-s0206,positive,4,valid,ox14-c000270 ox14-c000374 ox14-c000001 ox14-c000245 ox14-c000354,ox14-c000374 ox14-c000270 ox14-c000245 ox14-c000354 ox14-c000001,0.6000000000,false
proprietary_gpt,ow14-s0206,positive,5,valid,ox14-c000270 ox14-c000374 ox14-c000001 ox14-c000245 ox14-c000354,ox14-c000270 ox14-c000245 ox14-c000354 ox14-c000374 ox14-c000001,0.2000000000,false
proprietary_gpt,ow14-s0207,positive,1,valid,ox14-c000075 ox14-c000127 ox14-c000033 ox14-c000087 ox14-c000008,ox14-c000127 ox14-c000008 ox14-c000075 ox14-c000033 ox14-c000087,0.2000000000,false
proprietary_gpt,ow14-s0207,positive,2,valid,ox14-c000075 ox14-c000127 ox14-c000033 ox14-c000087 ox14-c000008,ox14-c000087 ox14-c000127 ox14-c000008 ox14-c000075 ox14-c000033,-0.3000000000,false
proprietary_gpt,ow14-s0207,positive,3,valid,ox14-c000075 ox14-c000127 ox14-c000033 ox14-c000087 ox14-c000008,ox14-c000087 ox14-c000033 ox14-c000127 ox14-c000008 ox14-c000075,-0.4000000000,false
proprietary_gpt,ow14-s0207,positive,4,valid,ox14-c000075 ox14-c000127 ox14-c000033 ox14-c000087 ox14-c000008,ox14-c000087 ox14-c000033 ox14-c000075 ox14-c000127 ox14-c000008,0.1000000000,false
proprietary_gpt,ow14-s0207,positive,5,valid,ox14-c000075 ox14-c000127 ox14-c000033 ox14-c000087 ox14-c000008,ox14-c000087 ox14-c000033 ox14-c000075 ox14-c000127 ox14-c000008,0.1000000000,false
proprietary_gpt,ow14-s0208,positive,1,valid,ox14-c000352 ox14-c000297 ox14-c000406 ox14-c000233 ox14-c000277,ox14-c000277 ox14-c000406 ox14-c000352 ox14-c000233 ox14-c000297,-0.5000000000,false
proprietary_gpt,ow14-s0208,positive,2,valid,ox14-c000352 ox14-c000297 ox14-c000406 ox14-c000233 ox14-c000277,ox14-c000406 ox14-c000277 ox14-c000352 ox14-c000297 ox14-c000233,-0.1000000000,false
proprietary_gpt,ow14-s0208,positive,3,valid,ox14-c000352 ox14-c000297 ox14-c000406 ox14-c000233 ox14-c000277,ox14-c000233 ox14-c000352 ox14-c000406 ox14-c000277 ox14-c000297,0.0000000000,false
proprietary_gpt,ow14-s0208,positive,4,valid,ox14-c000352 ox14-c000297 ox14-c000406 ox14-c000233 ox14-c000277,ox14-c000233 ox14-c000352 ox14-c000406 ox14-c000277 ox14-c000297,0.0000000000,false
proprietary_gpt,ow14-s0208,positive,5,valid,ox14-c000352 ox14-c000297 ox14-c000406 ox14-c000233 ox14-c000277,ox14-c000277 ox14-c000406 ox14-c000352 ox14-c000233 ox14-c000297,-0.5000000000,false
proprietary_gpt,ow14-s0209,positive,1,valid,ox14-c000035 ox14-c000357 ox14-c000113 ox14-c000183 ox14-c000060,ox14-c000357 ox14-c000113 ox14-c000060 ox14-c000035 ox14-c000183,0.2000000000,false
proprietary_gpt,ow14-s0209,positive,2,valid,ox14-c000035 ox14-c000357 ox14-c000113 ox14-c000183 ox14-c000060,ox14-c000357 ox14-c000113 ox14-c000060 ox14-c000035 ox14-c000183,0.2000000000,false
proprietary_gpt,ow14-s0209,positive,3,valid,ox14-c000035 ox14-c000357 ox14-c000113 ox14-c000183 ox14-c000060,ox14-c000357 ox14-c000113 ox14-c000060 ox14-c000035 ox14-c000183,0.2000000000,false
proprietary_gpt,ow14-s0209,positive,4,valid,ox14-c000035 ox14-c000357 ox14-c000113 ox14-c000183 ox14-c000060,ox14-c000357 ox14-c000113 ox14-c000060 ox14-c000035 ox14-c000183,0.2000000000,false
proprietary_gpt,ow14-s0209,positive,5,valid,ox14-c000035 ox14-c000357 ox14-c000113 ox14-c000183 ox14-c000060,ox14-c000357 ox14-c000113 ox14-c000060 ox14-c000035 ox14-c000183,0.2000000000,false
proprietary_gpt,ow14-s0210,positive,1,valid,ox14-c000263 ox14-c000398 ox14-c000103 ox14-c000381 ox14-c000293,ox14-c000263 ox14-c000398 ox14-c000103 ox14-c000381 ox14-c000293,1.0000000000,true
proprietary_gpt,ow14-s0210,positive,2,valid,ox14-c000263 ox14-c000398 ox14-c000103 ox14-c000381 ox14-c000293,ox14-c000263 ox14-c000398 ox14-c000103 ox14-c000381 ox14-c000293,1.0000000000,true
proprietary_gpt,ow14-s0210,positive,3,valid,ox14-c000263 ox14-c000398 ox14-c000103 ox14-c000381 ox14-c000293,ox14-c000263 ox14-c000398 ox14-c000103 ox14-c000381 ox14-c000293,1.0000000000,true
proprietary_gpt,ow14-s0210,positive,4,valid,ox14-c000263 ox14-c000398 ox14-c000103 ox14-c000381 ox14-c000293,ox14-c000263 ox14-c000398 ox14-c000103 ox14-c000381 ox14-c000293,1.0000000000,true
proprietary_gpt,ow14-s0210,positive,5,valid,ox14-c000263 ox14-c000398 ox14-c000103 ox14-c000381 ox14-c000293,ox14-c000263 ox14-c000398 ox14-c000103 ox14-c000381 ox14-c000293,1.0000000000,true
proprietary_gpt,ow14-s0211,positive,1,valid,ox14-c000373 ox14-c000107 ox14-c000162 ox14-c000422 ox14-c000093,ox14-c000422 ox14-c000107 ox14-c000373 ox14-c000093 ox14-c000162,0.1000000000,false
proprietary_gpt,ow14-s0211,positive,2,valid,ox14-c000373 ox14-c000107 ox14-c000162 ox14-c000422 ox14-c000093,ox14-c000373 ox14-c000093 ox14-c000422 ox14-c000107 ox14-c000162,0.1000000000,false
proprietary_gpt,ow14-s0211,positive,3,valid,ox14-c000373 ox14-c000107 ox14-c000162 ox14-c000422 ox14-c000093,ox14-c000373 ox14-c000093 ox14-c000422 ox14-c000107 ox14-c000162,0.1000000000,false
proprietary_gpt,ow14-s0211,positive,4,valid,ox14-c000373 ox14-c000107 ox14-c000162 ox14-c000422 ox14-c000093,ox14-c000373 ox14-c000093 ox14-c000107 ox14-c000422 ox14-c000162,0.3000000000,false
proprietary_gpt,ow14-s0211,positive,5,valid,ox14-c000373 ox14-c000107 ox14-c000162 ox14-c000422 ox14-c000093,ox14-c000373 ox14-c000093 ox14-c000422 ox14-c000107 ox14-c000162,0.1000000000,false
proprietary_gpt,ow14-s0212,positive,1,valid,ox14-c000337 ox14-c000053 ox14-c000350 ox14-c000041 ox14-c000427,ox14-c000427 ox14-c000053 ox14-c000337 ox14-c000350 ox14-c000041,-0.1000000000,false
proprietary_gpt,ow14-s0212,positive,2,valid,ox14-c000337 ox14-c000053 ox14-c000350 ox14-c000041 ox14-c000427,ox14-c000427 ox14-c000053 ox14-c000337 ox14-c000350 ox14-c000041,-0.1000000000,false
proprietary_gpt,ow14-s0212,positive,3,valid,ox14-c000337 ox14-c000053 ox14-c000350 ox14-c000041 ox14-c000427,ox14-c000427 ox14-c000053 ox14-c000337 ox14-c000350 ox14-c000041,-0.1000000000,false
proprietary_gpt,ow14-s0212,positive,4,valid,ox14-c000337 ox14-c000053 ox14-c000350 ox14-c000041 ox14-c000427,ox14-c000427 ox14-c000053 ox14-c000337 ox14-c000350 ox14-c000041,-0.1000000000,false
proprietary_gpt,ow14-s0212,positive,5,valid,ox14-c000337 ox14-c000053 ox14-c000350 ox14-c000041 ox14-c000427,ox14-c000427 ox14-c000053 ox14-c000337 ox14-c000350 ox14-c000041,-0.1000000000,false
proprietary_gpt,ow14-s0213,positive,1,valid,ox14-c000384 ox14-c000016 ox14-c000218 ox14-c000344 ox14-c000216,ox14-c000384 ox14-c000218 ox14-c000344 ox14-c000216 ox14-c000016,0.4000000000,false
proprietary_gpt,ow14-s0213,positive,2,valid,ox14-c000384 ox14-c000016 ox14-c000218 ox14-c000344 ox14-c000216,ox14-c000384 ox14-c000218 ox14-c000344 ox14-c000216 ox14-c000016,0.4000000000,false
proprietary_gpt,ow14-s0213,positive,3,valid,ox14-c000384 ox14-c000016 ox14-c000218 ox14-c000344 ox14-c000216,ox14-c000384 ox14-c000218 ox14-c000344 ox14-c000216 ox14-c000016,0.4000000000,false
proprietary_gpt,ow14-s0213,positive,4,valid,ox14-c000384 ox14-c000016 ox14-c000218 ox14-c000344 ox14-c000216,ox14-c000384 ox14-c000218 ox14-c000344 ox14-c000216 ox14-c000016,0.4000000000,false
proprietary_gpt,ow14-s0213,positive,5,valid,ox14-c000384 ox14-c000016 ox14-c000218 ox14-c000344 ox14-c000216,ox14-c000384 ox14-c000218 ox14-c000344 ox14-c000216 ox14-c000016,0.4000000000,false
proprietary_gpt,ow14-s0214,positive,1,valid,ox14-c000220 ox14-c000268 ox14-c000207 ox14-c000177 ox14-c000308,ox14-c000268 ox14-c000220 ox14-c000207 ox14-c000177 ox14-c000308,0.9000000000,false
proprietary_gpt,ow14-s0214,positive,2,valid,ox14-c000220 ox14-c000268 ox14-c000207 ox14-c000177 ox14-c000308,ox14-c000268 ox14-c000220 ox14-c000207 ox14-c000177 ox14-c000308,0.9000000000,false
proprietary_gpt,ow14-s0214,positive,3,valid,ox14-c000220 ox14-c000268 ox14-c000207 ox14-c000177 ox14-c000308,ox14-c000268 ox14-c000220 ox14-c000207 ox14-c000177 ox14-c000308,0.9000000000,false
proprietary_gpt,ow14-s0214,positive,4,valid,ox14-c000220 ox14-c000268 ox14-c000207 ox14-c000177 ox14-c000308,ox14-c000268 ox14-c000220 ox14-c000207 ox14-c000177 ox14-c000308,0.9000000000,false
proprietary_gpt,ow14-s0214,positive,5,valid,ox14-c000220 ox14-c000268 ox14-c000207 ox14-c000177 ox14-c000308,ox14-c000268 ox14-c000220 ox14-c000207 ox14-c000177 ox14-c000308,0.9000000000,false
proprietary_gpt,ow14-s0215,positive,1,valid,ox14-c000026 ox14-c000138 ox14-c000314 ox14-c000434 ox14-c000061,ox14-c000138 ox14-c000434 ox14-c000061 ox14-c000026 ox14-c000314,-0.1000000000,false
proprietary_gpt,ow14-s0215,positive,2,valid,ox14-c000026 ox14-c000138 ox14-c000314 ox14-c000434 ox14-c000061,ox14-c000138 ox14-c000434 ox14-c000061 ox14-c000026 ox14-c000314,-0.1000000000,false
proprietary_gpt,ow14-s0215,positive,3,valid,ox14-c000026 ox14-c000138 ox14-c000314 ox14-c000434 ox14-c000061,ox14-c000138 ox14-c000434 ox14-c000061 ox14-c000026 ox14-c000314,-0.1000000000,false
proprietary_gpt,ow14-s0215,positive,4,valid,ox14-c000026 ox14-c000138 ox14-c000314 ox14-c000434 ox14-c000061,ox14-c000138 ox14-c000434 ox14-c000061 ox14-c000026 ox14-c000314,-0.1000000000,false
proprietary_gpt,ow14-s0215,positive,5,valid,ox14-c000026 ox14-c000138 ox14-c000314 ox14-c000434 ox14-c000061,ox14-c000061 ox14-c000138 ox14-c000434 ox14-c000026 ox14-c000314,-0.5000000000,false
proprietary_gpt,ow14-s0216,positive,1,valid,ox14-c000109 ox14-c000273 ox14-c000219 ox14-c000009 ox14-c000034,ox14-c000273 ox14-c000109 ox14-c000219 ox14-c000009 ox14-c000034,0.9000000000,false
proprietary_gpt,ow14-s0216,positive,2,valid,ox14-c000109 ox14-c000273 ox14-c000219 ox14-c000009 ox14-c000034,ox14-c000273 ox14-c000109 ox14-c000219 ox14-c000009 ox14-c000034,0.9000000000,false
proprietary_gpt,ow14-s0216,positive,3,valid,ox14-c000109 ox14-c000273 ox14-c000219 ox14-c000009 ox14-c000034,ox14-c000273 ox14-c000219 ox14-c000109 ox14-c000009 ox14-c000034,0.7000000000,false
proprietary_gpt,ow14-s0216,positive,4,valid,ox14-c000109 ox14-c000273 ox14-c000219 ox14-c000009 ox14-c000034,ox14-c000273 ox14-c000109 ox14-c000219 ox14-c000009 ox14-c000034,0.9000000000,false
proprietary_gpt,ow14-s0216,positive,5,valid,ox14-c000109 ox14-c000273 ox14-c000219 ox14-c000009 ox14-c000034,ox14-c000273 ox14-c000109 ox14-c000219 ox14-c000009 ox14-c000034,0.9000000000,false
proprietary_gpt,ow14-s0217,positive,1,valid,ox14-c000303 ox14-c000101 ox14-c000051 ox14-c000363 ox14-c000405,ox14-c000363 ox14-c000101 ox14-c000051 ox14-c000405 ox14-c000303,-0.3000000000,false
proprietary_gpt,ow14-s0217,positive,2,valid,ox14-c000303 ox14-c000101 ox14-c000051 ox14-c000363 ox14-c000405,ox14-c000101 ox14-c000051 ox14-c000405 ox14-c000363 ox14-c000303,-0.1000000000,false
proprietary_gpt,ow14-s0217,positive,3,valid,ox14-c000303 ox14-c000101 ox14-c000051 ox14-c000363 ox14-c000405,ox14-c000101 ox14-c000051 ox14-c000405 ox14-c000363 ox14-c000303,-0.1000000000,false
proprietary_gpt,ow14-s0217,positive,4,valid,ox14-c000303 ox14-c000101 ox14-c000051 ox14-c000363 ox14-c000405,ox14-c000363 ox14-c000101 ox14-c000051 ox14-c000405 ox14-c000303,-0.3000000000,false
proprietary_gpt,ow14-s0217,positive,5,valid,ox14-c000303 ox14-c000101 ox14-c000051 ox14-c000363 ox14-c000405,ox14-c000363 ox14-c000101 ox14-c000051 ox14-c000405 ox14-c000303,-0.3000000000,false
proprietary_gpt,ow14-s0218,positive,1,valid,ox14-c000379 ox14-c000226 ox14-c000100 ox14-c000064 ox14-c000111,ox14-c000226 ox14-c000064 ox14-c000379 ox14-c000100 ox14-c000111,0.5000000000,false
proprietary_gpt,ow14-s0218,positive,2,valid,ox14-c000379 ox14-c000226 ox14-c000100 ox14-c000064 ox14-c000111,ox14-c000226 ox14-c000064 ox14-c000379 ox14-c000100 ox14-c000111,0.5000000000,false
proprietary_gpt,ow14-s0218,positive,3,valid,ox14-c000379 ox14-c000226 ox14-c000100 ox14-c000064 ox14-c000111,ox14-c000226 ox14-c000064 ox14-c000379 ox14-c000100 ox14-c000111,0.5000000000,false
proprietary_gpt,ow14-s0218,positive,4,valid,ox14-c000379 ox14-c000226 ox14-c000100 ox14-c000064 ox14-c000111,ox14-c000226 ox14-c000064 ox14-c000379 ox14-c000100 ox14-c000111,0.5000000000,false
proprietary_gpt,ow14-s0218,positive,5,valid,ox14-c000379 ox14-c000226 ox14-c000100 ox14-c000064 ox14-c000111,ox14-c000226 ox14-c000064 ox14-c000379 ox14-c000100 ox14-c000111,0.5000000000,false
proprietary_gpt,ow14-s0219,positive,1,valid,ox14-c000212 ox14-c000387 ox14-c000048 ox14-c000250 ox14-c000141,ox14-c000048 ox14-c000387 ox14-c000250 ox14-c000141 ox14-c000212,-0.1000000000,false
proprietary_gpt,ow14-s0219,positive,2,valid,ox14-c000212 ox14-c000387 ox14-c000048 ox14-c000250 ox14-c000141,ox14-c000212 ox14-c000387 ox14-c000048 ox14-c000250 ox14-c000141,1.0000000000,true
proprietary_gpt,ow14-s0219,positive,3,valid,ox14-c000212 ox14-c000387 ox14-c000048 ox14-c000250 ox14-c000141,ox14-c000212 ox14-c000387 ox14-c000048 ox14-c000250 ox14-c000141,1.0000000000,true
proprietary_gpt,ow14-s0219,positive,4,valid,ox14-c000212 ox14-c000387 ox14-c000048 ox14-c000250 ox14-c000141,ox14-c000212 ox14-c000387 ox14-c000048 ox14-c000250 ox14-c000141,1.0000000000,true
proprietary_gpt,ow14-s0219,positive,5,valid,ox14-c000212 ox14-c000387 ox14-c000048 ox14-c000250 ox14-c000141,ox14-c000141 ox14-c000387 ox14-c000048 ox14-c000250 ox14-c000212,-0.6000000000,false
proprietary_gpt,ow14-s0220,positive,1,valid,ox14-c000251 ox14-c000431 ox14-c000399 ox14-c000423 ox14-c000082,ox14-c000431 ox14-c000423 ox14-c000251 ox14-c000399 ox14-c000082,0.5000000000,false
proprietary_gpt,ow14-s0220,positive,2,valid,ox14-c000251 ox14-c000431 ox14-c000399 ox14-c000423 ox14-c000082,ox14-c000431 ox14-c000423 ox14-c000251 ox14-c000399 ox14-c000082,0.5000000000,false
proprietary_gpt,ow14-s0220,positive,3,valid,ox14-c000251 ox14-c000431 ox14-c000399 ox14-c000423 ox14-c000082,ox14-c000431 ox14-c000423 ox14-c000251 ox14-c000399 ox14-c000082,0.5000000000,false
proprietary_gpt,ow14-s0220,positive,4,valid,ox14-c000251 ox14-c000431 ox14-c000399 ox14-c000423 ox14-c000082,ox14-c000431 ox14-c000423 ox14-c000251 ox14-c000399 ox14-c000082,0.5000000000,false
proprietary_gpt,ow14-s0220,positive,5,valid,ox14-c000251 ox14-c000431 ox14-c000399 ox14-c000423 ox14-c000082,ox14-c000431 ox14-c000423 ox14-c000251 ox14-c000399 ox14-c000082,0.5000000000,false
proprietary_gpt,ow14-s0221,positive,1,valid,ox14-c000085 ox14-c000299 ox14-c000077 ox14-c000410 ox14-c000296,ox14-c000085 ox14-c000410 ox14-c000077 ox14-c000299 ox14-c000296,0.6000000000,false
proprietary_gpt,ow14-s0221,positive,2,valid,ox14-c000085 ox14-c000299 ox14-c000077 ox14-c000410 ox14-c000296,ox14-c000077 ox14-c000410 ox14-c000085 ox14-c000299 ox14-c000296,0.2000000000,false
proprietary_gpt,ow14-s0221,positive,3,valid,ox14-c000085 ox14-c000299 ox14-c000077 ox14-c000410 ox14-c000296,ox14-c000085 ox14-c000077 ox14-c000410 ox14-c000299 ox14-c000296,0.7000000000,false
proprietary_gpt,ow14-s0221,positive,4,valid,ox14-c000085 ox14-c000299 ox14-c000077 ox14-c000410 ox14-c000296,ox14-c000085 ox14-c000410 ox14-c000077 ox14-c000299 ox14-c000296,0.6000000000,false
proprietary_gpt,ow14-s0221,positive,5,valid,ox14-c000085 ox14-c000299 ox14-c000077 ox14-c000410 ox14-c000296,ox14-c000085 ox14-c000410 ox14-c000077 ox14-c000299 ox14-c000296,0.6000000000,false
proprietary_gpt,ow14-s0222,positive,1,valid,ox14-c000223 ox14-c000424 ox14-c000395 ox14-c000118 ox14-c000353,ox14-c000223 ox14-c000424 ox14-c000353 ox14-c000395 ox14-c000118,0.7000000000,false
proprietary_gpt,ow14-s0222,positive,2,valid,ox14-c000223 ox14-c000424 ox14-c000395 ox14-c000118 ox14-c000353,ox14-c000223 ox14-c000424 ox14-c000395 ox14-c000118 ox14-c000353,1.0000000000,true
proprietary_gpt,ow14-s0222,positive,3,valid,ox14-c000223 ox14-c000424 ox14-c000395 ox14-c000118 ox14-c000353,ox14-c000424 ox14-c000395 ox14-c000118 ox14-c000353 ox14-c000223,0.0000000000,false
proprietary_gpt,ow14-s0222,positive,4,valid,ox14-c000223 ox14-c000424 ox14-c000395 ox14-c000118 ox14-c000353,ox14-c000223 ox14-c000424 ox14-c000353 ox14-c000395 ox14-c000118,0.7000000000,false
proprietary_gpt,ow14-s0222,positive,5,valid,ox14-c000223 ox14-c000424 ox14-c000395 ox14-c000118 ox14-c000353,ox14-c000223 ox14-c000424 ox14-c000353 ox14-c000395 ox14-c000118,0.7000000000,false
proprietary_gpt,ow14-s0223,positive,1,valid,ox14-c000315 ox14-c000307 ox14-c000390 ox14-c000188 ox14-c000311,ox14-c000390 ox14-c000188 ox14-c000315 ox14-c000307 ox14-c000311,0.2000000000,false
proprietary_gpt,ow14-s0223,positive,2,valid,ox14-c000315 ox14-c000307 ox14-c000390 ox14-c000188 ox14-c000311,ox14-c000390 ox14-c000188 ox14-c000315 ox14-c000307 ox14-c000311,0.2000000000,false
proprietary_gpt,ow14-s0223,positive,3,valid,ox14-c000315 ox14-c000307 ox14-c000390 ox14-c000188 ox14-c000311,ox14-c000390 ox14-c000188 ox14-c000315 ox14-c000307 ox14-c000311,0.2000000000,false
proprietary_gpt,ow14-s0223,positive,4,valid,ox14-c000315 ox14-c000307 ox14-c000390 ox14-c000188 ox14-c000311,ox14-c000390 ox14-c000188 ox14-c000315 ox14-c000307 ox14-c000311,0.2000000000,false
proprietary_gpt,ow14-s0223,positive,5,valid,ox14-c000315 ox14-c000307 ox14-c000390 ox14-c000188 ox14-c000311,ox14-c000390 ox14-c000188 ox14-c000315 ox14-c000307 ox14-c000311,0.2000000000,false
proprietary_gpt,ow14-s0224,positive,1,valid,ox14-c000161 ox14-c000351 ox14-c000167 ox14-c000295 ox14-c000404,ox14-c000351 ox14-c000404 ox14-c000161 ox14-c000167 ox14-c000295,0.2000000000,false
proprietary_gpt,ow14-s0224,positive,2,valid,ox14-c000161 ox14-c000351 ox14-c000167 ox14-c000295 ox14-c000404,ox14-c000404 ox14-c000351 ox14-c000161 ox14-c000167 ox14-c000295,-0.1000000000,false
proprietary_gpt,ow14-s0224,positive,3,valid,ox14-c000161 ox14-c000351 ox14-c000167 ox14-c000295 ox14-c000404,ox14-c000404 ox14-c000351 ox14-c000161 ox14-c000167 ox14-c000295,-0.1000000000,false
proprietary_gpt,ow14-s0224,positive,4,valid,ox14-c000161 ox14-c000351 ox14-c000167 ox14-c000295 ox14-c000404,ox14-c000404 ox14-c000351 ox14-c000161 ox14-c000167 ox14-c000295,-0.1000000000,false
proprietary_gpt,ow14-s0224,positive,5,valid,ox14-c000161 ox14-c000351 ox14-c000167 ox14-c000295 ox14-c000404,ox14-c000351 ox14-c000404 ox14-c000161 ox14-c000167 ox14-c000295,0.2000000000,false
proprietary_gpt,ow14-s0225,positive,1,valid,ox14-c000117 ox14-c000272 ox14-c000029 ox14-c000105 ox14-c000429,ox14-c000272 ox14-c000429 ox14-c000117 ox14-c000105 ox14-c000029,0.1000000000,false
proprietary_gpt,ow14-s0225,positive,2,valid,ox14-c000117 ox14-c000272 ox14-c000029 ox14-c000105 ox14-c000429,ox14-c000272 ox14-c000429 ox14-c000117 ox14-c000105 ox14-c000029,0.1000000000,false
proprietary_gpt,ow14-s0225,positive,3,valid,ox14-c000117 ox14-c000272 ox14-c000029 ox14-c000105 ox14-c000429,ox14-c000272 ox14-c000429 ox14-c000117 ox14-c000105 ox14-c000029,0.1000000000,false
proprietary_gpt,ow14-s0225,positive,4,valid,ox14-c000117 ox14-c000272 ox14-c000029 ox14-c000105 ox14-c000429,ox14-c000272 ox14-c000429 ox14-c000117 ox14-c000105 ox14-c000029,0.1000000000,false
proprietary_gpt,ow14-s0225,positive,5,valid,ox14-c000117 ox14-c000272 ox14-c000029 ox14-c000105 ox14-c000429,ox14-c000272 ox14-c000429 ox14-c000117 ox14-c000105 ox14-c000029,0.1000000000,false
proprietary_gpt,ow14-s0226,positive,1,valid,ox14-c000136 ox14-c000377 ox14-c000185 ox14-c000203 ox14-c000346,ox14-c000136 ox14-c000377 ox14-c000185 ox14-c000203 ox14-c000346,1.0000000000,true
proprietary_gpt,ow14-s0226,positive,2,valid,ox14-c000136 ox14-c000377 ox14-c000185 ox14-c000203 ox14-c000346,ox14-c000136 ox14-c000377 ox14-c000185 ox14-c000203 ox14-c000346,1.0000000000,true
proprietary_gpt,ow14-s0226,positive,3,valid,ox14-c000136 ox14-c000377 ox14-c000185 ox14-c000203 ox14-c000346,ox14-c000136 ox14-c000377 ox14-c000185 ox14-c000203 ox14-c000346,1.0000000000,true
proprietary_gpt,ow14-s0226,positive,4,valid,ox14-c000136 ox14-c000377 ox14-c000185 ox14-c000203 ox14-c000346,ox14-c000136 ox14-c000377 ox14-c000185 ox14-c000203 ox14-c000346,1.0000000000,true
proprietary_gpt,ow14-s0226,positive,5,valid,ox14-c000136 ox14-c000377 ox14-c000185 ox14-c000203 ox14-c000346,ox14-c000136 ox14-c000377 ox14-c000185 ox14-c000203 ox14-c000346,1.0000000000,true
proprietary_gpt,ow14-s0227,positive,1,valid,ox14-c000396 ox14-c000401 ox14-c000198 ox14-c000070 ox14-c000247,ox14-c000396 ox14-c000401 ox14-c000198 ox14-c000247 ox14-c000070,0.9000000000,false
proprietary_gpt,ow14-s0227,positive,2,valid,ox14-c000396 ox14-c000401 ox14-c000198 ox14-c000070 ox14-c000247,ox14-c000396 ox14-c000401 ox14-c000198 ox14-c000247 ox14-c000070,0.9000000000,false
proprietary_gpt,ow14-s0227,positive,3,valid,ox14-c000396 ox14-c000401 ox14-c000198 ox14-c000070 ox14-c000247,ox14-c000396 ox14-c000401 ox14-c000198 ox14-c000247 ox14-c000070,0.9000000000,false
proprietary_gpt,ow14-s0227,positive,4,valid,ox14-c000396 ox14-c000401 ox14-c000198 ox14-c000070 ox14-c000247,ox14-c000396 ox14-c000401 ox14-c000198 ox14-c000247 ox14-c000070,0.9000000000,false
proprietary_gpt,ow14-s0227,positive,5,valid,ox14-c000396 ox14-c000401 ox14-c000198 ox14-c000070 ox14-c000247,ox14-c000396 ox14-c000401 ox14-c000198 ox14-c000247 ox14-c000070,0.9000000000,false
proprietary_gpt,ow14-s0228,positive,1,valid,ox14-c000099 ox14-c000392 ox14-c000102 ox14-c000056 ox14-c000023,ox14-c000099 ox14-c000392 ox14-c000102 ox14-c000056 ox14-c000023,1.0000000000,true
proprietary_gpt,ow14-s0228,positive,2,valid,ox14-c000099 ox14-c000392 ox14-c000102 ox14-c000056 ox14-c000023,ox14-c000099 ox14-c000392 ox14-c000102 ox14-c000056 ox14-c000023,1.0000000000,true
proprietary_gpt,ow14-s0228,positive,3,valid,ox14-c000099 ox14-c000392 ox14-c000102 ox14-c000056 ox14-c000023,ox14-c000099 ox14-c000392 ox14-c000102 ox14-c000056 ox14-c000023,1.0000000000,true
proprietary_gpt,ow14-s0228,positive,4,valid,ox14-c000099 ox14-c000392 ox14-c000102 ox14-c000056 ox14-c000023,ox14-c000099 ox14-c000392 ox14-c000102 ox14-c000056 ox14-c000023,1.0000000000,true
proprietary_gpt,ow14-s0228,positive,5,valid,ox14-c000099 ox14-c000392 ox14-c000102 ox14-c000056 ox14-c000023,ox14-c000099 ox14-c000392 ox14-c000102 ox14-c000056 ox14-c000023,1.0000000000,true
proprietary_gpt,ow14-s0229,positive,1,valid,ox14-c000030 ox14-c000348 ox14-c000123 ox14-c000189 ox14-c000236,ox14-c000123 ox14-c000189 ox14-c000348 ox14-c000236 ox14-c000030,-0.3000000000,false
proprietary_gpt,ow14-s0229,positive,2,valid,ox14-c000030 ox14-c000348 ox14-c000123 ox14-c000189 ox14-c000236,ox14-c000348 ox14-c000123 ox14-c000189 ox14-c000236 ox14-c000030,0.0000000000,false
proprietary_gpt,ow14-s0229,positive,3,valid,ox14-c000030 ox14-c000348 ox14-c000123 ox14-c000189 ox14-c000236,ox14-c000123 ox14-c000189 ox14-c000236 ox14-c000348 ox14-c000030,-0.6000000000,false
proprietary_gpt,ow14-s0229,positive,4,valid,ox14-c000030 ox14-c000348 ox14-c000123 ox14-c000189 ox14-c000236,ox14-c000123 ox14-c000189 ox14-c000348 ox14-c000236 ox14-c000030,-0.3000000000,false
proprietary_gpt,ow14-s0229,positive,5,valid,ox14-c000030 ox14-c000348 ox14-c000123 ox14-c000189 ox14-c000236,ox14-c000123 ox14-c000189 ox14-c000348 ox14-c000236 ox14-c000030,-0.3000000000,false
proprietary_gpt,ow14-s0230,positive,1,valid,ox14-c000083 ox14-c000209 ox14-c000341 ox14-c000249 ox14-c000426,ox14-c000083 ox14-c000209 ox14-c000341 ox14-c000249 ox14-c000426,1.0000000000,true
proprietary_gpt,ow14-s0230,positive,2,valid,ox14-c000083 ox14-c000209 ox14-c000341 ox14-c000249 ox14-c000426,ox14-c000083 ox14-c000426 ox14-c000249 ox14-c000209 ox14-c000341,0.1000000000,false
proprietary_gpt,ow14-s0230,positive,3,valid,ox14-c000083 ox14-c000209 ox14-c000341 ox14-c000249 ox14-c000426,ox14-c000083 ox14-c000209 ox14-c000341 ox14-c000249 ox14-c000426,1.0000000000,true
proprietary_gpt,ow14-s0230,positive,4,valid,ox14-c000083 ox14-c000209 ox14-c000341 ox14-c000249 ox14-c000426,ox14-c000083 ox14-c000426 ox14-c000249 ox14-c000209 ox14-c000341,0.1000000000,false
proprietary_gpt,ow14-s0230,positive,5,valid,ox14-c000083 ox14-c000209 ox14-c000341 ox14-c000249 ox14-c000426,ox14-c000083 ox14-c000209 ox14-c000341 ox14-c000249 ox14-c000426,1.0000000000,true
proprietary_gpt,ow14-s0231,positive,1,valid,ox14-c000254 ox14-c000333 ox14-c000238 ox14-c000259 ox14-c000184,ox14-c000254 ox14-c000333 ox14-c000238 ox14-c000259 ox14-c000184,1.0000000000,true
proprietary_gpt,ow14-s0231,positive,2,valid,ox14-c000254 ox14-c000333 ox14-c000238 ox14-c000259 ox14-c000184,ox14-c000254 ox14-c000333 ox14-c000238 ox14-c000259 ox14-c000184,1.0000000000,true
proprietary_gpt,ow14-s0231,positive,3,valid,ox14-c000254 ox14-c000333 ox14-c000238 ox14-c000259 ox14-c000184,ox14-c000254 ox14-c000333 ox14-c000238 ox14-c000259 ox14-c000184,1.0000000000,true
proprietary_gpt,ow14-s0231,positive,4,valid,ox14-c000254 ox14-c000333 ox14-c000238 ox14-c000259 ox14-c000184,ox14-c000184 ox14-c000238 ox14-c000254 ox14-c000259 ox14-c000333,-0.5000000000,false
proprietary_gpt,ow14-s0231,positive,5,valid,ox14-c000254 ox14-c000333 ox14-c000238 ox14-c000259 ox14-c000184,ox14-c000254 ox14-c000333 ox14-c000238 ox14-c000259 ox14-c000184,1.0000000000,true
proprietary_gpt,ow14-s0232,positive,1,valid,ox14-c000031 ox14-c000229 ox14-c000355 ox14-c000278 ox14-c000331,ox14-c000229 ox14-c000278 ox14-c000331 ox14-c000355 ox14-c000031,-0.3000000000,false
proprietary_gpt,ow14-s0232,positive,2,valid,ox14-c000031 ox14-c000229 ox14-c000355 ox14-c000278 ox14-c000331,ox14-c000229 ox14-c000355 ox14-c000278 ox14-c000331 ox14-c000031,0.0000000000,false
proprietary_gpt,ow14-s0232,positive,3,valid,ox14-c000031 ox14-c000229 ox14-c000355 ox14-c000278 ox14-c000331,ox14-c000229 ox14-c000355 ox14-c000278 ox14-c000331 ox14-c000031,0.0000000000,false
proprietary_gpt,ow14-s0232,positive,4,valid,ox14-c000031 ox14-c000229 ox14-c000355 ox14-c000278 ox14-c000331,ox14-c000229 ox14-c000031 ox14-c000278 ox14-c000331 ox14-c000355,0.6000000000,false
proprietary_gpt,ow14-s0232,positive,5,valid,ox14-c000031 ox14-c000229 ox14-c000355 ox14-c000278 ox14-c000331,ox14-c000229 ox14-c000031 ox14-c000278 ox14-c000355 ox14-c000331,0.8000000000,false
proprietary_gpt,ow14-s0233,positive,1,valid,ox14-c000204 ox14-c000125 ox14-c000078 ox14-c000294 ox14-c000065,ox14-c000125 ox14-c000204 ox14-c000065 ox14-c000078 ox14-c000294,0.6000000000,false
proprietary_gpt,ow14-s0233,positive,2,valid,ox14-c000204 ox14-c000125 ox14-c000078 ox14-c000294 ox14-c000065,ox14-c000078 ox14-c000204 ox14-c000065 ox14-c000125 ox14-c000294,0.3000000000,false
proprietary_gpt,ow14-s0233,positive,3,valid,ox14-c000204 ox14-c000125 ox14-c000078 ox14-c000294 ox14-c000065,ox14-c000125 ox14-c000204 ox14-c000065 ox14-c000078 ox14-c000294,0.6000000000,false
proprietary_gpt,ow14-s0233,positive,4,valid,ox14-c000204 ox14-c000125 ox14-c000078 ox14-c000294 ox14-c000065,ox14-c000125 ox14-c000204 ox14-c000065 ox14-c000078 ox14-c000294,0.6000000000,false
proprietary_gpt,ow14-s0233,positive,5,valid,ox14-c000204 ox14-c000125 ox14-c000078 ox14-c000294 ox14-c000065,ox14-c000078 ox14-c000125 ox14-c000204 ox14-c000065 ox14-c000294,0.5000000000,false
proprietary_gpt,ow14-s0234,positive,1,valid,ox14-c000409 ox14-c000044 ox14-c000239 ox14-c000066 ox14-c000164,ox14-c000409 ox14-c000044 ox14-c000239 ox14-c000066 ox14-c000164,1.0000000000,true
proprietary_gpt,ow14-s0234,positive,2,valid,ox14-c000409 ox14-c000044 ox14-c000239 ox14-c000066 ox14-c000164,ox14-c000409 ox14-c000044 ox14-c000239 ox14-c000066 ox14-c000164,1.0000000000,true
proprietary_gpt,ow14-s0234,positive,3,valid,ox14-c000409 ox14-c000044 ox14-c000239 ox14-c000066 ox14-c000164,ox14-c000409 ox14-c000044 ox14-c000239 ox14-c000066 ox14-c000164,1.0000000000,true
proprietary_gpt,ow14-s0234,positive,4,valid,ox14-c000409 ox14-c000044 ox14-c000239 ox14-c000066 ox14-c000164,ox14-c000409 ox14-c000044 ox14-c000239 ox14-c000066 ox14-c000164,1.0000000000,true
proprietary_gpt,ow14-s0234,positive,5,valid,ox14-c000409 ox14-c000044 ox14-c000239 ox14-c000066 ox14-c000164,ox14-c000409 ox14-c000044 ox14-c000239 ox14-c000066 ox14-c000164,1.0000000000,true
proprietary_gpt,ow14-s0235,positive,1,valid,ox14-c000376 ox14-c000261 ox14-c000208 ox14-c000432 ox14-c000112,ox14-c000376 ox14-c000432 ox14-c000208 ox14-c000261 ox14-c000112,0.6000000000,false
proprietary_gpt,ow14-s0235,positive,2,valid,ox14-c000376 ox14-c000261 ox14-c000208 ox14-c000432 ox14-c000112,ox14-c000376 ox14-c000261 ox14-c000112 ox14-c000432 ox14-c000208,0.6000000000,false
proprietary_gpt,ow14-s0235,positive,3,valid,ox14-c000376 ox14-c000261 ox14-c000208 ox14-c000432 ox14-c000112,ox14-c000376 ox14-c000432 ox14-c000208 ox14-c000261 ox14-c000112,0.6000000000,false
proprietary_gpt,ow14-s0235,positive,4,valid,ox14-c000376 ox14-c000261 ox14-c000208 ox14-c000432 ox14-c000112,ox14-c000376 ox14-c000432 ox14-c000261 ox14-c000112 ox14-c000208,0.5000000000,false
proprietary_gpt,ow14-s0235,positive,5,valid,ox14-c000376 ox14-c000261 ox14-c000208 ox14-c000432 ox14-c000112,ox14-c000376 ox14-c000432 ox14-c000261 ox14-c000208 ox14-c000112,0.7000000000,false
proprietary_gpt,ow14-s0236,positive,1,valid,ox14-c000330 ox14-c000310 ox14-c000414 ox14-c000224 ox14-c000362,ox14-c000414 ox14-c000330 ox14-c000224 ox14-c000362 ox14-c000310,0.2000000000,false
proprietary_gpt,ow14-s0236,positive,2,valid,ox14-c000330 ox14-c000310 ox14-c000414 ox14-c000224 ox14-c000362,ox14-c000414 ox14-c000330 ox14-c000224 ox14-c000362 ox14-c000310,0.2000000000,false
proprietary_gpt,ow14-s0236,positive,3,valid,ox14-c000330 ox14-c000310 ox14-c000414 ox14-c000224 ox14-c000362,ox14-c000330 ox14-c000414 ox14-c000224 ox14-c000362 ox14-c000310,0.4000000000,false
proprietary_gpt,ow14-s0236,positive,4,valid,ox14-c000330 ox14-c000310 ox14-c000414 ox14-c000224 ox14-c000362,ox14-c000224 ox14-c000362 ox14-c000414 ox14-c000330 ox14-c000310,-0.8000000000,false
proprietary_gpt,ow14-s0237,negative_only,1,valid,ox14-c000189 ox14-c000209 ox14-c000236 ox14-c000030 ox14-c000348,ox14-c000236 ox14-c000209 ox14-c000348 ox14-c000189 ox14-c000030,0.1000000000,false
proprietary_gpt,ow14-s0237,negative_only,2,valid,ox14-c000189 ox14-c000209 ox14-c000236 ox14-c000030 ox14-c000348,ox14-c000236 ox14-c000189 ox14-c000209 ox14-c000348 ox14-c000030,0.6000000000,false
proprietary_gpt,ow14-s0237,negative_only,3,valid,ox14-c000189 ox14-c000209 ox14-c000236 ox14-c000030 ox14-c000348,ox14-c000189 ox14-c000209 ox14-c000348 ox14-c000236 ox14-c000030,0.7000000000,false
proprietary_gpt,ow14-s0237,negative_only,4,valid,ox14-c000189 ox14-c000209 ox14-c000236 ox14-c000030 ox14-c000348,ox14-c000236 ox14-c000209 ox14-c000348 ox14-c000189 ox14-c000030,0.1000000000,false
proprietary_gpt,ow14-s0237,negative_only,5,valid,ox14-c000189 ox14-c000209 ox14-c000236 ox14-c000030 ox14-c000348,ox14-c000189 ox14-c000209 ox14-c000348 ox14-c000236 ox14-c000030,0.7000000000,false
proprietary_gpt,ow14-s0238,negative_only,1,valid,ox14-c000341 ox14-c000426 ox14-c000333 ox14-c000184 ox14-c000083,ox14-c000426 ox14-c000333 ox14-c000184 ox14-c000341 ox14-c000083,0.4000000000,false
proprietary_gpt,ow14-s0238,negative_only,2,valid,ox14-c000341 ox14-c000426 ox14-c000333 ox14-c000184 ox14-c000083,ox14-c000083 ox14-c000426 ox14-c000341 ox14-c000333 ox14-c000184,-0.1000000000,false
proprietary_gpt,ow14-s0238,negative_only,3,valid,ox14-c000341 ox14-c000426 ox14-c000333 ox14-c000184 ox14-c000083,ox14-c000083 ox14-c000426 ox14-c000333 ox14-c000184 ox14-c000341,-0.6000000000,false
proprietary_gpt,ow14-s0238,negative_only,4,valid,ox14-c000341 ox14-c000426 ox14-c000333 ox14-c000184 ox14-c000083,ox14-c000426 ox14-c000341 ox14-c000333 ox14-c000184 ox14-c000083,0.9000000000,false
proprietary_gpt,ow14-s0238,negative_only,5,valid,ox14-c000341 ox14-c000426 ox14-c000333 ox14-c000184 ox14-c000083,ox14-c000426 ox14-c000341 ox14-c000333 ox14-c000184 ox14-c000083,0.9000000000,false
proprietary_gpt,ow14-s0239,negative_only,1,valid,ox14-c000229 ox14-c000278 ox14-c000259 ox14-c000355 ox14-c000254,ox14-c000229 ox14-c000278 ox14-c000259 ox14-c000254 ox14-c000355,0.9000000000,false
proprietary_gpt,ow14-s0239,negative_only,2,valid,ox14-c000229 ox14-c000278 ox14-c000259 ox14-c000355 ox14-c000254,ox14-c000278 ox14-c000259 ox14-c000254 ox14-c000355 ox14-c000229,-0.1000000000,false
proprietary_gpt,ow14-s0239,negative_only,3,valid,ox14-c000229 ox14-c000278 ox14-c000259 ox14-c000355 ox14-c000254,ox14-c000229 ox14-c000278 ox14-c000259 ox14-c000355 ox14-c000254,1.0000000000,true
proprietary_gpt,ow14-s0239,negative_only,4,valid,ox14-c000229 ox14-c000278 ox14-c000259 ox14-c000355 ox14-c000254,ox14-c000229 ox14-c000278 ox14-c000259 ox14-c000254 ox14-c000355,0.9000000000,false
proprietary_gpt,ow14-s0239,negative_only,5,valid,ox14-c000229 ox14-c000278 ox14-c000259 ox14-c000355 ox14-c000254,ox14-c000229 ox14-c000278 ox14-c000355 ox14-c000259 ox14-c000254,0.9000000000,false
proprietary_gpt,ow14-s0240,negative_only,1,valid,ox14-c000031 ox14-c000065 ox14-c000125 ox14-c000294 ox14-c000204,ox14-c000125 ox14-c000065 ox14-c000204 ox14-c000031 ox14-c000294,0.1000000000,false
proprietary_gpt,ow14-s0240,negative_only,2,valid,ox14-c000031 ox14-c000065 ox14-c000125 ox14-c000294 ox14-c000204,ox14-c000125 ox14-c000065 ox14-c000204 ox14-c000031 ox14-c000294,0.1000000000,false
proprietary_gpt,ow14-s0240,negative_only,3,valid,ox14-c000031 ox14-c000065 ox14-c000125 ox14-c000294 ox14-c000204,ox14-c000125 ox14-c000065 ox14-c000204 ox14-c000031 ox14-c000294,0.1000000000,false
proprietary_gpt,ow14-s0240,negative_only,4,valid,ox14-c000031 ox14-c000065 ox14-c000125 ox14-c000294 ox14-c000204,ox14-c000125 ox14-c000065 ox14-c000204 ox14-c000031 ox14-c000294,0.1000000000,false
proprietary_gpt,ow14-s0240,negative_only,5,valid,ox14-c000031 ox14-c000065 ox14-c000125 ox14-c000294 ox14-c000204,ox14-c000125 ox14-c000065 ox14-c000204 ox14-c000031 ox14-c000294,0.1000000000,false
proprietary_gpt,ow14-s0241,negative_only,1,valid,ox14-c000044 ox14-c000409 ox14-c000066 ox14-c000164 ox14-c000261,ox14-c000044 ox14-c000409 ox14-c000261 ox14-c000066 ox14-c000164,0.7000000000,false
proprietary_gpt,ow14-s0241,negative_only,2,valid,ox14-c000044 ox14-c000409 ox14-c000066 ox14-c000164 ox14-c000261,ox14-c000044 ox14-c000409 ox14-c000261 ox14-c000066 ox14-c000164,0.7000000000,false
proprietary_gpt,ow14-s0241,negative_only,3,valid,ox14-c000044 ox14-c000409 ox14-c000066 ox14-c000164 ox14-c000261,ox14-c000044 ox14-c000409 ox14-c000261 ox14-c000066 ox14-c000164,0.7000000000,false
proprietary_gpt,ow14-s0241,negative_only,4,valid,ox14-c000044 ox14-c000409 ox14-c000066 ox14-c000164 ox14-c000261,ox14-c000044 ox14-c000409 ox14-c000261 ox14-c000066 ox14-c000164,0.7000000000,false
proprietary_gpt,ow14-s0241,negative_only,5,valid,ox14-c000044 ox14-c000409 ox14-c000066 ox14-c000164 ox14-c000261,ox14-c000044 ox14-c000409 ox14-c000261 ox14-c000066 ox14-c000164,0.7000000000,false
proprietary_gpt,ow14-s0242,negative_only,1,valid,ox14-c000414 ox14-c000208 ox14-c000112 ox14-c000224 ox14-c000432,ox14-c000414 ox14-c000432 ox14-c000208 ox14-c000112 ox14-c000224,0.4000000000,false
proprietary_gpt,ow14-s0242,negative_only,2,valid,ox14-c000414 ox14-c000208 ox14-c000112 ox14-c000224 ox14-c000432,ox14-c000224 ox14-c000208 ox14-c000414 ox14-c000432 ox14-c000112,0.1000000000,false
proprietary_gpt,ow14-s0242,negative_only,3,valid,ox14-c000414 ox14-c000208 ox14-c000112 ox14-c000224 ox14-c000432,ox14-c000224 ox14-c000414 ox14-c000432 ox14-c000208 ox14-c000112,-0.1000000000,false
proprietary_gpt,ow14-s0242,negative_only,4,valid,ox14-c000414 ox14-c000208 ox14-c000112 ox14-c000224 ox14-c000432,ox14-c000224 ox14-c000208 ox14-c000112 ox14-c000414 ox14-c000432,0.1000000000,false
proprietary_gpt,ow14-s0242,negative_only,5,valid,ox14-c000414 ox14-c000208 ox14-c000112 ox14-c000224 ox14-c000432,ox14-c000224 ox14-c000208 ox14-c000112 ox14-c000414 ox14-c000432,0.1000000000,false
proprietary_gpt,ow14-s0243,negative_only,1,valid,ox14-c000362 ox14-c000391 ox14-c000402 ox14-c000310 ox14-c000210,ox14-c000362 ox14-c000391 ox14-c000402 ox14-c000210 ox14-c000310,0.9000000000,false
proprietary_gpt,ow14-s0243,negative_only,2,valid,ox14-c000362 ox14-c000391 ox14-c000402 ox14-c000310 ox14-c000210,ox14-c000362 ox14-c000391 ox14-c000402 ox14-c000210 ox14-c000310,0.9000000000,false
proprietary_gpt,ow14-s0243,negative_only,3,valid,ox14-c000362 ox14-c000391 ox14-c000402 ox14-c000310 ox14-c000210,ox14-c000362 ox14-c000391 ox14-c000402 ox14-c000210 ox14-c000310,0.9000000000,false
proprietary_gpt,ow14-s0243,negative_only,4,valid,ox14-c000362 ox14-c000391 ox14-c000402 ox14-c000310 ox14-c000210,ox14-c000362 ox14-c000391 ox14-c000402 ox14-c000210 ox14-c000310,0.9000000000,false
proprietary_gpt,ow14-s0243,negative_only,5,valid,ox14-c000362 ox14-c000391 ox14-c000402 ox14-c000310 ox14-c000210,ox14-c000362 ox14-c000391 ox14-c000402 ox14-c000210 ox14-c000310,0.9000000000,false
proprietary_gpt,ow14-s0244,negative_only,1,valid,ox14-c000036 ox14-c000225 ox14-c000067 ox14-c000320 ox14-c000252,ox14-c000225 ox14-c000067 ox14-c000320 ox14-c000252 ox14-c000036,0.0000000000,false
proprietary_gpt,ow14-s0244,negative_only,2,valid,ox14-c000036 ox14-c000225 ox14-c000067 ox14-c000320 ox14-c000252,ox14-c000225 ox14-c000067 ox14-c000320 ox14-c000252 ox14-c000036,0.0000000000,false
proprietary_gpt,ow14-s0244,negative_only,3,valid,ox14-c000036 ox14-c000225 ox14-c000067 ox14-c000320 ox14-c000252,ox14-c000225 ox14-c000036 ox14-c000067 ox14-c000320 ox14-c000252,0.9000000000,false
proprietary_gpt,ow14-s0244,negative_only,4,valid,ox14-c000036 ox14-c000225 ox14-c000067 ox14-c000320 ox14-c000252,ox14-c000225 ox14-c000067 ox14-c000320 ox14-c000252 ox14-c000036,0.0000000000,false
proprietary_gpt,ow14-s0244,negative_only,5,valid,ox14-c000036 ox14-c000225 ox14-c000067 ox14-c000320 ox14-c000252,ox14-c000225 ox14-c000067 ox14-c000320 ox14-c000252 ox14-c000036,0.0000000000,false
proprietary_gpt,ow14-s0245,negative_only,1,valid,ox14-c000072 ox14-c000090 ox14-c000165 ox14-c000140 ox14-c000369,ox14-c000140 ox14-c000072 ox14-c000090 ox14-c000369 ox14-c000165,0.2000000000,false
proprietary_gpt,ow14-s0245,negative_only,2,valid,ox14-c000072 ox14-c000090 ox14-c000165 ox14-c000140 ox14-c000369,ox14-c000090 ox14-c000369 ox14-c000140 ox14-c000072 ox14-c000165,-0.2000000000,false
proprietary_gpt,ow14-s0245,negative_only,3,valid,ox14-c000072 ox14-c000090 ox14-c000165 ox14-c000140 ox14-c000369,ox14-c000140 ox14-c000072 ox14-c000090 ox14-c000369 ox14-c000165,0.2000000000,false
proprietary_gpt,ow14-s0245,negative_only,4,valid,ox14-c000072 ox14-c000090 ox14-c000165 ox14-c000140 ox14-c000369,ox14-c000140 ox14-c000072 ox14-c000090 ox14-c000369 ox14-c000165,0.2000000000,false
proprietary_gpt,ow14-s0245,negative_only,5,valid,ox14-c000072 ox14-c000090 ox14-c000165 ox14-c000140 ox14-c000369,ox14-c000090 ox14-c000369 ox14-c000140 ox14-c000072 ox14-c000165,-0.2000000000,false
proprietary_gpt,ow14-s0246,negative_only,1,valid,ox14-c000246 ox14-c000389 ox14-c000046 ox14-c000265 ox14-c000081,ox14-c000081 ox14-c000246 ox14-c000389 ox14-c000046 ox14-c000265,0.0000000000,false
proprietary_gpt,ow14-s0246,negative_only,2,valid,ox14-c000246 ox14-c000389 ox14-c000046 ox14-c000265 ox14-c000081,ox14-c000081 ox14-c000246 ox14-c000389 ox14-c000046 ox14-c000265,0.0000000000,false
proprietary_gpt,ow14-s0246,negative_only,3,valid,ox14-c000246 ox14-c000389 ox14-c000046 ox14-c000265 ox14-c000081,ox14-c000081 ox14-c000246 ox14-c000389 ox14-c000046 ox14-c000265,0.0000000000,false
proprietary_gpt,ow14-s0246,negative_only,4,valid,ox14-c000246 ox14-c000389 ox14-c000046 ox14-c000265 ox14-c000081,ox14-c000081 ox14-c000246 ox14-c000389 ox14-c000046 ox14-c000265,0.0000000000,false
proprietary_gpt,ow14-s0246,negative_only,5,valid,ox14-c000246 ox14-c000389 ox14-c000046 ox14-c000265 ox14-c000081,ox14-c000246 ox14-c000389 ox14-c000046 ox14-c000265 ox14-c000081,1.0000000000,true
proprietary_gpt,ow14-s0247,negative_only,1,valid,ox14-c000108 ox14-c000025 ox14-c000323 ox14-c000121 ox14-c000211,ox14-c000108 ox14-c000323 ox14-c000121 ox14-c000211 ox14-c000025,0.4000000000,false
proprietary_gpt,ow14-s0247,negative_only,2,valid,ox14-c000108 ox14-c000025 ox14-c000323 ox14-c000121 ox14-c000211,ox14-c000108 ox14-c000323 ox14-c000121 ox14-c000211 ox14-c000025,0.4000000000,false
proprietary_gpt,ow14-s0247,negative_only,3,valid,ox14-c000108 ox14-c000025 ox14-c000323 ox14-c000121 ox14-c000211,ox14-c000108 ox14-c000323 ox14-c000121 ox14-c000211 ox14-c000025,0.4000000000,false
proprietary_gpt,ow14-s0247,negative_only,4,valid,ox14-c000108 ox14-c000025 ox14-c000323 ox14-c000121 ox14-c000211,ox14-c000108 ox14-c000323 ox14-c000121 ox14-c000211 ox14-c000025,0.4000000000,false
proprietary_gpt,ow14-s0247,negative_only,5,valid,ox14-c000108 ox14-c000025 ox14-c000323 ox14-c000121 ox14-c000211,ox14-c000108 ox14-c000323 ox14-c000121 ox14-c000211 ox14-c000025,0.4000000000,false
proprietary_gpt,ow14-s0248,negative_only,1,valid,ox14-c000037 ox14-c000058 ox14-c000181 ox14-c000012 ox14-c000197,ox14-c000058 ox14-c000197 ox14-c000037 ox14-c000181 ox14-c000012,0.2000000000,false
proprietary_gpt,ow14-s0248,negative_only,2,valid,ox14-c000037 ox14-c000058 ox14-c000181 ox14-c000012 ox14-c000197,ox14-c000058 ox14-c000197 ox14-c000012 ox14-c000037 ox14-c000181,-0.2000000000,false
proprietary_gpt,ow14-s0248,negative_only,3,valid,ox14-c000037 ox14-c000058 ox14-c000181 ox14-c000012 ox14-c000197,ox14-c000058 ox14-c000197 ox14-c000037 ox14-c000181 ox14-c000012,0.2000000000,false
proprietary_gpt,ow14-s0248,negative_only,4,valid,ox14-c000037 ox14-c000058 ox14-c000181 ox14-c000012 ox14-c000197,ox14-c000058 ox14-c000197 ox14-c000037 ox14-c000181 ox14-c000012,0.2000000000,false
proprietary_gpt,ow14-s0248,negative_only,5,valid,ox14-c000037 ox14-c000058 ox14-c000181 ox14-c000012 ox14-c000197,ox14-c000058 ox14-c000197 ox14-c000037 ox14-c000181 ox14-c000012,0.2000000000,false
proprietary_gpt,ow14-s0249,negative_only,1,valid,ox14-c000270 ox14-c000354 ox14-c000245 ox14-c000374 ox14-c000087,ox14-c000374 ox14-c000087 ox14-c000270 ox14-c000245 ox14-c000354,-0.6000000000,false
proprietary_gpt,ow14-s0249,negative_only,2,valid,ox14-c000270 ox14-c000354 ox14-c000245 ox14-c000374 ox14-c000087,ox14-c000270 ox14-c000354 ox14-c000245 ox14-c000374 ox14-c000087,1.0000000000,true
proprietary_gpt,ow14-s0249,negative_only,3,valid,ox14-c000270 ox14-c000354 ox14-c000245 ox14-c000374 ox14-c000087,ox14-c000374 ox14-c000087 ox14-c000270 ox14-c000245 ox14-c000354,-0.6000000000,false
proprietary_gpt,ow14-s0249,negative_only,4,valid,ox14-c000270 ox14-c000354 ox14-c000245 ox14-c000374 ox14-c000087,ox14-c000270 ox14-c000374 ox14-c000087 ox14-c000354 ox14-c000245,0.2000000000,false
proprietary_gpt,ow14-s0249,negative_only,5,valid,ox14-c000270 ox14-c000354 ox14-c000245 ox14-c000374 ox14-c000087,ox14-c000270 ox14-c000354 ox14-c000245 ox14-c000374 ox14-c000087,1.0000000000,true
proprietary_gpt,ow14-s0250,negative_only,1,valid,ox14-c000127 ox14-c000033 ox14-c000075 ox14-c000406 ox14-c000297,ox14-c000406 ox14-c000075 ox14-c000127 ox14-c000033 ox14-c000297,0.1000000000,false
proprietary_gpt,ow14-s0250,negative_only,2,valid,ox14-c000127 ox14-c000033 ox14-c000075 ox14-c000406 ox14-c000297,ox14-c000127 ox14-c000406 ox14-c000075 ox14-c000033 ox14-c000297,0.6000000000,false
proprietary_gpt,ow14-s0250,negative_only,3,valid,ox14-c000127 ox14-c000033 ox14-c000075 ox14-c000406 ox14-c000297,ox14-c000127 ox14-c000406 ox14-c000075 ox14-c000033 ox14-c000297,0.6000000000,false
proprietary_gpt,ow14-s0250,negative_only,4,valid,ox14-c000127 ox14-c000033 ox14-c000075 ox14-c000406 ox14-c000297,ox14-c000127 ox14-c000406 ox14-c000075 ox14-c000033 ox14-c000297,0.6000000000,false
proprietary_gpt,ow14-s0250,negative_only,5,valid,ox14-c000127 ox14-c000033 ox14-c000075 ox14-c000406 ox14-c000297,ox14-c000127 ox14-c000406 ox14-c000075 ox14-c000033 ox14-c000297,0.6000000000,false
proprietary_gpt,ow14-s0251,negative_only,1,valid,ox14-c000357 ox14-c000060 ox14-c000183 ox14-c000277 ox14-c000352,ox14-c000357 ox14-c000277 ox14-c000060 ox14-c000352 ox14-c000183,0.5000000000,false
proprietary_gpt,ow14-s0251,negative_only,2,valid,ox14-c000357 ox14-c000060 ox14-c000183 ox14-c000277 ox14-c000352,ox14-c000357 ox14-c000277 ox14-c000060 ox14-c000352 ox14-c000183,0.5000000000,false
proprietary_gpt,ow14-s0251,negative_only,3,valid,ox14-c000357 ox14-c000060 ox14-c000183 ox14-c000277 ox14-c000352,ox14-c000357 ox14-c000060 ox14-c000277 ox14-c000352 ox14-c000183,0.7000000000,false
proprietary_gpt,ow14-s0251,negative_only,4,valid,ox14-c000357 ox14-c000060 ox14-c000183 ox14-c000277 ox14-c000352,ox14-c000357 ox14-c000277 ox14-c000060 ox14-c000352 ox14-c000183,0.5000000000,false
proprietary_gpt,ow14-s0251,negative_only,5,valid,ox14-c000357 ox14-c000060 ox14-c000183 ox14-c000277 ox14-c000352,ox14-c000277 ox14-c000060 ox14-c000352 ox14-c000357 ox14-c000183,-0.3000000000,false
proprietary_gpt,ow14-s0252,negative_only,1,valid,ox14-c000381 ox14-c000293 ox14-c000103 ox14-c000113 ox14-c000398,ox14-c000381 ox14-c000103 ox14-c000113 ox14-c000398 ox14-c000293,0.4000000000,false
proprietary_gpt,ow14-s0252,negative_only,2,valid,ox14-c000381 ox14-c000293 ox14-c000103 ox14-c000113 ox14-c000398,ox14-c000381 ox14-c000103 ox14-c000113 ox14-c000398 ox14-c000293,0.4000000000,false
proprietary_gpt,ow14-s0252,negative_only,3,valid,ox14-c000381 ox14-c000293 ox14-c000103 ox14-c000113 ox14-c000398,ox14-c000381 ox14-c000103 ox14-c000113 ox14-c000398 ox14-c000293,0.4000000000,false
proprietary_gpt,ow14-s0252,negative_only,4,valid,ox14-c000381 ox14-c000293 ox14-c000103 ox14-c000113 ox14-c000398,ox14-c000381 ox14-c000103 ox14-c000113 ox14-c000398 ox14-c000293,0.4000000000,false
proprietary_gpt,ow14-s0252,negative_only,5,valid,ox14-c000381 ox14-c000293 ox14-c000103 ox14-c000113 ox14-c000398,ox14-c000381 ox14-c000103 ox14-c000113 ox14-c000398 ox14-c000293,0.4000000000,false
proprietary_gpt,ow14-s0253,negative_only,1,valid,ox14-c000427 ox14-c000093 ox14-c000422 ox14-c000373 ox14-c000107,ox14-c000093 ox14-c000373 ox14-c000107 ox14-c000427 ox14-c000422,-0.1000000000,false
proprietary_gpt,ow14-s0253,negative_only,2,valid,ox14-c000427 ox14-c000093 ox14-c000422 ox14-c000373 ox14-c000107,ox14-c000093 ox14-c000373 ox14-c000427 ox14-c000422 ox14-c000107,0.5000000000,false
proprietary_gpt,ow14-s0253,negative_only,3,valid,ox14-c000427 ox14-c000093 ox14-c000422 ox14-c000373 ox14-c000107,ox14-c000093 ox14-c000373 ox14-c000107 ox14-c000427 ox14-c000422,-0.1000000000,false
proprietary_gpt,ow14-s0253,negative_only,4,valid,ox14-c000427 ox14-c000093 ox14-c000422 ox14-c000373 ox14-c000107,ox14-c000093 ox14-c000373 ox14-c000107 ox14-c000427 ox14-c000422,-0.1000000000,false
proprietary_gpt,ow14-s0253,negative_only,5,valid,ox14-c000427 ox14-c000093 ox14-c000422 ox14-c000373 ox14-c000107,ox14-c000093 ox14-c000373 ox14-c000107 ox14-c000427 ox14-c000422,-0.1000000000,false
proprietary_gpt,ow14-s0254,negative_only,1,valid,ox14-c000053 ox14-c000337 ox14-c000384 ox14-c000350 ox14-c000216,ox14-c000053 ox14-c000384 ox14-c000216 ox14-c000337 ox14-c000350,0.5000000000,false
proprietary_gpt,ow14-s0254,negative_only,2,valid,ox14-c000053 ox14-c000337 ox14-c000384 ox14-c000350 ox14-c000216,ox14-c000337 ox14-c000350 ox14-c000216 ox14-c000053 ox14-c000384,-0.1000000000,false
proprietary_gpt,ow14-s0254,negative_only,3,valid,ox14-c000053 ox14-c000337 ox14-c000384 ox14-c000350 ox14-c000216,ox14-c000053 ox14-c000384 ox14-c000337 ox14-c000350 ox14-c000216,0.9000000000,false
proprietary_gpt,ow14-s0254,negative_only,4,valid,ox14-c000053 ox14-c000337 ox14-c000384 ox14-c000350 ox14-c000216,ox14-c000053 ox14-c000384 ox14-c000337 ox14-c000350 ox14-c000216,0.9000000000,false
proprietary_gpt,ow14-s0254,negative_only,5,valid,ox14-c000053 ox14-c000337 ox14-c000384 ox14-c000350 ox14-c000216,ox14-c000053 ox14-c000384 ox14-c000337 ox14-c000350 ox14-c000216,0.9000000000,false
proprietary_gpt,ow14-s0255,negative_only,1,valid,ox14-c000207 ox14-c000177 ox14-c000016 ox14-c000220 ox14-c000344,ox14-c000207 ox14-c000220 ox14-c000344 ox14-c000177 ox14-c000016,0.2000000000,false
proprietary_gpt,ow14-s0255,negative_only,2,valid,ox14-c000207 ox14-c000177 ox14-c000016 ox14-c000220 ox14-c000344,ox14-c000207 ox14-c000220 ox14-c000344 ox14-c000177 ox14-c000016,0.2000000000,false
proprietary_gpt,ow14-s0255,negative_only,3,valid,ox14-c000207 ox14-c000177 ox14-c000016 ox14-c000220 ox14-c000344,ox14-c000207 ox14-c000220 ox14-c000344 ox14-c000177 ox14-c000016,0.2000000000,false
proprietary_gpt,ow14-s0255,negative_only,4,valid,ox14-c000207 ox14-c000177 ox14-c000016 ox14-c000220 ox14-c000344,ox14-c000207 ox14-c000220 ox14-c000344 ox14-c000177 ox14-c000016,0.2000000000,false
proprietary_gpt,ow14-s0255,negative_only,5,valid,ox14-c000207 ox14-c000177 ox14-c000016 ox14-c000220 ox14-c000344,ox14-c000207 ox14-c000220 ox14-c000344 ox14-c000177 ox14-c000016,0.2000000000,false
proprietary_gpt,ow14-s0256,negative_only,1,valid,ox14-c000434 ox14-c000268 ox14-c000061 ox14-c000026 ox14-c000314,ox14-c000434 ox14-c000268 ox14-c000061 ox14-c000026 ox14-c000314,1.0000000000,true
proprietary_gpt,ow14-s0256,negative_only,2,valid,ox14-c000434 ox14-c000268 ox14-c000061 ox14-c000026 ox14-c000314,ox14-c000434 ox14-c000268 ox14-c000061 ox14-c000314 ox14-c000026,0.9000000000,false
proprietary_gpt,ow14-s0256,negative_only,3,valid,ox14-c000434 ox14-c000268 ox14-c000061 ox14-c000026 ox14-c000314,ox14-c000434 ox14-c000268 ox14-c000061 ox14-c000026 ox14-c000314,1.0000000000,true
proprietary_gpt,ow14-s0256,negative_only,4,valid,ox14-c000434 ox14-c000268 ox14-c000061 ox14-c000026 ox14-c000314,ox14-c000434 ox14-c000268 ox14-c000061 ox14-c000026 ox14-c000314,1.0000000000,true
proprietary_gpt,ow14-s0256,negative_only,5,valid,ox14-c000434 ox14-c000268 ox14-c000061 ox14-c000026 ox14-c000314,ox14-c000434 ox14-c000268 ox14-c000061 ox14-c000026 ox14-c000314,1.0000000000,true
proprietary_gpt,ow14-s0257,negative_only,1,valid,ox14-c000273 ox14-c000219 ox14-c000363 ox14-c000034 ox14-c000109,ox14-c000273 ox14-c000109 ox14-c000219 ox14-c000363 ox14-c000034,0.4000000000,false
proprietary_gpt,ow14-s0257,negative_only,2,valid,ox14-c000273 ox14-c000219 ox14-c000363 ox14-c000034 ox14-c000109,ox14-c000273 ox14-c000219 ox14-c000109 ox14-c000363 ox14-c000034,0.7000000000,false
proprietary_gpt,ow14-s0257,negative_only,3,valid,ox14-c000273 ox14-c000219 ox14-c000363 ox14-c000034 ox14-c000109,ox14-c000273 ox14-c000109 ox14-c000219 ox14-c000363 ox14-c000034,0.4000000000,false
proprietary_gpt,ow14-s0257,negative_only,4,valid,ox14-c000273 ox14-c000219 ox14-c000363 ox14-c000034 ox14-c000109,ox14-c000273 ox14-c000109 ox14-c000219 ox14-c000363 ox14-c000034,0.4000000000,false
proprietary_gpt,ow14-s0257,negative_only,5,valid,ox14-c000273 ox14-c000219 ox14-c000363 ox14-c000034 ox14-c000109,ox14-c000273 ox14-c000109 ox14-c000219 ox14-c000363 ox14-c000034,0.4000000000,false
proprietary_gpt,ow14-s0258,negative_only,1,valid,ox14-c000405 ox14-c000303 ox14-c000100 ox14-c000101 ox14-c000226,ox14-c000405 ox14-c000100 ox14-c000101 ox14-c000226 ox14-c000303,0.4000000000,false
proprietary_gpt,ow14-s0258,negative_only,2,valid,ox14-c000405 ox14-c000303 ox14-c000100 ox14-c000101 ox14-c000226,ox14-c000405 ox14-c000100 ox14-c000101 ox14-c000226 ox14-c000303,0.4000000000,false
proprietary_gpt,ow14-s0258,negative_only,3,valid,ox14-c000405 ox14-c000303 ox14-c000100 ox14-c000101 ox14-c000226,ox14-c000405 ox14-c000100 ox14-c000101 ox14-c000226 ox14-c000303,0.4000000000,false
proprietary_gpt,ow14-s0258,negative_only,4,valid,ox14-c000405 ox14-c000303 ox14-c000100 ox14-c000101 ox14-c000226,ox14-c000100 ox14-c000101 ox14-c000405 ox14-c000226 ox14-c000303,-0.1000000000,false
proprietary_gpt,ow14-s0258,negative_only,5,valid,ox14-c000405 ox14-c000303 ox14-c000100 ox14-c000101 ox14-c000226,ox14-c000405 ox14-c000100 ox14-c000101 ox14-c000226 ox14-c000303,0.4000000000,false
proprietary_gpt,ow14-s0259,negative_only,1,valid,ox14-c000048 ox14-c000111 ox14-c000387 ox14-c000064 ox14-c000212,ox14-c000048 ox14-c000111 ox14-c000387 ox14-c000064 ox14-c000212,1.0000000000,true
proprietary_gpt,ow14-s0259,negative_only,2,valid,ox14-c000048 ox14-c000111 ox14-c000387 ox14-c000064 ox14-c000212,ox14-c000048 ox14-c000111 ox14-c000387 ox14-c000064 ox14-c000212,1.0000000000,true
proprietary_gpt,ow14-s0259,negative_only,3,valid,ox14-c000048 ox14-c000111 ox14-c000387 ox14-c000064 ox14-c000212,ox14-c000048 ox14-c000111 ox14-c000387 ox14-c000064 ox14-c000212,1.0000000000,true
proprietary_gpt,ow14-s0259,negative_only,4,valid,ox14-c000048 ox14-c000111 ox14-c000387 ox14-c000064 ox14-c000212,ox14-c000048 ox14-c000111 ox14-c000387 ox14-c000064 ox14-c000212,1.0000000000,true
proprietary_gpt,ow14-s0259,negative_only,5,valid,ox14-c000048 ox14-c000111 ox14-c000387 ox14-c000064 ox14-c000212,ox14-c000048 ox14-c000111 ox14-c000387 ox14-c000064 ox14-c000212,1.0000000000,true
proprietary_gpt,ow14-s0260,negative_only,1,valid,ox14-c000423 ox14-c000399 ox14-c000251 ox14-c000141 ox14-c000082,ox14-c000082 ox14-c000423 ox14-c000141 ox14-c000399 ox14-c000251,-0.3000000000,false
proprietary_gpt,ow14-s0260,negative_only,2,valid,ox14-c000423 ox14-c000399 ox14-c000251 ox14-c000141 ox14-c000082,ox14-c000423 ox14-c000141 ox14-c000399 ox14-c000251 ox14-c000082,0.7000000000,false
proprietary_gpt,ow14-s0260,negative_only,3,valid,ox14-c000423 ox14-c000399 ox14-c000251 ox14-c000141 ox14-c000082,ox14-c000423 ox14-c000141 ox14-c000399 ox14-c000251 ox14-c000082,0.7000000000,false
proprietary_gpt,ow14-s0260,negative_only,4,valid,ox14-c000423 ox14-c000399 ox14-c000251 ox14-c000141 ox14-c000082,ox14-c000082 ox14-c000423 ox14-c000141 ox14-c000399 ox14-c000251,-0.3000000000,false
proprietary_gpt,ow14-s0260,negative_only,5,valid,ox14-c000423 ox14-c000399 ox14-c000251 ox14-c000141 ox14-c000082,ox14-c000423 ox14-c000141 ox14-c000399 ox14-c000251 ox14-c000082,0.7000000000,false
proprietary_gpt,ow14-s0261,negative_only,1,valid,ox14-c000296 ox14-c000395 ox14-c000077 ox14-c000085 ox14-c000410,ox14-c000085 ox14-c000296 ox14-c000077 ox14-c000395 ox14-c000410,0.3000000000,false
proprietary_gpt,ow14-s0261,negative_only,2,valid,ox14-c000296 ox14-c000395 ox14-c000077 ox14-c000085 ox14-c000410,ox14-c000085 ox14-c000077 ox14-c000395 ox14-c000410 ox14-c000296,-0.4000000000,false
proprietary_gpt,ow14-s0261,negative_only,3,valid,ox14-c000296 ox14-c000395 ox14-c000077 ox14-c000085 ox14-c000410,ox14-c000085 ox14-c000077 ox14-c000395 ox14-c000410 ox14-c000296,-0.4000000000,false
proprietary_gpt,ow14-s0261,negative_only,4,valid,ox14-c000296 ox14-c000395 ox14-c000077 ox14-c000085 ox14-c000410,ox14-c000085 ox14-c000077 ox14-c000395 ox14-c000410 ox14-c000296,-0.4000000000,false
proprietary_gpt,ow14-s0261,negative_only,5,valid,ox14-c000296 ox14-c000395 ox14-c000077 ox14-c000085 ox14-c000410,ox14-c000085 ox14-c000296 ox14-c000077 ox14-c000395 ox14-c000410,0.3000000000,false
proprietary_gpt,ow14-s0262,negative_only,1,valid,ox14-c000118 ox14-c000223 ox14-c000353 ox14-c000307 ox14-c000188,ox14-c000353 ox14-c000118 ox14-c000188 ox14-c000223 ox14-c000307,0.3000000000,false
proprietary_gpt,ow14-s0262,negative_only,2,valid,ox14-c000118 ox14-c000223 ox14-c000353 ox14-c000307 ox14-c000188,ox14-c000223 ox14-c000118 ox14-c000353 ox14-c000188 ox14-c000307,0.8000000000,false
proprietary_gpt,ow14-s0262,negative_only,3,valid,ox14-c000118 ox14-c000223 ox14-c000353 ox14-c000307 ox14-c000188,ox14-c000118 ox14-c000188 ox14-c000353 ox14-c000223 ox14-c000307,0.3000000000,false
proprietary_gpt,ow14-s0262,negative_only,4,valid,ox14-c000118 ox14-c000223 ox14-c000353 ox14-c000307 ox14-c000188,ox14-c000118 ox14-c000188 ox14-c000353 ox14-c000223 ox14-c000307,0.3000000000,false
proprietary_gpt,ow14-s0262,negative_only,5,valid,ox14-c000118 ox14-c000223 ox14-c000353 ox14-c000307 ox14-c000188,ox14-c000118 ox14-c000188 ox14-c000353 ox14-c000223 ox14-c000307,0.3000000000,false
proprietary_gpt,ow14-s0263,negative_only,1,valid,ox14-c000404 ox14-c000351 ox14-c000167 ox14-c000311 ox14-c000315,ox14-c000404 ox14-c000351 ox14-c000167 ox14-c000311 ox14-c000315,1.0000000000,true
proprietary_gpt,ow14-s0263,negative_only,2,valid,ox14-c000404 ox14-c000351 ox14-c000167 ox14-c000311 ox14-c000315,ox14-c000404 ox14-c000351 ox14-c000167 ox14-c000311 ox14-c000315,1.0000000000,true
proprietary_gpt,ow14-s0263,negative_only,3,valid,ox14-c000404 ox14-c000351 ox14-c000167 ox14-c000311 ox14-c000315,ox14-c000404 ox14-c000351 ox14-c000167 ox14-c000311 ox14-c000315,1.0000000000,true
proprietary_gpt,ow14-s0263,negative_only,4,valid,ox14-c000404 ox14-c000351 ox14-c000167 ox14-c000311 ox14-c000315,ox14-c000404 ox14-c000351 ox14-c000167 ox14-c000311 ox14-c000315,1.0000000000,true
proprietary_gpt,ow14-s0263,negative_only,5,valid,ox14-c000404 ox14-c000351 ox14-c000167 ox14-c000311 ox14-c000315,ox14-c000404 ox14-c000351 ox14-c000167 ox14-c000311 ox14-c000315,1.0000000000,true
proprietary_gpt,ow14-s0264,negative_only,1,valid,ox14-c000272 ox14-c000117 ox14-c000161 ox14-c000029 ox14-c000429,ox14-c000272 ox14-c000429 ox14-c000117 ox14-c000161 ox14-c000029,0.4000000000,false
proprietary_gpt,ow14-s0264,negative_only,2,valid,ox14-c000272 ox14-c000117 ox14-c000161 ox14-c000029 ox14-c000429,ox14-c000272 ox14-c000429 ox14-c000117 ox14-c000161 ox14-c000029,0.4000000000,false
proprietary_gpt,ow14-s0264,negative_only,3,valid,ox14-c000272 ox14-c000117 ox14-c000161 ox14-c000029 ox14-c000429,ox14-c000272 ox14-c000429 ox14-c000117 ox14-c000161 ox14-c000029,0.4000000000,false
proprietary_gpt,ow14-s0264,negative_only,4,valid,ox14-c000272 ox14-c000117 ox14-c000161 ox14-c000029 ox14-c000429,ox14-c000272 ox14-c000429 ox14-c000117 ox14-c000161 ox14-c000029,0.4000000000,false
proprietary_gpt,ow14-s0264,negative_only,5,valid,ox14-c000272 ox14-c000117 ox14-c000161 ox14-c000029 ox14-c000429,ox14-c000272 ox14-c000429 ox14-c000117 ox14-c000161 ox14-c000029,0.4000000000,false
proprietary_gpt,ow14-s0265,negative_only,1,valid,ox14-c000377 ox14-c000396 ox14-c000136 ox14-c000185 ox14-c000346,ox14-c000136 ox14-c000377 ox14-c000396 ox14-c000185 ox14-c000346,0.7000000000,false
proprietary_gpt,ow14-s0265,negative_only,2,valid,ox14-c000377 ox14-c000396 ox14-c000136 ox14-c000185 ox14-c000346,ox14-c000136 ox14-c000377 ox14-c000396 ox14-c000185 ox14-c000346,0.7000000000,false
proprietary_gpt,ow14-s0265,negative_only,3,valid,ox14-c000377 ox14-c000396 ox14-c000136 ox14-c000185 ox14-c000346,ox14-c000136 ox14-c000377 ox14-c000396 ox14-c000185 ox14-c000346,0.7000000000,false
proprietary_gpt,ow14-s0265,negative_only,4,valid,ox14-c000377 ox14-c000396 ox14-c000136 ox14-c000185 ox14-c000346,ox14-c000136 ox14-c000377 ox14-c000396 ox14-c000185 ox14-c000346,0.7000000000,false
proprietary_gpt,ow14-s0265,negative_only,5,valid,ox14-c000377 ox14-c000396 ox14-c000136 ox14-c000185 ox14-c000346,ox14-c000136 ox14-c000377 ox14-c000396 ox14-c000185 ox14-c000346,0.7000000000,false
proprietary_gpt,ow14-s0266,negative_only,1,valid,ox14-c000023 ox14-c000247 ox14-c000099 ox14-c000070 ox14-c000198,ox14-c000247 ox14-c000099 ox14-c000198 ox14-c000070 ox14-c000023,-0.1000000000,false
proprietary_gpt,ow14-s0266,negative_only,2,valid,ox14-c000023 ox14-c000247 ox14-c000099 ox14-c000070 ox14-c000198,ox14-c000247 ox14-c000099 ox14-c000198 ox14-c000070 ox14-c000023,-0.1000000000,false
proprietary_gpt,ow14-s0266,negative_only,3,valid,ox14-c000023 ox14-c000247 ox14-c000099 ox14-c000070 ox14-c000198,ox14-c000247 ox14-c000099 ox14-c000198 ox14-c000070 ox14-c000023,-0.1000000000,false
proprietary_gpt,ow14-s0266,negative_only,4,valid,ox14-c000023 ox14-c000247 ox14-c000099 ox14-c000070 ox14-c000198,ox14-c000247 ox14-c000099 ox14-c000198 ox14-c000070 ox14-c000023,-0.1000000000,false
proprietary_gpt,ow14-s0266,negative_only,5,valid,ox14-c000023 ox14-c000247 ox14-c000099 ox14-c000070 ox14-c000198,ox14-c000247 ox14-c000099 ox14-c000198 ox14-c000070 ox14-c000023,-0.1000000000,false
local_qwen,ow14-s0001,positive,1,valid,ox14-c000348 ox14-c000227 ox14-c000189 ox14-c000236 ox14-c000030,ox14-c000030 ox14-c000189 ox14-c000348 ox14-c000227 ox14-c000236,-0.3000000000,false
local_qwen,ow14-s0001,positive,2,valid,ox14-c000348 ox14-c000227 ox14-c000189 ox14-c000236 ox14-c000030,ox14-c000030 ox14-c000189 ox14-c000348 ox14-c000227 ox14-c000236,-0.3000000000,false
local_qwen,ow14-s0001,positive,3,valid,ox14-c000348 ox14-c000227 ox14-c000189 ox14-c000236 ox14-c000030,ox14-c000030 ox14-c000189 ox14-c000348 ox14-c000227 ox14-c000236,-0.3000000000,false
local_qwen,ow14-s0001,positive,4,valid,ox14-c000348 ox14-c000227 ox14-c000189 ox14-c000236 ox14-c000030,ox14-c000030 ox14-c000189 ox14-c000348 ox14-c000227 ox14-c000236,-0.3000000000,false
local_qwen,ow14-s0001,positive,5,valid,ox14-c000348 ox14-c000227 ox14-c000189 ox14-c000236 ox14-c000030,ox14-c000030 ox14-c000189 ox14-c000348 ox14-c000227 ox14-c000236,-0.3000000000,false
local_qwen,ow14-s0002,positive,1,valid,ox14-c000426 ox14-c000083 ox14-c000222 ox14-c000209 ox14-c000341,ox14-c000083 ox14-c000222 ox14-c000209 ox14-c000341 ox14-c000426,0.0000000000,false
local_qwen,ow14-s0002,positive,2,valid,ox14-c000426 ox14-c000083 ox14-c000222 ox14-c000209 ox14-c000341,ox14-c000083 ox14-c000222 ox14-c000209 ox14-c000341 ox14-c000426,0.0000000000,false
local_qwen,ow14-s0002,positive,3,valid,ox14-c000426 ox14-c000083 ox14-c000222 ox14-c000209 ox14-c000341,ox14-c000083 ox14-c000222 ox14-c000209 ox14-c000341 ox14-c000426,0.0000000000,false
local_qwen,ow14-s0002,positive,4,valid,ox14-c000426 ox14-c000083 ox14-c000222 ox14-c000209 ox14-c000341,ox14-c000083 ox14-c000222 ox14-c000209 ox14-c000341 ox14-c000426,0.0000000000,false
local_qwen,ow14-s0002,positive,5,valid,ox14-c000426 ox14-c000083 ox14-c000222 ox14-c000209 ox14-c000341,ox14-c000083 ox14-c000222 ox14-c000209 ox14-c000341 ox14-c000426,0.0000000000,false
local_qwen,ow14-s0003,positive,1,valid,ox14-c000259 ox14-c000326 ox14-c000184 ox14-c000333 ox14-c000254,ox14-c000259 ox14-c000326 ox14-c000184 ox14-c000333 ox14-c000254,1.0000000000,true
local_qwen,ow14-s0003,positive,2,valid,ox14-c000259 ox14-c000326 ox14-c000184 ox14-c000333 ox14-c000254,ox14-c000259 ox14-c000326 ox14-c000184 ox14-c000333 ox14-c000254,1.0000000000,true
local_qwen,ow14-s0003,positive,3,valid,ox14-c000259 ox14-c000326 ox14-c000184 ox14-c000333 ox14-c000254,ox14-c000259 ox14-c000326 ox14-c000184 ox14-c000333 ox14-c000254,1.0000000000,true
local_qwen,ow14-s0003,positive,4,valid,ox14-c000259 ox14-c000326 ox14-c000184 ox14-c000333 ox14-c000254,ox14-c000259 ox14-c000326 ox14-c000184 ox14-c000333 ox14-c000254,1.0000000000,true
local_qwen,ow14-s0003,positive,5,valid,ox14-c000259 ox14-c000326 ox14-c000184 ox14-c000333 ox14-c000254,ox14-c000259 ox14-c000326 ox14-c000184 ox14-c000333 ox14-c000254,1.0000000000,true
local_qwen,ow14-s0004,positive,1,valid,ox14-c000055 ox14-c000229 ox14-c000355 ox14-c000278 ox14-c000031,ox14-c000229 ox14-c000055 ox14-c000355 ox14-c000278 ox14-c000031,0.9000000000,false
local_qwen,ow14-s0004,positive,2,valid,ox14-c000055 ox14-c000229 ox14-c000355 ox14-c000278 ox14-c000031,ox14-c000229 ox14-c000055 ox14-c000355 ox14-c000278 ox14-c000031,0.9000000000,false
local_qwen,ow14-s0004,positive,3,valid,ox14-c000055 ox14-c000229 ox14-c000355 ox14-c000278 ox14-c000031,ox14-c000229 ox14-c000055 ox14-c000355 ox14-c000278 ox14-c000031,0.9000000000,false
local_qwen,ow14-s0004,positive,4,valid,ox14-c000055 ox14-c000229 ox14-c000355 ox14-c000278 ox14-c000031,ox14-c000229 ox14-c000055 ox14-c000355 ox14-c000278 ox14-c000031,0.9000000000,false
local_qwen,ow14-s0004,positive,5,valid,ox14-c000055 ox14-c000229 ox14-c000355 ox14-c000278 ox14-c000031,ox14-c000229 ox14-c000055 ox14-c000355 ox14-c000278 ox14-c000031,0.9000000000,false
local_qwen,ow14-s0005,positive,1,valid,ox14-c000294 ox14-c000204 ox14-c000065 ox14-c000125 ox14-c000098,ox14-c000294 ox14-c000204 ox14-c000065 ox14-c000125 ox14-c000098,1.0000000000,true
local_qwen,ow14-s0005,positive,2,valid,ox14-c000294 ox14-c000204 ox14-c000065 ox14-c000125 ox14-c000098,ox14-c000294 ox14-c000204 ox14-c000065 ox14-c000125 ox14-c000098,1.0000000000,true
local_qwen,ow14-s0005,positive,3,valid,ox14-c000294 ox14-c000204 ox14-c000065 ox14-c000125 ox14-c000098,ox14-c000294 ox14-c000204 ox14-c000065 ox14-c000125 ox14-c000098,1.0000000000,true
local_qwen,ow14-s0005,positive,4,valid,ox14-c000294 ox14-c000204 ox14-c000065 ox14-c000125 ox14-c000098,ox14-c000294 ox14-c000204 ox14-c000065 ox14-c000125 ox14-c000098,1.0000000000,true
local_qwen,ow14-s0005,positive,5,valid,ox14-c000294 ox14-c000204 ox14-c000065 ox14-c000125 ox14-c000098,ox14-c000294 ox14-c000204 ox14-c000065 ox14-c000125 ox14-c000098,1.0000000000,true
local_qwen,ow14-s0006,positive,1,valid,ox14-c000164 ox14-c000044 ox14-c000334 ox14-c000066 ox14-c000409,ox14-c000044 ox14-c000334 ox14-c000409 ox14-c000066 ox14-c000164,-0.1000000000,false
local_qwen,ow14-s0006,positive,2,valid,ox14-c000164 ox14-c000044 ox14-c000334 ox14-c000066 ox14-c000409,ox14-c000044 ox14-c000334 ox14-c000409 ox14-c000066 ox14-c000164,-0.1000000000,false
local_qwen,ow14-s0006,positive,3,valid,ox14-c000164 ox14-c000044 ox14-c000334 ox14-c000066 ox14-c000409,ox14-c000044 ox14-c000334 ox14-c000409 ox14-c000066 ox14-c000164,-0.1000000000,false
local_qwen,ow14-s0006,positive,4,valid,ox14-c000164 ox14-c000044 ox14-c000334 ox14-c000066 ox14-c000409,ox14-c000044 ox14-c000334 ox14-c000409 ox14-c000066 ox14-c000164,-0.1000000000,false
local_qwen,ow14-s0006,positive,5,valid,ox14-c000164 ox14-c000044 ox14-c000334 ox14-c000066 ox14-c000409,ox14-c000044 ox14-c000334 ox14-c000409 ox14-c000066 ox14-c000164,-0.1000000000,false
local_qwen,ow14-s0007,positive,1,valid,ox14-c000208 ox14-c000112 ox14-c000261 ox14-c000432 ox14-c000255,ox14-c000432 ox14-c000208 ox14-c000112 ox14-c000261 ox14-c000255,0.4000000000,false
local_qwen,ow14-s0007,positive,2,valid,ox14-c000208 ox14-c000112 ox14-c000261 ox14-c000432 ox14-c000255,ox14-c000432 ox14-c000208 ox14-c000112 ox14-c000261 ox14-c000255,0.4000000000,false
local_qwen,ow14-s0007,positive,3,valid,ox14-c000208 ox14-c000112 ox14-c000261 ox14-c000432 ox14-c000255,ox14-c000432 ox14-c000208 ox14-c000112 ox14-c000261 ox14-c000255,0.4000000000,false
local_qwen,ow14-s0007,positive,4,valid,ox14-c000208 ox14-c000112 ox14-c000261 ox14-c000432 ox14-c000255,ox14-c000432 ox14-c000208 ox14-c000112 ox14-c000261 ox14-c000255,0.4000000000,false
local_qwen,ow14-s0007,positive,5,valid,ox14-c000208 ox14-c000112 ox14-c000261 ox14-c000432 ox14-c000255,ox14-c000432 ox14-c000208 ox14-c000112 ox14-c000261 ox14-c000255,0.4000000000,false
local_qwen,ow14-s0008,positive,1,valid,ox14-c000362 ox14-c000310 ox14-c000414 ox14-c000224 ox14-c000173,ox14-c000362 ox14-c000224 ox14-c000414 ox14-c000310 ox14-c000173,0.6000000000,false
local_qwen,ow14-s0008,positive,2,valid,ox14-c000362 ox14-c000310 ox14-c000414 ox14-c000224 ox14-c000173,ox14-c000362 ox14-c000224 ox14-c000414 ox14-c000310 ox14-c000173,0.6000000000,false
local_qwen,ow14-s0008,positive,3,valid,ox14-c000362 ox14-c000310 ox14-c000414 ox14-c000224 ox14-c000173,ox14-c000362 ox14-c000224 ox14-c000414 ox14-c000310 ox14-c000173,0.6000000000,false
local_qwen,ow14-s0008,positive,4,valid,ox14-c000362 ox14-c000310 ox14-c000414 ox14-c000224 ox14-c000173,ox14-c000362 ox14-c000224 ox14-c000414 ox14-c000310 ox14-c000173,0.6000000000,false
local_qwen,ow14-s0008,positive,5,valid,ox14-c000362 ox14-c000310 ox14-c000414 ox14-c000224 ox14-c000173,ox14-c000362 ox14-c000224 ox14-c000414 ox14-c000310 ox14-c000173,0.6000000000,false
local_qwen,ow14-s0009,positive,1,valid,ox14-c000402 ox14-c000210 ox14-c000063 ox14-c000391 ox14-c000036,ox14-c000036 ox14-c000210 ox14-c000063 ox14-c000402 ox14-c000391,-0.3000000000,false
local_qwen,ow14-s0009,positive,2,valid,ox14-c000402 ox14-c000210 ox14-c000063 ox14-c000391 ox14-c000036,ox14-c000036 ox14-c000210 ox14-c000063 ox14-c000402 ox14-c000391,-0.3000000000,false
local_qwen,ow14-s0009,positive,3,valid,ox14-c000402 ox14-c000210 ox14-c000063 ox14-c000391 ox14-c000036,ox14-c000036 ox14-c000210 ox14-c000063 ox14-c000402 ox14-c000391,-0.3000000000,false
local_qwen,ow14-s0009,positive,4,valid,ox14-c000402 ox14-c000210 ox14-c000063 ox14-c000391 ox14-c000036,ox14-c000036 ox14-c000210 ox14-c000063 ox14-c000402 ox14-c000391,-0.3000000000,false
local_qwen,ow14-s0009,positive,5,valid,ox14-c000402 ox14-c000210 ox14-c000063 ox14-c000391 ox14-c000036,ox14-c000036 ox14-c000210 ox14-c000063 ox14-c000402 ox14-c000391,-0.3000000000,false
local_qwen,ow14-s0010,positive,1,valid,ox14-c000225 ox14-c000320 ox14-c000252 ox14-c000349 ox14-c000067,ox14-c000320 ox14-c000252 ox14-c000349 ox14-c000067 ox14-c000225,0.0000000000,false
local_qwen,ow14-s0010,positive,2,valid,ox14-c000225 ox14-c000320 ox14-c000252 ox14-c000349 ox14-c000067,ox14-c000320 ox14-c000252 ox14-c000349 ox14-c000067 ox14-c000225,0.0000000000,false
local_qwen,ow14-s0010,positive,3,valid,ox14-c000225 ox14-c000320 ox14-c000252 ox14-c000349 ox14-c000067,ox14-c000320 ox14-c000252 ox14-c000349 ox14-c000067 ox14-c000225,0.0000000000,false
local_qwen,ow14-s0010,positive,4,valid,ox14-c000225 ox14-c000320 ox14-c000252 ox14-c000349 ox14-c000067,ox14-c000320 ox14-c000252 ox14-c000349 ox14-c000067 ox14-c000225,0.0000000000,false
local_qwen,ow14-s0010,positive,5,valid,ox14-c000225 ox14-c000320 ox14-c000252 ox14-c000349 ox14-c000067,ox14-c000320 ox14-c000252 ox14-c000349 ox14-c000067 ox14-c000225,0.0000000000,false
local_qwen,ow14-s0011,positive,1,valid,ox14-c000329 ox14-c000369 ox14-c000165 ox14-c000140 ox14-c000090,ox14-c000165 ox14-c000329 ox14-c000140 ox14-c000369 ox14-c000090,0.5000000000,false
local_qwen,ow14-s0011,positive,2,valid,ox14-c000329 ox14-c000369 ox14-c000165 ox14-c000140 ox14-c000090,ox14-c000165 ox14-c000329 ox14-c000140 ox14-c000369 ox14-c000090,0.5000000000,false
local_qwen,ow14-s0011,positive,3,valid,ox14-c000329 ox14-c000369 ox14-c000165 ox14-c000140 ox14-c000090,ox14-c000165 ox14-c000329 ox14-c000140 ox14-c000369 ox14-c000090,0.5000000000,false
local_qwen,ow14-s0011,positive,4,valid,ox14-c000329 ox14-c000369 ox14-c000165 ox14-c000140 ox14-c000090,ox14-c000165 ox14-c000329 ox14-c000140 ox14-c000369 ox14-c000090,0.5000000000,false
local_qwen,ow14-s0011,positive,5,valid,ox14-c000329 ox14-c000369 ox14-c000165 ox14-c000140 ox14-c000090,ox14-c000165 ox14-c000329 ox14-c000140 ox14-c000369 ox14-c000090,0.5000000000,false
local_qwen,ow14-s0012,positive,1,valid,ox14-c000244 ox14-c000072 ox14-c000265 ox14-c000081 ox14-c000389,ox14-c000072 ox14-c000389 ox14-c000244 ox14-c000265 ox14-c000081,0.2000000000,false
local_qwen,ow14-s0012,positive,2,valid,ox14-c000244 ox14-c000072 ox14-c000265 ox14-c000081 ox14-c000389,ox14-c000072 ox14-c000389 ox14-c000244 ox14-c000265 ox14-c000081,0.2000000000,false
local_qwen,ow14-s0012,positive,3,valid,ox14-c000244 ox14-c000072 ox14-c000265 ox14-c000081 ox14-c000389,ox14-c000072 ox14-c000389 ox14-c000244 ox14-c000265 ox14-c000081,0.2000000000,false
local_qwen,ow14-s0012,positive,4,valid,ox14-c000244 ox14-c000072 ox14-c000265 ox14-c000081 ox14-c000389,ox14-c000072 ox14-c000389 ox14-c000244 ox14-c000265 ox14-c000081,0.2000000000,false
local_qwen,ow14-s0012,positive,5,valid,ox14-c000244 ox14-c000072 ox14-c000265 ox14-c000081 ox14-c000389,ox14-c000072 ox14-c000389 ox14-c000244 ox14-c000265 ox14-c000081,0.2000000000,false
local_qwen,ow14-s0013,positive,1,valid,ox14-c000323 ox14-c000246 ox14-c000380 ox14-c000211 ox14-c000046,ox14-c000323 ox14-c000246 ox14-c000380 ox14-c000211 ox14-c000046,1.0000000000,true
local_qwen,ow14-s0013,positive,2,valid,ox14-c000323 ox14-c000246 ox14-c000380 ox14-c000211 ox14-c000046,ox14-c000323 ox14-c000246 ox14-c000380 ox14-c000211 ox14-c000046,1.0000000000,true
local_qwen,ow14-s0013,positive,3,valid,ox14-c000323 ox14-c000246 ox14-c000380 ox14-c000211 ox14-c000046,ox14-c000323 ox14-c000246 ox14-c000380 ox14-c000211 ox14-c000046,1.0000000000,true
local_qwen,ow14-s0013,positive,4,valid,ox14-c000323 ox14-c000246 ox14-c000380 ox14-c000211 ox14-c000046,ox14-c000323 ox14-c000246 ox14-c000380 ox14-c000211 ox14-c000046,1.0000000000,true
local_qwen,ow14-s0013,positive,5,valid,ox14-c000323 ox14-c000246 ox14-c000380 ox14-c000211 ox14-c000046,ox14-c000323 ox14-c000246 ox14-c000380 ox14-c000211 ox14-c000046,1.0000000000,true
local_qwen,ow14-s0014,positive,1,valid,ox14-c000025 ox14-c000108 ox14-c000181 ox14-c000068 ox14-c000121,ox14-c000108 ox14-c000121 ox14-c000068 ox14-c000025 ox14-c000181,-0.2000000000,false
local_qwen,ow14-s0014,positive,2,valid,ox14-c000025 ox14-c000108 ox14-c000181 ox14-c000068 ox14-c000121,ox14-c000108 ox14-c000121 ox14-c000068 ox14-c000025 ox14-c000181,-0.2000000000,false
local_qwen,ow14-s0014,positive,3,valid,ox14-c000025 ox14-c000108 ox14-c000181 ox14-c000068 ox14-c000121,ox14-c000108 ox14-c000121 ox14-c000068 ox14-c000025 ox14-c000181,-0.2000000000,false
local_qwen,ow14-s0014,positive,4,valid,ox14-c000025 ox14-c000108 ox14-c000181 ox14-c000068 ox14-c000121,ox14-c000108 ox14-c000121 ox14-c000068 ox14-c000025 ox14-c000181,-0.2000000000,false
local_qwen,ow14-s0014,positive,5,valid,ox14-c000025 ox14-c000108 ox14-c000181 ox14-c000068 ox14-c000121,ox14-c000108 ox14-c000121 ox14-c000068 ox14-c000025 ox14-c000181,-0.2000000000,false
local_qwen,ow14-s0015,positive,1,valid,ox14-c000197 ox14-c000012 ox14-c000415 ox14-c000058 ox14-c000037,ox14-c000037 ox14-c000012 ox14-c000415 ox14-c000197 ox14-c000058,-0.3000000000,false
local_qwen,ow14-s0015,positive,2,valid,ox14-c000197 ox14-c000012 ox14-c000415 ox14-c000058 ox14-c000037,ox14-c000037 ox14-c000012 ox14-c000415 ox14-c000197 ox14-c000058,-0.3000000000,false
local_qwen,ow14-s0015,positive,3,valid,ox14-c000197 ox14-c000012 ox14-c000415 ox14-c000058 ox14-c000037,ox14-c000037 ox14-c000012 ox14-c000415 ox14-c000197 ox14-c000058,-0.3000000000,false
local_qwen,ow14-s0015,positive,4,valid,ox14-c000197 ox14-c000012 ox14-c000415 ox14-c000058 ox14-c000037,ox14-c000037 ox14-c000012 ox14-c000415 ox14-c000197 ox14-c000058,-0.3000000000,false
local_qwen,ow14-s0015,positive,5,valid,ox14-c000197 ox14-c000012 ox14-c000415 ox14-c000058 ox14-c000037,ox14-c000037 ox14-c000012 ox14-c000415 ox14-c000197 ox14-c000058,-0.3000000000,false
local_qwen,ow14-s0016,positive,1,valid,ox14-c000110 ox14-c000245 ox14-c000354 ox14-c000270 ox14-c000374,ox14-c000270 ox14-c000110 ox14-c000245 ox14-c000354 ox14-c000374,0.4000000000,false
local_qwen,ow14-s0016,positive,2,valid,ox14-c000110 ox14-c000245 ox14-c000354 ox14-c000270 ox14-c000374,ox14-c000270 ox14-c000110 ox14-c000245 ox14-c000354 ox14-c000374,0.4000000000,false
local_qwen,ow14-s0016,positive,3,valid,ox14-c000110 ox14-c000245 ox14-c000354 ox14-c000270 ox14-c000374,ox14-c000270 ox14-c000110 ox14-c000245 ox14-c000354 ox14-c000374,0.4000000000,false
local_qwen,ow14-s0016,positive,4,valid,ox14-c000110 ox14-c000245 ox14-c000354 ox14-c000270 ox14-c000374,ox14-c000270 ox14-c000110 ox14-c000245 ox14-c000354 ox14-c000374,0.4000000000,false
local_qwen,ow14-s0016,positive,5,valid,ox14-c000110 ox14-c000245 ox14-c000354 ox14-c000270 ox14-c000374,ox14-c000270 ox14-c000110 ox14-c000245 ox14-c000354 ox14-c000374,0.4000000000,false
local_qwen,ow14-s0017,positive,1,valid,ox14-c000087 ox14-c000075 ox14-c000322 ox14-c000127 ox14-c000033,ox14-c000087 ox14-c000075 ox14-c000322 ox14-c000127 ox14-c000033,1.0000000000,true
local_qwen,ow14-s0017,positive,2,valid,ox14-c000087 ox14-c000075 ox14-c000322 ox14-c000127 ox14-c000033,ox14-c000087 ox14-c000075 ox14-c000322 ox14-c000127 ox14-c000033,1.0000000000,true
local_qwen,ow14-s0017,positive,3,valid,ox14-c000087 ox14-c000075 ox14-c000322 ox14-c000127 ox14-c000033,ox14-c000087 ox14-c000075 ox14-c000322 ox14-c000127 ox14-c000033,1.0000000000,true
local_qwen,ow14-s0017,positive,4,valid,ox14-c000087 ox14-c000075 ox14-c000322 ox14-c000127 ox14-c000033,ox14-c000087 ox14-c000075 ox14-c000322 ox14-c000127 ox14-c000033,1.0000000000,true
local_qwen,ow14-s0017,positive,5,valid,ox14-c000087 ox14-c000075 ox14-c000322 ox14-c000127 ox14-c000033,ox14-c000087 ox14-c000075 ox14-c000322 ox14-c000127 ox14-c000033,1.0000000000,true
local_qwen,ow14-s0018,positive,1,valid,ox14-c000406 ox14-c000352 ox14-c000277 ox14-c000262 ox14-c000297,ox14-c000297 ox14-c000352 ox14-c000406 ox14-c000277 ox14-c000262,-0.1000000000,false
local_qwen,ow14-s0018,positive,2,valid,ox14-c000406 ox14-c000352 ox14-c000277 ox14-c000262 ox14-c000297,ox14-c000297 ox14-c000352 ox14-c000406 ox14-c000277 ox14-c000262,-0.1000000000,false
local_qwen,ow14-s0018,positive,3,valid,ox14-c000406 ox14-c000352 ox14-c000277 ox14-c000262 ox14-c000297,ox14-c000297 ox14-c000352 ox14-c000406 ox14-c000277 ox14-c000262,-0.1000000000,false
local_qwen,ow14-s0018,positive,4,valid,ox14-c000406 ox14-c000352 ox14-c000277 ox14-c000262 ox14-c000297,ox14-c000297 ox14-c000352 ox14-c000406 ox14-c000277 ox14-c000262,-0.1000000000,false
local_qwen,ow14-s0018,positive,5,valid,ox14-c000406 ox14-c000352 ox14-c000277 ox14-c000262 ox14-c000297,ox14-c000297 ox14-c000352 ox14-c000406 ox14-c000277 ox14-c000262,-0.1000000000,false
local_qwen,ow14-s0019,positive,1,valid,ox14-c000357 ox14-c000183 ox14-c000193 ox14-c000113 ox14-c000060,ox14-c000357 ox14-c000183 ox14-c000193 ox14-c000113 ox14-c000060,1.0000000000,true
local_qwen,ow14-s0019,positive,2,valid,ox14-c000357 ox14-c000183 ox14-c000193 ox14-c000113 ox14-c000060,ox14-c000357 ox14-c000183 ox14-c000193 ox14-c000113 ox14-c000060,1.0000000000,true
local_qwen,ow14-s0019,positive,3,valid,ox14-c000357 ox14-c000183 ox14-c000193 ox14-c000113 ox14-c000060,ox14-c000357 ox14-c000183 ox14-c000193 ox14-c000113 ox14-c000060,1.0000000000,true
local_qwen,ow14-s0019,positive,4,valid,ox14-c000357 ox14-c000183 ox14-c000193 ox14-c000113 ox14-c000060,ox14-c000357 ox14-c000183 ox14-c000193 ox14-c000113 ox14-c000060,1.0000000000,true
local_qwen,ow14-s0019,positive,5,valid,ox14-c000357 ox14-c000183 ox14-c000193 ox14-c000113 ox14-c000060,ox14-c000357 ox14-c000183 ox14-c000193 ox14-c000113 ox14-c000060,1.0000000000,true
local_qwen,ow14-s0020,positive,1,valid,ox14-c000097 ox14-c000103 ox14-c000398 ox14-c000381 ox14-c000293,ox14-c000293 ox14-c000398 ox14-c000103 ox14-c000381 ox14-c000097,-0.7000000000,false
local_qwen,ow14-s0020,positive,2,valid,ox14-c000097 ox14-c000103 ox14-c000398 ox14-c000381 ox14-c000293,ox14-c000293 ox14-c000398 ox14-c000103 ox14-c000381 ox14-c000097,-0.7000000000,false
local_qwen,ow14-s0020,positive,3,valid,ox14-c000097 ox14-c000103 ox14-c000398 ox14-c000381 ox14-c000293,ox14-c000293 ox14-c000398 ox14-c000103 ox14-c000381 ox14-c000097,-0.7000000000,false
local_qwen,ow14-s0020,positive,4,valid,ox14-c000097 ox14-c000103 ox14-c000398 ox14-c000381 ox14-c000293,ox14-c000293 ox14-c000398 ox14-c000103 ox14-c000381 ox14-c000097,-0.7000000000,false
local_qwen,ow14-s0020,positive,5,valid,ox14-c000097 ox14-c000103 ox14-c000398 ox14-c000381 ox14-c000293,ox14-c000293 ox14-c000398 ox14-c000103 ox14-c000381 ox14-c000097,-0.7000000000,false
local_qwen,ow14-s0021,positive,1,valid,ox14-c000373 ox14-c000422 ox14-c000400 ox14-c000093 ox14-c000107,ox14-c000422 ox14-c000400 ox14-c000107 ox14-c000093 ox14-c000373,-0.1000000000,false
local_qwen,ow14-s0021,positive,2,valid,ox14-c000373 ox14-c000422 ox14-c000400 ox14-c000093 ox14-c000107,ox14-c000422 ox14-c000400 ox14-c000107 ox14-c000093 ox14-c000373,-0.1000000000,false
local_qwen,ow14-s0021,positive,3,valid,ox14-c000373 ox14-c000422 ox14-c000400 ox14-c000093 ox14-c000107,ox14-c000422 ox14-c000400 ox14-c000107 ox14-c000093 ox14-c000373,-0.1000000000,false
local_qwen,ow14-s0021,positive,4,valid,ox14-c000373 ox14-c000422 ox14-c000400 ox14-c000093 ox14-c000107,ox14-c000422 ox14-c000400 ox14-c000107 ox14-c000093 ox14-c000373,-0.1000000000,false
local_qwen,ow14-s0021,positive,5,valid,ox14-c000373 ox14-c000422 ox14-c000400 ox14-c000093 ox14-c000107,ox14-c000422 ox14-c000400 ox14-c000107 ox14-c000093 ox14-c000373,-0.1000000000,false
local_qwen,ow14-s0022,positive,1,valid,ox14-c000237 ox14-c000337 ox14-c000053 ox14-c000350 ox14-c000427,ox14-c000427 ox14-c000337 ox14-c000237 ox14-c000350 ox14-c000053,-0.2000000000,false
local_qwen,ow14-s0022,positive,2,valid,ox14-c000237 ox14-c000337 ox14-c000053 ox14-c000350 ox14-c000427,ox14-c000427 ox14-c000337 ox14-c000237 ox14-c000350 ox14-c000053,-0.2000000000,false
local_qwen,ow14-s0022,positive,3,valid,ox14-c000237 ox14-c000337 ox14-c000053 ox14-c000350 ox14-c000427,ox14-c000427 ox14-c000337 ox14-c000237 ox14-c000350 ox14-c000053,-0.2000000000,false
local_qwen,ow14-s0022,positive,4,valid,ox14-c000237 ox14-c000337 ox14-c000053 ox14-c000350 ox14-c000427,ox14-c000427 ox14-c000337 ox14-c000237 ox14-c000350 ox14-c000053,-0.2000000000,false
local_qwen,ow14-s0022,positive,5,valid,ox14-c000237 ox14-c000337 ox14-c000053 ox14-c000350 ox14-c000427,ox14-c000427 ox14-c000337 ox14-c000237 ox14-c000350 ox14-c000053,-0.2000000000,false
local_qwen,ow14-s0023,positive,1,valid,ox14-c000016 ox14-c000344 ox14-c000384 ox14-c000216 ox14-c000122,ox14-c000016 ox14-c000384 ox14-c000344 ox14-c000216 ox14-c000122,0.9000000000,false
local_qwen,ow14-s0023,positive,2,valid,ox14-c000016 ox14-c000344 ox14-c000384 ox14-c000216 ox14-c000122,ox14-c000016 ox14-c000384 ox14-c000344 ox14-c000216 ox14-c000122,0.9000000000,false
local_qwen,ow14-s0023,positive,3,valid,ox14-c000016 ox14-c000344 ox14-c000384 ox14-c000216 ox14-c000122,ox14-c000016 ox14-c000384 ox14-c000344 ox14-c000216 ox14-c000122,0.9000000000,false
local_qwen,ow14-s0023,positive,4,valid,ox14-c000016 ox14-c000344 ox14-c000384 ox14-c000216 ox14-c000122,ox14-c000016 ox14-c000384 ox14-c000344 ox14-c000216 ox14-c000122,0.9000000000,false
local_qwen,ow14-s0023,positive,5,valid,ox14-c000016 ox14-c000344 ox14-c000384 ox14-c000216 ox14-c000122,ox14-c000016 ox14-c000384 ox14-c000344 ox14-c000216 ox14-c000122,0.9000000000,false
local_qwen,ow14-s0024,positive,1,valid,ox14-c000207 ox14-c000268 ox14-c000356 ox14-c000220 ox14-c000177,ox14-c000207 ox14-c000268 ox14-c000356 ox14-c000220 ox14-c000177,1.0000000000,true
local_qwen,ow14-s0024,positive,2,valid,ox14-c000207 ox14-c000268 ox14-c000356 ox14-c000220 ox14-c000177,ox14-c000207 ox14-c000268 ox14-c000356 ox14-c000220 ox14-c000177,1.0000000000,true
local_qwen,ow14-s0024,positive,3,valid,ox14-c000207 ox14-c000268 ox14-c000356 ox14-c000220 ox14-c000177,ox14-c000207 ox14-c000268 ox14-c000356 ox14-c000220 ox14-c000177,1.0000000000,true
local_qwen,ow14-s0024,positive,4,valid,ox14-c000207 ox14-c000268 ox14-c000356 ox14-c000220 ox14-c000177,ox14-c000207 ox14-c000268 ox14-c000356 ox14-c000220 ox14-c000177,1.0000000000,true
local_qwen,ow14-s0024,positive,5,valid,ox14-c000207 ox14-c000268 ox14-c000356 ox14-c000220 ox14-c000177,ox14-c000207 ox14-c000268 ox14-c000356 ox14-c000220 ox14-c000177,1.0000000000,true
local_qwen,ow14-s0025,positive,1,valid,ox14-c000026 ox14-c000061 ox14-c000434 ox14-c000314 ox14-c000309,ox14-c000026 ox14-c000061 ox14-c000434 ox14-c000314 ox14-c000309,1.0000000000,true
local_qwen,ow14-s0025,positive,2,valid,ox14-c000026 ox14-c000061 ox14-c000434 ox14-c000314 ox14-c000309,ox14-c000026 ox14-c000061 ox14-c000434 ox14-c000314 ox14-c000309,1.0000000000,true
local_qwen,ow14-s0025,positive,3,valid,ox14-c000026 ox14-c000061 ox14-c000434 ox14-c000314 ox14-c000309,ox14-c000026 ox14-c000061 ox14-c000434 ox14-c000314 ox14-c000309,1.0000000000,true
local_qwen,ow14-s0025,positive,4,valid,ox14-c000026 ox14-c000061 ox14-c000434 ox14-c000314 ox14-c000309,ox14-c000026 ox14-c000061 ox14-c000434 ox14-c000314 ox14-c000309,1.0000000000,true
local_qwen,ow14-s0025,positive,5,valid,ox14-c000026 ox14-c000061 ox14-c000434 ox14-c000314 ox14-c000309,ox14-c000026 ox14-c000061 ox14-c000434 ox14-c000314 ox14-c000309,1.0000000000,true
local_qwen,ow14-s0026,positive,1,valid,ox14-c000109 ox14-c000219 ox14-c000273 ox14-c000242 ox14-c000034,ox14-c000273 ox14-c000219 ox14-c000242 ox14-c000109 ox14-c000034,0.3000000000,false
local_qwen,ow14-s0026,positive,2,valid,ox14-c000109 ox14-c000219 ox14-c000273 ox14-c000242 ox14-c000034,ox14-c000273 ox14-c000219 ox14-c000242 ox14-c000109 ox14-c000034,0.3000000000,false
local_qwen,ow14-s0026,positive,3,valid,ox14-c000109 ox14-c000219 ox14-c000273 ox14-c000242 ox14-c000034,ox14-c000273 ox14-c000219 ox14-c000242 ox14-c000109 ox14-c000034,0.3000000000,false
local_qwen,ow14-s0026,positive,4,valid,ox14-c000109 ox14-c000219 ox14-c000273 ox14-c000242 ox14-c000034,ox14-c000273 ox14-c000219 ox14-c000242 ox14-c000109 ox14-c000034,0.3000000000,false
local_qwen,ow14-s0026,positive,5,valid,ox14-c000109 ox14-c000219 ox14-c000273 ox14-c000242 ox14-c000034,ox14-c000273 ox14-c000219 ox14-c000242 ox14-c000109 ox14-c000034,0.3000000000,false
local_qwen,ow14-s0027,positive,1,valid,ox14-c000405 ox14-c000303 ox14-c000101 ox14-c000363 ox14-c000241,ox14-c000363 ox14-c000405 ox14-c000303 ox14-c000101 ox14-c000241,0.4000000000,false
local_qwen,ow14-s0027,positive,2,valid,ox14-c000405 ox14-c000303 ox14-c000101 ox14-c000363 ox14-c000241,ox14-c000363 ox14-c000405 ox14-c000303 ox14-c000101 ox14-c000241,0.4000000000,false
local_qwen,ow14-s0027,positive,3,valid,ox14-c000405 ox14-c000303 ox14-c000101 ox14-c000363 ox14-c000241,ox14-c000363 ox14-c000405 ox14-c000303 ox14-c000101 ox14-c000241,0.4000000000,false
local_qwen,ow14-s0027,positive,4,valid,ox14-c000405 ox14-c000303 ox14-c000101 ox14-c000363 ox14-c000241,ox14-c000363 ox14-c000405 ox14-c000303 ox14-c000101 ox14-c000241,0.4000000000,false
local_qwen,ow14-s0027,positive,5,valid,ox14-c000405 ox14-c000303 ox14-c000101 ox14-c000363 ox14-c000241,ox14-c000363 ox14-c000405 ox14-c000303 ox14-c000101 ox14-c000241,0.4000000000,false
local_qwen,ow14-s0028,positive,1,valid,ox14-c000091 ox14-c000100 ox14-c000226 ox14-c000111 ox14-c000064,ox14-c000226 ox14-c000091 ox14-c000100 ox14-c000111 ox14-c000064,0.7000000000,false
local_qwen,ow14-s0028,positive,2,valid,ox14-c000091 ox14-c000100 ox14-c000226 ox14-c000111 ox14-c000064,ox14-c000226 ox14-c000091 ox14-c000100 ox14-c000111 ox14-c000064,0.7000000000,false
local_qwen,ow14-s0028,positive,3,valid,ox14-c000091 ox14-c000100 ox14-c000226 ox14-c000111 ox14-c000064,ox14-c000226 ox14-c000091 ox14-c000100 ox14-c000111 ox14-c000064,0.7000000000,false
local_qwen,ow14-s0028,positive,4,valid,ox14-c000091 ox14-c000100 ox14-c000226 ox14-c000111 ox14-c000064,ox14-c000226 ox14-c000091 ox14-c000100 ox14-c000111 ox14-c000064,0.7000000000,false
local_qwen,ow14-s0028,positive,5,valid,ox14-c000091 ox14-c000100 ox14-c000226 ox14-c000111 ox14-c000064,ox14-c000226 ox14-c000091 ox14-c000100 ox14-c000111 ox14-c000064,0.7000000000,false
local_qwen,ow14-s0029,positive,1,valid,ox14-c000212 ox14-c000387 ox14-c000048 ox14-c000141 ox14-c000057,ox14-c000141 ox14-c000212 ox14-c000387 ox14-c000048 ox14-c000057,0.4000000000,false
local_qwen,ow14-s0029,positive,2,valid,ox14-c000212 ox14-c000387 ox14-c000048 ox14-c000141 ox14-c000057,ox14-c000141 ox14-c000212 ox14-c000387 ox14-c000048 ox14-c000057,0.4000000000,false
local_qwen,ow14-s0029,positive,3,valid,ox14-c000212 ox14-c000387 ox14-c000048 ox14-c000141 ox14-c000057,ox14-c000141 ox14-c000212 ox14-c000387 ox14-c000048 ox14-c000057,0.4000000000,false
local_qwen,ow14-s0029,positive,4,valid,ox14-c000212 ox14-c000387 ox14-c000048 ox14-c000141 ox14-c000057,ox14-c000141 ox14-c000212 ox14-c000387 ox14-c000048 ox14-c000057,0.4000000000,false
local_qwen,ow14-s0029,positive,5,valid,ox14-c000212 ox14-c000387 ox14-c000048 ox14-c000141 ox14-c000057,ox14-c000141 ox14-c000212 ox14-c000387 ox14-c000048 ox14-c000057,0.4000000000,false
local_qwen,ow14-s0030,positive,1,valid,ox14-c000082 ox14-c000423 ox14-c000399 ox14-c000251 ox14-c000049,ox14-c000423 ox14-c000399 ox14-c000251 ox14-c000049 ox14-c000082,0.0000000000,false
local_qwen,ow14-s0030,positive,2,valid,ox14-c000082 ox14-c000423 ox14-c000399 ox14-c000251 ox14-c000049,ox14-c000423 ox14-c000399 ox14-c000251 ox14-c000049 ox14-c000082,0.0000000000,false
local_qwen,ow14-s0030,positive,3,valid,ox14-c000082 ox14-c000423 ox14-c000399 ox14-c000251 ox14-c000049,ox14-c000423 ox14-c000399 ox14-c000251 ox14-c000049 ox14-c000082,0.0000000000,false
local_qwen,ow14-s0030,positive,4,valid,ox14-c000082 ox14-c000423 ox14-c000399 ox14-c000251 ox14-c000049,ox14-c000423 ox14-c000399 ox14-c000251 ox14-c000049 ox14-c000082,0.0000000000,false
local_qwen,ow14-s0030,positive,5,valid,ox14-c000082 ox14-c000423 ox14-c000399 ox14-c000251 ox14-c000049,ox14-c000423 ox14-c000399 ox14-c000251 ox14-c000049 ox14-c000082,0.0000000000,false
local_qwen,ow14-s0031,positive,1,valid,ox14-c000410 ox14-c000085 ox14-c000296 ox14-c000069 ox14-c000077,ox14-c000296 ox14-c000085 ox14-c000069 ox14-c000077 ox14-c000410,-0.1000000000,false
local_qwen,ow14-s0031,positive,2,valid,ox14-c000410 ox14-c000085 ox14-c000296 ox14-c000069 ox14-c000077,ox14-c000296 ox14-c000085 ox14-c000069 ox14-c000077 ox14-c000410,-0.1000000000,false
local_qwen,ow14-s0031,positive,3,valid,ox14-c000410 ox14-c000085 ox14-c000296 ox14-c000069 ox14-c000077,ox14-c000296 ox14-c000085 ox14-c000069 ox14-c000077 ox14-c000410,-0.1000000000,false
local_qwen,ow14-s0031,positive,4,valid,ox14-c000410 ox14-c000085 ox14-c000296 ox14-c000069 ox14-c000077,ox14-c000296 ox14-c000085 ox14-c000069 ox14-c000077 ox14-c000410,-0.1000000000,false
local_qwen,ow14-s0031,positive,5,valid,ox14-c000410 ox14-c000085 ox14-c000296 ox14-c000069 ox14-c000077,ox14-c000296 ox14-c000085 ox14-c000069 ox14-c000077 ox14-c000410,-0.1000000000,false
local_qwen,ow14-s0032,positive,1,valid,ox14-c000132 ox14-c000118 ox14-c000395 ox14-c000353 ox14-c000223,ox14-c000132 ox14-c000118 ox14-c000395 ox14-c000353 ox14-c000223,1.0000000000,true
local_qwen,ow14-s0032,positive,2,valid,ox14-c000132 ox14-c000118 ox14-c000395 ox14-c000353 ox14-c000223,ox14-c000132 ox14-c000118 ox14-c000395 ox14-c000353 ox14-c000223,1.0000000000,true
local_qwen,ow14-s0032,positive,3,valid,ox14-c000132 ox14-c000118 ox14-c000395 ox14-c000353 ox14-c000223,ox14-c000132 ox14-c000118 ox14-c000395 ox14-c000353 ox14-c000223,1.0000000000,true
local_qwen,ow14-s0032,positive,4,valid,ox14-c000132 ox14-c000118 ox14-c000395 ox14-c000353 ox14-c000223,ox14-c000132 ox14-c000118 ox14-c000395 ox14-c000353 ox14-c000223,1.0000000000,true
local_qwen,ow14-s0032,positive,5,valid,ox14-c000132 ox14-c000118 ox14-c000395 ox14-c000353 ox14-c000223,ox14-c000132 ox14-c000118 ox14-c000395 ox14-c000353 ox14-c000223,1.0000000000,true
local_qwen,ow14-s0033,positive,1,valid,ox14-c000311 ox14-c000394 ox14-c000315 ox14-c000307 ox14-c000188,ox14-c000394 ox14-c000188 ox14-c000311 ox14-c000315 ox14-c000307,0.2000000000,false
local_qwen,ow14-s0033,positive,2,valid,ox14-c000311 ox14-c000394 ox14-c000315 ox14-c000307 ox14-c000188,ox14-c000394 ox14-c000188 ox14-c000311 ox14-c000315 ox14-c000307,0.2000000000,false
local_qwen,ow14-s0033,positive,3,valid,ox14-c000311 ox14-c000394 ox14-c000315 ox14-c000307 ox14-c000188,ox14-c000394 ox14-c000188 ox14-c000311 ox14-c000315 ox14-c000307,0.2000000000,false
local_qwen,ow14-s0033,positive,4,valid,ox14-c000311 ox14-c000394 ox14-c000315 ox14-c000307 ox14-c000188,ox14-c000394 ox14-c000188 ox14-c000311 ox14-c000315 ox14-c000307,0.2000000000,false
local_qwen,ow14-s0033,positive,5,valid,ox14-c000311 ox14-c000394 ox14-c000315 ox14-c000307 ox14-c000188,ox14-c000394 ox14-c000188 ox14-c000311 ox14-c000315 ox14-c000307,0.2000000000,false
local_qwen,ow14-s0034,positive,1,valid,ox14-c000161 ox14-c000167 ox14-c000027 ox14-c000404 ox14-c000351,ox14-c000027 ox14-c000161 ox14-c000167 ox14-c000351 ox14-c000404,0.6000000000,false
local_qwen,ow14-s0034,positive,2,valid,ox14-c000161 ox14-c000167 ox14-c000027 ox14-c000404 ox14-c000351,ox14-c000027 ox14-c000161 ox14-c000167 ox14-c000351 ox14-c000404,0.6000000000,false
local_qwen,ow14-s0034,positive,3,valid,ox14-c000161 ox14-c000167 ox14-c000027 ox14-c000404 ox14-c000351,ox14-c000027 ox14-c000161 ox14-c000167 ox14-c000351 ox14-c000404,0.6000000000,false
local_qwen,ow14-s0034,positive,4,valid,ox14-c000161 ox14-c000167 ox14-c000027 ox14-c000404 ox14-c000351,ox14-c000027 ox14-c000161 ox14-c000167 ox14-c000351 ox14-c000404,0.6000000000,false
local_qwen,ow14-s0034,positive,5,valid,ox14-c000161 ox14-c000167 ox14-c000027 ox14-c000404 ox14-c000351,ox14-c000027 ox14-c000161 ox14-c000167 ox14-c000351 ox14-c000404,0.6000000000,false
local_qwen,ow14-s0035,positive,1,valid,ox14-c000029 ox14-c000272 ox14-c000429 ox14-c000117 ox14-c000217,ox14-c000217 ox14-c000117 ox14-c000029 ox14-c000272 ox14-c000429,-0.6000000000,false
local_qwen,ow14-s0035,positive,2,valid,ox14-c000029 ox14-c000272 ox14-c000429 ox14-c000117 ox14-c000217,ox14-c000217 ox14-c000117 ox14-c000029 ox14-c000272 ox14-c000429,-0.6000000000,false
local_qwen,ow14-s0035,positive,3,valid,ox14-c000029 ox14-c000272 ox14-c000429 ox14-c000117 ox14-c000217,ox14-c000217 ox14-c000117 ox14-c000029 ox14-c000272 ox14-c000429,-0.6000000000,false
local_qwen,ow14-s0035,positive,4,valid,ox14-c000029 ox14-c000272 ox14-c000429 ox14-c000117 ox14-c000217,ox14-c000217 ox14-c000117 ox14-c000029 ox14-c000272 ox14-c000429,-0.6000000000,false
local_qwen,ow14-s0035,positive,5,valid,ox14-c000029 ox14-c000272 ox14-c000429 ox14-c000117 ox14-c000217,ox14-c000217 ox14-c000117 ox14-c000029 ox14-c000272 ox14-c000429,-0.6000000000,false
local_qwen,ow14-s0036,positive,1,valid,ox14-c000377 ox14-c000089 ox14-c000346 ox14-c000185 ox14-c000136,ox14-c000136 ox14-c000089 ox14-c000377 ox14-c000346 ox14-c000185,-0.1000000000,false
local_qwen,ow14-s0036,positive,2,valid,ox14-c000377 ox14-c000089 ox14-c000346 ox14-c000185 ox14-c000136,ox14-c000136 ox14-c000089 ox14-c000377 ox14-c000346 ox14-c000185,-0.1000000000,false
local_qwen,ow14-s0036,positive,3,valid,ox14-c000377 ox14-c000089 ox14-c000346 ox14-c000185 ox14-c000136,ox14-c000136 ox14-c000089 ox14-c000377 ox14-c000346 ox14-c000185,-0.1000000000,false
local_qwen,ow14-s0036,positive,4,valid,ox14-c000377 ox14-c000089 ox14-c000346 ox14-c000185 ox14-c000136,ox14-c000136 ox14-c000089 ox14-c000377 ox14-c000346 ox14-c000185,-0.1000000000,false
local_qwen,ow14-s0036,positive,5,valid,ox14-c000377 ox14-c000089 ox14-c000346 ox14-c000185 ox14-c000136,ox14-c000136 ox14-c000089 ox14-c000377 ox14-c000346 ox14-c000185,-0.1000000000,false
local_qwen,ow14-s0037,positive,1,valid,ox14-c000247 ox14-c000070 ox14-c000198 ox14-c000190 ox14-c000396,ox14-c000070 ox14-c000198 ox14-c000190 ox14-c000396 ox14-c000247,0.0000000000,false
local_qwen,ow14-s0037,positive,2,valid,ox14-c000247 ox14-c000070 ox14-c000198 ox14-c000190 ox14-c000396,ox14-c000070 ox14-c000198 ox14-c000190 ox14-c000396 ox14-c000247,0.0000000000,false
local_qwen,ow14-s0037,positive,3,valid,ox14-c000247 ox14-c000070 ox14-c000198 ox14-c000190 ox14-c000396,ox14-c000070 ox14-c000198 ox14-c000190 ox14-c000396 ox14-c000247,0.0000000000,false
local_qwen,ow14-s0037,positive,4,valid,ox14-c000247 ox14-c000070 ox14-c000198 ox14-c000190 ox14-c000396,ox14-c000070 ox14-c000198 ox14-c000190 ox14-c000396 ox14-c000247,0.0000000000,false
local_qwen,ow14-s0037,positive,5,valid,ox14-c000247 ox14-c000070 ox14-c000198 ox14-c000190 ox14-c000396,ox14-c000070 ox14-c000198 ox14-c000190 ox14-c000396 ox14-c000247,0.0000000000,false
local_qwen,ow14-s0038,positive,1,valid,ox14-c000099 ox14-c000056 ox14-c000023 ox14-c000171 ox14-c000102,ox14-c000099 ox14-c000056 ox14-c000023 ox14-c000171 ox14-c000102,1.0000000000,true
local_qwen,ow14-s0038,positive,2,valid,ox14-c000099 ox14-c000056 ox14-c000023 ox14-c000171 ox14-c000102,ox14-c000099 ox14-c000056 ox14-c000023 ox14-c000171 ox14-c000102,1.0000000000,true
local_qwen,ow14-s0038,positive,3,valid,ox14-c000099 ox14-c000056 ox14-c000023 ox14-c000171 ox14-c000102,ox14-c000099 ox14-c000056 ox14-c000023 ox14-c000171 ox14-c000102,1.0000000000,true
local_qwen,ow14-s0038,positive,4,valid,ox14-c000099 ox14-c000056 ox14-c000023 ox14-c000171 ox14-c000102,ox14-c000099 ox14-c000056 ox14-c000023 ox14-c000171 ox14-c000102,1.0000000000,true
local_qwen,ow14-s0038,positive,5,valid,ox14-c000099 ox14-c000056 ox14-c000023 ox14-c000171 ox14-c000102,ox14-c000099 ox14-c000056 ox14-c000023 ox14-c000171 ox14-c000102,1.0000000000,true
local_qwen,ow14-s0039,positive,1,valid,ox14-c000348 ox14-c000030 ox14-c000236 ox14-c000305 ox14-c000189,ox14-c000236 ox14-c000348 ox14-c000189 ox14-c000030 ox14-c000305,0.3000000000,false
local_qwen,ow14-s0039,positive,2,valid,ox14-c000348 ox14-c000030 ox14-c000236 ox14-c000305 ox14-c000189,ox14-c000236 ox14-c000348 ox14-c000189 ox14-c000030 ox14-c000305,0.3000000000,false
local_qwen,ow14-s0039,positive,3,valid,ox14-c000348 ox14-c000030 ox14-c000236 ox14-c000305 ox14-c000189,ox14-c000236 ox14-c000348 ox14-c000189 ox14-c000030 ox14-c000305,0.3000000000,false
local_qwen,ow14-s0039,positive,4,valid,ox14-c000348 ox14-c000030 ox14-c000236 ox14-c000305 ox14-c000189,ox14-c000236 ox14-c000348 ox14-c000189 ox14-c000030 ox14-c000305,0.3000000000,false
local_qwen,ow14-s0039,positive,5,valid,ox14-c000348 ox14-c000030 ox14-c000236 ox14-c000305 ox14-c000189,ox14-c000236 ox14-c000348 ox14-c000189 ox14-c000030 ox14-c000305,0.3000000000,false
local_qwen,ow14-s0040,positive,1,valid,ox14-c000341 ox14-c000324 ox14-c000209 ox14-c000426 ox14-c000083,ox14-c000426 ox14-c000341 ox14-c000324 ox14-c000209 ox14-c000083,0.4000000000,false
local_qwen,ow14-s0040,positive,2,valid,ox14-c000341 ox14-c000324 ox14-c000209 ox14-c000426 ox14-c000083,ox14-c000426 ox14-c000341 ox14-c000324 ox14-c000209 ox14-c000083,0.4000000000,false
local_qwen,ow14-s0040,positive,3,valid,ox14-c000341 ox14-c000324 ox14-c000209 ox14-c000426 ox14-c000083,ox14-c000426 ox14-c000341 ox14-c000324 ox14-c000209 ox14-c000083,0.4000000000,false
local_qwen,ow14-s0040,positive,4,valid,ox14-c000341 ox14-c000324 ox14-c000209 ox14-c000426 ox14-c000083,ox14-c000426 ox14-c000341 ox14-c000324 ox14-c000209 ox14-c000083,0.4000000000,false
local_qwen,ow14-s0040,positive,5,valid,ox14-c000341 ox14-c000324 ox14-c000209 ox14-c000426 ox14-c000083,ox14-c000426 ox14-c000341 ox14-c000324 ox14-c000209 ox14-c000083,0.4000000000,false
local_qwen,ow14-s0041,positive,1,valid,ox14-c000184 ox14-c000327 ox14-c000254 ox14-c000259 ox14-c000333,ox14-c000184 ox14-c000327 ox14-c000254 ox14-c000259 ox14-c000333,1.0000000000,true
local_qwen,ow14-s0041,positive,2,valid,ox14-c000184 ox14-c000327 ox14-c000254 ox14-c000259 ox14-c000333,ox14-c000184 ox14-c000327 ox14-c000254 ox14-c000259 ox14-c000333,1.0000000000,true
local_qwen,ow14-s0041,positive,3,valid,ox14-c000184 ox14-c000327 ox14-c000254 ox14-c000259 ox14-c000333,ox14-c000184 ox14-c000327 ox14-c000254 ox14-c000259 ox14-c000333,1.0000000000,true
local_qwen,ow14-s0041,positive,4,valid,ox14-c000184 ox14-c000327 ox14-c000254 ox14-c000259 ox14-c000333,ox14-c000184 ox14-c000327 ox14-c000254 ox14-c000259 ox14-c000333,1.0000000000,true
local_qwen,ow14-s0041,positive,5,valid,ox14-c000184 ox14-c000327 ox14-c000254 ox14-c000259 ox14-c000333,ox14-c000184 ox14-c000327 ox14-c000254 ox14-c000259 ox14-c000333,1.0000000000,true
local_qwen,ow14-s0042,positive,1,valid,ox14-c000328 ox14-c000229 ox14-c000031 ox14-c000355 ox14-c000278,ox14-c000229 ox14-c000328 ox14-c000355 ox14-c000278 ox14-c000031,0.6000000000,false
local_qwen,ow14-s0042,positive,2,valid,ox14-c000328 ox14-c000229 ox14-c000031 ox14-c000355 ox14-c000278,ox14-c000229 ox14-c000328 ox14-c000355 ox14-c000278 ox14-c000031,0.6000000000,false
local_qwen,ow14-s0042,positive,3,valid,ox14-c000328 ox14-c000229 ox14-c000031 ox14-c000355 ox14-c000278,ox14-c000229 ox14-c000328 ox14-c000355 ox14-c000278 ox14-c000031,0.6000000000,false
local_qwen,ow14-s0042,positive,4,valid,ox14-c000328 ox14-c000229 ox14-c000031 ox14-c000355 ox14-c000278,ox14-c000229 ox14-c000328 ox14-c000355 ox14-c000278 ox14-c000031,0.6000000000,false
local_qwen,ow14-s0042,positive,5,valid,ox14-c000328 ox14-c000229 ox14-c000031 ox14-c000355 ox14-c000278,ox14-c000229 ox14-c000328 ox14-c000355 ox14-c000278 ox14-c000031,0.6000000000,false
local_qwen,ow14-s0043,positive,1,valid,ox14-c000125 ox14-c000204 ox14-c000065 ox14-c000200 ox14-c000294,ox14-c000294 ox14-c000125 ox14-c000204 ox14-c000065 ox14-c000200,0.0000000000,false
local_qwen,ow14-s0043,positive,2,valid,ox14-c000125 ox14-c000204 ox14-c000065 ox14-c000200 ox14-c000294,ox14-c000294 ox14-c000125 ox14-c000204 ox14-c000065 ox14-c000200,0.0000000000,false
local_qwen,ow14-s0043,positive,3,valid,ox14-c000125 ox14-c000204 ox14-c000065 ox14-c000200 ox14-c000294,ox14-c000294 ox14-c000125 ox14-c000204 ox14-c000065 ox14-c000200,0.0000000000,false
local_qwen,ow14-s0043,positive,4,valid,ox14-c000125 ox14-c000204 ox14-c000065 ox14-c000200 ox14-c000294,ox14-c000294 ox14-c000125 ox14-c000204 ox14-c000065 ox14-c000200,0.0000000000,false
local_qwen,ow14-s0043,positive,5,valid,ox14-c000125 ox14-c000204 ox14-c000065 ox14-c000200 ox14-c000294,ox14-c000294 ox14-c000125 ox14-c000204 ox14-c000065 ox14-c000200,0.0000000000,false
local_qwen,ow14-s0044,positive,1,valid,ox14-c000397 ox14-c000164 ox14-c000409 ox14-c000044 ox14-c000066,ox14-c000044 ox14-c000397 ox14-c000409 ox14-c000164 ox14-c000066,0.3000000000,false
local_qwen,ow14-s0044,positive,2,valid,ox14-c000397 ox14-c000164 ox14-c000409 ox14-c000044 ox14-c000066,ox14-c000044 ox14-c000397 ox14-c000409 ox14-c000164 ox14-c000066,0.3000000000,false
local_qwen,ow14-s0044,positive,3,valid,ox14-c000397 ox14-c000164 ox14-c000409 ox14-c000044 ox14-c000066,ox14-c000044 ox14-c000397 ox14-c000409 ox14-c000164 ox14-c000066,0.3000000000,false
local_qwen,ow14-s0044,positive,4,valid,ox14-c000397 ox14-c000164 ox14-c000409 ox14-c000044 ox14-c000066,ox14-c000044 ox14-c000397 ox14-c000409 ox14-c000164 ox14-c000066,0.3000000000,false
local_qwen,ow14-s0044,positive,5,valid,ox14-c000397 ox14-c000164 ox14-c000409 ox14-c000044 ox14-c000066,ox14-c000044 ox14-c000397 ox14-c000409 ox14-c000164 ox14-c000066,0.3000000000,false
local_qwen,ow14-s0045,positive,1,valid,ox14-c000174 ox14-c000432 ox14-c000112 ox14-c000208 ox14-c000261,ox14-c000174 ox14-c000432 ox14-c000112 ox14-c000208 ox14-c000261,1.0000000000,true
local_qwen,ow14-s0045,positive,2,valid,ox14-c000174 ox14-c000432 ox14-c000112 ox14-c000208 ox14-c000261,ox14-c000174 ox14-c000432 ox14-c000112 ox14-c000208 ox14-c000261,1.0000000000,true
local_qwen,ow14-s0045,positive,3,valid,ox14-c000174 ox14-c000432 ox14-c000112 ox14-c000208 ox14-c000261,ox14-c000174 ox14-c000432 ox14-c000112 ox14-c000208 ox14-c000261,1.0000000000,true
local_qwen,ow14-s0045,positive,4,valid,ox14-c000174 ox14-c000432 ox14-c000112 ox14-c000208 ox14-c000261,ox14-c000174 ox14-c000432 ox14-c000112 ox14-c000208 ox14-c000261,1.0000000000,true
local_qwen,ow14-s0045,positive,5,valid,ox14-c000174 ox14-c000432 ox14-c000112 ox14-c000208 ox14-c000261,ox14-c000174 ox14-c000432 ox14-c000112 ox14-c000208 ox14-c000261,1.0000000000,true
local_qwen,ow14-s0046,positive,1,valid,ox14-c000310 ox14-c000408 ox14-c000414 ox14-c000224 ox14-c000362,ox14-c000408 ox14-c000414 ox14-c000310 ox14-c000224 ox14-c000362,0.7000000000,false
local_qwen,ow14-s0046,positive,2,valid,ox14-c000310 ox14-c000408 ox14-c000414 ox14-c000224 ox14-c000362,ox14-c000408 ox14-c000414 ox14-c000310 ox14-c000224 ox14-c000362,0.7000000000,false
local_qwen,ow14-s0046,positive,3,valid,ox14-c000310 ox14-c000408 ox14-c000414 ox14-c000224 ox14-c000362,ox14-c000408 ox14-c000414 ox14-c000310 ox14-c000224 ox14-c000362,0.7000000000,false
local_qwen,ow14-s0046,positive,4,valid,ox14-c000310 ox14-c000408 ox14-c000414 ox14-c000224 ox14-c000362,ox14-c000408 ox14-c000414 ox14-c000310 ox14-c000224 ox14-c000362,0.7000000000,false
local_qwen,ow14-s0046,positive,5,valid,ox14-c000310 ox14-c000408 ox14-c000414 ox14-c000224 ox14-c000362,ox14-c000408 ox14-c000414 ox14-c000310 ox14-c000224 ox14-c000362,0.7000000000,false
local_qwen,ow14-s0047,positive,1,valid,ox14-c000036 ox14-c000210 ox14-c000134 ox14-c000402 ox14-c000391,ox14-c000036 ox14-c000210 ox14-c000134 ox14-c000402 ox14-c000391,1.0000000000,true
local_qwen,ow14-s0047,positive,2,valid,ox14-c000036 ox14-c000210 ox14-c000134 ox14-c000402 ox14-c000391,ox14-c000036 ox14-c000210 ox14-c000134 ox14-c000402 ox14-c000391,1.0000000000,true
local_qwen,ow14-s0047,positive,3,valid,ox14-c000036 ox14-c000210 ox14-c000134 ox14-c000402 ox14-c000391,ox14-c000036 ox14-c000210 ox14-c000134 ox14-c000402 ox14-c000391,1.0000000000,true
local_qwen,ow14-s0047,positive,4,valid,ox14-c000036 ox14-c000210 ox14-c000134 ox14-c000402 ox14-c000391,ox14-c000036 ox14-c000210 ox14-c000134 ox14-c000402 ox14-c000391,1.0000000000,true
local_qwen,ow14-s0047,positive,5,valid,ox14-c000036 ox14-c000210 ox14-c000134 ox14-c000402 ox14-c000391,ox14-c000036 ox14-c000210 ox14-c000134 ox14-c000402 ox14-c000391,1.0000000000,true
local_qwen,ow14-s0048,positive,1,valid,ox14-c000032 ox14-c000067 ox14-c000252 ox14-c000225 ox14-c000320,ox14-c000032 ox14-c000067 ox14-c000252 ox14-c000225 ox14-c000320,1.0000000000,true
local_qwen,ow14-s0048,positive,2,valid,ox14-c000032 ox14-c000067 ox14-c000252 ox14-c000225 ox14-c000320,ox14-c000032 ox14-c000067 ox14-c000252 ox14-c000225 ox14-c000320,1.0000000000,true
local_qwen,ow14-s0048,positive,3,valid,ox14-c000032 ox14-c000067 ox14-c000252 ox14-c000225 ox14-c000320,ox14-c000032 ox14-c000067 ox14-c000252 ox14-c000225 ox14-c000320,1.0000000000,true
local_qwen,ow14-s0048,positive,4,valid,ox14-c000032 ox14-c000067 ox14-c000252 ox14-c000225 ox14-c000320,ox14-c000032 ox14-c000067 ox14-c000252 ox14-c000225 ox14-c000320,1.0000000000,true
local_qwen,ow14-s0048,positive,5,valid,ox14-c000032 ox14-c000067 ox14-c000252 ox14-c000225 ox14-c000320,ox14-c000032 ox14-c000067 ox14-c000252 ox14-c000225 ox14-c000320,1.0000000000,true
local_qwen,ow14-s0049,positive,1,valid,ox14-c000140 ox14-c000165 ox14-c000090 ox14-c000186 ox14-c000369,ox14-c000165 ox14-c000186 ox14-c000090 ox14-c000369 ox14-c000140,-0.1000000000,false
local_qwen,ow14-s0049,positive,2,valid,ox14-c000140 ox14-c000165 ox14-c000090 ox14-c000186 ox14-c000369,ox14-c000165 ox14-c000186 ox14-c000090 ox14-c000369 ox14-c000140,-0.1000000000,false
local_qwen,ow14-s0049,positive,3,valid,ox14-c000140 ox14-c000165 ox14-c000090 ox14-c000186 ox14-c000369,ox14-c000165 ox14-c000186 ox14-c000090 ox14-c000369 ox14-c000140,-0.1000000000,false
local_qwen,ow14-s0049,positive,4,valid,ox14-c000140 ox14-c000165 ox14-c000090 ox14-c000186 ox14-c000369,ox14-c000165 ox14-c000186 ox14-c000090 ox14-c000369 ox14-c000140,-0.1000000000,false
local_qwen,ow14-s0049,positive,5,valid,ox14-c000140 ox14-c000165 ox14-c000090 ox14-c000186 ox14-c000369,ox14-c000165 ox14-c000186 ox14-c000090 ox14-c000369 ox14-c000140,-0.1000000000,false
local_qwen,ow14-s0050,positive,1,valid,ox14-c000072 ox14-c000081 ox14-c000368 ox14-c000389 ox14-c000265,ox14-c000072 ox14-c000389 ox14-c000265 ox14-c000081 ox14-c000368,0.2000000000,false
local_qwen,ow14-s0050,positive,2,valid,ox14-c000072 ox14-c000081 ox14-c000368 ox14-c000389 ox14-c000265,ox14-c000072 ox14-c000389 ox14-c000265 ox14-c000081 ox14-c000368,0.2000000000,false
local_qwen,ow14-s0050,positive,3,valid,ox14-c000072 ox14-c000081 ox14-c000368 ox14-c000389 ox14-c000265,ox14-c000072 ox14-c000389 ox14-c000265 ox14-c000081 ox14-c000368,0.2000000000,false
local_qwen,ow14-s0050,positive,4,valid,ox14-c000072 ox14-c000081 ox14-c000368 ox14-c000389 ox14-c000265,ox14-c000072 ox14-c000389 ox14-c000265 ox14-c000081 ox14-c000368,0.2000000000,false
local_qwen,ow14-s0050,positive,5,valid,ox14-c000072 ox14-c000081 ox14-c000368 ox14-c000389 ox14-c000265,ox14-c000072 ox14-c000389 ox14-c000265 ox14-c000081 ox14-c000368,0.2000000000,false
local_qwen,ow14-s0051,positive,1,valid,ox14-c000246 ox14-c000046 ox14-c000234 ox14-c000323 ox14-c000211,ox14-c000234 ox14-c000246 ox14-c000046 ox14-c000323 ox14-c000211,0.7000000000,false
local_qwen,ow14-s0051,positive,2,valid,ox14-c000246 ox14-c000046 ox14-c000234 ox14-c000323 ox14-c000211,ox14-c000234 ox14-c000246 ox14-c000046 ox14-c000323 ox14-c000211,0.7000000000,false
local_qwen,ow14-s0051,positive,3,valid,ox14-c000246 ox14-c000046 ox14-c000234 ox14-c000323 ox14-c000211,ox14-c000234 ox14-c000246 ox14-c000046 ox14-c000323 ox14-c000211,0.7000000000,false
local_qwen,ow14-s0051,positive,4,valid,ox14-c000246 ox14-c000046 ox14-c000234 ox14-c000323 ox14-c000211,ox14-c000234 ox14-c000246 ox14-c000046 ox14-c000323 ox14-c000211,0.7000000000,false
local_qwen,ow14-s0051,positive,5,valid,ox14-c000246 ox14-c000046 ox14-c000234 ox14-c000323 ox14-c000211,ox14-c000234 ox14-c000246 ox14-c000046 ox14-c000323 ox14-c000211,0.7000000000,false
local_qwen,ow14-s0052,positive,1,valid,ox14-c000025 ox14-c000181 ox14-c000231 ox14-c000108 ox14-c000121,ox14-c000231 ox14-c000181 ox14-c000108 ox14-c000121 ox14-c000025,-0.1000000000,false
local_qwen,ow14-s0052,positive,2,valid,ox14-c000025 ox14-c000181 ox14-c000231 ox14-c000108 ox14-c000121,ox14-c000231 ox14-c000181 ox14-c000108 ox14-c000121 ox14-c000025,-0.1000000000,false
local_qwen,ow14-s0052,positive,3,valid,ox14-c000025 ox14-c000181 ox14-c000231 ox14-c000108 ox14-c000121,ox14-c000231 ox14-c000181 ox14-c000108 ox14-c000121 ox14-c000025,-0.1000000000,false
local_qwen,ow14-s0052,positive,4,valid,ox14-c000025 ox14-c000181 ox14-c000231 ox14-c000108 ox14-c000121,ox14-c000231 ox14-c000181 ox14-c000108 ox14-c000121 ox14-c000025,-0.1000000000,false
local_qwen,ow14-s0052,positive,5,valid,ox14-c000025 ox14-c000181 ox14-c000231 ox14-c000108 ox14-c000121,ox14-c000231 ox14-c000181 ox14-c000108 ox14-c000121 ox14-c000025,-0.1000000000,false
local_qwen,ow14-s0053,positive,1,valid,ox14-c000012 ox14-c000037 ox14-c000042 ox14-c000197 ox14-c000058,ox14-c000012 ox14-c000037 ox14-c000042 ox14-c000197 ox14-c000058,1.0000000000,true
local_qwen,ow14-s0053,positive,2,valid,ox14-c000012 ox14-c000037 ox14-c000042 ox14-c000197 ox14-c000058,ox14-c000012 ox14-c000037 ox14-c000042 ox14-c000197 ox14-c000058,1.0000000000,true
local_qwen,ow14-s0053,positive,3,valid,ox14-c000012 ox14-c000037 ox14-c000042 ox14-c000197 ox14-c000058,ox14-c000012 ox14-c000037 ox14-c000042 ox14-c000197 ox14-c000058,1.0000000000,true
local_qwen,ow14-s0053,positive,4,valid,ox14-c000012 ox14-c000037 ox14-c000042 ox14-c000197 ox14-c000058,ox14-c000012 ox14-c000037 ox14-c000042 ox14-c000197 ox14-c000058,1.0000000000,true
local_qwen,ow14-s0053,positive,5,valid,ox14-c000012 ox14-c000037 ox14-c000042 ox14-c000197 ox14-c000058,ox14-c000012 ox14-c000037 ox14-c000042 ox14-c000197 ox14-c000058,1.0000000000,true
local_qwen,ow14-s0054,positive,1,valid,ox14-c000245 ox14-c000086 ox14-c000374 ox14-c000354 ox14-c000270,ox14-c000245 ox14-c000270 ox14-c000354 ox14-c000086 ox14-c000374,0.1000000000,false
local_qwen,ow14-s0054,positive,2,valid,ox14-c000245 ox14-c000086 ox14-c000374 ox14-c000354 ox14-c000270,ox14-c000245 ox14-c000270 ox14-c000354 ox14-c000086 ox14-c000374,0.1000000000,false
local_qwen,ow14-s0054,positive,3,valid,ox14-c000245 ox14-c000086 ox14-c000374 ox14-c000354 ox14-c000270,ox14-c000245 ox14-c000270 ox14-c000354 ox14-c000086 ox14-c000374,0.1000000000,false
local_qwen,ow14-s0054,positive,4,valid,ox14-c000245 ox14-c000086 ox14-c000374 ox14-c000354 ox14-c000270,ox14-c000245 ox14-c000270 ox14-c000354 ox14-c000086 ox14-c000374,0.1000000000,false
local_qwen,ow14-s0054,positive,5,valid,ox14-c000245 ox14-c000086 ox14-c000374 ox14-c000354 ox14-c000270,ox14-c000245 ox14-c000270 ox14-c000354 ox14-c000086 ox14-c000374,0.1000000000,false
local_qwen,ow14-s0055,positive,1,valid,ox14-c000127 ox14-c000228 ox14-c000087 ox14-c000033 ox14-c000075,ox14-c000033 ox14-c000127 ox14-c000075 ox14-c000228 ox14-c000087,-0.1000000000,false
local_qwen,ow14-s0055,positive,2,valid,ox14-c000127 ox14-c000228 ox14-c000087 ox14-c000033 ox14-c000075,ox14-c000033 ox14-c000127 ox14-c000075 ox14-c000228 ox14-c000087,-0.1000000000,false
local_qwen,ow14-s0055,positive,3,valid,ox14-c000127 ox14-c000228 ox14-c000087 ox14-c000033 ox14-c000075,ox14-c000033 ox14-c000127 ox14-c000075 ox14-c000228 ox14-c000087,-0.1000000000,false
local_qwen,ow14-s0055,positive,4,valid,ox14-c000127 ox14-c000228 ox14-c000087 ox14-c000033 ox14-c000075,ox14-c000033 ox14-c000127 ox14-c000075 ox14-c000228 ox14-c000087,-0.1000000000,false
local_qwen,ow14-s0055,positive,5,valid,ox14-c000127 ox14-c000228 ox14-c000087 ox14-c000033 ox14-c000075,ox14-c000033 ox14-c000127 ox14-c000075 ox14-c000228 ox14-c000087,-0.1000000000,false
local_qwen,ow14-s0056,positive,1,valid,ox14-c000277 ox14-c000406 ox14-c000352 ox14-c000297 ox14-c000412,ox14-c000297 ox14-c000352 ox14-c000406 ox14-c000412 ox14-c000277,-0.4000000000,false
local_qwen,ow14-s0056,positive,2,valid,ox14-c000277 ox14-c000406 ox14-c000352 ox14-c000297 ox14-c000412,ox14-c000297 ox14-c000352 ox14-c000406 ox14-c000412 ox14-c000277,-0.4000000000,false
local_qwen,ow14-s0056,positive,3,valid,ox14-c000277 ox14-c000406 ox14-c000352 ox14-c000297 ox14-c000412,ox14-c000297 ox14-c000352 ox14-c000406 ox14-c000412 ox14-c000277,-0.4000000000,false
local_qwen,ow14-s0056,positive,4,valid,ox14-c000277 ox14-c000406 ox14-c000352 ox14-c000297 ox14-c000412,ox14-c000297 ox14-c000352 ox14-c000406 ox14-c000412 ox14-c000277,-0.4000000000,false
local_qwen,ow14-s0056,positive,5,valid,ox14-c000277 ox14-c000406 ox14-c000352 ox14-c000297 ox14-c000412,ox14-c000297 ox14-c000352 ox14-c000406 ox14-c000412 ox14-c000277,-0.4000000000,false
local_qwen,ow14-s0057,positive,1,valid,ox14-c000113 ox14-c000060 ox14-c000357 ox14-c000092 ox14-c000183,ox14-c000113 ox14-c000060 ox14-c000357 ox14-c000092 ox14-c000183,1.0000000000,true
local_qwen,ow14-s0057,positive,2,valid,ox14-c000113 ox14-c000060 ox14-c000357 ox14-c000092 ox14-c000183,ox14-c000113 ox14-c000060 ox14-c000357 ox14-c000092 ox14-c000183,1.0000000000,true
local_qwen,ow14-s0057,positive,3,valid,ox14-c000113 ox14-c000060 ox14-c000357 ox14-c000092 ox14-c000183,ox14-c000113 ox14-c000060 ox14-c000357 ox14-c000092 ox14-c000183,1.0000000000,true
local_qwen,ow14-s0057,positive,4,valid,ox14-c000113 ox14-c000060 ox14-c000357 ox14-c000092 ox14-c000183,ox14-c000113 ox14-c000060 ox14-c000357 ox14-c000092 ox14-c000183,1.0000000000,true
local_qwen,ow14-s0057,positive,5,valid,ox14-c000113 ox14-c000060 ox14-c000357 ox14-c000092 ox14-c000183,ox14-c000113 ox14-c000060 ox14-c000357 ox14-c000092 ox14-c000183,1.0000000000,true
local_qwen,ow14-s0058,positive,1,valid,ox14-c000425 ox14-c000293 ox14-c000381 ox14-c000103 ox14-c000398,ox14-c000293 ox14-c000381 ox14-c000103 ox14-c000398 ox14-c000425,0.0000000000,false
local_qwen,ow14-s0058,positive,2,valid,ox14-c000425 ox14-c000293 ox14-c000381 ox14-c000103 ox14-c000398,ox14-c000293 ox14-c000381 ox14-c000103 ox14-c000398 ox14-c000425,0.0000000000,false
local_qwen,ow14-s0058,positive,3,valid,ox14-c000425 ox14-c000293 ox14-c000381 ox14-c000103 ox14-c000398,ox14-c000293 ox14-c000381 ox14-c000103 ox14-c000398 ox14-c000425,0.0000000000,false
local_qwen,ow14-s0058,positive,4,valid,ox14-c000425 ox14-c000293 ox14-c000381 ox14-c000103 ox14-c000398,ox14-c000293 ox14-c000381 ox14-c000103 ox14-c000398 ox14-c000425,0.0000000000,false
local_qwen,ow14-s0058,positive,5,valid,ox14-c000425 ox14-c000293 ox14-c000381 ox14-c000103 ox14-c000398,ox14-c000293 ox14-c000381 ox14-c000103 ox14-c000398 ox14-c000425,0.0000000000,false
local_qwen,ow14-s0059,positive,1,valid,ox14-c000093 ox14-c000373 ox14-c000422 ox14-c000107 ox14-c000129,ox14-c000422 ox14-c000107 ox14-c000129 ox14-c000373 ox14-c000093,-0.6000000000,false
local_qwen,ow14-s0059,positive,2,valid,ox14-c000093 ox14-c000373 ox14-c000422 ox14-c000107 ox14-c000129,ox14-c000422 ox14-c000107 ox14-c000129 ox14-c000373 ox14-c000093,-0.6000000000,false
local_qwen,ow14-s0059,positive,3,valid,ox14-c000093 ox14-c000373 ox14-c000422 ox14-c000107 ox14-c000129,ox14-c000422 ox14-c000107 ox14-c000129 ox14-c000373 ox14-c000093,-0.6000000000,false
local_qwen,ow14-s0059,positive,4,valid,ox14-c000093 ox14-c000373 ox14-c000422 ox14-c000107 ox14-c000129,ox14-c000422 ox14-c000107 ox14-c000129 ox14-c000373 ox14-c000093,-0.6000000000,false
local_qwen,ow14-s0059,positive,5,valid,ox14-c000093 ox14-c000373 ox14-c000422 ox14-c000107 ox14-c000129,ox14-c000422 ox14-c000107 ox14-c000129 ox14-c000373 ox14-c000093,-0.6000000000,false
local_qwen,ow14-s0060,positive,1,valid,ox14-c000427 ox14-c000084 ox14-c000337 ox14-c000053 ox14-c000350,ox14-c000084 ox14-c000337 ox14-c000350 ox14-c000053 ox14-c000427,-0.1000000000,false
local_qwen,ow14-s0060,positive,2,valid,ox14-c000427 ox14-c000084 ox14-c000337 ox14-c000053 ox14-c000350,ox14-c000084 ox14-c000337 ox14-c000350 ox14-c000053 ox14-c000427,-0.1000000000,false
local_qwen,ow14-s0060,positive,3,valid,ox14-c000427 ox14-c000084 ox14-c000337 ox14-c000053 ox14-c000350,ox14-c000084 ox14-c000337 ox14-c000350 ox14-c000053 ox14-c000427,-0.1000000000,false
local_qwen,ow14-s0060,positive,4,valid,ox14-c000427 ox14-c000084 ox14-c000337 ox14-c000053 ox14-c000350,ox14-c000084 ox14-c000337 ox14-c000350 ox14-c000053 ox14-c000427,-0.1000000000,false
local_qwen,ow14-s0060,positive,5,valid,ox14-c000427 ox14-c000084 ox14-c000337 ox14-c000053 ox14-c000350,ox14-c000084 ox14-c000337 ox14-c000350 ox14-c000053 ox14-c000427,-0.1000000000,false
local_qwen,ow14-s0061,positive,1,valid,ox14-c000384 ox14-c000016 ox14-c000344 ox14-c000002 ox14-c000216,ox14-c000384 ox14-c000344 ox14-c000216 ox14-c000016 ox14-c000002,0.5000000000,false
local_qwen,ow14-s0061,positive,2,valid,ox14-c000384 ox14-c000016 ox14-c000344 ox14-c000002 ox14-c000216,ox14-c000384 ox14-c000344 ox14-c000216 ox14-c000016 ox14-c000002,0.5000000000,false
local_qwen,ow14-s0061,positive,3,valid,ox14-c000384 ox14-c000016 ox14-c000344 ox14-c000002 ox14-c000216,ox14-c000384 ox14-c000344 ox14-c000216 ox14-c000016 ox14-c000002,0.5000000000,false
local_qwen,ow14-s0061,positive,4,valid,ox14-c000384 ox14-c000016 ox14-c000344 ox14-c000002 ox14-c000216,ox14-c000384 ox14-c000344 ox14-c000216 ox14-c000016 ox14-c000002,0.5000000000,false
local_qwen,ow14-s0061,positive,5,valid,ox14-c000384 ox14-c000016 ox14-c000344 ox14-c000002 ox14-c000216,ox14-c000384 ox14-c000344 ox14-c000216 ox14-c000016 ox14-c000002,0.5000000000,false
local_qwen,ow14-s0062,positive,1,valid,ox14-c000220 ox14-c000177 ox14-c000079 ox14-c000207 ox14-c000268,ox14-c000268 ox14-c000207 ox14-c000220 ox14-c000177 ox14-c000079,-0.6000000000,false
local_qwen,ow14-s0062,positive,2,valid,ox14-c000220 ox14-c000177 ox14-c000079 ox14-c000207 ox14-c000268,ox14-c000268 ox14-c000207 ox14-c000220 ox14-c000177 ox14-c000079,-0.6000000000,false
local_qwen,ow14-s0062,positive,3,valid,ox14-c000220 ox14-c000177 ox14-c000079 ox14-c000207 ox14-c000268,ox14-c000268 ox14-c000207 ox14-c000220 ox14-c000177 ox14-c000079,-0.6000000000,false
local_qwen,ow14-s0062,positive,4,valid,ox14-c000220 ox14-c000177 ox14-c000079 ox14-c000207 ox14-c000268,ox14-c000268 ox14-c000207 ox14-c000220 ox14-c000177 ox14-c000079,-0.6000000000,false
local_qwen,ow14-s0062,positive,5,valid,ox14-c000220 ox14-c000177 ox14-c000079 ox14-c000207 ox14-c000268,ox14-c000268 ox14-c000207 ox14-c000220 ox14-c000177 ox14-c000079,-0.6000000000,false
local_qwen,ow14-s0063,positive,1,valid,ox14-c000314 ox14-c000026 ox14-c000417 ox14-c000061 ox14-c000434,ox14-c000026 ox14-c000314 ox14-c000061 ox14-c000417 ox14-c000434,0.8000000000,false
local_qwen,ow14-s0063,positive,2,valid,ox14-c000314 ox14-c000026 ox14-c000417 ox14-c000061 ox14-c000434,ox14-c000026 ox14-c000314 ox14-c000061 ox14-c000417 ox14-c000434,0.8000000000,false
local_qwen,ow14-s0063,positive,3,valid,ox14-c000314 ox14-c000026 ox14-c000417 ox14-c000061 ox14-c000434,ox14-c000026 ox14-c000314 ox14-c000061 ox14-c000417 ox14-c000434,0.8000000000,false
local_qwen,ow14-s0063,positive,4,valid,ox14-c000314 ox14-c000026 ox14-c000417 ox14-c000061 ox14-c000434,ox14-c000026 ox14-c000314 ox14-c000061 ox14-c000417 ox14-c000434,0.8000000000,false
local_qwen,ow14-s0063,positive,5,valid,ox14-c000314 ox14-c000026 ox14-c000417 ox14-c000061 ox14-c000434,ox14-c000026 ox14-c000314 ox14-c000061 ox14-c000417 ox14-c000434,0.8000000000,false
local_qwen,ow14-s0064,positive,1,valid,ox14-c000034 ox14-c000273 ox14-c000019 ox14-c000219 ox14-c000109,ox14-c000273 ox14-c000219 ox14-c000109 ox14-c000034 ox14-c000019,-0.1000000000,false
local_qwen,ow14-s0064,positive,2,valid,ox14-c000034 ox14-c000273 ox14-c000019 ox14-c000219 ox14-c000109,ox14-c000273 ox14-c000219 ox14-c000109 ox14-c000034 ox14-c000019,-0.1000000000,false
local_qwen,ow14-s0064,positive,3,valid,ox14-c000034 ox14-c000273 ox14-c000019 ox14-c000219 ox14-c000109,ox14-c000273 ox14-c000219 ox14-c000109 ox14-c000034 ox14-c000019,-0.1000000000,false
local_qwen,ow14-s0064,positive,4,valid,ox14-c000034 ox14-c000273 ox14-c000019 ox14-c000219 ox14-c000109,ox14-c000273 ox14-c000219 ox14-c000109 ox14-c000034 ox14-c000019,-0.1000000000,false
local_qwen,ow14-s0064,positive,5,valid,ox14-c000034 ox14-c000273 ox14-c000019 ox14-c000219 ox14-c000109,ox14-c000273 ox14-c000219 ox14-c000109 ox14-c000034 ox14-c000019,-0.1000000000,false
local_qwen,ow14-s0065,positive,1,valid,ox14-c000405 ox14-c000101 ox14-c000363 ox14-c000347 ox14-c000303,ox14-c000101 ox14-c000347 ox14-c000303 ox14-c000405 ox14-c000363,-0.1000000000,false
local_qwen,ow14-s0065,positive,2,valid,ox14-c000405 ox14-c000101 ox14-c000363 ox14-c000347 ox14-c000303,ox14-c000101 ox14-c000347 ox14-c000303 ox14-c000405 ox14-c000363,-0.1000000000,false
local_qwen,ow14-s0065,positive,3,valid,ox14-c000405 ox14-c000101 ox14-c000363 ox14-c000347 ox14-c000303,ox14-c000101 ox14-c000347 ox14-c000303 ox14-c000405 ox14-c000363,-0.1000000000,false
local_qwen,ow14-s0065,positive,4,valid,ox14-c000405 ox14-c000101 ox14-c000363 ox14-c000347 ox14-c000303,ox14-c000101 ox14-c000347 ox14-c000303 ox14-c000405 ox14-c000363,-0.1000000000,false
local_qwen,ow14-s0065,positive,5,valid,ox14-c000405 ox14-c000101 ox14-c000363 ox14-c000347 ox14-c000303,ox14-c000101 ox14-c000347 ox14-c000303 ox14-c000405 ox14-c000363,-0.1000000000,false
local_qwen,ow14-s0066,positive,1,valid,ox14-c000100 ox14-c000226 ox14-c000039 ox14-c000064 ox14-c000111,ox14-c000039 ox14-c000226 ox14-c000100 ox14-c000064 ox14-c000111,0.6000000000,false
local_qwen,ow14-s0066,positive,2,valid,ox14-c000100 ox14-c000226 ox14-c000039 ox14-c000064 ox14-c000111,ox14-c000039 ox14-c000226 ox14-c000100 ox14-c000064 ox14-c000111,0.6000000000,false
local_qwen,ow14-s0066,positive,3,valid,ox14-c000100 ox14-c000226 ox14-c000039 ox14-c000064 ox14-c000111,ox14-c000039 ox14-c000226 ox14-c000100 ox14-c000064 ox14-c000111,0.6000000000,false
local_qwen,ow14-s0066,positive,4,valid,ox14-c000100 ox14-c000226 ox14-c000039 ox14-c000064 ox14-c000111,ox14-c000039 ox14-c000226 ox14-c000100 ox14-c000064 ox14-c000111,0.6000000000,false
local_qwen,ow14-s0066,positive,5,valid,ox14-c000100 ox14-c000226 ox14-c000039 ox14-c000064 ox14-c000111,ox14-c000039 ox14-c000226 ox14-c000100 ox14-c000064 ox14-c000111,0.6000000000,false
local_qwen,ow14-s0067,positive,1,valid,ox14-c000212 ox14-c000385 ox14-c000048 ox14-c000141 ox14-c000387,ox14-c000141 ox14-c000212 ox14-c000385 ox14-c000048 ox14-c000387,0.4000000000,false
local_qwen,ow14-s0067,positive,2,valid,ox14-c000212 ox14-c000385 ox14-c000048 ox14-c000141 ox14-c000387,ox14-c000141 ox14-c000212 ox14-c000385 ox14-c000048 ox14-c000387,0.4000000000,false
local_qwen,ow14-s0067,positive,3,valid,ox14-c000212 ox14-c000385 ox14-c000048 ox14-c000141 ox14-c000387,ox14-c000141 ox14-c000212 ox14-c000385 ox14-c000048 ox14-c000387,0.4000000000,false
local_qwen,ow14-s0067,positive,4,valid,ox14-c000212 ox14-c000385 ox14-c000048 ox14-c000141 ox14-c000387,ox14-c000141 ox14-c000212 ox14-c000385 ox14-c000048 ox14-c000387,0.4000000000,false
local_qwen,ow14-s0067,positive,5,valid,ox14-c000212 ox14-c000385 ox14-c000048 ox14-c000141 ox14-c000387,ox14-c000141 ox14-c000212 ox14-c000385 ox14-c000048 ox14-c000387,0.4000000000,false
local_qwen,ow14-s0068,positive,1,valid,ox14-c000248 ox14-c000399 ox14-c000082 ox14-c000251 ox14-c000423,ox14-c000082 ox14-c000248 ox14-c000399 ox14-c000251 ox14-c000423,0.7000000000,false
local_qwen,ow14-s0068,positive,2,valid,ox14-c000248 ox14-c000399 ox14-c000082 ox14-c000251 ox14-c000423,ox14-c000082 ox14-c000248 ox14-c000399 ox14-c000251 ox14-c000423,0.7000000000,false
local_qwen,ow14-s0068,positive,3,valid,ox14-c000248 ox14-c000399 ox14-c000082 ox14-c000251 ox14-c000423,ox14-c000082 ox14-c000248 ox14-c000399 ox14-c000251 ox14-c000423,0.7000000000,false
local_qwen,ow14-s0068,positive,4,valid,ox14-c000248 ox14-c000399 ox14-c000082 ox14-c000251 ox14-c000423,ox14-c000082 ox14-c000248 ox14-c000399 ox14-c000251 ox14-c000423,0.7000000000,false
local_qwen,ow14-s0068,positive,5,valid,ox14-c000248 ox14-c000399 ox14-c000082 ox14-c000251 ox14-c000423,ox14-c000082 ox14-c000248 ox14-c000399 ox14-c000251 ox14-c000423,0.7000000000,false
local_qwen,ow14-s0069,positive,1,valid,ox14-c000296 ox14-c000410 ox14-c000077 ox14-c000179 ox14-c000085,ox14-c000410 ox14-c000077 ox14-c000296 ox14-c000179 ox14-c000085,0.7000000000,false
local_qwen,ow14-s0069,positive,2,valid,ox14-c000296 ox14-c000410 ox14-c000077 ox14-c000179 ox14-c000085,ox14-c000410 ox14-c000077 ox14-c000296 ox14-c000179 ox14-c000085,0.7000000000,false
local_qwen,ow14-s0069,positive,3,valid,ox14-c000296 ox14-c000410 ox14-c000077 ox14-c000179 ox14-c000085,ox14-c000410 ox14-c000077 ox14-c000296 ox14-c000179 ox14-c000085,0.7000000000,false
local_qwen,ow14-s0069,positive,4,valid,ox14-c000296 ox14-c000410 ox14-c000077 ox14-c000179 ox14-c000085,ox14-c000410 ox14-c000077 ox14-c000296 ox14-c000179 ox14-c000085,0.7000000000,false
local_qwen,ow14-s0069,positive,5,valid,ox14-c000296 ox14-c000410 ox14-c000077 ox14-c000179 ox14-c000085,ox14-c000410 ox14-c000077 ox14-c000296 ox14-c000179 ox14-c000085,0.7000000000,false
local_qwen,ow14-s0070,positive,1,valid,ox14-c000343 ox14-c000395 ox14-c000223 ox14-c000118 ox14-c000353,ox14-c000223 ox14-c000395 ox14-c000353 ox14-c000118 ox14-c000343,-0.2000000000,false
local_qwen,ow14-s0070,positive,2,valid,ox14-c000343 ox14-c000395 ox14-c000223 ox14-c000118 ox14-c000353,ox14-c000223 ox14-c000395 ox14-c000353 ox14-c000118 ox14-c000343,-0.2000000000,false
local_qwen,ow14-s0070,positive,3,valid,ox14-c000343 ox14-c000395 ox14-c000223 ox14-c000118 ox14-c000353,ox14-c000223 ox14-c000395 ox14-c000353 ox14-c000118 ox14-c000343,-0.2000000000,false
local_qwen,ow14-s0070,positive,4,valid,ox14-c000343 ox14-c000395 ox14-c000223 ox14-c000118 ox14-c000353,ox14-c000223 ox14-c000395 ox14-c000353 ox14-c000118 ox14-c000343,-0.2000000000,false
local_qwen,ow14-s0070,positive,5,valid,ox14-c000343 ox14-c000395 ox14-c000223 ox14-c000118 ox14-c000353,ox14-c000223 ox14-c000395 ox14-c000353 ox14-c000118 ox14-c000343,-0.2000000000,false
local_qwen,ow14-s0071,positive,1,valid,ox14-c000311 ox14-c000116 ox14-c000307 ox14-c000315 ox14-c000188,ox14-c000311 ox14-c000116 ox14-c000307 ox14-c000315 ox14-c000188,1.0000000000,true
local_qwen,ow14-s0071,positive,2,valid,ox14-c000311 ox14-c000116 ox14-c000307 ox14-c000315 ox14-c000188,ox14-c000311 ox14-c000116 ox14-c000307 ox14-c000315 ox14-c000188,1.0000000000,true
local_qwen,ow14-s0071,positive,3,valid,ox14-c000311 ox14-c000116 ox14-c000307 ox14-c000315 ox14-c000188,ox14-c000311 ox14-c000116 ox14-c000307 ox14-c000315 ox14-c000188,1.0000000000,true
local_qwen,ow14-s0071,positive,4,valid,ox14-c000311 ox14-c000116 ox14-c000307 ox14-c000315 ox14-c000188,ox14-c000311 ox14-c000116 ox14-c000307 ox14-c000315 ox14-c000188,1.0000000000,true
local_qwen,ow14-s0071,positive,5,valid,ox14-c000311 ox14-c000116 ox14-c000307 ox14-c000315 ox14-c000188,ox14-c000311 ox14-c000116 ox14-c000307 ox14-c000315 ox14-c000188,1.0000000000,true
local_qwen,ow14-s0072,positive,1,valid,ox14-c000404 ox14-c000167 ox14-c000271 ox14-c000351 ox14-c000161,ox14-c000404 ox14-c000167 ox14-c000271 ox14-c000351 ox14-c000161,1.0000000000,true
local_qwen,ow14-s0072,positive,2,valid,ox14-c000404 ox14-c000167 ox14-c000271 ox14-c000351 ox14-c000161,ox14-c000404 ox14-c000167 ox14-c000271 ox14-c000351 ox14-c000161,1.0000000000,true
local_qwen,ow14-s0072,positive,3,valid,ox14-c000404 ox14-c000167 ox14-c000271 ox14-c000351 ox14-c000161,ox14-c000404 ox14-c000167 ox14-c000271 ox14-c000351 ox14-c000161,1.0000000000,true
local_qwen,ow14-s0072,positive,4,valid,ox14-c000404 ox14-c000167 ox14-c000271 ox14-c000351 ox14-c000161,ox14-c000404 ox14-c000167 ox14-c000271 ox14-c000351 ox14-c000161,1.0000000000,true
local_qwen,ow14-s0072,positive,5,valid,ox14-c000404 ox14-c000167 ox14-c000271 ox14-c000351 ox14-c000161,ox14-c000404 ox14-c000167 ox14-c000271 ox14-c000351 ox14-c000161,1.0000000000,true
local_qwen,ow14-s0073,positive,1,valid,ox14-c000304 ox14-c000272 ox14-c000429 ox14-c000029 ox14-c000117,ox14-c000304 ox14-c000272 ox14-c000429 ox14-c000029 ox14-c000117,1.0000000000,true
local_qwen,ow14-s0073,positive,2,valid,ox14-c000304 ox14-c000272 ox14-c000429 ox14-c000029 ox14-c000117,ox14-c000304 ox14-c000272 ox14-c000429 ox14-c000029 ox14-c000117,1.0000000000,true
local_qwen,ow14-s0073,positive,3,valid,ox14-c000304 ox14-c000272 ox14-c000429 ox14-c000029 ox14-c000117,ox14-c000304 ox14-c000272 ox14-c000429 ox14-c000029 ox14-c000117,1.0000000000,true
local_qwen,ow14-s0073,positive,4,valid,ox14-c000304 ox14-c000272 ox14-c000429 ox14-c000029 ox14-c000117,ox14-c000304 ox14-c000272 ox14-c000429 ox14-c000029 ox14-c000117,1.0000000000,true
local_qwen,ow14-s0073,positive,5,valid,ox14-c000304 ox14-c000272 ox14-c000429 ox14-c000029 ox14-c000117,ox14-c000304 ox14-c000272 ox14-c000429 ox14-c000029 ox14-c000117,1.0000000000,true
local_qwen,ow14-s0074,positive,1,valid,ox14-c000185 ox14-c000335 ox14-c000346 ox14-c000136 ox14-c000377,ox14-c000346 ox14-c000185 ox14-c000335 ox14-c000136 ox14-c000377,0.7000000000,false
local_qwen,ow14-s0074,positive,2,valid,ox14-c000185 ox14-c000335 ox14-c000346 ox14-c000136 ox14-c000377,ox14-c000346 ox14-c000185 ox14-c000335 ox14-c000136 ox14-c000377,0.7000000000,false
local_qwen,ow14-s0074,positive,3,valid,ox14-c000185 ox14-c000335 ox14-c000346 ox14-c000136 ox14-c000377,ox14-c000346 ox14-c000185 ox14-c000335 ox14-c000136 ox14-c000377,0.7000000000,false
local_qwen,ow14-s0074,positive,4,valid,ox14-c000185 ox14-c000335 ox14-c000346 ox14-c000136 ox14-c000377,ox14-c000346 ox14-c000185 ox14-c000335 ox14-c000136 ox14-c000377,0.7000000000,false
local_qwen,ow14-s0074,positive,5,valid,ox14-c000185 ox14-c000335 ox14-c000346 ox14-c000136 ox14-c000377,ox14-c000346 ox14-c000185 ox14-c000335 ox14-c000136 ox14-c000377,0.7000000000,false
local_qwen,ow14-s0075,positive,1,valid,ox14-c000198 ox14-c000070 ox14-c000104 ox14-c000396 ox14-c000247,ox14-c000070 ox14-c000198 ox14-c000104 ox14-c000396 ox14-c000247,0.9000000000,false
local_qwen,ow14-s0075,positive,2,valid,ox14-c000198 ox14-c000070 ox14-c000104 ox14-c000396 ox14-c000247,ox14-c000070 ox14-c000198 ox14-c000104 ox14-c000396 ox14-c000247,0.9000000000,false
local_qwen,ow14-s0075,positive,3,valid,ox14-c000198 ox14-c000070 ox14-c000104 ox14-c000396 ox14-c000247,ox14-c000070 ox14-c000198 ox14-c000104 ox14-c000396 ox14-c000247,0.9000000000,false
local_qwen,ow14-s0075,positive,4,valid,ox14-c000198 ox14-c000070 ox14-c000104 ox14-c000396 ox14-c000247,ox14-c000070 ox14-c000198 ox14-c000104 ox14-c000396 ox14-c000247,0.9000000000,false
local_qwen,ow14-s0075,positive,5,valid,ox14-c000198 ox14-c000070 ox14-c000104 ox14-c000396 ox14-c000247,ox14-c000070 ox14-c000198 ox14-c000104 ox14-c000396 ox14-c000247,0.9000000000,false
local_qwen,ow14-s0076,positive,1,valid,ox14-c000023 ox14-c000163 ox14-c000056 ox14-c000099 ox14-c000102,ox14-c000023 ox14-c000163 ox14-c000056 ox14-c000099 ox14-c000102,1.0000000000,true
local_qwen,ow14-s0076,positive,2,valid,ox14-c000023 ox14-c000163 ox14-c000056 ox14-c000099 ox14-c000102,ox14-c000023 ox14-c000163 ox14-c000056 ox14-c000099 ox14-c000102,1.0000000000,true
local_qwen,ow14-s0076,positive,3,valid,ox14-c000023 ox14-c000163 ox14-c000056 ox14-c000099 ox14-c000102,ox14-c000023 ox14-c000163 ox14-c000056 ox14-c000099 ox14-c000102,1.0000000000,true
local_qwen,ow14-s0076,positive,4,valid,ox14-c000023 ox14-c000163 ox14-c000056 ox14-c000099 ox14-c000102,ox14-c000023 ox14-c000163 ox14-c000056 ox14-c000099 ox14-c000102,1.0000000000,true
local_qwen,ow14-s0076,positive,5,valid,ox14-c000023 ox14-c000163 ox14-c000056 ox14-c000099 ox14-c000102,ox14-c000023 ox14-c000163 ox14-c000056 ox14-c000099 ox14-c000102,1.0000000000,true
local_qwen,ow14-s0077,positive,1,valid,ox14-c000030 ox14-c000189 ox14-c000054 ox14-c000236 ox14-c000348,ox14-c000189 ox14-c000054 ox14-c000030 ox14-c000348 ox14-c000236,0.6000000000,false
local_qwen,ow14-s0077,positive,2,valid,ox14-c000030 ox14-c000189 ox14-c000054 ox14-c000236 ox14-c000348,ox14-c000189 ox14-c000054 ox14-c000030 ox14-c000348 ox14-c000236,0.6000000000,false
local_qwen,ow14-s0077,positive,3,valid,ox14-c000030 ox14-c000189 ox14-c000054 ox14-c000236 ox14-c000348,ox14-c000189 ox14-c000054 ox14-c000030 ox14-c000348 ox14-c000236,0.6000000000,false
local_qwen,ow14-s0077,positive,4,valid,ox14-c000030 ox14-c000189 ox14-c000054 ox14-c000236 ox14-c000348,ox14-c000189 ox14-c000054 ox14-c000030 ox14-c000348 ox14-c000236,0.6000000000,false
local_qwen,ow14-s0077,positive,5,valid,ox14-c000030 ox14-c000189 ox14-c000054 ox14-c000236 ox14-c000348,ox14-c000189 ox14-c000054 ox14-c000030 ox14-c000348 ox14-c000236,0.6000000000,false
local_qwen,ow14-s0078,positive,1,valid,ox14-c000341 ox14-c000083 ox14-c000209 ox14-c000342 ox14-c000426,ox14-c000083 ox14-c000341 ox14-c000209 ox14-c000342 ox14-c000426,0.9000000000,false
local_qwen,ow14-s0078,positive,2,valid,ox14-c000341 ox14-c000083 ox14-c000209 ox14-c000342 ox14-c000426,ox14-c000083 ox14-c000341 ox14-c000209 ox14-c000342 ox14-c000426,0.9000000000,false
local_qwen,ow14-s0078,positive,3,valid,ox14-c000341 ox14-c000083 ox14-c000209 ox14-c000342 ox14-c000426,ox14-c000083 ox14-c000341 ox14-c000209 ox14-c000342 ox14-c000426,0.9000000000,false
local_qwen,ow14-s0078,positive,4,valid,ox14-c000341 ox14-c000083 ox14-c000209 ox14-c000342 ox14-c000426,ox14-c000083 ox14-c000341 ox14-c000209 ox14-c000342 ox14-c000426,0.9000000000,false
local_qwen,ow14-s0078,positive,5,valid,ox14-c000341 ox14-c000083 ox14-c000209 ox14-c000342 ox14-c000426,ox14-c000083 ox14-c000341 ox14-c000209 ox14-c000342 ox14-c000426,0.9000000000,false
local_qwen,ow14-s0079,positive,1,valid,ox14-c000254 ox14-c000340 ox14-c000259 ox14-c000184 ox14-c000333,ox14-c000184 ox14-c000254 ox14-c000259 ox14-c000333 ox14-c000340,0.0000000000,false
local_qwen,ow14-s0079,positive,2,valid,ox14-c000254 ox14-c000340 ox14-c000259 ox14-c000184 ox14-c000333,ox14-c000184 ox14-c000254 ox14-c000259 ox14-c000333 ox14-c000340,0.0000000000,false
local_qwen,ow14-s0079,positive,3,valid,ox14-c000254 ox14-c000340 ox14-c000259 ox14-c000184 ox14-c000333,ox14-c000184 ox14-c000254 ox14-c000259 ox14-c000333 ox14-c000340,0.0000000000,false
local_qwen,ow14-s0079,positive,4,valid,ox14-c000254 ox14-c000340 ox14-c000259 ox14-c000184 ox14-c000333,ox14-c000184 ox14-c000254 ox14-c000259 ox14-c000333 ox14-c000340,0.0000000000,false
local_qwen,ow14-s0079,positive,5,valid,ox14-c000254 ox14-c000340 ox14-c000259 ox14-c000184 ox14-c000333,ox14-c000184 ox14-c000254 ox14-c000259 ox14-c000333 ox14-c000340,0.0000000000,false
local_qwen,ow14-s0080,positive,1,valid,ox14-c000383 ox14-c000278 ox14-c000355 ox14-c000031 ox14-c000229,ox14-c000229 ox14-c000383 ox14-c000278 ox14-c000355 ox14-c000031,0.0000000000,false
local_qwen,ow14-s0080,positive,2,valid,ox14-c000383 ox14-c000278 ox14-c000355 ox14-c000031 ox14-c000229,ox14-c000229 ox14-c000383 ox14-c000278 ox14-c000355 ox14-c000031,0.0000000000,false
local_qwen,ow14-s0080,positive,3,valid,ox14-c000383 ox14-c000278 ox14-c000355 ox14-c000031 ox14-c000229,ox14-c000229 ox14-c000383 ox14-c000278 ox14-c000355 ox14-c000031,0.0000000000,false
local_qwen,ow14-s0080,positive,4,valid,ox14-c000383 ox14-c000278 ox14-c000355 ox14-c000031 ox14-c000229,ox14-c000229 ox14-c000383 ox14-c000278 ox14-c000355 ox14-c000031,0.0000000000,false
local_qwen,ow14-s0080,positive,5,valid,ox14-c000383 ox14-c000278 ox14-c000355 ox14-c000031 ox14-c000229,ox14-c000229 ox14-c000383 ox14-c000278 ox14-c000355 ox14-c000031,0.0000000000,false
local_qwen,ow14-s0081,positive,1,valid,ox14-c000125 ox14-c000065 ox14-c000435 ox14-c000294 ox14-c000204,ox14-c000435 ox14-c000125 ox14-c000065 ox14-c000294 ox14-c000204,0.7000000000,false
local_qwen,ow14-s0081,positive,2,valid,ox14-c000125 ox14-c000065 ox14-c000435 ox14-c000294 ox14-c000204,ox14-c000435 ox14-c000125 ox14-c000065 ox14-c000294 ox14-c000204,0.7000000000,false
local_qwen,ow14-s0081,positive,3,valid,ox14-c000125 ox14-c000065 ox14-c000435 ox14-c000294 ox14-c000204,ox14-c000435 ox14-c000125 ox14-c000065 ox14-c000294 ox14-c000204,0.7000000000,false
local_qwen,ow14-s0081,positive,4,valid,ox14-c000125 ox14-c000065 ox14-c000435 ox14-c000294 ox14-c000204,ox14-c000435 ox14-c000125 ox14-c000065 ox14-c000294 ox14-c000204,0.7000000000,false
local_qwen,ow14-s0081,positive,5,valid,ox14-c000125 ox14-c000065 ox14-c000435 ox14-c000294 ox14-c000204,ox14-c000435 ox14-c000125 ox14-c000065 ox14-c000294 ox14-c000204,0.7000000000,false
local_qwen,ow14-s0082,positive,1,valid,ox14-c000044 ox14-c000066 ox14-c000131 ox14-c000164 ox14-c000409,ox14-c000164 ox14-c000044 ox14-c000066 ox14-c000131 ox14-c000409,0.4000000000,false
local_qwen,ow14-s0082,positive,2,valid,ox14-c000044 ox14-c000066 ox14-c000131 ox14-c000164 ox14-c000409,ox14-c000164 ox14-c000044 ox14-c000066 ox14-c000131 ox14-c000409,0.4000000000,false
local_qwen,ow14-s0082,positive,3,valid,ox14-c000044 ox14-c000066 ox14-c000131 ox14-c000164 ox14-c000409,ox14-c000164 ox14-c000044 ox14-c000066 ox14-c000131 ox14-c000409,0.4000000000,false
local_qwen,ow14-s0082,positive,4,valid,ox14-c000044 ox14-c000066 ox14-c000131 ox14-c000164 ox14-c000409,ox14-c000164 ox14-c000044 ox14-c000066 ox14-c000131 ox14-c000409,0.4000000000,false
local_qwen,ow14-s0082,positive,5,valid,ox14-c000044 ox14-c000066 ox14-c000131 ox14-c000164 ox14-c000409,ox14-c000164 ox14-c000044 ox14-c000066 ox14-c000131 ox14-c000409,0.4000000000,false
local_qwen,ow14-s0083,positive,1,valid,ox14-c000208 ox14-c000432 ox14-c000301 ox14-c000261 ox14-c000112,ox14-c000301 ox14-c000261 ox14-c000432 ox14-c000208 ox14-c000112,0.1000000000,false
local_qwen,ow14-s0083,positive,2,valid,ox14-c000208 ox14-c000432 ox14-c000301 ox14-c000261 ox14-c000112,ox14-c000301 ox14-c000261 ox14-c000432 ox14-c000208 ox14-c000112,0.1000000000,false
local_qwen,ow14-s0083,positive,3,valid,ox14-c000208 ox14-c000432 ox14-c000301 ox14-c000261 ox14-c000112,ox14-c000301 ox14-c000261 ox14-c000432 ox14-c000208 ox14-c000112,0.1000000000,false
local_qwen,ow14-s0083,positive,4,valid,ox14-c000208 ox14-c000432 ox14-c000301 ox14-c000261 ox14-c000112,ox14-c000301 ox14-c000261 ox14-c000432 ox14-c000208 ox14-c000112,0.1000000000,false
local_qwen,ow14-s0083,positive,5,valid,ox14-c000208 ox14-c000432 ox14-c000301 ox14-c000261 ox14-c000112,ox14-c000301 ox14-c000261 ox14-c000432 ox14-c000208 ox14-c000112,0.1000000000,false
local_qwen,ow14-s0084,positive,1,valid,ox14-c000224 ox14-c000332 ox14-c000362 ox14-c000310 ox14-c000414,ox14-c000332 ox14-c000414 ox14-c000310 ox14-c000224 ox14-c000362,-0.2000000000,false
local_qwen,ow14-s0084,positive,2,valid,ox14-c000224 ox14-c000332 ox14-c000362 ox14-c000310 ox14-c000414,ox14-c000332 ox14-c000414 ox14-c000310 ox14-c000224 ox14-c000362,-0.2000000000,false
local_qwen,ow14-s0084,positive,3,valid,ox14-c000224 ox14-c000332 ox14-c000362 ox14-c000310 ox14-c000414,ox14-c000332 ox14-c000414 ox14-c000310 ox14-c000224 ox14-c000362,-0.2000000000,false
local_qwen,ow14-s0084,positive,4,valid,ox14-c000224 ox14-c000332 ox14-c000362 ox14-c000310 ox14-c000414,ox14-c000332 ox14-c000414 ox14-c000310 ox14-c000224 ox14-c000362,-0.2000000000,false
local_qwen,ow14-s0084,positive,5,valid,ox14-c000224 ox14-c000332 ox14-c000362 ox14-c000310 ox14-c000414,ox14-c000332 ox14-c000414 ox14-c000310 ox14-c000224 ox14-c000362,-0.2000000000,false
local_qwen,ow14-s0085,positive,1,valid,ox14-c000402 ox14-c000036 ox14-c000210 ox14-c000391 ox14-c000264,ox14-c000036 ox14-c000210 ox14-c000264 ox14-c000391 ox14-c000402,-0.1000000000,false
local_qwen,ow14-s0085,positive,2,valid,ox14-c000402 ox14-c000036 ox14-c000210 ox14-c000391 ox14-c000264,ox14-c000036 ox14-c000210 ox14-c000264 ox14-c000391 ox14-c000402,-0.1000000000,false
local_qwen,ow14-s0085,positive,3,valid,ox14-c000402 ox14-c000036 ox14-c000210 ox14-c000391 ox14-c000264,ox14-c000036 ox14-c000210 ox14-c000264 ox14-c000391 ox14-c000402,-0.1000000000,false
local_qwen,ow14-s0085,positive,4,valid,ox14-c000402 ox14-c000036 ox14-c000210 ox14-c000391 ox14-c000264,ox14-c000036 ox14-c000210 ox14-c000264 ox14-c000391 ox14-c000402,-0.1000000000,false
local_qwen,ow14-s0085,positive,5,valid,ox14-c000402 ox14-c000036 ox14-c000210 ox14-c000391 ox14-c000264,ox14-c000036 ox14-c000210 ox14-c000264 ox14-c000391 ox14-c000402,-0.1000000000,false
local_qwen,ow14-s0086,positive,1,valid,ox14-c000067 ox14-c000320 ox14-c000421 ox14-c000225 ox14-c000252,ox14-c000421 ox14-c000320 ox14-c000225 ox14-c000252 ox14-c000067,-0.1000000000,false
local_qwen,ow14-s0086,positive,2,valid,ox14-c000067 ox14-c000320 ox14-c000421 ox14-c000225 ox14-c000252,ox14-c000421 ox14-c000320 ox14-c000225 ox14-c000252 ox14-c000067,-0.1000000000,false
local_qwen,ow14-s0086,positive,3,valid,ox14-c000067 ox14-c000320 ox14-c000421 ox14-c000225 ox14-c000252,ox14-c000421 ox14-c000320 ox14-c000225 ox14-c000252 ox14-c000067,-0.1000000000,false
local_qwen,ow14-s0086,positive,4,valid,ox14-c000067 ox14-c000320 ox14-c000421 ox14-c000225 ox14-c000252,ox14-c000421 ox14-c000320 ox14-c000225 ox14-c000252 ox14-c000067,-0.1000000000,false
local_qwen,ow14-s0086,positive,5,valid,ox14-c000067 ox14-c000320 ox14-c000421 ox14-c000225 ox14-c000252,ox14-c000421 ox14-c000320 ox14-c000225 ox14-c000252 ox14-c000067,-0.1000000000,false
local_qwen,ow14-s0087,positive,1,valid,ox14-c000165 ox14-c000090 ox14-c000319 ox14-c000140 ox14-c000369,ox14-c000140 ox14-c000165 ox14-c000319 ox14-c000090 ox14-c000369,0.3000000000,false
local_qwen,ow14-s0087,positive,2,valid,ox14-c000165 ox14-c000090 ox14-c000319 ox14-c000140 ox14-c000369,ox14-c000140 ox14-c000165 ox14-c000319 ox14-c000090 ox14-c000369,0.3000000000,false
local_qwen,ow14-s0087,positive,3,valid,ox14-c000165 ox14-c000090 ox14-c000319 ox14-c000140 ox14-c000369,ox14-c000140 ox14-c000165 ox14-c000319 ox14-c000090 ox14-c000369,0.3000000000,false
local_qwen,ow14-s0087,positive,4,valid,ox14-c000165 ox14-c000090 ox14-c000319 ox14-c000140 ox14-c000369,ox14-c000140 ox14-c000165 ox14-c000319 ox14-c000090 ox14-c000369,0.3000000000,false
local_qwen,ow14-s0087,positive,5,valid,ox14-c000165 ox14-c000090 ox14-c000319 ox14-c000140 ox14-c000369,ox14-c000140 ox14-c000165 ox14-c000319 ox14-c000090 ox14-c000369,0.3000000000,false
local_qwen,ow14-s0088,positive,1,valid,ox14-c000072 ox14-c000312 ox14-c000265 ox14-c000389 ox14-c000081,ox14-c000312 ox14-c000072 ox14-c000265 ox14-c000389 ox14-c000081,0.9000000000,false
local_qwen,ow14-s0088,positive,2,valid,ox14-c000072 ox14-c000312 ox14-c000265 ox14-c000389 ox14-c000081,ox14-c000312 ox14-c000072 ox14-c000265 ox14-c000389 ox14-c000081,0.9000000000,false
local_qwen,ow14-s0088,positive,3,valid,ox14-c000072 ox14-c000312 ox14-c000265 ox14-c000389 ox14-c000081,ox14-c000312 ox14-c000072 ox14-c000265 ox14-c000389 ox14-c000081,0.9000000000,false
local_qwen,ow14-s0088,positive,4,valid,ox14-c000072 ox14-c000312 ox14-c000265 ox14-c000389 ox14-c000081,ox14-c000312 ox14-c000072 ox14-c000265 ox14-c000389 ox14-c000081,0.9000000000,false
local_qwen,ow14-s0088,positive,5,valid,ox14-c000072 ox14-c000312 ox14-c000265 ox14-c000389 ox14-c000081,ox14-c000312 ox14-c000072 ox14-c000265 ox14-c000389 ox14-c000081,0.9000000000,false
local_qwen,ow14-s0089,positive,1,valid,ox14-c000323 ox14-c000046 ox14-c000367 ox14-c000211 ox14-c000246,ox14-c000367 ox14-c000323 ox14-c000046 ox14-c000211 ox14-c000246,0.7000000000,false
local_qwen,ow14-s0089,positive,2,valid,ox14-c000323 ox14-c000046 ox14-c000367 ox14-c000211 ox14-c000246,ox14-c000367 ox14-c000323 ox14-c000046 ox14-c000211 ox14-c000246,0.7000000000,false
local_qwen,ow14-s0089,positive,3,valid,ox14-c000323 ox14-c000046 ox14-c000367 ox14-c000211 ox14-c000246,ox14-c000367 ox14-c000323 ox14-c000046 ox14-c000211 ox14-c000246,0.7000000000,false
local_qwen,ow14-s0089,positive,4,valid,ox14-c000323 ox14-c000046 ox14-c000367 ox14-c000211 ox14-c000246,ox14-c000367 ox14-c000323 ox14-c000046 ox14-c000211 ox14-c000246,0.7000000000,false
local_qwen,ow14-s0089,positive,5,valid,ox14-c000323 ox14-c000046 ox14-c000367 ox14-c000211 ox14-c000246,ox14-c000367 ox14-c000323 ox14-c000046 ox14-c000211 ox14-c000246,0.7000000000,false
local_qwen,ow14-s0090,positive,1,valid,ox14-c000121 ox14-c000181 ox14-c000025 ox14-c000266 ox14-c000108,ox14-c000181 ox14-c000025 ox14-c000108 ox14-c000266 ox14-c000121,-0.1000000000,false
local_qwen,ow14-s0090,positive,2,valid,ox14-c000121 ox14-c000181 ox14-c000025 ox14-c000266 ox14-c000108,ox14-c000181 ox14-c000025 ox14-c000108 ox14-c000266 ox14-c000121,-0.1000000000,false
local_qwen,ow14-s0090,positive,3,valid,ox14-c000121 ox14-c000181 ox14-c000025 ox14-c000266 ox14-c000108,ox14-c000181 ox14-c000025 ox14-c000108 ox14-c000266 ox14-c000121,-0.1000000000,false
local_qwen,ow14-s0090,positive,4,valid,ox14-c000121 ox14-c000181 ox14-c000025 ox14-c000266 ox14-c000108,ox14-c000181 ox14-c000025 ox14-c000108 ox14-c000266 ox14-c000121,-0.1000000000,false
local_qwen,ow14-s0090,positive,5,valid,ox14-c000121 ox14-c000181 ox14-c000025 ox14-c000266 ox14-c000108,ox14-c000181 ox14-c000025 ox14-c000108 ox14-c000266 ox14-c000121,-0.1000000000,false
local_qwen,ow14-s0091,positive,1,valid,ox14-c000040 ox14-c000058 ox14-c000012 ox14-c000197 ox14-c000037,ox14-c000040 ox14-c000012 ox14-c000037 ox14-c000058 ox14-c000197,0.5000000000,false
local_qwen,ow14-s0091,positive,2,valid,ox14-c000040 ox14-c000058 ox14-c000012 ox14-c000197 ox14-c000037,ox14-c000040 ox14-c000012 ox14-c000037 ox14-c000058 ox14-c000197,0.5000000000,false
local_qwen,ow14-s0091,positive,3,valid,ox14-c000040 ox14-c000058 ox14-c000012 ox14-c000197 ox14-c000037,ox14-c000040 ox14-c000012 ox14-c000037 ox14-c000058 ox14-c000197,0.5000000000,false
local_qwen,ow14-s0091,positive,4,valid,ox14-c000040 ox14-c000058 ox14-c000012 ox14-c000197 ox14-c000037,ox14-c000040 ox14-c000012 ox14-c000037 ox14-c000058 ox14-c000197,0.5000000000,false
local_qwen,ow14-s0091,positive,5,valid,ox14-c000040 ox14-c000058 ox14-c000012 ox14-c000197 ox14-c000037,ox14-c000040 ox14-c000012 ox14-c000037 ox14-c000058 ox14-c000197,0.5000000000,false
local_qwen,ow14-s0092,positive,1,valid,ox14-c000374 ox14-c000159 ox14-c000270 ox14-c000245 ox14-c000354,ox14-c000159 ox14-c000270 ox14-c000245 ox14-c000354 ox14-c000374,0.0000000000,false
local_qwen,ow14-s0092,positive,2,valid,ox14-c000374 ox14-c000159 ox14-c000270 ox14-c000245 ox14-c000354,ox14-c000159 ox14-c000270 ox14-c000245 ox14-c000354 ox14-c000374,0.0000000000,false
local_qwen,ow14-s0092,positive,3,valid,ox14-c000374 ox14-c000159 ox14-c000270 ox14-c000245 ox14-c000354,ox14-c000159 ox14-c000270 ox14-c000245 ox14-c000354 ox14-c000374,0.0000000000,false
local_qwen,ow14-s0092,positive,4,valid,ox14-c000374 ox14-c000159 ox14-c000270 ox14-c000245 ox14-c000354,ox14-c000159 ox14-c000270 ox14-c000245 ox14-c000354 ox14-c000374,0.0000000000,false
local_qwen,ow14-s0092,positive,5,valid,ox14-c000374 ox14-c000159 ox14-c000270 ox14-c000245 ox14-c000354,ox14-c000159 ox14-c000270 ox14-c000245 ox14-c000354 ox14-c000374,0.0000000000,false
local_qwen,ow14-s0093,positive,1,valid,ox14-c000033 ox14-c000075 ox14-c000336 ox14-c000087 ox14-c000127,ox14-c000033 ox14-c000127 ox14-c000075 ox14-c000336 ox14-c000087,0.4000000000,false
local_qwen,ow14-s0093,positive,2,valid,ox14-c000033 ox14-c000075 ox14-c000336 ox14-c000087 ox14-c000127,ox14-c000033 ox14-c000127 ox14-c000075 ox14-c000336 ox14-c000087,0.4000000000,false
local_qwen,ow14-s0093,positive,3,valid,ox14-c000033 ox14-c000075 ox14-c000336 ox14-c000087 ox14-c000127,ox14-c000033 ox14-c000127 ox14-c000075 ox14-c000336 ox14-c000087,0.4000000000,false
local_qwen,ow14-s0093,positive,4,valid,ox14-c000033 ox14-c000075 ox14-c000336 ox14-c000087 ox14-c000127,ox14-c000033 ox14-c000127 ox14-c000075 ox14-c000336 ox14-c000087,0.4000000000,false
local_qwen,ow14-s0093,positive,5,valid,ox14-c000033 ox14-c000075 ox14-c000336 ox14-c000087 ox14-c000127,ox14-c000033 ox14-c000127 ox14-c000075 ox14-c000336 ox14-c000087,0.4000000000,false
local_qwen,ow14-s0094,positive,1,valid,ox14-c000277 ox14-c000352 ox14-c000370 ox14-c000297 ox14-c000406,ox14-c000277 ox14-c000352 ox14-c000297 ox14-c000406 ox14-c000370,0.7000000000,false
local_qwen,ow14-s0094,positive,2,valid,ox14-c000277 ox14-c000352 ox14-c000370 ox14-c000297 ox14-c000406,ox14-c000277 ox14-c000352 ox14-c000297 ox14-c000406 ox14-c000370,0.7000000000,false
local_qwen,ow14-s0094,positive,3,valid,ox14-c000277 ox14-c000352 ox14-c000370 ox14-c000297 ox14-c000406,ox14-c000277 ox14-c000352 ox14-c000297 ox14-c000406 ox14-c000370,0.7000000000,false
local_qwen,ow14-s0094,positive,4,valid,ox14-c000277 ox14-c000352 ox14-c000370 ox14-c000297 ox14-c000406,ox14-c000277 ox14-c000352 ox14-c000297 ox14-c000406 ox14-c000370,0.7000000000,false
local_qwen,ow14-s0094,positive,5,valid,ox14-c000277 ox14-c000352 ox14-c000370 ox14-c000297 ox14-c000406,ox14-c000277 ox14-c000352 ox14-c000297 ox14-c000406 ox14-c000370,0.7000000000,false
local_qwen,ow14-s0095,positive,1,valid,ox14-c000357 ox14-c000183 ox14-c000113 ox14-c000060 ox14-c000133,ox14-c000183 ox14-c000133 ox14-c000357 ox14-c000113 ox14-c000060,0.2000000000,false
local_qwen,ow14-s0095,positive,2,valid,ox14-c000357 ox14-c000183 ox14-c000113 ox14-c000060 ox14-c000133,ox14-c000183 ox14-c000133 ox14-c000357 ox14-c000113 ox14-c000060,0.2000000000,false
local_qwen,ow14-s0095,positive,3,valid,ox14-c000357 ox14-c000183 ox14-c000113 ox14-c000060 ox14-c000133,ox14-c000183 ox14-c000133 ox14-c000357 ox14-c000113 ox14-c000060,0.2000000000,false
local_qwen,ow14-s0095,positive,4,valid,ox14-c000357 ox14-c000183 ox14-c000113 ox14-c000060 ox14-c000133,ox14-c000183 ox14-c000133 ox14-c000357 ox14-c000113 ox14-c000060,0.2000000000,false
local_qwen,ow14-s0095,positive,5,valid,ox14-c000357 ox14-c000183 ox14-c000113 ox14-c000060 ox14-c000133,ox14-c000183 ox14-c000133 ox14-c000357 ox14-c000113 ox14-c000060,0.2000000000,false
local_qwen,ow14-s0096,positive,1,valid,ox14-c000004 ox14-c000398 ox14-c000103 ox14-c000293 ox14-c000381,ox14-c000004 ox14-c000398 ox14-c000103 ox14-c000293 ox14-c000381,1.0000000000,true
local_qwen,ow14-s0096,positive,2,valid,ox14-c000004 ox14-c000398 ox14-c000103 ox14-c000293 ox14-c000381,ox14-c000004 ox14-c000398 ox14-c000103 ox14-c000293 ox14-c000381,1.0000000000,true
local_qwen,ow14-s0096,positive,3,valid,ox14-c000004 ox14-c000398 ox14-c000103 ox14-c000293 ox14-c000381,ox14-c000004 ox14-c000398 ox14-c000103 ox14-c000293 ox14-c000381,1.0000000000,true
local_qwen,ow14-s0096,positive,4,valid,ox14-c000004 ox14-c000398 ox14-c000103 ox14-c000293 ox14-c000381,ox14-c000004 ox14-c000398 ox14-c000103 ox14-c000293 ox14-c000381,1.0000000000,true
local_qwen,ow14-s0096,positive,5,valid,ox14-c000004 ox14-c000398 ox14-c000103 ox14-c000293 ox14-c000381,ox14-c000004 ox14-c000398 ox14-c000103 ox14-c000293 ox14-c000381,1.0000000000,true
local_qwen,ow14-s0097,positive,1,valid,ox14-c000074 ox14-c000093 ox14-c000373 ox14-c000422 ox14-c000107,ox14-c000074 ox14-c000107 ox14-c000093 ox14-c000373 ox14-c000422,0.4000000000,false
local_qwen,ow14-s0097,positive,2,valid,ox14-c000074 ox14-c000093 ox14-c000373 ox14-c000422 ox14-c000107,ox14-c000074 ox14-c000107 ox14-c000093 ox14-c000373 ox14-c000422,0.4000000000,false
local_qwen,ow14-s0097,positive,3,valid,ox14-c000074 ox14-c000093 ox14-c000373 ox14-c000422 ox14-c000107,ox14-c000074 ox14-c000107 ox14-c000093 ox14-c000373 ox14-c000422,0.4000000000,false
local_qwen,ow14-s0097,positive,4,valid,ox14-c000074 ox14-c000093 ox14-c000373 ox14-c000422 ox14-c000107,ox14-c000074 ox14-c000107 ox14-c000093 ox14-c000373 ox14-c000422,0.4000000000,false
local_qwen,ow14-s0097,positive,5,valid,ox14-c000074 ox14-c000093 ox14-c000373 ox14-c000422 ox14-c000107,ox14-c000074 ox14-c000107 ox14-c000093 ox14-c000373 ox14-c000422,0.4000000000,false
local_qwen,ow14-s0098,positive,1,valid,ox14-c000427 ox14-c000053 ox14-c000275 ox14-c000350 ox14-c000337,ox14-c000053 ox14-c000350 ox14-c000337 ox14-c000427 ox14-c000275,-0.1000000000,false
local_qwen,ow14-s0098,positive,2,valid,ox14-c000427 ox14-c000053 ox14-c000275 ox14-c000350 ox14-c000337,ox14-c000053 ox14-c000350 ox14-c000337 ox14-c000427 ox14-c000275,-0.1000000000,false
local_qwen,ow14-s0098,positive,3,valid,ox14-c000427 ox14-c000053 ox14-c000275 ox14-c000350 ox14-c000337,ox14-c000053 ox14-c000350 ox14-c000337 ox14-c000427 ox14-c000275,-0.1000000000,false
local_qwen,ow14-s0098,positive,4,valid,ox14-c000427 ox14-c000053 ox14-c000275 ox14-c000350 ox14-c000337,ox14-c000053 ox14-c000350 ox14-c000337 ox14-c000427 ox14-c000275,-0.1000000000,false
local_qwen,ow14-s0098,positive,5,valid,ox14-c000427 ox14-c000053 ox14-c000275 ox14-c000350 ox14-c000337,ox14-c000053 ox14-c000350 ox14-c000337 ox14-c000427 ox14-c000275,-0.1000000000,false
local_qwen,ow14-s0099,positive,1,valid,ox14-c000344 ox14-c000384 ox14-c000428 ox14-c000016 ox14-c000216,ox14-c000428 ox14-c000344 ox14-c000384 ox14-c000216 ox14-c000016,0.6000000000,false
local_qwen,ow14-s0099,positive,2,valid,ox14-c000344 ox14-c000384 ox14-c000428 ox14-c000016 ox14-c000216,ox14-c000428 ox14-c000344 ox14-c000384 ox14-c000216 ox14-c000016,0.6000000000,false
local_qwen,ow14-s0099,positive,3,valid,ox14-c000344 ox14-c000384 ox14-c000428 ox14-c000016 ox14-c000216,ox14-c000428 ox14-c000344 ox14-c000384 ox14-c000216 ox14-c000016,0.6000000000,false
local_qwen,ow14-s0099,positive,4,valid,ox14-c000344 ox14-c000384 ox14-c000428 ox14-c000016 ox14-c000216,ox14-c000428 ox14-c000344 ox14-c000384 ox14-c000216 ox14-c000016,0.6000000000,false
local_qwen,ow14-s0099,positive,5,valid,ox14-c000344 ox14-c000384 ox14-c000428 ox14-c000016 ox14-c000216,ox14-c000428 ox14-c000344 ox14-c000384 ox14-c000216 ox14-c000016,0.6000000000,false
local_qwen,ow14-s0100,positive,1,valid,ox14-c000207 ox14-c000220 ox14-c000177 ox14-c000306 ox14-c000268,ox14-c000207 ox14-c000220 ox14-c000177 ox14-c000306 ox14-c000268,1.0000000000,true
local_qwen,ow14-s0100,positive,2,valid,ox14-c000207 ox14-c000220 ox14-c000177 ox14-c000306 ox14-c000268,ox14-c000207 ox14-c000220 ox14-c000177 ox14-c000306 ox14-c000268,1.0000000000,true
local_qwen,ow14-s0100,positive,3,valid,ox14-c000207 ox14-c000220 ox14-c000177 ox14-c000306 ox14-c000268,ox14-c000207 ox14-c000220 ox14-c000177 ox14-c000306 ox14-c000268,1.0000000000,true
local_qwen,ow14-s0100,positive,4,valid,ox14-c000207 ox14-c000220 ox14-c000177 ox14-c000306 ox14-c000268,ox14-c000207 ox14-c000220 ox14-c000177 ox14-c000306 ox14-c000268,1.0000000000,true
local_qwen,ow14-s0100,positive,5,valid,ox14-c000207 ox14-c000220 ox14-c000177 ox14-c000306 ox14-c000268,ox14-c000207 ox14-c000220 ox14-c000177 ox14-c000306 ox14-c000268,1.0000000000,true
local_qwen,ow14-s0101,positive,1,valid,ox14-c000314 ox14-c000434 ox14-c000026 ox14-c000061 ox14-c000007,ox14-c000007 ox14-c000434 ox14-c000061 ox14-c000314 ox14-c000026,-0.5000000000,false
local_qwen,ow14-s0101,positive,2,valid,ox14-c000314 ox14-c000434 ox14-c000026 ox14-c000061 ox14-c000007,ox14-c000007 ox14-c000434 ox14-c000061 ox14-c000314 ox14-c000026,-0.5000000000,false
local_qwen,ow14-s0101,positive,3,valid,ox14-c000314 ox14-c000434 ox14-c000026 ox14-c000061 ox14-c000007,ox14-c000007 ox14-c000434 ox14-c000061 ox14-c000314 ox14-c000026,-0.5000000000,false
local_qwen,ow14-s0101,positive,4,valid,ox14-c000314 ox14-c000434 ox14-c000026 ox14-c000061 ox14-c000007,ox14-c000007 ox14-c000434 ox14-c000061 ox14-c000314 ox14-c000026,-0.5000000000,false
local_qwen,ow14-s0101,positive,5,valid,ox14-c000314 ox14-c000434 ox14-c000026 ox14-c000061 ox14-c000007,ox14-c000007 ox14-c000434 ox14-c000061 ox14-c000314 ox14-c000026,-0.5000000000,false
local_qwen,ow14-s0102,positive,1,valid,ox14-c000273 ox14-c000109 ox14-c000219 ox14-c000034 ox14-c000359,ox14-c000359 ox14-c000273 ox14-c000109 ox14-c000219 ox14-c000034,0.0000000000,false
local_qwen,ow14-s0102,positive,2,valid,ox14-c000273 ox14-c000109 ox14-c000219 ox14-c000034 ox14-c000359,ox14-c000359 ox14-c000273 ox14-c000109 ox14-c000219 ox14-c000034,0.0000000000,false
local_qwen,ow14-s0102,positive,3,valid,ox14-c000273 ox14-c000109 ox14-c000219 ox14-c000034 ox14-c000359,ox14-c000359 ox14-c000273 ox14-c000109 ox14-c000219 ox14-c000034,0.0000000000,false
local_qwen,ow14-s0102,positive,4,valid,ox14-c000273 ox14-c000109 ox14-c000219 ox14-c000034 ox14-c000359,ox14-c000359 ox14-c000273 ox14-c000109 ox14-c000219 ox14-c000034,0.0000000000,false
local_qwen,ow14-s0102,positive,5,valid,ox14-c000273 ox14-c000109 ox14-c000219 ox14-c000034 ox14-c000359,ox14-c000359 ox14-c000273 ox14-c000109 ox14-c000219 ox14-c000034,0.0000000000,false
local_qwen,ow14-s0103,positive,1,valid,ox14-c000405 ox14-c000269 ox14-c000101 ox14-c000363 ox14-c000303,ox14-c000363 ox14-c000269 ox14-c000303 ox14-c000405 ox14-c000101,-0.3000000000,false
local_qwen,ow14-s0103,positive,2,valid,ox14-c000405 ox14-c000269 ox14-c000101 ox14-c000363 ox14-c000303,ox14-c000363 ox14-c000269 ox14-c000303 ox14-c000405 ox14-c000101,-0.3000000000,false
local_qwen,ow14-s0103,positive,3,valid,ox14-c000405 ox14-c000269 ox14-c000101 ox14-c000363 ox14-c000303,ox14-c000363 ox14-c000269 ox14-c000303 ox14-c000405 ox14-c000101,-0.3000000000,false
local_qwen,ow14-s0103,positive,4,valid,ox14-c000405 ox14-c000269 ox14-c000101 ox14-c000363 ox14-c000303,ox14-c000363 ox14-c000269 ox14-c000303 ox14-c000405 ox14-c000101,-0.3000000000,false
local_qwen,ow14-s0103,positive,5,valid,ox14-c000405 ox14-c000269 ox14-c000101 ox14-c000363 ox14-c000303,ox14-c000363 ox14-c000269 ox14-c000303 ox14-c000405 ox14-c000101,-0.3000000000,false
local_qwen,ow14-s0104,positive,1,valid,ox14-c000111 ox14-c000064 ox14-c000403 ox14-c000100 ox14-c000226,ox14-c000226 ox14-c000064 ox14-c000111 ox14-c000403 ox14-c000100,-0.1000000000,false
local_qwen,ow14-s0104,positive,2,valid,ox14-c000111 ox14-c000064 ox14-c000403 ox14-c000100 ox14-c000226,ox14-c000226 ox14-c000064 ox14-c000111 ox14-c000403 ox14-c000100,-0.1000000000,false
local_qwen,ow14-s0104,positive,3,valid,ox14-c000111 ox14-c000064 ox14-c000403 ox14-c000100 ox14-c000226,ox14-c000226 ox14-c000064 ox14-c000111 ox14-c000403 ox14-c000100,-0.1000000000,false
local_qwen,ow14-s0104,positive,4,valid,ox14-c000111 ox14-c000064 ox14-c000403 ox14-c000100 ox14-c000226,ox14-c000226 ox14-c000064 ox14-c000111 ox14-c000403 ox14-c000100,-0.1000000000,false
local_qwen,ow14-s0104,positive,5,valid,ox14-c000111 ox14-c000064 ox14-c000403 ox14-c000100 ox14-c000226,ox14-c000226 ox14-c000064 ox14-c000111 ox14-c000403 ox14-c000100,-0.1000000000,false
local_qwen,ow14-s0105,positive,1,valid,ox14-c000212 ox14-c000003 ox14-c000387 ox14-c000048 ox14-c000141,ox14-c000387 ox14-c000141 ox14-c000212 ox14-c000003 ox14-c000048,-0.1000000000,false
local_qwen,ow14-s0105,positive,2,valid,ox14-c000212 ox14-c000003 ox14-c000387 ox14-c000048 ox14-c000141,ox14-c000387 ox14-c000141 ox14-c000212 ox14-c000003 ox14-c000048,-0.1000000000,false
local_qwen,ow14-s0105,positive,3,valid,ox14-c000212 ox14-c000003 ox14-c000387 ox14-c000048 ox14-c000141,ox14-c000387 ox14-c000141 ox14-c000212 ox14-c000003 ox14-c000048,-0.1000000000,false
local_qwen,ow14-s0105,positive,4,valid,ox14-c000212 ox14-c000003 ox14-c000387 ox14-c000048 ox14-c000141,ox14-c000387 ox14-c000141 ox14-c000212 ox14-c000003 ox14-c000048,-0.1000000000,false
local_qwen,ow14-s0105,positive,5,valid,ox14-c000212 ox14-c000003 ox14-c000387 ox14-c000048 ox14-c000141,ox14-c000387 ox14-c000141 ox14-c000212 ox14-c000003 ox14-c000048,-0.1000000000,false
local_qwen,ow14-s0106,positive,1,valid,ox14-c000202 ox14-c000399 ox14-c000082 ox14-c000251 ox14-c000423,ox14-c000082 ox14-c000202 ox14-c000251 ox14-c000399 ox14-c000423,0.5000000000,false
local_qwen,ow14-s0106,positive,2,valid,ox14-c000202 ox14-c000399 ox14-c000082 ox14-c000251 ox14-c000423,ox14-c000082 ox14-c000202 ox14-c000251 ox14-c000399 ox14-c000423,0.5000000000,false
local_qwen,ow14-s0106,positive,3,valid,ox14-c000202 ox14-c000399 ox14-c000082 ox14-c000251 ox14-c000423,ox14-c000082 ox14-c000202 ox14-c000251 ox14-c000399 ox14-c000423,0.5000000000,false
local_qwen,ow14-s0106,positive,4,valid,ox14-c000202 ox14-c000399 ox14-c000082 ox14-c000251 ox14-c000423,ox14-c000082 ox14-c000202 ox14-c000251 ox14-c000399 ox14-c000423,0.5000000000,false
local_qwen,ow14-s0106,positive,5,valid,ox14-c000202 ox14-c000399 ox14-c000082 ox14-c000251 ox14-c000423,ox14-c000082 ox14-c000202 ox14-c000251 ox14-c000399 ox14-c000423,0.5000000000,false
local_qwen,ow14-s0107,positive,1,valid,ox14-c000410 ox14-c000085 ox14-c000430 ox14-c000077 ox14-c000296,ox14-c000430 ox14-c000085 ox14-c000077 ox14-c000296 ox14-c000410,-0.1000000000,false
local_qwen,ow14-s0107,positive,2,valid,ox14-c000410 ox14-c000085 ox14-c000430 ox14-c000077 ox14-c000296,ox14-c000430 ox14-c000085 ox14-c000077 ox14-c000296 ox14-c000410,-0.1000000000,false
local_qwen,ow14-s0107,positive,3,valid,ox14-c000410 ox14-c000085 ox14-c000430 ox14-c000077 ox14-c000296,ox14-c000430 ox14-c000085 ox14-c000077 ox14-c000296 ox14-c000410,-0.1000000000,false
local_qwen,ow14-s0107,positive,4,valid,ox14-c000410 ox14-c000085 ox14-c000430 ox14-c000077 ox14-c000296,ox14-c000430 ox14-c000085 ox14-c000077 ox14-c000296 ox14-c000410,-0.1000000000,false
local_qwen,ow14-s0107,positive,5,valid,ox14-c000410 ox14-c000085 ox14-c000430 ox14-c000077 ox14-c000296,ox14-c000430 ox14-c000085 ox14-c000077 ox14-c000296 ox14-c000410,-0.1000000000,false
local_qwen,ow14-s0108,positive,1,valid,ox14-c000118 ox14-c000395 ox14-c000223 ox14-c000353 ox14-c000018,ox14-c000018 ox14-c000223 ox14-c000118 ox14-c000395 ox14-c000353,-0.3000000000,false
local_qwen,ow14-s0108,positive,2,valid,ox14-c000118 ox14-c000395 ox14-c000223 ox14-c000353 ox14-c000018,ox14-c000018 ox14-c000223 ox14-c000118 ox14-c000395 ox14-c000353,-0.3000000000,false
local_qwen,ow14-s0108,positive,3,valid,ox14-c000118 ox14-c000395 ox14-c000223 ox14-c000353 ox14-c000018,ox14-c000018 ox14-c000223 ox14-c000118 ox14-c000395 ox14-c000353,-0.3000000000,false
local_qwen,ow14-s0108,positive,4,valid,ox14-c000118 ox14-c000395 ox14-c000223 ox14-c000353 ox14-c000018,ox14-c000018 ox14-c000223 ox14-c000118 ox14-c000395 ox14-c000353,-0.3000000000,false
local_qwen,ow14-s0108,positive,5,valid,ox14-c000118 ox14-c000395 ox14-c000223 ox14-c000353 ox14-c000018,ox14-c000018 ox14-c000223 ox14-c000118 ox14-c000395 ox14-c000353,-0.3000000000,false
local_qwen,ow14-s0109,positive,1,valid,ox14-c000307 ox14-c000020 ox14-c000315 ox14-c000311 ox14-c000188,ox14-c000307 ox14-c000020 ox14-c000315 ox14-c000311 ox14-c000188,1.0000000000,true
local_qwen,ow14-s0109,positive,2,valid,ox14-c000307 ox14-c000020 ox14-c000315 ox14-c000311 ox14-c000188,ox14-c000307 ox14-c000020 ox14-c000315 ox14-c000311 ox14-c000188,1.0000000000,true
local_qwen,ow14-s0109,positive,3,valid,ox14-c000307 ox14-c000020 ox14-c000315 ox14-c000311 ox14-c000188,ox14-c000307 ox14-c000020 ox14-c000315 ox14-c000311 ox14-c000188,1.0000000000,true
local_qwen,ow14-s0109,positive,4,valid,ox14-c000307 ox14-c000020 ox14-c000315 ox14-c000311 ox14-c000188,ox14-c000307 ox14-c000020 ox14-c000315 ox14-c000311 ox14-c000188,1.0000000000,true
local_qwen,ow14-s0109,positive,5,valid,ox14-c000307 ox14-c000020 ox14-c000315 ox14-c000311 ox14-c000188,ox14-c000307 ox14-c000020 ox14-c000315 ox14-c000311 ox14-c000188,1.0000000000,true
local_qwen,ow14-s0110,positive,1,valid,ox14-c000351 ox14-c000167 ox14-c000161 ox14-c000404 ox14-c000232,ox14-c000232 ox14-c000351 ox14-c000167 ox14-c000161 ox14-c000404,0.0000000000,false
local_qwen,ow14-s0110,positive,2,valid,ox14-c000351 ox14-c000167 ox14-c000161 ox14-c000404 ox14-c000232,ox14-c000232 ox14-c000351 ox14-c000167 ox14-c000161 ox14-c000404,0.0000000000,false
local_qwen,ow14-s0110,positive,3,valid,ox14-c000351 ox14-c000167 ox14-c000161 ox14-c000404 ox14-c000232,ox14-c000232 ox14-c000351 ox14-c000167 ox14-c000161 ox14-c000404,0.0000000000,false
local_qwen,ow14-s0110,positive,4,valid,ox14-c000351 ox14-c000167 ox14-c000161 ox14-c000404 ox14-c000232,ox14-c000232 ox14-c000351 ox14-c000167 ox14-c000161 ox14-c000404,0.0000000000,false
local_qwen,ow14-s0110,positive,5,valid,ox14-c000351 ox14-c000167 ox14-c000161 ox14-c000404 ox14-c000232,ox14-c000232 ox14-c000351 ox14-c000167 ox14-c000161 ox14-c000404,0.0000000000,false
local_qwen,ow14-s0111,positive,1,valid,ox14-c000029 ox14-c000117 ox14-c000429 ox14-c000119 ox14-c000272,ox14-c000029 ox14-c000429 ox14-c000117 ox14-c000119 ox14-c000272,0.9000000000,false
local_qwen,ow14-s0111,positive,2,valid,ox14-c000029 ox14-c000117 ox14-c000429 ox14-c000119 ox14-c000272,ox14-c000029 ox14-c000429 ox14-c000117 ox14-c000119 ox14-c000272,0.9000000000,false
local_qwen,ow14-s0111,positive,3,valid,ox14-c000029 ox14-c000117 ox14-c000429 ox14-c000119 ox14-c000272,ox14-c000029 ox14-c000429 ox14-c000117 ox14-c000119 ox14-c000272,0.9000000000,false
local_qwen,ow14-s0111,positive,4,valid,ox14-c000029 ox14-c000117 ox14-c000429 ox14-c000119 ox14-c000272,ox14-c000029 ox14-c000429 ox14-c000117 ox14-c000119 ox14-c000272,0.9000000000,false
local_qwen,ow14-s0111,positive,5,valid,ox14-c000029 ox14-c000117 ox14-c000429 ox14-c000119 ox14-c000272,ox14-c000029 ox14-c000429 ox14-c000117 ox14-c000119 ox14-c000272,0.9000000000,false
local_qwen,ow14-s0112,positive,1,valid,ox14-c000378 ox14-c000136 ox14-c000346 ox14-c000185 ox14-c000377,ox14-c000378 ox14-c000136 ox14-c000346 ox14-c000185 ox14-c000377,1.0000000000,true
local_qwen,ow14-s0112,positive,2,valid,ox14-c000378 ox14-c000136 ox14-c000346 ox14-c000185 ox14-c000377,ox14-c000378 ox14-c000136 ox14-c000346 ox14-c000185 ox14-c000377,1.0000000000,true
local_qwen,ow14-s0112,positive,3,valid,ox14-c000378 ox14-c000136 ox14-c000346 ox14-c000185 ox14-c000377,ox14-c000378 ox14-c000136 ox14-c000346 ox14-c000185 ox14-c000377,1.0000000000,true
local_qwen,ow14-s0112,positive,4,valid,ox14-c000378 ox14-c000136 ox14-c000346 ox14-c000185 ox14-c000377,ox14-c000378 ox14-c000136 ox14-c000346 ox14-c000185 ox14-c000377,1.0000000000,true
local_qwen,ow14-s0112,positive,5,valid,ox14-c000378 ox14-c000136 ox14-c000346 ox14-c000185 ox14-c000377,ox14-c000378 ox14-c000136 ox14-c000346 ox14-c000185 ox14-c000377,1.0000000000,true
local_qwen,ow14-s0113,positive,1,valid,ox14-c000094 ox14-c000396 ox14-c000198 ox14-c000070 ox14-c000247,ox14-c000094 ox14-c000396 ox14-c000198 ox14-c000247 ox14-c000070,0.9000000000,false
local_qwen,ow14-s0113,positive,2,valid,ox14-c000094 ox14-c000396 ox14-c000198 ox14-c000070 ox14-c000247,ox14-c000094 ox14-c000396 ox14-c000198 ox14-c000247 ox14-c000070,0.9000000000,false
local_qwen,ow14-s0113,positive,3,valid,ox14-c000094 ox14-c000396 ox14-c000198 ox14-c000070 ox14-c000247,ox14-c000094 ox14-c000396 ox14-c000198 ox14-c000247 ox14-c000070,0.9000000000,false
local_qwen,ow14-s0113,positive,4,valid,ox14-c000094 ox14-c000396 ox14-c000198 ox14-c000070 ox14-c000247,ox14-c000094 ox14-c000396 ox14-c000198 ox14-c000247 ox14-c000070,0.9000000000,false
local_qwen,ow14-s0113,positive,5,valid,ox14-c000094 ox14-c000396 ox14-c000198 ox14-c000070 ox14-c000247,ox14-c000094 ox14-c000396 ox14-c000198 ox14-c000247 ox14-c000070,0.9000000000,false
local_qwen,ow14-s0114,positive,1,valid,ox14-c000102 ox14-c000099 ox14-c000139 ox14-c000023 ox14-c000056,ox14-c000139 ox14-c000099 ox14-c000056 ox14-c000023 ox14-c000102,-0.2000000000,false
local_qwen,ow14-s0114,positive,2,valid,ox14-c000102 ox14-c000099 ox14-c000139 ox14-c000023 ox14-c000056,ox14-c000139 ox14-c000099 ox14-c000056 ox14-c000023 ox14-c000102,-0.2000000000,false
local_qwen,ow14-s0114,positive,3,valid,ox14-c000102 ox14-c000099 ox14-c000139 ox14-c000023 ox14-c000056,ox14-c000139 ox14-c000099 ox14-c000056 ox14-c000023 ox14-c000102,-0.2000000000,false
local_qwen,ow14-s0114,positive,4,valid,ox14-c000102 ox14-c000099 ox14-c000139 ox14-c000023 ox14-c000056,ox14-c000139 ox14-c000099 ox14-c000056 ox14-c000023 ox14-c000102,-0.2000000000,false
local_qwen,ow14-s0114,positive,5,valid,ox14-c000102 ox14-c000099 ox14-c000139 ox14-c000023 ox14-c000056,ox14-c000139 ox14-c000099 ox14-c000056 ox14-c000023 ox14-c000102,-0.2000000000,false
local_qwen,ow14-s0115,positive,1,valid,ox14-c000189 ox14-c000006 ox14-c000348 ox14-c000236 ox14-c000030,ox14-c000006 ox14-c000189 ox14-c000348 ox14-c000236 ox14-c000030,0.9000000000,false
local_qwen,ow14-s0115,positive,2,valid,ox14-c000189 ox14-c000006 ox14-c000348 ox14-c000236 ox14-c000030,ox14-c000006 ox14-c000189 ox14-c000348 ox14-c000236 ox14-c000030,0.9000000000,false
local_qwen,ow14-s0115,positive,3,valid,ox14-c000189 ox14-c000006 ox14-c000348 ox14-c000236 ox14-c000030,ox14-c000006 ox14-c000189 ox14-c000348 ox14-c000236 ox14-c000030,0.9000000000,false
local_qwen,ow14-s0115,positive,4,valid,ox14-c000189 ox14-c000006 ox14-c000348 ox14-c000236 ox14-c000030,ox14-c000006 ox14-c000189 ox14-c000348 ox14-c000236 ox14-c000030,0.9000000000,false
local_qwen,ow14-s0115,positive,5,valid,ox14-c000189 ox14-c000006 ox14-c000348 ox14-c000236 ox14-c000030,ox14-c000006 ox14-c000189 ox14-c000348 ox14-c000236 ox14-c000030,0.9000000000,false
local_qwen,ow14-s0116,positive,1,valid,ox14-c000083 ox14-c000426 ox14-c000120 ox14-c000341 ox14-c000209,ox14-c000426 ox14-c000120 ox14-c000341 ox14-c000209 ox14-c000083,0.0000000000,false
local_qwen,ow14-s0116,positive,2,valid,ox14-c000083 ox14-c000426 ox14-c000120 ox14-c000341 ox14-c000209,ox14-c000426 ox14-c000120 ox14-c000341 ox14-c000209 ox14-c000083,0.0000000000,false
local_qwen,ow14-s0116,positive,3,valid,ox14-c000083 ox14-c000426 ox14-c000120 ox14-c000341 ox14-c000209,ox14-c000426 ox14-c000120 ox14-c000341 ox14-c000209 ox14-c000083,0.0000000000,false
local_qwen,ow14-s0116,positive,4,valid,ox14-c000083 ox14-c000426 ox14-c000120 ox14-c000341 ox14-c000209,ox14-c000426 ox14-c000120 ox14-c000341 ox14-c000209 ox14-c000083,0.0000000000,false
local_qwen,ow14-s0116,positive,5,valid,ox14-c000083 ox14-c000426 ox14-c000120 ox14-c000341 ox14-c000209,ox14-c000426 ox14-c000120 ox14-c000341 ox14-c000209 ox14-c000083,0.0000000000,false
local_qwen,ow14-s0117,positive,1,valid,ox14-c000333 ox14-c000184 ox14-c000259 ox14-c000221 ox14-c000254,ox14-c000221 ox14-c000333 ox14-c000184 ox14-c000259 ox14-c000254,0.4000000000,false
local_qwen,ow14-s0117,positive,2,valid,ox14-c000333 ox14-c000184 ox14-c000259 ox14-c000221 ox14-c000254,ox14-c000221 ox14-c000333 ox14-c000184 ox14-c000259 ox14-c000254,0.4000000000,false
local_qwen,ow14-s0117,positive,3,valid,ox14-c000333 ox14-c000184 ox14-c000259 ox14-c000221 ox14-c000254,ox14-c000221 ox14-c000333 ox14-c000184 ox14-c000259 ox14-c000254,0.4000000000,false
local_qwen,ow14-s0117,positive,4,valid,ox14-c000333 ox14-c000184 ox14-c000259 ox14-c000221 ox14-c000254,ox14-c000221 ox14-c000333 ox14-c000184 ox14-c000259 ox14-c000254,0.4000000000,false
local_qwen,ow14-s0117,positive,5,valid,ox14-c000333 ox14-c000184 ox14-c000259 ox14-c000221 ox14-c000254,ox14-c000221 ox14-c000333 ox14-c000184 ox14-c000259 ox14-c000254,0.4000000000,false
local_qwen,ow14-s0118,positive,1,valid,ox14-c000031 ox14-c000355 ox14-c000010 ox14-c000229 ox14-c000278,ox14-c000355 ox14-c000229 ox14-c000278 ox14-c000031 ox14-c000010,-0.1000000000,false
local_qwen,ow14-s0118,positive,2,valid,ox14-c000031 ox14-c000355 ox14-c000010 ox14-c000229 ox14-c000278,ox14-c000355 ox14-c000229 ox14-c000278 ox14-c000031 ox14-c000010,-0.1000000000,false
local_qwen,ow14-s0118,positive,3,valid,ox14-c000031 ox14-c000355 ox14-c000010 ox14-c000229 ox14-c000278,ox14-c000355 ox14-c000229 ox14-c000278 ox14-c000031 ox14-c000010,-0.1000000000,false
local_qwen,ow14-s0118,positive,4,valid,ox14-c000031 ox14-c000355 ox14-c000010 ox14-c000229 ox14-c000278,ox14-c000355 ox14-c000229 ox14-c000278 ox14-c000031 ox14-c000010,-0.1000000000,false
local_qwen,ow14-s0118,positive,5,valid,ox14-c000031 ox14-c000355 ox14-c000010 ox14-c000229 ox14-c000278,ox14-c000355 ox14-c000229 ox14-c000278 ox14-c000031 ox14-c000010,-0.1000000000,false
local_qwen,ow14-s0119,positive,1,valid,ox14-c000294 ox14-c000204 ox14-c000125 ox14-c000169 ox14-c000065,ox14-c000294 ox14-c000169 ox14-c000204 ox14-c000125 ox14-c000065,0.7000000000,false
local_qwen,ow14-s0119,positive,2,valid,ox14-c000294 ox14-c000204 ox14-c000125 ox14-c000169 ox14-c000065,ox14-c000294 ox14-c000169 ox14-c000204 ox14-c000125 ox14-c000065,0.7000000000,false
local_qwen,ow14-s0119,positive,3,valid,ox14-c000294 ox14-c000204 ox14-c000125 ox14-c000169 ox14-c000065,ox14-c000294 ox14-c000169 ox14-c000204 ox14-c000125 ox14-c000065,0.7000000000,false
local_qwen,ow14-s0119,positive,4,valid,ox14-c000294 ox14-c000204 ox14-c000125 ox14-c000169 ox14-c000065,ox14-c000294 ox14-c000169 ox14-c000204 ox14-c000125 ox14-c000065,0.7000000000,false
local_qwen,ow14-s0119,positive,5,valid,ox14-c000294 ox14-c000204 ox14-c000125 ox14-c000169 ox14-c000065,ox14-c000294 ox14-c000169 ox14-c000204 ox14-c000125 ox14-c000065,0.7000000000,false
local_qwen,ow14-s0120,positive,1,valid,ox14-c000409 ox14-c000164 ox14-c000050 ox14-c000044 ox14-c000066,ox14-c000066 ox14-c000164 ox14-c000409 ox14-c000050 ox14-c000044,-0.1000000000,false
local_qwen,ow14-s0120,positive,2,valid,ox14-c000409 ox14-c000164 ox14-c000050 ox14-c000044 ox14-c000066,ox14-c000066 ox14-c000164 ox14-c000409 ox14-c000050 ox14-c000044,-0.1000000000,false
local_qwen,ow14-s0120,positive,3,valid,ox14-c000409 ox14-c000164 ox14-c000050 ox14-c000044 ox14-c000066,ox14-c000066 ox14-c000164 ox14-c000409 ox14-c000050 ox14-c000044,-0.1000000000,false
local_qwen,ow14-s0120,positive,4,valid,ox14-c000409 ox14-c000164 ox14-c000050 ox14-c000044 ox14-c000066,ox14-c000066 ox14-c000164 ox14-c000409 ox14-c000050 ox14-c000044,-0.1000000000,false
local_qwen,ow14-s0120,positive,5,valid,ox14-c000409 ox14-c000164 ox14-c000050 ox14-c000044 ox14-c000066,ox14-c000066 ox14-c000164 ox14-c000409 ox14-c000050 ox14-c000044,-0.1000000000,false
local_qwen,ow14-s0121,positive,1,valid,ox14-c000208 ox14-c000112 ox14-c000261 ox14-c000214 ox14-c000432,ox14-c000432 ox14-c000208 ox14-c000214 ox14-c000112 ox14-c000261,-0.3000000000,false
local_qwen,ow14-s0121,positive,2,valid,ox14-c000208 ox14-c000112 ox14-c000261 ox14-c000214 ox14-c000432,ox14-c000432 ox14-c000208 ox14-c000214 ox14-c000112 ox14-c000261,-0.3000000000,false
local_qwen,ow14-s0121,positive,3,valid,ox14-c000208 ox14-c000112 ox14-c000261 ox14-c000214 ox14-c000432,ox14-c000432 ox14-c000208 ox14-c000214 ox14-c000112 ox14-c000261,-0.3000000000,false
local_qwen,ow14-s0121,positive,4,valid,ox14-c000208 ox14-c000112 ox14-c000261 ox14-c000214 ox14-c000432,ox14-c000432 ox14-c000208 ox14-c000214 ox14-c000112 ox14-c000261,-0.3000000000,false
local_qwen,ow14-s0121,positive,5,valid,ox14-c000208 ox14-c000112 ox14-c000261 ox14-c000214 ox14-c000432,ox14-c000432 ox14-c000208 ox14-c000214 ox14-c000112 ox14-c000261,-0.3000000000,false
local_qwen,ow14-s0122,positive,1,valid,ox14-c000224 ox14-c000414 ox14-c000362 ox14-c000256 ox14-c000310,ox14-c000414 ox14-c000256 ox14-c000362 ox14-c000224 ox14-c000310,0.3000000000,false
local_qwen,ow14-s0122,positive,2,valid,ox14-c000224 ox14-c000414 ox14-c000362 ox14-c000256 ox14-c000310,ox14-c000414 ox14-c000256 ox14-c000362 ox14-c000224 ox14-c000310,0.3000000000,false
local_qwen,ow14-s0122,positive,3,valid,ox14-c000224 ox14-c000414 ox14-c000362 ox14-c000256 ox14-c000310,ox14-c000414 ox14-c000256 ox14-c000362 ox14-c000224 ox14-c000310,0.3000000000,false
local_qwen,ow14-s0122,positive,4,valid,ox14-c000224 ox14-c000414 ox14-c000362 ox14-c000256 ox14-c000310,ox14-c000414 ox14-c000256 ox14-c000362 ox14-c000224 ox14-c000310,0.3000000000,false
local_qwen,ow14-s0122,positive,5,valid,ox14-c000224 ox14-c000414 ox14-c000362 ox14-c000256 ox14-c000310,ox14-c000414 ox14-c000256 ox14-c000362 ox14-c000224 ox14-c000310,0.3000000000,false
local_qwen,ow14-s0123,positive,1,valid,ox14-c000391 ox14-c000036 ox14-c000402 ox14-c000210 ox14-c000199,ox14-c000036 ox14-c000199 ox14-c000210 ox14-c000391 ox14-c000402,-0.2000000000,false
local_qwen,ow14-s0123,positive,2,valid,ox14-c000391 ox14-c000036 ox14-c000402 ox14-c000210 ox14-c000199,ox14-c000036 ox14-c000199 ox14-c000210 ox14-c000391 ox14-c000402,-0.2000000000,false
local_qwen,ow14-s0123,positive,3,valid,ox14-c000391 ox14-c000036 ox14-c000402 ox14-c000210 ox14-c000199,ox14-c000036 ox14-c000199 ox14-c000210 ox14-c000391 ox14-c000402,-0.2000000000,false
local_qwen,ow14-s0123,positive,4,valid,ox14-c000391 ox14-c000036 ox14-c000402 ox14-c000210 ox14-c000199,ox14-c000036 ox14-c000199 ox14-c000210 ox14-c000391 ox14-c000402,-0.2000000000,false
local_qwen,ow14-s0123,positive,5,valid,ox14-c000391 ox14-c000036 ox14-c000402 ox14-c000210 ox14-c000199,ox14-c000036 ox14-c000199 ox14-c000210 ox14-c000391 ox14-c000402,-0.2000000000,false
local_qwen,ow14-s0124,positive,1,valid,ox14-c000225 ox14-c000067 ox14-c000252 ox14-c000160 ox14-c000320,ox14-c000225 ox14-c000067 ox14-c000252 ox14-c000160 ox14-c000320,1.0000000000,true
local_qwen,ow14-s0124,positive,2,valid,ox14-c000225 ox14-c000067 ox14-c000252 ox14-c000160 ox14-c000320,ox14-c000225 ox14-c000067 ox14-c000252 ox14-c000160 ox14-c000320,1.0000000000,true
local_qwen,ow14-s0124,positive,3,valid,ox14-c000225 ox14-c000067 ox14-c000252 ox14-c000160 ox14-c000320,ox14-c000225 ox14-c000067 ox14-c000252 ox14-c000160 ox14-c000320,1.0000000000,true
local_qwen,ow14-s0124,positive,4,valid,ox14-c000225 ox14-c000067 ox14-c000252 ox14-c000160 ox14-c000320,ox14-c000225 ox14-c000067 ox14-c000252 ox14-c000160 ox14-c000320,1.0000000000,true
local_qwen,ow14-s0124,positive,5,valid,ox14-c000225 ox14-c000067 ox14-c000252 ox14-c000160 ox14-c000320,ox14-c000225 ox14-c000067 ox14-c000252 ox14-c000160 ox14-c000320,1.0000000000,true
local_qwen,ow14-s0125,positive,1,valid,ox14-c000393 ox14-c000369 ox14-c000140 ox14-c000090 ox14-c000165,ox14-c000165 ox14-c000393 ox14-c000140 ox14-c000369 ox14-c000090,-0.1000000000,false
local_qwen,ow14-s0125,positive,2,valid,ox14-c000393 ox14-c000369 ox14-c000140 ox14-c000090 ox14-c000165,ox14-c000165 ox14-c000393 ox14-c000140 ox14-c000369 ox14-c000090,-0.1000000000,false
local_qwen,ow14-s0125,positive,3,valid,ox14-c000393 ox14-c000369 ox14-c000140 ox14-c000090 ox14-c000165,ox14-c000165 ox14-c000393 ox14-c000140 ox14-c000369 ox14-c000090,-0.1000000000,false
local_qwen,ow14-s0125,positive,4,valid,ox14-c000393 ox14-c000369 ox14-c000140 ox14-c000090 ox14-c000165,ox14-c000165 ox14-c000393 ox14-c000140 ox14-c000369 ox14-c000090,-0.1000000000,false
local_qwen,ow14-s0125,positive,5,valid,ox14-c000393 ox14-c000369 ox14-c000140 ox14-c000090 ox14-c000165,ox14-c000165 ox14-c000393 ox14-c000140 ox14-c000369 ox14-c000090,-0.1000000000,false
local_qwen,ow14-s0126,positive,1,valid,ox14-c000081 ox14-c000072 ox14-c000265 ox14-c000366 ox14-c000389,ox14-c000081 ox14-c000366 ox14-c000072 ox14-c000265 ox14-c000389,0.7000000000,false
local_qwen,ow14-s0126,positive,2,valid,ox14-c000081 ox14-c000072 ox14-c000265 ox14-c000366 ox14-c000389,ox14-c000081 ox14-c000366 ox14-c000072 ox14-c000265 ox14-c000389,0.7000000000,false
local_qwen,ow14-s0126,positive,3,valid,ox14-c000081 ox14-c000072 ox14-c000265 ox14-c000366 ox14-c000389,ox14-c000081 ox14-c000366 ox14-c000072 ox14-c000265 ox14-c000389,0.7000000000,false
local_qwen,ow14-s0126,positive,4,valid,ox14-c000081 ox14-c000072 ox14-c000265 ox14-c000366 ox14-c000389,ox14-c000081 ox14-c000366 ox14-c000072 ox14-c000265 ox14-c000389,0.7000000000,false
local_qwen,ow14-s0126,positive,5,valid,ox14-c000081 ox14-c000072 ox14-c000265 ox14-c000366 ox14-c000389,ox14-c000081 ox14-c000366 ox14-c000072 ox14-c000265 ox14-c000389,0.7000000000,false
local_qwen,ow14-s0127,positive,1,valid,ox14-c000246 ox14-c000211 ox14-c000323 ox14-c000114 ox14-c000046,ox14-c000246 ox14-c000211 ox14-c000323 ox14-c000114 ox14-c000046,1.0000000000,true
local_qwen,ow14-s0127,positive,2,valid,ox14-c000246 ox14-c000211 ox14-c000323 ox14-c000114 ox14-c000046,ox14-c000246 ox14-c000211 ox14-c000323 ox14-c000114 ox14-c000046,1.0000000000,true
local_qwen,ow14-s0127,positive,3,valid,ox14-c000246 ox14-c000211 ox14-c000323 ox14-c000114 ox14-c000046,ox14-c000246 ox14-c000211 ox14-c000323 ox14-c000114 ox14-c000046,1.0000000000,true
local_qwen,ow14-s0127,positive,4,valid,ox14-c000246 ox14-c000211 ox14-c000323 ox14-c000114 ox14-c000046,ox14-c000246 ox14-c000211 ox14-c000323 ox14-c000114 ox14-c000046,1.0000000000,true
local_qwen,ow14-s0127,positive,5,valid,ox14-c000246 ox14-c000211 ox14-c000323 ox14-c000114 ox14-c000046,ox14-c000246 ox14-c000211 ox14-c000323 ox14-c000114 ox14-c000046,1.0000000000,true
local_qwen,ow14-s0128,positive,1,valid,ox14-c000025 ox14-c000418 ox14-c000108 ox14-c000181 ox14-c000121,ox14-c000418 ox14-c000108 ox14-c000181 ox14-c000121 ox14-c000025,0.0000000000,false
local_qwen,ow14-s0128,positive,2,valid,ox14-c000025 ox14-c000418 ox14-c000108 ox14-c000181 ox14-c000121,ox14-c000418 ox14-c000108 ox14-c000181 ox14-c000121 ox14-c000025,0.0000000000,false
local_qwen,ow14-s0128,positive,3,valid,ox14-c000025 ox14-c000418 ox14-c000108 ox14-c000181 ox14-c000121,ox14-c000418 ox14-c000108 ox14-c000181 ox14-c000121 ox14-c000025,0.0000000000,false
local_qwen,ow14-s0128,positive,4,valid,ox14-c000025 ox14-c000418 ox14-c000108 ox14-c000181 ox14-c000121,ox14-c000418 ox14-c000108 ox14-c000181 ox14-c000121 ox14-c000025,0.0000000000,false
local_qwen,ow14-s0128,positive,5,valid,ox14-c000025 ox14-c000418 ox14-c000108 ox14-c000181 ox14-c000121,ox14-c000418 ox14-c000108 ox14-c000181 ox14-c000121 ox14-c000025,0.0000000000,false
local_qwen,ow14-s0129,positive,1,valid,ox14-c000058 ox14-c000012 ox14-c000037 ox14-c000197 ox14-c000124,ox14-c000058 ox14-c000197 ox14-c000124 ox14-c000012 ox14-c000037,0.2000000000,false
local_qwen,ow14-s0129,positive,2,valid,ox14-c000058 ox14-c000012 ox14-c000037 ox14-c000197 ox14-c000124,ox14-c000058 ox14-c000197 ox14-c000124 ox14-c000012 ox14-c000037,0.2000000000,false
local_qwen,ow14-s0129,positive,3,valid,ox14-c000058 ox14-c000012 ox14-c000037 ox14-c000197 ox14-c000124,ox14-c000058 ox14-c000197 ox14-c000124 ox14-c000012 ox14-c000037,0.2000000000,false
local_qwen,ow14-s0129,positive,4,valid,ox14-c000058 ox14-c000012 ox14-c000037 ox14-c000197 ox14-c000124,ox14-c000058 ox14-c000197 ox14-c000124 ox14-c000012 ox14-c000037,0.2000000000,false
local_qwen,ow14-s0129,positive,5,valid,ox14-c000058 ox14-c000012 ox14-c000037 ox14-c000197 ox14-c000124,ox14-c000058 ox14-c000197 ox14-c000124 ox14-c000012 ox14-c000037,0.2000000000,false
local_qwen,ow14-s0130,positive,1,valid,ox14-c000270 ox14-c000245 ox14-c000354 ox14-c000339 ox14-c000374,ox14-c000270 ox14-c000245 ox14-c000354 ox14-c000339 ox14-c000374,1.0000000000,true
local_qwen,ow14-s0130,positive,2,valid,ox14-c000270 ox14-c000245 ox14-c000354 ox14-c000339 ox14-c000374,ox14-c000270 ox14-c000245 ox14-c000354 ox14-c000339 ox14-c000374,1.0000000000,true
local_qwen,ow14-s0130,positive,3,valid,ox14-c000270 ox14-c000245 ox14-c000354 ox14-c000339 ox14-c000374,ox14-c000270 ox14-c000245 ox14-c000354 ox14-c000339 ox14-c000374,1.0000000000,true
local_qwen,ow14-s0130,positive,4,valid,ox14-c000270 ox14-c000245 ox14-c000354 ox14-c000339 ox14-c000374,ox14-c000270 ox14-c000245 ox14-c000354 ox14-c000339 ox14-c000374,1.0000000000,true
local_qwen,ow14-s0130,positive,5,valid,ox14-c000270 ox14-c000245 ox14-c000354 ox14-c000339 ox14-c000374,ox14-c000270 ox14-c000245 ox14-c000354 ox14-c000339 ox14-c000374,1.0000000000,true
local_qwen,ow14-s0131,positive,1,valid,ox14-c000045 ox14-c000033 ox14-c000127 ox14-c000087 ox14-c000075,ox14-c000045 ox14-c000033 ox14-c000127 ox14-c000075 ox14-c000087,0.9000000000,false
local_qwen,ow14-s0131,positive,2,valid,ox14-c000045 ox14-c000033 ox14-c000127 ox14-c000087 ox14-c000075,ox14-c000045 ox14-c000033 ox14-c000127 ox14-c000075 ox14-c000087,0.9000000000,false
local_qwen,ow14-s0131,positive,3,valid,ox14-c000045 ox14-c000033 ox14-c000127 ox14-c000087 ox14-c000075,ox14-c000045 ox14-c000033 ox14-c000127 ox14-c000075 ox14-c000087,0.9000000000,false
local_qwen,ow14-s0131,positive,4,valid,ox14-c000045 ox14-c000033 ox14-c000127 ox14-c000087 ox14-c000075,ox14-c000045 ox14-c000033 ox14-c000127 ox14-c000075 ox14-c000087,0.9000000000,false
local_qwen,ow14-s0131,positive,5,valid,ox14-c000045 ox14-c000033 ox14-c000127 ox14-c000087 ox14-c000075,ox14-c000045 ox14-c000033 ox14-c000127 ox14-c000075 ox14-c000087,0.9000000000,false
local_qwen,ow14-s0132,positive,1,valid,ox14-c000382 ox14-c000352 ox14-c000406 ox14-c000297 ox14-c000277,ox14-c000352 ox14-c000297 ox14-c000382 ox14-c000406 ox14-c000277,0.5000000000,false
local_qwen,ow14-s0132,positive,2,valid,ox14-c000382 ox14-c000352 ox14-c000406 ox14-c000297 ox14-c000277,ox14-c000352 ox14-c000297 ox14-c000382 ox14-c000406 ox14-c000277,0.5000000000,false
local_qwen,ow14-s0132,positive,3,valid,ox14-c000382 ox14-c000352 ox14-c000406 ox14-c000297 ox14-c000277,ox14-c000352 ox14-c000297 ox14-c000382 ox14-c000406 ox14-c000277,0.5000000000,false
local_qwen,ow14-s0132,positive,4,valid,ox14-c000382 ox14-c000352 ox14-c000406 ox14-c000297 ox14-c000277,ox14-c000352 ox14-c000297 ox14-c000382 ox14-c000406 ox14-c000277,0.5000000000,false
local_qwen,ow14-s0132,positive,5,valid,ox14-c000382 ox14-c000352 ox14-c000406 ox14-c000297 ox14-c000277,ox14-c000352 ox14-c000297 ox14-c000382 ox14-c000406 ox14-c000277,0.5000000000,false
local_qwen,ow14-s0133,positive,1,valid,ox14-c000357 ox14-c000192 ox14-c000060 ox14-c000113 ox14-c000183,ox14-c000183 ox14-c000357 ox14-c000192 ox14-c000060 ox14-c000113,0.0000000000,false
local_qwen,ow14-s0133,positive,2,valid,ox14-c000357 ox14-c000192 ox14-c000060 ox14-c000113 ox14-c000183,ox14-c000183 ox14-c000357 ox14-c000192 ox14-c000060 ox14-c000113,0.0000000000,false
local_qwen,ow14-s0133,positive,3,valid,ox14-c000357 ox14-c000192 ox14-c000060 ox14-c000113 ox14-c000183,ox14-c000183 ox14-c000357 ox14-c000192 ox14-c000060 ox14-c000113,0.0000000000,false
local_qwen,ow14-s0133,positive,4,valid,ox14-c000357 ox14-c000192 ox14-c000060 ox14-c000113 ox14-c000183,ox14-c000183 ox14-c000357 ox14-c000192 ox14-c000060 ox14-c000113,0.0000000000,false
local_qwen,ow14-s0133,positive,5,valid,ox14-c000357 ox14-c000192 ox14-c000060 ox14-c000113 ox14-c000183,ox14-c000183 ox14-c000357 ox14-c000192 ox14-c000060 ox14-c000113,0.0000000000,false
local_qwen,ow14-s0134,positive,1,valid,ox14-c000358 ox14-c000103 ox14-c000381 ox14-c000293 ox14-c000398,ox14-c000358 ox14-c000103 ox14-c000381 ox14-c000293 ox14-c000398,1.0000000000,true
local_qwen,ow14-s0134,positive,2,valid,ox14-c000358 ox14-c000103 ox14-c000381 ox14-c000293 ox14-c000398,ox14-c000358 ox14-c000103 ox14-c000381 ox14-c000293 ox14-c000398,1.0000000000,true
local_qwen,ow14-s0134,positive,3,valid,ox14-c000358 ox14-c000103 ox14-c000381 ox14-c000293 ox14-c000398,ox14-c000358 ox14-c000103 ox14-c000381 ox14-c000293 ox14-c000398,1.0000000000,true
local_qwen,ow14-s0134,positive,4,valid,ox14-c000358 ox14-c000103 ox14-c000381 ox14-c000293 ox14-c000398,ox14-c000358 ox14-c000103 ox14-c000381 ox14-c000293 ox14-c000398,1.0000000000,true
local_qwen,ow14-s0134,positive,5,valid,ox14-c000358 ox14-c000103 ox14-c000381 ox14-c000293 ox14-c000398,ox14-c000358 ox14-c000103 ox14-c000381 ox14-c000293 ox14-c000398,1.0000000000,true
local_qwen,ow14-s0135,positive,1,valid,ox14-c000093 ox14-c000201 ox14-c000373 ox14-c000422 ox14-c000107,ox14-c000201 ox14-c000107 ox14-c000422 ox14-c000373 ox14-c000093,-0.4000000000,false
local_qwen,ow14-s0135,positive,2,valid,ox14-c000093 ox14-c000201 ox14-c000373 ox14-c000422 ox14-c000107,ox14-c000201 ox14-c000107 ox14-c000422 ox14-c000373 ox14-c000093,-0.4000000000,false
local_qwen,ow14-s0135,positive,3,valid,ox14-c000093 ox14-c000201 ox14-c000373 ox14-c000422 ox14-c000107,ox14-c000201 ox14-c000107 ox14-c000422 ox14-c000373 ox14-c000093,-0.4000000000,false
local_qwen,ow14-s0135,positive,4,valid,ox14-c000093 ox14-c000201 ox14-c000373 ox14-c000422 ox14-c000107,ox14-c000201 ox14-c000107 ox14-c000422 ox14-c000373 ox14-c000093,-0.4000000000,false
local_qwen,ow14-s0135,positive,5,valid,ox14-c000093 ox14-c000201 ox14-c000373 ox14-c000422 ox14-c000107,ox14-c000201 ox14-c000107 ox14-c000422 ox14-c000373 ox14-c000093,-0.4000000000,false
local_qwen,ow14-s0136,positive,1,valid,ox14-c000300 ox14-c000427 ox14-c000337 ox14-c000350 ox14-c000053,ox14-c000300 ox14-c000427 ox14-c000337 ox14-c000350 ox14-c000053,1.0000000000,true
local_qwen,ow14-s0136,positive,2,valid,ox14-c000300 ox14-c000427 ox14-c000337 ox14-c000350 ox14-c000053,ox14-c000300 ox14-c000427 ox14-c000337 ox14-c000350 ox14-c000053,1.0000000000,true
local_qwen,ow14-s0136,positive,3,valid,ox14-c000300 ox14-c000427 ox14-c000337 ox14-c000350 ox14-c000053,ox14-c000300 ox14-c000427 ox14-c000337 ox14-c000350 ox14-c000053,1.0000000000,true
local_qwen,ow14-s0136,positive,4,valid,ox14-c000300 ox14-c000427 ox14-c000337 ox14-c000350 ox14-c000053,ox14-c000300 ox14-c000427 ox14-c000337 ox14-c000350 ox14-c000053,1.0000000000,true
local_qwen,ow14-s0136,positive,5,valid,ox14-c000300 ox14-c000427 ox14-c000337 ox14-c000350 ox14-c000053,ox14-c000300 ox14-c000427 ox14-c000337 ox14-c000350 ox14-c000053,1.0000000000,true
local_qwen,ow14-s0137,positive,1,valid,ox14-c000216 ox14-c000016 ox14-c000205 ox14-c000384 ox14-c000344,ox14-c000384 ox14-c000216 ox14-c000205 ox14-c000344 ox14-c000016,0.0000000000,false
local_qwen,ow14-s0137,positive,2,valid,ox14-c000216 ox14-c000016 ox14-c000205 ox14-c000384 ox14-c000344,ox14-c000384 ox14-c000216 ox14-c000205 ox14-c000344 ox14-c000016,0.0000000000,false
local_qwen,ow14-s0137,positive,3,valid,ox14-c000216 ox14-c000016 ox14-c000205 ox14-c000384 ox14-c000344,ox14-c000384 ox14-c000216 ox14-c000205 ox14-c000344 ox14-c000016,0.0000000000,false
local_qwen,ow14-s0137,positive,4,valid,ox14-c000216 ox14-c000016 ox14-c000205 ox14-c000384 ox14-c000344,ox14-c000384 ox14-c000216 ox14-c000205 ox14-c000344 ox14-c000016,0.0000000000,false
local_qwen,ow14-s0137,positive,5,valid,ox14-c000216 ox14-c000016 ox14-c000205 ox14-c000384 ox14-c000344,ox14-c000384 ox14-c000216 ox14-c000205 ox14-c000344 ox14-c000016,0.0000000000,false
local_qwen,ow14-s0138,positive,1,valid,ox14-c000321 ox14-c000220 ox14-c000177 ox14-c000268 ox14-c000207,ox14-c000177 ox14-c000220 ox14-c000207 ox14-c000268 ox14-c000321,-0.2000000000,false
local_qwen,ow14-s0138,positive,2,valid,ox14-c000321 ox14-c000220 ox14-c000177 ox14-c000268 ox14-c000207,ox14-c000177 ox14-c000220 ox14-c000207 ox14-c000268 ox14-c000321,-0.2000000000,false
local_qwen,ow14-s0138,positive,3,valid,ox14-c000321 ox14-c000220 ox14-c000177 ox14-c000268 ox14-c000207,ox14-c000177 ox14-c000220 ox14-c000207 ox14-c000268 ox14-c000321,-0.2000000000,false
local_qwen,ow14-s0138,positive,4,valid,ox14-c000321 ox14-c000220 ox14-c000177 ox14-c000268 ox14-c000207,ox14-c000177 ox14-c000220 ox14-c000207 ox14-c000268 ox14-c000321,-0.2000000000,false
local_qwen,ow14-s0138,positive,5,valid,ox14-c000321 ox14-c000220 ox14-c000177 ox14-c000268 ox14-c000207,ox14-c000177 ox14-c000220 ox14-c000207 ox14-c000268 ox14-c000321,-0.2000000000,false
local_qwen,ow14-s0139,positive,1,valid,ox14-c000175 ox14-c000026 ox14-c000061 ox14-c000434 ox14-c000314,ox14-c000061 ox14-c000434 ox14-c000175 ox14-c000026 ox14-c000314,0.2000000000,false
local_qwen,ow14-s0139,positive,2,valid,ox14-c000175 ox14-c000026 ox14-c000061 ox14-c000434 ox14-c000314,ox14-c000061 ox14-c000434 ox14-c000175 ox14-c000026 ox14-c000314,0.2000000000,false
local_qwen,ow14-s0139,positive,3,valid,ox14-c000175 ox14-c000026 ox14-c000061 ox14-c000434 ox14-c000314,ox14-c000061 ox14-c000434 ox14-c000175 ox14-c000026 ox14-c000314,0.2000000000,false
local_qwen,ow14-s0139,positive,4,valid,ox14-c000175 ox14-c000026 ox14-c000061 ox14-c000434 ox14-c000314,ox14-c000061 ox14-c000434 ox14-c000175 ox14-c000026 ox14-c000314,0.2000000000,false
local_qwen,ow14-s0139,positive,5,valid,ox14-c000175 ox14-c000026 ox14-c000061 ox14-c000434 ox14-c000314,ox14-c000061 ox14-c000434 ox14-c000175 ox14-c000026 ox14-c000314,0.2000000000,false
local_qwen,ow14-s0140,positive,1,valid,ox14-c000109 ox14-c000273 ox14-c000137 ox14-c000034 ox14-c000219,ox14-c000219 ox14-c000109 ox14-c000273 ox14-c000137 ox14-c000034,0.0000000000,false
local_qwen,ow14-s0140,positive,2,valid,ox14-c000109 ox14-c000273 ox14-c000137 ox14-c000034 ox14-c000219,ox14-c000219 ox14-c000109 ox14-c000273 ox14-c000137 ox14-c000034,0.0000000000,false
local_qwen,ow14-s0140,positive,3,valid,ox14-c000109 ox14-c000273 ox14-c000137 ox14-c000034 ox14-c000219,ox14-c000219 ox14-c000109 ox14-c000273 ox14-c000137 ox14-c000034,0.0000000000,false
local_qwen,ow14-s0140,positive,4,valid,ox14-c000109 ox14-c000273 ox14-c000137 ox14-c000034 ox14-c000219,ox14-c000219 ox14-c000109 ox14-c000273 ox14-c000137 ox14-c000034,0.0000000000,false
local_qwen,ow14-s0140,positive,5,valid,ox14-c000109 ox14-c000273 ox14-c000137 ox14-c000034 ox14-c000219,ox14-c000219 ox14-c000109 ox14-c000273 ox14-c000137 ox14-c000034,0.0000000000,false
local_qwen,ow14-s0141,positive,1,valid,ox14-c000021 ox14-c000363 ox14-c000405 ox14-c000303 ox14-c000101,ox14-c000405 ox14-c000101 ox14-c000363 ox14-c000303 ox14-c000021,-0.5000000000,false
local_qwen,ow14-s0141,positive,2,valid,ox14-c000021 ox14-c000363 ox14-c000405 ox14-c000303 ox14-c000101,ox14-c000405 ox14-c000101 ox14-c000363 ox14-c000303 ox14-c000021,-0.5000000000,false
local_qwen,ow14-s0141,positive,3,valid,ox14-c000021 ox14-c000363 ox14-c000405 ox14-c000303 ox14-c000101,ox14-c000405 ox14-c000101 ox14-c000363 ox14-c000303 ox14-c000021,-0.5000000000,false
local_qwen,ow14-s0141,positive,4,valid,ox14-c000021 ox14-c000363 ox14-c000405 ox14-c000303 ox14-c000101,ox14-c000405 ox14-c000101 ox14-c000363 ox14-c000303 ox14-c000021,-0.5000000000,false
local_qwen,ow14-s0141,positive,5,valid,ox14-c000021 ox14-c000363 ox14-c000405 ox14-c000303 ox14-c000101,ox14-c000405 ox14-c000101 ox14-c000363 ox14-c000303 ox14-c000021,-0.5000000000,false
local_qwen,ow14-s0142,positive,1,valid,ox14-c000226 ox14-c000064 ox14-c000100 ox14-c000111 ox14-c000170,ox14-c000226 ox14-c000064 ox14-c000100 ox14-c000111 ox14-c000170,1.0000000000,true
local_qwen,ow14-s0142,positive,2,valid,ox14-c000226 ox14-c000064 ox14-c000100 ox14-c000111 ox14-c000170,ox14-c000226 ox14-c000064 ox14-c000100 ox14-c000111 ox14-c000170,1.0000000000,true
local_qwen,ow14-s0142,positive,3,valid,ox14-c000226 ox14-c000064 ox14-c000100 ox14-c000111 ox14-c000170,ox14-c000226 ox14-c000064 ox14-c000100 ox14-c000111 ox14-c000170,1.0000000000,true
local_qwen,ow14-s0142,positive,4,valid,ox14-c000226 ox14-c000064 ox14-c000100 ox14-c000111 ox14-c000170,ox14-c000226 ox14-c000064 ox14-c000100 ox14-c000111 ox14-c000170,1.0000000000,true
local_qwen,ow14-s0142,positive,5,valid,ox14-c000226 ox14-c000064 ox14-c000100 ox14-c000111 ox14-c000170,ox14-c000226 ox14-c000064 ox14-c000100 ox14-c000111 ox14-c000170,1.0000000000,true
local_qwen,ow14-s0143,positive,1,valid,ox14-c000212 ox14-c000141 ox14-c000387 ox14-c000318 ox14-c000048,ox14-c000318 ox14-c000141 ox14-c000212 ox14-c000387 ox14-c000048,0.3000000000,false
local_qwen,ow14-s0143,positive,2,valid,ox14-c000212 ox14-c000141 ox14-c000387 ox14-c000318 ox14-c000048,ox14-c000318 ox14-c000141 ox14-c000212 ox14-c000387 ox14-c000048,0.3000000000,false
local_qwen,ow14-s0143,positive,3,valid,ox14-c000212 ox14-c000141 ox14-c000387 ox14-c000318 ox14-c000048,ox14-c000318 ox14-c000141 ox14-c000212 ox14-c000387 ox14-c000048,0.3000000000,false
local_qwen,ow14-s0143,positive,4,valid,ox14-c000212 ox14-c000141 ox14-c000387 ox14-c000318 ox14-c000048,ox14-c000318 ox14-c000141 ox14-c000212 ox14-c000387 ox14-c000048,0.3000000000,false
local_qwen,ow14-s0143,positive,5,valid,ox14-c000212 ox14-c000141 ox14-c000387 ox14-c000318 ox14-c000048,ox14-c000318 ox14-c000141 ox14-c000212 ox14-c000387 ox14-c000048,0.3000000000,false
local_qwen,ow14-s0144,positive,1,valid,ox14-c000251 ox14-c000423 ox14-c000399 ox14-c000194 ox14-c000082,ox14-c000194 ox14-c000251 ox14-c000399 ox14-c000423 ox14-c000082,0.3000000000,false
local_qwen,ow14-s0144,positive,2,valid,ox14-c000251 ox14-c000423 ox14-c000399 ox14-c000194 ox14-c000082,ox14-c000194 ox14-c000251 ox14-c000399 ox14-c000423 ox14-c000082,0.3000000000,false
local_qwen,ow14-s0144,positive,3,valid,ox14-c000251 ox14-c000423 ox14-c000399 ox14-c000194 ox14-c000082,ox14-c000194 ox14-c000251 ox14-c000399 ox14-c000423 ox14-c000082,0.3000000000,false
local_qwen,ow14-s0144,positive,4,valid,ox14-c000251 ox14-c000423 ox14-c000399 ox14-c000194 ox14-c000082,ox14-c000194 ox14-c000251 ox14-c000399 ox14-c000423 ox14-c000082,0.3000000000,false
local_qwen,ow14-s0144,positive,5,valid,ox14-c000251 ox14-c000423 ox14-c000399 ox14-c000194 ox14-c000082,ox14-c000194 ox14-c000251 ox14-c000399 ox14-c000423 ox14-c000082,0.3000000000,false
local_qwen,ow14-s0145,positive,1,valid,ox14-c000077 ox14-c000135 ox14-c000085 ox14-c000410 ox14-c000296,ox14-c000296 ox14-c000135 ox14-c000410 ox14-c000077 ox14-c000085,-0.5000000000,false
local_qwen,ow14-s0145,positive,2,valid,ox14-c000077 ox14-c000135 ox14-c000085 ox14-c000410 ox14-c000296,ox14-c000296 ox14-c000135 ox14-c000410 ox14-c000077 ox14-c000085,-0.5000000000,false
local_qwen,ow14-s0145,positive,3,valid,ox14-c000077 ox14-c000135 ox14-c000085 ox14-c000410 ox14-c000296,ox14-c000296 ox14-c000135 ox14-c000410 ox14-c000077 ox14-c000085,-0.5000000000,false
local_qwen,ow14-s0145,positive,4,valid,ox14-c000077 ox14-c000135 ox14-c000085 ox14-c000410 ox14-c000296,ox14-c000296 ox14-c000135 ox14-c000410 ox14-c000077 ox14-c000085,-0.5000000000,false
local_qwen,ow14-s0145,positive,5,valid,ox14-c000077 ox14-c000135 ox14-c000085 ox14-c000410 ox14-c000296,ox14-c000296 ox14-c000135 ox14-c000410 ox14-c000077 ox14-c000085,-0.5000000000,false
local_qwen,ow14-s0146,positive,1,valid,ox14-c000353 ox14-c000223 ox14-c000118 ox14-c000052 ox14-c000395,ox14-c000353 ox14-c000118 ox14-c000052 ox14-c000395 ox14-c000223,0.4000000000,false
local_qwen,ow14-s0146,positive,2,valid,ox14-c000353 ox14-c000223 ox14-c000118 ox14-c000052 ox14-c000395,ox14-c000353 ox14-c000118 ox14-c000052 ox14-c000395 ox14-c000223,0.4000000000,false
local_qwen,ow14-s0146,positive,3,valid,ox14-c000353 ox14-c000223 ox14-c000118 ox14-c000052 ox14-c000395,ox14-c000353 ox14-c000118 ox14-c000052 ox14-c000395 ox14-c000223,0.4000000000,false
local_qwen,ow14-s0146,positive,4,valid,ox14-c000353 ox14-c000223 ox14-c000118 ox14-c000052 ox14-c000395,ox14-c000353 ox14-c000118 ox14-c000052 ox14-c000395 ox14-c000223,0.4000000000,false
local_qwen,ow14-s0146,positive,5,valid,ox14-c000353 ox14-c000223 ox14-c000118 ox14-c000052 ox14-c000395,ox14-c000353 ox14-c000118 ox14-c000052 ox14-c000395 ox14-c000223,0.4000000000,false
local_qwen,ow14-s0147,positive,1,valid,ox14-c000311 ox14-c000433 ox14-c000315 ox14-c000307 ox14-c000188,ox14-c000311 ox14-c000315 ox14-c000307 ox14-c000433 ox14-c000188,0.7000000000,false
local_qwen,ow14-s0147,positive,2,valid,ox14-c000311 ox14-c000433 ox14-c000315 ox14-c000307 ox14-c000188,ox14-c000311 ox14-c000315 ox14-c000307 ox14-c000433 ox14-c000188,0.7000000000,false
local_qwen,ow14-s0147,positive,3,valid,ox14-c000311 ox14-c000433 ox14-c000315 ox14-c000307 ox14-c000188,ox14-c000311 ox14-c000315 ox14-c000307 ox14-c000433 ox14-c000188,0.7000000000,false
local_qwen,ow14-s0147,positive,4,valid,ox14-c000311 ox14-c000433 ox14-c000315 ox14-c000307 ox14-c000188,ox14-c000311 ox14-c000315 ox14-c000307 ox14-c000433 ox14-c000188,0.7000000000,false
local_qwen,ow14-s0147,positive,5,valid,ox14-c000311 ox14-c000433 ox14-c000315 ox14-c000307 ox14-c000188,ox14-c000311 ox14-c000315 ox14-c000307 ox14-c000433 ox14-c000188,0.7000000000,false
local_qwen,ow14-s0148,positive,1,valid,ox14-c000167 ox14-c000161 ox14-c000243 ox14-c000404 ox14-c000351,ox14-c000167 ox14-c000161 ox14-c000243 ox14-c000404 ox14-c000351,1.0000000000,true
local_qwen,ow14-s0148,positive,2,valid,ox14-c000167 ox14-c000161 ox14-c000243 ox14-c000404 ox14-c000351,ox14-c000167 ox14-c000161 ox14-c000243 ox14-c000404 ox14-c000351,1.0000000000,true
local_qwen,ow14-s0148,positive,3,valid,ox14-c000167 ox14-c000161 ox14-c000243 ox14-c000404 ox14-c000351,ox14-c000167 ox14-c000161 ox14-c000243 ox14-c000404 ox14-c000351,1.0000000000,true
local_qwen,ow14-s0148,positive,4,valid,ox14-c000167 ox14-c000161 ox14-c000243 ox14-c000404 ox14-c000351,ox14-c000167 ox14-c000161 ox14-c000243 ox14-c000404 ox14-c000351,1.0000000000,true
local_qwen,ow14-s0148,positive,5,valid,ox14-c000167 ox14-c000161 ox14-c000243 ox14-c000404 ox14-c000351,ox14-c000167 ox14-c000161 ox14-c000243 ox14-c000404 ox14-c000351,1.0000000000,true
local_qwen,ow14-s0149,positive,1,valid,ox14-c000272 ox14-c000117 ox14-c000029 ox14-c000429 ox14-c000372,ox14-c000029 ox14-c000117 ox14-c000272 ox14-c000372 ox14-c000429,0.5000000000,false
local_qwen,ow14-s0149,positive,2,valid,ox14-c000272 ox14-c000117 ox14-c000029 ox14-c000429 ox14-c000372,ox14-c000029 ox14-c000117 ox14-c000272 ox14-c000372 ox14-c000429,0.5000000000,false
local_qwen,ow14-s0149,positive,3,valid,ox14-c000272 ox14-c000117 ox14-c000029 ox14-c000429 ox14-c000372,ox14-c000029 ox14-c000117 ox14-c000272 ox14-c000372 ox14-c000429,0.5000000000,false
local_qwen,ow14-s0149,positive,4,valid,ox14-c000272 ox14-c000117 ox14-c000029 ox14-c000429 ox14-c000372,ox14-c000029 ox14-c000117 ox14-c000272 ox14-c000372 ox14-c000429,0.5000000000,false
local_qwen,ow14-s0149,positive,5,valid,ox14-c000272 ox14-c000117 ox14-c000029 ox14-c000429 ox14-c000372,ox14-c000029 ox14-c000117 ox14-c000272 ox14-c000372 ox14-c000429,0.5000000000,false
local_qwen,ow14-s0150,positive,1,valid,ox14-c000377 ox14-c000346 ox14-c000136 ox14-c000267 ox14-c000185,ox14-c000377 ox14-c000346 ox14-c000136 ox14-c000267 ox14-c000185,1.0000000000,true
local_qwen,ow14-s0150,positive,2,valid,ox14-c000377 ox14-c000346 ox14-c000136 ox14-c000267 ox14-c000185,ox14-c000377 ox14-c000346 ox14-c000136 ox14-c000267 ox14-c000185,1.0000000000,true
local_qwen,ow14-s0150,positive,3,valid,ox14-c000377 ox14-c000346 ox14-c000136 ox14-c000267 ox14-c000185,ox14-c000377 ox14-c000346 ox14-c000136 ox14-c000267 ox14-c000185,1.0000000000,true
local_qwen,ow14-s0150,positive,4,valid,ox14-c000377 ox14-c000346 ox14-c000136 ox14-c000267 ox14-c000185,ox14-c000377 ox14-c000346 ox14-c000136 ox14-c000267 ox14-c000185,1.0000000000,true
local_qwen,ow14-s0150,positive,5,valid,ox14-c000377 ox14-c000346 ox14-c000136 ox14-c000267 ox14-c000185,ox14-c000377 ox14-c000346 ox14-c000136 ox14-c000267 ox14-c000185,1.0000000000,true
local_qwen,ow14-s0151,positive,1,valid,ox14-c000022 ox14-c000247 ox14-c000396 ox14-c000198 ox14-c000070,ox14-c000022 ox14-c000247 ox14-c000396 ox14-c000198 ox14-c000070,1.0000000000,true
local_qwen,ow14-s0151,positive,2,valid,ox14-c000022 ox14-c000247 ox14-c000396 ox14-c000198 ox14-c000070,ox14-c000022 ox14-c000247 ox14-c000396 ox14-c000198 ox14-c000070,1.0000000000,true
local_qwen,ow14-s0151,positive,3,valid,ox14-c000022 ox14-c000247 ox14-c000396 ox14-c000198 ox14-c000070,ox14-c000022 ox14-c000247 ox14-c000396 ox14-c000198 ox14-c000070,1.0000000000,true
local_qwen,ow14-s0151,positive,4,valid,ox14-c000022 ox14-c000247 ox14-c000396 ox14-c000198 ox14-c000070,ox14-c000022 ox14-c000247 ox14-c000396 ox14-c000198 ox14-c000070,1.0000000000,true
local_qwen,ow14-s0151,positive,5,valid,ox14-c000022 ox14-c000247 ox14-c000396 ox14-c000198 ox14-c000070,ox14-c000022 ox14-c000247 ox14-c000396 ox14-c000198 ox14-c000070,1.0000000000,true
local_qwen,ow14-s0152,positive,1,valid,ox14-c000099 ox14-c000056 ox14-c000102 ox14-c000017 ox14-c000023,ox14-c000099 ox14-c000056 ox14-c000102 ox14-c000017 ox14-c000023,1.0000000000,true
local_qwen,ow14-s0152,positive,2,valid,ox14-c000099 ox14-c000056 ox14-c000102 ox14-c000017 ox14-c000023,ox14-c000099 ox14-c000056 ox14-c000102 ox14-c000017 ox14-c000023,1.0000000000,true
local_qwen,ow14-s0152,positive,3,valid,ox14-c000099 ox14-c000056 ox14-c000102 ox14-c000017 ox14-c000023,ox14-c000099 ox14-c000056 ox14-c000102 ox14-c000017 ox14-c000023,1.0000000000,true
local_qwen,ow14-s0152,positive,4,valid,ox14-c000099 ox14-c000056 ox14-c000102 ox14-c000017 ox14-c000023,ox14-c000099 ox14-c000056 ox14-c000102 ox14-c000017 ox14-c000023,1.0000000000,true
local_qwen,ow14-s0152,positive,5,valid,ox14-c000099 ox14-c000056 ox14-c000102 ox14-c000017 ox14-c000023,ox14-c000099 ox14-c000056 ox14-c000102 ox14-c000017 ox14-c000023,1.0000000000,true
local_qwen,ow14-s0153,positive,1,valid,ox14-c000388 ox14-c000348 ox14-c000236 ox14-c000189 ox14-c000030,ox14-c000388 ox14-c000348 ox14-c000189 ox14-c000236 ox14-c000030,0.9000000000,false
local_qwen,ow14-s0153,positive,2,valid,ox14-c000388 ox14-c000348 ox14-c000236 ox14-c000189 ox14-c000030,ox14-c000388 ox14-c000348 ox14-c000189 ox14-c000236 ox14-c000030,0.9000000000,false
local_qwen,ow14-s0153,positive,3,valid,ox14-c000388 ox14-c000348 ox14-c000236 ox14-c000189 ox14-c000030,ox14-c000388 ox14-c000348 ox14-c000189 ox14-c000236 ox14-c000030,0.9000000000,false
local_qwen,ow14-s0153,positive,4,valid,ox14-c000388 ox14-c000348 ox14-c000236 ox14-c000189 ox14-c000030,ox14-c000388 ox14-c000348 ox14-c000189 ox14-c000236 ox14-c000030,0.9000000000,false
local_qwen,ow14-s0153,positive,5,valid,ox14-c000388 ox14-c000348 ox14-c000236 ox14-c000189 ox14-c000030,ox14-c000388 ox14-c000348 ox14-c000189 ox14-c000236 ox14-c000030,0.9000000000,false
local_qwen,ow14-s0154,positive,1,valid,ox14-c000341 ox14-c000209 ox14-c000073 ox14-c000426 ox14-c000083,ox14-c000426 ox14-c000073 ox14-c000209 ox14-c000341 ox14-c000083,0.0000000000,false
local_qwen,ow14-s0154,positive,2,valid,ox14-c000341 ox14-c000209 ox14-c000073 ox14-c000426 ox14-c000083,ox14-c000426 ox14-c000073 ox14-c000209 ox14-c000341 ox14-c000083,0.0000000000,false
local_qwen,ow14-s0154,positive,3,valid,ox14-c000341 ox14-c000209 ox14-c000073 ox14-c000426 ox14-c000083,ox14-c000426 ox14-c000073 ox14-c000209 ox14-c000341 ox14-c000083,0.0000000000,false
local_qwen,ow14-s0154,positive,4,valid,ox14-c000341 ox14-c000209 ox14-c000073 ox14-c000426 ox14-c000083,ox14-c000426 ox14-c000073 ox14-c000209 ox14-c000341 ox14-c000083,0.0000000000,false
local_qwen,ow14-s0154,positive,5,valid,ox14-c000341 ox14-c000209 ox14-c000073 ox14-c000426 ox14-c000083,ox14-c000426 ox14-c000073 ox14-c000209 ox14-c000341 ox14-c000083,0.0000000000,false
local_qwen,ow14-s0155,positive,1,valid,ox14-c000254 ox14-c000184 ox14-c000259 ox14-c000095 ox14-c000333,ox14-c000254 ox14-c000184 ox14-c000259 ox14-c000095 ox14-c000333,1.0000000000,true
local_qwen,ow14-s0155,positive,2,valid,ox14-c000254 ox14-c000184 ox14-c000259 ox14-c000095 ox14-c000333,ox14-c000254 ox14-c000184 ox14-c000259 ox14-c000095 ox14-c000333,1.0000000000,true
local_qwen,ow14-s0155,positive,3,valid,ox14-c000254 ox14-c000184 ox14-c000259 ox14-c000095 ox14-c000333,ox14-c000254 ox14-c000184 ox14-c000259 ox14-c000095 ox14-c000333,1.0000000000,true
local_qwen,ow14-s0155,positive,4,valid,ox14-c000254 ox14-c000184 ox14-c000259 ox14-c000095 ox14-c000333,ox14-c000254 ox14-c000184 ox14-c000259 ox14-c000095 ox14-c000333,1.0000000000,true
local_qwen,ow14-s0155,positive,5,valid,ox14-c000254 ox14-c000184 ox14-c000259 ox14-c000095 ox14-c000333,ox14-c000254 ox14-c000184 ox14-c000259 ox14-c000095 ox14-c000333,1.0000000000,true
local_qwen,ow14-s0156,positive,1,valid,ox14-c000047 ox14-c000229 ox14-c000355 ox14-c000278 ox14-c000031,ox14-c000229 ox14-c000047 ox14-c000355 ox14-c000278 ox14-c000031,0.9000000000,false
local_qwen,ow14-s0156,positive,2,valid,ox14-c000047 ox14-c000229 ox14-c000355 ox14-c000278 ox14-c000031,ox14-c000229 ox14-c000047 ox14-c000355 ox14-c000278 ox14-c000031,0.9000000000,false
local_qwen,ow14-s0156,positive,3,valid,ox14-c000047 ox14-c000229 ox14-c000355 ox14-c000278 ox14-c000031,ox14-c000229 ox14-c000047 ox14-c000355 ox14-c000278 ox14-c000031,0.9000000000,false
local_qwen,ow14-s0156,positive,4,valid,ox14-c000047 ox14-c000229 ox14-c000355 ox14-c000278 ox14-c000031,ox14-c000229 ox14-c000047 ox14-c000355 ox14-c000278 ox14-c000031,0.9000000000,false
local_qwen,ow14-s0156,positive,5,valid,ox14-c000047 ox14-c000229 ox14-c000355 ox14-c000278 ox14-c000031,ox14-c000229 ox14-c000047 ox14-c000355 ox14-c000278 ox14-c000031,0.9000000000,false
local_qwen,ow14-s0157,positive,1,valid,ox14-c000294 ox14-c000065 ox14-c000204 ox14-c000125 ox14-c000230,ox14-c000294 ox14-c000065 ox14-c000204 ox14-c000125 ox14-c000230,1.0000000000,true
local_qwen,ow14-s0157,positive,2,valid,ox14-c000294 ox14-c000065 ox14-c000204 ox14-c000125 ox14-c000230,ox14-c000294 ox14-c000065 ox14-c000204 ox14-c000125 ox14-c000230,1.0000000000,true
local_qwen,ow14-s0157,positive,3,valid,ox14-c000294 ox14-c000065 ox14-c000204 ox14-c000125 ox14-c000230,ox14-c000294 ox14-c000065 ox14-c000204 ox14-c000125 ox14-c000230,1.0000000000,true
local_qwen,ow14-s0157,positive,4,valid,ox14-c000294 ox14-c000065 ox14-c000204 ox14-c000125 ox14-c000230,ox14-c000294 ox14-c000065 ox14-c000204 ox14-c000125 ox14-c000230,1.0000000000,true
local_qwen,ow14-s0157,positive,5,valid,ox14-c000294 ox14-c000065 ox14-c000204 ox14-c000125 ox14-c000230,ox14-c000294 ox14-c000065 ox14-c000204 ox14-c000125 ox14-c000230,1.0000000000,true
local_qwen,ow14-s0158,positive,1,valid,ox14-c000164 ox14-c000066 ox14-c000043 ox14-c000044 ox14-c000409,ox14-c000164 ox14-c000066 ox14-c000043 ox14-c000044 ox14-c000409,1.0000000000,true
local_qwen,ow14-s0158,positive,2,valid,ox14-c000164 ox14-c000066 ox14-c000043 ox14-c000044 ox14-c000409,ox14-c000164 ox14-c000066 ox14-c000043 ox14-c000044 ox14-c000409,1.0000000000,true
local_qwen,ow14-s0158,positive,3,valid,ox14-c000164 ox14-c000066 ox14-c000043 ox14-c000044 ox14-c000409,ox14-c000164 ox14-c000066 ox14-c000043 ox14-c000044 ox14-c000409,1.0000000000,true
local_qwen,ow14-s0158,positive,4,valid,ox14-c000164 ox14-c000066 ox14-c000043 ox14-c000044 ox14-c000409,ox14-c000164 ox14-c000066 ox14-c000043 ox14-c000044 ox14-c000409,1.0000000000,true
local_qwen,ow14-s0158,positive,5,valid,ox14-c000164 ox14-c000066 ox14-c000043 ox14-c000044 ox14-c000409,ox14-c000164 ox14-c000066 ox14-c000043 ox14-c000044 ox14-c000409,1.0000000000,true
local_qwen,ow14-s0159,positive,1,valid,ox14-c000208 ox14-c000112 ox14-c000261 ox14-c000416 ox14-c000432,ox14-c000432 ox14-c000416 ox14-c000208 ox14-c000112 ox14-c000261,-0.6000000000,false
local_qwen,ow14-s0159,positive,2,valid,ox14-c000208 ox14-c000112 ox14-c000261 ox14-c000416 ox14-c000432,ox14-c000432 ox14-c000416 ox14-c000208 ox14-c000112 ox14-c000261,-0.6000000000,false
local_qwen,ow14-s0159,positive,3,valid,ox14-c000208 ox14-c000112 ox14-c000261 ox14-c000416 ox14-c000432,ox14-c000432 ox14-c000416 ox14-c000208 ox14-c000112 ox14-c000261,-0.6000000000,false
local_qwen,ow14-s0159,positive,4,valid,ox14-c000208 ox14-c000112 ox14-c000261 ox14-c000416 ox14-c000432,ox14-c000432 ox14-c000416 ox14-c000208 ox14-c000112 ox14-c000261,-0.6000000000,false
local_qwen,ow14-s0159,positive,5,valid,ox14-c000208 ox14-c000112 ox14-c000261 ox14-c000416 ox14-c000432,ox14-c000432 ox14-c000416 ox14-c000208 ox14-c000112 ox14-c000261,-0.6000000000,false
local_qwen,ow14-s0160,positive,1,valid,ox14-c000414 ox14-c000310 ox14-c000224 ox14-c000362 ox14-c000196,ox14-c000310 ox14-c000196 ox14-c000414 ox14-c000224 ox14-c000362,0.2000000000,false
local_qwen,ow14-s0160,positive,2,valid,ox14-c000414 ox14-c000310 ox14-c000224 ox14-c000362 ox14-c000196,ox14-c000310 ox14-c000196 ox14-c000414 ox14-c000224 ox14-c000362,0.2000000000,false
local_qwen,ow14-s0160,positive,3,valid,ox14-c000414 ox14-c000310 ox14-c000224 ox14-c000362 ox14-c000196,ox14-c000310 ox14-c000196 ox14-c000414 ox14-c000224 ox14-c000362,0.2000000000,false
local_qwen,ow14-s0160,positive,4,valid,ox14-c000414 ox14-c000310 ox14-c000224 ox14-c000362 ox14-c000196,ox14-c000310 ox14-c000196 ox14-c000414 ox14-c000224 ox14-c000362,0.2000000000,false
local_qwen,ow14-s0160,positive,5,valid,ox14-c000414 ox14-c000310 ox14-c000224 ox14-c000362 ox14-c000196,ox14-c000310 ox14-c000196 ox14-c000414 ox14-c000224 ox14-c000362,0.2000000000,false
local_qwen,ow14-s0161,positive,1,valid,ox14-c000210 ox14-c000096 ox14-c000402 ox14-c000391 ox14-c000036,ox14-c000036 ox14-c000210 ox14-c000096 ox14-c000402 ox14-c000391,0.0000000000,false
local_qwen,ow14-s0161,positive,2,valid,ox14-c000210 ox14-c000096 ox14-c000402 ox14-c000391 ox14-c000036,ox14-c000036 ox14-c000210 ox14-c000096 ox14-c000402 ox14-c000391,0.0000000000,false
local_qwen,ow14-s0161,positive,3,valid,ox14-c000210 ox14-c000096 ox14-c000402 ox14-c000391 ox14-c000036,ox14-c000036 ox14-c000210 ox14-c000096 ox14-c000402 ox14-c000391,0.0000000000,false
local_qwen,ow14-s0161,positive,4,valid,ox14-c000210 ox14-c000096 ox14-c000402 ox14-c000391 ox14-c000036,ox14-c000036 ox14-c000210 ox14-c000096 ox14-c000402 ox14-c000391,0.0000000000,false
local_qwen,ow14-s0161,positive,5,valid,ox14-c000210 ox14-c000096 ox14-c000402 ox14-c000391 ox14-c000036,ox14-c000036 ox14-c000210 ox14-c000096 ox14-c000402 ox14-c000391,0.0000000000,false
local_qwen,ow14-s0162,positive,1,valid,ox14-c000320 ox14-c000225 ox14-c000413 ox14-c000067 ox14-c000252,ox14-c000413 ox14-c000225 ox14-c000067 ox14-c000320 ox14-c000252,0.3000000000,false
local_qwen,ow14-s0162,positive,2,valid,ox14-c000320 ox14-c000225 ox14-c000413 ox14-c000067 ox14-c000252,ox14-c000413 ox14-c000225 ox14-c000067 ox14-c000320 ox14-c000252,0.3000000000,false
local_qwen,ow14-s0162,positive,3,valid,ox14-c000320 ox14-c000225 ox14-c000413 ox14-c000067 ox14-c000252,ox14-c000413 ox14-c000225 ox14-c000067 ox14-c000320 ox14-c000252,0.3000000000,false
local_qwen,ow14-s0162,positive,4,valid,ox14-c000320 ox14-c000225 ox14-c000413 ox14-c000067 ox14-c000252,ox14-c000413 ox14-c000225 ox14-c000067 ox14-c000320 ox14-c000252,0.3000000000,false
local_qwen,ow14-s0162,positive,5,valid,ox14-c000320 ox14-c000225 ox14-c000413 ox14-c000067 ox14-c000252,ox14-c000413 ox14-c000225 ox14-c000067 ox14-c000320 ox14-c000252,0.3000000000,false
local_qwen,ow14-s0163,positive,1,valid,ox14-c000369 ox14-c000090 ox14-c000165 ox14-c000411 ox14-c000140,ox14-c000165 ox14-c000411 ox14-c000140 ox14-c000090 ox14-c000369,-0.6000000000,false
local_qwen,ow14-s0163,positive,2,valid,ox14-c000369 ox14-c000090 ox14-c000165 ox14-c000411 ox14-c000140,ox14-c000165 ox14-c000411 ox14-c000140 ox14-c000090 ox14-c000369,-0.6000000000,false
local_qwen,ow14-s0163,positive,3,valid,ox14-c000369 ox14-c000090 ox14-c000165 ox14-c000411 ox14-c000140,ox14-c000165 ox14-c000411 ox14-c000140 ox14-c000090 ox14-c000369,-0.6000000000,false
local_qwen,ow14-s0163,positive,4,valid,ox14-c000369 ox14-c000090 ox14-c000165 ox14-c000411 ox14-c000140,ox14-c000165 ox14-c000411 ox14-c000140 ox14-c000090 ox14-c000369,-0.6000000000,false
local_qwen,ow14-s0163,positive,5,valid,ox14-c000369 ox14-c000090 ox14-c000165 ox14-c000411 ox14-c000140,ox14-c000165 ox14-c000411 ox14-c000140 ox14-c000090 ox14-c000369,-0.6000000000,false
local_qwen,ow14-s0164,positive,1,valid,ox14-c000081 ox14-c000389 ox14-c000072 ox14-c000265 ox14-c000386,ox14-c000081 ox14-c000389 ox14-c000072 ox14-c000265 ox14-c000386,1.0000000000,true
local_qwen,ow14-s0164,positive,2,valid,ox14-c000081 ox14-c000389 ox14-c000072 ox14-c000265 ox14-c000386,ox14-c000081 ox14-c000389 ox14-c000072 ox14-c000265 ox14-c000386,1.0000000000,true
local_qwen,ow14-s0164,positive,3,valid,ox14-c000081 ox14-c000389 ox14-c000072 ox14-c000265 ox14-c000386,ox14-c000081 ox14-c000389 ox14-c000072 ox14-c000265 ox14-c000386,1.0000000000,true
local_qwen,ow14-s0164,positive,4,valid,ox14-c000081 ox14-c000389 ox14-c000072 ox14-c000265 ox14-c000386,ox14-c000081 ox14-c000389 ox14-c000072 ox14-c000265 ox14-c000386,1.0000000000,true
local_qwen,ow14-s0164,positive,5,valid,ox14-c000081 ox14-c000389 ox14-c000072 ox14-c000265 ox14-c000386,ox14-c000081 ox14-c000389 ox14-c000072 ox14-c000265 ox14-c000386,1.0000000000,true
local_qwen,ow14-s0165,positive,1,valid,ox14-c000168 ox14-c000211 ox14-c000246 ox14-c000323 ox14-c000046,ox14-c000168 ox14-c000211 ox14-c000246 ox14-c000323 ox14-c000046,1.0000000000,true
local_qwen,ow14-s0165,positive,2,valid,ox14-c000168 ox14-c000211 ox14-c000246 ox14-c000323 ox14-c000046,ox14-c000168 ox14-c000211 ox14-c000246 ox14-c000323 ox14-c000046,1.0000000000,true
local_qwen,ow14-s0165,positive,3,valid,ox14-c000168 ox14-c000211 ox14-c000246 ox14-c000323 ox14-c000046,ox14-c000168 ox14-c000211 ox14-c000246 ox14-c000323 ox14-c000046,1.0000000000,true
local_qwen,ow14-s0165,positive,4,valid,ox14-c000168 ox14-c000211 ox14-c000246 ox14-c000323 ox14-c000046,ox14-c000168 ox14-c000211 ox14-c000246 ox14-c000323 ox14-c000046,1.0000000000,true
local_qwen,ow14-s0165,positive,5,valid,ox14-c000168 ox14-c000211 ox14-c000246 ox14-c000323 ox14-c000046,ox14-c000168 ox14-c000211 ox14-c000246 ox14-c000323 ox14-c000046,1.0000000000,true
local_qwen,ow14-s0166,positive,1,valid,ox14-c000181 ox14-c000025 ox14-c000108 ox14-c000071 ox14-c000121,ox14-c000181 ox14-c000025 ox14-c000108 ox14-c000071 ox14-c000121,1.0000000000,true
local_qwen,ow14-s0166,positive,2,valid,ox14-c000181 ox14-c000025 ox14-c000108 ox14-c000071 ox14-c000121,ox14-c000181 ox14-c000025 ox14-c000108 ox14-c000071 ox14-c000121,1.0000000000,true
local_qwen,ow14-s0166,positive,3,valid,ox14-c000181 ox14-c000025 ox14-c000108 ox14-c000071 ox14-c000121,ox14-c000181 ox14-c000025 ox14-c000108 ox14-c000071 ox14-c000121,1.0000000000,true
local_qwen,ow14-s0166,positive,4,valid,ox14-c000181 ox14-c000025 ox14-c000108 ox14-c000071 ox14-c000121,ox14-c000181 ox14-c000025 ox14-c000108 ox14-c000071 ox14-c000121,1.0000000000,true
local_qwen,ow14-s0166,positive,5,valid,ox14-c000181 ox14-c000025 ox14-c000108 ox14-c000071 ox14-c000121,ox14-c000181 ox14-c000025 ox14-c000108 ox14-c000071 ox14-c000121,1.0000000000,true
local_qwen,ow14-s0167,positive,1,valid,ox14-c000197 ox14-c000260 ox14-c000037 ox14-c000012 ox14-c000058,ox14-c000037 ox14-c000012 ox14-c000197 ox14-c000260 ox14-c000058,0.2000000000,false
local_qwen,ow14-s0167,positive,2,valid,ox14-c000197 ox14-c000260 ox14-c000037 ox14-c000012 ox14-c000058,ox14-c000037 ox14-c000012 ox14-c000197 ox14-c000260 ox14-c000058,0.2000000000,false
local_qwen,ow14-s0167,positive,3,valid,ox14-c000197 ox14-c000260 ox14-c000037 ox14-c000012 ox14-c000058,ox14-c000037 ox14-c000012 ox14-c000197 ox14-c000260 ox14-c000058,0.2000000000,false
local_qwen,ow14-s0167,positive,4,valid,ox14-c000197 ox14-c000260 ox14-c000037 ox14-c000012 ox14-c000058,ox14-c000037 ox14-c000012 ox14-c000197 ox14-c000260 ox14-c000058,0.2000000000,false
local_qwen,ow14-s0167,positive,5,valid,ox14-c000197 ox14-c000260 ox14-c000037 ox14-c000012 ox14-c000058,ox14-c000037 ox14-c000012 ox14-c000197 ox14-c000260 ox14-c000058,0.2000000000,false
local_qwen,ow14-s0168,positive,1,valid,ox14-c000270 ox14-c000374 ox14-c000354 ox14-c000215 ox14-c000245,ox14-c000215 ox14-c000354 ox14-c000245 ox14-c000270 ox14-c000374,-0.6000000000,false
local_qwen,ow14-s0168,positive,2,valid,ox14-c000270 ox14-c000374 ox14-c000354 ox14-c000215 ox14-c000245,ox14-c000215 ox14-c000354 ox14-c000245 ox14-c000270 ox14-c000374,-0.6000000000,false
local_qwen,ow14-s0168,positive,3,valid,ox14-c000270 ox14-c000374 ox14-c000354 ox14-c000215 ox14-c000245,ox14-c000215 ox14-c000354 ox14-c000245 ox14-c000270 ox14-c000374,-0.6000000000,false
local_qwen,ow14-s0168,positive,4,valid,ox14-c000270 ox14-c000374 ox14-c000354 ox14-c000215 ox14-c000245,ox14-c000215 ox14-c000354 ox14-c000245 ox14-c000270 ox14-c000374,-0.6000000000,false
local_qwen,ow14-s0168,positive,5,valid,ox14-c000270 ox14-c000374 ox14-c000354 ox14-c000215 ox14-c000245,ox14-c000215 ox14-c000354 ox14-c000245 ox14-c000270 ox14-c000374,-0.6000000000,false
local_qwen,ow14-s0169,positive,1,valid,ox14-c000087 ox14-c000033 ox14-c000106 ox14-c000075 ox14-c000127,ox14-c000087 ox14-c000127 ox14-c000033 ox14-c000106 ox14-c000075,0.4000000000,false
local_qwen,ow14-s0169,positive,2,valid,ox14-c000087 ox14-c000033 ox14-c000106 ox14-c000075 ox14-c000127,ox14-c000087 ox14-c000127 ox14-c000033 ox14-c000106 ox14-c000075,0.4000000000,false
local_qwen,ow14-s0169,positive,3,valid,ox14-c000087 ox14-c000033 ox14-c000106 ox14-c000075 ox14-c000127,ox14-c000087 ox14-c000127 ox14-c000033 ox14-c000106 ox14-c000075,0.4000000000,false
local_qwen,ow14-s0169,positive,4,valid,ox14-c000087 ox14-c000033 ox14-c000106 ox14-c000075 ox14-c000127,ox14-c000087 ox14-c000127 ox14-c000033 ox14-c000106 ox14-c000075,0.4000000000,false
local_qwen,ow14-s0169,positive,5,valid,ox14-c000087 ox14-c000033 ox14-c000106 ox14-c000075 ox14-c000127,ox14-c000087 ox14-c000127 ox14-c000033 ox14-c000106 ox14-c000075,0.4000000000,false
local_qwen,ow14-s0170,positive,1,valid,ox14-c000406 ox14-c000297 ox14-c000420 ox14-c000277 ox14-c000352,ox14-c000297 ox14-c000420 ox14-c000406 ox14-c000352 ox14-c000277,0.6000000000,false
local_qwen,ow14-s0170,positive,2,valid,ox14-c000406 ox14-c000297 ox14-c000420 ox14-c000277 ox14-c000352,ox14-c000297 ox14-c000420 ox14-c000406 ox14-c000352 ox14-c000277,0.6000000000,false
local_qwen,ow14-s0170,positive,3,valid,ox14-c000406 ox14-c000297 ox14-c000420 ox14-c000277 ox14-c000352,ox14-c000297 ox14-c000420 ox14-c000406 ox14-c000352 ox14-c000277,0.6000000000,false
local_qwen,ow14-s0170,positive,4,valid,ox14-c000406 ox14-c000297 ox14-c000420 ox14-c000277 ox14-c000352,ox14-c000297 ox14-c000420 ox14-c000406 ox14-c000352 ox14-c000277,0.6000000000,false
local_qwen,ow14-s0170,positive,5,valid,ox14-c000406 ox14-c000297 ox14-c000420 ox14-c000277 ox14-c000352,ox14-c000297 ox14-c000420 ox14-c000406 ox14-c000352 ox14-c000277,0.6000000000,false
local_qwen,ow14-s0171,positive,1,valid,ox14-c000060 ox14-c000183 ox14-c000113 ox14-c000302 ox14-c000357,ox14-c000357 ox14-c000183 ox14-c000302 ox14-c000060 ox14-c000113,-0.5000000000,false
local_qwen,ow14-s0171,positive,2,valid,ox14-c000060 ox14-c000183 ox14-c000113 ox14-c000302 ox14-c000357,ox14-c000357 ox14-c000183 ox14-c000302 ox14-c000060 ox14-c000113,-0.5000000000,false
local_qwen,ow14-s0171,positive,3,valid,ox14-c000060 ox14-c000183 ox14-c000113 ox14-c000302 ox14-c000357,ox14-c000357 ox14-c000183 ox14-c000302 ox14-c000060 ox14-c000113,-0.5000000000,false
local_qwen,ow14-s0171,positive,4,valid,ox14-c000060 ox14-c000183 ox14-c000113 ox14-c000302 ox14-c000357,ox14-c000357 ox14-c000183 ox14-c000302 ox14-c000060 ox14-c000113,-0.5000000000,false
local_qwen,ow14-s0171,positive,5,valid,ox14-c000060 ox14-c000183 ox14-c000113 ox14-c000302 ox14-c000357,ox14-c000357 ox14-c000183 ox14-c000302 ox14-c000060 ox14-c000113,-0.5000000000,false
local_qwen,ow14-s0172,positive,1,valid,ox14-c000013 ox14-c000398 ox14-c000381 ox14-c000103 ox14-c000293,ox14-c000398 ox14-c000381 ox14-c000103 ox14-c000293 ox14-c000013,0.0000000000,false
local_qwen,ow14-s0172,positive,2,valid,ox14-c000013 ox14-c000398 ox14-c000381 ox14-c000103 ox14-c000293,ox14-c000398 ox14-c000381 ox14-c000103 ox14-c000293 ox14-c000013,0.0000000000,false
local_qwen,ow14-s0172,positive,3,valid,ox14-c000013 ox14-c000398 ox14-c000381 ox14-c000103 ox14-c000293,ox14-c000398 ox14-c000381 ox14-c000103 ox14-c000293 ox14-c000013,0.0000000000,false
local_qwen,ow14-s0172,positive,4,valid,ox14-c000013 ox14-c000398 ox14-c000381 ox14-c000103 ox14-c000293,ox14-c000398 ox14-c000381 ox14-c000103 ox14-c000293 ox14-c000013,0.0000000000,false
local_qwen,ow14-s0172,positive,5,valid,ox14-c000013 ox14-c000398 ox14-c000381 ox14-c000103 ox14-c000293,ox14-c000398 ox14-c000381 ox14-c000103 ox14-c000293 ox14-c000013,0.0000000000,false
local_qwen,ow14-s0173,positive,1,valid,ox14-c000142 ox14-c000373 ox14-c000093 ox14-c000422 ox14-c000107,ox14-c000142 ox14-c000422 ox14-c000107 ox14-c000373 ox14-c000093,0.2000000000,false
local_qwen,ow14-s0173,positive,2,valid,ox14-c000142 ox14-c000373 ox14-c000093 ox14-c000422 ox14-c000107,ox14-c000142 ox14-c000422 ox14-c000107 ox14-c000373 ox14-c000093,0.2000000000,false
local_qwen,ow14-s0173,positive,3,valid,ox14-c000142 ox14-c000373 ox14-c000093 ox14-c000422 ox14-c000107,ox14-c000142 ox14-c000422 ox14-c000107 ox14-c000373 ox14-c000093,0.2000000000,false
local_qwen,ow14-s0173,positive,4,valid,ox14-c000142 ox14-c000373 ox14-c000093 ox14-c000422 ox14-c000107,ox14-c000142 ox14-c000422 ox14-c000107 ox14-c000373 ox14-c000093,0.2000000000,false
local_qwen,ow14-s0173,positive,5,valid,ox14-c000142 ox14-c000373 ox14-c000093 ox14-c000422 ox14-c000107,ox14-c000142 ox14-c000422 ox14-c000107 ox14-c000373 ox14-c000093,0.2000000000,false
local_qwen,ow14-s0174,positive,1,valid,ox14-c000337 ox14-c000053 ox14-c000350 ox14-c000427 ox14-c000128,ox14-c000053 ox14-c000128 ox14-c000337 ox14-c000350 ox14-c000427,0.2000000000,false
local_qwen,ow14-s0174,positive,2,valid,ox14-c000337 ox14-c000053 ox14-c000350 ox14-c000427 ox14-c000128,ox14-c000053 ox14-c000128 ox14-c000337 ox14-c000350 ox14-c000427,0.2000000000,false
local_qwen,ow14-s0174,positive,3,valid,ox14-c000337 ox14-c000053 ox14-c000350 ox14-c000427 ox14-c000128,ox14-c000053 ox14-c000128 ox14-c000337 ox14-c000350 ox14-c000427,0.2000000000,false
local_qwen,ow14-s0174,positive,4,valid,ox14-c000337 ox14-c000053 ox14-c000350 ox14-c000427 ox14-c000128,ox14-c000053 ox14-c000128 ox14-c000337 ox14-c000350 ox14-c000427,0.2000000000,false
local_qwen,ow14-s0174,positive,5,valid,ox14-c000337 ox14-c000053 ox14-c000350 ox14-c000427 ox14-c000128,ox14-c000053 ox14-c000128 ox14-c000337 ox14-c000350 ox14-c000427,0.2000000000,false
local_qwen,ow14-s0175,positive,1,valid,ox14-c000344 ox14-c000384 ox14-c000011 ox14-c000016 ox14-c000216,ox14-c000344 ox14-c000384 ox14-c000216 ox14-c000011 ox14-c000016,0.7000000000,false
local_qwen,ow14-s0175,positive,2,valid,ox14-c000344 ox14-c000384 ox14-c000011 ox14-c000016 ox14-c000216,ox14-c000344 ox14-c000384 ox14-c000216 ox14-c000011 ox14-c000016,0.7000000000,false
local_qwen,ow14-s0175,positive,3,valid,ox14-c000344 ox14-c000384 ox14-c000011 ox14-c000016 ox14-c000216,ox14-c000344 ox14-c000384 ox14-c000216 ox14-c000011 ox14-c000016,0.7000000000,false
local_qwen,ow14-s0175,positive,4,valid,ox14-c000344 ox14-c000384 ox14-c000011 ox14-c000016 ox14-c000216,ox14-c000344 ox14-c000384 ox14-c000216 ox14-c000011 ox14-c000016,0.7000000000,false
local_qwen,ow14-s0175,positive,5,valid,ox14-c000344 ox14-c000384 ox14-c000011 ox14-c000016 ox14-c000216,ox14-c000344 ox14-c000384 ox14-c000216 ox14-c000011 ox14-c000016,0.7000000000,false
local_qwen,ow14-s0176,positive,1,valid,ox14-c000313 ox14-c000220 ox14-c000268 ox14-c000207 ox14-c000177,ox14-c000313 ox14-c000220 ox14-c000268 ox14-c000207 ox14-c000177,1.0000000000,true
local_qwen,ow14-s0176,positive,2,valid,ox14-c000313 ox14-c000220 ox14-c000268 ox14-c000207 ox14-c000177,ox14-c000313 ox14-c000220 ox14-c000268 ox14-c000207 ox14-c000177,1.0000000000,true
local_qwen,ow14-s0176,positive,3,valid,ox14-c000313 ox14-c000220 ox14-c000268 ox14-c000207 ox14-c000177,ox14-c000313 ox14-c000220 ox14-c000268 ox14-c000207 ox14-c000177,1.0000000000,true
local_qwen,ow14-s0176,positive,4,valid,ox14-c000313 ox14-c000220 ox14-c000268 ox14-c000207 ox14-c000177,ox14-c000313 ox14-c000220 ox14-c000268 ox14-c000207 ox14-c000177,1.0000000000,true
local_qwen,ow14-s0176,positive,5,valid,ox14-c000313 ox14-c000220 ox14-c000268 ox14-c000207 ox14-c000177,ox14-c000313 ox14-c000220 ox14-c000268 ox14-c000207 ox14-c000177,1.0000000000,true
local_qwen,ow14-s0177,positive,1,valid,ox14-c000434 ox14-c000061 ox14-c000026 ox14-c000314 ox14-c000076,ox14-c000434 ox14-c000061 ox14-c000076 ox14-c000026 ox14-c000314,0.7000000000,false
local_qwen,ow14-s0177,positive,2,valid,ox14-c000434 ox14-c000061 ox14-c000026 ox14-c000314 ox14-c000076,ox14-c000434 ox14-c000061 ox14-c000076 ox14-c000026 ox14-c000314,0.7000000000,false
local_qwen,ow14-s0177,positive,3,valid,ox14-c000434 ox14-c000061 ox14-c000026 ox14-c000314 ox14-c000076,ox14-c000434 ox14-c000061 ox14-c000076 ox14-c000026 ox14-c000314,0.7000000000,false
local_qwen,ow14-s0177,positive,4,valid,ox14-c000434 ox14-c000061 ox14-c000026 ox14-c000314 ox14-c000076,ox14-c000434 ox14-c000061 ox14-c000076 ox14-c000026 ox14-c000314,0.7000000000,false
local_qwen,ow14-s0177,positive,5,valid,ox14-c000434 ox14-c000061 ox14-c000026 ox14-c000314 ox14-c000076,ox14-c000434 ox14-c000061 ox14-c000076 ox14-c000026 ox14-c000314,0.7000000000,false
local_qwen,ow14-s0178,positive,1,valid,ox14-c000034 ox14-c000273 ox14-c000219 ox14-c000361 ox14-c000109,ox14-c000034 ox14-c000273 ox14-c000219 ox14-c000361 ox14-c000109,1.0000000000,true
local_qwen,ow14-s0178,positive,2,valid,ox14-c000034 ox14-c000273 ox14-c000219 ox14-c000361 ox14-c000109,ox14-c000034 ox14-c000273 ox14-c000219 ox14-c000361 ox14-c000109,1.0000000000,true
local_qwen,ow14-s0178,positive,3,valid,ox14-c000034 ox14-c000273 ox14-c000219 ox14-c000361 ox14-c000109,ox14-c000034 ox14-c000273 ox14-c000219 ox14-c000361 ox14-c000109,1.0000000000,true
local_qwen,ow14-s0178,positive,4,valid,ox14-c000034 ox14-c000273 ox14-c000219 ox14-c000361 ox14-c000109,ox14-c000034 ox14-c000273 ox14-c000219 ox14-c000361 ox14-c000109,1.0000000000,true
local_qwen,ow14-s0178,positive,5,valid,ox14-c000034 ox14-c000273 ox14-c000219 ox14-c000361 ox14-c000109,ox14-c000034 ox14-c000273 ox14-c000219 ox14-c000361 ox14-c000109,1.0000000000,true
local_qwen,ow14-s0179,positive,1,valid,ox14-c000303 ox14-c000405 ox14-c000172 ox14-c000363 ox14-c000101,ox14-c000303 ox14-c000172 ox14-c000405 ox14-c000101 ox14-c000363,0.8000000000,false
local_qwen,ow14-s0179,positive,2,valid,ox14-c000303 ox14-c000405 ox14-c000172 ox14-c000363 ox14-c000101,ox14-c000303 ox14-c000172 ox14-c000405 ox14-c000101 ox14-c000363,0.8000000000,false
local_qwen,ow14-s0179,positive,3,valid,ox14-c000303 ox14-c000405 ox14-c000172 ox14-c000363 ox14-c000101,ox14-c000303 ox14-c000172 ox14-c000405 ox14-c000101 ox14-c000363,0.8000000000,false
local_qwen,ow14-s0179,positive,4,valid,ox14-c000303 ox14-c000405 ox14-c000172 ox14-c000363 ox14-c000101,ox14-c000303 ox14-c000172 ox14-c000405 ox14-c000101 ox14-c000363,0.8000000000,false
local_qwen,ow14-s0179,positive,5,valid,ox14-c000303 ox14-c000405 ox14-c000172 ox14-c000363 ox14-c000101,ox14-c000303 ox14-c000172 ox14-c000405 ox14-c000101 ox14-c000363,0.8000000000,false
local_qwen,ow14-s0180,positive,1,valid,ox14-c000064 ox14-c000100 ox14-c000407 ox14-c000111 ox14-c000226,ox14-c000226 ox14-c000100 ox14-c000111 ox14-c000407 ox14-c000064,-0.7000000000,false
local_qwen,ow14-s0180,positive,2,valid,ox14-c000064 ox14-c000100 ox14-c000407 ox14-c000111 ox14-c000226,ox14-c000226 ox14-c000100 ox14-c000111 ox14-c000407 ox14-c000064,-0.7000000000,false
local_qwen,ow14-s0180,positive,3,valid,ox14-c000064 ox14-c000100 ox14-c000407 ox14-c000111 ox14-c000226,ox14-c000226 ox14-c000100 ox14-c000111 ox14-c000407 ox14-c000064,-0.7000000000,false
local_qwen,ow14-s0180,positive,4,valid,ox14-c000064 ox14-c000100 ox14-c000407 ox14-c000111 ox14-c000226,ox14-c000226 ox14-c000100 ox14-c000111 ox14-c000407 ox14-c000064,-0.7000000000,false
local_qwen,ow14-s0180,positive,5,valid,ox14-c000064 ox14-c000100 ox14-c000407 ox14-c000111 ox14-c000226,ox14-c000226 ox14-c000100 ox14-c000111 ox14-c000407 ox14-c000064,-0.7000000000,false
local_qwen,ow14-s0181,positive,1,valid,ox14-c000141 ox14-c000387 ox14-c000048 ox14-c000298 ox14-c000212,ox14-c000298 ox14-c000141 ox14-c000387 ox14-c000212 ox14-c000048,0.2000000000,false
local_qwen,ow14-s0181,positive,2,valid,ox14-c000141 ox14-c000387 ox14-c000048 ox14-c000298 ox14-c000212,ox14-c000298 ox14-c000141 ox14-c000387 ox14-c000212 ox14-c000048,0.2000000000,false
local_qwen,ow14-s0181,positive,3,valid,ox14-c000141 ox14-c000387 ox14-c000048 ox14-c000298 ox14-c000212,ox14-c000298 ox14-c000141 ox14-c000387 ox14-c000212 ox14-c000048,0.2000000000,false
local_qwen,ow14-s0181,positive,4,valid,ox14-c000141 ox14-c000387 ox14-c000048 ox14-c000298 ox14-c000212,ox14-c000298 ox14-c000141 ox14-c000387 ox14-c000212 ox14-c000048,0.2000000000,false
local_qwen,ow14-s0181,positive,5,valid,ox14-c000141 ox14-c000387 ox14-c000048 ox14-c000298 ox14-c000212,ox14-c000298 ox14-c000141 ox14-c000387 ox14-c000212 ox14-c000048,0.2000000000,false
local_qwen,ow14-s0182,positive,1,valid,ox14-c000251 ox14-c000178 ox14-c000399 ox14-c000082 ox14-c000423,ox14-c000423 ox14-c000178 ox14-c000251 ox14-c000399 ox14-c000082,-0.1000000000,false
local_qwen,ow14-s0182,positive,2,valid,ox14-c000251 ox14-c000178 ox14-c000399 ox14-c000082 ox14-c000423,ox14-c000423 ox14-c000178 ox14-c000251 ox14-c000399 ox14-c000082,-0.1000000000,false
local_qwen,ow14-s0182,positive,3,valid,ox14-c000251 ox14-c000178 ox14-c000399 ox14-c000082 ox14-c000423,ox14-c000423 ox14-c000178 ox14-c000251 ox14-c000399 ox14-c000082,-0.1000000000,false
local_qwen,ow14-s0182,positive,4,valid,ox14-c000251 ox14-c000178 ox14-c000399 ox14-c000082 ox14-c000423,ox14-c000423 ox14-c000178 ox14-c000251 ox14-c000399 ox14-c000082,-0.1000000000,false
local_qwen,ow14-s0182,positive,5,valid,ox14-c000251 ox14-c000178 ox14-c000399 ox14-c000082 ox14-c000423,ox14-c000423 ox14-c000178 ox14-c000251 ox14-c000399 ox14-c000082,-0.1000000000,false
local_qwen,ow14-s0183,positive,1,valid,ox14-c000077 ox14-c000296 ox14-c000410 ox14-c000085 ox14-c000115,ox14-c000296 ox14-c000115 ox14-c000410 ox14-c000077 ox14-c000085,0.0000000000,false
local_qwen,ow14-s0183,positive,2,valid,ox14-c000077 ox14-c000296 ox14-c000410 ox14-c000085 ox14-c000115,ox14-c000296 ox14-c000115 ox14-c000410 ox14-c000077 ox14-c000085,0.0000000000,false
local_qwen,ow14-s0183,positive,3,valid,ox14-c000077 ox14-c000296 ox14-c000410 ox14-c000085 ox14-c000115,ox14-c000296 ox14-c000115 ox14-c000410 ox14-c000077 ox14-c000085,0.0000000000,false
local_qwen,ow14-s0183,positive,4,valid,ox14-c000077 ox14-c000296 ox14-c000410 ox14-c000085 ox14-c000115,ox14-c000296 ox14-c000115 ox14-c000410 ox14-c000077 ox14-c000085,0.0000000000,false
local_qwen,ow14-s0183,positive,5,valid,ox14-c000077 ox14-c000296 ox14-c000410 ox14-c000085 ox14-c000115,ox14-c000296 ox14-c000115 ox14-c000410 ox14-c000077 ox14-c000085,0.0000000000,false
local_qwen,ow14-s0184,positive,1,valid,ox14-c000353 ox14-c000118 ox14-c000395 ox14-c000223 ox14-c000005,ox14-c000223 ox14-c000353 ox14-c000118 ox14-c000395 ox14-c000005,0.4000000000,false
local_qwen,ow14-s0184,positive,2,valid,ox14-c000353 ox14-c000118 ox14-c000395 ox14-c000223 ox14-c000005,ox14-c000223 ox14-c000353 ox14-c000118 ox14-c000395 ox14-c000005,0.4000000000,false
local_qwen,ow14-s0184,positive,3,valid,ox14-c000353 ox14-c000118 ox14-c000395 ox14-c000223 ox14-c000005,ox14-c000223 ox14-c000353 ox14-c000118 ox14-c000395 ox14-c000005,0.4000000000,false
local_qwen,ow14-s0184,positive,4,valid,ox14-c000353 ox14-c000118 ox14-c000395 ox14-c000223 ox14-c000005,ox14-c000223 ox14-c000353 ox14-c000118 ox14-c000395 ox14-c000005,0.4000000000,false
local_qwen,ow14-s0184,positive,5,valid,ox14-c000353 ox14-c000118 ox14-c000395 ox14-c000223 ox14-c000005,ox14-c000223 ox14-c000353 ox14-c000118 ox14-c000395 ox14-c000005,0.4000000000,false
local_qwen,ow14-s0185,positive,1,valid,ox14-c000307 ox14-c000188 ox14-c000015 ox14-c000315 ox14-c000311,ox14-c000307 ox14-c000188 ox14-c000015 ox14-c000315 ox14-c000311,1.0000000000,true
local_qwen,ow14-s0185,positive,2,valid,ox14-c000307 ox14-c000188 ox14-c000015 ox14-c000315 ox14-c000311,ox14-c000307 ox14-c000188 ox14-c000015 ox14-c000315 ox14-c000311,1.0000000000,true
local_qwen,ow14-s0185,positive,3,valid,ox14-c000307 ox14-c000188 ox14-c000015 ox14-c000315 ox14-c000311,ox14-c000307 ox14-c000188 ox14-c000015 ox14-c000315 ox14-c000311,1.0000000000,true
local_qwen,ow14-s0185,positive,4,valid,ox14-c000307 ox14-c000188 ox14-c000015 ox14-c000315 ox14-c000311,ox14-c000307 ox14-c000188 ox14-c000015 ox14-c000315 ox14-c000311,1.0000000000,true
local_qwen,ow14-s0185,positive,5,valid,ox14-c000307 ox14-c000188 ox14-c000015 ox14-c000315 ox14-c000311,ox14-c000307 ox14-c000188 ox14-c000015 ox14-c000315 ox14-c000311,1.0000000000,true
local_qwen,ow14-s0186,positive,1,valid,ox14-c000167 ox14-c000351 ox14-c000161 ox14-c000404 ox14-c000182,ox14-c000351 ox14-c000404 ox14-c000167 ox14-c000161 ox14-c000182,0.5000000000,false
local_qwen,ow14-s0186,positive,2,valid,ox14-c000167 ox14-c000351 ox14-c000161 ox14-c000404 ox14-c000182,ox14-c000351 ox14-c000404 ox14-c000167 ox14-c000161 ox14-c000182,0.5000000000,false
local_qwen,ow14-s0186,positive,3,valid,ox14-c000167 ox14-c000351 ox14-c000161 ox14-c000404 ox14-c000182,ox14-c000351 ox14-c000404 ox14-c000167 ox14-c000161 ox14-c000182,0.5000000000,false
local_qwen,ow14-s0186,positive,4,valid,ox14-c000167 ox14-c000351 ox14-c000161 ox14-c000404 ox14-c000182,ox14-c000351 ox14-c000404 ox14-c000167 ox14-c000161 ox14-c000182,0.5000000000,false
local_qwen,ow14-s0186,positive,5,valid,ox14-c000167 ox14-c000351 ox14-c000161 ox14-c000404 ox14-c000182,ox14-c000351 ox14-c000404 ox14-c000167 ox14-c000161 ox14-c000182,0.5000000000,false
local_qwen,ow14-s0187,positive,1,valid,ox14-c000117 ox14-c000029 ox14-c000272 ox14-c000038 ox14-c000429,ox14-c000029 ox14-c000038 ox14-c000117 ox14-c000272 ox14-c000429,0.5000000000,false
local_qwen,ow14-s0187,positive,2,valid,ox14-c000117 ox14-c000029 ox14-c000272 ox14-c000038 ox14-c000429,ox14-c000029 ox14-c000038 ox14-c000117 ox14-c000272 ox14-c000429,0.5000000000,false
local_qwen,ow14-s0187,positive,3,valid,ox14-c000117 ox14-c000029 ox14-c000272 ox14-c000038 ox14-c000429,ox14-c000029 ox14-c000038 ox14-c000117 ox14-c000272 ox14-c000429,0.5000000000,false
local_qwen,ow14-s0187,positive,4,valid,ox14-c000117 ox14-c000029 ox14-c000272 ox14-c000038 ox14-c000429,ox14-c000029 ox14-c000038 ox14-c000117 ox14-c000272 ox14-c000429,0.5000000000,false
local_qwen,ow14-s0187,positive,5,valid,ox14-c000117 ox14-c000029 ox14-c000272 ox14-c000038 ox14-c000429,ox14-c000029 ox14-c000038 ox14-c000117 ox14-c000272 ox14-c000429,0.5000000000,false
local_qwen,ow14-s0188,positive,1,valid,ox14-c000185 ox14-c000059 ox14-c000136 ox14-c000346 ox14-c000377,ox14-c000136 ox14-c000059 ox14-c000346 ox14-c000377 ox14-c000185,-0.1000000000,false
local_qwen,ow14-s0188,positive,2,valid,ox14-c000185 ox14-c000059 ox14-c000136 ox14-c000346 ox14-c000377,ox14-c000136 ox14-c000059 ox14-c000346 ox14-c000377 ox14-c000185,-0.1000000000,false
local_qwen,ow14-s0188,positive,3,valid,ox14-c000185 ox14-c000059 ox14-c000136 ox14-c000346 ox14-c000377,ox14-c000136 ox14-c000059 ox14-c000346 ox14-c000377 ox14-c000185,-0.1000000000,false
local_qwen,ow14-s0188,positive,4,valid,ox14-c000185 ox14-c000059 ox14-c000136 ox14-c000346 ox14-c000377,ox14-c000136 ox14-c000059 ox14-c000346 ox14-c000377 ox14-c000185,-0.1000000000,false
local_qwen,ow14-s0188,positive,5,valid,ox14-c000185 ox14-c000059 ox14-c000136 ox14-c000346 ox14-c000377,ox14-c000136 ox14-c000059 ox14-c000346 ox14-c000377 ox14-c000185,-0.1000000000,false
local_qwen,ow14-s0189,positive,1,valid,ox14-c000198 ox14-c000070 ox14-c000191 ox14-c000396 ox14-c000247,ox14-c000070 ox14-c000198 ox14-c000191 ox14-c000396 ox14-c000247,0.9000000000,false
local_qwen,ow14-s0189,positive,2,valid,ox14-c000198 ox14-c000070 ox14-c000191 ox14-c000396 ox14-c000247,ox14-c000070 ox14-c000198 ox14-c000191 ox14-c000396 ox14-c000247,0.9000000000,false
local_qwen,ow14-s0189,positive,3,valid,ox14-c000198 ox14-c000070 ox14-c000191 ox14-c000396 ox14-c000247,ox14-c000070 ox14-c000198 ox14-c000191 ox14-c000396 ox14-c000247,0.9000000000,false
local_qwen,ow14-s0189,positive,4,valid,ox14-c000198 ox14-c000070 ox14-c000191 ox14-c000396 ox14-c000247,ox14-c000070 ox14-c000198 ox14-c000191 ox14-c000396 ox14-c000247,0.9000000000,false
local_qwen,ow14-s0189,positive,5,valid,ox14-c000198 ox14-c000070 ox14-c000191 ox14-c000396 ox14-c000247,ox14-c000070 ox14-c000198 ox14-c000191 ox14-c000396 ox14-c000247,0.9000000000,false
local_qwen,ow14-s0190,positive,1,valid,ox14-c000099 ox14-c000014 ox14-c000056 ox14-c000023 ox14-c000102,ox14-c000099 ox14-c000056 ox14-c000102 ox14-c000014 ox14-c000023,0.5000000000,false
local_qwen,ow14-s0190,positive,2,valid,ox14-c000099 ox14-c000014 ox14-c000056 ox14-c000023 ox14-c000102,ox14-c000099 ox14-c000056 ox14-c000102 ox14-c000014 ox14-c000023,0.5000000000,false
local_qwen,ow14-s0190,positive,3,valid,ox14-c000099 ox14-c000014 ox14-c000056 ox14-c000023 ox14-c000102,ox14-c000099 ox14-c000056 ox14-c000102 ox14-c000014 ox14-c000023,0.5000000000,false
local_qwen,ow14-s0190,positive,4,valid,ox14-c000099 ox14-c000014 ox14-c000056 ox14-c000023 ox14-c000102,ox14-c000099 ox14-c000056 ox14-c000102 ox14-c000014 ox14-c000023,0.5000000000,false
local_qwen,ow14-s0190,positive,5,valid,ox14-c000099 ox14-c000014 ox14-c000056 ox14-c000023 ox14-c000102,ox14-c000099 ox14-c000056 ox14-c000102 ox14-c000014 ox14-c000023,0.5000000000,false
local_qwen,ow14-s0191,positive,1,valid,ox14-c000189 ox14-c000348 ox14-c000236 ox14-c000024 ox14-c000030,ox14-c000236 ox14-c000348 ox14-c000189 ox14-c000024 ox14-c000030,0.6000000000,false
local_qwen,ow14-s0191,positive,2,valid,ox14-c000189 ox14-c000348 ox14-c000236 ox14-c000024 ox14-c000030,ox14-c000236 ox14-c000348 ox14-c000189 ox14-c000024 ox14-c000030,0.6000000000,false
local_qwen,ow14-s0191,positive,3,valid,ox14-c000189 ox14-c000348 ox14-c000236 ox14-c000024 ox14-c000030,ox14-c000236 ox14-c000348 ox14-c000189 ox14-c000024 ox14-c000030,0.6000000000,false
local_qwen,ow14-s0191,positive,4,valid,ox14-c000189 ox14-c000348 ox14-c000236 ox14-c000024 ox14-c000030,ox14-c000236 ox14-c000348 ox14-c000189 ox14-c000024 ox14-c000030,0.6000000000,false
local_qwen,ow14-s0191,positive,5,valid,ox14-c000189 ox14-c000348 ox14-c000236 ox14-c000024 ox14-c000030,ox14-c000236 ox14-c000348 ox14-c000189 ox14-c000024 ox14-c000030,0.6000000000,false
local_qwen,ow14-s0192,positive,1,valid,ox14-c000083 ox14-c000426 ox14-c000341 ox14-c000088 ox14-c000209,ox14-c000426 ox14-c000209 ox14-c000341 ox14-c000088 ox14-c000083,-0.3000000000,false
local_qwen,ow14-s0192,positive,2,valid,ox14-c000083 ox14-c000426 ox14-c000341 ox14-c000088 ox14-c000209,ox14-c000426 ox14-c000209 ox14-c000341 ox14-c000088 ox14-c000083,-0.3000000000,false
local_qwen,ow14-s0192,positive,3,valid,ox14-c000083 ox14-c000426 ox14-c000341 ox14-c000088 ox14-c000209,ox14-c000426 ox14-c000209 ox14-c000341 ox14-c000088 ox14-c000083,-0.3000000000,false
local_qwen,ow14-s0192,positive,4,valid,ox14-c000083 ox14-c000426 ox14-c000341 ox14-c000088 ox14-c000209,ox14-c000426 ox14-c000209 ox14-c000341 ox14-c000088 ox14-c000083,-0.3000000000,false
local_qwen,ow14-s0192,positive,5,valid,ox14-c000083 ox14-c000426 ox14-c000341 ox14-c000088 ox14-c000209,ox14-c000426 ox14-c000209 ox14-c000341 ox14-c000088 ox14-c000083,-0.3000000000,false
local_qwen,ow14-s0193,positive,1,valid,ox14-c000184 ox14-c000371 ox14-c000333 ox14-c000259 ox14-c000254,ox14-c000371 ox14-c000184 ox14-c000333 ox14-c000259 ox14-c000254,0.9000000000,false
local_qwen,ow14-s0193,positive,2,valid,ox14-c000184 ox14-c000371 ox14-c000333 ox14-c000259 ox14-c000254,ox14-c000371 ox14-c000184 ox14-c000333 ox14-c000259 ox14-c000254,0.9000000000,false
local_qwen,ow14-s0193,positive,3,valid,ox14-c000184 ox14-c000371 ox14-c000333 ox14-c000259 ox14-c000254,ox14-c000371 ox14-c000184 ox14-c000333 ox14-c000259 ox14-c000254,0.9000000000,false
local_qwen,ow14-s0193,positive,4,valid,ox14-c000184 ox14-c000371 ox14-c000333 ox14-c000259 ox14-c000254,ox14-c000371 ox14-c000184 ox14-c000333 ox14-c000259 ox14-c000254,0.9000000000,false
local_qwen,ow14-s0193,positive,5,valid,ox14-c000184 ox14-c000371 ox14-c000333 ox14-c000259 ox14-c000254,ox14-c000371 ox14-c000184 ox14-c000333 ox14-c000259 ox14-c000254,0.9000000000,false
local_qwen,ow14-s0194,positive,1,valid,ox14-c000278 ox14-c000229 ox14-c000355 ox14-c000195 ox14-c000031,ox14-c000031 ox14-c000229 ox14-c000278 ox14-c000355 ox14-c000195,-0.1000000000,false
local_qwen,ow14-s0194,positive,2,valid,ox14-c000278 ox14-c000229 ox14-c000355 ox14-c000195 ox14-c000031,ox14-c000031 ox14-c000229 ox14-c000278 ox14-c000355 ox14-c000195,-0.1000000000,false
local_qwen,ow14-s0194,positive,3,valid,ox14-c000278 ox14-c000229 ox14-c000355 ox14-c000195 ox14-c000031,ox14-c000031 ox14-c000229 ox14-c000278 ox14-c000355 ox14-c000195,-0.1000000000,false
local_qwen,ow14-s0194,positive,4,valid,ox14-c000278 ox14-c000229 ox14-c000355 ox14-c000195 ox14-c000031,ox14-c000031 ox14-c000229 ox14-c000278 ox14-c000355 ox14-c000195,-0.1000000000,false
local_qwen,ow14-s0194,positive,5,valid,ox14-c000278 ox14-c000229 ox14-c000355 ox14-c000195 ox14-c000031,ox14-c000031 ox14-c000229 ox14-c000278 ox14-c000355 ox14-c000195,-0.1000000000,false
local_qwen,ow14-s0195,positive,1,valid,ox14-c000294 ox14-c000065 ox14-c000125 ox14-c000204 ox14-c000274,ox14-c000294 ox14-c000274 ox14-c000065 ox14-c000125 ox14-c000204,0.4000000000,false
local_qwen,ow14-s0195,positive,2,valid,ox14-c000294 ox14-c000065 ox14-c000125 ox14-c000204 ox14-c000274,ox14-c000294 ox14-c000274 ox14-c000065 ox14-c000125 ox14-c000204,0.4000000000,false
local_qwen,ow14-s0195,positive,3,valid,ox14-c000294 ox14-c000065 ox14-c000125 ox14-c000204 ox14-c000274,ox14-c000294 ox14-c000274 ox14-c000065 ox14-c000125 ox14-c000204,0.4000000000,false
local_qwen,ow14-s0195,positive,4,valid,ox14-c000294 ox14-c000065 ox14-c000125 ox14-c000204 ox14-c000274,ox14-c000294 ox14-c000274 ox14-c000065 ox14-c000125 ox14-c000204,0.4000000000,false
local_qwen,ow14-s0195,positive,5,valid,ox14-c000294 ox14-c000065 ox14-c000125 ox14-c000204 ox14-c000274,ox14-c000294 ox14-c000274 ox14-c000065 ox14-c000125 ox14-c000204,0.4000000000,false
local_qwen,ow14-s0196,positive,1,valid,ox14-c000044 ox14-c000066 ox14-c000164 ox14-c000409 ox14-c000316,ox14-c000044 ox14-c000066 ox14-c000164 ox14-c000409 ox14-c000316,1.0000000000,true
local_qwen,ow14-s0196,positive,2,valid,ox14-c000044 ox14-c000066 ox14-c000164 ox14-c000409 ox14-c000316,ox14-c000044 ox14-c000066 ox14-c000164 ox14-c000409 ox14-c000316,1.0000000000,true
local_qwen,ow14-s0196,positive,3,valid,ox14-c000044 ox14-c000066 ox14-c000164 ox14-c000409 ox14-c000316,ox14-c000044 ox14-c000066 ox14-c000164 ox14-c000409 ox14-c000316,1.0000000000,true
local_qwen,ow14-s0196,positive,4,valid,ox14-c000044 ox14-c000066 ox14-c000164 ox14-c000409 ox14-c000316,ox14-c000044 ox14-c000066 ox14-c000164 ox14-c000409 ox14-c000316,1.0000000000,true
local_qwen,ow14-s0196,positive,5,valid,ox14-c000044 ox14-c000066 ox14-c000164 ox14-c000409 ox14-c000316,ox14-c000044 ox14-c000066 ox14-c000164 ox14-c000409 ox14-c000316,1.0000000000,true
local_qwen,ow14-s0197,positive,1,valid,ox14-c000432 ox14-c000317 ox14-c000261 ox14-c000208 ox14-c000112,ox14-c000317 ox14-c000432 ox14-c000261 ox14-c000208 ox14-c000112,0.9000000000,false
local_qwen,ow14-s0197,positive,2,valid,ox14-c000432 ox14-c000317 ox14-c000261 ox14-c000208 ox14-c000112,ox14-c000317 ox14-c000432 ox14-c000261 ox14-c000208 ox14-c000112,0.9000000000,false
local_qwen,ow14-s0197,positive,3,valid,ox14-c000432 ox14-c000317 ox14-c000261 ox14-c000208 ox14-c000112,ox14-c000317 ox14-c000432 ox14-c000261 ox14-c000208 ox14-c000112,0.9000000000,false
local_qwen,ow14-s0197,positive,4,valid,ox14-c000432 ox14-c000317 ox14-c000261 ox14-c000208 ox14-c000112,ox14-c000317 ox14-c000432 ox14-c000261 ox14-c000208 ox14-c000112,0.9000000000,false
local_qwen,ow14-s0197,positive,5,valid,ox14-c000432 ox14-c000317 ox14-c000261 ox14-c000208 ox14-c000112,ox14-c000317 ox14-c000432 ox14-c000261 ox14-c000208 ox14-c000112,0.9000000000,false
local_qwen,ow14-s0198,positive,1,valid,ox14-c000362 ox14-c000126 ox14-c000310 ox14-c000224 ox14-c000414,ox14-c000362 ox14-c000224 ox14-c000126 ox14-c000414 ox14-c000310,0.5000000000,false
local_qwen,ow14-s0198,positive,2,valid,ox14-c000362 ox14-c000126 ox14-c000310 ox14-c000224 ox14-c000414,ox14-c000362 ox14-c000224 ox14-c000126 ox14-c000414 ox14-c000310,0.5000000000,false
local_qwen,ow14-s0198,positive,3,valid,ox14-c000362 ox14-c000126 ox14-c000310 ox14-c000224 ox14-c000414,ox14-c000362 ox14-c000224 ox14-c000126 ox14-c000414 ox14-c000310,0.5000000000,false
local_qwen,ow14-s0198,positive,4,valid,ox14-c000362 ox14-c000126 ox14-c000310 ox14-c000224 ox14-c000414,ox14-c000362 ox14-c000224 ox14-c000126 ox14-c000414 ox14-c000310,0.5000000000,false
local_qwen,ow14-s0198,positive,5,valid,ox14-c000362 ox14-c000126 ox14-c000310 ox14-c000224 ox14-c000414,ox14-c000362 ox14-c000224 ox14-c000126 ox14-c000414 ox14-c000310,0.5000000000,false
local_qwen,ow14-s0199,positive,1,valid,ox14-c000391 ox14-c000402 ox14-c000210 ox14-c000036 ox14-c000253,ox14-c000210 ox14-c000036 ox14-c000391 ox14-c000402 ox14-c000253,0.2000000000,false
local_qwen,ow14-s0199,positive,2,valid,ox14-c000391 ox14-c000402 ox14-c000210 ox14-c000036 ox14-c000253,ox14-c000210 ox14-c000036 ox14-c000391 ox14-c000402 ox14-c000253,0.2000000000,false
local_qwen,ow14-s0199,positive,3,valid,ox14-c000391 ox14-c000402 ox14-c000210 ox14-c000036 ox14-c000253,ox14-c000210 ox14-c000036 ox14-c000391 ox14-c000402 ox14-c000253,0.2000000000,false
local_qwen,ow14-s0199,positive,4,valid,ox14-c000391 ox14-c000402 ox14-c000210 ox14-c000036 ox14-c000253,ox14-c000210 ox14-c000036 ox14-c000391 ox14-c000402 ox14-c000253,0.2000000000,false
local_qwen,ow14-s0199,positive,5,valid,ox14-c000391 ox14-c000402 ox14-c000210 ox14-c000036 ox14-c000253,ox14-c000210 ox14-c000036 ox14-c000391 ox14-c000402 ox14-c000253,0.2000000000,false
local_qwen,ow14-s0200,positive,1,valid,ox14-c000067 ox14-c000062 ox14-c000225 ox14-c000320 ox14-c000252,ox14-c000225 ox14-c000067 ox14-c000062 ox14-c000320 ox14-c000252,0.7000000000,false
local_qwen,ow14-s0200,positive,2,valid,ox14-c000067 ox14-c000062 ox14-c000225 ox14-c000320 ox14-c000252,ox14-c000225 ox14-c000067 ox14-c000062 ox14-c000320 ox14-c000252,0.7000000000,false
local_qwen,ow14-s0200,positive,3,valid,ox14-c000067 ox14-c000062 ox14-c000225 ox14-c000320 ox14-c000252,ox14-c000225 ox14-c000067 ox14-c000062 ox14-c000320 ox14-c000252,0.7000000000,false
local_qwen,ow14-s0200,positive,4,valid,ox14-c000067 ox14-c000062 ox14-c000225 ox14-c000320 ox14-c000252,ox14-c000225 ox14-c000067 ox14-c000062 ox14-c000320 ox14-c000252,0.7000000000,false
local_qwen,ow14-s0200,positive,5,valid,ox14-c000067 ox14-c000062 ox14-c000225 ox14-c000320 ox14-c000252,ox14-c000225 ox14-c000067 ox14-c000062 ox14-c000320 ox14-c000252,0.7000000000,false
local_qwen,ow14-s0201,positive,1,valid,ox14-c000090 ox14-c000235 ox14-c000140 ox14-c000165 ox14-c000369,ox14-c000140 ox14-c000165 ox14-c000235 ox14-c000369 ox14-c000090,-0.3000000000,false
local_qwen,ow14-s0201,positive,2,valid,ox14-c000090 ox14-c000235 ox14-c000140 ox14-c000165 ox14-c000369,ox14-c000140 ox14-c000165 ox14-c000235 ox14-c000369 ox14-c000090,-0.3000000000,false
local_qwen,ow14-s0201,positive,3,valid,ox14-c000090 ox14-c000235 ox14-c000140 ox14-c000165 ox14-c000369,ox14-c000140 ox14-c000165 ox14-c000235 ox14-c000369 ox14-c000090,-0.3000000000,false
local_qwen,ow14-s0201,positive,4,valid,ox14-c000090 ox14-c000235 ox14-c000140 ox14-c000165 ox14-c000369,ox14-c000140 ox14-c000165 ox14-c000235 ox14-c000369 ox14-c000090,-0.3000000000,false
local_qwen,ow14-s0201,positive,5,valid,ox14-c000090 ox14-c000235 ox14-c000140 ox14-c000165 ox14-c000369,ox14-c000140 ox14-c000165 ox14-c000235 ox14-c000369 ox14-c000090,-0.3000000000,false
local_qwen,ow14-s0202,positive,1,valid,ox14-c000389 ox14-c000265 ox14-c000258 ox14-c000081 ox14-c000072,ox14-c000081 ox14-c000265 ox14-c000389 ox14-c000258 ox14-c000072,0.3000000000,false
local_qwen,ow14-s0202,positive,2,valid,ox14-c000389 ox14-c000265 ox14-c000258 ox14-c000081 ox14-c000072,ox14-c000081 ox14-c000265 ox14-c000389 ox14-c000258 ox14-c000072,0.3000000000,false
local_qwen,ow14-s0202,positive,3,valid,ox14-c000389 ox14-c000265 ox14-c000258 ox14-c000081 ox14-c000072,ox14-c000081 ox14-c000265 ox14-c000389 ox14-c000258 ox14-c000072,0.3000000000,false
local_qwen,ow14-s0202,positive,4,valid,ox14-c000389 ox14-c000265 ox14-c000258 ox14-c000081 ox14-c000072,ox14-c000081 ox14-c000265 ox14-c000389 ox14-c000258 ox14-c000072,0.3000000000,false
local_qwen,ow14-s0202,positive,5,valid,ox14-c000389 ox14-c000265 ox14-c000258 ox14-c000081 ox14-c000072,ox14-c000081 ox14-c000265 ox14-c000389 ox14-c000258 ox14-c000072,0.3000000000,false
local_qwen,ow14-s0203,positive,1,valid,ox14-c000211 ox14-c000046 ox14-c000130 ox14-c000246 ox14-c000323,ox14-c000130 ox14-c000211 ox14-c000046 ox14-c000246 ox14-c000323,0.7000000000,false
local_qwen,ow14-s0203,positive,2,valid,ox14-c000211 ox14-c000046 ox14-c000130 ox14-c000246 ox14-c000323,ox14-c000130 ox14-c000211 ox14-c000046 ox14-c000246 ox14-c000323,0.7000000000,false
local_qwen,ow14-s0203,positive,3,valid,ox14-c000211 ox14-c000046 ox14-c000130 ox14-c000246 ox14-c000323,ox14-c000130 ox14-c000211 ox14-c000046 ox14-c000246 ox14-c000323,0.7000000000,false
local_qwen,ow14-s0203,positive,4,valid,ox14-c000211 ox14-c000046 ox14-c000130 ox14-c000246 ox14-c000323,ox14-c000130 ox14-c000211 ox14-c000046 ox14-c000246 ox14-c000323,0.7000000000,false
local_qwen,ow14-s0203,positive,5,valid,ox14-c000211 ox14-c000046 ox14-c000130 ox14-c000246 ox14-c000323,ox14-c000130 ox14-c000211 ox14-c000046 ox14-c000246 ox14-c000323,0.7000000000,false
local_qwen,ow14-s0204,positive,1,valid,ox14-c000181 ox14-c000419 ox14-c000121 ox14-c000108 ox14-c000025,ox14-c000419 ox14-c000121 ox14-c000108 ox14-c000181 ox14-c000025,0.4000000000,false
local_qwen,ow14-s0204,positive,2,valid,ox14-c000181 ox14-c000419 ox14-c000121 ox14-c000108 ox14-c000025,ox14-c000419 ox14-c000121 ox14-c000108 ox14-c000181 ox14-c000025,0.4000000000,false
local_qwen,ow14-s0204,positive,3,valid,ox14-c000181 ox14-c000419 ox14-c000121 ox14-c000108 ox14-c000025,ox14-c000419 ox14-c000121 ox14-c000108 ox14-c000181 ox14-c000025,0.4000000000,false
local_qwen,ow14-s0204,positive,4,valid,ox14-c000181 ox14-c000419 ox14-c000121 ox14-c000108 ox14-c000025,ox14-c000419 ox14-c000121 ox14-c000108 ox14-c000181 ox14-c000025,0.4000000000,false
local_qwen,ow14-s0204,positive,5,valid,ox14-c000181 ox14-c000419 ox14-c000121 ox14-c000108 ox14-c000025,ox14-c000419 ox14-c000121 ox14-c000108 ox14-c000181 ox14-c000025,0.4000000000,false
local_qwen,ow14-s0205,positive,1,valid,ox14-c000365 ox14-c000037 ox14-c000197 ox14-c000012 ox14-c000058,ox14-c000037 ox14-c000012 ox14-c000197 ox14-c000058 ox14-c000365,-0.1000000000,false
local_qwen,ow14-s0205,positive,2,valid,ox14-c000365 ox14-c000037 ox14-c000197 ox14-c000012 ox14-c000058,ox14-c000037 ox14-c000012 ox14-c000197 ox14-c000058 ox14-c000365,-0.1000000000,false
local_qwen,ow14-s0205,positive,3,valid,ox14-c000365 ox14-c000037 ox14-c000197 ox14-c000012 ox14-c000058,ox14-c000037 ox14-c000012 ox14-c000197 ox14-c000058 ox14-c000365,-0.1000000000,false
local_qwen,ow14-s0205,positive,4,valid,ox14-c000365 ox14-c000037 ox14-c000197 ox14-c000012 ox14-c000058,ox14-c000037 ox14-c000012 ox14-c000197 ox14-c000058 ox14-c000365,-0.1000000000,false
local_qwen,ow14-s0205,positive,5,valid,ox14-c000365 ox14-c000037 ox14-c000197 ox14-c000012 ox14-c000058,ox14-c000037 ox14-c000012 ox14-c000197 ox14-c000058 ox14-c000365,-0.1000000000,false
local_qwen,ow14-s0206,positive,1,valid,ox14-c000270 ox14-c000374 ox14-c000001 ox14-c000245 ox14-c000354,ox14-c000001 ox14-c000245 ox14-c000354 ox14-c000270 ox14-c000374,-0.5000000000,false
local_qwen,ow14-s0206,positive,2,valid,ox14-c000270 ox14-c000374 ox14-c000001 ox14-c000245 ox14-c000354,ox14-c000001 ox14-c000245 ox14-c000354 ox14-c000270 ox14-c000374,-0.5000000000,false
local_qwen,ow14-s0206,positive,3,valid,ox14-c000270 ox14-c000374 ox14-c000001 ox14-c000245 ox14-c000354,ox14-c000001 ox14-c000245 ox14-c000354 ox14-c000270 ox14-c000374,-0.5000000000,false
local_qwen,ow14-s0206,positive,4,valid,ox14-c000270 ox14-c000374 ox14-c000001 ox14-c000245 ox14-c000354,ox14-c000001 ox14-c000245 ox14-c000354 ox14-c000270 ox14-c000374,-0.5000000000,false
local_qwen,ow14-s0206,positive,5,valid,ox14-c000270 ox14-c000374 ox14-c000001 ox14-c000245 ox14-c000354,ox14-c000001 ox14-c000245 ox14-c000354 ox14-c000270 ox14-c000374,-0.5000000000,false
local_qwen,ow14-s0207,positive,1,valid,ox14-c000075 ox14-c000127 ox14-c000033 ox14-c000087 ox14-c000008,ox14-c000033 ox14-c000127 ox14-c000008 ox14-c000075 ox14-c000087,0.1000000000,false
local_qwen,ow14-s0207,positive,2,valid,ox14-c000075 ox14-c000127 ox14-c000033 ox14-c000087 ox14-c000008,ox14-c000033 ox14-c000127 ox14-c000008 ox14-c000075 ox14-c000087,0.1000000000,false
local_qwen,ow14-s0207,positive,3,valid,ox14-c000075 ox14-c000127 ox14-c000033 ox14-c000087 ox14-c000008,ox14-c000033 ox14-c000127 ox14-c000008 ox14-c000075 ox14-c000087,0.1000000000,false
local_qwen,ow14-s0207,positive,4,valid,ox14-c000075 ox14-c000127 ox14-c000033 ox14-c000087 ox14-c000008,ox14-c000033 ox14-c000127 ox14-c000008 ox14-c000075 ox14-c000087,0.1000000000,false
local_qwen,ow14-s0207,positive,5,valid,ox14-c000075 ox14-c000127 ox14-c000033 ox14-c000087 ox14-c000008,ox14-c000033 ox14-c000127 ox14-c000008 ox14-c000075 ox14-c000087,0.1000000000,false
local_qwen,ow14-s0208,positive,1,valid,ox14-c000352 ox14-c000297 ox14-c000406 ox14-c000233 ox14-c000277,ox14-c000233 ox14-c000297 ox14-c000277 ox14-c000406 ox14-c000352,-0.5000000000,false
local_qwen,ow14-s0208,positive,2,valid,ox14-c000352 ox14-c000297 ox14-c000406 ox14-c000233 ox14-c000277,ox14-c000233 ox14-c000297 ox14-c000277 ox14-c000406 ox14-c000352,-0.5000000000,false
local_qwen,ow14-s0208,positive,3,valid,ox14-c000352 ox14-c000297 ox14-c000406 ox14-c000233 ox14-c000277,ox14-c000233 ox14-c000297 ox14-c000277 ox14-c000406 ox14-c000352,-0.5000000000,false
local_qwen,ow14-s0208,positive,4,valid,ox14-c000352 ox14-c000297 ox14-c000406 ox14-c000233 ox14-c000277,ox14-c000233 ox14-c000297 ox14-c000277 ox14-c000406 ox14-c000352,-0.5000000000,false
local_qwen,ow14-s0208,positive,5,valid,ox14-c000352 ox14-c000297 ox14-c000406 ox14-c000233 ox14-c000277,ox14-c000233 ox14-c000297 ox14-c000277 ox14-c000406 ox14-c000352,-0.5000000000,false
local_qwen,ow14-s0209,positive,1,valid,ox14-c000035 ox14-c000357 ox14-c000113 ox14-c000183 ox14-c000060,ox14-c000357 ox14-c000113 ox14-c000060 ox14-c000183 ox14-c000035,-0.1000000000,false
local_qwen,ow14-s0209,positive,2,valid,ox14-c000035 ox14-c000357 ox14-c000113 ox14-c000183 ox14-c000060,ox14-c000357 ox14-c000113 ox14-c000060 ox14-c000183 ox14-c000035,-0.1000000000,false
local_qwen,ow14-s0209,positive,3,valid,ox14-c000035 ox14-c000357 ox14-c000113 ox14-c000183 ox14-c000060,ox14-c000357 ox14-c000113 ox14-c000060 ox14-c000183 ox14-c000035,-0.1000000000,false
local_qwen,ow14-s0209,positive,4,valid,ox14-c000035 ox14-c000357 ox14-c000113 ox14-c000183 ox14-c000060,ox14-c000357 ox14-c000113 ox14-c000060 ox14-c000183 ox14-c000035,-0.1000000000,false
local_qwen,ow14-s0209,positive,5,valid,ox14-c000035 ox14-c000357 ox14-c000113 ox14-c000183 ox14-c000060,ox14-c000357 ox14-c000113 ox14-c000060 ox14-c000183 ox14-c000035,-0.1000000000,false
local_qwen,ow14-s0210,positive,1,valid,ox14-c000263 ox14-c000398 ox14-c000103 ox14-c000381 ox14-c000293,ox14-c000293 ox14-c000398 ox14-c000103 ox14-c000381 ox14-c000263,-0.6000000000,false
local_qwen,ow14-s0210,positive,2,valid,ox14-c000263 ox14-c000398 ox14-c000103 ox14-c000381 ox14-c000293,ox14-c000293 ox14-c000398 ox14-c000103 ox14-c000381 ox14-c000263,-0.6000000000,false
local_qwen,ow14-s0210,positive,3,valid,ox14-c000263 ox14-c000398 ox14-c000103 ox14-c000381 ox14-c000293,ox14-c000293 ox14-c000398 ox14-c000103 ox14-c000381 ox14-c000263,-0.6000000000,false
local_qwen,ow14-s0210,positive,4,valid,ox14-c000263 ox14-c000398 ox14-c000103 ox14-c000381 ox14-c000293,ox14-c000293 ox14-c000398 ox14-c000103 ox14-c000381 ox14-c000263,-0.6000000000,false
local_qwen,ow14-s0210,positive,5,valid,ox14-c000263 ox14-c000398 ox14-c000103 ox14-c000381 ox14-c000293,ox14-c000293 ox14-c000398 ox14-c000103 ox14-c000381 ox14-c000263,-0.6000000000,false
local_qwen,ow14-s0211,positive,1,valid,ox14-c000373 ox14-c000107 ox14-c000162 ox14-c000422 ox14-c000093,ox14-c000107 ox14-c000162 ox14-c000422 ox14-c000093 ox14-c000373,0.0000000000,false
local_qwen,ow14-s0211,positive,2,valid,ox14-c000373 ox14-c000107 ox14-c000162 ox14-c000422 ox14-c000093,ox14-c000107 ox14-c000162 ox14-c000422 ox14-c000093 ox14-c000373,0.0000000000,false
local_qwen,ow14-s0211,positive,3,valid,ox14-c000373 ox14-c000107 ox14-c000162 ox14-c000422 ox14-c000093,ox14-c000107 ox14-c000162 ox14-c000422 ox14-c000093 ox14-c000373,0.0000000000,false
local_qwen,ow14-s0211,positive,4,valid,ox14-c000373 ox14-c000107 ox14-c000162 ox14-c000422 ox14-c000093,ox14-c000107 ox14-c000162 ox14-c000422 ox14-c000093 ox14-c000373,0.0000000000,false
local_qwen,ow14-s0211,positive,5,valid,ox14-c000373 ox14-c000107 ox14-c000162 ox14-c000422 ox14-c000093,ox14-c000107 ox14-c000162 ox14-c000422 ox14-c000093 ox14-c000373,0.0000000000,false
local_qwen,ow14-s0212,positive,1,valid,ox14-c000337 ox14-c000053 ox14-c000350 ox14-c000041 ox14-c000427,ox14-c000053 ox14-c000427 ox14-c000337 ox14-c000350 ox14-c000041,0.2000000000,false
local_qwen,ow14-s0212,positive,2,valid,ox14-c000337 ox14-c000053 ox14-c000350 ox14-c000041 ox14-c000427,ox14-c000053 ox14-c000427 ox14-c000337 ox14-c000350 ox14-c000041,0.2000000000,false
local_qwen,ow14-s0212,positive,3,valid,ox14-c000337 ox14-c000053 ox14-c000350 ox14-c000041 ox14-c000427,ox14-c000053 ox14-c000427 ox14-c000337 ox14-c000350 ox14-c000041,0.2000000000,false
local_qwen,ow14-s0212,positive,4,valid,ox14-c000337 ox14-c000053 ox14-c000350 ox14-c000041 ox14-c000427,ox14-c000053 ox14-c000427 ox14-c000337 ox14-c000350 ox14-c000041,0.2000000000,false
local_qwen,ow14-s0212,positive,5,valid,ox14-c000337 ox14-c000053 ox14-c000350 ox14-c000041 ox14-c000427,ox14-c000053 ox14-c000427 ox14-c000337 ox14-c000350 ox14-c000041,0.2000000000,false
local_qwen,ow14-s0213,positive,1,valid,ox14-c000384 ox14-c000016 ox14-c000218 ox14-c000344 ox14-c000216,ox14-c000016 ox14-c000218 ox14-c000344 ox14-c000216 ox14-c000384,0.0000000000,false
local_qwen,ow14-s0213,positive,2,valid,ox14-c000384 ox14-c000016 ox14-c000218 ox14-c000344 ox14-c000216,ox14-c000016 ox14-c000218 ox14-c000344 ox14-c000216 ox14-c000384,0.0000000000,false
local_qwen,ow14-s0213,positive,3,valid,ox14-c000384 ox14-c000016 ox14-c000218 ox14-c000344 ox14-c000216,ox14-c000016 ox14-c000218 ox14-c000344 ox14-c000216 ox14-c000384,0.0000000000,false
local_qwen,ow14-s0213,positive,4,valid,ox14-c000384 ox14-c000016 ox14-c000218 ox14-c000344 ox14-c000216,ox14-c000016 ox14-c000218 ox14-c000344 ox14-c000216 ox14-c000384,0.0000000000,false
local_qwen,ow14-s0213,positive,5,valid,ox14-c000384 ox14-c000016 ox14-c000218 ox14-c000344 ox14-c000216,ox14-c000016 ox14-c000218 ox14-c000344 ox14-c000216 ox14-c000384,0.0000000000,false
local_qwen,ow14-s0214,positive,1,valid,ox14-c000220 ox14-c000268 ox14-c000207 ox14-c000177 ox14-c000308,ox14-c000268 ox14-c000177 ox14-c000308 ox14-c000220 ox14-c000207,-0.1000000000,false
local_qwen,ow14-s0214,positive,2,valid,ox14-c000220 ox14-c000268 ox14-c000207 ox14-c000177 ox14-c000308,ox14-c000268 ox14-c000177 ox14-c000308 ox14-c000220 ox14-c000207,-0.1000000000,false
local_qwen,ow14-s0214,positive,3,valid,ox14-c000220 ox14-c000268 ox14-c000207 ox14-c000177 ox14-c000308,ox14-c000268 ox14-c000177 ox14-c000308 ox14-c000220 ox14-c000207,-0.1000000000,false
local_qwen,ow14-s0214,positive,4,valid,ox14-c000220 ox14-c000268 ox14-c000207 ox14-c000177 ox14-c000308,ox14-c000268 ox14-c000177 ox14-c000308 ox14-c000220 ox14-c000207,-0.1000000000,false
local_qwen,ow14-s0214,positive,5,valid,ox14-c000220 ox14-c000268 ox14-c000207 ox14-c000177 ox14-c000308,ox14-c000268 ox14-c000177 ox14-c000308 ox14-c000220 ox14-c000207,-0.1000000000,false
local_qwen,ow14-s0215,positive,1,valid,ox14-c000026 ox14-c000138 ox14-c000314 ox14-c000434 ox14-c000061,ox14-c000138 ox14-c000434 ox14-c000061 ox14-c000026 ox14-c000314,-0.1000000000,false
local_qwen,ow14-s0215,positive,2,valid,ox14-c000026 ox14-c000138 ox14-c000314 ox14-c000434 ox14-c000061,ox14-c000138 ox14-c000434 ox14-c000061 ox14-c000026 ox14-c000314,-0.1000000000,false
local_qwen,ow14-s0215,positive,3,valid,ox14-c000026 ox14-c000138 ox14-c000314 ox14-c000434 ox14-c000061,ox14-c000138 ox14-c000434 ox14-c000061 ox14-c000026 ox14-c000314,-0.1000000000,false
local_qwen,ow14-s0215,positive,4,valid,ox14-c000026 ox14-c000138 ox14-c000314 ox14-c000434 ox14-c000061,ox14-c000138 ox14-c000434 ox14-c000061 ox14-c000026 ox14-c000314,-0.1000000000,false
local_qwen,ow14-s0215,positive,5,valid,ox14-c000026 ox14-c000138 ox14-c000314 ox14-c000434 ox14-c000061,ox14-c000138 ox14-c000434 ox14-c000061 ox14-c000026 ox14-c000314,-0.1000000000,false
local_qwen,ow14-s0216,positive,1,valid,ox14-c000109 ox14-c000273 ox14-c000219 ox14-c000009 ox14-c000034,ox14-c000273 ox14-c000109 ox14-c000219 ox14-c000009 ox14-c000034,0.9000000000,false
local_qwen,ow14-s0216,positive,2,valid,ox14-c000109 ox14-c000273 ox14-c000219 ox14-c000009 ox14-c000034,ox14-c000273 ox14-c000109 ox14-c000219 ox14-c000009 ox14-c000034,0.9000000000,false
local_qwen,ow14-s0216,positive,3,valid,ox14-c000109 ox14-c000273 ox14-c000219 ox14-c000009 ox14-c000034,ox14-c000273 ox14-c000109 ox14-c000219 ox14-c000009 ox14-c000034,0.9000000000,false
local_qwen,ow14-s0216,positive,4,valid,ox14-c000109 ox14-c000273 ox14-c000219 ox14-c000009 ox14-c000034,ox14-c000273 ox14-c000109 ox14-c000219 ox14-c000009 ox14-c000034,0.9000000000,false
local_qwen,ow14-s0216,positive,5,valid,ox14-c000109 ox14-c000273 ox14-c000219 ox14-c000009 ox14-c000034,ox14-c000273 ox14-c000109 ox14-c000219 ox14-c000009 ox14-c000034,0.9000000000,false
local_qwen,ow14-s0217,positive,1,valid,ox14-c000303 ox14-c000101 ox14-c000051 ox14-c000363 ox14-c000405,ox14-c000303 ox14-c000363 ox14-c000101 ox14-c000051 ox14-c000405,0.7000000000,false
local_qwen,ow14-s0217,positive,2,valid,ox14-c000303 ox14-c000101 ox14-c000051 ox14-c000363 ox14-c000405,ox14-c000303 ox14-c000363 ox14-c000101 ox14-c000051 ox14-c000405,0.7000000000,false
local_qwen,ow14-s0217,positive,3,valid,ox14-c000303 ox14-c000101 ox14-c000051 ox14-c000363 ox14-c000405,ox14-c000303 ox14-c000363 ox14-c000101 ox14-c000051 ox14-c000405,0.7000000000,false
local_qwen,ow14-s0217,positive,4,valid,ox14-c000303 ox14-c000101 ox14-c000051 ox14-c000363 ox14-c000405,ox14-c000303 ox14-c000363 ox14-c000101 ox14-c000051 ox14-c000405,0.7000000000,false
local_qwen,ow14-s0217,positive,5,valid,ox14-c000303 ox14-c000101 ox14-c000051 ox14-c000363 ox14-c000405,ox14-c000303 ox14-c000363 ox14-c000101 ox14-c000051 ox14-c000405,0.7000000000,false
local_qwen,ow14-s0218,positive,1,valid,ox14-c000379 ox14-c000226 ox14-c000100 ox14-c000064 ox14-c000111,ox14-c000064 ox14-c000100 ox14-c000111 ox14-c000226 ox14-c000379,-0.7000000000,false
local_qwen,ow14-s0218,positive,2,valid,ox14-c000379 ox14-c000226 ox14-c000100 ox14-c000064 ox14-c000111,ox14-c000064 ox14-c000100 ox14-c000111 ox14-c000226 ox14-c000379,-0.7000000000,false
local_qwen,ow14-s0218,positive,3,valid,ox14-c000379 ox14-c000226 ox14-c000100 ox14-c000064 ox14-c000111,ox14-c000064 ox14-c000100 ox14-c000111 ox14-c000226 ox14-c000379,-0.7000000000,false
local_qwen,ow14-s0218,positive,4,valid,ox14-c000379 ox14-c000226 ox14-c000100 ox14-c000064 ox14-c000111,ox14-c000064 ox14-c000100 ox14-c000111 ox14-c000226 ox14-c000379,-0.7000000000,false
local_qwen,ow14-s0218,positive,5,valid,ox14-c000379 ox14-c000226 ox14-c000100 ox14-c000064 ox14-c000111,ox14-c000064 ox14-c000100 ox14-c000111 ox14-c000226 ox14-c000379,-0.7000000000,false
local_qwen,ow14-s0219,positive,1,valid,ox14-c000212 ox14-c000387 ox14-c000048 ox14-c000250 ox14-c000141,ox14-c000212 ox14-c000387 ox14-c000048 ox14-c000250 ox14-c000141,1.0000000000,true
local_qwen,ow14-s0219,positive,2,valid,ox14-c000212 ox14-c000387 ox14-c000048 ox14-c000250 ox14-c000141,ox14-c000212 ox14-c000387 ox14-c000048 ox14-c000250 ox14-c000141,1.0000000000,true
local_qwen,ow14-s0219,positive,3,valid,ox14-c000212 ox14-c000387 ox14-c000048 ox14-c000250 ox14-c000141,ox14-c000212 ox14-c000387 ox14-c000048 ox14-c000250 ox14-c000141,1.0000000000,true
local_qwen,ow14-s0219,positive,4,valid,ox14-c000212 ox14-c000387 ox14-c000048 ox14-c000250 ox14-c000141,ox14-c000212 ox14-c000387 ox14-c000048 ox14-c000250 ox14-c000141,1.0000000000,true
local_qwen,ow14-s0219,positive,5,valid,ox14-c000212 ox14-c000387 ox14-c000048 ox14-c000250 ox14-c000141,ox14-c000212 ox14-c000387 ox14-c000048 ox14-c000250 ox14-c000141,1.0000000000,true
local_qwen,ow14-s0220,positive,1,valid,ox14-c000251 ox14-c000431 ox14-c000399 ox14-c000423 ox14-c000082,ox14-c000251 ox14-c000399 ox14-c000431 ox14-c000423 ox14-c000082,0.9000000000,false
local_qwen,ow14-s0220,positive,2,valid,ox14-c000251 ox14-c000431 ox14-c000399 ox14-c000423 ox14-c000082,ox14-c000251 ox14-c000399 ox14-c000431 ox14-c000423 ox14-c000082,0.9000000000,false
local_qwen,ow14-s0220,positive,3,valid,ox14-c000251 ox14-c000431 ox14-c000399 ox14-c000423 ox14-c000082,ox14-c000251 ox14-c000399 ox14-c000431 ox14-c000423 ox14-c000082,0.9000000000,false
local_qwen,ow14-s0220,positive,4,valid,ox14-c000251 ox14-c000431 ox14-c000399 ox14-c000423 ox14-c000082,ox14-c000251 ox14-c000399 ox14-c000431 ox14-c000423 ox14-c000082,0.9000000000,false
local_qwen,ow14-s0220,positive,5,valid,ox14-c000251 ox14-c000431 ox14-c000399 ox14-c000423 ox14-c000082,ox14-c000251 ox14-c000399 ox14-c000431 ox14-c000423 ox14-c000082,0.9000000000,false
local_qwen,ow14-s0221,positive,1,valid,ox14-c000085 ox14-c000299 ox14-c000077 ox14-c000410 ox14-c000296,ox14-c000299 ox14-c000296 ox14-c000085 ox14-c000077 ox14-c000410,0.2000000000,false
local_qwen,ow14-s0221,positive,2,valid,ox14-c000085 ox14-c000299 ox14-c000077 ox14-c000410 ox14-c000296,ox14-c000299 ox14-c000296 ox14-c000085 ox14-c000077 ox14-c000410,0.2000000000,false
local_qwen,ow14-s0221,positive,3,valid,ox14-c000085 ox14-c000299 ox14-c000077 ox14-c000410 ox14-c000296,ox14-c000299 ox14-c000296 ox14-c000085 ox14-c000077 ox14-c000410,0.2000000000,false
local_qwen,ow14-s0221,positive,4,valid,ox14-c000085 ox14-c000299 ox14-c000077 ox14-c000410 ox14-c000296,ox14-c000299 ox14-c000296 ox14-c000085 ox14-c000077 ox14-c000410,0.2000000000,false
local_qwen,ow14-s0221,positive,5,valid,ox14-c000085 ox14-c000299 ox14-c000077 ox14-c000410 ox14-c000296,ox14-c000299 ox14-c000296 ox14-c000085 ox14-c000077 ox14-c000410,0.2000000000,false
local_qwen,ow14-s0222,positive,1,valid,ox14-c000223 ox14-c000424 ox14-c000395 ox14-c000118 ox14-c000353,ox14-c000223 ox14-c000424 ox14-c000395 ox14-c000118 ox14-c000353,1.0000000000,true
local_qwen,ow14-s0222,positive,2,valid,ox14-c000223 ox14-c000424 ox14-c000395 ox14-c000118 ox14-c000353,ox14-c000223 ox14-c000424 ox14-c000395 ox14-c000118 ox14-c000353,1.0000000000,true
local_qwen,ow14-s0222,positive,3,valid,ox14-c000223 ox14-c000424 ox14-c000395 ox14-c000118 ox14-c000353,ox14-c000223 ox14-c000424 ox14-c000395 ox14-c000118 ox14-c000353,1.0000000000,true
local_qwen,ow14-s0222,positive,4,valid,ox14-c000223 ox14-c000424 ox14-c000395 ox14-c000118 ox14-c000353,ox14-c000223 ox14-c000424 ox14-c000395 ox14-c000118 ox14-c000353,1.0000000000,true
local_qwen,ow14-s0222,positive,5,valid,ox14-c000223 ox14-c000424 ox14-c000395 ox14-c000118 ox14-c000353,ox14-c000223 ox14-c000424 ox14-c000395 ox14-c000118 ox14-c000353,1.0000000000,true
local_qwen,ow14-s0223,positive,1,valid,ox14-c000315 ox14-c000307 ox14-c000390 ox14-c000188 ox14-c000311,ox14-c000390 ox14-c000188 ox14-c000315 ox14-c000307 ox14-c000311,0.2000000000,false
local_qwen,ow14-s0223,positive,2,valid,ox14-c000315 ox14-c000307 ox14-c000390 ox14-c000188 ox14-c000311,ox14-c000390 ox14-c000188 ox14-c000315 ox14-c000307 ox14-c000311,0.2000000000,false
local_qwen,ow14-s0223,positive,3,valid,ox14-c000315 ox14-c000307 ox14-c000390 ox14-c000188 ox14-c000311,ox14-c000390 ox14-c000188 ox14-c000315 ox14-c000307 ox14-c000311,0.2000000000,false
local_qwen,ow14-s0223,positive,4,valid,ox14-c000315 ox14-c000307 ox14-c000390 ox14-c000188 ox14-c000311,ox14-c000390 ox14-c000188 ox14-c000315 ox14-c000307 ox14-c000311,0.2000000000,false
local_qwen,ow14-s0223,positive,5,valid,ox14-c000315 ox14-c000307 ox14-c000390 ox14-c000188 ox14-c000311,ox14-c000390 ox14-c000188 ox14-c000315 ox14-c000307 ox14-c000311,0.2000000000,false
local_qwen,ow14-s0224,positive,1,valid,ox14-c000161 ox14-c000351 ox14-c000167 ox14-c000295 ox14-c000404,ox14-c000351 ox14-c000404 ox14-c000161 ox14-c000167 ox14-c000295,0.2000000000,false
local_qwen,ow14-s0224,positive,2,valid,ox14-c000161 ox14-c000351 ox14-c000167 ox14-c000295 ox14-c000404,ox14-c000351 ox14-c000404 ox14-c000161 ox14-c000167 ox14-c000295,0.2000000000,false
local_qwen,ow14-s0224,positive,3,valid,ox14-c000161 ox14-c000351 ox14-c000167 ox14-c000295 ox14-c000404,ox14-c000351 ox14-c000404 ox14-c000161 ox14-c000167 ox14-c000295,0.2000000000,false
local_qwen,ow14-s0224,positive,4,valid,ox14-c000161 ox14-c000351 ox14-c000167 ox14-c000295 ox14-c000404,ox14-c000351 ox14-c000404 ox14-c000161 ox14-c000167 ox14-c000295,0.2000000000,false
local_qwen,ow14-s0224,positive,5,valid,ox14-c000161 ox14-c000351 ox14-c000167 ox14-c000295 ox14-c000404,ox14-c000351 ox14-c000404 ox14-c000161 ox14-c000167 ox14-c000295,0.2000000000,false
local_qwen,ow14-s0225,positive,1,valid,ox14-c000117 ox14-c000272 ox14-c000029 ox14-c000105 ox14-c000429,ox14-c000029 ox14-c000272 ox14-c000117 ox14-c000105 ox14-c000429,0.6000000000,false
local_qwen,ow14-s0225,positive,2,valid,ox14-c000117 ox14-c000272 ox14-c000029 ox14-c000105 ox14-c000429,ox14-c000029 ox14-c000272 ox14-c000117 ox14-c000105 ox14-c000429,0.6000000000,false
local_qwen,ow14-s0225,positive,3,valid,ox14-c000117 ox14-c000272 ox14-c000029 ox14-c000105 ox14-c000429,ox14-c000029 ox14-c000272 ox14-c000117 ox14-c000105 ox14-c000429,0.6000000000,false
local_qwen,ow14-s0225,positive,4,valid,ox14-c000117 ox14-c000272 ox14-c000029 ox14-c000105 ox14-c000429,ox14-c000029 ox14-c000272 ox14-c000117 ox14-c000105 ox14-c000429,0.6000000000,false
local_qwen,ow14-s0225,positive,5,valid,ox14-c000117 ox14-c000272 ox14-c000029 ox14-c000105 ox14-c000429,ox14-c000029 ox14-c000272 ox14-c000117 ox14-c000105 ox14-c000429,0.6000000000,false
local_qwen,ow14-s0226,positive,1,valid,ox14-c000136 ox14-c000377 ox14-c000185 ox14-c000203 ox14-c000346,ox14-c000136 ox14-c000377 ox14-c000185 ox14-c000203 ox14-c000346,1.0000000000,true
local_qwen,ow14-s0226,positive,2,valid,ox14-c000136 ox14-c000377 ox14-c000185 ox14-c000203 ox14-c000346,ox14-c000136 ox14-c000377 ox14-c000185 ox14-c000203 ox14-c000346,1.0000000000,true
local_qwen,ow14-s0226,positive,3,valid,ox14-c000136 ox14-c000377 ox14-c000185 ox14-c000203 ox14-c000346,ox14-c000136 ox14-c000377 ox14-c000185 ox14-c000203 ox14-c000346,1.0000000000,true
local_qwen,ow14-s0226,positive,4,valid,ox14-c000136 ox14-c000377 ox14-c000185 ox14-c000203 ox14-c000346,ox14-c000136 ox14-c000377 ox14-c000185 ox14-c000203 ox14-c000346,1.0000000000,true
local_qwen,ow14-s0226,positive,5,valid,ox14-c000136 ox14-c000377 ox14-c000185 ox14-c000203 ox14-c000346,ox14-c000136 ox14-c000377 ox14-c000185 ox14-c000203 ox14-c000346,1.0000000000,true
local_qwen,ow14-s0227,positive,1,valid,ox14-c000396 ox14-c000401 ox14-c000198 ox14-c000070 ox14-c000247,ox14-c000070 ox14-c000396 ox14-c000401 ox14-c000198 ox14-c000247,0.4000000000,false
local_qwen,ow14-s0227,positive,2,valid,ox14-c000396 ox14-c000401 ox14-c000198 ox14-c000070 ox14-c000247,ox14-c000070 ox14-c000396 ox14-c000401 ox14-c000198 ox14-c000247,0.4000000000,false
local_qwen,ow14-s0227,positive,3,valid,ox14-c000396 ox14-c000401 ox14-c000198 ox14-c000070 ox14-c000247,ox14-c000070 ox14-c000396 ox14-c000401 ox14-c000198 ox14-c000247,0.4000000000,false
local_qwen,ow14-s0227,positive,4,valid,ox14-c000396 ox14-c000401 ox14-c000198 ox14-c000070 ox14-c000247,ox14-c000070 ox14-c000396 ox14-c000401 ox14-c000198 ox14-c000247,0.4000000000,false
local_qwen,ow14-s0227,positive,5,valid,ox14-c000396 ox14-c000401 ox14-c000198 ox14-c000070 ox14-c000247,ox14-c000070 ox14-c000396 ox14-c000401 ox14-c000198 ox14-c000247,0.4000000000,false
local_qwen,ow14-s0228,positive,1,valid,ox14-c000099 ox14-c000392 ox14-c000102 ox14-c000056 ox14-c000023,ox14-c000023 ox14-c000056 ox14-c000102 ox14-c000392 ox14-c000099,-1.0000000000,false
local_qwen,ow14-s0228,positive,2,valid,ox14-c000099 ox14-c000392 ox14-c000102 ox14-c000056 ox14-c000023,ox14-c000023 ox14-c000056 ox14-c000102 ox14-c000392 ox14-c000099,-1.0000000000,false
local_qwen,ow14-s0228,positive,3,valid,ox14-c000099 ox14-c000392 ox14-c000102 ox14-c000056 ox14-c000023,ox14-c000023 ox14-c000056 ox14-c000102 ox14-c000392 ox14-c000099,-1.0000000000,false
local_qwen,ow14-s0228,positive,4,valid,ox14-c000099 ox14-c000392 ox14-c000102 ox14-c000056 ox14-c000023,ox14-c000023 ox14-c000056 ox14-c000102 ox14-c000392 ox14-c000099,-1.0000000000,false
local_qwen,ow14-s0228,positive,5,valid,ox14-c000099 ox14-c000392 ox14-c000102 ox14-c000056 ox14-c000023,ox14-c000023 ox14-c000056 ox14-c000102 ox14-c000392 ox14-c000099,-1.0000000000,false
local_qwen,ow14-s0229,positive,1,valid,ox14-c000030 ox14-c000348 ox14-c000123 ox14-c000189 ox14-c000236,ox14-c000348 ox14-c000123 ox14-c000189 ox14-c000236 ox14-c000030,0.0000000000,false
local_qwen,ow14-s0229,positive,2,valid,ox14-c000030 ox14-c000348 ox14-c000123 ox14-c000189 ox14-c000236,ox14-c000348 ox14-c000123 ox14-c000189 ox14-c000236 ox14-c000030,0.0000000000,false
local_qwen,ow14-s0229,positive,3,valid,ox14-c000030 ox14-c000348 ox14-c000123 ox14-c000189 ox14-c000236,ox14-c000348 ox14-c000123 ox14-c000189 ox14-c000236 ox14-c000030,0.0000000000,false
local_qwen,ow14-s0229,positive,4,valid,ox14-c000030 ox14-c000348 ox14-c000123 ox14-c000189 ox14-c000236,ox14-c000348 ox14-c000123 ox14-c000189 ox14-c000236 ox14-c000030,0.0000000000,false
local_qwen,ow14-s0229,positive,5,valid,ox14-c000030 ox14-c000348 ox14-c000123 ox14-c000189 ox14-c000236,ox14-c000348 ox14-c000123 ox14-c000189 ox14-c000236 ox14-c000030,0.0000000000,false
local_qwen,ow14-s0230,positive,1,valid,ox14-c000083 ox14-c000209 ox14-c000341 ox14-c000249 ox14-c000426,ox14-c000209 ox14-c000341 ox14-c000426 ox14-c000249 ox14-c000083,-0.1000000000,false
local_qwen,ow14-s0230,positive,2,valid,ox14-c000083 ox14-c000209 ox14-c000341 ox14-c000249 ox14-c000426,ox14-c000209 ox14-c000341 ox14-c000426 ox14-c000249 ox14-c000083,-0.1000000000,false
local_qwen,ow14-s0230,positive,3,valid,ox14-c000083 ox14-c000209 ox14-c000341 ox14-c000249 ox14-c000426,ox14-c000209 ox14-c000341 ox14-c000426 ox14-c000249 ox14-c000083,-0.1000000000,false
local_qwen,ow14-s0230,positive,4,valid,ox14-c000083 ox14-c000209 ox14-c000341 ox14-c000249 ox14-c000426,ox14-c000209 ox14-c000341 ox14-c000426 ox14-c000249 ox14-c000083,-0.1000000000,false
local_qwen,ow14-s0230,positive,5,valid,ox14-c000083 ox14-c000209 ox14-c000341 ox14-c000249 ox14-c000426,ox14-c000209 ox14-c000341 ox14-c000426 ox14-c000249 ox14-c000083,-0.1000000000,false
local_qwen,ow14-s0231,positive,1,valid,ox14-c000254 ox14-c000333 ox14-c000238 ox14-c000259 ox14-c000184,ox14-c000254 ox14-c000333 ox14-c000238 ox14-c000259 ox14-c000184,1.0000000000,true
local_qwen,ow14-s0231,positive,2,valid,ox14-c000254 ox14-c000333 ox14-c000238 ox14-c000259 ox14-c000184,ox14-c000254 ox14-c000333 ox14-c000238 ox14-c000259 ox14-c000184,1.0000000000,true
local_qwen,ow14-s0231,positive,3,valid,ox14-c000254 ox14-c000333 ox14-c000238 ox14-c000259 ox14-c000184,ox14-c000254 ox14-c000333 ox14-c000238 ox14-c000259 ox14-c000184,1.0000000000,true
local_qwen,ow14-s0231,positive,4,valid,ox14-c000254 ox14-c000333 ox14-c000238 ox14-c000259 ox14-c000184,ox14-c000254 ox14-c000333 ox14-c000238 ox14-c000259 ox14-c000184,1.0000000000,true
local_qwen,ow14-s0231,positive,5,valid,ox14-c000254 ox14-c000333 ox14-c000238 ox14-c000259 ox14-c000184,ox14-c000254 ox14-c000333 ox14-c000238 ox14-c000259 ox14-c000184,1.0000000000,true
local_qwen,ow14-s0233,positive,1,valid,ox14-c000204 ox14-c000125 ox14-c000078 ox14-c000294 ox14-c000065,ox14-c000294 ox14-c000125 ox14-c000204 ox14-c000078 ox14-c000065,0.3000000000,false
local_qwen,ow14-s0233,positive,2,valid,ox14-c000204 ox14-c000125 ox14-c000078 ox14-c000294 ox14-c000065,ox14-c000294 ox14-c000125 ox14-c000204 ox14-c000078 ox14-c000065,0.3000000000,false
local_qwen,ow14-s0233,positive,3,valid,ox14-c000204 ox14-c000125 ox14-c000078 ox14-c000294 ox14-c000065,ox14-c000294 ox14-c000125 ox14-c000204 ox14-c000078 ox14-c000065,0.3000000000,false
local_qwen,ow14-s0233,positive,4,valid,ox14-c000204 ox14-c000125 ox14-c000078 ox14-c000294 ox14-c000065,ox14-c000294 ox14-c000125 ox14-c000204 ox14-c000078 ox14-c000065,0.3000000000,false
local_qwen,ow14-s0233,positive,5,valid,ox14-c000204 ox14-c000125 ox14-c000078 ox14-c000294 ox14-c000065,ox14-c000294 ox14-c000125 ox14-c000204 ox14-c000078 ox14-c000065,0.3000000000,false
local_qwen,ow14-s0234,positive,1,valid,ox14-c000409 ox14-c000044 ox14-c000239 ox14-c000066 ox14-c000164,ox14-c000164 ox14-c000066 ox14-c000409 ox14-c000044 ox14-c000239,-0.6000000000,false
local_qwen,ow14-s0234,positive,2,valid,ox14-c000409 ox14-c000044 ox14-c000239 ox14-c000066 ox14-c000164,ox14-c000164 ox14-c000066 ox14-c000409 ox14-c000044 ox14-c000239,-0.6000000000,false
local_qwen,ow14-s0234,positive,3,valid,ox14-c000409 ox14-c000044 ox14-c000239 ox14-c000066 ox14-c000164,ox14-c000164 ox14-c000066 ox14-c000409 ox14-c000044 ox14-c000239,-0.6000000000,false
local_qwen,ow14-s0234,positive,4,valid,ox14-c000409 ox14-c000044 ox14-c000239 ox14-c000066 ox14-c000164,ox14-c000164 ox14-c000066 ox14-c000409 ox14-c000044 ox14-c000239,-0.6000000000,false
local_qwen,ow14-s0234,positive,5,valid,ox14-c000409 ox14-c000044 ox14-c000239 ox14-c000066 ox14-c000164,ox14-c000164 ox14-c000066 ox14-c000409 ox14-c000044 ox14-c000239,-0.6000000000,false
local_qwen,ow14-s0235,positive,1,valid,ox14-c000376 ox14-c000261 ox14-c000208 ox14-c000432 ox14-c000112,ox14-c000376 ox14-c000432 ox14-c000261 ox14-c000208 ox14-c000112,0.7000000000,false
local_qwen,ow14-s0235,positive,2,valid,ox14-c000376 ox14-c000261 ox14-c000208 ox14-c000432 ox14-c000112,ox14-c000376 ox14-c000432 ox14-c000261 ox14-c000208 ox14-c000112,0.7000000000,false
local_qwen,ow14-s0235,positive,3,valid,ox14-c000376 ox14-c000261 ox14-c000208 ox14-c000432 ox14-c000112,ox14-c000376 ox14-c000432 ox14-c000261 ox14-c000208 ox14-c000112,0.7000000000,false
local_qwen,ow14-s0235,positive,4,valid,ox14-c000376 ox14-c000261 ox14-c000208 ox14-c000432 ox14-c000112,ox14-c000376 ox14-c000432 ox14-c000261 ox14-c000208 ox14-c000112,0.7000000000,false
local_qwen,ow14-s0235,positive,5,valid,ox14-c000376 ox14-c000261 ox14-c000208 ox14-c000432 ox14-c000112,ox14-c000376 ox14-c000432 ox14-c000261 ox14-c000208 ox14-c000112,0.7000000000,false
local_qwen,ow14-s0236,positive,1,valid,ox14-c000330 ox14-c000310 ox14-c000414 ox14-c000224 ox14-c000362,ox14-c000310 ox14-c000414 ox14-c000362 ox14-c000224 ox14-c000330,-0.1000000000,false
local_qwen,ow14-s0236,positive,2,valid,ox14-c000330 ox14-c000310 ox14-c000414 ox14-c000224 ox14-c000362,ox14-c000310 ox14-c000414 ox14-c000362 ox14-c000224 ox14-c000330,-0.1000000000,false
local_qwen,ow14-s0236,positive,3,valid,ox14-c000330 ox14-c000310 ox14-c000414 ox14-c000224 ox14-c000362,ox14-c000310 ox14-c000414 ox14-c000362 ox14-c000224 ox14-c000330,-0.1000000000,false
local_qwen,ow14-s0236,positive,4,valid,ox14-c000330 ox14-c000310 ox14-c000414 ox14-c000224 ox14-c000362,ox14-c000310 ox14-c000414 ox14-c000362 ox14-c000224 ox14-c000330,-0.1000000000,false
local_qwen,ow14-s0236,positive,5,valid,ox14-c000330 ox14-c000310 ox14-c000414 ox14-c000224 ox14-c000362,ox14-c000310 ox14-c000414 ox14-c000362 ox14-c000224 ox14-c000330,-0.1000000000,false
local_qwen,ow14-s0237,negative_only,1,valid,ox14-c000189 ox14-c000209 ox14-c000236 ox14-c000030 ox14-c000348,ox14-c000236 ox14-c000030 ox14-c000189 ox14-c000209 ox14-c000348,0.2000000000,false
local_qwen,ow14-s0237,negative_only,2,valid,ox14-c000189 ox14-c000209 ox14-c000236 ox14-c000030 ox14-c000348,ox14-c000236 ox14-c000030 ox14-c000189 ox14-c000209 ox14-c000348,0.2000000000,false
local_qwen,ow14-s0237,negative_only,3,valid,ox14-c000189 ox14-c000209 ox14-c000236 ox14-c000030 ox14-c000348,ox14-c000236 ox14-c000030 ox14-c000189 ox14-c000209 ox14-c000348,0.2000000000,false
local_qwen,ow14-s0237,negative_only,4,valid,ox14-c000189 ox14-c000209 ox14-c000236 ox14-c000030 ox14-c000348,ox14-c000236 ox14-c000030 ox14-c000189 ox14-c000209 ox14-c000348,0.2000000000,false
local_qwen,ow14-s0237,negative_only,5,valid,ox14-c000189 ox14-c000209 ox14-c000236 ox14-c000030 ox14-c000348,ox14-c000236 ox14-c000030 ox14-c000189 ox14-c000209 ox14-c000348,0.2000000000,false
local_qwen,ow14-s0238,negative_only,1,valid,ox14-c000341 ox14-c000426 ox14-c000333 ox14-c000184 ox14-c000083,ox14-c000083 ox14-c000426 ox14-c000341 ox14-c000333 ox14-c000184,-0.1000000000,false
local_qwen,ow14-s0238,negative_only,2,valid,ox14-c000341 ox14-c000426 ox14-c000333 ox14-c000184 ox14-c000083,ox14-c000083 ox14-c000426 ox14-c000341 ox14-c000333 ox14-c000184,-0.1000000000,false
local_qwen,ow14-s0238,negative_only,3,valid,ox14-c000341 ox14-c000426 ox14-c000333 ox14-c000184 ox14-c000083,ox14-c000083 ox14-c000426 ox14-c000341 ox14-c000333 ox14-c000184,-0.1000000000,false
local_qwen,ow14-s0238,negative_only,4,valid,ox14-c000341 ox14-c000426 ox14-c000333 ox14-c000184 ox14-c000083,ox14-c000083 ox14-c000426 ox14-c000341 ox14-c000333 ox14-c000184,-0.1000000000,false
local_qwen,ow14-s0238,negative_only,5,valid,ox14-c000341 ox14-c000426 ox14-c000333 ox14-c000184 ox14-c000083,ox14-c000083 ox14-c000426 ox14-c000341 ox14-c000333 ox14-c000184,-0.1000000000,false
local_qwen,ow14-s0239,negative_only,1,valid,ox14-c000229 ox14-c000278 ox14-c000259 ox14-c000355 ox14-c000254,ox14-c000229 ox14-c000278 ox14-c000259 ox14-c000355 ox14-c000254,1.0000000000,true
local_qwen,ow14-s0239,negative_only,2,valid,ox14-c000229 ox14-c000278 ox14-c000259 ox14-c000355 ox14-c000254,ox14-c000229 ox14-c000278 ox14-c000259 ox14-c000355 ox14-c000254,1.0000000000,true
local_qwen,ow14-s0239,negative_only,3,valid,ox14-c000229 ox14-c000278 ox14-c000259 ox14-c000355 ox14-c000254,ox14-c000229 ox14-c000278 ox14-c000259 ox14-c000355 ox14-c000254,1.0000000000,true
local_qwen,ow14-s0239,negative_only,4,valid,ox14-c000229 ox14-c000278 ox14-c000259 ox14-c000355 ox14-c000254,ox14-c000229 ox14-c000278 ox14-c000259 ox14-c000355 ox14-c000254,1.0000000000,true
local_qwen,ow14-s0239,negative_only,5,valid,ox14-c000229 ox14-c000278 ox14-c000259 ox14-c000355 ox14-c000254,ox14-c000229 ox14-c000278 ox14-c000259 ox14-c000355 ox14-c000254,1.0000000000,true
local_qwen,ow14-s0240,negative_only,1,valid,ox14-c000031 ox14-c000065 ox14-c000125 ox14-c000294 ox14-c000204,ox14-c000031 ox14-c000065 ox14-c000125 ox14-c000294 ox14-c000204,1.0000000000,true
local_qwen,ow14-s0240,negative_only,2,valid,ox14-c000031 ox14-c000065 ox14-c000125 ox14-c000294 ox14-c000204,ox14-c000031 ox14-c000065 ox14-c000125 ox14-c000294 ox14-c000204,1.0000000000,true
local_qwen,ow14-s0240,negative_only,3,valid,ox14-c000031 ox14-c000065 ox14-c000125 ox14-c000294 ox14-c000204,ox14-c000031 ox14-c000065 ox14-c000125 ox14-c000294 ox14-c000204,1.0000000000,true
local_qwen,ow14-s0240,negative_only,4,valid,ox14-c000031 ox14-c000065 ox14-c000125 ox14-c000294 ox14-c000204,ox14-c000031 ox14-c000065 ox14-c000125 ox14-c000294 ox14-c000204,1.0000000000,true
local_qwen,ow14-s0240,negative_only,5,valid,ox14-c000031 ox14-c000065 ox14-c000125 ox14-c000294 ox14-c000204,ox14-c000031 ox14-c000065 ox14-c000125 ox14-c000294 ox14-c000204,1.0000000000,true
local_qwen,ow14-s0241,negative_only,1,valid,ox14-c000044 ox14-c000409 ox14-c000066 ox14-c000164 ox14-c000261,ox14-c000044 ox14-c000409 ox14-c000066 ox14-c000164 ox14-c000261,1.0000000000,true
local_qwen,ow14-s0241,negative_only,2,valid,ox14-c000044 ox14-c000409 ox14-c000066 ox14-c000164 ox14-c000261,ox14-c000044 ox14-c000409 ox14-c000066 ox14-c000164 ox14-c000261,1.0000000000,true
local_qwen,ow14-s0241,negative_only,3,valid,ox14-c000044 ox14-c000409 ox14-c000066 ox14-c000164 ox14-c000261,ox14-c000044 ox14-c000409 ox14-c000066 ox14-c000164 ox14-c000261,1.0000000000,true
local_qwen,ow14-s0241,negative_only,4,valid,ox14-c000044 ox14-c000409 ox14-c000066 ox14-c000164 ox14-c000261,ox14-c000044 ox14-c000409 ox14-c000066 ox14-c000164 ox14-c000261,1.0000000000,true
local_qwen,ow14-s0241,negative_only,5,valid,ox14-c000044 ox14-c000409 ox14-c000066 ox14-c000164 ox14-c000261,ox14-c000044 ox14-c000409 ox14-c000066 ox14-c000164 ox14-c000261,1.0000000000,true
local_qwen,ow14-s0242,negative_only,1,valid,ox14-c000414 ox14-c000208 ox14-c000112 ox14-c000224 ox14-c000432,ox14-c000224 ox14-c000112 ox14-c000414 ox14-c000208 ox14-c000432,0.1000000000,false
local_qwen,ow14-s0242,negative_only,2,valid,ox14-c000414 ox14-c000208 ox14-c000112 ox14-c000224 ox14-c000432,ox14-c000224 ox14-c000112 ox14-c000414 ox14-c000208 ox14-c000432,0.1000000000,false
local_qwen,ow14-s0242,negative_only,3,valid,ox14-c000414 ox14-c000208 ox14-c000112 ox14-c000224 ox14-c000432,ox14-c000224 ox14-c000112 ox14-c000414 ox14-c000208 ox14-c000432,0.1000000000,false
local_qwen,ow14-s0242,negative_only,4,valid,ox14-c000414 ox14-c000208 ox14-c000112 ox14-c000224 ox14-c000432,ox14-c000224 ox14-c000112 ox14-c000414 ox14-c000208 ox14-c000432,0.1000000000,false
local_qwen,ow14-s0242,negative_only,5,valid,ox14-c000414 ox14-c000208 ox14-c000112 ox14-c000224 ox14-c000432,ox14-c000224 ox14-c000112 ox14-c000414 ox14-c000208 ox14-c000432,0.1000000000,false
local_qwen,ow14-s0243,negative_only,1,valid,ox14-c000362 ox14-c000391 ox14-c000402 ox14-c000310 ox14-c000210,ox14-c000362 ox14-c000310 ox14-c000210 ox14-c000391 ox14-c000402,0.2000000000,false
local_qwen,ow14-s0243,negative_only,2,valid,ox14-c000362 ox14-c000391 ox14-c000402 ox14-c000310 ox14-c000210,ox14-c000362 ox14-c000310 ox14-c000210 ox14-c000391 ox14-c000402,0.2000000000,false
local_qwen,ow14-s0243,negative_only,3,valid,ox14-c000362 ox14-c000391 ox14-c000402 ox14-c000310 ox14-c000210,ox14-c000362 ox14-c000310 ox14-c000210 ox14-c000391 ox14-c000402,0.2000000000,false
local_qwen,ow14-s0243,negative_only,4,valid,ox14-c000362 ox14-c000391 ox14-c000402 ox14-c000310 ox14-c000210,ox14-c000362 ox14-c000310 ox14-c000210 ox14-c000391 ox14-c000402,0.2000000000,false
local_qwen,ow14-s0243,negative_only,5,valid,ox14-c000362 ox14-c000391 ox14-c000402 ox14-c000310 ox14-c000210,ox14-c000362 ox14-c000310 ox14-c000210 ox14-c000391 ox14-c000402,0.2000000000,false
local_qwen,ow14-s0244,negative_only,1,valid,ox14-c000036 ox14-c000225 ox14-c000067 ox14-c000320 ox14-c000252,ox14-c000067 ox14-c000320 ox14-c000252 ox14-c000225 ox14-c000036,-0.6000000000,false
local_qwen,ow14-s0244,negative_only,2,valid,ox14-c000036 ox14-c000225 ox14-c000067 ox14-c000320 ox14-c000252,ox14-c000067 ox14-c000320 ox14-c000252 ox14-c000225 ox14-c000036,-0.6000000000,false
local_qwen,ow14-s0244,negative_only,3,valid,ox14-c000036 ox14-c000225 ox14-c000067 ox14-c000320 ox14-c000252,ox14-c000067 ox14-c000320 ox14-c000252 ox14-c000225 ox14-c000036,-0.6000000000,false
local_qwen,ow14-s0244,negative_only,4,valid,ox14-c000036 ox14-c000225 ox14-c000067 ox14-c000320 ox14-c000252,ox14-c000067 ox14-c000320 ox14-c000252 ox14-c000225 ox14-c000036,-0.6000000000,false
local_qwen,ow14-s0244,negative_only,5,valid,ox14-c000036 ox14-c000225 ox14-c000067 ox14-c000320 ox14-c000252,ox14-c000067 ox14-c000320 ox14-c000252 ox14-c000225 ox14-c000036,-0.6000000000,false
local_qwen,ow14-s0245,negative_only,1,valid,ox14-c000072 ox14-c000090 ox14-c000165 ox14-c000140 ox14-c000369,ox14-c000165 ox14-c000072 ox14-c000140 ox14-c000090 ox14-c000369,0.5000000000,false
local_qwen,ow14-s0245,negative_only,2,valid,ox14-c000072 ox14-c000090 ox14-c000165 ox14-c000140 ox14-c000369,ox14-c000165 ox14-c000072 ox14-c000140 ox14-c000090 ox14-c000369,0.5000000000,false
local_qwen,ow14-s0245,negative_only,3,valid,ox14-c000072 ox14-c000090 ox14-c000165 ox14-c000140 ox14-c000369,ox14-c000165 ox14-c000072 ox14-c000140 ox14-c000090 ox14-c000369,0.5000000000,false
local_qwen,ow14-s0245,negative_only,4,valid,ox14-c000072 ox14-c000090 ox14-c000165 ox14-c000140 ox14-c000369,ox14-c000165 ox14-c000072 ox14-c000140 ox14-c000090 ox14-c000369,0.5000000000,false
local_qwen,ow14-s0245,negative_only,5,valid,ox14-c000072 ox14-c000090 ox14-c000165 ox14-c000140 ox14-c000369,ox14-c000165 ox14-c000072 ox14-c000140 ox14-c000090 ox14-c000369,0.5000000000,false
local_qwen,ow14-s0246,negative_only,1,valid,ox14-c000246 ox14-c000389 ox14-c000046 ox14-c000265 ox14-c000081,ox14-c000081 ox14-c000246 ox14-c000389 ox14-c000046 ox14-c000265,0.0000000000,false
local_qwen,ow14-s0246,negative_only,2,valid,ox14-c000246 ox14-c000389 ox14-c000046 ox14-c000265 ox14-c000081,ox14-c000081 ox14-c000246 ox14-c000389 ox14-c000046 ox14-c000265,0.0000000000,false
local_qwen,ow14-s0246,negative_only,3,valid,ox14-c000246 ox14-c000389 ox14-c000046 ox14-c000265 ox14-c000081,ox14-c000081 ox14-c000246 ox14-c000389 ox14-c000046 ox14-c000265,0.0000000000,false
local_qwen,ow14-s0246,negative_only,4,valid,ox14-c000246 ox14-c000389 ox14-c000046 ox14-c000265 ox14-c000081,ox14-c000081 ox14-c000246 ox14-c000389 ox14-c000046 ox14-c000265,0.0000000000,false
local_qwen,ow14-s0246,negative_only,5,valid,ox14-c000246 ox14-c000389 ox14-c000046 ox14-c000265 ox14-c000081,ox14-c000081 ox14-c000246 ox14-c000389 ox14-c000046 ox14-c000265,0.0000000000,false
local_qwen,ow14-s0247,negative_only,1,valid,ox14-c000108 ox14-c000025 ox14-c000323 ox14-c000121 ox14-c000211,ox14-c000211 ox14-c000108 ox14-c000025 ox14-c000323 ox14-c000121,0.0000000000,false
local_qwen,ow14-s0247,negative_only,2,valid,ox14-c000108 ox14-c000025 ox14-c000323 ox14-c000121 ox14-c000211,ox14-c000211 ox14-c000108 ox14-c000025 ox14-c000323 ox14-c000121,0.0000000000,false
local_qwen,ow14-s0247,negative_only,3,valid,ox14-c000108 ox14-c000025 ox14-c000323 ox14-c000121 ox14-c000211,ox14-c000211 ox14-c000108 ox14-c000025 ox14-c000323 ox14-c000121,0.0000000000,false
local_qwen,ow14-s0247,negative_only,4,valid,ox14-c000108 ox14-c000025 ox14-c000323 ox14-c000121 ox14-c000211,ox14-c000211 ox14-c000108 ox14-c000025 ox14-c000323 ox14-c000121,0.0000000000,false
local_qwen,ow14-s0247,negative_only,5,valid,ox14-c000108 ox14-c000025 ox14-c000323 ox14-c000121 ox14-c000211,ox14-c000211 ox14-c000108 ox14-c000025 ox14-c000323 ox14-c000121,0.0000000000,false
local_qwen,ow14-s0248,negative_only,1,valid,ox14-c000037 ox14-c000058 ox14-c000181 ox14-c000012 ox14-c000197,ox14-c000037 ox14-c000012 ox14-c000181 ox14-c000058 ox14-c000197,0.6000000000,false
local_qwen,ow14-s0248,negative_only,2,valid,ox14-c000037 ox14-c000058 ox14-c000181 ox14-c000012 ox14-c000197,ox14-c000037 ox14-c000012 ox14-c000181 ox14-c000058 ox14-c000197,0.6000000000,false
local_qwen,ow14-s0248,negative_only,3,valid,ox14-c000037 ox14-c000058 ox14-c000181 ox14-c000012 ox14-c000197,ox14-c000037 ox14-c000012 ox14-c000181 ox14-c000058 ox14-c000197,0.6000000000,false
local_qwen,ow14-s0248,negative_only,4,valid,ox14-c000037 ox14-c000058 ox14-c000181 ox14-c000012 ox14-c000197,ox14-c000037 ox14-c000012 ox14-c000181 ox14-c000058 ox14-c000197,0.6000000000,false
local_qwen,ow14-s0248,negative_only,5,valid,ox14-c000037 ox14-c000058 ox14-c000181 ox14-c000012 ox14-c000197,ox14-c000037 ox14-c000012 ox14-c000181 ox14-c000058 ox14-c000197,0.6000000000,false
local_qwen,ow14-s0249,negative_only,1,valid,ox14-c000270 ox14-c000354 ox14-c000245 ox14-c000374 ox14-c000087,ox14-c000270 ox14-c000354 ox14-c000245 ox14-c000374 ox14-c000087,1.0000000000,true
local_qwen,ow14-s0249,negative_only,2,valid,ox14-c000270 ox14-c000354 ox14-c000245 ox14-c000374 ox14-c000087,ox14-c000270 ox14-c000354 ox14-c000245 ox14-c000374 ox14-c000087,1.0000000000,true
local_qwen,ow14-s0249,negative_only,3,valid,ox14-c000270 ox14-c000354 ox14-c000245 ox14-c000374 ox14-c000087,ox14-c000270 ox14-c000354 ox14-c000245 ox14-c000374 ox14-c000087,1.0000000000,true
local_qwen,ow14-s0249,negative_only,4,valid,ox14-c000270 ox14-c000354 ox14-c000245 ox14-c000374 ox14-c000087,ox14-c000270 ox14-c000354 ox14-c000245 ox14-c000374 ox14-c000087,1.0000000000,true
local_qwen,ow14-s0249,negative_only,5,valid,ox14-c000270 ox14-c000354 ox14-c000245 ox14-c000374 ox14-c000087,ox14-c000270 ox14-c000354 ox14-c000245 ox14-c000374 ox14-c000087,1.0000000000,true
local_qwen,ow14-s0250,negative_only,1,valid,ox14-c000127 ox14-c000033 ox14-c000075 ox14-c000406 ox14-c000297,ox14-c000075 ox14-c000406 ox14-c000127 ox14-c000033 ox14-c000297,0.2000000000,false
local_qwen,ow14-s0250,negative_only,2,valid,ox14-c000127 ox14-c000033 ox14-c000075 ox14-c000406 ox14-c000297,ox14-c000075 ox14-c000406 ox14-c000127 ox14-c000033 ox14-c000297,0.2000000000,false
local_qwen,ow14-s0250,negative_only,3,valid,ox14-c000127 ox14-c000033 ox14-c000075 ox14-c000406 ox14-c000297,ox14-c000075 ox14-c000406 ox14-c000127 ox14-c000033 ox14-c000297,0.2000000000,false
local_qwen,ow14-s0250,negative_only,4,valid,ox14-c000127 ox14-c000033 ox14-c000075 ox14-c000406 ox14-c000297,ox14-c000075 ox14-c000406 ox14-c000127 ox14-c000033 ox14-c000297,0.2000000000,false
local_qwen,ow14-s0250,negative_only,5,valid,ox14-c000127 ox14-c000033 ox14-c000075 ox14-c000406 ox14-c000297,ox14-c000075 ox14-c000406 ox14-c000127 ox14-c000033 ox14-c000297,0.2000000000,false
local_qwen,ow14-s0251,negative_only,1,valid,ox14-c000357 ox14-c000060 ox14-c000183 ox14-c000277 ox14-c000352,ox14-c000357 ox14-c000060 ox14-c000183 ox14-c000277 ox14-c000352,1.0000000000,true
local_qwen,ow14-s0251,negative_only,2,valid,ox14-c000357 ox14-c000060 ox14-c000183 ox14-c000277 ox14-c000352,ox14-c000357 ox14-c000060 ox14-c000183 ox14-c000277 ox14-c000352,1.0000000000,true
local_qwen,ow14-s0251,negative_only,3,valid,ox14-c000357 ox14-c000060 ox14-c000183 ox14-c000277 ox14-c000352,ox14-c000357 ox14-c000060 ox14-c000183 ox14-c000277 ox14-c000352,1.0000000000,true
local_qwen,ow14-s0251,negative_only,4,valid,ox14-c000357 ox14-c000060 ox14-c000183 ox14-c000277 ox14-c000352,ox14-c000357 ox14-c000060 ox14-c000183 ox14-c000277 ox14-c000352,1.0000000000,true
local_qwen,ow14-s0251,negative_only,5,valid,ox14-c000357 ox14-c000060 ox14-c000183 ox14-c000277 ox14-c000352,ox14-c000357 ox14-c000060 ox14-c000183 ox14-c000277 ox14-c000352,1.0000000000,true
local_qwen,ow14-s0252,negative_only,1,valid,ox14-c000381 ox14-c000293 ox14-c000103 ox14-c000113 ox14-c000398,ox14-c000293 ox14-c000398 ox14-c000103 ox14-c000113 ox14-c000381,-0.3000000000,false
local_qwen,ow14-s0252,negative_only,2,valid,ox14-c000381 ox14-c000293 ox14-c000103 ox14-c000113 ox14-c000398,ox14-c000293 ox14-c000398 ox14-c000103 ox14-c000113 ox14-c000381,-0.3000000000,false
local_qwen,ow14-s0252,negative_only,3,valid,ox14-c000381 ox14-c000293 ox14-c000103 ox14-c000113 ox14-c000398,ox14-c000293 ox14-c000398 ox14-c000103 ox14-c000113 ox14-c000381,-0.3000000000,false
local_qwen,ow14-s0252,negative_only,4,valid,ox14-c000381 ox14-c000293 ox14-c000103 ox14-c000113 ox14-c000398,ox14-c000293 ox14-c000398 ox14-c000103 ox14-c000113 ox14-c000381,-0.3000000000,false
local_qwen,ow14-s0252,negative_only,5,valid,ox14-c000381 ox14-c000293 ox14-c000103 ox14-c000113 ox14-c000398,ox14-c000293 ox14-c000398 ox14-c000103 ox14-c000113 ox14-c000381,-0.3000000000,false
local_qwen,ow14-s0253,negative_only,1,valid,ox14-c000427 ox14-c000093 ox14-c000422 ox14-c000373 ox14-c000107,ox14-c000427 ox14-c000422 ox14-c000107 ox14-c000093 ox14-c000373,0.5000000000,false
local_qwen,ow14-s0253,negative_only,2,valid,ox14-c000427 ox14-c000093 ox14-c000422 ox14-c000373 ox14-c000107,ox14-c000427 ox14-c000422 ox14-c000107 ox14-c000093 ox14-c000373,0.5000000000,false
local_qwen,ow14-s0253,negative_only,3,valid,ox14-c000427 ox14-c000093 ox14-c000422 ox14-c000373 ox14-c000107,ox14-c000427 ox14-c000422 ox14-c000107 ox14-c000093 ox14-c000373,0.5000000000,false
local_qwen,ow14-s0253,negative_only,4,valid,ox14-c000427 ox14-c000093 ox14-c000422 ox14-c000373 ox14-c000107,ox14-c000427 ox14-c000422 ox14-c000107 ox14-c000093 ox14-c000373,0.5000000000,false
local_qwen,ow14-s0253,negative_only,5,valid,ox14-c000427 ox14-c000093 ox14-c000422 ox14-c000373 ox14-c000107,ox14-c000427 ox14-c000422 ox14-c000107 ox14-c000093 ox14-c000373,0.5000000000,false
local_qwen,ow14-s0254,negative_only,1,valid,ox14-c000053 ox14-c000337 ox14-c000384 ox14-c000350 ox14-c000216,ox14-c000337 ox14-c000350 ox14-c000216 ox14-c000053 ox14-c000384,-0.1000000000,false
local_qwen,ow14-s0254,negative_only,2,valid,ox14-c000053 ox14-c000337 ox14-c000384 ox14-c000350 ox14-c000216,ox14-c000337 ox14-c000350 ox14-c000216 ox14-c000053 ox14-c000384,-0.1000000000,false
local_qwen,ow14-s0254,negative_only,3,valid,ox14-c000053 ox14-c000337 ox14-c000384 ox14-c000350 ox14-c000216,ox14-c000337 ox14-c000350 ox14-c000216 ox14-c000053 ox14-c000384,-0.1000000000,false
local_qwen,ow14-s0254,negative_only,4,valid,ox14-c000053 ox14-c000337 ox14-c000384 ox14-c000350 ox14-c000216,ox14-c000337 ox14-c000350 ox14-c000216 ox14-c000053 ox14-c000384,-0.1000000000,false
local_qwen,ow14-s0254,negative_only,5,valid,ox14-c000053 ox14-c000337 ox14-c000384 ox14-c000350 ox14-c000216,ox14-c000337 ox14-c000350 ox14-c000216 ox14-c000053 ox14-c000384,-0.1000000000,false
local_qwen,ow14-s0255,negative_only,1,valid,ox14-c000207 ox14-c000177 ox14-c000016 ox14-c000220 ox14-c000344,ox14-c000207 ox14-c000220 ox14-c000344 ox14-c000177 ox14-c000016,0.2000000000,false
local_qwen,ow14-s0255,negative_only,2,valid,ox14-c000207 ox14-c000177 ox14-c000016 ox14-c000220 ox14-c000344,ox14-c000207 ox14-c000220 ox14-c000344 ox14-c000177 ox14-c000016,0.2000000000,false
local_qwen,ow14-s0255,negative_only,3,valid,ox14-c000207 ox14-c000177 ox14-c000016 ox14-c000220 ox14-c000344,ox14-c000207 ox14-c000220 ox14-c000344 ox14-c000177 ox14-c000016,0.2000000000,false
local_qwen,ow14-s0255,negative_only,4,valid,ox14-c000207 ox14-c000177 ox14-c000016 ox14-c000220 ox14-c000344,ox14-c000207 ox14-c000220 ox14-c000344 ox14-c000177 ox14-c000016,0.2000000000,false
local_qwen,ow14-s0255,negative_only,5,valid,ox14-c000207 ox14-c000177 ox14-c000016 ox14-c000220 ox14-c000344,ox14-c000207 ox14-c000220 ox14-c000344 ox14-c000177 ox14-c000016,0.2000000000,false
local_qwen,ow14-s0256,negative_only,1,valid,ox14-c000434 ox14-c000268 ox14-c000061 ox14-c000026 ox14-c000314,ox14-c000061 ox14-c000268 ox14-c000026 ox14-c000314 ox14-c000434,-0.1000000000,false
local_qwen,ow14-s0256,negative_only,2,valid,ox14-c000434 ox14-c000268 ox14-c000061 ox14-c000026 ox14-c000314,ox14-c000061 ox14-c000268 ox14-c000026 ox14-c000314 ox14-c000434,-0.1000000000,false
local_qwen,ow14-s0256,negative_only,3,valid,ox14-c000434 ox14-c000268 ox14-c000061 ox14-c000026 ox14-c000314,ox14-c000061 ox14-c000268 ox14-c000026 ox14-c000314 ox14-c000434,-0.1000000000,false
local_qwen,ow14-s0256,negative_only,4,valid,ox14-c000434 ox14-c000268 ox14-c000061 ox14-c000026 ox14-c000314,ox14-c000061 ox14-c000268 ox14-c000026 ox14-c000314 ox14-c000434,-0.1000000000,false
local_qwen,ow14-s0256,negative_only,5,valid,ox14-c000434 ox14-c000268 ox14-c000061 ox14-c000026 ox14-c000314,ox14-c000061 ox14-c000268 ox14-c000026 ox14-c000314 ox14-c000434,-0.1000000000,false
local_qwen,ow14-s0257,negative_only,1,valid,ox14-c000273 ox14-c000219 ox14-c000363 ox14-c000034 ox14-c000109,ox14-c000273 ox14-c000219 ox14-c000109 ox14-c000363 ox14-c000034,0.7000000000,false
local_qwen,ow14-s0257,negative_only,2,valid,ox14-c000273 ox14-c000219 ox14-c000363 ox14-c000034 ox14-c000109,ox14-c000273 ox14-c000219 ox14-c000109 ox14-c000363 ox14-c000034,0.7000000000,false
local_qwen,ow14-s0257,negative_only,3,valid,ox14-c000273 ox14-c000219 ox14-c000363 ox14-c000034 ox14-c000109,ox14-c000273 ox14-c000219 ox14-c000109 ox14-c000363 ox14-c000034,0.7000000000,false
local_qwen,ow14-s0257,negative_only,4,valid,ox14-c000273 ox14-c000219 ox14-c000363 ox14-c000034 ox14-c000109,ox14-c000273 ox14-c000219 ox14-c000109 ox14-c000363 ox14-c000034,0.7000000000,false
local_qwen,ow14-s0257,negative_only,5,valid,ox14-c000273 ox14-c000219 ox14-c000363 ox14-c000034 ox14-c000109,ox14-c000273 ox14-c000219 ox14-c000109 ox14-c000363 ox14-c000034,0.7000000000,false
local_qwen,ow14-s0258,negative_only,1,valid,ox14-c000405 ox14-c000303 ox14-c000100 ox14-c000101 ox14-c000226,ox14-c000303 ox14-c000226 ox14-c000405 ox14-c000100 ox14-c000101,0.2000000000,false
local_qwen,ow14-s0258,negative_only,2,valid,ox14-c000405 ox14-c000303 ox14-c000100 ox14-c000101 ox14-c000226,ox14-c000303 ox14-c000226 ox14-c000405 ox14-c000100 ox14-c000101,0.2000000000,false
local_qwen,ow14-s0258,negative_only,3,valid,ox14-c000405 ox14-c000303 ox14-c000100 ox14-c000101 ox14-c000226,ox14-c000303 ox14-c000226 ox14-c000405 ox14-c000100 ox14-c000101,0.2000000000,false
local_qwen,ow14-s0258,negative_only,4,valid,ox14-c000405 ox14-c000303 ox14-c000100 ox14-c000101 ox14-c000226,ox14-c000303 ox14-c000226 ox14-c000405 ox14-c000100 ox14-c000101,0.2000000000,false
local_qwen,ow14-s0258,negative_only,5,valid,ox14-c000405 ox14-c000303 ox14-c000100 ox14-c000101 ox14-c000226,ox14-c000303 ox14-c000226 ox14-c000405 ox14-c000100 ox14-c000101,0.2000000000,false
local_qwen,ow14-s0259,negative_only,1,valid,ox14-c000048 ox14-c000111 ox14-c000387 ox14-c000064 ox14-c000212,ox14-c000048 ox14-c000111 ox14-c000387 ox14-c000064 ox14-c000212,1.0000000000,true
local_qwen,ow14-s0259,negative_only,2,valid,ox14-c000048 ox14-c000111 ox14-c000387 ox14-c000064 ox14-c000212,ox14-c000048 ox14-c000111 ox14-c000387 ox14-c000064 ox14-c000212,1.0000000000,true
local_qwen,ow14-s0259,negative_only,3,valid,ox14-c000048 ox14-c000111 ox14-c000387 ox14-c000064 ox14-c000212,ox14-c000048 ox14-c000111 ox14-c000387 ox14-c000064 ox14-c000212,1.0000000000,true
local_qwen,ow14-s0259,negative_only,4,valid,ox14-c000048 ox14-c000111 ox14-c000387 ox14-c000064 ox14-c000212,ox14-c000048 ox14-c000111 ox14-c000387 ox14-c000064 ox14-c000212,1.0000000000,true
local_qwen,ow14-s0259,negative_only,5,valid,ox14-c000048 ox14-c000111 ox14-c000387 ox14-c000064 ox14-c000212,ox14-c000048 ox14-c000111 ox14-c000387 ox14-c000064 ox14-c000212,1.0000000000,true
local_qwen,ow14-s0260,negative_only,1,valid,ox14-c000423 ox14-c000399 ox14-c000251 ox14-c000141 ox14-c000082,ox14-c000423 ox14-c000399 ox14-c000251 ox14-c000141 ox14-c000082,1.0000000000,true
local_qwen,ow14-s0260,negative_only,2,valid,ox14-c000423 ox14-c000399 ox14-c000251 ox14-c000141 ox14-c000082,ox14-c000423 ox14-c000399 ox14-c000251 ox14-c000141 ox14-c000082,1.0000000000,true
local_qwen,ow14-s0260,negative_only,3,valid,ox14-c000423 ox14-c000399 ox14-c000251 ox14-c000141 ox14-c000082,ox14-c000423 ox14-c000399 ox14-c000251 ox14-c000141 ox14-c000082,1.0000000000,true
local_qwen,ow14-s0260,negative_only,4,valid,ox14-c000423 ox14-c000399 ox14-c000251 ox14-c000141 ox14-c000082,ox14-c000423 ox14-c000399 ox14-c000251 ox14-c000141 ox14-c000082,1.0000000000,true
local_qwen,ow14-s0260,negative_only,5,valid,ox14-c000423 ox14-c000399 ox14-c000251 ox14-c000141 ox14-c000082,ox14-c000423 ox14-c000399 ox14-c000251 ox14-c000141 ox14-c000082,1.0000000000,true
local_qwen,ow14-s0261,negative_only,1,valid,ox14-c000296 ox14-c000395 ox14-c000077 ox14-c000085 ox14-c000410,ox14-c000077 ox14-c000085 ox14-c000296 ox14-c000395 ox14-c000410,0.2000000000,false
local_qwen,ow14-s0261,negative_only,2,valid,ox14-c000296 ox14-c000395 ox14-c000077 ox14-c000085 ox14-c000410,ox14-c000077 ox14-c000085 ox14-c000296 ox14-c000395 ox14-c000410,0.2000000000,false
local_qwen,ow14-s0261,negative_only,3,valid,ox14-c000296 ox14-c000395 ox14-c000077 ox14-c000085 ox14-c000410,ox14-c000077 ox14-c000085 ox14-c000296 ox14-c000395 ox14-c000410,0.2000000000,false
local_qwen,ow14-s0261,negative_only,4,valid,ox14-c000296 ox14-c000395 ox14-c000077 ox14-c000085 ox14-c000410,ox14-c000077 ox14-c000085 ox14-c000296 ox14-c000395 ox14-c000410,0.2000000000,false
local_qwen,ow14-s0261,negative_only,5,valid,ox14-c000296 ox14-c000395 ox14-c000077 ox14-c000085 ox14-c000410,ox14-c000077 ox14-c000085 ox14-c000296 ox14-c000395 ox14-c000410,0.2000000000,false
local_qwen,ow14-s0262,negative_only,1,valid,ox14-c000118 ox14-c000223 ox14-c000353 ox14-c000307 ox14-c000188,ox14-c000307 ox14-c000223 ox14-c000118 ox14-c000188 ox14-c000353,0.1000000000,false
local_qwen,ow14-s0262,negative_only,2,valid,ox14-c000118 ox14-c000223 ox14-c000353 ox14-c000307 ox14-c000188,ox14-c000307 ox14-c000223 ox14-c000118 ox14-c000188 ox14-c000353,0.1000000000,false
local_qwen,ow14-s0262,negative_only,3,valid,ox14-c000118 ox14-c000223 ox14-c000353 ox14-c000307 ox14-c000188,ox14-c000307 ox14-c000223 ox14-c000118 ox14-c000188 ox14-c000353,0.1000000000,false
local_qwen,ow14-s0262,negative_only,4,valid,ox14-c000118 ox14-c000223 ox14-c000353 ox14-c000307 ox14-c000188,ox14-c000307 ox14-c000223 ox14-c000118 ox14-c000188 ox14-c000353,0.1000000000,false
local_qwen,ow14-s0262,negative_only,5,valid,ox14-c000118 ox14-c000223 ox14-c000353 ox14-c000307 ox14-c000188,ox14-c000307 ox14-c000223 ox14-c000118 ox14-c000188 ox14-c000353,0.1000000000,false
local_qwen,ow14-s0263,negative_only,1,valid,ox14-c000404 ox14-c000351 ox14-c000167 ox14-c000311 ox14-c000315,ox14-c000404 ox14-c000351 ox14-c000167 ox14-c000311 ox14-c000315,1.0000000000,true
local_qwen,ow14-s0263,negative_only,2,valid,ox14-c000404 ox14-c000351 ox14-c000167 ox14-c000311 ox14-c000315,ox14-c000404 ox14-c000351 ox14-c000167 ox14-c000311 ox14-c000315,1.0000000000,true
local_qwen,ow14-s0263,negative_only,3,valid,ox14-c000404 ox14-c000351 ox14-c000167 ox14-c000311 ox14-c000315,ox14-c000404 ox14-c000351 ox14-c000167 ox14-c000311 ox14-c000315,1.0000000000,true
local_qwen,ow14-s0263,negative_only,4,valid,ox14-c000404 ox14-c000351 ox14-c000167 ox14-c000311 ox14-c000315,ox14-c000404 ox14-c000351 ox14-c000167 ox14-c000311 ox14-c000315,1.0000000000,true
local_qwen,ow14-s0263,negative_only,5,valid,ox14-c000404 ox14-c000351 ox14-c000167 ox14-c000311 ox14-c000315,ox14-c000404 ox14-c000351 ox14-c000167 ox14-c000311 ox14-c000315,1.0000000000,true
local_qwen,ow14-s0264,negative_only,1,valid,ox14-c000272 ox14-c000117 ox14-c000161 ox14-c000029 ox14-c000429,ox14-c000117 ox14-c000272 ox14-c000429 ox14-c000161 ox14-c000029,0.6000000000,false
local_qwen,ow14-s0264,negative_only,2,valid,ox14-c000272 ox14-c000117 ox14-c000161 ox14-c000029 ox14-c000429,ox14-c000117 ox14-c000272 ox14-c000429 ox14-c000161 ox14-c000029,0.6000000000,false
local_qwen,ow14-s0264,negative_only,3,valid,ox14-c000272 ox14-c000117 ox14-c000161 ox14-c000029 ox14-c000429,ox14-c000117 ox14-c000272 ox14-c000429 ox14-c000161 ox14-c000029,0.6000000000,false
local_qwen,ow14-s0264,negative_only,4,valid,ox14-c000272 ox14-c000117 ox14-c000161 ox14-c000029 ox14-c000429,ox14-c000117 ox14-c000272 ox14-c000429 ox14-c000161 ox14-c000029,0.6000000000,false
local_qwen,ow14-s0264,negative_only,5,valid,ox14-c000272 ox14-c000117 ox14-c000161 ox14-c000029 ox14-c000429,ox14-c000117 ox14-c000272 ox14-c000429 ox14-c000161 ox14-c000029,0.6000000000,false
local_qwen,ow14-s0265,negative_only,1,valid,ox14-c000377 ox14-c000396 ox14-c000136 ox14-c000185 ox14-c000346,ox14-c000136 ox14-c000377 ox14-c000396 ox14-c000185 ox14-c000346,0.7000000000,false
local_qwen,ow14-s0265,negative_only,2,valid,ox14-c000377 ox14-c000396 ox14-c000136 ox14-c000185 ox14-c000346,ox14-c000136 ox14-c000377 ox14-c000396 ox14-c000185 ox14-c000346,0.7000000000,false
local_qwen,ow14-s0265,negative_only,3,valid,ox14-c000377 ox14-c000396 ox14-c000136 ox14-c000185 ox14-c000346,ox14-c000136 ox14-c000377 ox14-c000396 ox14-c000185 ox14-c000346,0.7000000000,false
local_qwen,ow14-s0265,negative_only,4,valid,ox14-c000377 ox14-c000396 ox14-c000136 ox14-c000185 ox14-c000346,ox14-c000136 ox14-c000377 ox14-c000396 ox14-c000185 ox14-c000346,0.7000000000,false
local_qwen,ow14-s0265,negative_only,5,valid,ox14-c000377 ox14-c000396 ox14-c000136 ox14-c000185 ox14-c000346,ox14-c000136 ox14-c000377 ox14-c000396 ox14-c000185 ox14-c000346,0.7000000000,false
local_qwen,ow14-s0266,negative_only,1,valid,ox14-c000023 ox14-c000247 ox14-c000099 ox14-c000070 ox14-c000198,ox14-c000023 ox14-c000070 ox14-c000247 ox14-c000099 ox14-c000198,0.7000000000,false
local_qwen,ow14-s0266,negative_only,2,valid,ox14-c000023 ox14-c000247 ox14-c000099 ox14-c000070 ox14-c000198,ox14-c000023 ox14-c000070 ox14-c000247 ox14-c000099 ox14-c000198,0.7000000000,false
local_qwen,ow14-s0266,negative_only,3,valid,ox14-c000023 ox14-c000247 ox14-c000099 ox14-c000070 ox14-c000198,ox14-c000023 ox14-c000070 ox14-c000247 ox14-c000099 ox14-c000198,0.7000000000,false
local_qwen,ow14-s0266,negative_only,4,valid,ox14-c000023 ox14-c000247 ox14-c000099 ox14-c000070 ox14-c000198,ox14-c000023 ox14-c000070 ox14-c000247 ox14-c000099 ox14-c000198,0.7000000000,false
local_qwen,ow14-s0266,negative_only,5,valid,ox14-c000023 ox14-c000247 ox14-c000099 ox14-c000070 ox14-c000198,ox14-c000023 ox14-c000070 ox14-c000247 ox14-c000099 ox14-c000198,0.7000000000,false
