benchmark_case_id,benchmark_name,benchmark_version,benchmark_revision,source_file,label_source,vulnerability_label,expected_result,cwe,ground_truth_granularity,endpoint,crawler_url,request_shape,source_request_method,input_carrier_shape,primary_input_carrier,controllable_input_count,controllable_input_names,content_type,sql_operation_category,sql_operation_markers,read_write_category,execution_api,response_observability,boolean_verifier_applicability,transport_compatibility,sql_verifier_compatibility,compatibility_class,eligible_original_external_evaluation,eligible_candidate_ranking,required_adapter,adapter_requirements,incompatibility_reason,classification_reason,candidate_representation_support,candidate_representation_gap,sanitization_required,sanitized_candidate_id,sanitized_action_path,retained_model_facing_fields,excluded_from_model_input_fields,model_facing_preview,audit_status,auditor_notes
BenchmarkTest00008,OWASP Benchmark Java,1.2,ba2e3f9a29fa3bde6a5c073d679393c9b94f025f,src\main\java\org\owasp\benchmark\testcode\BenchmarkTest00008.java,expectedresults-1.2.csv,sqli,vulnerable,89,case_level,/sqli-00/BenchmarkTest00008,https://localhost:8443/benchmark/sqli-00/BenchmarkTest00008,header,GET_delegates_to_POST,header,header,1,BenchmarkTest00008,text/html;charset=UTF-8,stored_procedure,stored_procedure;execute_query,stored_procedure_ambiguous,executeQuery;prepareCall,result_rows_written,not_applicable_stored_procedure_ambiguous,adapter_feasible,not_applicable_stored_procedure_ambiguous,EXCLUDED,false,false,header_adapter,set deterministic request headers without exposing original BenchmarkTest names to the ranker,stored procedure behavior cannot be assumed read-only by static audit,stored procedure behavior cannot be assumed read-only by static audit,not_applicable,no_ranker_candidate_for_incompatible_case,not_applicable,,,,benchmark_case_id;expected_result;ground_truth;label;query_text;source_file;sql_operation_category;sql_statement;vulnerability_label,,audited,stored procedure call statically detected
BenchmarkTest00018,OWASP Benchmark Java,1.2,ba2e3f9a29fa3bde6a5c073d679393c9b94f025f,src\main\java\org\owasp\benchmark\testcode\BenchmarkTest00018.java,expectedresults-1.2.csv,sqli,vulnerable,89,case_level,/sqli-00/BenchmarkTest00018,https://localhost:8443/benchmark/sqli-00/BenchmarkTest00018,header,GET_delegates_to_POST,header,header,1,BenchmarkTest00018,text/html;charset=UTF-8,insert,insert;execute_update,write_or_state_changing,executeUpdate,writer_output_detected,not_applicable_non_destructive_conflict,adapter_feasible,not_applicable_non_destructive_conflict,EXCLUDED,false,false,header_adapter,set deterministic request headers without exposing original BenchmarkTest names to the ranker,write/state-changing SQL conflicts with non-destructive verifier philosophy,write/state-changing SQL conflicts with non-destructive verifier philosophy,not_applicable,no_ranker_candidate_for_incompatible_case,not_applicable,,,,benchmark_case_id;expected_result;ground_truth;label;query_text;source_file;sql_operation_category;sql_statement;vulnerability_label,,audited,executeUpdate call statically detected
BenchmarkTest00024,OWASP Benchmark Java,1.2,ba2e3f9a29fa3bde6a5c073d679393c9b94f025f,src\main\java\org\owasp\benchmark\testcode\BenchmarkTest00024.java,expectedresults-1.2.csv,sqli,vulnerable,89,case_level,/sqli-00/BenchmarkTest00024,https://localhost:8443/benchmark/sqli-00/BenchmarkTest00024,POST_form,GET_delegates_to_POST,formparam,formparam,1,BenchmarkTest00024,text/html;charset=UTF-8,select_like,select;prepared_statement,read_like,execute;prepareStatement,result_rows_written,plausible_runtime_validation_required,adapter_feasible,plausible_runtime_validation_required,ADAPTER_SUPPORTED,true,true,form_parameter_adapter,submit original form parameters with deterministic values,,original case may be preserved with deterministic transport adapter; runtime boolean validation still required,proposed_schema,,true,os15-c000003,/external-v15/case-000003,candidate_id;sanitized_action_path;http_method;input_carrier;input_count_category;editable_input_count;multiple_parameters;transport_adapter_category;request_shape,benchmark_case_id;expected_result;ground_truth;label;query_text;source_file;sql_operation_category;sql_statement;vulnerability_label,"{""candidate_id"": ""os15-c000003"", ""editable_input_count"": 1, ""http_method"": ""POST_or_request_metadata"", ""input_carrier"": ""form_parameter"", ""input_count_category"": ""single"", ""multiple_parameters"": false, ""request_shape"": ""form"", ""sanitized_action_path"": ""/external-v15/case-000003"", ""transport_adapter_category"": ""form""}",audited,static source inspection completed
BenchmarkTest00025,OWASP Benchmark Java,1.2,ba2e3f9a29fa3bde6a5c073d679393c9b94f025f,src\main\java\org\owasp\benchmark\testcode\BenchmarkTest00025.java,expectedresults-1.2.csv,sqli,vulnerable,89,case_level,/sqli-00/BenchmarkTest00025,https://localhost:8443/benchmark/sqli-00/BenchmarkTest00025,POST_form,GET_delegates_to_POST,formparam,formparam,1,BenchmarkTest00025,text/html;charset=UTF-8,select_like,select,read_like,unknown,writer_output_detected,manual_review_required,adapter_feasible,manual_review_required,MANUAL_REVIEW,false,false,form_parameter_adapter,submit original form parameters with deterministic values,read-like SQL detected but static response oracle is insufficient,read-like SQL detected but static response oracle is insufficient,not_applicable,no_ranker_candidate_for_incompatible_case,not_applicable,,,,benchmark_case_id;expected_result;ground_truth;label;query_text;source_file;sql_operation_category;sql_statement;vulnerability_label,,audited,static source inspection completed
BenchmarkTest00026,OWASP Benchmark Java,1.2,ba2e3f9a29fa3bde6a5c073d679393c9b94f025f,src\main\java\org\owasp\benchmark\testcode\BenchmarkTest00026.java,expectedresults-1.2.csv,sqli,vulnerable,89,case_level,/sqli-00/BenchmarkTest00026,https://localhost:8443/benchmark/sqli-00/BenchmarkTest00026,GET_query,GET_delegates_to_POST,getparam+getparam+getparam,getparam,3,password;username;BenchmarkTest00026,text/html;charset=UTF-8,select_like,select,read_like,unknown,result_rows_written,plausible_runtime_validation_required,adapter_feasible,plausible_runtime_validation_required,ADAPTER_SUPPORTED,true,true,multi_query_parameter_adapter,preserve original query parameter set and replace only the audited controllable value,,original case may be preserved with deterministic transport adapter; runtime boolean validation still required,proposed_schema,,true,os15-c000005,/external-v15/case-000005,candidate_id;sanitized_action_path;http_method;input_carrier;input_count_category;editable_input_count;multiple_parameters;transport_adapter_category;request_shape,benchmark_case_id;expected_result;ground_truth;label;query_text;source_file;sql_operation_category;sql_statement;vulnerability_label,"{""candidate_id"": ""os15-c000005"", ""editable_input_count"": 3, ""http_method"": ""GET"", ""input_carrier"": ""query_parameter"", ""input_count_category"": ""small_multi"", ""multiple_parameters"": true, ""request_shape"": ""query"", ""sanitized_action_path"": ""/external-v15/case-000005"", ""transport_adapter_category"": ""query_multi""}",audited,static source inspection completed
BenchmarkTest00027,OWASP Benchmark Java,1.2,ba2e3f9a29fa3bde6a5c073d679393c9b94f025f,src\main\java\org\owasp\benchmark\testcode\BenchmarkTest00027.java,expectedresults-1.2.csv,sqli,vulnerable,89,case_level,/sqli-00/BenchmarkTest00027,https://localhost:8443/benchmark/sqli-00/BenchmarkTest00027,POST_form,GET_delegates_to_POST,formparam+formparam+formparam,formparam,3,password;email;BenchmarkTest00027,text/html;charset=UTF-8,insert,insert;execute_update,write_or_state_changing,executeUpdate,writer_output_detected,not_applicable_non_destructive_conflict,adapter_feasible,not_applicable_non_destructive_conflict,EXCLUDED,false,false,form_parameter_adapter;multi_form_parameter_adapter,submit original form parameters with deterministic values;preserve companion form parameters,write/state-changing SQL conflicts with non-destructive verifier philosophy,write/state-changing SQL conflicts with non-destructive verifier philosophy,not_applicable,no_ranker_candidate_for_incompatible_case,not_applicable,,,,benchmark_case_id;expected_result;ground_truth;label;query_text;source_file;sql_operation_category;sql_statement;vulnerability_label,,audited,executeUpdate call statically detected
BenchmarkTest00032,OWASP Benchmark Java,1.2,ba2e3f9a29fa3bde6a5c073d679393c9b94f025f,src\main\java\org\owasp\benchmark\testcode\BenchmarkTest00032.java,expectedresults-1.2.csv,sqli,vulnerable,89,case_level,/sqli-00/BenchmarkTest00032,https://localhost:8443/benchmark/sqli-00/BenchmarkTest00032,POST_form,GET_delegates_to_POST,formparam+formparam+formparam,formparam,3,password;email;BenchmarkTest00032,text/html;charset=UTF-8,select_like,select,read_like,execute,writer_output_detected,manual_review_required,adapter_feasible,manual_review_required,MANUAL_REVIEW,false,false,form_parameter_adapter;multi_form_parameter_adapter,submit original form parameters with deterministic values;preserve companion form parameters,read-like SQL detected but static response oracle is insufficient,read-like SQL detected but static response oracle is insufficient,not_applicable,no_ranker_candidate_for_incompatible_case,not_applicable,,,,benchmark_case_id;expected_result;ground_truth;label;query_text;source_file;sql_operation_category;sql_statement;vulnerability_label,,audited,static source inspection completed
BenchmarkTest00033,OWASP Benchmark Java,1.2,ba2e3f9a29fa3bde6a5c073d679393c9b94f025f,src\main\java\org\owasp\benchmark\testcode\BenchmarkTest00033.java,expectedresults-1.2.csv,sqli,vulnerable,89,case_level,/sqli-00/BenchmarkTest00033,https://localhost:8443/benchmark/sqli-00/BenchmarkTest00033,POST_form,GET_delegates_to_POST,formparam+formparam+formparam+formparam,formparam,4,productID;secure;foo;BenchmarkTest00033,text/html;charset=UTF-8,select_like,select,read_like,unknown,result_rows_written,plausible_runtime_validation_required,adapter_feasible,plausible_runtime_validation_required,ADAPTER_SUPPORTED,true,true,form_parameter_adapter;multi_form_parameter_adapter,submit original form parameters with deterministic values;preserve companion form parameters,,original case may be preserved with deterministic transport adapter; runtime boolean validation still required,proposed_schema,,true,os15-c000008,/external-v15/case-000008,candidate_id;sanitized_action_path;http_method;input_carrier;input_count_category;editable_input_count;multiple_parameters;transport_adapter_category;request_shape,benchmark_case_id;expected_result;ground_truth;label;query_text;source_file;sql_operation_category;sql_statement;vulnerability_label,"{""candidate_id"": ""os15-c000008"", ""editable_input_count"": 4, ""http_method"": ""POST_or_request_metadata"", ""input_carrier"": ""form_parameter"", ""input_count_category"": ""larger_multi"", ""multiple_parameters"": true, ""request_shape"": ""form"", ""sanitized_action_path"": ""/external-v15/case-000008"", ""transport_adapter_category"": ""form""}",audited,static source inspection completed
BenchmarkTest00034,OWASP Benchmark Java,1.2,ba2e3f9a29fa3bde6a5c073d679393c9b94f025f,src\main\java\org\owasp\benchmark\testcode\BenchmarkTest00034.java,expectedresults-1.2.csv,sqli,vulnerable,89,case_level,/sqli-00/BenchmarkTest00034,https://localhost:8443/benchmark/sqli-00/BenchmarkTest00034,POST_form,GET_delegates_to_POST,formparam,formparam,1,BenchmarkTest00034,text/html;charset=UTF-8,select_like,select,read_like,execute,result_rows_written,plausible_runtime_validation_required,adapter_feasible,plausible_runtime_validation_required,ADAPTER_SUPPORTED,true,true,form_parameter_adapter,submit original form parameters with deterministic values,,original case may be preserved with deterministic transport adapter; runtime boolean validation still required,proposed_schema,,true,os15-c000009,/external-v15/case-000009,candidate_id;sanitized_action_path;http_method;input_carrier;input_count_category;editable_input_count;multiple_parameters;transport_adapter_category;request_shape,benchmark_case_id;expected_result;ground_truth;label;query_text;source_file;sql_operation_category;sql_statement;vulnerability_label,"{""candidate_id"": ""os15-c000009"", ""editable_input_count"": 1, ""http_method"": ""POST_or_request_metadata"", ""input_carrier"": ""form_parameter"", ""input_count_category"": ""single"", ""multiple_parameters"": false, ""request_shape"": ""form"", ""sanitized_action_path"": ""/external-v15/case-000009"", ""transport_adapter_category"": ""form""}",audited,static source inspection completed
BenchmarkTest00037,OWASP Benchmark Java,1.2,ba2e3f9a29fa3bde6a5c073d679393c9b94f025f,src\main\java\org\owasp\benchmark\testcode\BenchmarkTest00037.java,expectedresults-1.2.csv,sqli,vulnerable,89,case_level,/sqli-00/BenchmarkTest00037,https://localhost:8443/benchmark/sqli-00/BenchmarkTest00037,POST_form,GET_delegates_to_POST,formparam+formparam,formparam,2,answer;bar,text/html;charset=UTF-8,select_like,select;prepared_statement,read_like,execute;prepareStatement,result_rows_written,plausible_runtime_validation_required,adapter_feasible,plausible_runtime_validation_required,ADAPTER_SUPPORTED,true,true,form_parameter_adapter;multi_form_parameter_adapter,submit original form parameters with deterministic values;preserve companion form parameters,,original case may be preserved with deterministic transport adapter; runtime boolean validation still required,proposed_schema,,true,os15-c000010,/external-v15/case-000010,candidate_id;sanitized_action_path;http_method;input_carrier;input_count_category;editable_input_count;multiple_parameters;transport_adapter_category;request_shape,benchmark_case_id;expected_result;ground_truth;label;query_text;source_file;sql_operation_category;sql_statement;vulnerability_label,"{""candidate_id"": ""os15-c000010"", ""editable_input_count"": 2, ""http_method"": ""POST_or_request_metadata"", ""input_carrier"": ""form_parameter"", ""input_count_category"": ""small_multi"", ""multiple_parameters"": true, ""request_shape"": ""form"", ""sanitized_action_path"": ""/external-v15/case-000010"", ""transport_adapter_category"": ""form""}",audited,static source inspection completed
BenchmarkTest00038,OWASP Benchmark Java,1.2,ba2e3f9a29fa3bde6a5c073d679393c9b94f025f,src\main\java\org\owasp\benchmark\testcode\BenchmarkTest00038.java,expectedresults-1.2.csv,sqli,vulnerable,89,case_level,/sqli-00/BenchmarkTest00038,https://localhost:8443/benchmark/sqli-00/BenchmarkTest00038,POST_form,GET_delegates_to_POST,formparam+formparam,formparam,2,answer;bar,text/html;charset=UTF-8,select_like,select,read_like,unknown,writer_output_detected,manual_review_required,adapter_feasible,manual_review_required,MANUAL_REVIEW,false,false,form_parameter_adapter;multi_form_parameter_adapter,submit original form parameters with deterministic values;preserve companion form parameters,read-like SQL detected but static response oracle is insufficient,read-like SQL detected but static response oracle is insufficient,not_applicable,no_ranker_candidate_for_incompatible_case,not_applicable,,,,benchmark_case_id;expected_result;ground_truth;label;query_text;source_file;sql_operation_category;sql_statement;vulnerability_label,,audited,static source inspection completed
BenchmarkTest00039,OWASP Benchmark Java,1.2,ba2e3f9a29fa3bde6a5c073d679393c9b94f025f,src\main\java\org\owasp\benchmark\testcode\BenchmarkTest00039.java,expectedresults-1.2.csv,sqli,vulnerable,89,case_level,/sqli-00/BenchmarkTest00039,https://localhost:8443/benchmark/sqli-00/BenchmarkTest00039,POST_form,GET_delegates_to_POST,formparam+formparam,formparam,2,answer;bar,text/html;charset=UTF-8,select_like,select,read_like,unknown,writer_output_detected,manual_review_required,adapter_feasible,manual_review_required,MANUAL_REVIEW,false,false,form_parameter_adapter;multi_form_parameter_adapter,submit original form parameters with deterministic values;preserve companion form parameters,read-like SQL detected but static response oracle is insufficient,read-like SQL detected but static response oracle is insufficient,not_applicable,no_ranker_candidate_for_incompatible_case,not_applicable,,,,benchmark_case_id;expected_result;ground_truth;label;query_text;source_file;sql_operation_category;sql_statement;vulnerability_label,,audited,static source inspection completed
BenchmarkTest00043,OWASP Benchmark Java,1.2,ba2e3f9a29fa3bde6a5c073d679393c9b94f025f,src\main\java\org\owasp\benchmark\testcode\BenchmarkTest00043.java,expectedresults-1.2.csv,sqli,vulnerable,89,case_level,/sqli-00/BenchmarkTest00043,https://localhost:8443/benchmark/sqli-00/BenchmarkTest00043,POST_form,GET_delegates_to_POST,formparam+formparam+formparam+formparam,formparam,4,productID;secure;foo;BenchmarkTest00043,text/html;charset=UTF-8,insert,insert;execute_update,write_or_state_changing,executeUpdate,writer_output_detected,not_applicable_non_destructive_conflict,adapter_feasible,not_applicable_non_destructive_conflict,EXCLUDED,false,false,form_parameter_adapter;multi_form_parameter_adapter,submit original form parameters with deterministic values;preserve companion form parameters,write/state-changing SQL conflicts with non-destructive verifier philosophy,write/state-changing SQL conflicts with non-destructive verifier philosophy,not_applicable,no_ranker_candidate_for_incompatible_case,not_applicable,,,,benchmark_case_id;expected_result;ground_truth;label;query_text;source_file;sql_operation_category;sql_statement;vulnerability_label,,audited,executeUpdate call statically detected
BenchmarkTest00052,OWASP Benchmark Java,1.2,ba2e3f9a29fa3bde6a5c073d679393c9b94f025f,src\main\java\org\owasp\benchmark\testcode\BenchmarkTest00052.java,expectedresults-1.2.csv,sqli,non_vulnerable,89,case_level,/sqli-00/BenchmarkTest00052,https://localhost:8443/benchmark/sqli-00/BenchmarkTest00052,POST_form,GET_delegates_to_POST,formparam,formparam,1,BenchmarkTest00052,text/html;charset=UTF-8,stored_procedure,stored_procedure;execute_query,stored_procedure_ambiguous,executeQuery;prepareCall,result_rows_written,not_applicable_stored_procedure_ambiguous,adapter_feasible,not_applicable_stored_procedure_ambiguous,EXCLUDED,false,false,form_parameter_adapter,submit original form parameters with deterministic values,stored procedure behavior cannot be assumed read-only by static audit,stored procedure behavior cannot be assumed read-only by static audit,not_applicable,no_ranker_candidate_for_incompatible_case,not_applicable,,,,benchmark_case_id;expected_result;ground_truth;label;query_text;source_file;sql_operation_category;sql_statement;vulnerability_label,,audited,stored procedure call statically detected
BenchmarkTest00100,OWASP Benchmark Java,1.2,ba2e3f9a29fa3bde6a5c073d679393c9b94f025f,src\main\java\org\owasp\benchmark\testcode\BenchmarkTest00100.java,expectedresults-1.2.csv,sqli,vulnerable,89,case_level,/sqli-00/BenchmarkTest00100,https://localhost:8443/benchmark/sqli-00/BenchmarkTest00100,cookie,POST_with_GET_form_setup,cookie,cookie,1,BenchmarkTest00100,text/html;charset=UTF-8,select_like,select;prepared_statement,read_like,execute;prepareStatement,result_rows_written,plausible_runtime_validation_required,adapter_feasible,plausible_runtime_validation_required,ADAPTER_SUPPORTED,true,true,cookie_adapter,set deterministic cookies without exposing original BenchmarkTest names to the ranker;preserve original POST flow after deterministic setup,,original case may be preserved with deterministic transport adapter; runtime boolean validation still required,proposed_schema,,true,os15-c000015,/external-v15/case-000015,candidate_id;sanitized_action_path;http_method;input_carrier;input_count_category;editable_input_count;multiple_parameters;transport_adapter_category;request_shape,benchmark_case_id;expected_result;ground_truth;label;query_text;source_file;sql_operation_category;sql_statement;vulnerability_label,"{""candidate_id"": ""os15-c000015"", ""editable_input_count"": 1, ""http_method"": ""POST_or_request_metadata"", ""input_carrier"": ""cookie"", ""input_count_category"": ""single"", ""multiple_parameters"": false, ""request_shape"": ""cookie"", ""sanitized_action_path"": ""/external-v15/case-000015"", ""transport_adapter_category"": ""cookie""}",audited,doGet dispatches to a form/template before doPost
BenchmarkTest00101,OWASP Benchmark Java,1.2,ba2e3f9a29fa3bde6a5c073d679393c9b94f025f,src\main\java\org\owasp\benchmark\testcode\BenchmarkTest00101.java,expectedresults-1.2.csv,sqli,vulnerable,89,case_level,/sqli-00/BenchmarkTest00101,https://localhost:8443/benchmark/sqli-00/BenchmarkTest00101,cookie,POST_with_GET_form_setup,cookie,cookie,1,BenchmarkTest00101,text/html;charset=UTF-8,select_like,select;prepared_statement,read_like,execute;prepareStatement,result_rows_written,plausible_runtime_validation_required,adapter_feasible,plausible_runtime_validation_required,ADAPTER_SUPPORTED,true,true,cookie_adapter,set deterministic cookies without exposing original BenchmarkTest names to the ranker;preserve original POST flow after deterministic setup,,original case may be preserved with deterministic transport adapter; runtime boolean validation still required,proposed_schema,,true,os15-c000016,/external-v15/case-000016,candidate_id;sanitized_action_path;http_method;input_carrier;input_count_category;editable_input_count;multiple_parameters;transport_adapter_category;request_shape,benchmark_case_id;expected_result;ground_truth;label;query_text;source_file;sql_operation_category;sql_statement;vulnerability_label,"{""candidate_id"": ""os15-c000016"", ""editable_input_count"": 1, ""http_method"": ""POST_or_request_metadata"", ""input_carrier"": ""cookie"", ""input_count_category"": ""single"", ""multiple_parameters"": false, ""request_shape"": ""cookie"", ""sanitized_action_path"": ""/external-v15/case-000016"", ""transport_adapter_category"": ""cookie""}",audited,doGet dispatches to a form/template before doPost
BenchmarkTest00102,OWASP Benchmark Java,1.2,ba2e3f9a29fa3bde6a5c073d679393c9b94f025f,src\main\java\org\owasp\benchmark\testcode\BenchmarkTest00102.java,expectedresults-1.2.csv,sqli,vulnerable,89,case_level,/sqli-00/BenchmarkTest00102,https://localhost:8443/benchmark/sqli-00/BenchmarkTest00102,cookie,POST_with_GET_form_setup,cookie,cookie,1,BenchmarkTest00102,text/html;charset=UTF-8,select_like,select,read_like,unknown,writer_output_detected,manual_review_required,adapter_feasible,manual_review_required,MANUAL_REVIEW,false,false,cookie_adapter,set deterministic cookies without exposing original BenchmarkTest names to the ranker;preserve original POST flow after deterministic setup,read-like SQL detected but static response oracle is insufficient,read-like SQL detected but static response oracle is insufficient,not_applicable,no_ranker_candidate_for_incompatible_case,not_applicable,,,,benchmark_case_id;expected_result;ground_truth;label;query_text;source_file;sql_operation_category;sql_statement;vulnerability_label,,audited,doGet dispatches to a form/template before doPost
BenchmarkTest00103,OWASP Benchmark Java,1.2,ba2e3f9a29fa3bde6a5c073d679393c9b94f025f,src\main\java\org\owasp\benchmark\testcode\BenchmarkTest00103.java,expectedresults-1.2.csv,sqli,vulnerable,89,case_level,/sqli-00/BenchmarkTest00103,https://localhost:8443/benchmark/sqli-00/BenchmarkTest00103,cookie,POST_with_GET_form_setup,cookie,cookie,1,BenchmarkTest00103,text/html;charset=UTF-8,select_like,select,read_like,unknown,writer_output_detected,manual_review_required,adapter_feasible,manual_review_required,MANUAL_REVIEW,false,false,cookie_adapter,set deterministic cookies without exposing original BenchmarkTest names to the ranker;preserve original POST flow after deterministic setup,read-like SQL detected but static response oracle is insufficient,read-like SQL detected but static response oracle is insufficient,not_applicable,no_ranker_candidate_for_incompatible_case,not_applicable,,,,benchmark_case_id;expected_result;ground_truth;label;query_text;source_file;sql_operation_category;sql_statement;vulnerability_label,,audited,doGet dispatches to a form/template before doPost
BenchmarkTest00104,OWASP Benchmark Java,1.2,ba2e3f9a29fa3bde6a5c073d679393c9b94f025f,src\main\java\org\owasp\benchmark\testcode\BenchmarkTest00104.java,expectedresults-1.2.csv,sqli,non_vulnerable,89,case_level,/sqli-00/BenchmarkTest00104,https://localhost:8443/benchmark/sqli-00/BenchmarkTest00104,cookie,POST_with_GET_form_setup,cookie,cookie,1,BenchmarkTest00104,text/html;charset=UTF-8,select_like,select,read_like,unknown,writer_output_detected,manual_review_required,adapter_feasible,manual_review_required,MANUAL_REVIEW,false,false,cookie_adapter,set deterministic cookies without exposing original BenchmarkTest names to the ranker;preserve original POST flow after deterministic setup,read-like SQL detected but static response oracle is insufficient,read-like SQL detected but static response oracle is insufficient,not_applicable,no_ranker_candidate_for_incompatible_case,not_applicable,,,,benchmark_case_id;expected_result;ground_truth;label;query_text;source_file;sql_operation_category;sql_statement;vulnerability_label,,audited,doGet dispatches to a form/template before doPost
BenchmarkTest00105,OWASP Benchmark Java,1.2,ba2e3f9a29fa3bde6a5c073d679393c9b94f025f,src\main\java\org\owasp\benchmark\testcode\BenchmarkTest00105.java,expectedresults-1.2.csv,sqli,non_vulnerable,89,case_level,/sqli-00/BenchmarkTest00105,https://localhost:8443/benchmark/sqli-00/BenchmarkTest00105,cookie,POST_with_GET_form_setup,cookie,cookie,1,BenchmarkTest00105,text/html;charset=UTF-8,select_like,select,read_like,unknown,result_rows_written,plausible_runtime_validation_required,adapter_feasible,plausible_runtime_validation_required,ADAPTER_SUPPORTED,true,true,cookie_adapter,set deterministic cookies without exposing original BenchmarkTest names to the ranker;preserve original POST flow after deterministic setup,,original case may be preserved with deterministic transport adapter; runtime boolean validation still required,proposed_schema,,true,os15-c000020,/external-v15/case-000020,candidate_id;sanitized_action_path;http_method;input_carrier;input_count_category;editable_input_count;multiple_parameters;transport_adapter_category;request_shape,benchmark_case_id;expected_result;ground_truth;label;query_text;source_file;sql_operation_category;sql_statement;vulnerability_label,"{""candidate_id"": ""os15-c000020"", ""editable_input_count"": 1, ""http_method"": ""POST_or_request_metadata"", ""input_carrier"": ""cookie"", ""input_count_category"": ""single"", ""multiple_parameters"": false, ""request_shape"": ""cookie"", ""sanitized_action_path"": ""/external-v15/case-000020"", ""transport_adapter_category"": ""cookie""}",audited,doGet dispatches to a form/template before doPost
BenchmarkTest00106,OWASP Benchmark Java,1.2,ba2e3f9a29fa3bde6a5c073d679393c9b94f025f,src\main\java\org\owasp\benchmark\testcode\BenchmarkTest00106.java,expectedresults-1.2.csv,sqli,vulnerable,89,case_level,/sqli-00/BenchmarkTest00106,https://localhost:8443/benchmark/sqli-00/BenchmarkTest00106,cookie,POST_with_GET_form_setup,cookie,cookie,1,BenchmarkTest00106,text/html;charset=UTF-8,select_like,select,read_like,execute,result_rows_written,plausible_runtime_validation_required,adapter_feasible,plausible_runtime_validation_required,ADAPTER_SUPPORTED,true,true,cookie_adapter,set deterministic cookies without exposing original BenchmarkTest names to the ranker;preserve original POST flow after deterministic setup,,original case may be preserved with deterministic transport adapter; runtime boolean validation still required,proposed_schema,,true,os15-c000021,/external-v15/case-000021,candidate_id;sanitized_action_path;http_method;input_carrier;input_count_category;editable_input_count;multiple_parameters;transport_adapter_category;request_shape,benchmark_case_id;expected_result;ground_truth;label;query_text;source_file;sql_operation_category;sql_statement;vulnerability_label,"{""candidate_id"": ""os15-c000021"", ""editable_input_count"": 1, ""http_method"": ""POST_or_request_metadata"", ""input_carrier"": ""cookie"", ""input_count_category"": ""single"", ""multiple_parameters"": false, ""request_shape"": ""cookie"", ""sanitized_action_path"": ""/external-v15/case-000021"", ""transport_adapter_category"": ""cookie""}",audited,doGet dispatches to a form/template before doPost
BenchmarkTest00107,OWASP Benchmark Java,1.2,ba2e3f9a29fa3bde6a5c073d679393c9b94f025f,src\main\java\org\owasp\benchmark\testcode\BenchmarkTest00107.java,expectedresults-1.2.csv,sqli,non_vulnerable,89,case_level,/sqli-00/BenchmarkTest00107,https://localhost:8443/benchmark/sqli-00/BenchmarkTest00107,cookie,POST_with_GET_form_setup,cookie,cookie,1,BenchmarkTest00107,text/html;charset=UTF-8,select_like,select,read_like,execute,result_rows_written,plausible_runtime_validation_required,adapter_feasible,plausible_runtime_validation_required,ADAPTER_SUPPORTED,true,true,cookie_adapter,set deterministic cookies without exposing original BenchmarkTest names to the ranker;preserve original POST flow after deterministic setup,,original case may be preserved with deterministic transport adapter; runtime boolean validation still required,proposed_schema,,true,os15-c000022,/external-v15/case-000022,candidate_id;sanitized_action_path;http_method;input_carrier;input_count_category;editable_input_count;multiple_parameters;transport_adapter_category;request_shape,benchmark_case_id;expected_result;ground_truth;label;query_text;source_file;sql_operation_category;sql_statement;vulnerability_label,"{""candidate_id"": ""os15-c000022"", ""editable_input_count"": 1, ""http_method"": ""POST_or_request_metadata"", ""input_carrier"": ""cookie"", ""input_count_category"": ""single"", ""multiple_parameters"": false, ""request_shape"": ""cookie"", ""sanitized_action_path"": ""/external-v15/case-000022"", ""transport_adapter_category"": ""cookie""}",audited,doGet dispatches to a form/template before doPost
BenchmarkTest00108,OWASP Benchmark Java,1.2,ba2e3f9a29fa3bde6a5c073d679393c9b94f025f,src\main\java\org\owasp\benchmark\testcode\BenchmarkTest00108.java,expectedresults-1.2.csv,sqli,vulnerable,89,case_level,/sqli-00/BenchmarkTest00108,https://localhost:8443/benchmark/sqli-00/BenchmarkTest00108,cookie,POST_with_GET_form_setup,cookie,cookie,1,BenchmarkTest00108,text/html;charset=UTF-8,select_like,select,read_like,execute,result_rows_written,plausible_runtime_validation_required,adapter_feasible,plausible_runtime_validation_required,ADAPTER_SUPPORTED,true,true,cookie_adapter,set deterministic cookies without exposing original BenchmarkTest names to the ranker;preserve original POST flow after deterministic setup,,original case may be preserved with deterministic transport adapter; runtime boolean validation still required,proposed_schema,,true,os15-c000023,/external-v15/case-000023,candidate_id;sanitized_action_path;http_method;input_carrier;input_count_category;editable_input_count;multiple_parameters;transport_adapter_category;request_shape,benchmark_case_id;expected_result;ground_truth;label;query_text;source_file;sql_operation_category;sql_statement;vulnerability_label,"{""candidate_id"": ""os15-c000023"", ""editable_input_count"": 1, ""http_method"": ""POST_or_request_metadata"", ""input_carrier"": ""cookie"", ""input_count_category"": ""single"", ""multiple_parameters"": false, ""request_shape"": ""cookie"", ""sanitized_action_path"": ""/external-v15/case-000023"", ""transport_adapter_category"": ""cookie""}",audited,doGet dispatches to a form/template before doPost
BenchmarkTest00109,OWASP Benchmark Java,1.2,ba2e3f9a29fa3bde6a5c073d679393c9b94f025f,src\main\java\org\owasp\benchmark\testcode\BenchmarkTest00109.java,expectedresults-1.2.csv,sqli,vulnerable,89,case_level,/sqli-00/BenchmarkTest00109,https://localhost:8443/benchmark/sqli-00/BenchmarkTest00109,cookie,POST_with_GET_form_setup,cookie,cookie,1,BenchmarkTest00109,text/html;charset=UTF-8,select_like,select,read_like,execute,result_rows_written,plausible_runtime_validation_required,adapter_feasible,plausible_runtime_validation_required,ADAPTER_SUPPORTED,true,true,cookie_adapter,set deterministic cookies without exposing original BenchmarkTest names to the ranker;preserve original POST flow after deterministic setup,,original case may be preserved with deterministic transport adapter; runtime boolean validation still required,proposed_schema,,true,os15-c000024,/external-v15/case-000024,candidate_id;sanitized_action_path;http_method;input_carrier;input_count_category;editable_input_count;multiple_parameters;transport_adapter_category;request_shape,benchmark_case_id;expected_result;ground_truth;label;query_text;source_file;sql_operation_category;sql_statement;vulnerability_label,"{""candidate_id"": ""os15-c000024"", ""editable_input_count"": 1, ""http_method"": ""POST_or_request_metadata"", ""input_carrier"": ""cookie"", ""input_count_category"": ""single"", ""multiple_parameters"": false, ""request_shape"": ""cookie"", ""sanitized_action_path"": ""/external-v15/case-000024"", ""transport_adapter_category"": ""cookie""}",audited,doGet dispatches to a form/template before doPost
BenchmarkTest00110,OWASP Benchmark Java,1.2,ba2e3f9a29fa3bde6a5c073d679393c9b94f025f,src\main\java\org\owasp\benchmark\testcode\BenchmarkTest00110.java,expectedresults-1.2.csv,sqli,non_vulnerable,89,case_level,/sqli-00/BenchmarkTest00110,https://localhost:8443/benchmark/sqli-00/BenchmarkTest00110,cookie,POST_with_GET_form_setup,cookie,cookie,1,BenchmarkTest00110,text/html;charset=UTF-8,select_like,select,read_like,execute,result_rows_written,plausible_runtime_validation_required,adapter_feasible,plausible_runtime_validation_required,ADAPTER_SUPPORTED,true,true,cookie_adapter,set deterministic cookies without exposing original BenchmarkTest names to the ranker;preserve original POST flow after deterministic setup,,original case may be preserved with deterministic transport adapter; runtime boolean validation still required,proposed_schema,,true,os15-c000025,/external-v15/case-000025,candidate_id;sanitized_action_path;http_method;input_carrier;input_count_category;editable_input_count;multiple_parameters;transport_adapter_category;request_shape,benchmark_case_id;expected_result;ground_truth;label;query_text;source_file;sql_operation_category;sql_statement;vulnerability_label,"{""candidate_id"": ""os15-c000025"", ""editable_input_count"": 1, ""http_method"": ""POST_or_request_metadata"", ""input_carrier"": ""cookie"", ""input_count_category"": ""single"", ""multiple_parameters"": false, ""request_shape"": ""cookie"", ""sanitized_action_path"": ""/external-v15/case-000025"", ""transport_adapter_category"": ""cookie""}",audited,doGet dispatches to a form/template before doPost
BenchmarkTest00111,OWASP Benchmark Java,1.2,ba2e3f9a29fa3bde6a5c073d679393c9b94f025f,src\main\java\org\owasp\benchmark\testcode\BenchmarkTest00111.java,expectedresults-1.2.csv,sqli,vulnerable,89,case_level,/sqli-00/BenchmarkTest00111,https://localhost:8443/benchmark/sqli-00/BenchmarkTest00111,cookie,POST_with_GET_form_setup,cookie,cookie,1,BenchmarkTest00111,text/html;charset=UTF-8,insert,insert;execute_update,write_or_state_changing,executeUpdate,writer_output_detected,not_applicable_non_destructive_conflict,adapter_feasible,not_applicable_non_destructive_conflict,EXCLUDED,false,false,cookie_adapter,set deterministic cookies without exposing original BenchmarkTest names to the ranker;preserve original POST flow after deterministic setup,write/state-changing SQL conflicts with non-destructive verifier philosophy,write/state-changing SQL conflicts with non-destructive verifier philosophy,not_applicable,no_ranker_candidate_for_incompatible_case,not_applicable,,,,benchmark_case_id;expected_result;ground_truth;label;query_text;source_file;sql_operation_category;sql_statement;vulnerability_label,,audited,doGet dispatches to a form/template before doPost;executeUpdate call statically detected
BenchmarkTest00112,OWASP Benchmark Java,1.2,ba2e3f9a29fa3bde6a5c073d679393c9b94f025f,src\main\java\org\owasp\benchmark\testcode\BenchmarkTest00112.java,expectedresults-1.2.csv,sqli,vulnerable,89,case_level,/sqli-00/BenchmarkTest00112,https://localhost:8443/benchmark/sqli-00/BenchmarkTest00112,cookie,POST_with_GET_form_setup,cookie,cookie,1,BenchmarkTest00112,text/html;charset=UTF-8,insert,insert;execute_update,write_or_state_changing,executeUpdate,writer_output_detected,not_applicable_non_destructive_conflict,adapter_feasible,not_applicable_non_destructive_conflict,EXCLUDED,false,false,cookie_adapter,set deterministic cookies without exposing original BenchmarkTest names to the ranker;preserve original POST flow after deterministic setup,write/state-changing SQL conflicts with non-destructive verifier philosophy,write/state-changing SQL conflicts with non-destructive verifier philosophy,not_applicable,no_ranker_candidate_for_incompatible_case,not_applicable,,,,benchmark_case_id;expected_result;ground_truth;label;query_text;source_file;sql_operation_category;sql_statement;vulnerability_label,,audited,doGet dispatches to a form/template before doPost;executeUpdate call statically detected
BenchmarkTest00113,OWASP Benchmark Java,1.2,ba2e3f9a29fa3bde6a5c073d679393c9b94f025f,src\main\java\org\owasp\benchmark\testcode\BenchmarkTest00113.java,expectedresults-1.2.csv,sqli,non_vulnerable,89,case_level,/sqli-00/BenchmarkTest00113,https://localhost:8443/benchmark/sqli-00/BenchmarkTest00113,cookie,POST_with_GET_form_setup,cookie,cookie,1,BenchmarkTest00113,text/html;charset=UTF-8,insert,insert;execute_update,write_or_state_changing,executeUpdate,writer_output_detected,not_applicable_non_destructive_conflict,adapter_feasible,not_applicable_non_destructive_conflict,EXCLUDED,false,false,cookie_adapter,set deterministic cookies without exposing original BenchmarkTest names to the ranker;preserve original POST flow after deterministic setup,write/state-changing SQL conflicts with non-destructive verifier philosophy,write/state-changing SQL conflicts with non-destructive verifier philosophy,not_applicable,no_ranker_candidate_for_incompatible_case,not_applicable,,,,benchmark_case_id;expected_result;ground_truth;label;query_text;source_file;sql_operation_category;sql_statement;vulnerability_label,,audited,doGet dispatches to a form/template before doPost;executeUpdate call statically detected
BenchmarkTest00114,OWASP Benchmark Java,1.2,ba2e3f9a29fa3bde6a5c073d679393c9b94f025f,src\main\java\org\owasp\benchmark\testcode\BenchmarkTest00114.java,expectedresults-1.2.csv,sqli,non_vulnerable,89,case_level,/sqli-00/BenchmarkTest00114,https://localhost:8443/benchmark/sqli-00/BenchmarkTest00114,cookie,POST_with_GET_form_setup,cookie,cookie,1,BenchmarkTest00114,text/html;charset=UTF-8,insert,insert;execute_update,write_or_state_changing,executeUpdate,writer_output_detected,not_applicable_non_destructive_conflict,adapter_feasible,not_applicable_non_destructive_conflict,EXCLUDED,false,false,cookie_adapter,set deterministic cookies without exposing original BenchmarkTest names to the ranker;preserve original POST flow after deterministic setup,write/state-changing SQL conflicts with non-destructive verifier philosophy,write/state-changing SQL conflicts with non-destructive verifier philosophy,not_applicable,no_ranker_candidate_for_incompatible_case,not_applicable,,,,benchmark_case_id;expected_result;ground_truth;label;query_text;source_file;sql_operation_category;sql_statement;vulnerability_label,,audited,doGet dispatches to a form/template before doPost;executeUpdate call statically detected
BenchmarkTest00115,OWASP Benchmark Java,1.2,ba2e3f9a29fa3bde6a5c073d679393c9b94f025f,src\main\java\org\owasp\benchmark\testcode\BenchmarkTest00115.java,expectedresults-1.2.csv,sqli,vulnerable,89,case_level,/sqli-00/BenchmarkTest00115,https://localhost:8443/benchmark/sqli-00/BenchmarkTest00115,cookie,POST_with_GET_form_setup,cookie,cookie,1,BenchmarkTest00115,text/html;charset=UTF-8,insert,insert;execute_update,write_or_state_changing,executeUpdate,writer_output_detected,not_applicable_non_destructive_conflict,adapter_feasible,not_applicable_non_destructive_conflict,EXCLUDED,false,false,cookie_adapter,set deterministic cookies without exposing original BenchmarkTest names to the ranker;preserve original POST flow after deterministic setup,write/state-changing SQL conflicts with non-destructive verifier philosophy,write/state-changing SQL conflicts with non-destructive verifier philosophy,not_applicable,no_ranker_candidate_for_incompatible_case,not_applicable,,,,benchmark_case_id;expected_result;ground_truth;label;query_text;source_file;sql_operation_category;sql_statement;vulnerability_label,,audited,doGet dispatches to a form/template before doPost;executeUpdate call statically detected
BenchmarkTest00190,OWASP Benchmark Java,1.2,ba2e3f9a29fa3bde6a5c073d679393c9b94f025f,src\main\java\org\owasp\benchmark\testcode\BenchmarkTest00190.java,expectedresults-1.2.csv,sqli,non_vulnerable,89,case_level,/sqli-00/BenchmarkTest00190,https://localhost:8443/benchmark/sqli-00/BenchmarkTest00190,header,GET_delegates_to_POST,header,header,1,BenchmarkTest00190,text/html;charset=UTF-8,stored_procedure,stored_procedure;execute_query,stored_procedure_ambiguous,executeQuery;prepareCall,result_rows_written,not_applicable_stored_procedure_ambiguous,adapter_feasible,not_applicable_stored_procedure_ambiguous,EXCLUDED,false,false,header_adapter,set deterministic request headers without exposing original BenchmarkTest names to the ranker,stored procedure behavior cannot be assumed read-only by static audit,stored procedure behavior cannot be assumed read-only by static audit,not_applicable,no_ranker_candidate_for_incompatible_case,not_applicable,,,,benchmark_case_id;expected_result;ground_truth;label;query_text;source_file;sql_operation_category;sql_statement;vulnerability_label,,audited,stored procedure call statically detected
BenchmarkTest00191,OWASP Benchmark Java,1.2,ba2e3f9a29fa3bde6a5c073d679393c9b94f025f,src\main\java\org\owasp\benchmark\testcode\BenchmarkTest00191.java,expectedresults-1.2.csv,sqli,non_vulnerable,89,case_level,/sqli-00/BenchmarkTest00191,https://localhost:8443/benchmark/sqli-00/BenchmarkTest00191,header,GET_delegates_to_POST,header,header,1,BenchmarkTest00191,text/html;charset=UTF-8,stored_procedure,stored_procedure;execute_query,stored_procedure_ambiguous,executeQuery;prepareCall,result_rows_written,not_applicable_stored_procedure_ambiguous,adapter_feasible,not_applicable_stored_procedure_ambiguous,EXCLUDED,false,false,header_adapter,set deterministic request headers without exposing original BenchmarkTest names to the ranker,stored procedure behavior cannot be assumed read-only by static audit,stored procedure behavior cannot be assumed read-only by static audit,not_applicable,no_ranker_candidate_for_incompatible_case,not_applicable,,,,benchmark_case_id;expected_result;ground_truth;label;query_text;source_file;sql_operation_category;sql_statement;vulnerability_label,,audited,stored procedure call statically detected
BenchmarkTest00192,OWASP Benchmark Java,1.2,ba2e3f9a29fa3bde6a5c073d679393c9b94f025f,src\main\java\org\owasp\benchmark\testcode\BenchmarkTest00192.java,expectedresults-1.2.csv,sqli,vulnerable,89,case_level,/sqli-00/BenchmarkTest00192,https://localhost:8443/benchmark/sqli-00/BenchmarkTest00192,header,GET_delegates_to_POST,header,header,1,BenchmarkTest00192,text/html;charset=UTF-8,select_like,select;prepared_statement,read_like,execute;prepareStatement,result_rows_written,plausible_runtime_validation_required,adapter_feasible,plausible_runtime_validation_required,ADAPTER_SUPPORTED,true,true,header_adapter,set deterministic request headers without exposing original BenchmarkTest names to the ranker,,original case may be preserved with deterministic transport adapter; runtime boolean validation still required,proposed_schema,,true,os15-c000033,/external-v15/case-000033,candidate_id;sanitized_action_path;http_method;input_carrier;input_count_category;editable_input_count;multiple_parameters;transport_adapter_category;request_shape,benchmark_case_id;expected_result;ground_truth;label;query_text;source_file;sql_operation_category;sql_statement;vulnerability_label,"{""candidate_id"": ""os15-c000033"", ""editable_input_count"": 1, ""http_method"": ""POST_or_request_metadata"", ""input_carrier"": ""header"", ""input_count_category"": ""single"", ""multiple_parameters"": false, ""request_shape"": ""header"", ""sanitized_action_path"": ""/external-v15/case-000033"", ""transport_adapter_category"": ""header""}",audited,static source inspection completed
BenchmarkTest00193,OWASP Benchmark Java,1.2,ba2e3f9a29fa3bde6a5c073d679393c9b94f025f,src\main\java\org\owasp\benchmark\testcode\BenchmarkTest00193.java,expectedresults-1.2.csv,sqli,vulnerable,89,case_level,/sqli-00/BenchmarkTest00193,https://localhost:8443/benchmark/sqli-00/BenchmarkTest00193,header,GET_delegates_to_POST,header,header,1,BenchmarkTest00193,text/html;charset=UTF-8,select_like,select;prepared_statement,read_like,execute;prepareStatement,result_rows_written,plausible_runtime_validation_required,adapter_feasible,plausible_runtime_validation_required,ADAPTER_SUPPORTED,true,true,header_adapter,set deterministic request headers without exposing original BenchmarkTest names to the ranker,,original case may be preserved with deterministic transport adapter; runtime boolean validation still required,proposed_schema,,true,os15-c000034,/external-v15/case-000034,candidate_id;sanitized_action_path;http_method;input_carrier;input_count_category;editable_input_count;multiple_parameters;transport_adapter_category;request_shape,benchmark_case_id;expected_result;ground_truth;label;query_text;source_file;sql_operation_category;sql_statement;vulnerability_label,"{""candidate_id"": ""os15-c000034"", ""editable_input_count"": 1, ""http_method"": ""POST_or_request_metadata"", ""input_carrier"": ""header"", ""input_count_category"": ""single"", ""multiple_parameters"": false, ""request_shape"": ""header"", ""sanitized_action_path"": ""/external-v15/case-000034"", ""transport_adapter_category"": ""header""}",audited,static source inspection completed
BenchmarkTest00194,OWASP Benchmark Java,1.2,ba2e3f9a29fa3bde6a5c073d679393c9b94f025f,src\main\java\org\owasp\benchmark\testcode\BenchmarkTest00194.java,expectedresults-1.2.csv,sqli,vulnerable,89,case_level,/sqli-00/BenchmarkTest00194,https://localhost:8443/benchmark/sqli-00/BenchmarkTest00194,header,GET_delegates_to_POST,header,header,1,BenchmarkTest00194,text/html;charset=UTF-8,select_like,select,read_like,unknown,writer_output_detected,manual_review_required,adapter_feasible,manual_review_required,MANUAL_REVIEW,false,false,header_adapter,set deterministic request headers without exposing original BenchmarkTest names to the ranker,read-like SQL detected but static response oracle is insufficient,read-like SQL detected but static response oracle is insufficient,not_applicable,no_ranker_candidate_for_incompatible_case,not_applicable,,,,benchmark_case_id;expected_result;ground_truth;label;query_text;source_file;sql_operation_category;sql_statement;vulnerability_label,,audited,static source inspection completed
BenchmarkTest00195,OWASP Benchmark Java,1.2,ba2e3f9a29fa3bde6a5c073d679393c9b94f025f,src\main\java\org\owasp\benchmark\testcode\BenchmarkTest00195.java,expectedresults-1.2.csv,sqli,vulnerable,89,case_level,/sqli-00/BenchmarkTest00195,https://localhost:8443/benchmark/sqli-00/BenchmarkTest00195,header,GET_delegates_to_POST,header,header,1,BenchmarkTest00195,text/html;charset=UTF-8,select_like,select,read_like,execute,writer_output_detected,manual_review_required,adapter_feasible,manual_review_required,MANUAL_REVIEW,false,false,header_adapter,set deterministic request headers without exposing original BenchmarkTest names to the ranker,read-like SQL detected but static response oracle is insufficient,read-like SQL detected but static response oracle is insufficient,not_applicable,no_ranker_candidate_for_incompatible_case,not_applicable,,,,benchmark_case_id;expected_result;ground_truth;label;query_text;source_file;sql_operation_category;sql_statement;vulnerability_label,,audited,static source inspection completed
BenchmarkTest00196,OWASP Benchmark Java,1.2,ba2e3f9a29fa3bde6a5c073d679393c9b94f025f,src\main\java\org\owasp\benchmark\testcode\BenchmarkTest00196.java,expectedresults-1.2.csv,sqli,vulnerable,89,case_level,/sqli-00/BenchmarkTest00196,https://localhost:8443/benchmark/sqli-00/BenchmarkTest00196,header,GET_delegates_to_POST,header,header,1,BenchmarkTest00196,text/html;charset=UTF-8,select_like,select,read_like,execute,writer_output_detected,manual_review_required,adapter_feasible,manual_review_required,MANUAL_REVIEW,false,false,header_adapter,set deterministic request headers without exposing original BenchmarkTest names to the ranker,read-like SQL detected but static response oracle is insufficient,read-like SQL detected but static response oracle is insufficient,not_applicable,no_ranker_candidate_for_incompatible_case,not_applicable,,,,benchmark_case_id;expected_result;ground_truth;label;query_text;source_file;sql_operation_category;sql_statement;vulnerability_label,,audited,static source inspection completed
BenchmarkTest00197,OWASP Benchmark Java,1.2,ba2e3f9a29fa3bde6a5c073d679393c9b94f025f,src\main\java\org\owasp\benchmark\testcode\BenchmarkTest00197.java,expectedresults-1.2.csv,sqli,non_vulnerable,89,case_level,/sqli-00/BenchmarkTest00197,https://localhost:8443/benchmark/sqli-00/BenchmarkTest00197,header,GET_delegates_to_POST,header,header,1,BenchmarkTest00197,text/html;charset=UTF-8,select_like,select,read_like,unknown,writer_output_detected,manual_review_required,adapter_feasible,manual_review_required,MANUAL_REVIEW,false,false,header_adapter,set deterministic request headers without exposing original BenchmarkTest names to the ranker,read-like SQL detected but static response oracle is insufficient,read-like SQL detected but static response oracle is insufficient,not_applicable,no_ranker_candidate_for_incompatible_case,not_applicable,,,,benchmark_case_id;expected_result;ground_truth;label;query_text;source_file;sql_operation_category;sql_statement;vulnerability_label,,audited,static source inspection completed
BenchmarkTest00198,OWASP Benchmark Java,1.2,ba2e3f9a29fa3bde6a5c073d679393c9b94f025f,src\main\java\org\owasp\benchmark\testcode\BenchmarkTest00198.java,expectedresults-1.2.csv,sqli,vulnerable,89,case_level,/sqli-00/BenchmarkTest00198,https://localhost:8443/benchmark/sqli-00/BenchmarkTest00198,header,GET_delegates_to_POST,header,header,1,BenchmarkTest00198,text/html;charset=UTF-8,select_like,select,read_like,unknown,writer_output_detected,manual_review_required,adapter_feasible,manual_review_required,MANUAL_REVIEW,false,false,header_adapter,set deterministic request headers without exposing original BenchmarkTest names to the ranker,read-like SQL detected but static response oracle is insufficient,read-like SQL detected but static response oracle is insufficient,not_applicable,no_ranker_candidate_for_incompatible_case,not_applicable,,,,benchmark_case_id;expected_result;ground_truth;label;query_text;source_file;sql_operation_category;sql_statement;vulnerability_label,,audited,static source inspection completed
BenchmarkTest00199,OWASP Benchmark Java,1.2,ba2e3f9a29fa3bde6a5c073d679393c9b94f025f,src\main\java\org\owasp\benchmark\testcode\BenchmarkTest00199.java,expectedresults-1.2.csv,sqli,vulnerable,89,case_level,/sqli-00/BenchmarkTest00199,https://localhost:8443/benchmark/sqli-00/BenchmarkTest00199,header,GET_delegates_to_POST,header,header,1,BenchmarkTest00199,text/html;charset=UTF-8,select_like,select,read_like,unknown,writer_output_detected,manual_review_required,adapter_feasible,manual_review_required,MANUAL_REVIEW,false,false,header_adapter,set deterministic request headers without exposing original BenchmarkTest names to the ranker,read-like SQL detected but static response oracle is insufficient,read-like SQL detected but static response oracle is insufficient,not_applicable,no_ranker_candidate_for_incompatible_case,not_applicable,,,,benchmark_case_id;expected_result;ground_truth;label;query_text;source_file;sql_operation_category;sql_statement;vulnerability_label,,audited,static source inspection completed
BenchmarkTest00200,OWASP Benchmark Java,1.2,ba2e3f9a29fa3bde6a5c073d679393c9b94f025f,src\main\java\org\owasp\benchmark\testcode\BenchmarkTest00200.java,expectedresults-1.2.csv,sqli,non_vulnerable,89,case_level,/sqli-00/BenchmarkTest00200,https://localhost:8443/benchmark/sqli-00/BenchmarkTest00200,header,GET_delegates_to_POST,header,header,1,BenchmarkTest00200,text/html;charset=UTF-8,select_like,select,read_like,unknown,writer_output_detected,manual_review_required,adapter_feasible,manual_review_required,MANUAL_REVIEW,false,false,header_adapter,set deterministic request headers without exposing original BenchmarkTest names to the ranker,read-like SQL detected but static response oracle is insufficient,read-like SQL detected but static response oracle is insufficient,not_applicable,no_ranker_candidate_for_incompatible_case,not_applicable,,,,benchmark_case_id;expected_result;ground_truth;label;query_text;source_file;sql_operation_category;sql_statement;vulnerability_label,,audited,static source inspection completed
BenchmarkTest00201,OWASP Benchmark Java,1.2,ba2e3f9a29fa3bde6a5c073d679393c9b94f025f,src\main\java\org\owasp\benchmark\testcode\BenchmarkTest00201.java,expectedresults-1.2.csv,sqli,non_vulnerable,89,case_level,/sqli-00/BenchmarkTest00201,https://localhost:8443/benchmark/sqli-00/BenchmarkTest00201,header,GET_delegates_to_POST,header,header,1,BenchmarkTest00201,text/html;charset=UTF-8,select_like,select,read_like,unknown,writer_output_detected,manual_review_required,adapter_feasible,manual_review_required,MANUAL_REVIEW,false,false,header_adapter,set deterministic request headers without exposing original BenchmarkTest names to the ranker,read-like SQL detected but static response oracle is insufficient,read-like SQL detected but static response oracle is insufficient,not_applicable,no_ranker_candidate_for_incompatible_case,not_applicable,,,,benchmark_case_id;expected_result;ground_truth;label;query_text;source_file;sql_operation_category;sql_statement;vulnerability_label,,audited,static source inspection completed
BenchmarkTest00202,OWASP Benchmark Java,1.2,ba2e3f9a29fa3bde6a5c073d679393c9b94f025f,src\main\java\org\owasp\benchmark\testcode\BenchmarkTest00202.java,expectedresults-1.2.csv,sqli,non_vulnerable,89,case_level,/sqli-00/BenchmarkTest00202,https://localhost:8443/benchmark/sqli-00/BenchmarkTest00202,header,GET_delegates_to_POST,header,header,1,BenchmarkTest00202,text/html;charset=UTF-8,insert,insert;execute_update,write_or_state_changing,executeUpdate,writer_output_detected,not_applicable_non_destructive_conflict,adapter_feasible,not_applicable_non_destructive_conflict,EXCLUDED,false,false,header_adapter,set deterministic request headers without exposing original BenchmarkTest names to the ranker,write/state-changing SQL conflicts with non-destructive verifier philosophy,write/state-changing SQL conflicts with non-destructive verifier philosophy,not_applicable,no_ranker_candidate_for_incompatible_case,not_applicable,,,,benchmark_case_id;expected_result;ground_truth;label;query_text;source_file;sql_operation_category;sql_statement;vulnerability_label,,audited,executeUpdate call statically detected
BenchmarkTest00203,OWASP Benchmark Java,1.2,ba2e3f9a29fa3bde6a5c073d679393c9b94f025f,src\main\java\org\owasp\benchmark\testcode\BenchmarkTest00203.java,expectedresults-1.2.csv,sqli,vulnerable,89,case_level,/sqli-00/BenchmarkTest00203,https://localhost:8443/benchmark/sqli-00/BenchmarkTest00203,header,GET_delegates_to_POST,header,header,1,BenchmarkTest00203,text/html;charset=UTF-8,insert,insert;execute_update,write_or_state_changing,executeUpdate,writer_output_detected,not_applicable_non_destructive_conflict,adapter_feasible,not_applicable_non_destructive_conflict,EXCLUDED,false,false,header_adapter,set deterministic request headers without exposing original BenchmarkTest names to the ranker,write/state-changing SQL conflicts with non-destructive verifier philosophy,write/state-changing SQL conflicts with non-destructive verifier philosophy,not_applicable,no_ranker_candidate_for_incompatible_case,not_applicable,,,,benchmark_case_id;expected_result;ground_truth;label;query_text;source_file;sql_operation_category;sql_statement;vulnerability_label,,audited,executeUpdate call statically detected
BenchmarkTest00204,OWASP Benchmark Java,1.2,ba2e3f9a29fa3bde6a5c073d679393c9b94f025f,src\main\java\org\owasp\benchmark\testcode\BenchmarkTest00204.java,expectedresults-1.2.csv,sqli,vulnerable,89,case_level,/sqli-00/BenchmarkTest00204,https://localhost:8443/benchmark/sqli-00/BenchmarkTest00204,header,GET_delegates_to_POST,header,header,1,BenchmarkTest00204,text/html;charset=UTF-8,insert,insert;execute_update,write_or_state_changing,executeUpdate,writer_output_detected,not_applicable_non_destructive_conflict,adapter_feasible,not_applicable_non_destructive_conflict,EXCLUDED,false,false,header_adapter,set deterministic request headers without exposing original BenchmarkTest names to the ranker,write/state-changing SQL conflicts with non-destructive verifier philosophy,write/state-changing SQL conflicts with non-destructive verifier philosophy,not_applicable,no_ranker_candidate_for_incompatible_case,not_applicable,,,,benchmark_case_id;expected_result;ground_truth;label;query_text;source_file;sql_operation_category;sql_statement;vulnerability_label,,audited,executeUpdate call statically detected
BenchmarkTest00205,OWASP Benchmark Java,1.2,ba2e3f9a29fa3bde6a5c073d679393c9b94f025f,src\main\java\org\owasp\benchmark\testcode\BenchmarkTest00205.java,expectedresults-1.2.csv,sqli,non_vulnerable,89,case_level,/sqli-00/BenchmarkTest00205,https://localhost:8443/benchmark/sqli-00/BenchmarkTest00205,header,GET_delegates_to_POST,header,header,1,BenchmarkTest00205,text/html;charset=UTF-8,insert,insert;execute_update,write_or_state_changing,executeUpdate,writer_output_detected,not_applicable_non_destructive_conflict,adapter_feasible,not_applicable_non_destructive_conflict,EXCLUDED,false,false,header_adapter,set deterministic request headers without exposing original BenchmarkTest names to the ranker,write/state-changing SQL conflicts with non-destructive verifier philosophy,write/state-changing SQL conflicts with non-destructive verifier philosophy,not_applicable,no_ranker_candidate_for_incompatible_case,not_applicable,,,,benchmark_case_id;expected_result;ground_truth;label;query_text;source_file;sql_operation_category;sql_statement;vulnerability_label,,audited,executeUpdate call statically detected
BenchmarkTest00206,OWASP Benchmark Java,1.2,ba2e3f9a29fa3bde6a5c073d679393c9b94f025f,src\main\java\org\owasp\benchmark\testcode\BenchmarkTest00206.java,expectedresults-1.2.csv,sqli,non_vulnerable,89,case_level,/sqli-00/BenchmarkTest00206,https://localhost:8443/benchmark/sqli-00/BenchmarkTest00206,header,GET_delegates_to_POST,header,header,1,BenchmarkTest00206,text/html;charset=UTF-8,insert,insert;execute_update,write_or_state_changing,executeUpdate,writer_output_detected,not_applicable_non_destructive_conflict,adapter_feasible,not_applicable_non_destructive_conflict,EXCLUDED,false,false,header_adapter,set deterministic request headers without exposing original BenchmarkTest names to the ranker,write/state-changing SQL conflicts with non-destructive verifier philosophy,write/state-changing SQL conflicts with non-destructive verifier philosophy,not_applicable,no_ranker_candidate_for_incompatible_case,not_applicable,,,,benchmark_case_id;expected_result;ground_truth;label;query_text;source_file;sql_operation_category;sql_statement;vulnerability_label,,audited,executeUpdate call statically detected
BenchmarkTest00328,OWASP Benchmark Java,1.2,ba2e3f9a29fa3bde6a5c073d679393c9b94f025f,src\main\java\org\owasp\benchmark\testcode\BenchmarkTest00328.java,expectedresults-1.2.csv,sqli,vulnerable,89,case_level,/sqli-00/BenchmarkTest00328,https://localhost:8443/benchmark/sqli-00/BenchmarkTest00328,header,GET_delegates_to_POST,header,header,1,BenchmarkTest00328,text/html;charset=UTF-8,stored_procedure,stored_procedure;execute_query,stored_procedure_ambiguous,executeQuery;prepareCall,result_rows_written,not_applicable_stored_procedure_ambiguous,adapter_feasible,not_applicable_stored_procedure_ambiguous,EXCLUDED,false,false,header_adapter,set deterministic request headers without exposing original BenchmarkTest names to the ranker,stored procedure behavior cannot be assumed read-only by static audit,stored procedure behavior cannot be assumed read-only by static audit,not_applicable,no_ranker_candidate_for_incompatible_case,not_applicable,,,,benchmark_case_id;expected_result;ground_truth;label;query_text;source_file;sql_operation_category;sql_statement;vulnerability_label,,audited,stored procedure call statically detected
BenchmarkTest00329,OWASP Benchmark Java,1.2,ba2e3f9a29fa3bde6a5c073d679393c9b94f025f,src\main\java\org\owasp\benchmark\testcode\BenchmarkTest00329.java,expectedresults-1.2.csv,sqli,non_vulnerable,89,case_level,/sqli-00/BenchmarkTest00329,https://localhost:8443/benchmark/sqli-00/BenchmarkTest00329,header,GET_delegates_to_POST,header,header,1,BenchmarkTest00329,text/html;charset=UTF-8,stored_procedure,stored_procedure;execute_query,stored_procedure_ambiguous,executeQuery;prepareCall,result_rows_written,not_applicable_stored_procedure_ambiguous,adapter_feasible,not_applicable_stored_procedure_ambiguous,EXCLUDED,false,false,header_adapter,set deterministic request headers without exposing original BenchmarkTest names to the ranker,stored procedure behavior cannot be assumed read-only by static audit,stored procedure behavior cannot be assumed read-only by static audit,not_applicable,no_ranker_candidate_for_incompatible_case,not_applicable,,,,benchmark_case_id;expected_result;ground_truth;label;query_text;source_file;sql_operation_category;sql_statement;vulnerability_label,,audited,stored procedure call statically detected
BenchmarkTest00330,OWASP Benchmark Java,1.2,ba2e3f9a29fa3bde6a5c073d679393c9b94f025f,src\main\java\org\owasp\benchmark\testcode\BenchmarkTest00330.java,expectedresults-1.2.csv,sqli,non_vulnerable,89,case_level,/sqli-00/BenchmarkTest00330,https://localhost:8443/benchmark/sqli-00/BenchmarkTest00330,header,GET_delegates_to_POST,header,header,1,BenchmarkTest00330,text/html;charset=UTF-8,stored_procedure,stored_procedure;execute_query,stored_procedure_ambiguous,executeQuery;prepareCall,result_rows_written,not_applicable_stored_procedure_ambiguous,adapter_feasible,not_applicable_stored_procedure_ambiguous,EXCLUDED,false,false,header_adapter,set deterministic request headers without exposing original BenchmarkTest names to the ranker,stored procedure behavior cannot be assumed read-only by static audit,stored procedure behavior cannot be assumed read-only by static audit,not_applicable,no_ranker_candidate_for_incompatible_case,not_applicable,,,,benchmark_case_id;expected_result;ground_truth;label;query_text;source_file;sql_operation_category;sql_statement;vulnerability_label,,audited,stored procedure call statically detected
BenchmarkTest00331,OWASP Benchmark Java,1.2,ba2e3f9a29fa3bde6a5c073d679393c9b94f025f,src\main\java\org\owasp\benchmark\testcode\BenchmarkTest00331.java,expectedresults-1.2.csv,sqli,non_vulnerable,89,case_level,/sqli-00/BenchmarkTest00331,https://localhost:8443/benchmark/sqli-00/BenchmarkTest00331,header,GET_delegates_to_POST,header,header,1,BenchmarkTest00331,text/html;charset=UTF-8,select_like,select;prepared_statement,read_like,execute;prepareStatement,result_rows_written,plausible_runtime_validation_required,adapter_feasible,plausible_runtime_validation_required,ADAPTER_SUPPORTED,true,true,header_adapter,set deterministic request headers without exposing original BenchmarkTest names to the ranker,,original case may be preserved with deterministic transport adapter; runtime boolean validation still required,proposed_schema,,true,os15-c000051,/external-v15/case-000051,candidate_id;sanitized_action_path;http_method;input_carrier;input_count_category;editable_input_count;multiple_parameters;transport_adapter_category;request_shape,benchmark_case_id;expected_result;ground_truth;label;query_text;source_file;sql_operation_category;sql_statement;vulnerability_label,"{""candidate_id"": ""os15-c000051"", ""editable_input_count"": 1, ""http_method"": ""POST_or_request_metadata"", ""input_carrier"": ""header"", ""input_count_category"": ""single"", ""multiple_parameters"": false, ""request_shape"": ""header"", ""sanitized_action_path"": ""/external-v15/case-000051"", ""transport_adapter_category"": ""header""}",audited,static source inspection completed
BenchmarkTest00332,OWASP Benchmark Java,1.2,ba2e3f9a29fa3bde6a5c073d679393c9b94f025f,src\main\java\org\owasp\benchmark\testcode\BenchmarkTest00332.java,expectedresults-1.2.csv,sqli,non_vulnerable,89,case_level,/sqli-00/BenchmarkTest00332,https://localhost:8443/benchmark/sqli-00/BenchmarkTest00332,header,GET_delegates_to_POST,header,header,1,BenchmarkTest00332,text/html;charset=UTF-8,select_like,select;prepared_statement,read_like,execute;prepareStatement,result_rows_written,plausible_runtime_validation_required,adapter_feasible,plausible_runtime_validation_required,ADAPTER_SUPPORTED,true,true,header_adapter,set deterministic request headers without exposing original BenchmarkTest names to the ranker,,original case may be preserved with deterministic transport adapter; runtime boolean validation still required,proposed_schema,,true,os15-c000052,/external-v15/case-000052,candidate_id;sanitized_action_path;http_method;input_carrier;input_count_category;editable_input_count;multiple_parameters;transport_adapter_category;request_shape,benchmark_case_id;expected_result;ground_truth;label;query_text;source_file;sql_operation_category;sql_statement;vulnerability_label,"{""candidate_id"": ""os15-c000052"", ""editable_input_count"": 1, ""http_method"": ""POST_or_request_metadata"", ""input_carrier"": ""header"", ""input_count_category"": ""single"", ""multiple_parameters"": false, ""request_shape"": ""header"", ""sanitized_action_path"": ""/external-v15/case-000052"", ""transport_adapter_category"": ""header""}",audited,static source inspection completed
BenchmarkTest00333,OWASP Benchmark Java,1.2,ba2e3f9a29fa3bde6a5c073d679393c9b94f025f,src\main\java\org\owasp\benchmark\testcode\BenchmarkTest00333.java,expectedresults-1.2.csv,sqli,non_vulnerable,89,case_level,/sqli-00/BenchmarkTest00333,https://localhost:8443/benchmark/sqli-00/BenchmarkTest00333,header,GET_delegates_to_POST,header,header,1,BenchmarkTest00333,text/html;charset=UTF-8,select_like,select;prepared_statement,read_like,execute;prepareStatement,result_rows_written,plausible_runtime_validation_required,adapter_feasible,plausible_runtime_validation_required,ADAPTER_SUPPORTED,true,true,header_adapter,set deterministic request headers without exposing original BenchmarkTest names to the ranker,,original case may be preserved with deterministic transport adapter; runtime boolean validation still required,proposed_schema,,true,os15-c000053,/external-v15/case-000053,candidate_id;sanitized_action_path;http_method;input_carrier;input_count_category;editable_input_count;multiple_parameters;transport_adapter_category;request_shape,benchmark_case_id;expected_result;ground_truth;label;query_text;source_file;sql_operation_category;sql_statement;vulnerability_label,"{""candidate_id"": ""os15-c000053"", ""editable_input_count"": 1, ""http_method"": ""POST_or_request_metadata"", ""input_carrier"": ""header"", ""input_count_category"": ""single"", ""multiple_parameters"": false, ""request_shape"": ""header"", ""sanitized_action_path"": ""/external-v15/case-000053"", ""transport_adapter_category"": ""header""}",audited,static source inspection completed
BenchmarkTest00334,OWASP Benchmark Java,1.2,ba2e3f9a29fa3bde6a5c073d679393c9b94f025f,src\main\java\org\owasp\benchmark\testcode\BenchmarkTest00334.java,expectedresults-1.2.csv,sqli,non_vulnerable,89,case_level,/sqli-00/BenchmarkTest00334,https://localhost:8443/benchmark/sqli-00/BenchmarkTest00334,header,GET_delegates_to_POST,header,header,1,BenchmarkTest00334,text/html;charset=UTF-8,select_like,select;prepared_statement,read_like,execute;prepareStatement,result_rows_written,plausible_runtime_validation_required,adapter_feasible,plausible_runtime_validation_required,ADAPTER_SUPPORTED,true,true,header_adapter,set deterministic request headers without exposing original BenchmarkTest names to the ranker,,original case may be preserved with deterministic transport adapter; runtime boolean validation still required,proposed_schema,,true,os15-c000054,/external-v15/case-000054,candidate_id;sanitized_action_path;http_method;input_carrier;input_count_category;editable_input_count;multiple_parameters;transport_adapter_category;request_shape,benchmark_case_id;expected_result;ground_truth;label;query_text;source_file;sql_operation_category;sql_statement;vulnerability_label,"{""candidate_id"": ""os15-c000054"", ""editable_input_count"": 1, ""http_method"": ""POST_or_request_metadata"", ""input_carrier"": ""header"", ""input_count_category"": ""single"", ""multiple_parameters"": false, ""request_shape"": ""header"", ""sanitized_action_path"": ""/external-v15/case-000054"", ""transport_adapter_category"": ""header""}",audited,static source inspection completed
BenchmarkTest00335,OWASP Benchmark Java,1.2,ba2e3f9a29fa3bde6a5c073d679393c9b94f025f,src\main\java\org\owasp\benchmark\testcode\BenchmarkTest00335.java,expectedresults-1.2.csv,sqli,vulnerable,89,case_level,/sqli-00/BenchmarkTest00335,https://localhost:8443/benchmark/sqli-00/BenchmarkTest00335,header,GET_delegates_to_POST,header,header,1,BenchmarkTest00335,text/html;charset=UTF-8,select_like,select;prepared_statement,read_like,execute;prepareStatement,result_rows_written,plausible_runtime_validation_required,adapter_feasible,plausible_runtime_validation_required,ADAPTER_SUPPORTED,true,true,header_adapter,set deterministic request headers without exposing original BenchmarkTest names to the ranker,,original case may be preserved with deterministic transport adapter; runtime boolean validation still required,proposed_schema,,true,os15-c000055,/external-v15/case-000055,candidate_id;sanitized_action_path;http_method;input_carrier;input_count_category;editable_input_count;multiple_parameters;transport_adapter_category;request_shape,benchmark_case_id;expected_result;ground_truth;label;query_text;source_file;sql_operation_category;sql_statement;vulnerability_label,"{""candidate_id"": ""os15-c000055"", ""editable_input_count"": 1, ""http_method"": ""POST_or_request_metadata"", ""input_carrier"": ""header"", ""input_count_category"": ""single"", ""multiple_parameters"": false, ""request_shape"": ""header"", ""sanitized_action_path"": ""/external-v15/case-000055"", ""transport_adapter_category"": ""header""}",audited,static source inspection completed
BenchmarkTest00336,OWASP Benchmark Java,1.2,ba2e3f9a29fa3bde6a5c073d679393c9b94f025f,src\main\java\org\owasp\benchmark\testcode\BenchmarkTest00336.java,expectedresults-1.2.csv,sqli,non_vulnerable,89,case_level,/sqli-00/BenchmarkTest00336,https://localhost:8443/benchmark/sqli-00/BenchmarkTest00336,header,GET_delegates_to_POST,header,header,1,BenchmarkTest00336,text/html;charset=UTF-8,select_like,select,read_like,unknown,writer_output_detected,manual_review_required,adapter_feasible,manual_review_required,MANUAL_REVIEW,false,false,header_adapter,set deterministic request headers without exposing original BenchmarkTest names to the ranker,read-like SQL detected but static response oracle is insufficient,read-like SQL detected but static response oracle is insufficient,not_applicable,no_ranker_candidate_for_incompatible_case,not_applicable,,,,benchmark_case_id;expected_result;ground_truth;label;query_text;source_file;sql_operation_category;sql_statement;vulnerability_label,,audited,static source inspection completed
BenchmarkTest00337,OWASP Benchmark Java,1.2,ba2e3f9a29fa3bde6a5c073d679393c9b94f025f,src\main\java\org\owasp\benchmark\testcode\BenchmarkTest00337.java,expectedresults-1.2.csv,sqli,vulnerable,89,case_level,/sqli-00/BenchmarkTest00337,https://localhost:8443/benchmark/sqli-00/BenchmarkTest00337,header,GET_delegates_to_POST,header,header,1,BenchmarkTest00337,text/html;charset=UTF-8,select_like,select,read_like,unknown,writer_output_detected,manual_review_required,adapter_feasible,manual_review_required,MANUAL_REVIEW,false,false,header_adapter,set deterministic request headers without exposing original BenchmarkTest names to the ranker,read-like SQL detected but static response oracle is insufficient,read-like SQL detected but static response oracle is insufficient,not_applicable,no_ranker_candidate_for_incompatible_case,not_applicable,,,,benchmark_case_id;expected_result;ground_truth;label;query_text;source_file;sql_operation_category;sql_statement;vulnerability_label,,audited,static source inspection completed
BenchmarkTest00338,OWASP Benchmark Java,1.2,ba2e3f9a29fa3bde6a5c073d679393c9b94f025f,src\main\java\org\owasp\benchmark\testcode\BenchmarkTest00338.java,expectedresults-1.2.csv,sqli,non_vulnerable,89,case_level,/sqli-00/BenchmarkTest00338,https://localhost:8443/benchmark/sqli-00/BenchmarkTest00338,header,GET_delegates_to_POST,header,header,1,BenchmarkTest00338,text/html;charset=UTF-8,select_like,select,read_like,unknown,writer_output_detected,manual_review_required,adapter_feasible,manual_review_required,MANUAL_REVIEW,false,false,header_adapter,set deterministic request headers without exposing original BenchmarkTest names to the ranker,read-like SQL detected but static response oracle is insufficient,read-like SQL detected but static response oracle is insufficient,not_applicable,no_ranker_candidate_for_incompatible_case,not_applicable,,,,benchmark_case_id;expected_result;ground_truth;label;query_text;source_file;sql_operation_category;sql_statement;vulnerability_label,,audited,static source inspection completed
BenchmarkTest00339,OWASP Benchmark Java,1.2,ba2e3f9a29fa3bde6a5c073d679393c9b94f025f,src\main\java\org\owasp\benchmark\testcode\BenchmarkTest00339.java,expectedresults-1.2.csv,sqli,vulnerable,89,case_level,/sqli-00/BenchmarkTest00339,https://localhost:8443/benchmark/sqli-00/BenchmarkTest00339,header,GET_delegates_to_POST,header,header,1,BenchmarkTest00339,text/html;charset=UTF-8,select_like,select,read_like,unknown,result_rows_written,plausible_runtime_validation_required,adapter_feasible,plausible_runtime_validation_required,ADAPTER_SUPPORTED,true,true,header_adapter,set deterministic request headers without exposing original BenchmarkTest names to the ranker,,original case may be preserved with deterministic transport adapter; runtime boolean validation still required,proposed_schema,,true,os15-c000059,/external-v15/case-000059,candidate_id;sanitized_action_path;http_method;input_carrier;input_count_category;editable_input_count;multiple_parameters;transport_adapter_category;request_shape,benchmark_case_id;expected_result;ground_truth;label;query_text;source_file;sql_operation_category;sql_statement;vulnerability_label,"{""candidate_id"": ""os15-c000059"", ""editable_input_count"": 1, ""http_method"": ""POST_or_request_metadata"", ""input_carrier"": ""header"", ""input_count_category"": ""single"", ""multiple_parameters"": false, ""request_shape"": ""header"", ""sanitized_action_path"": ""/external-v15/case-000059"", ""transport_adapter_category"": ""header""}",audited,static source inspection completed
BenchmarkTest00340,OWASP Benchmark Java,1.2,ba2e3f9a29fa3bde6a5c073d679393c9b94f025f,src\main\java\org\owasp\benchmark\testcode\BenchmarkTest00340.java,expectedresults-1.2.csv,sqli,non_vulnerable,89,case_level,/sqli-00/BenchmarkTest00340,https://localhost:8443/benchmark/sqli-00/BenchmarkTest00340,header,GET_delegates_to_POST,header,header,1,BenchmarkTest00340,text/html;charset=UTF-8,select_like,select,read_like,unknown,writer_output_detected,manual_review_required,adapter_feasible,manual_review_required,MANUAL_REVIEW,false,false,header_adapter,set deterministic request headers without exposing original BenchmarkTest names to the ranker,read-like SQL detected but static response oracle is insufficient,read-like SQL detected but static response oracle is insufficient,not_applicable,no_ranker_candidate_for_incompatible_case,not_applicable,,,,benchmark_case_id;expected_result;ground_truth;label;query_text;source_file;sql_operation_category;sql_statement;vulnerability_label,,audited,static source inspection completed
BenchmarkTest00341,OWASP Benchmark Java,1.2,ba2e3f9a29fa3bde6a5c073d679393c9b94f025f,src\main\java\org\owasp\benchmark\testcode\BenchmarkTest00341.java,expectedresults-1.2.csv,sqli,vulnerable,89,case_level,/sqli-00/BenchmarkTest00341,https://localhost:8443/benchmark/sqli-00/BenchmarkTest00341,header,GET_delegates_to_POST,header,header,1,BenchmarkTest00341,text/html;charset=UTF-8,select_like,select,read_like,unknown,writer_output_detected,manual_review_required,adapter_feasible,manual_review_required,MANUAL_REVIEW,false,false,header_adapter,set deterministic request headers without exposing original BenchmarkTest names to the ranker,read-like SQL detected but static response oracle is insufficient,read-like SQL detected but static response oracle is insufficient,not_applicable,no_ranker_candidate_for_incompatible_case,not_applicable,,,,benchmark_case_id;expected_result;ground_truth;label;query_text;source_file;sql_operation_category;sql_statement;vulnerability_label,,audited,static source inspection completed
BenchmarkTest00342,OWASP Benchmark Java,1.2,ba2e3f9a29fa3bde6a5c073d679393c9b94f025f,src\main\java\org\owasp\benchmark\testcode\BenchmarkTest00342.java,expectedresults-1.2.csv,sqli,vulnerable,89,case_level,/sqli-00/BenchmarkTest00342,https://localhost:8443/benchmark/sqli-00/BenchmarkTest00342,header,GET_delegates_to_POST,header,header,1,BenchmarkTest00342,text/html;charset=UTF-8,select_like,select,read_like,execute,result_rows_written,plausible_runtime_validation_required,adapter_feasible,plausible_runtime_validation_required,ADAPTER_SUPPORTED,true,true,header_adapter,set deterministic request headers without exposing original BenchmarkTest names to the ranker,,original case may be preserved with deterministic transport adapter; runtime boolean validation still required,proposed_schema,,true,os15-c000062,/external-v15/case-000062,candidate_id;sanitized_action_path;http_method;input_carrier;input_count_category;editable_input_count;multiple_parameters;transport_adapter_category;request_shape,benchmark_case_id;expected_result;ground_truth;label;query_text;source_file;sql_operation_category;sql_statement;vulnerability_label,"{""candidate_id"": ""os15-c000062"", ""editable_input_count"": 1, ""http_method"": ""POST_or_request_metadata"", ""input_carrier"": ""header"", ""input_count_category"": ""single"", ""multiple_parameters"": false, ""request_shape"": ""header"", ""sanitized_action_path"": ""/external-v15/case-000062"", ""transport_adapter_category"": ""header""}",audited,static source inspection completed
BenchmarkTest00343,OWASP Benchmark Java,1.2,ba2e3f9a29fa3bde6a5c073d679393c9b94f025f,src\main\java\org\owasp\benchmark\testcode\BenchmarkTest00343.java,expectedresults-1.2.csv,sqli,non_vulnerable,89,case_level,/sqli-00/BenchmarkTest00343,https://localhost:8443/benchmark/sqli-00/BenchmarkTest00343,header,GET_delegates_to_POST,header,header,1,BenchmarkTest00343,text/html;charset=UTF-8,select_like,select,read_like,execute,result_rows_written,plausible_runtime_validation_required,adapter_feasible,plausible_runtime_validation_required,ADAPTER_SUPPORTED,true,true,header_adapter,set deterministic request headers without exposing original BenchmarkTest names to the ranker,,original case may be preserved with deterministic transport adapter; runtime boolean validation still required,proposed_schema,,true,os15-c000063,/external-v15/case-000063,candidate_id;sanitized_action_path;http_method;input_carrier;input_count_category;editable_input_count;multiple_parameters;transport_adapter_category;request_shape,benchmark_case_id;expected_result;ground_truth;label;query_text;source_file;sql_operation_category;sql_statement;vulnerability_label,"{""candidate_id"": ""os15-c000063"", ""editable_input_count"": 1, ""http_method"": ""POST_or_request_metadata"", ""input_carrier"": ""header"", ""input_count_category"": ""single"", ""multiple_parameters"": false, ""request_shape"": ""header"", ""sanitized_action_path"": ""/external-v15/case-000063"", ""transport_adapter_category"": ""header""}",audited,static source inspection completed
BenchmarkTest00344,OWASP Benchmark Java,1.2,ba2e3f9a29fa3bde6a5c073d679393c9b94f025f,src\main\java\org\owasp\benchmark\testcode\BenchmarkTest00344.java,expectedresults-1.2.csv,sqli,non_vulnerable,89,case_level,/sqli-00/BenchmarkTest00344,https://localhost:8443/benchmark/sqli-00/BenchmarkTest00344,header,GET_delegates_to_POST,header,header,1,BenchmarkTest00344,text/html;charset=UTF-8,select_like,select;execute_query,read_like,executeQuery,result_rows_written,plausible_runtime_validation_required,adapter_feasible,plausible_runtime_validation_required,ADAPTER_SUPPORTED,true,true,header_adapter,set deterministic request headers without exposing original BenchmarkTest names to the ranker,,original case may be preserved with deterministic transport adapter; runtime boolean validation still required,proposed_schema,,true,os15-c000064,/external-v15/case-000064,candidate_id;sanitized_action_path;http_method;input_carrier;input_count_category;editable_input_count;multiple_parameters;transport_adapter_category;request_shape,benchmark_case_id;expected_result;ground_truth;label;query_text;source_file;sql_operation_category;sql_statement;vulnerability_label,"{""candidate_id"": ""os15-c000064"", ""editable_input_count"": 1, ""http_method"": ""POST_or_request_metadata"", ""input_carrier"": ""header"", ""input_count_category"": ""single"", ""multiple_parameters"": false, ""request_shape"": ""header"", ""sanitized_action_path"": ""/external-v15/case-000064"", ""transport_adapter_category"": ""header""}",audited,static source inspection completed
BenchmarkTest00428,OWASP Benchmark Java,1.2,ba2e3f9a29fa3bde6a5c073d679393c9b94f025f,src\main\java\org\owasp\benchmark\testcode\BenchmarkTest00428.java,expectedresults-1.2.csv,sqli,vulnerable,89,case_level,/sqli-00/BenchmarkTest00428,https://localhost:8443/benchmark/sqli-00/BenchmarkTest00428,POST_form,GET_delegates_to_POST,formparam+formparam+formparam,formparam,3,password;email;BenchmarkTest00428,text/html;charset=UTF-8,select_like,select;prepared_statement,read_like,execute;prepareStatement,result_rows_written,plausible_runtime_validation_required,adapter_feasible,plausible_runtime_validation_required,ADAPTER_SUPPORTED,true,true,form_parameter_adapter;multi_form_parameter_adapter,submit original form parameters with deterministic values;preserve companion form parameters,,original case may be preserved with deterministic transport adapter; runtime boolean validation still required,proposed_schema,,true,os15-c000065,/external-v15/case-000065,candidate_id;sanitized_action_path;http_method;input_carrier;input_count_category;editable_input_count;multiple_parameters;transport_adapter_category;request_shape,benchmark_case_id;expected_result;ground_truth;label;query_text;source_file;sql_operation_category;sql_statement;vulnerability_label,"{""candidate_id"": ""os15-c000065"", ""editable_input_count"": 3, ""http_method"": ""POST_or_request_metadata"", ""input_carrier"": ""form_parameter"", ""input_count_category"": ""small_multi"", ""multiple_parameters"": true, ""request_shape"": ""form"", ""sanitized_action_path"": ""/external-v15/case-000065"", ""transport_adapter_category"": ""form""}",audited,static source inspection completed
BenchmarkTest00429,OWASP Benchmark Java,1.2,ba2e3f9a29fa3bde6a5c073d679393c9b94f025f,src\main\java\org\owasp\benchmark\testcode\BenchmarkTest00429.java,expectedresults-1.2.csv,sqli,vulnerable,89,case_level,/sqli-00/BenchmarkTest00429,https://localhost:8443/benchmark/sqli-00/BenchmarkTest00429,POST_form,GET_delegates_to_POST,formparam+formparam+formparam+formparam,formparam,4,productID;secure;foo;BenchmarkTest00429,text/html;charset=UTF-8,select_like,select;prepared_statement,read_like,execute;prepareStatement,result_rows_written,plausible_runtime_validation_required,adapter_feasible,plausible_runtime_validation_required,ADAPTER_SUPPORTED,true,true,form_parameter_adapter;multi_form_parameter_adapter,submit original form parameters with deterministic values;preserve companion form parameters,,original case may be preserved with deterministic transport adapter; runtime boolean validation still required,proposed_schema,,true,os15-c000066,/external-v15/case-000066,candidate_id;sanitized_action_path;http_method;input_carrier;input_count_category;editable_input_count;multiple_parameters;transport_adapter_category;request_shape,benchmark_case_id;expected_result;ground_truth;label;query_text;source_file;sql_operation_category;sql_statement;vulnerability_label,"{""candidate_id"": ""os15-c000066"", ""editable_input_count"": 4, ""http_method"": ""POST_or_request_metadata"", ""input_carrier"": ""form_parameter"", ""input_count_category"": ""larger_multi"", ""multiple_parameters"": true, ""request_shape"": ""form"", ""sanitized_action_path"": ""/external-v15/case-000066"", ""transport_adapter_category"": ""form""}",audited,static source inspection completed
BenchmarkTest00430,OWASP Benchmark Java,1.2,ba2e3f9a29fa3bde6a5c073d679393c9b94f025f,src\main\java\org\owasp\benchmark\testcode\BenchmarkTest00430.java,expectedresults-1.2.csv,sqli,non_vulnerable,89,case_level,/sqli-00/BenchmarkTest00430,https://localhost:8443/benchmark/sqli-00/BenchmarkTest00430,POST_form,GET_delegates_to_POST,formparam,formparam,1,BenchmarkTest00430,text/html;charset=UTF-8,select_like,select;prepared_statement,read_like,execute;prepareStatement,result_rows_written,plausible_runtime_validation_required,adapter_feasible,plausible_runtime_validation_required,ADAPTER_SUPPORTED,true,true,form_parameter_adapter,submit original form parameters with deterministic values,,original case may be preserved with deterministic transport adapter; runtime boolean validation still required,proposed_schema,,true,os15-c000067,/external-v15/case-000067,candidate_id;sanitized_action_path;http_method;input_carrier;input_count_category;editable_input_count;multiple_parameters;transport_adapter_category;request_shape,benchmark_case_id;expected_result;ground_truth;label;query_text;source_file;sql_operation_category;sql_statement;vulnerability_label,"{""candidate_id"": ""os15-c000067"", ""editable_input_count"": 1, ""http_method"": ""POST_or_request_metadata"", ""input_carrier"": ""form_parameter"", ""input_count_category"": ""single"", ""multiple_parameters"": false, ""request_shape"": ""form"", ""sanitized_action_path"": ""/external-v15/case-000067"", ""transport_adapter_category"": ""form""}",audited,static source inspection completed
BenchmarkTest00431,OWASP Benchmark Java,1.2,ba2e3f9a29fa3bde6a5c073d679393c9b94f025f,src\main\java\org\owasp\benchmark\testcode\BenchmarkTest00431.java,expectedresults-1.2.csv,sqli,vulnerable,89,case_level,/sqli-00/BenchmarkTest00431,https://localhost:8443/benchmark/sqli-00/BenchmarkTest00431,POST_form,GET_delegates_to_POST,formparam,formparam,1,BenchmarkTest00431,text/html;charset=UTF-8,select_like,select,read_like,unknown,writer_output_detected,manual_review_required,adapter_feasible,manual_review_required,MANUAL_REVIEW,false,false,form_parameter_adapter,submit original form parameters with deterministic values,read-like SQL detected but static response oracle is insufficient,read-like SQL detected but static response oracle is insufficient,not_applicable,no_ranker_candidate_for_incompatible_case,not_applicable,,,,benchmark_case_id;expected_result;ground_truth;label;query_text;source_file;sql_operation_category;sql_statement;vulnerability_label,,audited,static source inspection completed
BenchmarkTest00432,OWASP Benchmark Java,1.2,ba2e3f9a29fa3bde6a5c073d679393c9b94f025f,src\main\java\org\owasp\benchmark\testcode\BenchmarkTest00432.java,expectedresults-1.2.csv,sqli,non_vulnerable,89,case_level,/sqli-00/BenchmarkTest00432,https://localhost:8443/benchmark/sqli-00/BenchmarkTest00432,GET_query,GET_delegates_to_POST,getparam+getparam+getparam,getparam,3,password;username;BenchmarkTest00432,text/html;charset=UTF-8,select_like,select,read_like,unknown,writer_output_detected,manual_review_required,adapter_feasible,manual_review_required,MANUAL_REVIEW,false,false,multi_query_parameter_adapter,preserve original query parameter set and replace only the audited controllable value,read-like SQL detected but static response oracle is insufficient,read-like SQL detected but static response oracle is insufficient,not_applicable,no_ranker_candidate_for_incompatible_case,not_applicable,,,,benchmark_case_id;expected_result;ground_truth;label;query_text;source_file;sql_operation_category;sql_statement;vulnerability_label,,audited,static source inspection completed
BenchmarkTest00433,OWASP Benchmark Java,1.2,ba2e3f9a29fa3bde6a5c073d679393c9b94f025f,src\main\java\org\owasp\benchmark\testcode\BenchmarkTest00433.java,expectedresults-1.2.csv,sqli,vulnerable,89,case_level,/sqli-00/BenchmarkTest00433,https://localhost:8443/benchmark/sqli-00/BenchmarkTest00433,POST_form,GET_delegates_to_POST,formparam+formparam+formparam,formparam,3,password;email;BenchmarkTest00433,text/html;charset=UTF-8,select_like,select,read_like,unknown,writer_output_detected,manual_review_required,adapter_feasible,manual_review_required,MANUAL_REVIEW,false,false,form_parameter_adapter;multi_form_parameter_adapter,submit original form parameters with deterministic values;preserve companion form parameters,read-like SQL detected but static response oracle is insufficient,read-like SQL detected but static response oracle is insufficient,not_applicable,no_ranker_candidate_for_incompatible_case,not_applicable,,,,benchmark_case_id;expected_result;ground_truth;label;query_text;source_file;sql_operation_category;sql_statement;vulnerability_label,,audited,static source inspection completed
BenchmarkTest00434,OWASP Benchmark Java,1.2,ba2e3f9a29fa3bde6a5c073d679393c9b94f025f,src\main\java\org\owasp\benchmark\testcode\BenchmarkTest00434.java,expectedresults-1.2.csv,sqli,vulnerable,89,case_level,/sqli-00/BenchmarkTest00434,https://localhost:8443/benchmark/sqli-00/BenchmarkTest00434,POST_form,GET_delegates_to_POST,formparam+formparam+formparam+formparam,formparam,4,productID;secure;foo;BenchmarkTest00434,text/html;charset=UTF-8,select_like,select,read_like,unknown,writer_output_detected,manual_review_required,adapter_feasible,manual_review_required,MANUAL_REVIEW,false,false,form_parameter_adapter;multi_form_parameter_adapter,submit original form parameters with deterministic values;preserve companion form parameters,read-like SQL detected but static response oracle is insufficient,read-like SQL detected but static response oracle is insufficient,not_applicable,no_ranker_candidate_for_incompatible_case,not_applicable,,,,benchmark_case_id;expected_result;ground_truth;label;query_text;source_file;sql_operation_category;sql_statement;vulnerability_label,,audited,static source inspection completed
BenchmarkTest00435,OWASP Benchmark Java,1.2,ba2e3f9a29fa3bde6a5c073d679393c9b94f025f,src\main\java\org\owasp\benchmark\testcode\BenchmarkTest00435.java,expectedresults-1.2.csv,sqli,vulnerable,89,case_level,/sqli-00/BenchmarkTest00435,https://localhost:8443/benchmark/sqli-00/BenchmarkTest00435,POST_form,GET_delegates_to_POST,formparam,formparam,1,BenchmarkTest00435,text/html;charset=UTF-8,select_like,select,read_like,unknown,result_rows_written,plausible_runtime_validation_required,adapter_feasible,plausible_runtime_validation_required,ADAPTER_SUPPORTED,true,true,form_parameter_adapter,submit original form parameters with deterministic values,,original case may be preserved with deterministic transport adapter; runtime boolean validation still required,proposed_schema,,true,os15-c000072,/external-v15/case-000072,candidate_id;sanitized_action_path;http_method;input_carrier;input_count_category;editable_input_count;multiple_parameters;transport_adapter_category;request_shape,benchmark_case_id;expected_result;ground_truth;label;query_text;source_file;sql_operation_category;sql_statement;vulnerability_label,"{""candidate_id"": ""os15-c000072"", ""editable_input_count"": 1, ""http_method"": ""POST_or_request_metadata"", ""input_carrier"": ""form_parameter"", ""input_count_category"": ""single"", ""multiple_parameters"": false, ""request_shape"": ""form"", ""sanitized_action_path"": ""/external-v15/case-000072"", ""transport_adapter_category"": ""form""}",audited,static source inspection completed
BenchmarkTest00436,OWASP Benchmark Java,1.2,ba2e3f9a29fa3bde6a5c073d679393c9b94f025f,src\main\java\org\owasp\benchmark\testcode\BenchmarkTest00436.java,expectedresults-1.2.csv,sqli,non_vulnerable,89,case_level,/sqli-00/BenchmarkTest00436,https://localhost:8443/benchmark/sqli-00/BenchmarkTest00436,POST_form,GET_delegates_to_POST,formparam,formparam,1,BenchmarkTest00436,text/html;charset=UTF-8,select_like,select,read_like,execute,result_rows_written,plausible_runtime_validation_required,adapter_feasible,plausible_runtime_validation_required,ADAPTER_SUPPORTED,true,true,form_parameter_adapter,submit original form parameters with deterministic values,,original case may be preserved with deterministic transport adapter; runtime boolean validation still required,proposed_schema,,true,os15-c000073,/external-v15/case-000073,candidate_id;sanitized_action_path;http_method;input_carrier;input_count_category;editable_input_count;multiple_parameters;transport_adapter_category;request_shape,benchmark_case_id;expected_result;ground_truth;label;query_text;source_file;sql_operation_category;sql_statement;vulnerability_label,"{""candidate_id"": ""os15-c000073"", ""editable_input_count"": 1, ""http_method"": ""POST_or_request_metadata"", ""input_carrier"": ""form_parameter"", ""input_count_category"": ""single"", ""multiple_parameters"": false, ""request_shape"": ""form"", ""sanitized_action_path"": ""/external-v15/case-000073"", ""transport_adapter_category"": ""form""}",audited,static source inspection completed
BenchmarkTest00437,OWASP Benchmark Java,1.2,ba2e3f9a29fa3bde6a5c073d679393c9b94f025f,src\main\java\org\owasp\benchmark\testcode\BenchmarkTest00437.java,expectedresults-1.2.csv,sqli,non_vulnerable,89,case_level,/sqli-00/BenchmarkTest00437,https://localhost:8443/benchmark/sqli-00/BenchmarkTest00437,GET_query,GET_delegates_to_POST,getparam+getparam+getparam,getparam,3,password;username;BenchmarkTest00437,text/html;charset=UTF-8,select_like,select,read_like,execute,result_rows_written,plausible_runtime_validation_required,adapter_feasible,plausible_runtime_validation_required,ADAPTER_SUPPORTED,true,true,multi_query_parameter_adapter,preserve original query parameter set and replace only the audited controllable value,,original case may be preserved with deterministic transport adapter; runtime boolean validation still required,proposed_schema,,true,os15-c000074,/external-v15/case-000074,candidate_id;sanitized_action_path;http_method;input_carrier;input_count_category;editable_input_count;multiple_parameters;transport_adapter_category;request_shape,benchmark_case_id;expected_result;ground_truth;label;query_text;source_file;sql_operation_category;sql_statement;vulnerability_label,"{""candidate_id"": ""os15-c000074"", ""editable_input_count"": 3, ""http_method"": ""GET"", ""input_carrier"": ""query_parameter"", ""input_count_category"": ""small_multi"", ""multiple_parameters"": true, ""request_shape"": ""query"", ""sanitized_action_path"": ""/external-v15/case-000074"", ""transport_adapter_category"": ""query_multi""}",audited,static source inspection completed
BenchmarkTest00438,OWASP Benchmark Java,1.2,ba2e3f9a29fa3bde6a5c073d679393c9b94f025f,src\main\java\org\owasp\benchmark\testcode\BenchmarkTest00438.java,expectedresults-1.2.csv,sqli,vulnerable,89,case_level,/sqli-00/BenchmarkTest00438,https://localhost:8443/benchmark/sqli-00/BenchmarkTest00438,POST_form,GET_delegates_to_POST,formparam+formparam+formparam,formparam,3,password;email;BenchmarkTest00438,text/html;charset=UTF-8,select_like,select,read_like,execute,result_rows_written,plausible_runtime_validation_required,adapter_feasible,plausible_runtime_validation_required,ADAPTER_SUPPORTED,true,true,form_parameter_adapter;multi_form_parameter_adapter,submit original form parameters with deterministic values;preserve companion form parameters,,original case may be preserved with deterministic transport adapter; runtime boolean validation still required,proposed_schema,,true,os15-c000075,/external-v15/case-000075,candidate_id;sanitized_action_path;http_method;input_carrier;input_count_category;editable_input_count;multiple_parameters;transport_adapter_category;request_shape,benchmark_case_id;expected_result;ground_truth;label;query_text;source_file;sql_operation_category;sql_statement;vulnerability_label,"{""candidate_id"": ""os15-c000075"", ""editable_input_count"": 3, ""http_method"": ""POST_or_request_metadata"", ""input_carrier"": ""form_parameter"", ""input_count_category"": ""small_multi"", ""multiple_parameters"": true, ""request_shape"": ""form"", ""sanitized_action_path"": ""/external-v15/case-000075"", ""transport_adapter_category"": ""form""}",audited,static source inspection completed
BenchmarkTest00439,OWASP Benchmark Java,1.2,ba2e3f9a29fa3bde6a5c073d679393c9b94f025f,src\main\java\org\owasp\benchmark\testcode\BenchmarkTest00439.java,expectedresults-1.2.csv,sqli,vulnerable,89,case_level,/sqli-00/BenchmarkTest00439,https://localhost:8443/benchmark/sqli-00/BenchmarkTest00439,POST_form,GET_delegates_to_POST,formparam+formparam+formparam+formparam,formparam,4,productID;secure;foo;BenchmarkTest00439,text/html;charset=UTF-8,select_like,select;execute_query,read_like,executeQuery,result_rows_written,plausible_runtime_validation_required,adapter_feasible,plausible_runtime_validation_required,ADAPTER_SUPPORTED,true,true,form_parameter_adapter;multi_form_parameter_adapter,submit original form parameters with deterministic values;preserve companion form parameters,,original case may be preserved with deterministic transport adapter; runtime boolean validation still required,proposed_schema,,true,os15-c000076,/external-v15/case-000076,candidate_id;sanitized_action_path;http_method;input_carrier;input_count_category;editable_input_count;multiple_parameters;transport_adapter_category;request_shape,benchmark_case_id;expected_result;ground_truth;label;query_text;source_file;sql_operation_category;sql_statement;vulnerability_label,"{""candidate_id"": ""os15-c000076"", ""editable_input_count"": 4, ""http_method"": ""POST_or_request_metadata"", ""input_carrier"": ""form_parameter"", ""input_count_category"": ""larger_multi"", ""multiple_parameters"": true, ""request_shape"": ""form"", ""sanitized_action_path"": ""/external-v15/case-000076"", ""transport_adapter_category"": ""form""}",audited,static source inspection completed
BenchmarkTest00440,OWASP Benchmark Java,1.2,ba2e3f9a29fa3bde6a5c073d679393c9b94f025f,src\main\java\org\owasp\benchmark\testcode\BenchmarkTest00440.java,expectedresults-1.2.csv,sqli,non_vulnerable,89,case_level,/sqli-00/BenchmarkTest00440,https://localhost:8443/benchmark/sqli-00/BenchmarkTest00440,POST_form,GET_delegates_to_POST,formparam,formparam,1,BenchmarkTest00440,text/html;charset=UTF-8,insert,insert;execute_update,write_or_state_changing,executeUpdate,writer_output_detected,not_applicable_non_destructive_conflict,adapter_feasible,not_applicable_non_destructive_conflict,EXCLUDED,false,false,form_parameter_adapter,submit original form parameters with deterministic values,write/state-changing SQL conflicts with non-destructive verifier philosophy,write/state-changing SQL conflicts with non-destructive verifier philosophy,not_applicable,no_ranker_candidate_for_incompatible_case,not_applicable,,,,benchmark_case_id;expected_result;ground_truth;label;query_text;source_file;sql_operation_category;sql_statement;vulnerability_label,,audited,executeUpdate call statically detected
BenchmarkTest00441,OWASP Benchmark Java,1.2,ba2e3f9a29fa3bde6a5c073d679393c9b94f025f,src\main\java\org\owasp\benchmark\testcode\BenchmarkTest00441.java,expectedresults-1.2.csv,sqli,vulnerable,89,case_level,/sqli-00/BenchmarkTest00441,https://localhost:8443/benchmark/sqli-00/BenchmarkTest00441,POST_form,GET_delegates_to_POST,formparam,formparam,1,BenchmarkTest00441,text/html;charset=UTF-8,insert,insert;execute_update,write_or_state_changing,executeUpdate,writer_output_detected,not_applicable_non_destructive_conflict,adapter_feasible,not_applicable_non_destructive_conflict,EXCLUDED,false,false,form_parameter_adapter,submit original form parameters with deterministic values,write/state-changing SQL conflicts with non-destructive verifier philosophy,write/state-changing SQL conflicts with non-destructive verifier philosophy,not_applicable,no_ranker_candidate_for_incompatible_case,not_applicable,,,,benchmark_case_id;expected_result;ground_truth;label;query_text;source_file;sql_operation_category;sql_statement;vulnerability_label,,audited,executeUpdate call statically detected
BenchmarkTest00509,OWASP Benchmark Java,1.2,ba2e3f9a29fa3bde6a5c073d679393c9b94f025f,src\main\java\org\owasp\benchmark\testcode\BenchmarkTest00509.java,expectedresults-1.2.csv,sqli,non_vulnerable,89,case_level,/sqli-00/BenchmarkTest00509,https://localhost:8443/benchmark/sqli-00/BenchmarkTest00509,POST_form,GET_delegates_to_POST,formparam+formparam+formparam+formparam,formparam,4,productID;secure;foo;BenchmarkTest00509,text/html;charset=UTF-8,stored_procedure,stored_procedure;execute_query,stored_procedure_ambiguous,executeQuery;prepareCall,result_rows_written,not_applicable_stored_procedure_ambiguous,adapter_feasible,not_applicable_stored_procedure_ambiguous,EXCLUDED,false,false,form_parameter_adapter;multi_form_parameter_adapter,submit original form parameters with deterministic values;preserve companion form parameters,stored procedure behavior cannot be assumed read-only by static audit,stored procedure behavior cannot be assumed read-only by static audit,not_applicable,no_ranker_candidate_for_incompatible_case,not_applicable,,,,benchmark_case_id;expected_result;ground_truth;label;query_text;source_file;sql_operation_category;sql_statement;vulnerability_label,,audited,stored procedure call statically detected
BenchmarkTest00510,OWASP Benchmark Java,1.2,ba2e3f9a29fa3bde6a5c073d679393c9b94f025f,src\main\java\org\owasp\benchmark\testcode\BenchmarkTest00510.java,expectedresults-1.2.csv,sqli,vulnerable,89,case_level,/sqli-00/BenchmarkTest00510,https://localhost:8443/benchmark/sqli-00/BenchmarkTest00510,POST_form,GET_delegates_to_POST,formparam,formparam,1,BenchmarkTest00510,text/html;charset=UTF-8,stored_procedure,stored_procedure;execute_query,stored_procedure_ambiguous,executeQuery;prepareCall,result_rows_written,not_applicable_stored_procedure_ambiguous,adapter_feasible,not_applicable_stored_procedure_ambiguous,EXCLUDED,false,false,form_parameter_adapter,submit original form parameters with deterministic values,stored procedure behavior cannot be assumed read-only by static audit,stored procedure behavior cannot be assumed read-only by static audit,not_applicable,no_ranker_candidate_for_incompatible_case,not_applicable,,,,benchmark_case_id;expected_result;ground_truth;label;query_text;source_file;sql_operation_category;sql_statement;vulnerability_label,,audited,stored procedure call statically detected
BenchmarkTest00511,OWASP Benchmark Java,1.2,ba2e3f9a29fa3bde6a5c073d679393c9b94f025f,src\main\java\org\owasp\benchmark\testcode\BenchmarkTest00511.java,expectedresults-1.2.csv,sqli,non_vulnerable,89,case_level,/sqli-01/BenchmarkTest00511,https://localhost:8443/benchmark/sqli-01/BenchmarkTest00511,POST_form,GET_delegates_to_POST,formparam,formparam,1,BenchmarkTest00511,text/html;charset=UTF-8,select_like,select,read_like,unknown,writer_output_detected,manual_review_required,adapter_feasible,manual_review_required,MANUAL_REVIEW,false,false,form_parameter_adapter,submit original form parameters with deterministic values,read-like SQL detected but static response oracle is insufficient,read-like SQL detected but static response oracle is insufficient,not_applicable,no_ranker_candidate_for_incompatible_case,not_applicable,,,,benchmark_case_id;expected_result;ground_truth;label;query_text;source_file;sql_operation_category;sql_statement;vulnerability_label,,audited,static source inspection completed
BenchmarkTest00512,OWASP Benchmark Java,1.2,ba2e3f9a29fa3bde6a5c073d679393c9b94f025f,src\main\java\org\owasp\benchmark\testcode\BenchmarkTest00512.java,expectedresults-1.2.csv,sqli,vulnerable,89,case_level,/sqli-01/BenchmarkTest00512,https://localhost:8443/benchmark/sqli-01/BenchmarkTest00512,GET_query,GET_delegates_to_POST,getparam+getparam+getparam,getparam,3,password;username;BenchmarkTest00512,text/html;charset=UTF-8,select_like,select,read_like,execute,result_rows_written,plausible_runtime_validation_required,adapter_feasible,plausible_runtime_validation_required,ADAPTER_SUPPORTED,true,true,multi_query_parameter_adapter,preserve original query parameter set and replace only the audited controllable value,,original case may be preserved with deterministic transport adapter; runtime boolean validation still required,proposed_schema,,true,os15-c000082,/external-v15/case-000082,candidate_id;sanitized_action_path;http_method;input_carrier;input_count_category;editable_input_count;multiple_parameters;transport_adapter_category;request_shape,benchmark_case_id;expected_result;ground_truth;label;query_text;source_file;sql_operation_category;sql_statement;vulnerability_label,"{""candidate_id"": ""os15-c000082"", ""editable_input_count"": 3, ""http_method"": ""GET"", ""input_carrier"": ""query_parameter"", ""input_count_category"": ""small_multi"", ""multiple_parameters"": true, ""request_shape"": ""query"", ""sanitized_action_path"": ""/external-v15/case-000082"", ""transport_adapter_category"": ""query_multi""}",audited,static source inspection completed
BenchmarkTest00513,OWASP Benchmark Java,1.2,ba2e3f9a29fa3bde6a5c073d679393c9b94f025f,src\main\java\org\owasp\benchmark\testcode\BenchmarkTest00513.java,expectedresults-1.2.csv,sqli,non_vulnerable,89,case_level,/sqli-01/BenchmarkTest00513,https://localhost:8443/benchmark/sqli-01/BenchmarkTest00513,POST_form,GET_delegates_to_POST,formparam+formparam+formparam,formparam,3,password;email;BenchmarkTest00513,text/html;charset=UTF-8,select_like,select,read_like,execute,result_rows_written,plausible_runtime_validation_required,adapter_feasible,plausible_runtime_validation_required,ADAPTER_SUPPORTED,true,true,form_parameter_adapter;multi_form_parameter_adapter,submit original form parameters with deterministic values;preserve companion form parameters,,original case may be preserved with deterministic transport adapter; runtime boolean validation still required,proposed_schema,,true,os15-c000083,/external-v15/case-000083,candidate_id;sanitized_action_path;http_method;input_carrier;input_count_category;editable_input_count;multiple_parameters;transport_adapter_category;request_shape,benchmark_case_id;expected_result;ground_truth;label;query_text;source_file;sql_operation_category;sql_statement;vulnerability_label,"{""candidate_id"": ""os15-c000083"", ""editable_input_count"": 3, ""http_method"": ""POST_or_request_metadata"", ""input_carrier"": ""form_parameter"", ""input_count_category"": ""small_multi"", ""multiple_parameters"": true, ""request_shape"": ""form"", ""sanitized_action_path"": ""/external-v15/case-000083"", ""transport_adapter_category"": ""form""}",audited,static source inspection completed
BenchmarkTest00514,OWASP Benchmark Java,1.2,ba2e3f9a29fa3bde6a5c073d679393c9b94f025f,src\main\java\org\owasp\benchmark\testcode\BenchmarkTest00514.java,expectedresults-1.2.csv,sqli,non_vulnerable,89,case_level,/sqli-01/BenchmarkTest00514,https://localhost:8443/benchmark/sqli-01/BenchmarkTest00514,POST_form,GET_delegates_to_POST,formparam+formparam+formparam+formparam,formparam,4,productID;secure;foo;BenchmarkTest00514,text/html;charset=UTF-8,select_like,select,read_like,execute,result_rows_written,plausible_runtime_validation_required,adapter_feasible,plausible_runtime_validation_required,ADAPTER_SUPPORTED,true,true,form_parameter_adapter;multi_form_parameter_adapter,submit original form parameters with deterministic values;preserve companion form parameters,,original case may be preserved with deterministic transport adapter; runtime boolean validation still required,proposed_schema,,true,os15-c000084,/external-v15/case-000084,candidate_id;sanitized_action_path;http_method;input_carrier;input_count_category;editable_input_count;multiple_parameters;transport_adapter_category;request_shape,benchmark_case_id;expected_result;ground_truth;label;query_text;source_file;sql_operation_category;sql_statement;vulnerability_label,"{""candidate_id"": ""os15-c000084"", ""editable_input_count"": 4, ""http_method"": ""POST_or_request_metadata"", ""input_carrier"": ""form_parameter"", ""input_count_category"": ""larger_multi"", ""multiple_parameters"": true, ""request_shape"": ""form"", ""sanitized_action_path"": ""/external-v15/case-000084"", ""transport_adapter_category"": ""form""}",audited,static source inspection completed
BenchmarkTest00515,OWASP Benchmark Java,1.2,ba2e3f9a29fa3bde6a5c073d679393c9b94f025f,src\main\java\org\owasp\benchmark\testcode\BenchmarkTest00515.java,expectedresults-1.2.csv,sqli,vulnerable,89,case_level,/sqli-01/BenchmarkTest00515,https://localhost:8443/benchmark/sqli-01/BenchmarkTest00515,POST_form,GET_delegates_to_POST,formparam,formparam,1,BenchmarkTest00515,text/html;charset=UTF-8,select_like,select,read_like,execute,result_rows_written,plausible_runtime_validation_required,adapter_feasible,plausible_runtime_validation_required,ADAPTER_SUPPORTED,true,true,form_parameter_adapter,submit original form parameters with deterministic values,,original case may be preserved with deterministic transport adapter; runtime boolean validation still required,proposed_schema,,true,os15-c000085,/external-v15/case-000085,candidate_id;sanitized_action_path;http_method;input_carrier;input_count_category;editable_input_count;multiple_parameters;transport_adapter_category;request_shape,benchmark_case_id;expected_result;ground_truth;label;query_text;source_file;sql_operation_category;sql_statement;vulnerability_label,"{""candidate_id"": ""os15-c000085"", ""editable_input_count"": 1, ""http_method"": ""POST_or_request_metadata"", ""input_carrier"": ""form_parameter"", ""input_count_category"": ""single"", ""multiple_parameters"": false, ""request_shape"": ""form"", ""sanitized_action_path"": ""/external-v15/case-000085"", ""transport_adapter_category"": ""form""}",audited,static source inspection completed
BenchmarkTest00516,OWASP Benchmark Java,1.2,ba2e3f9a29fa3bde6a5c073d679393c9b94f025f,src\main\java\org\owasp\benchmark\testcode\BenchmarkTest00516.java,expectedresults-1.2.csv,sqli,vulnerable,89,case_level,/sqli-01/BenchmarkTest00516,https://localhost:8443/benchmark/sqli-01/BenchmarkTest00516,POST_form,GET_delegates_to_POST,formparam,formparam,1,BenchmarkTest00516,text/html;charset=UTF-8,select_like,select,read_like,execute,result_rows_written,plausible_runtime_validation_required,adapter_feasible,plausible_runtime_validation_required,ADAPTER_SUPPORTED,true,true,form_parameter_adapter,submit original form parameters with deterministic values,,original case may be preserved with deterministic transport adapter; runtime boolean validation still required,proposed_schema,,true,os15-c000086,/external-v15/case-000086,candidate_id;sanitized_action_path;http_method;input_carrier;input_count_category;editable_input_count;multiple_parameters;transport_adapter_category;request_shape,benchmark_case_id;expected_result;ground_truth;label;query_text;source_file;sql_operation_category;sql_statement;vulnerability_label,"{""candidate_id"": ""os15-c000086"", ""editable_input_count"": 1, ""http_method"": ""POST_or_request_metadata"", ""input_carrier"": ""form_parameter"", ""input_count_category"": ""single"", ""multiple_parameters"": false, ""request_shape"": ""form"", ""sanitized_action_path"": ""/external-v15/case-000086"", ""transport_adapter_category"": ""form""}",audited,static source inspection completed
BenchmarkTest00517,OWASP Benchmark Java,1.2,ba2e3f9a29fa3bde6a5c073d679393c9b94f025f,src\main\java\org\owasp\benchmark\testcode\BenchmarkTest00517.java,expectedresults-1.2.csv,sqli,non_vulnerable,89,case_level,/sqli-01/BenchmarkTest00517,https://localhost:8443/benchmark/sqli-01/BenchmarkTest00517,GET_query,GET_delegates_to_POST,getparam+getparam+getparam,getparam,3,password;username;BenchmarkTest00517,text/html;charset=UTF-8,select_like,select,read_like,execute,result_rows_written,plausible_runtime_validation_required,adapter_feasible,plausible_runtime_validation_required,ADAPTER_SUPPORTED,true,true,multi_query_parameter_adapter,preserve original query parameter set and replace only the audited controllable value,,original case may be preserved with deterministic transport adapter; runtime boolean validation still required,proposed_schema,,true,os15-c000087,/external-v15/case-000087,candidate_id;sanitized_action_path;http_method;input_carrier;input_count_category;editable_input_count;multiple_parameters;transport_adapter_category;request_shape,benchmark_case_id;expected_result;ground_truth;label;query_text;source_file;sql_operation_category;sql_statement;vulnerability_label,"{""candidate_id"": ""os15-c000087"", ""editable_input_count"": 3, ""http_method"": ""GET"", ""input_carrier"": ""query_parameter"", ""input_count_category"": ""small_multi"", ""multiple_parameters"": true, ""request_shape"": ""query"", ""sanitized_action_path"": ""/external-v15/case-000087"", ""transport_adapter_category"": ""query_multi""}",audited,static source inspection completed
BenchmarkTest00518,OWASP Benchmark Java,1.2,ba2e3f9a29fa3bde6a5c073d679393c9b94f025f,src\main\java\org\owasp\benchmark\testcode\BenchmarkTest00518.java,expectedresults-1.2.csv,sqli,vulnerable,89,case_level,/sqli-01/BenchmarkTest00518,https://localhost:8443/benchmark/sqli-01/BenchmarkTest00518,POST_form,GET_delegates_to_POST,formparam+formparam+formparam,formparam,3,password;email;BenchmarkTest00518,text/html;charset=UTF-8,insert,insert;execute_update,write_or_state_changing,executeUpdate,writer_output_detected,not_applicable_non_destructive_conflict,adapter_feasible,not_applicable_non_destructive_conflict,EXCLUDED,false,false,form_parameter_adapter;multi_form_parameter_adapter,submit original form parameters with deterministic values;preserve companion form parameters,write/state-changing SQL conflicts with non-destructive verifier philosophy,write/state-changing SQL conflicts with non-destructive verifier philosophy,not_applicable,no_ranker_candidate_for_incompatible_case,not_applicable,,,,benchmark_case_id;expected_result;ground_truth;label;query_text;source_file;sql_operation_category;sql_statement;vulnerability_label,,audited,executeUpdate call statically detected
BenchmarkTest00519,OWASP Benchmark Java,1.2,ba2e3f9a29fa3bde6a5c073d679393c9b94f025f,src\main\java\org\owasp\benchmark\testcode\BenchmarkTest00519.java,expectedresults-1.2.csv,sqli,non_vulnerable,89,case_level,/sqli-01/BenchmarkTest00519,https://localhost:8443/benchmark/sqli-01/BenchmarkTest00519,POST_form,GET_delegates_to_POST,formparam+formparam+formparam+formparam,formparam,4,productID;secure;foo;BenchmarkTest00519,text/html;charset=UTF-8,insert,insert;execute_update,write_or_state_changing,executeUpdate,writer_output_detected,not_applicable_non_destructive_conflict,adapter_feasible,not_applicable_non_destructive_conflict,EXCLUDED,false,false,form_parameter_adapter;multi_form_parameter_adapter,submit original form parameters with deterministic values;preserve companion form parameters,write/state-changing SQL conflicts with non-destructive verifier philosophy,write/state-changing SQL conflicts with non-destructive verifier philosophy,not_applicable,no_ranker_candidate_for_incompatible_case,not_applicable,,,,benchmark_case_id;expected_result;ground_truth;label;query_text;source_file;sql_operation_category;sql_statement;vulnerability_label,,audited,executeUpdate call statically detected
BenchmarkTest00589,OWASP Benchmark Java,1.2,ba2e3f9a29fa3bde6a5c073d679393c9b94f025f,src\main\java\org\owasp\benchmark\testcode\BenchmarkTest00589.java,expectedresults-1.2.csv,sqli,non_vulnerable,89,case_level,/sqli-01/BenchmarkTest00589,https://localhost:8443/benchmark/sqli-01/BenchmarkTest00589,POST_form,GET_delegates_to_POST,formparam+formparam,formparam,2,"answer;verifyUserPassword('foo','bar')",text/html;charset=UTF-8,stored_procedure,stored_procedure;execute_query,stored_procedure_ambiguous,executeQuery;prepareCall,result_rows_written,not_applicable_stored_procedure_ambiguous,adapter_feasible,not_applicable_stored_procedure_ambiguous,EXCLUDED,false,false,form_parameter_adapter;multi_form_parameter_adapter,submit original form parameters with deterministic values;preserve companion form parameters,stored procedure behavior cannot be assumed read-only by static audit,stored procedure behavior cannot be assumed read-only by static audit,not_applicable,no_ranker_candidate_for_incompatible_case,not_applicable,,,,benchmark_case_id;expected_result;ground_truth;label;query_text;source_file;sql_operation_category;sql_statement;vulnerability_label,,audited,stored procedure call statically detected
BenchmarkTest00590,OWASP Benchmark Java,1.2,ba2e3f9a29fa3bde6a5c073d679393c9b94f025f,src\main\java\org\owasp\benchmark\testcode\BenchmarkTest00590.java,expectedresults-1.2.csv,sqli,vulnerable,89,case_level,/sqli-01/BenchmarkTest00590,https://localhost:8443/benchmark/sqli-01/BenchmarkTest00590,POST_form,GET_delegates_to_POST,formparam+formparam,formparam,2,"answer;verifyUserPassword('foo','bar')",text/html;charset=UTF-8,stored_procedure,stored_procedure;execute_query,stored_procedure_ambiguous,executeQuery;prepareCall,result_rows_written,not_applicable_stored_procedure_ambiguous,adapter_feasible,not_applicable_stored_procedure_ambiguous,EXCLUDED,false,false,form_parameter_adapter;multi_form_parameter_adapter,submit original form parameters with deterministic values;preserve companion form parameters,stored procedure behavior cannot be assumed read-only by static audit,stored procedure behavior cannot be assumed read-only by static audit,not_applicable,no_ranker_candidate_for_incompatible_case,not_applicable,,,,benchmark_case_id;expected_result;ground_truth;label;query_text;source_file;sql_operation_category;sql_statement;vulnerability_label,,audited,stored procedure call statically detected
BenchmarkTest00591,OWASP Benchmark Java,1.2,ba2e3f9a29fa3bde6a5c073d679393c9b94f025f,src\main\java\org\owasp\benchmark\testcode\BenchmarkTest00591.java,expectedresults-1.2.csv,sqli,vulnerable,89,case_level,/sqli-01/BenchmarkTest00591,https://localhost:8443/benchmark/sqli-01/BenchmarkTest00591,POST_form,GET_delegates_to_POST,formparam+formparam,formparam,2,answer;bar,text/html;charset=UTF-8,select_like,select;prepared_statement,read_like,execute;prepareStatement,result_rows_written,plausible_runtime_validation_required,adapter_feasible,plausible_runtime_validation_required,ADAPTER_SUPPORTED,true,true,form_parameter_adapter;multi_form_parameter_adapter,submit original form parameters with deterministic values;preserve companion form parameters,,original case may be preserved with deterministic transport adapter; runtime boolean validation still required,proposed_schema,,true,os15-c000092,/external-v15/case-000092,candidate_id;sanitized_action_path;http_method;input_carrier;input_count_category;editable_input_count;multiple_parameters;transport_adapter_category;request_shape,benchmark_case_id;expected_result;ground_truth;label;query_text;source_file;sql_operation_category;sql_statement;vulnerability_label,"{""candidate_id"": ""os15-c000092"", ""editable_input_count"": 2, ""http_method"": ""POST_or_request_metadata"", ""input_carrier"": ""form_parameter"", ""input_count_category"": ""small_multi"", ""multiple_parameters"": true, ""request_shape"": ""form"", ""sanitized_action_path"": ""/external-v15/case-000092"", ""transport_adapter_category"": ""form""}",audited,static source inspection completed
BenchmarkTest00592,OWASP Benchmark Java,1.2,ba2e3f9a29fa3bde6a5c073d679393c9b94f025f,src\main\java\org\owasp\benchmark\testcode\BenchmarkTest00592.java,expectedresults-1.2.csv,sqli,non_vulnerable,89,case_level,/sqli-01/BenchmarkTest00592,https://localhost:8443/benchmark/sqli-01/BenchmarkTest00592,POST_form,GET_delegates_to_POST,formparam+formparam,formparam,2,answer;bar,text/html;charset=UTF-8,select_like,select;prepared_statement,read_like,execute;prepareStatement,result_rows_written,plausible_runtime_validation_required,adapter_feasible,plausible_runtime_validation_required,ADAPTER_SUPPORTED,true,true,form_parameter_adapter;multi_form_parameter_adapter,submit original form parameters with deterministic values;preserve companion form parameters,,original case may be preserved with deterministic transport adapter; runtime boolean validation still required,proposed_schema,,true,os15-c000093,/external-v15/case-000093,candidate_id;sanitized_action_path;http_method;input_carrier;input_count_category;editable_input_count;multiple_parameters;transport_adapter_category;request_shape,benchmark_case_id;expected_result;ground_truth;label;query_text;source_file;sql_operation_category;sql_statement;vulnerability_label,"{""candidate_id"": ""os15-c000093"", ""editable_input_count"": 2, ""http_method"": ""POST_or_request_metadata"", ""input_carrier"": ""form_parameter"", ""input_count_category"": ""small_multi"", ""multiple_parameters"": true, ""request_shape"": ""form"", ""sanitized_action_path"": ""/external-v15/case-000093"", ""transport_adapter_category"": ""form""}",audited,static source inspection completed
BenchmarkTest00593,OWASP Benchmark Java,1.2,ba2e3f9a29fa3bde6a5c073d679393c9b94f025f,src\main\java\org\owasp\benchmark\testcode\BenchmarkTest00593.java,expectedresults-1.2.csv,sqli,vulnerable,89,case_level,/sqli-01/BenchmarkTest00593,https://localhost:8443/benchmark/sqli-01/BenchmarkTest00593,POST_form,GET_delegates_to_POST,formparam+formparam,formparam,2,answer;bar,text/html;charset=UTF-8,select_like,select;prepared_statement,read_like,execute;prepareStatement,result_rows_written,plausible_runtime_validation_required,adapter_feasible,plausible_runtime_validation_required,ADAPTER_SUPPORTED,true,true,form_parameter_adapter;multi_form_parameter_adapter,submit original form parameters with deterministic values;preserve companion form parameters,,original case may be preserved with deterministic transport adapter; runtime boolean validation still required,proposed_schema,,true,os15-c000094,/external-v15/case-000094,candidate_id;sanitized_action_path;http_method;input_carrier;input_count_category;editable_input_count;multiple_parameters;transport_adapter_category;request_shape,benchmark_case_id;expected_result;ground_truth;label;query_text;source_file;sql_operation_category;sql_statement;vulnerability_label,"{""candidate_id"": ""os15-c000094"", ""editable_input_count"": 2, ""http_method"": ""POST_or_request_metadata"", ""input_carrier"": ""form_parameter"", ""input_count_category"": ""small_multi"", ""multiple_parameters"": true, ""request_shape"": ""form"", ""sanitized_action_path"": ""/external-v15/case-000094"", ""transport_adapter_category"": ""form""}",audited,static source inspection completed
BenchmarkTest00594,OWASP Benchmark Java,1.2,ba2e3f9a29fa3bde6a5c073d679393c9b94f025f,src\main\java\org\owasp\benchmark\testcode\BenchmarkTest00594.java,expectedresults-1.2.csv,sqli,vulnerable,89,case_level,/sqli-01/BenchmarkTest00594,https://localhost:8443/benchmark/sqli-01/BenchmarkTest00594,POST_form,GET_delegates_to_POST,formparam+formparam,formparam,2,answer;bar,text/html;charset=UTF-8,select_like,select;prepared_statement,read_like,execute;prepareStatement,result_rows_written,plausible_runtime_validation_required,adapter_feasible,plausible_runtime_validation_required,ADAPTER_SUPPORTED,true,true,form_parameter_adapter;multi_form_parameter_adapter,submit original form parameters with deterministic values;preserve companion form parameters,,original case may be preserved with deterministic transport adapter; runtime boolean validation still required,proposed_schema,,true,os15-c000095,/external-v15/case-000095,candidate_id;sanitized_action_path;http_method;input_carrier;input_count_category;editable_input_count;multiple_parameters;transport_adapter_category;request_shape,benchmark_case_id;expected_result;ground_truth;label;query_text;source_file;sql_operation_category;sql_statement;vulnerability_label,"{""candidate_id"": ""os15-c000095"", ""editable_input_count"": 2, ""http_method"": ""POST_or_request_metadata"", ""input_carrier"": ""form_parameter"", ""input_count_category"": ""small_multi"", ""multiple_parameters"": true, ""request_shape"": ""form"", ""sanitized_action_path"": ""/external-v15/case-000095"", ""transport_adapter_category"": ""form""}",audited,static source inspection completed
BenchmarkTest00595,OWASP Benchmark Java,1.2,ba2e3f9a29fa3bde6a5c073d679393c9b94f025f,src\main\java\org\owasp\benchmark\testcode\BenchmarkTest00595.java,expectedresults-1.2.csv,sqli,vulnerable,89,case_level,/sqli-01/BenchmarkTest00595,https://localhost:8443/benchmark/sqli-01/BenchmarkTest00595,POST_form,GET_delegates_to_POST,formparam+formparam,formparam,2,answer;bar,text/html;charset=UTF-8,select_like,select;prepared_statement,read_like,execute;prepareStatement,result_rows_written,plausible_runtime_validation_required,adapter_feasible,plausible_runtime_validation_required,ADAPTER_SUPPORTED,true,true,form_parameter_adapter;multi_form_parameter_adapter,submit original form parameters with deterministic values;preserve companion form parameters,,original case may be preserved with deterministic transport adapter; runtime boolean validation still required,proposed_schema,,true,os15-c000096,/external-v15/case-000096,candidate_id;sanitized_action_path;http_method;input_carrier;input_count_category;editable_input_count;multiple_parameters;transport_adapter_category;request_shape,benchmark_case_id;expected_result;ground_truth;label;query_text;source_file;sql_operation_category;sql_statement;vulnerability_label,"{""candidate_id"": ""os15-c000096"", ""editable_input_count"": 2, ""http_method"": ""POST_or_request_metadata"", ""input_carrier"": ""form_parameter"", ""input_count_category"": ""small_multi"", ""multiple_parameters"": true, ""request_shape"": ""form"", ""sanitized_action_path"": ""/external-v15/case-000096"", ""transport_adapter_category"": ""form""}",audited,static source inspection completed
BenchmarkTest00596,OWASP Benchmark Java,1.2,ba2e3f9a29fa3bde6a5c073d679393c9b94f025f,src\main\java\org\owasp\benchmark\testcode\BenchmarkTest00596.java,expectedresults-1.2.csv,sqli,vulnerable,89,case_level,/sqli-01/BenchmarkTest00596,https://localhost:8443/benchmark/sqli-01/BenchmarkTest00596,POST_form,GET_delegates_to_POST,formparam+formparam,formparam,2,answer;bar,text/html;charset=UTF-8,select_like,select,read_like,unknown,writer_output_detected,manual_review_required,adapter_feasible,manual_review_required,MANUAL_REVIEW,false,false,form_parameter_adapter;multi_form_parameter_adapter,submit original form parameters with deterministic values;preserve companion form parameters,read-like SQL detected but static response oracle is insufficient,read-like SQL detected but static response oracle is insufficient,not_applicable,no_ranker_candidate_for_incompatible_case,not_applicable,,,,benchmark_case_id;expected_result;ground_truth;label;query_text;source_file;sql_operation_category;sql_statement;vulnerability_label,,audited,static source inspection completed
BenchmarkTest00597,OWASP Benchmark Java,1.2,ba2e3f9a29fa3bde6a5c073d679393c9b94f025f,src\main\java\org\owasp\benchmark\testcode\BenchmarkTest00597.java,expectedresults-1.2.csv,sqli,vulnerable,89,case_level,/sqli-01/BenchmarkTest00597,https://localhost:8443/benchmark/sqli-01/BenchmarkTest00597,POST_form,GET_delegates_to_POST,formparam+formparam,formparam,2,answer;bar,text/html;charset=UTF-8,select_like,select,read_like,unknown,writer_output_detected,manual_review_required,adapter_feasible,manual_review_required,MANUAL_REVIEW,false,false,form_parameter_adapter;multi_form_parameter_adapter,submit original form parameters with deterministic values;preserve companion form parameters,read-like SQL detected but static response oracle is insufficient,read-like SQL detected but static response oracle is insufficient,not_applicable,no_ranker_candidate_for_incompatible_case,not_applicable,,,,benchmark_case_id;expected_result;ground_truth;label;query_text;source_file;sql_operation_category;sql_statement;vulnerability_label,,audited,static source inspection completed
BenchmarkTest00598,OWASP Benchmark Java,1.2,ba2e3f9a29fa3bde6a5c073d679393c9b94f025f,src\main\java\org\owasp\benchmark\testcode\BenchmarkTest00598.java,expectedresults-1.2.csv,sqli,vulnerable,89,case_level,/sqli-01/BenchmarkTest00598,https://localhost:8443/benchmark/sqli-01/BenchmarkTest00598,POST_form,GET_delegates_to_POST,formparam+formparam,formparam,2,answer;bar,text/html;charset=UTF-8,select_like,select,read_like,unknown,writer_output_detected,manual_review_required,adapter_feasible,manual_review_required,MANUAL_REVIEW,false,false,form_parameter_adapter;multi_form_parameter_adapter,submit original form parameters with deterministic values;preserve companion form parameters,read-like SQL detected but static response oracle is insufficient,read-like SQL detected but static response oracle is insufficient,not_applicable,no_ranker_candidate_for_incompatible_case,not_applicable,,,,benchmark_case_id;expected_result;ground_truth;label;query_text;source_file;sql_operation_category;sql_statement;vulnerability_label,,audited,static source inspection completed
BenchmarkTest00599,OWASP Benchmark Java,1.2,ba2e3f9a29fa3bde6a5c073d679393c9b94f025f,src\main\java\org\owasp\benchmark\testcode\BenchmarkTest00599.java,expectedresults-1.2.csv,sqli,non_vulnerable,89,case_level,/sqli-01/BenchmarkTest00599,https://localhost:8443/benchmark/sqli-01/BenchmarkTest00599,POST_form,GET_delegates_to_POST,formparam+formparam,formparam,2,answer;bar,text/html;charset=UTF-8,select_like,select,read_like,unknown,writer_output_detected,manual_review_required,adapter_feasible,manual_review_required,MANUAL_REVIEW,false,false,form_parameter_adapter;multi_form_parameter_adapter,submit original form parameters with deterministic values;preserve companion form parameters,read-like SQL detected but static response oracle is insufficient,read-like SQL detected but static response oracle is insufficient,not_applicable,no_ranker_candidate_for_incompatible_case,not_applicable,,,,benchmark_case_id;expected_result;ground_truth;label;query_text;source_file;sql_operation_category;sql_statement;vulnerability_label,,audited,static source inspection completed
BenchmarkTest00600,OWASP Benchmark Java,1.2,ba2e3f9a29fa3bde6a5c073d679393c9b94f025f,src\main\java\org\owasp\benchmark\testcode\BenchmarkTest00600.java,expectedresults-1.2.csv,sqli,vulnerable,89,case_level,/sqli-01/BenchmarkTest00600,https://localhost:8443/benchmark/sqli-01/BenchmarkTest00600,POST_form,GET_delegates_to_POST,formparam+formparam,formparam,2,answer;bar,text/html;charset=UTF-8,select_like,select,read_like,unknown,writer_output_detected,manual_review_required,adapter_feasible,manual_review_required,MANUAL_REVIEW,false,false,form_parameter_adapter;multi_form_parameter_adapter,submit original form parameters with deterministic values;preserve companion form parameters,read-like SQL detected but static response oracle is insufficient,read-like SQL detected but static response oracle is insufficient,not_applicable,no_ranker_candidate_for_incompatible_case,not_applicable,,,,benchmark_case_id;expected_result;ground_truth;label;query_text;source_file;sql_operation_category;sql_statement;vulnerability_label,,audited,static source inspection completed
BenchmarkTest00601,OWASP Benchmark Java,1.2,ba2e3f9a29fa3bde6a5c073d679393c9b94f025f,src\main\java\org\owasp\benchmark\testcode\BenchmarkTest00601.java,expectedresults-1.2.csv,sqli,non_vulnerable,89,case_level,/sqli-01/BenchmarkTest00601,https://localhost:8443/benchmark/sqli-01/BenchmarkTest00601,POST_form,GET_delegates_to_POST,formparam+formparam,formparam,2,answer;bar,text/html;charset=UTF-8,select_like,select,read_like,unknown,result_rows_written,plausible_runtime_validation_required,adapter_feasible,plausible_runtime_validation_required,ADAPTER_SUPPORTED,true,true,form_parameter_adapter;multi_form_parameter_adapter,submit original form parameters with deterministic values;preserve companion form parameters,,original case may be preserved with deterministic transport adapter; runtime boolean validation still required,proposed_schema,,true,os15-c000102,/external-v15/case-000102,candidate_id;sanitized_action_path;http_method;input_carrier;input_count_category;editable_input_count;multiple_parameters;transport_adapter_category;request_shape,benchmark_case_id;expected_result;ground_truth;label;query_text;source_file;sql_operation_category;sql_statement;vulnerability_label,"{""candidate_id"": ""os15-c000102"", ""editable_input_count"": 2, ""http_method"": ""POST_or_request_metadata"", ""input_carrier"": ""form_parameter"", ""input_count_category"": ""small_multi"", ""multiple_parameters"": true, ""request_shape"": ""form"", ""sanitized_action_path"": ""/external-v15/case-000102"", ""transport_adapter_category"": ""form""}",audited,static source inspection completed
BenchmarkTest00602,OWASP Benchmark Java,1.2,ba2e3f9a29fa3bde6a5c073d679393c9b94f025f,src\main\java\org\owasp\benchmark\testcode\BenchmarkTest00602.java,expectedresults-1.2.csv,sqli,non_vulnerable,89,case_level,/sqli-01/BenchmarkTest00602,https://localhost:8443/benchmark/sqli-01/BenchmarkTest00602,POST_form,GET_delegates_to_POST,formparam+formparam,formparam,2,answer;bar,text/html;charset=UTF-8,select_like,select,read_like,execute,result_rows_written,plausible_runtime_validation_required,adapter_feasible,plausible_runtime_validation_required,ADAPTER_SUPPORTED,true,true,form_parameter_adapter;multi_form_parameter_adapter,submit original form parameters with deterministic values;preserve companion form parameters,,original case may be preserved with deterministic transport adapter; runtime boolean validation still required,proposed_schema,,true,os15-c000103,/external-v15/case-000103,candidate_id;sanitized_action_path;http_method;input_carrier;input_count_category;editable_input_count;multiple_parameters;transport_adapter_category;request_shape,benchmark_case_id;expected_result;ground_truth;label;query_text;source_file;sql_operation_category;sql_statement;vulnerability_label,"{""candidate_id"": ""os15-c000103"", ""editable_input_count"": 2, ""http_method"": ""POST_or_request_metadata"", ""input_carrier"": ""form_parameter"", ""input_count_category"": ""small_multi"", ""multiple_parameters"": true, ""request_shape"": ""form"", ""sanitized_action_path"": ""/external-v15/case-000103"", ""transport_adapter_category"": ""form""}",audited,static source inspection completed
BenchmarkTest00603,OWASP Benchmark Java,1.2,ba2e3f9a29fa3bde6a5c073d679393c9b94f025f,src\main\java\org\owasp\benchmark\testcode\BenchmarkTest00603.java,expectedresults-1.2.csv,sqli,vulnerable,89,case_level,/sqli-01/BenchmarkTest00603,https://localhost:8443/benchmark/sqli-01/BenchmarkTest00603,POST_form,GET_delegates_to_POST,formparam+formparam,formparam,2,answer;bar,text/html;charset=UTF-8,select_like,select,read_like,execute,result_rows_written,plausible_runtime_validation_required,adapter_feasible,plausible_runtime_validation_required,ADAPTER_SUPPORTED,true,true,form_parameter_adapter;multi_form_parameter_adapter,submit original form parameters with deterministic values;preserve companion form parameters,,original case may be preserved with deterministic transport adapter; runtime boolean validation still required,proposed_schema,,true,os15-c000104,/external-v15/case-000104,candidate_id;sanitized_action_path;http_method;input_carrier;input_count_category;editable_input_count;multiple_parameters;transport_adapter_category;request_shape,benchmark_case_id;expected_result;ground_truth;label;query_text;source_file;sql_operation_category;sql_statement;vulnerability_label,"{""candidate_id"": ""os15-c000104"", ""editable_input_count"": 2, ""http_method"": ""POST_or_request_metadata"", ""input_carrier"": ""form_parameter"", ""input_count_category"": ""small_multi"", ""multiple_parameters"": true, ""request_shape"": ""form"", ""sanitized_action_path"": ""/external-v15/case-000104"", ""transport_adapter_category"": ""form""}",audited,static source inspection completed
BenchmarkTest00604,OWASP Benchmark Java,1.2,ba2e3f9a29fa3bde6a5c073d679393c9b94f025f,src\main\java\org\owasp\benchmark\testcode\BenchmarkTest00604.java,expectedresults-1.2.csv,sqli,vulnerable,89,case_level,/sqli-01/BenchmarkTest00604,https://localhost:8443/benchmark/sqli-01/BenchmarkTest00604,POST_form,GET_delegates_to_POST,formparam+formparam,formparam,2,answer;bar,text/html;charset=UTF-8,select_like,select;execute_query,read_like,executeQuery,result_rows_written,plausible_runtime_validation_required,adapter_feasible,plausible_runtime_validation_required,ADAPTER_SUPPORTED,true,true,form_parameter_adapter;multi_form_parameter_adapter,submit original form parameters with deterministic values;preserve companion form parameters,,original case may be preserved with deterministic transport adapter; runtime boolean validation still required,proposed_schema,,true,os15-c000105,/external-v15/case-000105,candidate_id;sanitized_action_path;http_method;input_carrier;input_count_category;editable_input_count;multiple_parameters;transport_adapter_category;request_shape,benchmark_case_id;expected_result;ground_truth;label;query_text;source_file;sql_operation_category;sql_statement;vulnerability_label,"{""candidate_id"": ""os15-c000105"", ""editable_input_count"": 2, ""http_method"": ""POST_or_request_metadata"", ""input_carrier"": ""form_parameter"", ""input_count_category"": ""small_multi"", ""multiple_parameters"": true, ""request_shape"": ""form"", ""sanitized_action_path"": ""/external-v15/case-000105"", ""transport_adapter_category"": ""form""}",audited,static source inspection completed
BenchmarkTest00605,OWASP Benchmark Java,1.2,ba2e3f9a29fa3bde6a5c073d679393c9b94f025f,src\main\java\org\owasp\benchmark\testcode\BenchmarkTest00605.java,expectedresults-1.2.csv,sqli,non_vulnerable,89,case_level,/sqli-01/BenchmarkTest00605,https://localhost:8443/benchmark/sqli-01/BenchmarkTest00605,POST_form,GET_delegates_to_POST,formparam+formparam,formparam,2,answer;bar,text/html;charset=UTF-8,insert,insert;execute_update,write_or_state_changing,executeUpdate,writer_output_detected,not_applicable_non_destructive_conflict,adapter_feasible,not_applicable_non_destructive_conflict,EXCLUDED,false,false,form_parameter_adapter;multi_form_parameter_adapter,submit original form parameters with deterministic values;preserve companion form parameters,write/state-changing SQL conflicts with non-destructive verifier philosophy,write/state-changing SQL conflicts with non-destructive verifier philosophy,not_applicable,no_ranker_candidate_for_incompatible_case,not_applicable,,,,benchmark_case_id;expected_result;ground_truth;label;query_text;source_file;sql_operation_category;sql_statement;vulnerability_label,,audited,executeUpdate call statically detected
BenchmarkTest00606,OWASP Benchmark Java,1.2,ba2e3f9a29fa3bde6a5c073d679393c9b94f025f,src\main\java\org\owasp\benchmark\testcode\BenchmarkTest00606.java,expectedresults-1.2.csv,sqli,vulnerable,89,case_level,/sqli-01/BenchmarkTest00606,https://localhost:8443/benchmark/sqli-01/BenchmarkTest00606,POST_form,GET_delegates_to_POST,formparam+formparam,formparam,2,answer;bar,text/html;charset=UTF-8,insert,insert;execute_update,write_or_state_changing,executeUpdate,writer_output_detected,not_applicable_non_destructive_conflict,adapter_feasible,not_applicable_non_destructive_conflict,EXCLUDED,false,false,form_parameter_adapter;multi_form_parameter_adapter,submit original form parameters with deterministic values;preserve companion form parameters,write/state-changing SQL conflicts with non-destructive verifier philosophy,write/state-changing SQL conflicts with non-destructive verifier philosophy,not_applicable,no_ranker_candidate_for_incompatible_case,not_applicable,,,,benchmark_case_id;expected_result;ground_truth;label;query_text;source_file;sql_operation_category;sql_statement;vulnerability_label,,audited,executeUpdate call statically detected
BenchmarkTest00672,OWASP Benchmark Java,1.2,ba2e3f9a29fa3bde6a5c073d679393c9b94f025f,src\main\java\org\owasp\benchmark\testcode\BenchmarkTest00672.java,expectedresults-1.2.csv,sqli,non_vulnerable,89,case_level,/sqli-01/BenchmarkTest00672,https://localhost:8443/benchmark/sqli-01/BenchmarkTest00672,POST_form,GET_delegates_to_POST,formparam,formparam,1,BenchmarkTest00672,text/html;charset=UTF-8,stored_procedure,stored_procedure;execute_query,stored_procedure_ambiguous,executeQuery;prepareCall,result_rows_written,not_applicable_stored_procedure_ambiguous,adapter_feasible,not_applicable_stored_procedure_ambiguous,EXCLUDED,false,false,form_parameter_adapter,submit original form parameters with deterministic values,stored procedure behavior cannot be assumed read-only by static audit,stored procedure behavior cannot be assumed read-only by static audit,not_applicable,no_ranker_candidate_for_incompatible_case,not_applicable,,,,benchmark_case_id;expected_result;ground_truth;label;query_text;source_file;sql_operation_category;sql_statement;vulnerability_label,,audited,stored procedure call statically detected
BenchmarkTest00673,OWASP Benchmark Java,1.2,ba2e3f9a29fa3bde6a5c073d679393c9b94f025f,src\main\java\org\owasp\benchmark\testcode\BenchmarkTest00673.java,expectedresults-1.2.csv,sqli,vulnerable,89,case_level,/sqli-01/BenchmarkTest00673,https://localhost:8443/benchmark/sqli-01/BenchmarkTest00673,POST_form,GET_delegates_to_POST,formparam,formparam,1,BenchmarkTest00673,text/html;charset=UTF-8,select_like,select;prepared_statement,read_like,execute;prepareStatement,result_rows_written,plausible_runtime_validation_required,adapter_feasible,plausible_runtime_validation_required,ADAPTER_SUPPORTED,true,true,form_parameter_adapter,submit original form parameters with deterministic values,,original case may be preserved with deterministic transport adapter; runtime boolean validation still required,proposed_schema,,true,os15-c000109,/external-v15/case-000109,candidate_id;sanitized_action_path;http_method;input_carrier;input_count_category;editable_input_count;multiple_parameters;transport_adapter_category;request_shape,benchmark_case_id;expected_result;ground_truth;label;query_text;source_file;sql_operation_category;sql_statement;vulnerability_label,"{""candidate_id"": ""os15-c000109"", ""editable_input_count"": 1, ""http_method"": ""POST_or_request_metadata"", ""input_carrier"": ""form_parameter"", ""input_count_category"": ""single"", ""multiple_parameters"": false, ""request_shape"": ""form"", ""sanitized_action_path"": ""/external-v15/case-000109"", ""transport_adapter_category"": ""form""}",audited,static source inspection completed
BenchmarkTest00674,OWASP Benchmark Java,1.2,ba2e3f9a29fa3bde6a5c073d679393c9b94f025f,src\main\java\org\owasp\benchmark\testcode\BenchmarkTest00674.java,expectedresults-1.2.csv,sqli,non_vulnerable,89,case_level,/sqli-01/BenchmarkTest00674,https://localhost:8443/benchmark/sqli-01/BenchmarkTest00674,GET_query,GET_delegates_to_POST,getparam+getparam+getparam,getparam,3,password;username;BenchmarkTest00674,text/html;charset=UTF-8,select_like,select;prepared_statement,read_like,execute;prepareStatement,result_rows_written,plausible_runtime_validation_required,adapter_feasible,plausible_runtime_validation_required,ADAPTER_SUPPORTED,true,true,multi_query_parameter_adapter,preserve original query parameter set and replace only the audited controllable value,,original case may be preserved with deterministic transport adapter; runtime boolean validation still required,proposed_schema,,true,os15-c000110,/external-v15/case-000110,candidate_id;sanitized_action_path;http_method;input_carrier;input_count_category;editable_input_count;multiple_parameters;transport_adapter_category;request_shape,benchmark_case_id;expected_result;ground_truth;label;query_text;source_file;sql_operation_category;sql_statement;vulnerability_label,"{""candidate_id"": ""os15-c000110"", ""editable_input_count"": 3, ""http_method"": ""GET"", ""input_carrier"": ""query_parameter"", ""input_count_category"": ""small_multi"", ""multiple_parameters"": true, ""request_shape"": ""query"", ""sanitized_action_path"": ""/external-v15/case-000110"", ""transport_adapter_category"": ""query_multi""}",audited,static source inspection completed
BenchmarkTest00675,OWASP Benchmark Java,1.2,ba2e3f9a29fa3bde6a5c073d679393c9b94f025f,src\main\java\org\owasp\benchmark\testcode\BenchmarkTest00675.java,expectedresults-1.2.csv,sqli,non_vulnerable,89,case_level,/sqli-01/BenchmarkTest00675,https://localhost:8443/benchmark/sqli-01/BenchmarkTest00675,POST_form,GET_delegates_to_POST,formparam+formparam+formparam,formparam,3,password;email;BenchmarkTest00675,text/html;charset=UTF-8,select_like,select;prepared_statement,read_like,execute;prepareStatement,result_rows_written,plausible_runtime_validation_required,adapter_feasible,plausible_runtime_validation_required,ADAPTER_SUPPORTED,true,true,form_parameter_adapter;multi_form_parameter_adapter,submit original form parameters with deterministic values;preserve companion form parameters,,original case may be preserved with deterministic transport adapter; runtime boolean validation still required,proposed_schema,,true,os15-c000111,/external-v15/case-000111,candidate_id;sanitized_action_path;http_method;input_carrier;input_count_category;editable_input_count;multiple_parameters;transport_adapter_category;request_shape,benchmark_case_id;expected_result;ground_truth;label;query_text;source_file;sql_operation_category;sql_statement;vulnerability_label,"{""candidate_id"": ""os15-c000111"", ""editable_input_count"": 3, ""http_method"": ""POST_or_request_metadata"", ""input_carrier"": ""form_parameter"", ""input_count_category"": ""small_multi"", ""multiple_parameters"": true, ""request_shape"": ""form"", ""sanitized_action_path"": ""/external-v15/case-000111"", ""transport_adapter_category"": ""form""}",audited,static source inspection completed
BenchmarkTest00676,OWASP Benchmark Java,1.2,ba2e3f9a29fa3bde6a5c073d679393c9b94f025f,src\main\java\org\owasp\benchmark\testcode\BenchmarkTest00676.java,expectedresults-1.2.csv,sqli,non_vulnerable,89,case_level,/sqli-01/BenchmarkTest00676,https://localhost:8443/benchmark/sqli-01/BenchmarkTest00676,POST_form,GET_delegates_to_POST,formparam+formparam+formparam+formparam,formparam,4,productID;secure;foo;BenchmarkTest00676,text/html;charset=UTF-8,select_like,select;prepared_statement,read_like,execute;prepareStatement,result_rows_written,plausible_runtime_validation_required,adapter_feasible,plausible_runtime_validation_required,ADAPTER_SUPPORTED,true,true,form_parameter_adapter;multi_form_parameter_adapter,submit original form parameters with deterministic values;preserve companion form parameters,,original case may be preserved with deterministic transport adapter; runtime boolean validation still required,proposed_schema,,true,os15-c000112,/external-v15/case-000112,candidate_id;sanitized_action_path;http_method;input_carrier;input_count_category;editable_input_count;multiple_parameters;transport_adapter_category;request_shape,benchmark_case_id;expected_result;ground_truth;label;query_text;source_file;sql_operation_category;sql_statement;vulnerability_label,"{""candidate_id"": ""os15-c000112"", ""editable_input_count"": 4, ""http_method"": ""POST_or_request_metadata"", ""input_carrier"": ""form_parameter"", ""input_count_category"": ""larger_multi"", ""multiple_parameters"": true, ""request_shape"": ""form"", ""sanitized_action_path"": ""/external-v15/case-000112"", ""transport_adapter_category"": ""form""}",audited,static source inspection completed
BenchmarkTest00677,OWASP Benchmark Java,1.2,ba2e3f9a29fa3bde6a5c073d679393c9b94f025f,src\main\java\org\owasp\benchmark\testcode\BenchmarkTest00677.java,expectedresults-1.2.csv,sqli,vulnerable,89,case_level,/sqli-01/BenchmarkTest00677,https://localhost:8443/benchmark/sqli-01/BenchmarkTest00677,POST_form,GET_delegates_to_POST,formparam,formparam,1,BenchmarkTest00677,text/html;charset=UTF-8,select_like,select,read_like,unknown,writer_output_detected,manual_review_required,adapter_feasible,manual_review_required,MANUAL_REVIEW,false,false,form_parameter_adapter,submit original form parameters with deterministic values,read-like SQL detected but static response oracle is insufficient,read-like SQL detected but static response oracle is insufficient,not_applicable,no_ranker_candidate_for_incompatible_case,not_applicable,,,,benchmark_case_id;expected_result;ground_truth;label;query_text;source_file;sql_operation_category;sql_statement;vulnerability_label,,audited,static source inspection completed
BenchmarkTest00678,OWASP Benchmark Java,1.2,ba2e3f9a29fa3bde6a5c073d679393c9b94f025f,src\main\java\org\owasp\benchmark\testcode\BenchmarkTest00678.java,expectedresults-1.2.csv,sqli,vulnerable,89,case_level,/sqli-01/BenchmarkTest00678,https://localhost:8443/benchmark/sqli-01/BenchmarkTest00678,POST_form,GET_delegates_to_POST,formparam,formparam,1,BenchmarkTest00678,text/html;charset=UTF-8,select_like,select,read_like,unknown,writer_output_detected,manual_review_required,adapter_feasible,manual_review_required,MANUAL_REVIEW,false,false,form_parameter_adapter,submit original form parameters with deterministic values,read-like SQL detected but static response oracle is insufficient,read-like SQL detected but static response oracle is insufficient,not_applicable,no_ranker_candidate_for_incompatible_case,not_applicable,,,,benchmark_case_id;expected_result;ground_truth;label;query_text;source_file;sql_operation_category;sql_statement;vulnerability_label,,audited,static source inspection completed
BenchmarkTest00679,OWASP Benchmark Java,1.2,ba2e3f9a29fa3bde6a5c073d679393c9b94f025f,src\main\java\org\owasp\benchmark\testcode\BenchmarkTest00679.java,expectedresults-1.2.csv,sqli,vulnerable,89,case_level,/sqli-01/BenchmarkTest00679,https://localhost:8443/benchmark/sqli-01/BenchmarkTest00679,GET_query,GET_delegates_to_POST,getparam+getparam+getparam,getparam,3,password;username;BenchmarkTest00679,text/html;charset=UTF-8,select_like,select,read_like,unknown,writer_output_detected,manual_review_required,adapter_feasible,manual_review_required,MANUAL_REVIEW,false,false,multi_query_parameter_adapter,preserve original query parameter set and replace only the audited controllable value,read-like SQL detected but static response oracle is insufficient,read-like SQL detected but static response oracle is insufficient,not_applicable,no_ranker_candidate_for_incompatible_case,not_applicable,,,,benchmark_case_id;expected_result;ground_truth;label;query_text;source_file;sql_operation_category;sql_statement;vulnerability_label,,audited,static source inspection completed
BenchmarkTest00680,OWASP Benchmark Java,1.2,ba2e3f9a29fa3bde6a5c073d679393c9b94f025f,src\main\java\org\owasp\benchmark\testcode\BenchmarkTest00680.java,expectedresults-1.2.csv,sqli,non_vulnerable,89,case_level,/sqli-01/BenchmarkTest00680,https://localhost:8443/benchmark/sqli-01/BenchmarkTest00680,POST_form,GET_delegates_to_POST,formparam+formparam+formparam,formparam,3,password;email;BenchmarkTest00680,text/html;charset=UTF-8,select_like,select,read_like,execute,result_rows_written,plausible_runtime_validation_required,adapter_feasible,plausible_runtime_validation_required,ADAPTER_SUPPORTED,true,true,form_parameter_adapter;multi_form_parameter_adapter,submit original form parameters with deterministic values;preserve companion form parameters,,original case may be preserved with deterministic transport adapter; runtime boolean validation still required,proposed_schema,,true,os15-c000116,/external-v15/case-000116,candidate_id;sanitized_action_path;http_method;input_carrier;input_count_category;editable_input_count;multiple_parameters;transport_adapter_category;request_shape,benchmark_case_id;expected_result;ground_truth;label;query_text;source_file;sql_operation_category;sql_statement;vulnerability_label,"{""candidate_id"": ""os15-c000116"", ""editable_input_count"": 3, ""http_method"": ""POST_or_request_metadata"", ""input_carrier"": ""form_parameter"", ""input_count_category"": ""small_multi"", ""multiple_parameters"": true, ""request_shape"": ""form"", ""sanitized_action_path"": ""/external-v15/case-000116"", ""transport_adapter_category"": ""form""}",audited,static source inspection completed
BenchmarkTest00681,OWASP Benchmark Java,1.2,ba2e3f9a29fa3bde6a5c073d679393c9b94f025f,src\main\java\org\owasp\benchmark\testcode\BenchmarkTest00681.java,expectedresults-1.2.csv,sqli,vulnerable,89,case_level,/sqli-01/BenchmarkTest00681,https://localhost:8443/benchmark/sqli-01/BenchmarkTest00681,POST_form,GET_delegates_to_POST,formparam+formparam+formparam+formparam,formparam,4,productID;secure;foo;BenchmarkTest00681,text/html;charset=UTF-8,select_like,select;execute_query,read_like,executeQuery,result_rows_written,plausible_runtime_validation_required,adapter_feasible,plausible_runtime_validation_required,ADAPTER_SUPPORTED,true,true,form_parameter_adapter;multi_form_parameter_adapter,submit original form parameters with deterministic values;preserve companion form parameters,,original case may be preserved with deterministic transport adapter; runtime boolean validation still required,proposed_schema,,true,os15-c000117,/external-v15/case-000117,candidate_id;sanitized_action_path;http_method;input_carrier;input_count_category;editable_input_count;multiple_parameters;transport_adapter_category;request_shape,benchmark_case_id;expected_result;ground_truth;label;query_text;source_file;sql_operation_category;sql_statement;vulnerability_label,"{""candidate_id"": ""os15-c000117"", ""editable_input_count"": 4, ""http_method"": ""POST_or_request_metadata"", ""input_carrier"": ""form_parameter"", ""input_count_category"": ""larger_multi"", ""multiple_parameters"": true, ""request_shape"": ""form"", ""sanitized_action_path"": ""/external-v15/case-000117"", ""transport_adapter_category"": ""form""}",audited,static source inspection completed
BenchmarkTest00682,OWASP Benchmark Java,1.2,ba2e3f9a29fa3bde6a5c073d679393c9b94f025f,src\main\java\org\owasp\benchmark\testcode\BenchmarkTest00682.java,expectedresults-1.2.csv,sqli,non_vulnerable,89,case_level,/sqli-01/BenchmarkTest00682,https://localhost:8443/benchmark/sqli-01/BenchmarkTest00682,POST_form,GET_delegates_to_POST,formparam,formparam,1,BenchmarkTest00682,text/html;charset=UTF-8,insert,insert;execute_update,write_or_state_changing,executeUpdate,writer_output_detected,not_applicable_non_destructive_conflict,adapter_feasible,not_applicable_non_destructive_conflict,EXCLUDED,false,false,form_parameter_adapter,submit original form parameters with deterministic values,write/state-changing SQL conflicts with non-destructive verifier philosophy,write/state-changing SQL conflicts with non-destructive verifier philosophy,not_applicable,no_ranker_candidate_for_incompatible_case,not_applicable,,,,benchmark_case_id;expected_result;ground_truth;label;query_text;source_file;sql_operation_category;sql_statement;vulnerability_label,,audited,executeUpdate call statically detected
BenchmarkTest00760,OWASP Benchmark Java,1.2,ba2e3f9a29fa3bde6a5c073d679393c9b94f025f,src\main\java\org\owasp\benchmark\testcode\BenchmarkTest00760.java,expectedresults-1.2.csv,sqli,vulnerable,89,case_level,/sqli-01/BenchmarkTest00760,https://localhost:8443/benchmark/sqli-01/BenchmarkTest00760,POST_form,GET_delegates_to_POST,formparam+formparam+formparam,formparam,3,password;email;BenchmarkTest00760,text/html;charset=UTF-8,stored_procedure,stored_procedure;execute_query,stored_procedure_ambiguous,executeQuery;prepareCall,result_rows_written,not_applicable_stored_procedure_ambiguous,adapter_feasible,not_applicable_stored_procedure_ambiguous,EXCLUDED,false,false,form_parameter_adapter;multi_form_parameter_adapter,submit original form parameters with deterministic values;preserve companion form parameters,stored procedure behavior cannot be assumed read-only by static audit,stored procedure behavior cannot be assumed read-only by static audit,not_applicable,no_ranker_candidate_for_incompatible_case,not_applicable,,,,benchmark_case_id;expected_result;ground_truth;label;query_text;source_file;sql_operation_category;sql_statement;vulnerability_label,,audited,stored procedure call statically detected
BenchmarkTest00761,OWASP Benchmark Java,1.2,ba2e3f9a29fa3bde6a5c073d679393c9b94f025f,src\main\java\org\owasp\benchmark\testcode\BenchmarkTest00761.java,expectedresults-1.2.csv,sqli,vulnerable,89,case_level,/sqli-01/BenchmarkTest00761,https://localhost:8443/benchmark/sqli-01/BenchmarkTest00761,POST_form,GET_delegates_to_POST,formparam+formparam+formparam+formparam,formparam,4,productID;secure;foo;BenchmarkTest00761,text/html;charset=UTF-8,stored_procedure,stored_procedure;execute_query,stored_procedure_ambiguous,executeQuery;prepareCall,result_rows_written,not_applicable_stored_procedure_ambiguous,adapter_feasible,not_applicable_stored_procedure_ambiguous,EXCLUDED,false,false,form_parameter_adapter;multi_form_parameter_adapter,submit original form parameters with deterministic values;preserve companion form parameters,stored procedure behavior cannot be assumed read-only by static audit,stored procedure behavior cannot be assumed read-only by static audit,not_applicable,no_ranker_candidate_for_incompatible_case,not_applicable,,,,benchmark_case_id;expected_result;ground_truth;label;query_text;source_file;sql_operation_category;sql_statement;vulnerability_label,,audited,stored procedure call statically detected
BenchmarkTest00762,OWASP Benchmark Java,1.2,ba2e3f9a29fa3bde6a5c073d679393c9b94f025f,src\main\java\org\owasp\benchmark\testcode\BenchmarkTest00762.java,expectedresults-1.2.csv,sqli,vulnerable,89,case_level,/sqli-01/BenchmarkTest00762,https://localhost:8443/benchmark/sqli-01/BenchmarkTest00762,POST_form,GET_delegates_to_POST,formparam,formparam,1,BenchmarkTest00762,text/html;charset=UTF-8,stored_procedure,stored_procedure;execute_query,stored_procedure_ambiguous,executeQuery;prepareCall,result_rows_written,not_applicable_stored_procedure_ambiguous,adapter_feasible,not_applicable_stored_procedure_ambiguous,EXCLUDED,false,false,form_parameter_adapter,submit original form parameters with deterministic values,stored procedure behavior cannot be assumed read-only by static audit,stored procedure behavior cannot be assumed read-only by static audit,not_applicable,no_ranker_candidate_for_incompatible_case,not_applicable,,,,benchmark_case_id;expected_result;ground_truth;label;query_text;source_file;sql_operation_category;sql_statement;vulnerability_label,,audited,stored procedure call statically detected
BenchmarkTest00763,OWASP Benchmark Java,1.2,ba2e3f9a29fa3bde6a5c073d679393c9b94f025f,src\main\java\org\owasp\benchmark\testcode\BenchmarkTest00763.java,expectedresults-1.2.csv,sqli,non_vulnerable,89,case_level,/sqli-01/BenchmarkTest00763,https://localhost:8443/benchmark/sqli-01/BenchmarkTest00763,POST_form,GET_delegates_to_POST,formparam,formparam,1,BenchmarkTest00763,text/html;charset=UTF-8,select_like,select;prepared_statement,read_like,execute;prepareStatement,result_rows_written,plausible_runtime_validation_required,adapter_feasible,plausible_runtime_validation_required,ADAPTER_SUPPORTED,true,true,form_parameter_adapter,submit original form parameters with deterministic values,,original case may be preserved with deterministic transport adapter; runtime boolean validation still required,proposed_schema,,true,os15-c000122,/external-v15/case-000122,candidate_id;sanitized_action_path;http_method;input_carrier;input_count_category;editable_input_count;multiple_parameters;transport_adapter_category;request_shape,benchmark_case_id;expected_result;ground_truth;label;query_text;source_file;sql_operation_category;sql_statement;vulnerability_label,"{""candidate_id"": ""os15-c000122"", ""editable_input_count"": 1, ""http_method"": ""POST_or_request_metadata"", ""input_carrier"": ""form_parameter"", ""input_count_category"": ""single"", ""multiple_parameters"": false, ""request_shape"": ""form"", ""sanitized_action_path"": ""/external-v15/case-000122"", ""transport_adapter_category"": ""form""}",audited,static source inspection completed
BenchmarkTest00764,OWASP Benchmark Java,1.2,ba2e3f9a29fa3bde6a5c073d679393c9b94f025f,src\main\java\org\owasp\benchmark\testcode\BenchmarkTest00764.java,expectedresults-1.2.csv,sqli,vulnerable,89,case_level,/sqli-01/BenchmarkTest00764,https://localhost:8443/benchmark/sqli-01/BenchmarkTest00764,GET_query,GET_delegates_to_POST,getparam+getparam+getparam,getparam,3,password;username;BenchmarkTest00764,text/html;charset=UTF-8,select_like,select,read_like,unknown,writer_output_detected,manual_review_required,adapter_feasible,manual_review_required,MANUAL_REVIEW,false,false,multi_query_parameter_adapter,preserve original query parameter set and replace only the audited controllable value,read-like SQL detected but static response oracle is insufficient,read-like SQL detected but static response oracle is insufficient,not_applicable,no_ranker_candidate_for_incompatible_case,not_applicable,,,,benchmark_case_id;expected_result;ground_truth;label;query_text;source_file;sql_operation_category;sql_statement;vulnerability_label,,audited,static source inspection completed
BenchmarkTest00765,OWASP Benchmark Java,1.2,ba2e3f9a29fa3bde6a5c073d679393c9b94f025f,src\main\java\org\owasp\benchmark\testcode\BenchmarkTest00765.java,expectedresults-1.2.csv,sqli,vulnerable,89,case_level,/sqli-01/BenchmarkTest00765,https://localhost:8443/benchmark/sqli-01/BenchmarkTest00765,POST_form,GET_delegates_to_POST,formparam+formparam+formparam,formparam,3,password;email;BenchmarkTest00765,text/html;charset=UTF-8,select_like,select,read_like,unknown,writer_output_detected,manual_review_required,adapter_feasible,manual_review_required,MANUAL_REVIEW,false,false,form_parameter_adapter;multi_form_parameter_adapter,submit original form parameters with deterministic values;preserve companion form parameters,read-like SQL detected but static response oracle is insufficient,read-like SQL detected but static response oracle is insufficient,not_applicable,no_ranker_candidate_for_incompatible_case,not_applicable,,,,benchmark_case_id;expected_result;ground_truth;label;query_text;source_file;sql_operation_category;sql_statement;vulnerability_label,,audited,static source inspection completed
BenchmarkTest00766,OWASP Benchmark Java,1.2,ba2e3f9a29fa3bde6a5c073d679393c9b94f025f,src\main\java\org\owasp\benchmark\testcode\BenchmarkTest00766.java,expectedresults-1.2.csv,sqli,non_vulnerable,89,case_level,/sqli-01/BenchmarkTest00766,https://localhost:8443/benchmark/sqli-01/BenchmarkTest00766,POST_form,GET_delegates_to_POST,formparam+formparam+formparam+formparam,formparam,4,productID;secure;foo;BenchmarkTest00766,text/html;charset=UTF-8,select_like,select,read_like,unknown,writer_output_detected,manual_review_required,adapter_feasible,manual_review_required,MANUAL_REVIEW,false,false,form_parameter_adapter;multi_form_parameter_adapter,submit original form parameters with deterministic values;preserve companion form parameters,read-like SQL detected but static response oracle is insufficient,read-like SQL detected but static response oracle is insufficient,not_applicable,no_ranker_candidate_for_incompatible_case,not_applicable,,,,benchmark_case_id;expected_result;ground_truth;label;query_text;source_file;sql_operation_category;sql_statement;vulnerability_label,,audited,static source inspection completed
BenchmarkTest00767,OWASP Benchmark Java,1.2,ba2e3f9a29fa3bde6a5c073d679393c9b94f025f,src\main\java\org\owasp\benchmark\testcode\BenchmarkTest00767.java,expectedresults-1.2.csv,sqli,vulnerable,89,case_level,/sqli-01/BenchmarkTest00767,https://localhost:8443/benchmark/sqli-01/BenchmarkTest00767,POST_form,GET_delegates_to_POST,formparam,formparam,1,BenchmarkTest00767,text/html;charset=UTF-8,select_like,select,read_like,unknown,writer_output_detected,manual_review_required,adapter_feasible,manual_review_required,MANUAL_REVIEW,false,false,form_parameter_adapter,submit original form parameters with deterministic values,read-like SQL detected but static response oracle is insufficient,read-like SQL detected but static response oracle is insufficient,not_applicable,no_ranker_candidate_for_incompatible_case,not_applicable,,,,benchmark_case_id;expected_result;ground_truth;label;query_text;source_file;sql_operation_category;sql_statement;vulnerability_label,,audited,static source inspection completed
BenchmarkTest00768,OWASP Benchmark Java,1.2,ba2e3f9a29fa3bde6a5c073d679393c9b94f025f,src\main\java\org\owasp\benchmark\testcode\BenchmarkTest00768.java,expectedresults-1.2.csv,sqli,vulnerable,89,case_level,/sqli-01/BenchmarkTest00768,https://localhost:8443/benchmark/sqli-01/BenchmarkTest00768,POST_form,GET_delegates_to_POST,formparam,formparam,1,BenchmarkTest00768,text/html;charset=UTF-8,select_like,select,read_like,unknown,writer_output_detected,manual_review_required,adapter_feasible,manual_review_required,MANUAL_REVIEW,false,false,form_parameter_adapter,submit original form parameters with deterministic values,read-like SQL detected but static response oracle is insufficient,read-like SQL detected but static response oracle is insufficient,not_applicable,no_ranker_candidate_for_incompatible_case,not_applicable,,,,benchmark_case_id;expected_result;ground_truth;label;query_text;source_file;sql_operation_category;sql_statement;vulnerability_label,,audited,static source inspection completed
BenchmarkTest00769,OWASP Benchmark Java,1.2,ba2e3f9a29fa3bde6a5c073d679393c9b94f025f,src\main\java\org\owasp\benchmark\testcode\BenchmarkTest00769.java,expectedresults-1.2.csv,sqli,vulnerable,89,case_level,/sqli-01/BenchmarkTest00769,https://localhost:8443/benchmark/sqli-01/BenchmarkTest00769,GET_query,GET_delegates_to_POST,getparam+getparam+getparam,getparam,3,password;username;BenchmarkTest00769,text/html;charset=UTF-8,select_like,select,read_like,unknown,writer_output_detected,manual_review_required,adapter_feasible,manual_review_required,MANUAL_REVIEW,false,false,multi_query_parameter_adapter,preserve original query parameter set and replace only the audited controllable value,read-like SQL detected but static response oracle is insufficient,read-like SQL detected but static response oracle is insufficient,not_applicable,no_ranker_candidate_for_incompatible_case,not_applicable,,,,benchmark_case_id;expected_result;ground_truth;label;query_text;source_file;sql_operation_category;sql_statement;vulnerability_label,,audited,static source inspection completed
BenchmarkTest00770,OWASP Benchmark Java,1.2,ba2e3f9a29fa3bde6a5c073d679393c9b94f025f,src\main\java\org\owasp\benchmark\testcode\BenchmarkTest00770.java,expectedresults-1.2.csv,sqli,vulnerable,89,case_level,/sqli-01/BenchmarkTest00770,https://localhost:8443/benchmark/sqli-01/BenchmarkTest00770,POST_form,GET_delegates_to_POST,formparam+formparam+formparam,formparam,3,password;email;BenchmarkTest00770,text/html;charset=UTF-8,select_like,select,read_like,unknown,result_rows_written,plausible_runtime_validation_required,adapter_feasible,plausible_runtime_validation_required,ADAPTER_SUPPORTED,true,true,form_parameter_adapter;multi_form_parameter_adapter,submit original form parameters with deterministic values;preserve companion form parameters,,original case may be preserved with deterministic transport adapter; runtime boolean validation still required,proposed_schema,,true,os15-c000129,/external-v15/case-000129,candidate_id;sanitized_action_path;http_method;input_carrier;input_count_category;editable_input_count;multiple_parameters;transport_adapter_category;request_shape,benchmark_case_id;expected_result;ground_truth;label;query_text;source_file;sql_operation_category;sql_statement;vulnerability_label,"{""candidate_id"": ""os15-c000129"", ""editable_input_count"": 3, ""http_method"": ""POST_or_request_metadata"", ""input_carrier"": ""form_parameter"", ""input_count_category"": ""small_multi"", ""multiple_parameters"": true, ""request_shape"": ""form"", ""sanitized_action_path"": ""/external-v15/case-000129"", ""transport_adapter_category"": ""form""}",audited,static source inspection completed
BenchmarkTest00771,OWASP Benchmark Java,1.2,ba2e3f9a29fa3bde6a5c073d679393c9b94f025f,src\main\java\org\owasp\benchmark\testcode\BenchmarkTest00771.java,expectedresults-1.2.csv,sqli,vulnerable,89,case_level,/sqli-01/BenchmarkTest00771,https://localhost:8443/benchmark/sqli-01/BenchmarkTest00771,POST_form,GET_delegates_to_POST,formparam+formparam+formparam+formparam,formparam,4,productID;secure;foo;BenchmarkTest00771,text/html;charset=UTF-8,select_like,select,read_like,execute,result_rows_written,plausible_runtime_validation_required,adapter_feasible,plausible_runtime_validation_required,ADAPTER_SUPPORTED,true,true,form_parameter_adapter;multi_form_parameter_adapter,submit original form parameters with deterministic values;preserve companion form parameters,,original case may be preserved with deterministic transport adapter; runtime boolean validation still required,proposed_schema,,true,os15-c000130,/external-v15/case-000130,candidate_id;sanitized_action_path;http_method;input_carrier;input_count_category;editable_input_count;multiple_parameters;transport_adapter_category;request_shape,benchmark_case_id;expected_result;ground_truth;label;query_text;source_file;sql_operation_category;sql_statement;vulnerability_label,"{""candidate_id"": ""os15-c000130"", ""editable_input_count"": 4, ""http_method"": ""POST_or_request_metadata"", ""input_carrier"": ""form_parameter"", ""input_count_category"": ""larger_multi"", ""multiple_parameters"": true, ""request_shape"": ""form"", ""sanitized_action_path"": ""/external-v15/case-000130"", ""transport_adapter_category"": ""form""}",audited,static source inspection completed
BenchmarkTest00772,OWASP Benchmark Java,1.2,ba2e3f9a29fa3bde6a5c073d679393c9b94f025f,src\main\java\org\owasp\benchmark\testcode\BenchmarkTest00772.java,expectedresults-1.2.csv,sqli,non_vulnerable,89,case_level,/sqli-01/BenchmarkTest00772,https://localhost:8443/benchmark/sqli-01/BenchmarkTest00772,POST_form,GET_delegates_to_POST,formparam,formparam,1,BenchmarkTest00772,text/html;charset=UTF-8,select_like,select,read_like,execute,result_rows_written,plausible_runtime_validation_required,adapter_feasible,plausible_runtime_validation_required,ADAPTER_SUPPORTED,true,true,form_parameter_adapter,submit original form parameters with deterministic values,,original case may be preserved with deterministic transport adapter; runtime boolean validation still required,proposed_schema,,true,os15-c000131,/external-v15/case-000131,candidate_id;sanitized_action_path;http_method;input_carrier;input_count_category;editable_input_count;multiple_parameters;transport_adapter_category;request_shape,benchmark_case_id;expected_result;ground_truth;label;query_text;source_file;sql_operation_category;sql_statement;vulnerability_label,"{""candidate_id"": ""os15-c000131"", ""editable_input_count"": 1, ""http_method"": ""POST_or_request_metadata"", ""input_carrier"": ""form_parameter"", ""input_count_category"": ""single"", ""multiple_parameters"": false, ""request_shape"": ""form"", ""sanitized_action_path"": ""/external-v15/case-000131"", ""transport_adapter_category"": ""form""}",audited,static source inspection completed
BenchmarkTest00773,OWASP Benchmark Java,1.2,ba2e3f9a29fa3bde6a5c073d679393c9b94f025f,src\main\java\org\owasp\benchmark\testcode\BenchmarkTest00773.java,expectedresults-1.2.csv,sqli,non_vulnerable,89,case_level,/sqli-01/BenchmarkTest00773,https://localhost:8443/benchmark/sqli-01/BenchmarkTest00773,POST_form,GET_delegates_to_POST,formparam,formparam,1,BenchmarkTest00773,text/html;charset=UTF-8,insert,insert;execute_update,write_or_state_changing,executeUpdate,writer_output_detected,not_applicable_non_destructive_conflict,adapter_feasible,not_applicable_non_destructive_conflict,EXCLUDED,false,false,form_parameter_adapter,submit original form parameters with deterministic values,write/state-changing SQL conflicts with non-destructive verifier philosophy,write/state-changing SQL conflicts with non-destructive verifier philosophy,not_applicable,no_ranker_candidate_for_incompatible_case,not_applicable,,,,benchmark_case_id;expected_result;ground_truth;label;query_text;source_file;sql_operation_category;sql_statement;vulnerability_label,,audited,executeUpdate call statically detected
BenchmarkTest00774,OWASP Benchmark Java,1.2,ba2e3f9a29fa3bde6a5c073d679393c9b94f025f,src\main\java\org\owasp\benchmark\testcode\BenchmarkTest00774.java,expectedresults-1.2.csv,sqli,non_vulnerable,89,case_level,/sqli-01/BenchmarkTest00774,https://localhost:8443/benchmark/sqli-01/BenchmarkTest00774,GET_query,GET_delegates_to_POST,getparam+getparam+getparam,getparam,3,password;username;BenchmarkTest00774,text/html;charset=UTF-8,insert,insert;execute_update,write_or_state_changing,executeUpdate,writer_output_detected,not_applicable_non_destructive_conflict,adapter_feasible,not_applicable_non_destructive_conflict,EXCLUDED,false,false,multi_query_parameter_adapter,preserve original query parameter set and replace only the audited controllable value,write/state-changing SQL conflicts with non-destructive verifier philosophy,write/state-changing SQL conflicts with non-destructive verifier philosophy,not_applicable,no_ranker_candidate_for_incompatible_case,not_applicable,,,,benchmark_case_id;expected_result;ground_truth;label;query_text;source_file;sql_operation_category;sql_statement;vulnerability_label,,audited,executeUpdate call statically detected
BenchmarkTest00837,OWASP Benchmark Java,1.2,ba2e3f9a29fa3bde6a5c073d679393c9b94f025f,src\main\java\org\owasp\benchmark\testcode\BenchmarkTest00837.java,expectedresults-1.2.csv,sqli,non_vulnerable,89,case_level,/sqli-01/BenchmarkTest00837,https://localhost:8443/benchmark/sqli-01/BenchmarkTest00837,GET_query,GET_delegates_to_POST,getparam+getparam+getparam,getparam,3,password;username;BenchmarkTest00837,text/html;charset=UTF-8,stored_procedure,stored_procedure;execute_query,stored_procedure_ambiguous,executeQuery;prepareCall,result_rows_written,not_applicable_stored_procedure_ambiguous,adapter_feasible,not_applicable_stored_procedure_ambiguous,EXCLUDED,false,false,multi_query_parameter_adapter,preserve original query parameter set and replace only the audited controllable value,stored procedure behavior cannot be assumed read-only by static audit,stored procedure behavior cannot be assumed read-only by static audit,not_applicable,no_ranker_candidate_for_incompatible_case,not_applicable,,,,benchmark_case_id;expected_result;ground_truth;label;query_text;source_file;sql_operation_category;sql_statement;vulnerability_label,,audited,stored procedure call statically detected
BenchmarkTest00838,OWASP Benchmark Java,1.2,ba2e3f9a29fa3bde6a5c073d679393c9b94f025f,src\main\java\org\owasp\benchmark\testcode\BenchmarkTest00838.java,expectedresults-1.2.csv,sqli,non_vulnerable,89,case_level,/sqli-01/BenchmarkTest00838,https://localhost:8443/benchmark/sqli-01/BenchmarkTest00838,GET_query,GET_delegates_to_POST,getparam+getparam+getparam,getparam,3,password;username;BenchmarkTest00838,text/html;charset=UTF-8,select_like,select;prepared_statement,read_like,execute;prepareStatement,result_rows_written,plausible_runtime_validation_required,adapter_feasible,plausible_runtime_validation_required,ADAPTER_SUPPORTED,true,true,multi_query_parameter_adapter,preserve original query parameter set and replace only the audited controllable value,,original case may be preserved with deterministic transport adapter; runtime boolean validation still required,proposed_schema,,true,os15-c000135,/external-v15/case-000135,candidate_id;sanitized_action_path;http_method;input_carrier;input_count_category;editable_input_count;multiple_parameters;transport_adapter_category;request_shape,benchmark_case_id;expected_result;ground_truth;label;query_text;source_file;sql_operation_category;sql_statement;vulnerability_label,"{""candidate_id"": ""os15-c000135"", ""editable_input_count"": 3, ""http_method"": ""GET"", ""input_carrier"": ""query_parameter"", ""input_count_category"": ""small_multi"", ""multiple_parameters"": true, ""request_shape"": ""query"", ""sanitized_action_path"": ""/external-v15/case-000135"", ""transport_adapter_category"": ""query_multi""}",audited,static source inspection completed
BenchmarkTest00839,OWASP Benchmark Java,1.2,ba2e3f9a29fa3bde6a5c073d679393c9b94f025f,src\main\java\org\owasp\benchmark\testcode\BenchmarkTest00839.java,expectedresults-1.2.csv,sqli,vulnerable,89,case_level,/sqli-01/BenchmarkTest00839,https://localhost:8443/benchmark/sqli-01/BenchmarkTest00839,GET_query,GET_delegates_to_POST,getparam+getparam+getparam,getparam,3,password;username;BenchmarkTest00839,text/html;charset=UTF-8,select_like,select;prepared_statement,read_like,execute;prepareStatement,result_rows_written,plausible_runtime_validation_required,adapter_feasible,plausible_runtime_validation_required,ADAPTER_SUPPORTED,true,true,multi_query_parameter_adapter,preserve original query parameter set and replace only the audited controllable value,,original case may be preserved with deterministic transport adapter; runtime boolean validation still required,proposed_schema,,true,os15-c000136,/external-v15/case-000136,candidate_id;sanitized_action_path;http_method;input_carrier;input_count_category;editable_input_count;multiple_parameters;transport_adapter_category;request_shape,benchmark_case_id;expected_result;ground_truth;label;query_text;source_file;sql_operation_category;sql_statement;vulnerability_label,"{""candidate_id"": ""os15-c000136"", ""editable_input_count"": 3, ""http_method"": ""GET"", ""input_carrier"": ""query_parameter"", ""input_count_category"": ""small_multi"", ""multiple_parameters"": true, ""request_shape"": ""query"", ""sanitized_action_path"": ""/external-v15/case-000136"", ""transport_adapter_category"": ""query_multi""}",audited,static source inspection completed
BenchmarkTest00840,OWASP Benchmark Java,1.2,ba2e3f9a29fa3bde6a5c073d679393c9b94f025f,src\main\java\org\owasp\benchmark\testcode\BenchmarkTest00840.java,expectedresults-1.2.csv,sqli,vulnerable,89,case_level,/sqli-01/BenchmarkTest00840,https://localhost:8443/benchmark/sqli-01/BenchmarkTest00840,GET_query,GET_delegates_to_POST,getparam+getparam+getparam,getparam,3,password;username;BenchmarkTest00840,text/html;charset=UTF-8,select_like,select,read_like,unknown,writer_output_detected,manual_review_required,adapter_feasible,manual_review_required,MANUAL_REVIEW,false,false,multi_query_parameter_adapter,preserve original query parameter set and replace only the audited controllable value,read-like SQL detected but static response oracle is insufficient,read-like SQL detected but static response oracle is insufficient,not_applicable,no_ranker_candidate_for_incompatible_case,not_applicable,,,,benchmark_case_id;expected_result;ground_truth;label;query_text;source_file;sql_operation_category;sql_statement;vulnerability_label,,audited,static source inspection completed
BenchmarkTest00841,OWASP Benchmark Java,1.2,ba2e3f9a29fa3bde6a5c073d679393c9b94f025f,src\main\java\org\owasp\benchmark\testcode\BenchmarkTest00841.java,expectedresults-1.2.csv,sqli,vulnerable,89,case_level,/sqli-01/BenchmarkTest00841,https://localhost:8443/benchmark/sqli-01/BenchmarkTest00841,GET_query,GET_delegates_to_POST,getparam+getparam+getparam,getparam,3,password;username;BenchmarkTest00841,text/html;charset=UTF-8,select_like,select,read_like,unknown,writer_output_detected,manual_review_required,adapter_feasible,manual_review_required,MANUAL_REVIEW,false,false,multi_query_parameter_adapter,preserve original query parameter set and replace only the audited controllable value,read-like SQL detected but static response oracle is insufficient,read-like SQL detected but static response oracle is insufficient,not_applicable,no_ranker_candidate_for_incompatible_case,not_applicable,,,,benchmark_case_id;expected_result;ground_truth;label;query_text;source_file;sql_operation_category;sql_statement;vulnerability_label,,audited,static source inspection completed
BenchmarkTest00842,OWASP Benchmark Java,1.2,ba2e3f9a29fa3bde6a5c073d679393c9b94f025f,src\main\java\org\owasp\benchmark\testcode\BenchmarkTest00842.java,expectedresults-1.2.csv,sqli,vulnerable,89,case_level,/sqli-01/BenchmarkTest00842,https://localhost:8443/benchmark/sqli-01/BenchmarkTest00842,GET_query,GET_delegates_to_POST,getparam+getparam+getparam,getparam,3,password;username;BenchmarkTest00842,text/html;charset=UTF-8,select_like,select,read_like,unknown,writer_output_detected,manual_review_required,adapter_feasible,manual_review_required,MANUAL_REVIEW,false,false,multi_query_parameter_adapter,preserve original query parameter set and replace only the audited controllable value,read-like SQL detected but static response oracle is insufficient,read-like SQL detected but static response oracle is insufficient,not_applicable,no_ranker_candidate_for_incompatible_case,not_applicable,,,,benchmark_case_id;expected_result;ground_truth;label;query_text;source_file;sql_operation_category;sql_statement;vulnerability_label,,audited,static source inspection completed
BenchmarkTest00843,OWASP Benchmark Java,1.2,ba2e3f9a29fa3bde6a5c073d679393c9b94f025f,src\main\java\org\owasp\benchmark\testcode\BenchmarkTest00843.java,expectedresults-1.2.csv,sqli,vulnerable,89,case_level,/sqli-01/BenchmarkTest00843,https://localhost:8443/benchmark/sqli-01/BenchmarkTest00843,GET_query,GET_delegates_to_POST,getparam+getparam+getparam,getparam,3,password;username;BenchmarkTest00843,text/html;charset=UTF-8,select_like,select,read_like,unknown,writer_output_detected,manual_review_required,adapter_feasible,manual_review_required,MANUAL_REVIEW,false,false,multi_query_parameter_adapter,preserve original query parameter set and replace only the audited controllable value,read-like SQL detected but static response oracle is insufficient,read-like SQL detected but static response oracle is insufficient,not_applicable,no_ranker_candidate_for_incompatible_case,not_applicable,,,,benchmark_case_id;expected_result;ground_truth;label;query_text;source_file;sql_operation_category;sql_statement;vulnerability_label,,audited,static source inspection completed
BenchmarkTest00844,OWASP Benchmark Java,1.2,ba2e3f9a29fa3bde6a5c073d679393c9b94f025f,src\main\java\org\owasp\benchmark\testcode\BenchmarkTest00844.java,expectedresults-1.2.csv,sqli,non_vulnerable,89,case_level,/sqli-01/BenchmarkTest00844,https://localhost:8443/benchmark/sqli-01/BenchmarkTest00844,GET_query,GET_delegates_to_POST,getparam+getparam+getparam,getparam,3,password;username;BenchmarkTest00844,text/html;charset=UTF-8,select_like,select,read_like,unknown,writer_output_detected,manual_review_required,adapter_feasible,manual_review_required,MANUAL_REVIEW,false,false,multi_query_parameter_adapter,preserve original query parameter set and replace only the audited controllable value,read-like SQL detected but static response oracle is insufficient,read-like SQL detected but static response oracle is insufficient,not_applicable,no_ranker_candidate_for_incompatible_case,not_applicable,,,,benchmark_case_id;expected_result;ground_truth;label;query_text;source_file;sql_operation_category;sql_statement;vulnerability_label,,audited,static source inspection completed
BenchmarkTest00845,OWASP Benchmark Java,1.2,ba2e3f9a29fa3bde6a5c073d679393c9b94f025f,src\main\java\org\owasp\benchmark\testcode\BenchmarkTest00845.java,expectedresults-1.2.csv,sqli,vulnerable,89,case_level,/sqli-01/BenchmarkTest00845,https://localhost:8443/benchmark/sqli-01/BenchmarkTest00845,GET_query,GET_delegates_to_POST,getparam+getparam+getparam,getparam,3,password;username;BenchmarkTest00845,text/html;charset=UTF-8,select_like,select,read_like,unknown,result_rows_written,plausible_runtime_validation_required,adapter_feasible,plausible_runtime_validation_required,ADAPTER_SUPPORTED,true,true,multi_query_parameter_adapter,preserve original query parameter set and replace only the audited controllable value,,original case may be preserved with deterministic transport adapter; runtime boolean validation still required,proposed_schema,,true,os15-c000142,/external-v15/case-000142,candidate_id;sanitized_action_path;http_method;input_carrier;input_count_category;editable_input_count;multiple_parameters;transport_adapter_category;request_shape,benchmark_case_id;expected_result;ground_truth;label;query_text;source_file;sql_operation_category;sql_statement;vulnerability_label,"{""candidate_id"": ""os15-c000142"", ""editable_input_count"": 3, ""http_method"": ""GET"", ""input_carrier"": ""query_parameter"", ""input_count_category"": ""small_multi"", ""multiple_parameters"": true, ""request_shape"": ""query"", ""sanitized_action_path"": ""/external-v15/case-000142"", ""transport_adapter_category"": ""query_multi""}",audited,static source inspection completed
BenchmarkTest00846,OWASP Benchmark Java,1.2,ba2e3f9a29fa3bde6a5c073d679393c9b94f025f,src\main\java\org\owasp\benchmark\testcode\BenchmarkTest00846.java,expectedresults-1.2.csv,sqli,vulnerable,89,case_level,/sqli-01/BenchmarkTest00846,https://localhost:8443/benchmark/sqli-01/BenchmarkTest00846,GET_query,GET_delegates_to_POST,getparam+getparam+getparam,getparam,3,password;username;BenchmarkTest00846,text/html;charset=UTF-8,select_like,select,read_like,unknown,writer_output_detected,manual_review_required,adapter_feasible,manual_review_required,MANUAL_REVIEW,false,false,multi_query_parameter_adapter,preserve original query parameter set and replace only the audited controllable value,read-like SQL detected but static response oracle is insufficient,read-like SQL detected but static response oracle is insufficient,not_applicable,no_ranker_candidate_for_incompatible_case,not_applicable,,,,benchmark_case_id;expected_result;ground_truth;label;query_text;source_file;sql_operation_category;sql_statement;vulnerability_label,,audited,static source inspection completed
BenchmarkTest00847,OWASP Benchmark Java,1.2,ba2e3f9a29fa3bde6a5c073d679393c9b94f025f,src\main\java\org\owasp\benchmark\testcode\BenchmarkTest00847.java,expectedresults-1.2.csv,sqli,vulnerable,89,case_level,/sqli-01/BenchmarkTest00847,https://localhost:8443/benchmark/sqli-01/BenchmarkTest00847,GET_query,GET_delegates_to_POST,getparam+getparam+getparam,getparam,3,password;username;BenchmarkTest00847,text/html;charset=UTF-8,select_like,select,read_like,unknown,result_rows_written,plausible_runtime_validation_required,adapter_feasible,plausible_runtime_validation_required,ADAPTER_SUPPORTED,true,true,multi_query_parameter_adapter,preserve original query parameter set and replace only the audited controllable value,,original case may be preserved with deterministic transport adapter; runtime boolean validation still required,proposed_schema,,true,os15-c000144,/external-v15/case-000144,candidate_id;sanitized_action_path;http_method;input_carrier;input_count_category;editable_input_count;multiple_parameters;transport_adapter_category;request_shape,benchmark_case_id;expected_result;ground_truth;label;query_text;source_file;sql_operation_category;sql_statement;vulnerability_label,"{""candidate_id"": ""os15-c000144"", ""editable_input_count"": 3, ""http_method"": ""GET"", ""input_carrier"": ""query_parameter"", ""input_count_category"": ""small_multi"", ""multiple_parameters"": true, ""request_shape"": ""query"", ""sanitized_action_path"": ""/external-v15/case-000144"", ""transport_adapter_category"": ""query_multi""}",audited,static source inspection completed
BenchmarkTest00848,OWASP Benchmark Java,1.2,ba2e3f9a29fa3bde6a5c073d679393c9b94f025f,src\main\java\org\owasp\benchmark\testcode\BenchmarkTest00848.java,expectedresults-1.2.csv,sqli,vulnerable,89,case_level,/sqli-01/BenchmarkTest00848,https://localhost:8443/benchmark/sqli-01/BenchmarkTest00848,GET_query,GET_delegates_to_POST,getparam+getparam+getparam,getparam,3,password;username;BenchmarkTest00848,text/html;charset=UTF-8,select_like,select,read_like,unknown,result_rows_written,plausible_runtime_validation_required,adapter_feasible,plausible_runtime_validation_required,ADAPTER_SUPPORTED,true,true,multi_query_parameter_adapter,preserve original query parameter set and replace only the audited controllable value,,original case may be preserved with deterministic transport adapter; runtime boolean validation still required,proposed_schema,,true,os15-c000145,/external-v15/case-000145,candidate_id;sanitized_action_path;http_method;input_carrier;input_count_category;editable_input_count;multiple_parameters;transport_adapter_category;request_shape,benchmark_case_id;expected_result;ground_truth;label;query_text;source_file;sql_operation_category;sql_statement;vulnerability_label,"{""candidate_id"": ""os15-c000145"", ""editable_input_count"": 3, ""http_method"": ""GET"", ""input_carrier"": ""query_parameter"", ""input_count_category"": ""small_multi"", ""multiple_parameters"": true, ""request_shape"": ""query"", ""sanitized_action_path"": ""/external-v15/case-000145"", ""transport_adapter_category"": ""query_multi""}",audited,static source inspection completed
BenchmarkTest00849,OWASP Benchmark Java,1.2,ba2e3f9a29fa3bde6a5c073d679393c9b94f025f,src\main\java\org\owasp\benchmark\testcode\BenchmarkTest00849.java,expectedresults-1.2.csv,sqli,vulnerable,89,case_level,/sqli-01/BenchmarkTest00849,https://localhost:8443/benchmark/sqli-01/BenchmarkTest00849,GET_query,GET_delegates_to_POST,getparam+getparam+getparam,getparam,3,password;username;BenchmarkTest00849,text/html;charset=UTF-8,select_like,select,read_like,execute,result_rows_written,plausible_runtime_validation_required,adapter_feasible,plausible_runtime_validation_required,ADAPTER_SUPPORTED,true,true,multi_query_parameter_adapter,preserve original query parameter set and replace only the audited controllable value,,original case may be preserved with deterministic transport adapter; runtime boolean validation still required,proposed_schema,,true,os15-c000146,/external-v15/case-000146,candidate_id;sanitized_action_path;http_method;input_carrier;input_count_category;editable_input_count;multiple_parameters;transport_adapter_category;request_shape,benchmark_case_id;expected_result;ground_truth;label;query_text;source_file;sql_operation_category;sql_statement;vulnerability_label,"{""candidate_id"": ""os15-c000146"", ""editable_input_count"": 3, ""http_method"": ""GET"", ""input_carrier"": ""query_parameter"", ""input_count_category"": ""small_multi"", ""multiple_parameters"": true, ""request_shape"": ""query"", ""sanitized_action_path"": ""/external-v15/case-000146"", ""transport_adapter_category"": ""query_multi""}",audited,static source inspection completed
BenchmarkTest00850,OWASP Benchmark Java,1.2,ba2e3f9a29fa3bde6a5c073d679393c9b94f025f,src\main\java\org\owasp\benchmark\testcode\BenchmarkTest00850.java,expectedresults-1.2.csv,sqli,vulnerable,89,case_level,/sqli-01/BenchmarkTest00850,https://localhost:8443/benchmark/sqli-01/BenchmarkTest00850,GET_query,GET_delegates_to_POST,getparam+getparam+getparam,getparam,3,password;username;BenchmarkTest00850,text/html;charset=UTF-8,select_like,select;execute_query,read_like,executeQuery,result_rows_written,plausible_runtime_validation_required,adapter_feasible,plausible_runtime_validation_required,ADAPTER_SUPPORTED,true,true,multi_query_parameter_adapter,preserve original query parameter set and replace only the audited controllable value,,original case may be preserved with deterministic transport adapter; runtime boolean validation still required,proposed_schema,,true,os15-c000147,/external-v15/case-000147,candidate_id;sanitized_action_path;http_method;input_carrier;input_count_category;editable_input_count;multiple_parameters;transport_adapter_category;request_shape,benchmark_case_id;expected_result;ground_truth;label;query_text;source_file;sql_operation_category;sql_statement;vulnerability_label,"{""candidate_id"": ""os15-c000147"", ""editable_input_count"": 3, ""http_method"": ""GET"", ""input_carrier"": ""query_parameter"", ""input_count_category"": ""small_multi"", ""multiple_parameters"": true, ""request_shape"": ""query"", ""sanitized_action_path"": ""/external-v15/case-000147"", ""transport_adapter_category"": ""query_multi""}",audited,static source inspection completed
BenchmarkTest00851,OWASP Benchmark Java,1.2,ba2e3f9a29fa3bde6a5c073d679393c9b94f025f,src\main\java\org\owasp\benchmark\testcode\BenchmarkTest00851.java,expectedresults-1.2.csv,sqli,non_vulnerable,89,case_level,/sqli-01/BenchmarkTest00851,https://localhost:8443/benchmark/sqli-01/BenchmarkTest00851,GET_query,GET_delegates_to_POST,getparam+getparam+getparam,getparam,3,password;username;BenchmarkTest00851,text/html;charset=UTF-8,insert,insert;execute_update,write_or_state_changing,executeUpdate,writer_output_detected,not_applicable_non_destructive_conflict,adapter_feasible,not_applicable_non_destructive_conflict,EXCLUDED,false,false,multi_query_parameter_adapter,preserve original query parameter set and replace only the audited controllable value,write/state-changing SQL conflicts with non-destructive verifier philosophy,write/state-changing SQL conflicts with non-destructive verifier philosophy,not_applicable,no_ranker_candidate_for_incompatible_case,not_applicable,,,,benchmark_case_id;expected_result;ground_truth;label;query_text;source_file;sql_operation_category;sql_statement;vulnerability_label,,audited,executeUpdate call statically detected
BenchmarkTest00924,OWASP Benchmark Java,1.2,ba2e3f9a29fa3bde6a5c073d679393c9b94f025f,src\main\java\org\owasp\benchmark\testcode\BenchmarkTest00924.java,expectedresults-1.2.csv,sqli,non_vulnerable,89,case_level,/sqli-01/BenchmarkTest00924,https://localhost:8443/benchmark/sqli-01/BenchmarkTest00924,POST_form,GET_delegates_to_POST,formparam+formparam+formparam+formparam,formparam,4,productID;secure;foo;BenchmarkTest00924,text/html;charset=UTF-8,stored_procedure,stored_procedure;execute_query,stored_procedure_ambiguous,executeQuery;prepareCall,result_rows_written,not_applicable_stored_procedure_ambiguous,adapter_feasible,not_applicable_stored_procedure_ambiguous,EXCLUDED,false,false,form_parameter_adapter;multi_form_parameter_adapter,submit original form parameters with deterministic values;preserve companion form parameters,stored procedure behavior cannot be assumed read-only by static audit,stored procedure behavior cannot be assumed read-only by static audit,not_applicable,no_ranker_candidate_for_incompatible_case,not_applicable,,,,benchmark_case_id;expected_result;ground_truth;label;query_text;source_file;sql_operation_category;sql_statement;vulnerability_label,,audited,stored procedure call statically detected
BenchmarkTest00925,OWASP Benchmark Java,1.2,ba2e3f9a29fa3bde6a5c073d679393c9b94f025f,src\main\java\org\owasp\benchmark\testcode\BenchmarkTest00925.java,expectedresults-1.2.csv,sqli,non_vulnerable,89,case_level,/sqli-01/BenchmarkTest00925,https://localhost:8443/benchmark/sqli-01/BenchmarkTest00925,POST_form,GET_delegates_to_POST,formparam,formparam,1,BenchmarkTest00925,text/html;charset=UTF-8,select_like,select;prepared_statement,read_like,execute;prepareStatement,result_rows_written,plausible_runtime_validation_required,adapter_feasible,plausible_runtime_validation_required,ADAPTER_SUPPORTED,true,true,form_parameter_adapter,submit original form parameters with deterministic values,,original case may be preserved with deterministic transport adapter; runtime boolean validation still required,proposed_schema,,true,os15-c000150,/external-v15/case-000150,candidate_id;sanitized_action_path;http_method;input_carrier;input_count_category;editable_input_count;multiple_parameters;transport_adapter_category;request_shape,benchmark_case_id;expected_result;ground_truth;label;query_text;source_file;sql_operation_category;sql_statement;vulnerability_label,"{""candidate_id"": ""os15-c000150"", ""editable_input_count"": 1, ""http_method"": ""POST_or_request_metadata"", ""input_carrier"": ""form_parameter"", ""input_count_category"": ""single"", ""multiple_parameters"": false, ""request_shape"": ""form"", ""sanitized_action_path"": ""/external-v15/case-000150"", ""transport_adapter_category"": ""form""}",audited,static source inspection completed
BenchmarkTest00926,OWASP Benchmark Java,1.2,ba2e3f9a29fa3bde6a5c073d679393c9b94f025f,src\main\java\org\owasp\benchmark\testcode\BenchmarkTest00926.java,expectedresults-1.2.csv,sqli,non_vulnerable,89,case_level,/sqli-01/BenchmarkTest00926,https://localhost:8443/benchmark/sqli-01/BenchmarkTest00926,POST_form,GET_delegates_to_POST,formparam,formparam,1,BenchmarkTest00926,text/html;charset=UTF-8,select_like,select;prepared_statement,read_like,execute;prepareStatement,result_rows_written,plausible_runtime_validation_required,adapter_feasible,plausible_runtime_validation_required,ADAPTER_SUPPORTED,true,true,form_parameter_adapter,submit original form parameters with deterministic values,,original case may be preserved with deterministic transport adapter; runtime boolean validation still required,proposed_schema,,true,os15-c000151,/external-v15/case-000151,candidate_id;sanitized_action_path;http_method;input_carrier;input_count_category;editable_input_count;multiple_parameters;transport_adapter_category;request_shape,benchmark_case_id;expected_result;ground_truth;label;query_text;source_file;sql_operation_category;sql_statement;vulnerability_label,"{""candidate_id"": ""os15-c000151"", ""editable_input_count"": 1, ""http_method"": ""POST_or_request_metadata"", ""input_carrier"": ""form_parameter"", ""input_count_category"": ""single"", ""multiple_parameters"": false, ""request_shape"": ""form"", ""sanitized_action_path"": ""/external-v15/case-000151"", ""transport_adapter_category"": ""form""}",audited,static source inspection completed
BenchmarkTest00927,OWASP Benchmark Java,1.2,ba2e3f9a29fa3bde6a5c073d679393c9b94f025f,src\main\java\org\owasp\benchmark\testcode\BenchmarkTest00927.java,expectedresults-1.2.csv,sqli,non_vulnerable,89,case_level,/sqli-01/BenchmarkTest00927,https://localhost:8443/benchmark/sqli-01/BenchmarkTest00927,GET_query,GET_delegates_to_POST,getparam+getparam+getparam,getparam,3,password;username;BenchmarkTest00927,text/html;charset=UTF-8,select_like,select;prepared_statement,read_like,execute;prepareStatement,result_rows_written,plausible_runtime_validation_required,adapter_feasible,plausible_runtime_validation_required,ADAPTER_SUPPORTED,true,true,multi_query_parameter_adapter,preserve original query parameter set and replace only the audited controllable value,,original case may be preserved with deterministic transport adapter; runtime boolean validation still required,proposed_schema,,true,os15-c000152,/external-v15/case-000152,candidate_id;sanitized_action_path;http_method;input_carrier;input_count_category;editable_input_count;multiple_parameters;transport_adapter_category;request_shape,benchmark_case_id;expected_result;ground_truth;label;query_text;source_file;sql_operation_category;sql_statement;vulnerability_label,"{""candidate_id"": ""os15-c000152"", ""editable_input_count"": 3, ""http_method"": ""GET"", ""input_carrier"": ""query_parameter"", ""input_count_category"": ""small_multi"", ""multiple_parameters"": true, ""request_shape"": ""query"", ""sanitized_action_path"": ""/external-v15/case-000152"", ""transport_adapter_category"": ""query_multi""}",audited,static source inspection completed
BenchmarkTest00928,OWASP Benchmark Java,1.2,ba2e3f9a29fa3bde6a5c073d679393c9b94f025f,src\main\java\org\owasp\benchmark\testcode\BenchmarkTest00928.java,expectedresults-1.2.csv,sqli,non_vulnerable,89,case_level,/sqli-01/BenchmarkTest00928,https://localhost:8443/benchmark/sqli-01/BenchmarkTest00928,POST_form,GET_delegates_to_POST,formparam+formparam+formparam,formparam,3,password;email;BenchmarkTest00928,text/html;charset=UTF-8,select_like,select;prepared_statement,read_like,execute;prepareStatement,result_rows_written,plausible_runtime_validation_required,adapter_feasible,plausible_runtime_validation_required,ADAPTER_SUPPORTED,true,true,form_parameter_adapter;multi_form_parameter_adapter,submit original form parameters with deterministic values;preserve companion form parameters,,original case may be preserved with deterministic transport adapter; runtime boolean validation still required,proposed_schema,,true,os15-c000153,/external-v15/case-000153,candidate_id;sanitized_action_path;http_method;input_carrier;input_count_category;editable_input_count;multiple_parameters;transport_adapter_category;request_shape,benchmark_case_id;expected_result;ground_truth;label;query_text;source_file;sql_operation_category;sql_statement;vulnerability_label,"{""candidate_id"": ""os15-c000153"", ""editable_input_count"": 3, ""http_method"": ""POST_or_request_metadata"", ""input_carrier"": ""form_parameter"", ""input_count_category"": ""small_multi"", ""multiple_parameters"": true, ""request_shape"": ""form"", ""sanitized_action_path"": ""/external-v15/case-000153"", ""transport_adapter_category"": ""form""}",audited,static source inspection completed
BenchmarkTest00929,OWASP Benchmark Java,1.2,ba2e3f9a29fa3bde6a5c073d679393c9b94f025f,src\main\java\org\owasp\benchmark\testcode\BenchmarkTest00929.java,expectedresults-1.2.csv,sqli,non_vulnerable,89,case_level,/sqli-01/BenchmarkTest00929,https://localhost:8443/benchmark/sqli-01/BenchmarkTest00929,POST_form,GET_delegates_to_POST,formparam+formparam+formparam+formparam,formparam,4,productID;secure;foo;BenchmarkTest00929,text/html;charset=UTF-8,select_like,select;prepared_statement,read_like,execute;prepareStatement,result_rows_written,plausible_runtime_validation_required,adapter_feasible,plausible_runtime_validation_required,ADAPTER_SUPPORTED,true,true,form_parameter_adapter;multi_form_parameter_adapter,submit original form parameters with deterministic values;preserve companion form parameters,,original case may be preserved with deterministic transport adapter; runtime boolean validation still required,proposed_schema,,true,os15-c000154,/external-v15/case-000154,candidate_id;sanitized_action_path;http_method;input_carrier;input_count_category;editable_input_count;multiple_parameters;transport_adapter_category;request_shape,benchmark_case_id;expected_result;ground_truth;label;query_text;source_file;sql_operation_category;sql_statement;vulnerability_label,"{""candidate_id"": ""os15-c000154"", ""editable_input_count"": 4, ""http_method"": ""POST_or_request_metadata"", ""input_carrier"": ""form_parameter"", ""input_count_category"": ""larger_multi"", ""multiple_parameters"": true, ""request_shape"": ""form"", ""sanitized_action_path"": ""/external-v15/case-000154"", ""transport_adapter_category"": ""form""}",audited,static source inspection completed
BenchmarkTest00930,OWASP Benchmark Java,1.2,ba2e3f9a29fa3bde6a5c073d679393c9b94f025f,src\main\java\org\owasp\benchmark\testcode\BenchmarkTest00930.java,expectedresults-1.2.csv,sqli,non_vulnerable,89,case_level,/sqli-01/BenchmarkTest00930,https://localhost:8443/benchmark/sqli-01/BenchmarkTest00930,POST_form,GET_delegates_to_POST,formparam,formparam,1,BenchmarkTest00930,text/html;charset=UTF-8,select_like,select,read_like,unknown,writer_output_detected,manual_review_required,adapter_feasible,manual_review_required,MANUAL_REVIEW,false,false,form_parameter_adapter,submit original form parameters with deterministic values,read-like SQL detected but static response oracle is insufficient,read-like SQL detected but static response oracle is insufficient,not_applicable,no_ranker_candidate_for_incompatible_case,not_applicable,,,,benchmark_case_id;expected_result;ground_truth;label;query_text;source_file;sql_operation_category;sql_statement;vulnerability_label,,audited,static source inspection completed
BenchmarkTest00931,OWASP Benchmark Java,1.2,ba2e3f9a29fa3bde6a5c073d679393c9b94f025f,src\main\java\org\owasp\benchmark\testcode\BenchmarkTest00931.java,expectedresults-1.2.csv,sqli,non_vulnerable,89,case_level,/sqli-01/BenchmarkTest00931,https://localhost:8443/benchmark/sqli-01/BenchmarkTest00931,POST_form,GET_delegates_to_POST,formparam,formparam,1,BenchmarkTest00931,text/html;charset=UTF-8,select_like,select,read_like,execute,writer_output_detected,manual_review_required,adapter_feasible,manual_review_required,MANUAL_REVIEW,false,false,form_parameter_adapter,submit original form parameters with deterministic values,read-like SQL detected but static response oracle is insufficient,read-like SQL detected but static response oracle is insufficient,not_applicable,no_ranker_candidate_for_incompatible_case,not_applicable,,,,benchmark_case_id;expected_result;ground_truth;label;query_text;source_file;sql_operation_category;sql_statement;vulnerability_label,,audited,static source inspection completed
BenchmarkTest00932,OWASP Benchmark Java,1.2,ba2e3f9a29fa3bde6a5c073d679393c9b94f025f,src\main\java\org\owasp\benchmark\testcode\BenchmarkTest00932.java,expectedresults-1.2.csv,sqli,non_vulnerable,89,case_level,/sqli-01/BenchmarkTest00932,https://localhost:8443/benchmark/sqli-01/BenchmarkTest00932,GET_query,GET_delegates_to_POST,getparam+getparam+getparam,getparam,3,password;username;BenchmarkTest00932,text/html;charset=UTF-8,select_like,select,read_like,unknown,writer_output_detected,manual_review_required,adapter_feasible,manual_review_required,MANUAL_REVIEW,false,false,multi_query_parameter_adapter,preserve original query parameter set and replace only the audited controllable value,read-like SQL detected but static response oracle is insufficient,read-like SQL detected but static response oracle is insufficient,not_applicable,no_ranker_candidate_for_incompatible_case,not_applicable,,,,benchmark_case_id;expected_result;ground_truth;label;query_text;source_file;sql_operation_category;sql_statement;vulnerability_label,,audited,static source inspection completed
BenchmarkTest00933,OWASP Benchmark Java,1.2,ba2e3f9a29fa3bde6a5c073d679393c9b94f025f,src\main\java\org\owasp\benchmark\testcode\BenchmarkTest00933.java,expectedresults-1.2.csv,sqli,non_vulnerable,89,case_level,/sqli-01/BenchmarkTest00933,https://localhost:8443/benchmark/sqli-01/BenchmarkTest00933,POST_form,GET_delegates_to_POST,formparam+formparam+formparam,formparam,3,password;email;BenchmarkTest00933,text/html;charset=UTF-8,select_like,select,read_like,unknown,writer_output_detected,manual_review_required,adapter_feasible,manual_review_required,MANUAL_REVIEW,false,false,form_parameter_adapter;multi_form_parameter_adapter,submit original form parameters with deterministic values;preserve companion form parameters,read-like SQL detected but static response oracle is insufficient,read-like SQL detected but static response oracle is insufficient,not_applicable,no_ranker_candidate_for_incompatible_case,not_applicable,,,,benchmark_case_id;expected_result;ground_truth;label;query_text;source_file;sql_operation_category;sql_statement;vulnerability_label,,audited,static source inspection completed
BenchmarkTest00934,OWASP Benchmark Java,1.2,ba2e3f9a29fa3bde6a5c073d679393c9b94f025f,src\main\java\org\owasp\benchmark\testcode\BenchmarkTest00934.java,expectedresults-1.2.csv,sqli,non_vulnerable,89,case_level,/sqli-01/BenchmarkTest00934,https://localhost:8443/benchmark/sqli-01/BenchmarkTest00934,POST_form,GET_delegates_to_POST,formparam+formparam+formparam+formparam,formparam,4,productID;secure;foo;BenchmarkTest00934,text/html;charset=UTF-8,select_like,select,read_like,unknown,writer_output_detected,manual_review_required,adapter_feasible,manual_review_required,MANUAL_REVIEW,false,false,form_parameter_adapter;multi_form_parameter_adapter,submit original form parameters with deterministic values;preserve companion form parameters,read-like SQL detected but static response oracle is insufficient,read-like SQL detected but static response oracle is insufficient,not_applicable,no_ranker_candidate_for_incompatible_case,not_applicable,,,,benchmark_case_id;expected_result;ground_truth;label;query_text;source_file;sql_operation_category;sql_statement;vulnerability_label,,audited,static source inspection completed
BenchmarkTest00935,OWASP Benchmark Java,1.2,ba2e3f9a29fa3bde6a5c073d679393c9b94f025f,src\main\java\org\owasp\benchmark\testcode\BenchmarkTest00935.java,expectedresults-1.2.csv,sqli,non_vulnerable,89,case_level,/sqli-01/BenchmarkTest00935,https://localhost:8443/benchmark/sqli-01/BenchmarkTest00935,POST_form,GET_delegates_to_POST,formparam,formparam,1,BenchmarkTest00935,text/html;charset=UTF-8,select_like,select,read_like,unknown,writer_output_detected,manual_review_required,adapter_feasible,manual_review_required,MANUAL_REVIEW,false,false,form_parameter_adapter,submit original form parameters with deterministic values,read-like SQL detected but static response oracle is insufficient,read-like SQL detected but static response oracle is insufficient,not_applicable,no_ranker_candidate_for_incompatible_case,not_applicable,,,,benchmark_case_id;expected_result;ground_truth;label;query_text;source_file;sql_operation_category;sql_statement;vulnerability_label,,audited,static source inspection completed
BenchmarkTest00936,OWASP Benchmark Java,1.2,ba2e3f9a29fa3bde6a5c073d679393c9b94f025f,src\main\java\org\owasp\benchmark\testcode\BenchmarkTest00936.java,expectedresults-1.2.csv,sqli,non_vulnerable,89,case_level,/sqli-02/BenchmarkTest00936,https://localhost:8443/benchmark/sqli-02/BenchmarkTest00936,POST_form,GET_delegates_to_POST,formparam,formparam,1,BenchmarkTest00936,text/html;charset=UTF-8,select_like,select,read_like,unknown,writer_output_detected,manual_review_required,adapter_feasible,manual_review_required,MANUAL_REVIEW,false,false,form_parameter_adapter,submit original form parameters with deterministic values,read-like SQL detected but static response oracle is insufficient,read-like SQL detected but static response oracle is insufficient,not_applicable,no_ranker_candidate_for_incompatible_case,not_applicable,,,,benchmark_case_id;expected_result;ground_truth;label;query_text;source_file;sql_operation_category;sql_statement;vulnerability_label,,audited,static source inspection completed
BenchmarkTest00937,OWASP Benchmark Java,1.2,ba2e3f9a29fa3bde6a5c073d679393c9b94f025f,src\main\java\org\owasp\benchmark\testcode\BenchmarkTest00937.java,expectedresults-1.2.csv,sqli,non_vulnerable,89,case_level,/sqli-02/BenchmarkTest00937,https://localhost:8443/benchmark/sqli-02/BenchmarkTest00937,GET_query,GET_delegates_to_POST,getparam+getparam+getparam,getparam,3,password;username;BenchmarkTest00937,text/html;charset=UTF-8,select_like,select,read_like,execute,result_rows_written,plausible_runtime_validation_required,adapter_feasible,plausible_runtime_validation_required,ADAPTER_SUPPORTED,true,true,multi_query_parameter_adapter,preserve original query parameter set and replace only the audited controllable value,,original case may be preserved with deterministic transport adapter; runtime boolean validation still required,proposed_schema,,true,os15-c000162,/external-v15/case-000162,candidate_id;sanitized_action_path;http_method;input_carrier;input_count_category;editable_input_count;multiple_parameters;transport_adapter_category;request_shape,benchmark_case_id;expected_result;ground_truth;label;query_text;source_file;sql_operation_category;sql_statement;vulnerability_label,"{""candidate_id"": ""os15-c000162"", ""editable_input_count"": 3, ""http_method"": ""GET"", ""input_carrier"": ""query_parameter"", ""input_count_category"": ""small_multi"", ""multiple_parameters"": true, ""request_shape"": ""query"", ""sanitized_action_path"": ""/external-v15/case-000162"", ""transport_adapter_category"": ""query_multi""}",audited,static source inspection completed
BenchmarkTest00938,OWASP Benchmark Java,1.2,ba2e3f9a29fa3bde6a5c073d679393c9b94f025f,src\main\java\org\owasp\benchmark\testcode\BenchmarkTest00938.java,expectedresults-1.2.csv,sqli,non_vulnerable,89,case_level,/sqli-02/BenchmarkTest00938,https://localhost:8443/benchmark/sqli-02/BenchmarkTest00938,POST_form,GET_delegates_to_POST,formparam+formparam+formparam,formparam,3,password;email;BenchmarkTest00938,text/html;charset=UTF-8,select_like,select,read_like,execute,result_rows_written,plausible_runtime_validation_required,adapter_feasible,plausible_runtime_validation_required,ADAPTER_SUPPORTED,true,true,form_parameter_adapter;multi_form_parameter_adapter,submit original form parameters with deterministic values;preserve companion form parameters,,original case may be preserved with deterministic transport adapter; runtime boolean validation still required,proposed_schema,,true,os15-c000163,/external-v15/case-000163,candidate_id;sanitized_action_path;http_method;input_carrier;input_count_category;editable_input_count;multiple_parameters;transport_adapter_category;request_shape,benchmark_case_id;expected_result;ground_truth;label;query_text;source_file;sql_operation_category;sql_statement;vulnerability_label,"{""candidate_id"": ""os15-c000163"", ""editable_input_count"": 3, ""http_method"": ""POST_or_request_metadata"", ""input_carrier"": ""form_parameter"", ""input_count_category"": ""small_multi"", ""multiple_parameters"": true, ""request_shape"": ""form"", ""sanitized_action_path"": ""/external-v15/case-000163"", ""transport_adapter_category"": ""form""}",audited,static source inspection completed
BenchmarkTest00939,OWASP Benchmark Java,1.2,ba2e3f9a29fa3bde6a5c073d679393c9b94f025f,src\main\java\org\owasp\benchmark\testcode\BenchmarkTest00939.java,expectedresults-1.2.csv,sqli,non_vulnerable,89,case_level,/sqli-02/BenchmarkTest00939,https://localhost:8443/benchmark/sqli-02/BenchmarkTest00939,POST_form,GET_delegates_to_POST,formparam+formparam+formparam+formparam,formparam,4,productID;secure;foo;BenchmarkTest00939,text/html;charset=UTF-8,insert,insert;execute_update,write_or_state_changing,executeUpdate,writer_output_detected,not_applicable_non_destructive_conflict,adapter_feasible,not_applicable_non_destructive_conflict,EXCLUDED,false,false,form_parameter_adapter;multi_form_parameter_adapter,submit original form parameters with deterministic values;preserve companion form parameters,write/state-changing SQL conflicts with non-destructive verifier philosophy,write/state-changing SQL conflicts with non-destructive verifier philosophy,not_applicable,no_ranker_candidate_for_incompatible_case,not_applicable,,,,benchmark_case_id;expected_result;ground_truth;label;query_text;source_file;sql_operation_category;sql_statement;vulnerability_label,,audited,executeUpdate call statically detected
BenchmarkTest00940,OWASP Benchmark Java,1.2,ba2e3f9a29fa3bde6a5c073d679393c9b94f025f,src\main\java\org\owasp\benchmark\testcode\BenchmarkTest00940.java,expectedresults-1.2.csv,sqli,non_vulnerable,89,case_level,/sqli-02/BenchmarkTest00940,https://localhost:8443/benchmark/sqli-02/BenchmarkTest00940,POST_form,GET_delegates_to_POST,formparam,formparam,1,BenchmarkTest00940,text/html;charset=UTF-8,insert,insert;execute_update,write_or_state_changing,executeUpdate,writer_output_detected,not_applicable_non_destructive_conflict,adapter_feasible,not_applicable_non_destructive_conflict,EXCLUDED,false,false,form_parameter_adapter,submit original form parameters with deterministic values,write/state-changing SQL conflicts with non-destructive verifier philosophy,write/state-changing SQL conflicts with non-destructive verifier philosophy,not_applicable,no_ranker_candidate_for_incompatible_case,not_applicable,,,,benchmark_case_id;expected_result;ground_truth;label;query_text;source_file;sql_operation_category;sql_statement;vulnerability_label,,audited,executeUpdate call statically detected
BenchmarkTest00996,OWASP Benchmark Java,1.2,ba2e3f9a29fa3bde6a5c073d679393c9b94f025f,src\main\java\org\owasp\benchmark\testcode\BenchmarkTest00996.java,expectedresults-1.2.csv,sqli,vulnerable,89,case_level,/sqli-02/BenchmarkTest00996,https://localhost:8443/benchmark/sqli-02/BenchmarkTest00996,cookie,POST_with_GET_form_setup,cookie,cookie,1,BenchmarkTest00996,text/html;charset=UTF-8,stored_procedure,stored_procedure;execute_query,stored_procedure_ambiguous,executeQuery;prepareCall,result_rows_written,not_applicable_stored_procedure_ambiguous,adapter_feasible,not_applicable_stored_procedure_ambiguous,EXCLUDED,false,false,cookie_adapter,set deterministic cookies without exposing original BenchmarkTest names to the ranker;preserve original POST flow after deterministic setup,stored procedure behavior cannot be assumed read-only by static audit,stored procedure behavior cannot be assumed read-only by static audit,not_applicable,no_ranker_candidate_for_incompatible_case,not_applicable,,,,benchmark_case_id;expected_result;ground_truth;label;query_text;source_file;sql_operation_category;sql_statement;vulnerability_label,,audited,doGet dispatches to a form/template before doPost;stored procedure call statically detected
BenchmarkTest00997,OWASP Benchmark Java,1.2,ba2e3f9a29fa3bde6a5c073d679393c9b94f025f,src\main\java\org\owasp\benchmark\testcode\BenchmarkTest00997.java,expectedresults-1.2.csv,sqli,vulnerable,89,case_level,/sqli-02/BenchmarkTest00997,https://localhost:8443/benchmark/sqli-02/BenchmarkTest00997,cookie,POST_with_GET_form_setup,cookie,cookie,1,BenchmarkTest00997,text/html;charset=UTF-8,stored_procedure,stored_procedure;execute_query,stored_procedure_ambiguous,executeQuery;prepareCall,result_rows_written,not_applicable_stored_procedure_ambiguous,adapter_feasible,not_applicable_stored_procedure_ambiguous,EXCLUDED,false,false,cookie_adapter,set deterministic cookies without exposing original BenchmarkTest names to the ranker;preserve original POST flow after deterministic setup,stored procedure behavior cannot be assumed read-only by static audit,stored procedure behavior cannot be assumed read-only by static audit,not_applicable,no_ranker_candidate_for_incompatible_case,not_applicable,,,,benchmark_case_id;expected_result;ground_truth;label;query_text;source_file;sql_operation_category;sql_statement;vulnerability_label,,audited,doGet dispatches to a form/template before doPost;stored procedure call statically detected
BenchmarkTest00998,OWASP Benchmark Java,1.2,ba2e3f9a29fa3bde6a5c073d679393c9b94f025f,src\main\java\org\owasp\benchmark\testcode\BenchmarkTest00998.java,expectedresults-1.2.csv,sqli,vulnerable,89,case_level,/sqli-02/BenchmarkTest00998,https://localhost:8443/benchmark/sqli-02/BenchmarkTest00998,cookie,POST_with_GET_form_setup,cookie,cookie,1,BenchmarkTest00998,text/html;charset=UTF-8,stored_procedure,stored_procedure;execute_query,stored_procedure_ambiguous,executeQuery;prepareCall,result_rows_written,not_applicable_stored_procedure_ambiguous,adapter_feasible,not_applicable_stored_procedure_ambiguous,EXCLUDED,false,false,cookie_adapter,set deterministic cookies without exposing original BenchmarkTest names to the ranker;preserve original POST flow after deterministic setup,stored procedure behavior cannot be assumed read-only by static audit,stored procedure behavior cannot be assumed read-only by static audit,not_applicable,no_ranker_candidate_for_incompatible_case,not_applicable,,,,benchmark_case_id;expected_result;ground_truth;label;query_text;source_file;sql_operation_category;sql_statement;vulnerability_label,,audited,doGet dispatches to a form/template before doPost;stored procedure call statically detected
BenchmarkTest00999,OWASP Benchmark Java,1.2,ba2e3f9a29fa3bde6a5c073d679393c9b94f025f,src\main\java\org\owasp\benchmark\testcode\BenchmarkTest00999.java,expectedresults-1.2.csv,sqli,non_vulnerable,89,case_level,/sqli-02/BenchmarkTest00999,https://localhost:8443/benchmark/sqli-02/BenchmarkTest00999,cookie,POST_with_GET_form_setup,cookie,cookie,1,BenchmarkTest00999,text/html;charset=UTF-8,stored_procedure,stored_procedure;execute_query,stored_procedure_ambiguous,executeQuery;prepareCall,result_rows_written,not_applicable_stored_procedure_ambiguous,adapter_feasible,not_applicable_stored_procedure_ambiguous,EXCLUDED,false,false,cookie_adapter,set deterministic cookies without exposing original BenchmarkTest names to the ranker;preserve original POST flow after deterministic setup,stored procedure behavior cannot be assumed read-only by static audit,stored procedure behavior cannot be assumed read-only by static audit,not_applicable,no_ranker_candidate_for_incompatible_case,not_applicable,,,,benchmark_case_id;expected_result;ground_truth;label;query_text;source_file;sql_operation_category;sql_statement;vulnerability_label,,audited,doGet dispatches to a form/template before doPost;stored procedure call statically detected
BenchmarkTest01000,OWASP Benchmark Java,1.2,ba2e3f9a29fa3bde6a5c073d679393c9b94f025f,src\main\java\org\owasp\benchmark\testcode\BenchmarkTest01000.java,expectedresults-1.2.csv,sqli,vulnerable,89,case_level,/sqli-02/BenchmarkTest01000,https://localhost:8443/benchmark/sqli-02/BenchmarkTest01000,cookie,POST_with_GET_form_setup,cookie,cookie,1,BenchmarkTest01000,text/html;charset=UTF-8,stored_procedure,stored_procedure;execute_query,stored_procedure_ambiguous,executeQuery;prepareCall,result_rows_written,not_applicable_stored_procedure_ambiguous,adapter_feasible,not_applicable_stored_procedure_ambiguous,EXCLUDED,false,false,cookie_adapter,set deterministic cookies without exposing original BenchmarkTest names to the ranker;preserve original POST flow after deterministic setup,stored procedure behavior cannot be assumed read-only by static audit,stored procedure behavior cannot be assumed read-only by static audit,not_applicable,no_ranker_candidate_for_incompatible_case,not_applicable,,,,benchmark_case_id;expected_result;ground_truth;label;query_text;source_file;sql_operation_category;sql_statement;vulnerability_label,,audited,doGet dispatches to a form/template before doPost;stored procedure call statically detected
BenchmarkTest01001,OWASP Benchmark Java,1.2,ba2e3f9a29fa3bde6a5c073d679393c9b94f025f,src\main\java\org\owasp\benchmark\testcode\BenchmarkTest01001.java,expectedresults-1.2.csv,sqli,non_vulnerable,89,case_level,/sqli-02/BenchmarkTest01001,https://localhost:8443/benchmark/sqli-02/BenchmarkTest01001,cookie,POST_with_GET_form_setup,cookie,cookie,1,BenchmarkTest01001,text/html;charset=UTF-8,select_like,select;prepared_statement,read_like,execute;prepareStatement,result_rows_written,plausible_runtime_validation_required,adapter_feasible,plausible_runtime_validation_required,ADAPTER_SUPPORTED,true,true,cookie_adapter,set deterministic cookies without exposing original BenchmarkTest names to the ranker;preserve original POST flow after deterministic setup,,original case may be preserved with deterministic transport adapter; runtime boolean validation still required,proposed_schema,,true,os15-c000171,/external-v15/case-000171,candidate_id;sanitized_action_path;http_method;input_carrier;input_count_category;editable_input_count;multiple_parameters;transport_adapter_category;request_shape,benchmark_case_id;expected_result;ground_truth;label;query_text;source_file;sql_operation_category;sql_statement;vulnerability_label,"{""candidate_id"": ""os15-c000171"", ""editable_input_count"": 1, ""http_method"": ""POST_or_request_metadata"", ""input_carrier"": ""cookie"", ""input_count_category"": ""single"", ""multiple_parameters"": false, ""request_shape"": ""cookie"", ""sanitized_action_path"": ""/external-v15/case-000171"", ""transport_adapter_category"": ""cookie""}",audited,doGet dispatches to a form/template before doPost
BenchmarkTest01002,OWASP Benchmark Java,1.2,ba2e3f9a29fa3bde6a5c073d679393c9b94f025f,src\main\java\org\owasp\benchmark\testcode\BenchmarkTest01002.java,expectedresults-1.2.csv,sqli,vulnerable,89,case_level,/sqli-02/BenchmarkTest01002,https://localhost:8443/benchmark/sqli-02/BenchmarkTest01002,cookie,POST_with_GET_form_setup,cookie,cookie,1,BenchmarkTest01002,text/html;charset=UTF-8,select_like,select;prepared_statement,read_like,execute;prepareStatement,result_rows_written,plausible_runtime_validation_required,adapter_feasible,plausible_runtime_validation_required,ADAPTER_SUPPORTED,true,true,cookie_adapter,set deterministic cookies without exposing original BenchmarkTest names to the ranker;preserve original POST flow after deterministic setup,,original case may be preserved with deterministic transport adapter; runtime boolean validation still required,proposed_schema,,true,os15-c000172,/external-v15/case-000172,candidate_id;sanitized_action_path;http_method;input_carrier;input_count_category;editable_input_count;multiple_parameters;transport_adapter_category;request_shape,benchmark_case_id;expected_result;ground_truth;label;query_text;source_file;sql_operation_category;sql_statement;vulnerability_label,"{""candidate_id"": ""os15-c000172"", ""editable_input_count"": 1, ""http_method"": ""POST_or_request_metadata"", ""input_carrier"": ""cookie"", ""input_count_category"": ""single"", ""multiple_parameters"": false, ""request_shape"": ""cookie"", ""sanitized_action_path"": ""/external-v15/case-000172"", ""transport_adapter_category"": ""cookie""}",audited,doGet dispatches to a form/template before doPost
BenchmarkTest01003,OWASP Benchmark Java,1.2,ba2e3f9a29fa3bde6a5c073d679393c9b94f025f,src\main\java\org\owasp\benchmark\testcode\BenchmarkTest01003.java,expectedresults-1.2.csv,sqli,vulnerable,89,case_level,/sqli-02/BenchmarkTest01003,https://localhost:8443/benchmark/sqli-02/BenchmarkTest01003,cookie,POST_with_GET_form_setup,cookie,cookie,1,BenchmarkTest01003,text/html;charset=UTF-8,select_like,select;prepared_statement,read_like,execute;prepareStatement,result_rows_written,plausible_runtime_validation_required,adapter_feasible,plausible_runtime_validation_required,ADAPTER_SUPPORTED,true,true,cookie_adapter,set deterministic cookies without exposing original BenchmarkTest names to the ranker;preserve original POST flow after deterministic setup,,original case may be preserved with deterministic transport adapter; runtime boolean validation still required,proposed_schema,,true,os15-c000173,/external-v15/case-000173,candidate_id;sanitized_action_path;http_method;input_carrier;input_count_category;editable_input_count;multiple_parameters;transport_adapter_category;request_shape,benchmark_case_id;expected_result;ground_truth;label;query_text;source_file;sql_operation_category;sql_statement;vulnerability_label,"{""candidate_id"": ""os15-c000173"", ""editable_input_count"": 1, ""http_method"": ""POST_or_request_metadata"", ""input_carrier"": ""cookie"", ""input_count_category"": ""single"", ""multiple_parameters"": false, ""request_shape"": ""cookie"", ""sanitized_action_path"": ""/external-v15/case-000173"", ""transport_adapter_category"": ""cookie""}",audited,doGet dispatches to a form/template before doPost
BenchmarkTest01004,OWASP Benchmark Java,1.2,ba2e3f9a29fa3bde6a5c073d679393c9b94f025f,src\main\java\org\owasp\benchmark\testcode\BenchmarkTest01004.java,expectedresults-1.2.csv,sqli,vulnerable,89,case_level,/sqli-02/BenchmarkTest01004,https://localhost:8443/benchmark/sqli-02/BenchmarkTest01004,cookie,POST_with_GET_form_setup,cookie,cookie,1,BenchmarkTest01004,text/html;charset=UTF-8,select_like,select;prepared_statement,read_like,execute;prepareStatement,result_rows_written,plausible_runtime_validation_required,adapter_feasible,plausible_runtime_validation_required,ADAPTER_SUPPORTED,true,true,cookie_adapter,set deterministic cookies without exposing original BenchmarkTest names to the ranker;preserve original POST flow after deterministic setup,,original case may be preserved with deterministic transport adapter; runtime boolean validation still required,proposed_schema,,true,os15-c000174,/external-v15/case-000174,candidate_id;sanitized_action_path;http_method;input_carrier;input_count_category;editable_input_count;multiple_parameters;transport_adapter_category;request_shape,benchmark_case_id;expected_result;ground_truth;label;query_text;source_file;sql_operation_category;sql_statement;vulnerability_label,"{""candidate_id"": ""os15-c000174"", ""editable_input_count"": 1, ""http_method"": ""POST_or_request_metadata"", ""input_carrier"": ""cookie"", ""input_count_category"": ""single"", ""multiple_parameters"": false, ""request_shape"": ""cookie"", ""sanitized_action_path"": ""/external-v15/case-000174"", ""transport_adapter_category"": ""cookie""}",audited,doGet dispatches to a form/template before doPost
BenchmarkTest01005,OWASP Benchmark Java,1.2,ba2e3f9a29fa3bde6a5c073d679393c9b94f025f,src\main\java\org\owasp\benchmark\testcode\BenchmarkTest01005.java,expectedresults-1.2.csv,sqli,vulnerable,89,case_level,/sqli-02/BenchmarkTest01005,https://localhost:8443/benchmark/sqli-02/BenchmarkTest01005,cookie,POST_with_GET_form_setup,cookie,cookie,1,BenchmarkTest01005,text/html;charset=UTF-8,select_like,select,read_like,unknown,writer_output_detected,manual_review_required,adapter_feasible,manual_review_required,MANUAL_REVIEW,false,false,cookie_adapter,set deterministic cookies without exposing original BenchmarkTest names to the ranker;preserve original POST flow after deterministic setup,read-like SQL detected but static response oracle is insufficient,read-like SQL detected but static response oracle is insufficient,not_applicable,no_ranker_candidate_for_incompatible_case,not_applicable,,,,benchmark_case_id;expected_result;ground_truth;label;query_text;source_file;sql_operation_category;sql_statement;vulnerability_label,,audited,doGet dispatches to a form/template before doPost
BenchmarkTest01006,OWASP Benchmark Java,1.2,ba2e3f9a29fa3bde6a5c073d679393c9b94f025f,src\main\java\org\owasp\benchmark\testcode\BenchmarkTest01006.java,expectedresults-1.2.csv,sqli,vulnerable,89,case_level,/sqli-02/BenchmarkTest01006,https://localhost:8443/benchmark/sqli-02/BenchmarkTest01006,cookie,POST_with_GET_form_setup,cookie,cookie,1,BenchmarkTest01006,text/html;charset=UTF-8,select_like,select,read_like,unknown,writer_output_detected,manual_review_required,adapter_feasible,manual_review_required,MANUAL_REVIEW,false,false,cookie_adapter,set deterministic cookies without exposing original BenchmarkTest names to the ranker;preserve original POST flow after deterministic setup,read-like SQL detected but static response oracle is insufficient,read-like SQL detected but static response oracle is insufficient,not_applicable,no_ranker_candidate_for_incompatible_case,not_applicable,,,,benchmark_case_id;expected_result;ground_truth;label;query_text;source_file;sql_operation_category;sql_statement;vulnerability_label,,audited,doGet dispatches to a form/template before doPost
BenchmarkTest01007,OWASP Benchmark Java,1.2,ba2e3f9a29fa3bde6a5c073d679393c9b94f025f,src\main\java\org\owasp\benchmark\testcode\BenchmarkTest01007.java,expectedresults-1.2.csv,sqli,vulnerable,89,case_level,/sqli-02/BenchmarkTest01007,https://localhost:8443/benchmark/sqli-02/BenchmarkTest01007,cookie,POST_with_GET_form_setup,cookie,cookie,1,BenchmarkTest01007,text/html;charset=UTF-8,select_like,select,read_like,unknown,writer_output_detected,manual_review_required,adapter_feasible,manual_review_required,MANUAL_REVIEW,false,false,cookie_adapter,set deterministic cookies without exposing original BenchmarkTest names to the ranker;preserve original POST flow after deterministic setup,read-like SQL detected but static response oracle is insufficient,read-like SQL detected but static response oracle is insufficient,not_applicable,no_ranker_candidate_for_incompatible_case,not_applicable,,,,benchmark_case_id;expected_result;ground_truth;label;query_text;source_file;sql_operation_category;sql_statement;vulnerability_label,,audited,doGet dispatches to a form/template before doPost
BenchmarkTest01008,OWASP Benchmark Java,1.2,ba2e3f9a29fa3bde6a5c073d679393c9b94f025f,src\main\java\org\owasp\benchmark\testcode\BenchmarkTest01008.java,expectedresults-1.2.csv,sqli,vulnerable,89,case_level,/sqli-02/BenchmarkTest01008,https://localhost:8443/benchmark/sqli-02/BenchmarkTest01008,cookie,POST_with_GET_form_setup,cookie,cookie,1,BenchmarkTest01008,text/html;charset=UTF-8,select_like,select,read_like,unknown,result_rows_written,plausible_runtime_validation_required,adapter_feasible,plausible_runtime_validation_required,ADAPTER_SUPPORTED,true,true,cookie_adapter,set deterministic cookies without exposing original BenchmarkTest names to the ranker;preserve original POST flow after deterministic setup,,original case may be preserved with deterministic transport adapter; runtime boolean validation still required,proposed_schema,,true,os15-c000178,/external-v15/case-000178,candidate_id;sanitized_action_path;http_method;input_carrier;input_count_category;editable_input_count;multiple_parameters;transport_adapter_category;request_shape,benchmark_case_id;expected_result;ground_truth;label;query_text;source_file;sql_operation_category;sql_statement;vulnerability_label,"{""candidate_id"": ""os15-c000178"", ""editable_input_count"": 1, ""http_method"": ""POST_or_request_metadata"", ""input_carrier"": ""cookie"", ""input_count_category"": ""single"", ""multiple_parameters"": false, ""request_shape"": ""cookie"", ""sanitized_action_path"": ""/external-v15/case-000178"", ""transport_adapter_category"": ""cookie""}",audited,doGet dispatches to a form/template before doPost
BenchmarkTest01009,OWASP Benchmark Java,1.2,ba2e3f9a29fa3bde6a5c073d679393c9b94f025f,src\main\java\org\owasp\benchmark\testcode\BenchmarkTest01009.java,expectedresults-1.2.csv,sqli,vulnerable,89,case_level,/sqli-02/BenchmarkTest01009,https://localhost:8443/benchmark/sqli-02/BenchmarkTest01009,cookie,POST_with_GET_form_setup,cookie,cookie,1,BenchmarkTest01009,text/html;charset=UTF-8,select_like,select,read_like,unknown,result_rows_written,plausible_runtime_validation_required,adapter_feasible,plausible_runtime_validation_required,ADAPTER_SUPPORTED,true,true,cookie_adapter,set deterministic cookies without exposing original BenchmarkTest names to the ranker;preserve original POST flow after deterministic setup,,original case may be preserved with deterministic transport adapter; runtime boolean validation still required,proposed_schema,,true,os15-c000179,/external-v15/case-000179,candidate_id;sanitized_action_path;http_method;input_carrier;input_count_category;editable_input_count;multiple_parameters;transport_adapter_category;request_shape,benchmark_case_id;expected_result;ground_truth;label;query_text;source_file;sql_operation_category;sql_statement;vulnerability_label,"{""candidate_id"": ""os15-c000179"", ""editable_input_count"": 1, ""http_method"": ""POST_or_request_metadata"", ""input_carrier"": ""cookie"", ""input_count_category"": ""single"", ""multiple_parameters"": false, ""request_shape"": ""cookie"", ""sanitized_action_path"": ""/external-v15/case-000179"", ""transport_adapter_category"": ""cookie""}",audited,doGet dispatches to a form/template before doPost
BenchmarkTest01010,OWASP Benchmark Java,1.2,ba2e3f9a29fa3bde6a5c073d679393c9b94f025f,src\main\java\org\owasp\benchmark\testcode\BenchmarkTest01010.java,expectedresults-1.2.csv,sqli,non_vulnerable,89,case_level,/sqli-02/BenchmarkTest01010,https://localhost:8443/benchmark/sqli-02/BenchmarkTest01010,cookie,POST_with_GET_form_setup,cookie,cookie,1,BenchmarkTest01010,text/html;charset=UTF-8,select_like,select,read_like,unknown,writer_output_detected,manual_review_required,adapter_feasible,manual_review_required,MANUAL_REVIEW,false,false,cookie_adapter,set deterministic cookies without exposing original BenchmarkTest names to the ranker;preserve original POST flow after deterministic setup,read-like SQL detected but static response oracle is insufficient,read-like SQL detected but static response oracle is insufficient,not_applicable,no_ranker_candidate_for_incompatible_case,not_applicable,,,,benchmark_case_id;expected_result;ground_truth;label;query_text;source_file;sql_operation_category;sql_statement;vulnerability_label,,audited,doGet dispatches to a form/template before doPost
BenchmarkTest01011,OWASP Benchmark Java,1.2,ba2e3f9a29fa3bde6a5c073d679393c9b94f025f,src\main\java\org\owasp\benchmark\testcode\BenchmarkTest01011.java,expectedresults-1.2.csv,sqli,vulnerable,89,case_level,/sqli-02/BenchmarkTest01011,https://localhost:8443/benchmark/sqli-02/BenchmarkTest01011,cookie,POST_with_GET_form_setup,cookie,cookie,1,BenchmarkTest01011,text/html;charset=UTF-8,select_like,select,read_like,unknown,result_rows_written,plausible_runtime_validation_required,adapter_feasible,plausible_runtime_validation_required,ADAPTER_SUPPORTED,true,true,cookie_adapter,set deterministic cookies without exposing original BenchmarkTest names to the ranker;preserve original POST flow after deterministic setup,,original case may be preserved with deterministic transport adapter; runtime boolean validation still required,proposed_schema,,true,os15-c000181,/external-v15/case-000181,candidate_id;sanitized_action_path;http_method;input_carrier;input_count_category;editable_input_count;multiple_parameters;transport_adapter_category;request_shape,benchmark_case_id;expected_result;ground_truth;label;query_text;source_file;sql_operation_category;sql_statement;vulnerability_label,"{""candidate_id"": ""os15-c000181"", ""editable_input_count"": 1, ""http_method"": ""POST_or_request_metadata"", ""input_carrier"": ""cookie"", ""input_count_category"": ""single"", ""multiple_parameters"": false, ""request_shape"": ""cookie"", ""sanitized_action_path"": ""/external-v15/case-000181"", ""transport_adapter_category"": ""cookie""}",audited,doGet dispatches to a form/template before doPost
BenchmarkTest01012,OWASP Benchmark Java,1.2,ba2e3f9a29fa3bde6a5c073d679393c9b94f025f,src\main\java\org\owasp\benchmark\testcode\BenchmarkTest01012.java,expectedresults-1.2.csv,sqli,non_vulnerable,89,case_level,/sqli-02/BenchmarkTest01012,https://localhost:8443/benchmark/sqli-02/BenchmarkTest01012,cookie,POST_with_GET_form_setup,cookie,cookie,1,BenchmarkTest01012,text/html;charset=UTF-8,select_like,select,read_like,execute,result_rows_written,plausible_runtime_validation_required,adapter_feasible,plausible_runtime_validation_required,ADAPTER_SUPPORTED,true,true,cookie_adapter,set deterministic cookies without exposing original BenchmarkTest names to the ranker;preserve original POST flow after deterministic setup,,original case may be preserved with deterministic transport adapter; runtime boolean validation still required,proposed_schema,,true,os15-c000182,/external-v15/case-000182,candidate_id;sanitized_action_path;http_method;input_carrier;input_count_category;editable_input_count;multiple_parameters;transport_adapter_category;request_shape,benchmark_case_id;expected_result;ground_truth;label;query_text;source_file;sql_operation_category;sql_statement;vulnerability_label,"{""candidate_id"": ""os15-c000182"", ""editable_input_count"": 1, ""http_method"": ""POST_or_request_metadata"", ""input_carrier"": ""cookie"", ""input_count_category"": ""single"", ""multiple_parameters"": false, ""request_shape"": ""cookie"", ""sanitized_action_path"": ""/external-v15/case-000182"", ""transport_adapter_category"": ""cookie""}",audited,doGet dispatches to a form/template before doPost
BenchmarkTest01083,OWASP Benchmark Java,1.2,ba2e3f9a29fa3bde6a5c073d679393c9b94f025f,src\main\java\org\owasp\benchmark\testcode\BenchmarkTest01083.java,expectedresults-1.2.csv,sqli,vulnerable,89,case_level,/sqli-02/BenchmarkTest01083,https://localhost:8443/benchmark/sqli-02/BenchmarkTest01083,header,GET_delegates_to_POST,header,header,1,BenchmarkTest01083,text/html;charset=UTF-8,select_like,select;prepared_statement,read_like,execute;prepareStatement,result_rows_written,plausible_runtime_validation_required,adapter_feasible,plausible_runtime_validation_required,ADAPTER_SUPPORTED,true,true,header_adapter,set deterministic request headers without exposing original BenchmarkTest names to the ranker,,original case may be preserved with deterministic transport adapter; runtime boolean validation still required,proposed_schema,,true,os15-c000183,/external-v15/case-000183,candidate_id;sanitized_action_path;http_method;input_carrier;input_count_category;editable_input_count;multiple_parameters;transport_adapter_category;request_shape,benchmark_case_id;expected_result;ground_truth;label;query_text;source_file;sql_operation_category;sql_statement;vulnerability_label,"{""candidate_id"": ""os15-c000183"", ""editable_input_count"": 1, ""http_method"": ""POST_or_request_metadata"", ""input_carrier"": ""header"", ""input_count_category"": ""single"", ""multiple_parameters"": false, ""request_shape"": ""header"", ""sanitized_action_path"": ""/external-v15/case-000183"", ""transport_adapter_category"": ""header""}",audited,static source inspection completed
BenchmarkTest01084,OWASP Benchmark Java,1.2,ba2e3f9a29fa3bde6a5c073d679393c9b94f025f,src\main\java\org\owasp\benchmark\testcode\BenchmarkTest01084.java,expectedresults-1.2.csv,sqli,vulnerable,89,case_level,/sqli-02/BenchmarkTest01084,https://localhost:8443/benchmark/sqli-02/BenchmarkTest01084,header,GET_delegates_to_POST,header,header,1,BenchmarkTest01084,text/html;charset=UTF-8,select_like,select;prepared_statement,read_like,execute;prepareStatement,result_rows_written,plausible_runtime_validation_required,adapter_feasible,plausible_runtime_validation_required,ADAPTER_SUPPORTED,true,true,header_adapter,set deterministic request headers without exposing original BenchmarkTest names to the ranker,,original case may be preserved with deterministic transport adapter; runtime boolean validation still required,proposed_schema,,true,os15-c000184,/external-v15/case-000184,candidate_id;sanitized_action_path;http_method;input_carrier;input_count_category;editable_input_count;multiple_parameters;transport_adapter_category;request_shape,benchmark_case_id;expected_result;ground_truth;label;query_text;source_file;sql_operation_category;sql_statement;vulnerability_label,"{""candidate_id"": ""os15-c000184"", ""editable_input_count"": 1, ""http_method"": ""POST_or_request_metadata"", ""input_carrier"": ""header"", ""input_count_category"": ""single"", ""multiple_parameters"": false, ""request_shape"": ""header"", ""sanitized_action_path"": ""/external-v15/case-000184"", ""transport_adapter_category"": ""header""}",audited,static source inspection completed
BenchmarkTest01085,OWASP Benchmark Java,1.2,ba2e3f9a29fa3bde6a5c073d679393c9b94f025f,src\main\java\org\owasp\benchmark\testcode\BenchmarkTest01085.java,expectedresults-1.2.csv,sqli,non_vulnerable,89,case_level,/sqli-02/BenchmarkTest01085,https://localhost:8443/benchmark/sqli-02/BenchmarkTest01085,header,GET_delegates_to_POST,header,header,1,BenchmarkTest01085,text/html;charset=UTF-8,select_like,select,read_like,execute,writer_output_detected,manual_review_required,adapter_feasible,manual_review_required,MANUAL_REVIEW,false,false,header_adapter,set deterministic request headers without exposing original BenchmarkTest names to the ranker,read-like SQL detected but static response oracle is insufficient,read-like SQL detected but static response oracle is insufficient,not_applicable,no_ranker_candidate_for_incompatible_case,not_applicable,,,,benchmark_case_id;expected_result;ground_truth;label;query_text;source_file;sql_operation_category;sql_statement;vulnerability_label,,audited,static source inspection completed
BenchmarkTest01086,OWASP Benchmark Java,1.2,ba2e3f9a29fa3bde6a5c073d679393c9b94f025f,src\main\java\org\owasp\benchmark\testcode\BenchmarkTest01086.java,expectedresults-1.2.csv,sqli,non_vulnerable,89,case_level,/sqli-02/BenchmarkTest01086,https://localhost:8443/benchmark/sqli-02/BenchmarkTest01086,header,GET_delegates_to_POST,header,header,1,BenchmarkTest01086,text/html;charset=UTF-8,select_like,select,read_like,execute,writer_output_detected,manual_review_required,adapter_feasible,manual_review_required,MANUAL_REVIEW,false,false,header_adapter,set deterministic request headers without exposing original BenchmarkTest names to the ranker,read-like SQL detected but static response oracle is insufficient,read-like SQL detected but static response oracle is insufficient,not_applicable,no_ranker_candidate_for_incompatible_case,not_applicable,,,,benchmark_case_id;expected_result;ground_truth;label;query_text;source_file;sql_operation_category;sql_statement;vulnerability_label,,audited,static source inspection completed
BenchmarkTest01087,OWASP Benchmark Java,1.2,ba2e3f9a29fa3bde6a5c073d679393c9b94f025f,src\main\java\org\owasp\benchmark\testcode\BenchmarkTest01087.java,expectedresults-1.2.csv,sqli,vulnerable,89,case_level,/sqli-02/BenchmarkTest01087,https://localhost:8443/benchmark/sqli-02/BenchmarkTest01087,header,GET_delegates_to_POST,header,header,1,BenchmarkTest01087,text/html;charset=UTF-8,select_like,select,read_like,unknown,writer_output_detected,manual_review_required,adapter_feasible,manual_review_required,MANUAL_REVIEW,false,false,header_adapter,set deterministic request headers without exposing original BenchmarkTest names to the ranker,read-like SQL detected but static response oracle is insufficient,read-like SQL detected but static response oracle is insufficient,not_applicable,no_ranker_candidate_for_incompatible_case,not_applicable,,,,benchmark_case_id;expected_result;ground_truth;label;query_text;source_file;sql_operation_category;sql_statement;vulnerability_label,,audited,static source inspection completed
BenchmarkTest01088,OWASP Benchmark Java,1.2,ba2e3f9a29fa3bde6a5c073d679393c9b94f025f,src\main\java\org\owasp\benchmark\testcode\BenchmarkTest01088.java,expectedresults-1.2.csv,sqli,vulnerable,89,case_level,/sqli-02/BenchmarkTest01088,https://localhost:8443/benchmark/sqli-02/BenchmarkTest01088,header,GET_delegates_to_POST,header,header,1,BenchmarkTest01088,text/html;charset=UTF-8,select_like,select,read_like,unknown,writer_output_detected,manual_review_required,adapter_feasible,manual_review_required,MANUAL_REVIEW,false,false,header_adapter,set deterministic request headers without exposing original BenchmarkTest names to the ranker,read-like SQL detected but static response oracle is insufficient,read-like SQL detected but static response oracle is insufficient,not_applicable,no_ranker_candidate_for_incompatible_case,not_applicable,,,,benchmark_case_id;expected_result;ground_truth;label;query_text;source_file;sql_operation_category;sql_statement;vulnerability_label,,audited,static source inspection completed
BenchmarkTest01089,OWASP Benchmark Java,1.2,ba2e3f9a29fa3bde6a5c073d679393c9b94f025f,src\main\java\org\owasp\benchmark\testcode\BenchmarkTest01089.java,expectedresults-1.2.csv,sqli,non_vulnerable,89,case_level,/sqli-02/BenchmarkTest01089,https://localhost:8443/benchmark/sqli-02/BenchmarkTest01089,header,GET_delegates_to_POST,header,header,1,BenchmarkTest01089,text/html;charset=UTF-8,select_like,select,read_like,unknown,writer_output_detected,manual_review_required,adapter_feasible,manual_review_required,MANUAL_REVIEW,false,false,header_adapter,set deterministic request headers without exposing original BenchmarkTest names to the ranker,read-like SQL detected but static response oracle is insufficient,read-like SQL detected but static response oracle is insufficient,not_applicable,no_ranker_candidate_for_incompatible_case,not_applicable,,,,benchmark_case_id;expected_result;ground_truth;label;query_text;source_file;sql_operation_category;sql_statement;vulnerability_label,,audited,static source inspection completed
BenchmarkTest01090,OWASP Benchmark Java,1.2,ba2e3f9a29fa3bde6a5c073d679393c9b94f025f,src\main\java\org\owasp\benchmark\testcode\BenchmarkTest01090.java,expectedresults-1.2.csv,sqli,vulnerable,89,case_level,/sqli-02/BenchmarkTest01090,https://localhost:8443/benchmark/sqli-02/BenchmarkTest01090,header,GET_delegates_to_POST,header,header,1,BenchmarkTest01090,text/html;charset=UTF-8,select_like,select,read_like,unknown,result_rows_written,plausible_runtime_validation_required,adapter_feasible,plausible_runtime_validation_required,ADAPTER_SUPPORTED,true,true,header_adapter,set deterministic request headers without exposing original BenchmarkTest names to the ranker,,original case may be preserved with deterministic transport adapter; runtime boolean validation still required,proposed_schema,,true,os15-c000190,/external-v15/case-000190,candidate_id;sanitized_action_path;http_method;input_carrier;input_count_category;editable_input_count;multiple_parameters;transport_adapter_category;request_shape,benchmark_case_id;expected_result;ground_truth;label;query_text;source_file;sql_operation_category;sql_statement;vulnerability_label,"{""candidate_id"": ""os15-c000190"", ""editable_input_count"": 1, ""http_method"": ""POST_or_request_metadata"", ""input_carrier"": ""header"", ""input_count_category"": ""single"", ""multiple_parameters"": false, ""request_shape"": ""header"", ""sanitized_action_path"": ""/external-v15/case-000190"", ""transport_adapter_category"": ""header""}",audited,static source inspection completed
BenchmarkTest01091,OWASP Benchmark Java,1.2,ba2e3f9a29fa3bde6a5c073d679393c9b94f025f,src\main\java\org\owasp\benchmark\testcode\BenchmarkTest01091.java,expectedresults-1.2.csv,sqli,vulnerable,89,case_level,/sqli-02/BenchmarkTest01091,https://localhost:8443/benchmark/sqli-02/BenchmarkTest01091,header,GET_delegates_to_POST,header,header,1,BenchmarkTest01091,text/html;charset=UTF-8,select_like,select,read_like,execute,result_rows_written,plausible_runtime_validation_required,adapter_feasible,plausible_runtime_validation_required,ADAPTER_SUPPORTED,true,true,header_adapter,set deterministic request headers without exposing original BenchmarkTest names to the ranker,,original case may be preserved with deterministic transport adapter; runtime boolean validation still required,proposed_schema,,true,os15-c000191,/external-v15/case-000191,candidate_id;sanitized_action_path;http_method;input_carrier;input_count_category;editable_input_count;multiple_parameters;transport_adapter_category;request_shape,benchmark_case_id;expected_result;ground_truth;label;query_text;source_file;sql_operation_category;sql_statement;vulnerability_label,"{""candidate_id"": ""os15-c000191"", ""editable_input_count"": 1, ""http_method"": ""POST_or_request_metadata"", ""input_carrier"": ""header"", ""input_count_category"": ""single"", ""multiple_parameters"": false, ""request_shape"": ""header"", ""sanitized_action_path"": ""/external-v15/case-000191"", ""transport_adapter_category"": ""header""}",audited,static source inspection completed
BenchmarkTest01092,OWASP Benchmark Java,1.2,ba2e3f9a29fa3bde6a5c073d679393c9b94f025f,src\main\java\org\owasp\benchmark\testcode\BenchmarkTest01092.java,expectedresults-1.2.csv,sqli,non_vulnerable,89,case_level,/sqli-02/BenchmarkTest01092,https://localhost:8443/benchmark/sqli-02/BenchmarkTest01092,header,GET_delegates_to_POST,header,header,1,BenchmarkTest01092,text/html;charset=UTF-8,select_like,select,read_like,execute,result_rows_written,plausible_runtime_validation_required,adapter_feasible,plausible_runtime_validation_required,ADAPTER_SUPPORTED,true,true,header_adapter,set deterministic request headers without exposing original BenchmarkTest names to the ranker,,original case may be preserved with deterministic transport adapter; runtime boolean validation still required,proposed_schema,,true,os15-c000192,/external-v15/case-000192,candidate_id;sanitized_action_path;http_method;input_carrier;input_count_category;editable_input_count;multiple_parameters;transport_adapter_category;request_shape,benchmark_case_id;expected_result;ground_truth;label;query_text;source_file;sql_operation_category;sql_statement;vulnerability_label,"{""candidate_id"": ""os15-c000192"", ""editable_input_count"": 1, ""http_method"": ""POST_or_request_metadata"", ""input_carrier"": ""header"", ""input_count_category"": ""single"", ""multiple_parameters"": false, ""request_shape"": ""header"", ""sanitized_action_path"": ""/external-v15/case-000192"", ""transport_adapter_category"": ""header""}",audited,static source inspection completed
BenchmarkTest01093,OWASP Benchmark Java,1.2,ba2e3f9a29fa3bde6a5c073d679393c9b94f025f,src\main\java\org\owasp\benchmark\testcode\BenchmarkTest01093.java,expectedresults-1.2.csv,sqli,vulnerable,89,case_level,/sqli-02/BenchmarkTest01093,https://localhost:8443/benchmark/sqli-02/BenchmarkTest01093,header,GET_delegates_to_POST,header,header,1,BenchmarkTest01093,text/html;charset=UTF-8,select_like,select,read_like,execute,result_rows_written,plausible_runtime_validation_required,adapter_feasible,plausible_runtime_validation_required,ADAPTER_SUPPORTED,true,true,header_adapter,set deterministic request headers without exposing original BenchmarkTest names to the ranker,,original case may be preserved with deterministic transport adapter; runtime boolean validation still required,proposed_schema,,true,os15-c000193,/external-v15/case-000193,candidate_id;sanitized_action_path;http_method;input_carrier;input_count_category;editable_input_count;multiple_parameters;transport_adapter_category;request_shape,benchmark_case_id;expected_result;ground_truth;label;query_text;source_file;sql_operation_category;sql_statement;vulnerability_label,"{""candidate_id"": ""os15-c000193"", ""editable_input_count"": 1, ""http_method"": ""POST_or_request_metadata"", ""input_carrier"": ""header"", ""input_count_category"": ""single"", ""multiple_parameters"": false, ""request_shape"": ""header"", ""sanitized_action_path"": ""/external-v15/case-000193"", ""transport_adapter_category"": ""header""}",audited,static source inspection completed
BenchmarkTest01094,OWASP Benchmark Java,1.2,ba2e3f9a29fa3bde6a5c073d679393c9b94f025f,src\main\java\org\owasp\benchmark\testcode\BenchmarkTest01094.java,expectedresults-1.2.csv,sqli,vulnerable,89,case_level,/sqli-02/BenchmarkTest01094,https://localhost:8443/benchmark/sqli-02/BenchmarkTest01094,header,GET_delegates_to_POST,header,header,1,BenchmarkTest01094,text/html;charset=UTF-8,select_like,select,read_like,execute,result_rows_written,plausible_runtime_validation_required,adapter_feasible,plausible_runtime_validation_required,ADAPTER_SUPPORTED,true,true,header_adapter,set deterministic request headers without exposing original BenchmarkTest names to the ranker,,original case may be preserved with deterministic transport adapter; runtime boolean validation still required,proposed_schema,,true,os15-c000194,/external-v15/case-000194,candidate_id;sanitized_action_path;http_method;input_carrier;input_count_category;editable_input_count;multiple_parameters;transport_adapter_category;request_shape,benchmark_case_id;expected_result;ground_truth;label;query_text;source_file;sql_operation_category;sql_statement;vulnerability_label,"{""candidate_id"": ""os15-c000194"", ""editable_input_count"": 1, ""http_method"": ""POST_or_request_metadata"", ""input_carrier"": ""header"", ""input_count_category"": ""single"", ""multiple_parameters"": false, ""request_shape"": ""header"", ""sanitized_action_path"": ""/external-v15/case-000194"", ""transport_adapter_category"": ""header""}",audited,static source inspection completed
BenchmarkTest01095,OWASP Benchmark Java,1.2,ba2e3f9a29fa3bde6a5c073d679393c9b94f025f,src\main\java\org\owasp\benchmark\testcode\BenchmarkTest01095.java,expectedresults-1.2.csv,sqli,non_vulnerable,89,case_level,/sqli-02/BenchmarkTest01095,https://localhost:8443/benchmark/sqli-02/BenchmarkTest01095,header,GET_delegates_to_POST,header,header,1,BenchmarkTest01095,text/html;charset=UTF-8,select_like,select,read_like,execute,result_rows_written,plausible_runtime_validation_required,adapter_feasible,plausible_runtime_validation_required,ADAPTER_SUPPORTED,true,true,header_adapter,set deterministic request headers without exposing original BenchmarkTest names to the ranker,,original case may be preserved with deterministic transport adapter; runtime boolean validation still required,proposed_schema,,true,os15-c000195,/external-v15/case-000195,candidate_id;sanitized_action_path;http_method;input_carrier;input_count_category;editable_input_count;multiple_parameters;transport_adapter_category;request_shape,benchmark_case_id;expected_result;ground_truth;label;query_text;source_file;sql_operation_category;sql_statement;vulnerability_label,"{""candidate_id"": ""os15-c000195"", ""editable_input_count"": 1, ""http_method"": ""POST_or_request_metadata"", ""input_carrier"": ""header"", ""input_count_category"": ""single"", ""multiple_parameters"": false, ""request_shape"": ""header"", ""sanitized_action_path"": ""/external-v15/case-000195"", ""transport_adapter_category"": ""header""}",audited,static source inspection completed
BenchmarkTest01096,OWASP Benchmark Java,1.2,ba2e3f9a29fa3bde6a5c073d679393c9b94f025f,src\main\java\org\owasp\benchmark\testcode\BenchmarkTest01096.java,expectedresults-1.2.csv,sqli,non_vulnerable,89,case_level,/sqli-02/BenchmarkTest01096,https://localhost:8443/benchmark/sqli-02/BenchmarkTest01096,header,GET_delegates_to_POST,header,header,1,BenchmarkTest01096,text/html;charset=UTF-8,insert,insert;execute_update,write_or_state_changing,executeUpdate,writer_output_detected,not_applicable_non_destructive_conflict,adapter_feasible,not_applicable_non_destructive_conflict,EXCLUDED,false,false,header_adapter,set deterministic request headers without exposing original BenchmarkTest names to the ranker,write/state-changing SQL conflicts with non-destructive verifier philosophy,write/state-changing SQL conflicts with non-destructive verifier philosophy,not_applicable,no_ranker_candidate_for_incompatible_case,not_applicable,,,,benchmark_case_id;expected_result;ground_truth;label;query_text;source_file;sql_operation_category;sql_statement;vulnerability_label,,audited,executeUpdate call statically detected
BenchmarkTest01097,OWASP Benchmark Java,1.2,ba2e3f9a29fa3bde6a5c073d679393c9b94f025f,src\main\java\org\owasp\benchmark\testcode\BenchmarkTest01097.java,expectedresults-1.2.csv,sqli,vulnerable,89,case_level,/sqli-02/BenchmarkTest01097,https://localhost:8443/benchmark/sqli-02/BenchmarkTest01097,header,GET_delegates_to_POST,header,header,1,BenchmarkTest01097,text/html;charset=UTF-8,insert,insert;execute_update,write_or_state_changing,executeUpdate,writer_output_detected,not_applicable_non_destructive_conflict,adapter_feasible,not_applicable_non_destructive_conflict,EXCLUDED,false,false,header_adapter,set deterministic request headers without exposing original BenchmarkTest names to the ranker,write/state-changing SQL conflicts with non-destructive verifier philosophy,write/state-changing SQL conflicts with non-destructive verifier philosophy,not_applicable,no_ranker_candidate_for_incompatible_case,not_applicable,,,,benchmark_case_id;expected_result;ground_truth;label;query_text;source_file;sql_operation_category;sql_statement;vulnerability_label,,audited,executeUpdate call statically detected
BenchmarkTest01098,OWASP Benchmark Java,1.2,ba2e3f9a29fa3bde6a5c073d679393c9b94f025f,src\main\java\org\owasp\benchmark\testcode\BenchmarkTest01098.java,expectedresults-1.2.csv,sqli,non_vulnerable,89,case_level,/sqli-02/BenchmarkTest01098,https://localhost:8443/benchmark/sqli-02/BenchmarkTest01098,header,GET_delegates_to_POST,header,header,1,BenchmarkTest01098,text/html;charset=UTF-8,insert,insert;execute_update,write_or_state_changing,executeUpdate,writer_output_detected,not_applicable_non_destructive_conflict,adapter_feasible,not_applicable_non_destructive_conflict,EXCLUDED,false,false,header_adapter,set deterministic request headers without exposing original BenchmarkTest names to the ranker,write/state-changing SQL conflicts with non-destructive verifier philosophy,write/state-changing SQL conflicts with non-destructive verifier philosophy,not_applicable,no_ranker_candidate_for_incompatible_case,not_applicable,,,,benchmark_case_id;expected_result;ground_truth;label;query_text;source_file;sql_operation_category;sql_statement;vulnerability_label,,audited,executeUpdate call statically detected
BenchmarkTest01208,OWASP Benchmark Java,1.2,ba2e3f9a29fa3bde6a5c073d679393c9b94f025f,src\main\java\org\owasp\benchmark\testcode\BenchmarkTest01208.java,expectedresults-1.2.csv,sqli,vulnerable,89,case_level,/sqli-02/BenchmarkTest01208,https://localhost:8443/benchmark/sqli-02/BenchmarkTest01208,header,GET_delegates_to_POST,header,header,1,BenchmarkTest01208,text/html;charset=UTF-8,stored_procedure,stored_procedure;execute_query,stored_procedure_ambiguous,executeQuery;prepareCall,result_rows_written,not_applicable_stored_procedure_ambiguous,adapter_feasible,not_applicable_stored_procedure_ambiguous,EXCLUDED,false,false,header_adapter,set deterministic request headers without exposing original BenchmarkTest names to the ranker,stored procedure behavior cannot be assumed read-only by static audit,stored procedure behavior cannot be assumed read-only by static audit,not_applicable,no_ranker_candidate_for_incompatible_case,not_applicable,,,,benchmark_case_id;expected_result;ground_truth;label;query_text;source_file;sql_operation_category;sql_statement;vulnerability_label,,audited,stored procedure call statically detected
BenchmarkTest01209,OWASP Benchmark Java,1.2,ba2e3f9a29fa3bde6a5c073d679393c9b94f025f,src\main\java\org\owasp\benchmark\testcode\BenchmarkTest01209.java,expectedresults-1.2.csv,sqli,vulnerable,89,case_level,/sqli-02/BenchmarkTest01209,https://localhost:8443/benchmark/sqli-02/BenchmarkTest01209,header,GET_delegates_to_POST,header,header,1,BenchmarkTest01209,text/html;charset=UTF-8,select_like,select;prepared_statement,read_like,execute;prepareStatement,result_rows_written,plausible_runtime_validation_required,adapter_feasible,plausible_runtime_validation_required,ADAPTER_SUPPORTED,true,true,header_adapter,set deterministic request headers without exposing original BenchmarkTest names to the ranker,,original case may be preserved with deterministic transport adapter; runtime boolean validation still required,proposed_schema,,true,os15-c000200,/external-v15/case-000200,candidate_id;sanitized_action_path;http_method;input_carrier;input_count_category;editable_input_count;multiple_parameters;transport_adapter_category;request_shape,benchmark_case_id;expected_result;ground_truth;label;query_text;source_file;sql_operation_category;sql_statement;vulnerability_label,"{""candidate_id"": ""os15-c000200"", ""editable_input_count"": 1, ""http_method"": ""POST_or_request_metadata"", ""input_carrier"": ""header"", ""input_count_category"": ""single"", ""multiple_parameters"": false, ""request_shape"": ""header"", ""sanitized_action_path"": ""/external-v15/case-000200"", ""transport_adapter_category"": ""header""}",audited,static source inspection completed
BenchmarkTest01210,OWASP Benchmark Java,1.2,ba2e3f9a29fa3bde6a5c073d679393c9b94f025f,src\main\java\org\owasp\benchmark\testcode\BenchmarkTest01210.java,expectedresults-1.2.csv,sqli,vulnerable,89,case_level,/sqli-02/BenchmarkTest01210,https://localhost:8443/benchmark/sqli-02/BenchmarkTest01210,header,GET_delegates_to_POST,header,header,1,BenchmarkTest01210,text/html;charset=UTF-8,select_like,select;prepared_statement,read_like,execute;prepareStatement,result_rows_written,plausible_runtime_validation_required,adapter_feasible,plausible_runtime_validation_required,ADAPTER_SUPPORTED,true,true,header_adapter,set deterministic request headers without exposing original BenchmarkTest names to the ranker,,original case may be preserved with deterministic transport adapter; runtime boolean validation still required,proposed_schema,,true,os15-c000201,/external-v15/case-000201,candidate_id;sanitized_action_path;http_method;input_carrier;input_count_category;editable_input_count;multiple_parameters;transport_adapter_category;request_shape,benchmark_case_id;expected_result;ground_truth;label;query_text;source_file;sql_operation_category;sql_statement;vulnerability_label,"{""candidate_id"": ""os15-c000201"", ""editable_input_count"": 1, ""http_method"": ""POST_or_request_metadata"", ""input_carrier"": ""header"", ""input_count_category"": ""single"", ""multiple_parameters"": false, ""request_shape"": ""header"", ""sanitized_action_path"": ""/external-v15/case-000201"", ""transport_adapter_category"": ""header""}",audited,static source inspection completed
BenchmarkTest01211,OWASP Benchmark Java,1.2,ba2e3f9a29fa3bde6a5c073d679393c9b94f025f,src\main\java\org\owasp\benchmark\testcode\BenchmarkTest01211.java,expectedresults-1.2.csv,sqli,vulnerable,89,case_level,/sqli-02/BenchmarkTest01211,https://localhost:8443/benchmark/sqli-02/BenchmarkTest01211,header,GET_delegates_to_POST,header,header,1,BenchmarkTest01211,text/html;charset=UTF-8,select_like,select;prepared_statement,read_like,execute;prepareStatement,result_rows_written,plausible_runtime_validation_required,adapter_feasible,plausible_runtime_validation_required,ADAPTER_SUPPORTED,true,true,header_adapter,set deterministic request headers without exposing original BenchmarkTest names to the ranker,,original case may be preserved with deterministic transport adapter; runtime boolean validation still required,proposed_schema,,true,os15-c000202,/external-v15/case-000202,candidate_id;sanitized_action_path;http_method;input_carrier;input_count_category;editable_input_count;multiple_parameters;transport_adapter_category;request_shape,benchmark_case_id;expected_result;ground_truth;label;query_text;source_file;sql_operation_category;sql_statement;vulnerability_label,"{""candidate_id"": ""os15-c000202"", ""editable_input_count"": 1, ""http_method"": ""POST_or_request_metadata"", ""input_carrier"": ""header"", ""input_count_category"": ""single"", ""multiple_parameters"": false, ""request_shape"": ""header"", ""sanitized_action_path"": ""/external-v15/case-000202"", ""transport_adapter_category"": ""header""}",audited,static source inspection completed
BenchmarkTest01212,OWASP Benchmark Java,1.2,ba2e3f9a29fa3bde6a5c073d679393c9b94f025f,src\main\java\org\owasp\benchmark\testcode\BenchmarkTest01212.java,expectedresults-1.2.csv,sqli,non_vulnerable,89,case_level,/sqli-02/BenchmarkTest01212,https://localhost:8443/benchmark/sqli-02/BenchmarkTest01212,header,GET_delegates_to_POST,header,header,1,BenchmarkTest01212,text/html;charset=UTF-8,select_like,select;prepared_statement,read_like,execute;prepareStatement,result_rows_written,plausible_runtime_validation_required,adapter_feasible,plausible_runtime_validation_required,ADAPTER_SUPPORTED,true,true,header_adapter,set deterministic request headers without exposing original BenchmarkTest names to the ranker,,original case may be preserved with deterministic transport adapter; runtime boolean validation still required,proposed_schema,,true,os15-c000203,/external-v15/case-000203,candidate_id;sanitized_action_path;http_method;input_carrier;input_count_category;editable_input_count;multiple_parameters;transport_adapter_category;request_shape,benchmark_case_id;expected_result;ground_truth;label;query_text;source_file;sql_operation_category;sql_statement;vulnerability_label,"{""candidate_id"": ""os15-c000203"", ""editable_input_count"": 1, ""http_method"": ""POST_or_request_metadata"", ""input_carrier"": ""header"", ""input_count_category"": ""single"", ""multiple_parameters"": false, ""request_shape"": ""header"", ""sanitized_action_path"": ""/external-v15/case-000203"", ""transport_adapter_category"": ""header""}",audited,static source inspection completed
BenchmarkTest01213,OWASP Benchmark Java,1.2,ba2e3f9a29fa3bde6a5c073d679393c9b94f025f,src\main\java\org\owasp\benchmark\testcode\BenchmarkTest01213.java,expectedresults-1.2.csv,sqli,non_vulnerable,89,case_level,/sqli-02/BenchmarkTest01213,https://localhost:8443/benchmark/sqli-02/BenchmarkTest01213,header,GET_delegates_to_POST,header,header,1,BenchmarkTest01213,text/html;charset=UTF-8,select_like,select;prepared_statement,read_like,execute;prepareStatement,result_rows_written,plausible_runtime_validation_required,adapter_feasible,plausible_runtime_validation_required,ADAPTER_SUPPORTED,true,true,header_adapter,set deterministic request headers without exposing original BenchmarkTest names to the ranker,,original case may be preserved with deterministic transport adapter; runtime boolean validation still required,proposed_schema,,true,os15-c000204,/external-v15/case-000204,candidate_id;sanitized_action_path;http_method;input_carrier;input_count_category;editable_input_count;multiple_parameters;transport_adapter_category;request_shape,benchmark_case_id;expected_result;ground_truth;label;query_text;source_file;sql_operation_category;sql_statement;vulnerability_label,"{""candidate_id"": ""os15-c000204"", ""editable_input_count"": 1, ""http_method"": ""POST_or_request_metadata"", ""input_carrier"": ""header"", ""input_count_category"": ""single"", ""multiple_parameters"": false, ""request_shape"": ""header"", ""sanitized_action_path"": ""/external-v15/case-000204"", ""transport_adapter_category"": ""header""}",audited,static source inspection completed
BenchmarkTest01214,OWASP Benchmark Java,1.2,ba2e3f9a29fa3bde6a5c073d679393c9b94f025f,src\main\java\org\owasp\benchmark\testcode\BenchmarkTest01214.java,expectedresults-1.2.csv,sqli,vulnerable,89,case_level,/sqli-02/BenchmarkTest01214,https://localhost:8443/benchmark/sqli-02/BenchmarkTest01214,header,GET_delegates_to_POST,header,header,1,BenchmarkTest01214,text/html;charset=UTF-8,select_like,select,read_like,unknown,writer_output_detected,manual_review_required,adapter_feasible,manual_review_required,MANUAL_REVIEW,false,false,header_adapter,set deterministic request headers without exposing original BenchmarkTest names to the ranker,read-like SQL detected but static response oracle is insufficient,read-like SQL detected but static response oracle is insufficient,not_applicable,no_ranker_candidate_for_incompatible_case,not_applicable,,,,benchmark_case_id;expected_result;ground_truth;label;query_text;source_file;sql_operation_category;sql_statement;vulnerability_label,,audited,static source inspection completed
BenchmarkTest01215,OWASP Benchmark Java,1.2,ba2e3f9a29fa3bde6a5c073d679393c9b94f025f,src\main\java\org\owasp\benchmark\testcode\BenchmarkTest01215.java,expectedresults-1.2.csv,sqli,non_vulnerable,89,case_level,/sqli-02/BenchmarkTest01215,https://localhost:8443/benchmark/sqli-02/BenchmarkTest01215,header,GET_delegates_to_POST,header,header,1,BenchmarkTest01215,text/html;charset=UTF-8,select_like,select,read_like,unknown,writer_output_detected,manual_review_required,adapter_feasible,manual_review_required,MANUAL_REVIEW,false,false,header_adapter,set deterministic request headers without exposing original BenchmarkTest names to the ranker,read-like SQL detected but static response oracle is insufficient,read-like SQL detected but static response oracle is insufficient,not_applicable,no_ranker_candidate_for_incompatible_case,not_applicable,,,,benchmark_case_id;expected_result;ground_truth;label;query_text;source_file;sql_operation_category;sql_statement;vulnerability_label,,audited,static source inspection completed
BenchmarkTest01216,OWASP Benchmark Java,1.2,ba2e3f9a29fa3bde6a5c073d679393c9b94f025f,src\main\java\org\owasp\benchmark\testcode\BenchmarkTest01216.java,expectedresults-1.2.csv,sqli,non_vulnerable,89,case_level,/sqli-02/BenchmarkTest01216,https://localhost:8443/benchmark/sqli-02/BenchmarkTest01216,header,GET_delegates_to_POST,header,header,1,BenchmarkTest01216,text/html;charset=UTF-8,select_like,select,read_like,unknown,result_rows_written,plausible_runtime_validation_required,adapter_feasible,plausible_runtime_validation_required,ADAPTER_SUPPORTED,true,true,header_adapter,set deterministic request headers without exposing original BenchmarkTest names to the ranker,,original case may be preserved with deterministic transport adapter; runtime boolean validation still required,proposed_schema,,true,os15-c000207,/external-v15/case-000207,candidate_id;sanitized_action_path;http_method;input_carrier;input_count_category;editable_input_count;multiple_parameters;transport_adapter_category;request_shape,benchmark_case_id;expected_result;ground_truth;label;query_text;source_file;sql_operation_category;sql_statement;vulnerability_label,"{""candidate_id"": ""os15-c000207"", ""editable_input_count"": 1, ""http_method"": ""POST_or_request_metadata"", ""input_carrier"": ""header"", ""input_count_category"": ""single"", ""multiple_parameters"": false, ""request_shape"": ""header"", ""sanitized_action_path"": ""/external-v15/case-000207"", ""transport_adapter_category"": ""header""}",audited,static source inspection completed
BenchmarkTest01217,OWASP Benchmark Java,1.2,ba2e3f9a29fa3bde6a5c073d679393c9b94f025f,src\main\java\org\owasp\benchmark\testcode\BenchmarkTest01217.java,expectedresults-1.2.csv,sqli,non_vulnerable,89,case_level,/sqli-02/BenchmarkTest01217,https://localhost:8443/benchmark/sqli-02/BenchmarkTest01217,header,GET_delegates_to_POST,header,header,1,BenchmarkTest01217,text/html;charset=UTF-8,select_like,select,read_like,unknown,result_rows_written,plausible_runtime_validation_required,adapter_feasible,plausible_runtime_validation_required,ADAPTER_SUPPORTED,true,true,header_adapter,set deterministic request headers without exposing original BenchmarkTest names to the ranker,,original case may be preserved with deterministic transport adapter; runtime boolean validation still required,proposed_schema,,true,os15-c000208,/external-v15/case-000208,candidate_id;sanitized_action_path;http_method;input_carrier;input_count_category;editable_input_count;multiple_parameters;transport_adapter_category;request_shape,benchmark_case_id;expected_result;ground_truth;label;query_text;source_file;sql_operation_category;sql_statement;vulnerability_label,"{""candidate_id"": ""os15-c000208"", ""editable_input_count"": 1, ""http_method"": ""POST_or_request_metadata"", ""input_carrier"": ""header"", ""input_count_category"": ""single"", ""multiple_parameters"": false, ""request_shape"": ""header"", ""sanitized_action_path"": ""/external-v15/case-000208"", ""transport_adapter_category"": ""header""}",audited,static source inspection completed
BenchmarkTest01218,OWASP Benchmark Java,1.2,ba2e3f9a29fa3bde6a5c073d679393c9b94f025f,src\main\java\org\owasp\benchmark\testcode\BenchmarkTest01218.java,expectedresults-1.2.csv,sqli,non_vulnerable,89,case_level,/sqli-02/BenchmarkTest01218,https://localhost:8443/benchmark/sqli-02/BenchmarkTest01218,header,GET_delegates_to_POST,header,header,1,BenchmarkTest01218,text/html;charset=UTF-8,select_like,select,read_like,unknown,result_rows_written,plausible_runtime_validation_required,adapter_feasible,plausible_runtime_validation_required,ADAPTER_SUPPORTED,true,true,header_adapter,set deterministic request headers without exposing original BenchmarkTest names to the ranker,,original case may be preserved with deterministic transport adapter; runtime boolean validation still required,proposed_schema,,true,os15-c000209,/external-v15/case-000209,candidate_id;sanitized_action_path;http_method;input_carrier;input_count_category;editable_input_count;multiple_parameters;transport_adapter_category;request_shape,benchmark_case_id;expected_result;ground_truth;label;query_text;source_file;sql_operation_category;sql_statement;vulnerability_label,"{""candidate_id"": ""os15-c000209"", ""editable_input_count"": 1, ""http_method"": ""POST_or_request_metadata"", ""input_carrier"": ""header"", ""input_count_category"": ""single"", ""multiple_parameters"": false, ""request_shape"": ""header"", ""sanitized_action_path"": ""/external-v15/case-000209"", ""transport_adapter_category"": ""header""}",audited,static source inspection completed
BenchmarkTest01219,OWASP Benchmark Java,1.2,ba2e3f9a29fa3bde6a5c073d679393c9b94f025f,src\main\java\org\owasp\benchmark\testcode\BenchmarkTest01219.java,expectedresults-1.2.csv,sqli,non_vulnerable,89,case_level,/sqli-02/BenchmarkTest01219,https://localhost:8443/benchmark/sqli-02/BenchmarkTest01219,header,GET_delegates_to_POST,header,header,1,BenchmarkTest01219,text/html;charset=UTF-8,select_like,select;execute_query,read_like,executeQuery,result_rows_written,plausible_runtime_validation_required,adapter_feasible,plausible_runtime_validation_required,ADAPTER_SUPPORTED,true,true,header_adapter,set deterministic request headers without exposing original BenchmarkTest names to the ranker,,original case may be preserved with deterministic transport adapter; runtime boolean validation still required,proposed_schema,,true,os15-c000210,/external-v15/case-000210,candidate_id;sanitized_action_path;http_method;input_carrier;input_count_category;editable_input_count;multiple_parameters;transport_adapter_category;request_shape,benchmark_case_id;expected_result;ground_truth;label;query_text;source_file;sql_operation_category;sql_statement;vulnerability_label,"{""candidate_id"": ""os15-c000210"", ""editable_input_count"": 1, ""http_method"": ""POST_or_request_metadata"", ""input_carrier"": ""header"", ""input_count_category"": ""single"", ""multiple_parameters"": false, ""request_shape"": ""header"", ""sanitized_action_path"": ""/external-v15/case-000210"", ""transport_adapter_category"": ""header""}",audited,static source inspection completed
BenchmarkTest01220,OWASP Benchmark Java,1.2,ba2e3f9a29fa3bde6a5c073d679393c9b94f025f,src\main\java\org\owasp\benchmark\testcode\BenchmarkTest01220.java,expectedresults-1.2.csv,sqli,non_vulnerable,89,case_level,/sqli-02/BenchmarkTest01220,https://localhost:8443/benchmark/sqli-02/BenchmarkTest01220,header,GET_delegates_to_POST,header,header,1,BenchmarkTest01220,text/html;charset=UTF-8,insert,insert;execute_update,write_or_state_changing,executeUpdate,writer_output_detected,not_applicable_non_destructive_conflict,adapter_feasible,not_applicable_non_destructive_conflict,EXCLUDED,false,false,header_adapter,set deterministic request headers without exposing original BenchmarkTest names to the ranker,write/state-changing SQL conflicts with non-destructive verifier philosophy,write/state-changing SQL conflicts with non-destructive verifier philosophy,not_applicable,no_ranker_candidate_for_incompatible_case,not_applicable,,,,benchmark_case_id;expected_result;ground_truth;label;query_text;source_file;sql_operation_category;sql_statement;vulnerability_label,,audited,executeUpdate call statically detected
BenchmarkTest01221,OWASP Benchmark Java,1.2,ba2e3f9a29fa3bde6a5c073d679393c9b94f025f,src\main\java\org\owasp\benchmark\testcode\BenchmarkTest01221.java,expectedresults-1.2.csv,sqli,vulnerable,89,case_level,/sqli-02/BenchmarkTest01221,https://localhost:8443/benchmark/sqli-02/BenchmarkTest01221,header,GET_delegates_to_POST,header,header,1,BenchmarkTest01221,text/html;charset=UTF-8,insert,insert;execute_update,write_or_state_changing,executeUpdate,writer_output_detected,not_applicable_non_destructive_conflict,adapter_feasible,not_applicable_non_destructive_conflict,EXCLUDED,false,false,header_adapter,set deterministic request headers without exposing original BenchmarkTest names to the ranker,write/state-changing SQL conflicts with non-destructive verifier philosophy,write/state-changing SQL conflicts with non-destructive verifier philosophy,not_applicable,no_ranker_candidate_for_incompatible_case,not_applicable,,,,benchmark_case_id;expected_result;ground_truth;label;query_text;source_file;sql_operation_category;sql_statement;vulnerability_label,,audited,executeUpdate call statically detected
BenchmarkTest01222,OWASP Benchmark Java,1.2,ba2e3f9a29fa3bde6a5c073d679393c9b94f025f,src\main\java\org\owasp\benchmark\testcode\BenchmarkTest01222.java,expectedresults-1.2.csv,sqli,vulnerable,89,case_level,/sqli-02/BenchmarkTest01222,https://localhost:8443/benchmark/sqli-02/BenchmarkTest01222,header,GET_delegates_to_POST,header,header,1,BenchmarkTest01222,text/html;charset=UTF-8,insert,insert;execute_update,write_or_state_changing,executeUpdate,writer_output_detected,not_applicable_non_destructive_conflict,adapter_feasible,not_applicable_non_destructive_conflict,EXCLUDED,false,false,header_adapter,set deterministic request headers without exposing original BenchmarkTest names to the ranker,write/state-changing SQL conflicts with non-destructive verifier philosophy,write/state-changing SQL conflicts with non-destructive verifier philosophy,not_applicable,no_ranker_candidate_for_incompatible_case,not_applicable,,,,benchmark_case_id;expected_result;ground_truth;label;query_text;source_file;sql_operation_category;sql_statement;vulnerability_label,,audited,executeUpdate call statically detected
BenchmarkTest01301,OWASP Benchmark Java,1.2,ba2e3f9a29fa3bde6a5c073d679393c9b94f025f,src\main\java\org\owasp\benchmark\testcode\BenchmarkTest01301.java,expectedresults-1.2.csv,sqli,non_vulnerable,89,case_level,/sqli-02/BenchmarkTest01301,https://localhost:8443/benchmark/sqli-02/BenchmarkTest01301,POST_form,GET_delegates_to_POST,formparam,formparam,1,BenchmarkTest01301,text/html;charset=UTF-8,stored_procedure,stored_procedure;execute_query,stored_procedure_ambiguous,executeQuery;prepareCall,result_rows_written,not_applicable_stored_procedure_ambiguous,adapter_feasible,not_applicable_stored_procedure_ambiguous,EXCLUDED,false,false,form_parameter_adapter,submit original form parameters with deterministic values,stored procedure behavior cannot be assumed read-only by static audit,stored procedure behavior cannot be assumed read-only by static audit,not_applicable,no_ranker_candidate_for_incompatible_case,not_applicable,,,,benchmark_case_id;expected_result;ground_truth;label;query_text;source_file;sql_operation_category;sql_statement;vulnerability_label,,audited,stored procedure call statically detected
BenchmarkTest01302,OWASP Benchmark Java,1.2,ba2e3f9a29fa3bde6a5c073d679393c9b94f025f,src\main\java\org\owasp\benchmark\testcode\BenchmarkTest01302.java,expectedresults-1.2.csv,sqli,vulnerable,89,case_level,/sqli-02/BenchmarkTest01302,https://localhost:8443/benchmark/sqli-02/BenchmarkTest01302,POST_form,GET_delegates_to_POST,formparam,formparam,1,BenchmarkTest01302,text/html;charset=UTF-8,stored_procedure,stored_procedure;execute_query,stored_procedure_ambiguous,executeQuery;prepareCall,result_rows_written,not_applicable_stored_procedure_ambiguous,adapter_feasible,not_applicable_stored_procedure_ambiguous,EXCLUDED,false,false,form_parameter_adapter,submit original form parameters with deterministic values,stored procedure behavior cannot be assumed read-only by static audit,stored procedure behavior cannot be assumed read-only by static audit,not_applicable,no_ranker_candidate_for_incompatible_case,not_applicable,,,,benchmark_case_id;expected_result;ground_truth;label;query_text;source_file;sql_operation_category;sql_statement;vulnerability_label,,audited,stored procedure call statically detected
BenchmarkTest01303,OWASP Benchmark Java,1.2,ba2e3f9a29fa3bde6a5c073d679393c9b94f025f,src\main\java\org\owasp\benchmark\testcode\BenchmarkTest01303.java,expectedresults-1.2.csv,sqli,non_vulnerable,89,case_level,/sqli-02/BenchmarkTest01303,https://localhost:8443/benchmark/sqli-02/BenchmarkTest01303,GET_query,GET_delegates_to_POST,getparam+getparam+getparam,getparam,3,password;username;BenchmarkTest01303,text/html;charset=UTF-8,select_like,select;prepared_statement,read_like,execute;prepareStatement,result_rows_written,plausible_runtime_validation_required,adapter_feasible,plausible_runtime_validation_required,ADAPTER_SUPPORTED,true,true,multi_query_parameter_adapter,preserve original query parameter set and replace only the audited controllable value,,original case may be preserved with deterministic transport adapter; runtime boolean validation still required,proposed_schema,,true,os15-c000216,/external-v15/case-000216,candidate_id;sanitized_action_path;http_method;input_carrier;input_count_category;editable_input_count;multiple_parameters;transport_adapter_category;request_shape,benchmark_case_id;expected_result;ground_truth;label;query_text;source_file;sql_operation_category;sql_statement;vulnerability_label,"{""candidate_id"": ""os15-c000216"", ""editable_input_count"": 3, ""http_method"": ""GET"", ""input_carrier"": ""query_parameter"", ""input_count_category"": ""small_multi"", ""multiple_parameters"": true, ""request_shape"": ""query"", ""sanitized_action_path"": ""/external-v15/case-000216"", ""transport_adapter_category"": ""query_multi""}",audited,static source inspection completed
BenchmarkTest01304,OWASP Benchmark Java,1.2,ba2e3f9a29fa3bde6a5c073d679393c9b94f025f,src\main\java\org\owasp\benchmark\testcode\BenchmarkTest01304.java,expectedresults-1.2.csv,sqli,vulnerable,89,case_level,/sqli-02/BenchmarkTest01304,https://localhost:8443/benchmark/sqli-02/BenchmarkTest01304,POST_form,GET_delegates_to_POST,formparam+formparam+formparam,formparam,3,password;email;BenchmarkTest01304,text/html;charset=UTF-8,select_like,select;prepared_statement,read_like,execute;prepareStatement,result_rows_written,plausible_runtime_validation_required,adapter_feasible,plausible_runtime_validation_required,ADAPTER_SUPPORTED,true,true,form_parameter_adapter;multi_form_parameter_adapter,submit original form parameters with deterministic values;preserve companion form parameters,,original case may be preserved with deterministic transport adapter; runtime boolean validation still required,proposed_schema,,true,os15-c000217,/external-v15/case-000217,candidate_id;sanitized_action_path;http_method;input_carrier;input_count_category;editable_input_count;multiple_parameters;transport_adapter_category;request_shape,benchmark_case_id;expected_result;ground_truth;label;query_text;source_file;sql_operation_category;sql_statement;vulnerability_label,"{""candidate_id"": ""os15-c000217"", ""editable_input_count"": 3, ""http_method"": ""POST_or_request_metadata"", ""input_carrier"": ""form_parameter"", ""input_count_category"": ""small_multi"", ""multiple_parameters"": true, ""request_shape"": ""form"", ""sanitized_action_path"": ""/external-v15/case-000217"", ""transport_adapter_category"": ""form""}",audited,static source inspection completed
BenchmarkTest01305,OWASP Benchmark Java,1.2,ba2e3f9a29fa3bde6a5c073d679393c9b94f025f,src\main\java\org\owasp\benchmark\testcode\BenchmarkTest01305.java,expectedresults-1.2.csv,sqli,non_vulnerable,89,case_level,/sqli-02/BenchmarkTest01305,https://localhost:8443/benchmark/sqli-02/BenchmarkTest01305,POST_form,GET_delegates_to_POST,formparam+formparam+formparam+formparam,formparam,4,productID;secure;foo;BenchmarkTest01305,text/html;charset=UTF-8,select_like,select;prepared_statement,read_like,execute;prepareStatement,result_rows_written,plausible_runtime_validation_required,adapter_feasible,plausible_runtime_validation_required,ADAPTER_SUPPORTED,true,true,form_parameter_adapter;multi_form_parameter_adapter,submit original form parameters with deterministic values;preserve companion form parameters,,original case may be preserved with deterministic transport adapter; runtime boolean validation still required,proposed_schema,,true,os15-c000218,/external-v15/case-000218,candidate_id;sanitized_action_path;http_method;input_carrier;input_count_category;editable_input_count;multiple_parameters;transport_adapter_category;request_shape,benchmark_case_id;expected_result;ground_truth;label;query_text;source_file;sql_operation_category;sql_statement;vulnerability_label,"{""candidate_id"": ""os15-c000218"", ""editable_input_count"": 4, ""http_method"": ""POST_or_request_metadata"", ""input_carrier"": ""form_parameter"", ""input_count_category"": ""larger_multi"", ""multiple_parameters"": true, ""request_shape"": ""form"", ""sanitized_action_path"": ""/external-v15/case-000218"", ""transport_adapter_category"": ""form""}",audited,static source inspection completed
BenchmarkTest01306,OWASP Benchmark Java,1.2,ba2e3f9a29fa3bde6a5c073d679393c9b94f025f,src\main\java\org\owasp\benchmark\testcode\BenchmarkTest01306.java,expectedresults-1.2.csv,sqli,vulnerable,89,case_level,/sqli-02/BenchmarkTest01306,https://localhost:8443/benchmark/sqli-02/BenchmarkTest01306,POST_form,GET_delegates_to_POST,formparam,formparam,1,BenchmarkTest01306,text/html;charset=UTF-8,select_like,select;prepared_statement,read_like,execute;prepareStatement,result_rows_written,plausible_runtime_validation_required,adapter_feasible,plausible_runtime_validation_required,ADAPTER_SUPPORTED,true,true,form_parameter_adapter,submit original form parameters with deterministic values,,original case may be preserved with deterministic transport adapter; runtime boolean validation still required,proposed_schema,,true,os15-c000219,/external-v15/case-000219,candidate_id;sanitized_action_path;http_method;input_carrier;input_count_category;editable_input_count;multiple_parameters;transport_adapter_category;request_shape,benchmark_case_id;expected_result;ground_truth;label;query_text;source_file;sql_operation_category;sql_statement;vulnerability_label,"{""candidate_id"": ""os15-c000219"", ""editable_input_count"": 1, ""http_method"": ""POST_or_request_metadata"", ""input_carrier"": ""form_parameter"", ""input_count_category"": ""single"", ""multiple_parameters"": false, ""request_shape"": ""form"", ""sanitized_action_path"": ""/external-v15/case-000219"", ""transport_adapter_category"": ""form""}",audited,static source inspection completed
BenchmarkTest01307,OWASP Benchmark Java,1.2,ba2e3f9a29fa3bde6a5c073d679393c9b94f025f,src\main\java\org\owasp\benchmark\testcode\BenchmarkTest01307.java,expectedresults-1.2.csv,sqli,non_vulnerable,89,case_level,/sqli-02/BenchmarkTest01307,https://localhost:8443/benchmark/sqli-02/BenchmarkTest01307,POST_form,GET_delegates_to_POST,formparam,formparam,1,BenchmarkTest01307,text/html;charset=UTF-8,select_like,select;prepared_statement,read_like,execute;prepareStatement,result_rows_written,plausible_runtime_validation_required,adapter_feasible,plausible_runtime_validation_required,ADAPTER_SUPPORTED,true,true,form_parameter_adapter,submit original form parameters with deterministic values,,original case may be preserved with deterministic transport adapter; runtime boolean validation still required,proposed_schema,,true,os15-c000220,/external-v15/case-000220,candidate_id;sanitized_action_path;http_method;input_carrier;input_count_category;editable_input_count;multiple_parameters;transport_adapter_category;request_shape,benchmark_case_id;expected_result;ground_truth;label;query_text;source_file;sql_operation_category;sql_statement;vulnerability_label,"{""candidate_id"": ""os15-c000220"", ""editable_input_count"": 1, ""http_method"": ""POST_or_request_metadata"", ""input_carrier"": ""form_parameter"", ""input_count_category"": ""single"", ""multiple_parameters"": false, ""request_shape"": ""form"", ""sanitized_action_path"": ""/external-v15/case-000220"", ""transport_adapter_category"": ""form""}",audited,static source inspection completed
BenchmarkTest01308,OWASP Benchmark Java,1.2,ba2e3f9a29fa3bde6a5c073d679393c9b94f025f,src\main\java\org\owasp\benchmark\testcode\BenchmarkTest01308.java,expectedresults-1.2.csv,sqli,vulnerable,89,case_level,/sqli-02/BenchmarkTest01308,https://localhost:8443/benchmark/sqli-02/BenchmarkTest01308,GET_query,GET_delegates_to_POST,getparam+getparam+getparam,getparam,3,password;username;BenchmarkTest01308,text/html;charset=UTF-8,select_like,select,read_like,unknown,writer_output_detected,manual_review_required,adapter_feasible,manual_review_required,MANUAL_REVIEW,false,false,multi_query_parameter_adapter,preserve original query parameter set and replace only the audited controllable value,read-like SQL detected but static response oracle is insufficient,read-like SQL detected but static response oracle is insufficient,not_applicable,no_ranker_candidate_for_incompatible_case,not_applicable,,,,benchmark_case_id;expected_result;ground_truth;label;query_text;source_file;sql_operation_category;sql_statement;vulnerability_label,,audited,static source inspection completed
BenchmarkTest01309,OWASP Benchmark Java,1.2,ba2e3f9a29fa3bde6a5c073d679393c9b94f025f,src\main\java\org\owasp\benchmark\testcode\BenchmarkTest01309.java,expectedresults-1.2.csv,sqli,non_vulnerable,89,case_level,/sqli-02/BenchmarkTest01309,https://localhost:8443/benchmark/sqli-02/BenchmarkTest01309,POST_form,GET_delegates_to_POST,formparam+formparam+formparam,formparam,3,password;email;BenchmarkTest01309,text/html;charset=UTF-8,select_like,select,read_like,unknown,writer_output_detected,manual_review_required,adapter_feasible,manual_review_required,MANUAL_REVIEW,false,false,form_parameter_adapter;multi_form_parameter_adapter,submit original form parameters with deterministic values;preserve companion form parameters,read-like SQL detected but static response oracle is insufficient,read-like SQL detected but static response oracle is insufficient,not_applicable,no_ranker_candidate_for_incompatible_case,not_applicable,,,,benchmark_case_id;expected_result;ground_truth;label;query_text;source_file;sql_operation_category;sql_statement;vulnerability_label,,audited,static source inspection completed
BenchmarkTest01310,OWASP Benchmark Java,1.2,ba2e3f9a29fa3bde6a5c073d679393c9b94f025f,src\main\java\org\owasp\benchmark\testcode\BenchmarkTest01310.java,expectedresults-1.2.csv,sqli,non_vulnerable,89,case_level,/sqli-02/BenchmarkTest01310,https://localhost:8443/benchmark/sqli-02/BenchmarkTest01310,POST_form,GET_delegates_to_POST,formparam+formparam+formparam+formparam,formparam,4,productID;secure;foo;BenchmarkTest01310,text/html;charset=UTF-8,select_like,select,read_like,execute,result_rows_written,plausible_runtime_validation_required,adapter_feasible,plausible_runtime_validation_required,ADAPTER_SUPPORTED,true,true,form_parameter_adapter;multi_form_parameter_adapter,submit original form parameters with deterministic values;preserve companion form parameters,,original case may be preserved with deterministic transport adapter; runtime boolean validation still required,proposed_schema,,true,os15-c000223,/external-v15/case-000223,candidate_id;sanitized_action_path;http_method;input_carrier;input_count_category;editable_input_count;multiple_parameters;transport_adapter_category;request_shape,benchmark_case_id;expected_result;ground_truth;label;query_text;source_file;sql_operation_category;sql_statement;vulnerability_label,"{""candidate_id"": ""os15-c000223"", ""editable_input_count"": 4, ""http_method"": ""POST_or_request_metadata"", ""input_carrier"": ""form_parameter"", ""input_count_category"": ""larger_multi"", ""multiple_parameters"": true, ""request_shape"": ""form"", ""sanitized_action_path"": ""/external-v15/case-000223"", ""transport_adapter_category"": ""form""}",audited,static source inspection completed
BenchmarkTest01311,OWASP Benchmark Java,1.2,ba2e3f9a29fa3bde6a5c073d679393c9b94f025f,src\main\java\org\owasp\benchmark\testcode\BenchmarkTest01311.java,expectedresults-1.2.csv,sqli,vulnerable,89,case_level,/sqli-02/BenchmarkTest01311,https://localhost:8443/benchmark/sqli-02/BenchmarkTest01311,POST_form,GET_delegates_to_POST,formparam,formparam,1,BenchmarkTest01311,text/html;charset=UTF-8,select_like,select,read_like,execute,result_rows_written,plausible_runtime_validation_required,adapter_feasible,plausible_runtime_validation_required,ADAPTER_SUPPORTED,true,true,form_parameter_adapter,submit original form parameters with deterministic values,,original case may be preserved with deterministic transport adapter; runtime boolean validation still required,proposed_schema,,true,os15-c000224,/external-v15/case-000224,candidate_id;sanitized_action_path;http_method;input_carrier;input_count_category;editable_input_count;multiple_parameters;transport_adapter_category;request_shape,benchmark_case_id;expected_result;ground_truth;label;query_text;source_file;sql_operation_category;sql_statement;vulnerability_label,"{""candidate_id"": ""os15-c000224"", ""editable_input_count"": 1, ""http_method"": ""POST_or_request_metadata"", ""input_carrier"": ""form_parameter"", ""input_count_category"": ""single"", ""multiple_parameters"": false, ""request_shape"": ""form"", ""sanitized_action_path"": ""/external-v15/case-000224"", ""transport_adapter_category"": ""form""}",audited,static source inspection completed
BenchmarkTest01312,OWASP Benchmark Java,1.2,ba2e3f9a29fa3bde6a5c073d679393c9b94f025f,src\main\java\org\owasp\benchmark\testcode\BenchmarkTest01312.java,expectedresults-1.2.csv,sqli,vulnerable,89,case_level,/sqli-02/BenchmarkTest01312,https://localhost:8443/benchmark/sqli-02/BenchmarkTest01312,POST_form,GET_delegates_to_POST,formparam,formparam,1,BenchmarkTest01312,text/html;charset=UTF-8,select_like,select,read_like,execute,result_rows_written,plausible_runtime_validation_required,adapter_feasible,plausible_runtime_validation_required,ADAPTER_SUPPORTED,true,true,form_parameter_adapter,submit original form parameters with deterministic values,,original case may be preserved with deterministic transport adapter; runtime boolean validation still required,proposed_schema,,true,os15-c000225,/external-v15/case-000225,candidate_id;sanitized_action_path;http_method;input_carrier;input_count_category;editable_input_count;multiple_parameters;transport_adapter_category;request_shape,benchmark_case_id;expected_result;ground_truth;label;query_text;source_file;sql_operation_category;sql_statement;vulnerability_label,"{""candidate_id"": ""os15-c000225"", ""editable_input_count"": 1, ""http_method"": ""POST_or_request_metadata"", ""input_carrier"": ""form_parameter"", ""input_count_category"": ""single"", ""multiple_parameters"": false, ""request_shape"": ""form"", ""sanitized_action_path"": ""/external-v15/case-000225"", ""transport_adapter_category"": ""form""}",audited,static source inspection completed
BenchmarkTest01313,OWASP Benchmark Java,1.2,ba2e3f9a29fa3bde6a5c073d679393c9b94f025f,src\main\java\org\owasp\benchmark\testcode\BenchmarkTest01313.java,expectedresults-1.2.csv,sqli,vulnerable,89,case_level,/sqli-02/BenchmarkTest01313,https://localhost:8443/benchmark/sqli-02/BenchmarkTest01313,GET_query,GET_delegates_to_POST,getparam+getparam+getparam,getparam,3,password;username;BenchmarkTest01313,text/html;charset=UTF-8,insert,insert;execute_update,write_or_state_changing,executeUpdate,writer_output_detected,not_applicable_non_destructive_conflict,adapter_feasible,not_applicable_non_destructive_conflict,EXCLUDED,false,false,multi_query_parameter_adapter,preserve original query parameter set and replace only the audited controllable value,write/state-changing SQL conflicts with non-destructive verifier philosophy,write/state-changing SQL conflicts with non-destructive verifier philosophy,not_applicable,no_ranker_candidate_for_incompatible_case,not_applicable,,,,benchmark_case_id;expected_result;ground_truth;label;query_text;source_file;sql_operation_category;sql_statement;vulnerability_label,,audited,executeUpdate call statically detected
BenchmarkTest01314,OWASP Benchmark Java,1.2,ba2e3f9a29fa3bde6a5c073d679393c9b94f025f,src\main\java\org\owasp\benchmark\testcode\BenchmarkTest01314.java,expectedresults-1.2.csv,sqli,vulnerable,89,case_level,/sqli-02/BenchmarkTest01314,https://localhost:8443/benchmark/sqli-02/BenchmarkTest01314,POST_form,GET_delegates_to_POST,formparam+formparam+formparam,formparam,3,password;email;BenchmarkTest01314,text/html;charset=UTF-8,insert,insert;execute_update,write_or_state_changing,executeUpdate,writer_output_detected,not_applicable_non_destructive_conflict,adapter_feasible,not_applicable_non_destructive_conflict,EXCLUDED,false,false,form_parameter_adapter;multi_form_parameter_adapter,submit original form parameters with deterministic values;preserve companion form parameters,write/state-changing SQL conflicts with non-destructive verifier philosophy,write/state-changing SQL conflicts with non-destructive verifier philosophy,not_applicable,no_ranker_candidate_for_incompatible_case,not_applicable,,,,benchmark_case_id;expected_result;ground_truth;label;query_text;source_file;sql_operation_category;sql_statement;vulnerability_label,,audited,executeUpdate call statically detected
BenchmarkTest01315,OWASP Benchmark Java,1.2,ba2e3f9a29fa3bde6a5c073d679393c9b94f025f,src\main\java\org\owasp\benchmark\testcode\BenchmarkTest01315.java,expectedresults-1.2.csv,sqli,non_vulnerable,89,case_level,/sqli-02/BenchmarkTest01315,https://localhost:8443/benchmark/sqli-02/BenchmarkTest01315,POST_form,GET_delegates_to_POST,formparam+formparam+formparam+formparam,formparam,4,productID;secure;foo;BenchmarkTest01315,text/html;charset=UTF-8,insert,insert;execute_update,write_or_state_changing,executeUpdate,writer_output_detected,not_applicable_non_destructive_conflict,adapter_feasible,not_applicable_non_destructive_conflict,EXCLUDED,false,false,form_parameter_adapter;multi_form_parameter_adapter,submit original form parameters with deterministic values;preserve companion form parameters,write/state-changing SQL conflicts with non-destructive verifier philosophy,write/state-changing SQL conflicts with non-destructive verifier philosophy,not_applicable,no_ranker_candidate_for_incompatible_case,not_applicable,,,,benchmark_case_id;expected_result;ground_truth;label;query_text;source_file;sql_operation_category;sql_statement;vulnerability_label,,audited,executeUpdate call statically detected
BenchmarkTest01378,OWASP Benchmark Java,1.2,ba2e3f9a29fa3bde6a5c073d679393c9b94f025f,src\main\java\org\owasp\benchmark\testcode\BenchmarkTest01378.java,expectedresults-1.2.csv,sqli,non_vulnerable,89,case_level,/sqli-02/BenchmarkTest01378,https://localhost:8443/benchmark/sqli-02/BenchmarkTest01378,GET_query,GET_delegates_to_POST,getparam+getparam+getparam,getparam,3,password;username;BenchmarkTest01378,text/html;charset=UTF-8,stored_procedure,stored_procedure;execute_query,stored_procedure_ambiguous,executeQuery;prepareCall,result_rows_written,not_applicable_stored_procedure_ambiguous,adapter_feasible,not_applicable_stored_procedure_ambiguous,EXCLUDED,false,false,multi_query_parameter_adapter,preserve original query parameter set and replace only the audited controllable value,stored procedure behavior cannot be assumed read-only by static audit,stored procedure behavior cannot be assumed read-only by static audit,not_applicable,no_ranker_candidate_for_incompatible_case,not_applicable,,,,benchmark_case_id;expected_result;ground_truth;label;query_text;source_file;sql_operation_category;sql_statement;vulnerability_label,,audited,stored procedure call statically detected
BenchmarkTest01379,OWASP Benchmark Java,1.2,ba2e3f9a29fa3bde6a5c073d679393c9b94f025f,src\main\java\org\owasp\benchmark\testcode\BenchmarkTest01379.java,expectedresults-1.2.csv,sqli,vulnerable,89,case_level,/sqli-02/BenchmarkTest01379,https://localhost:8443/benchmark/sqli-02/BenchmarkTest01379,POST_form,GET_delegates_to_POST,formparam+formparam+formparam,formparam,3,password;email;BenchmarkTest01379,text/html;charset=UTF-8,stored_procedure,stored_procedure;execute_query,stored_procedure_ambiguous,executeQuery;prepareCall,result_rows_written,not_applicable_stored_procedure_ambiguous,adapter_feasible,not_applicable_stored_procedure_ambiguous,EXCLUDED,false,false,form_parameter_adapter;multi_form_parameter_adapter,submit original form parameters with deterministic values;preserve companion form parameters,stored procedure behavior cannot be assumed read-only by static audit,stored procedure behavior cannot be assumed read-only by static audit,not_applicable,no_ranker_candidate_for_incompatible_case,not_applicable,,,,benchmark_case_id;expected_result;ground_truth;label;query_text;source_file;sql_operation_category;sql_statement;vulnerability_label,,audited,stored procedure call statically detected
BenchmarkTest01380,OWASP Benchmark Java,1.2,ba2e3f9a29fa3bde6a5c073d679393c9b94f025f,src\main\java\org\owasp\benchmark\testcode\BenchmarkTest01380.java,expectedresults-1.2.csv,sqli,non_vulnerable,89,case_level,/sqli-02/BenchmarkTest01380,https://localhost:8443/benchmark/sqli-02/BenchmarkTest01380,POST_form,GET_delegates_to_POST,formparam+formparam+formparam+formparam,formparam,4,productID;secure;foo;BenchmarkTest01380,text/html;charset=UTF-8,stored_procedure,stored_procedure;execute_query,stored_procedure_ambiguous,executeQuery;prepareCall,result_rows_written,not_applicable_stored_procedure_ambiguous,adapter_feasible,not_applicable_stored_procedure_ambiguous,EXCLUDED,false,false,form_parameter_adapter;multi_form_parameter_adapter,submit original form parameters with deterministic values;preserve companion form parameters,stored procedure behavior cannot be assumed read-only by static audit,stored procedure behavior cannot be assumed read-only by static audit,not_applicable,no_ranker_candidate_for_incompatible_case,not_applicable,,,,benchmark_case_id;expected_result;ground_truth;label;query_text;source_file;sql_operation_category;sql_statement;vulnerability_label,,audited,stored procedure call statically detected
BenchmarkTest01381,OWASP Benchmark Java,1.2,ba2e3f9a29fa3bde6a5c073d679393c9b94f025f,src\main\java\org\owasp\benchmark\testcode\BenchmarkTest01381.java,expectedresults-1.2.csv,sqli,vulnerable,89,case_level,/sqli-02/BenchmarkTest01381,https://localhost:8443/benchmark/sqli-02/BenchmarkTest01381,POST_form,GET_delegates_to_POST,formparam,formparam,1,BenchmarkTest01381,text/html;charset=UTF-8,select_like,select;prepared_statement,read_like,execute;prepareStatement,result_rows_written,plausible_runtime_validation_required,adapter_feasible,plausible_runtime_validation_required,ADAPTER_SUPPORTED,true,true,form_parameter_adapter,submit original form parameters with deterministic values,,original case may be preserved with deterministic transport adapter; runtime boolean validation still required,proposed_schema,,true,os15-c000232,/external-v15/case-000232,candidate_id;sanitized_action_path;http_method;input_carrier;input_count_category;editable_input_count;multiple_parameters;transport_adapter_category;request_shape,benchmark_case_id;expected_result;ground_truth;label;query_text;source_file;sql_operation_category;sql_statement;vulnerability_label,"{""candidate_id"": ""os15-c000232"", ""editable_input_count"": 1, ""http_method"": ""POST_or_request_metadata"", ""input_carrier"": ""form_parameter"", ""input_count_category"": ""single"", ""multiple_parameters"": false, ""request_shape"": ""form"", ""sanitized_action_path"": ""/external-v15/case-000232"", ""transport_adapter_category"": ""form""}",audited,static source inspection completed
BenchmarkTest01382,OWASP Benchmark Java,1.2,ba2e3f9a29fa3bde6a5c073d679393c9b94f025f,src\main\java\org\owasp\benchmark\testcode\BenchmarkTest01382.java,expectedresults-1.2.csv,sqli,vulnerable,89,case_level,/sqli-02/BenchmarkTest01382,https://localhost:8443/benchmark/sqli-02/BenchmarkTest01382,POST_form,GET_delegates_to_POST,formparam,formparam,1,BenchmarkTest01382,text/html;charset=UTF-8,select_like,select;prepared_statement,read_like,execute;prepareStatement,result_rows_written,plausible_runtime_validation_required,adapter_feasible,plausible_runtime_validation_required,ADAPTER_SUPPORTED,true,true,form_parameter_adapter,submit original form parameters with deterministic values,,original case may be preserved with deterministic transport adapter; runtime boolean validation still required,proposed_schema,,true,os15-c000233,/external-v15/case-000233,candidate_id;sanitized_action_path;http_method;input_carrier;input_count_category;editable_input_count;multiple_parameters;transport_adapter_category;request_shape,benchmark_case_id;expected_result;ground_truth;label;query_text;source_file;sql_operation_category;sql_statement;vulnerability_label,"{""candidate_id"": ""os15-c000233"", ""editable_input_count"": 1, ""http_method"": ""POST_or_request_metadata"", ""input_carrier"": ""form_parameter"", ""input_count_category"": ""single"", ""multiple_parameters"": false, ""request_shape"": ""form"", ""sanitized_action_path"": ""/external-v15/case-000233"", ""transport_adapter_category"": ""form""}",audited,static source inspection completed
BenchmarkTest01383,OWASP Benchmark Java,1.2,ba2e3f9a29fa3bde6a5c073d679393c9b94f025f,src\main\java\org\owasp\benchmark\testcode\BenchmarkTest01383.java,expectedresults-1.2.csv,sqli,vulnerable,89,case_level,/sqli-02/BenchmarkTest01383,https://localhost:8443/benchmark/sqli-02/BenchmarkTest01383,GET_query,GET_delegates_to_POST,getparam+getparam+getparam,getparam,3,password;username;BenchmarkTest01383,text/html;charset=UTF-8,select_like,select;prepared_statement,read_like,execute;prepareStatement,result_rows_written,plausible_runtime_validation_required,adapter_feasible,plausible_runtime_validation_required,ADAPTER_SUPPORTED,true,true,multi_query_parameter_adapter,preserve original query parameter set and replace only the audited controllable value,,original case may be preserved with deterministic transport adapter; runtime boolean validation still required,proposed_schema,,true,os15-c000234,/external-v15/case-000234,candidate_id;sanitized_action_path;http_method;input_carrier;input_count_category;editable_input_count;multiple_parameters;transport_adapter_category;request_shape,benchmark_case_id;expected_result;ground_truth;label;query_text;source_file;sql_operation_category;sql_statement;vulnerability_label,"{""candidate_id"": ""os15-c000234"", ""editable_input_count"": 3, ""http_method"": ""GET"", ""input_carrier"": ""query_parameter"", ""input_count_category"": ""small_multi"", ""multiple_parameters"": true, ""request_shape"": ""query"", ""sanitized_action_path"": ""/external-v15/case-000234"", ""transport_adapter_category"": ""query_multi""}",audited,static source inspection completed
BenchmarkTest01384,OWASP Benchmark Java,1.2,ba2e3f9a29fa3bde6a5c073d679393c9b94f025f,src\main\java\org\owasp\benchmark\testcode\BenchmarkTest01384.java,expectedresults-1.2.csv,sqli,vulnerable,89,case_level,/sqli-02/BenchmarkTest01384,https://localhost:8443/benchmark/sqli-02/BenchmarkTest01384,POST_form,GET_delegates_to_POST,formparam+formparam+formparam,formparam,3,password;email;BenchmarkTest01384,text/html;charset=UTF-8,select_like,select;prepared_statement,read_like,execute;prepareStatement,result_rows_written,plausible_runtime_validation_required,adapter_feasible,plausible_runtime_validation_required,ADAPTER_SUPPORTED,true,true,form_parameter_adapter;multi_form_parameter_adapter,submit original form parameters with deterministic values;preserve companion form parameters,,original case may be preserved with deterministic transport adapter; runtime boolean validation still required,proposed_schema,,true,os15-c000235,/external-v15/case-000235,candidate_id;sanitized_action_path;http_method;input_carrier;input_count_category;editable_input_count;multiple_parameters;transport_adapter_category;request_shape,benchmark_case_id;expected_result;ground_truth;label;query_text;source_file;sql_operation_category;sql_statement;vulnerability_label,"{""candidate_id"": ""os15-c000235"", ""editable_input_count"": 3, ""http_method"": ""POST_or_request_metadata"", ""input_carrier"": ""form_parameter"", ""input_count_category"": ""small_multi"", ""multiple_parameters"": true, ""request_shape"": ""form"", ""sanitized_action_path"": ""/external-v15/case-000235"", ""transport_adapter_category"": ""form""}",audited,static source inspection completed
BenchmarkTest01385,OWASP Benchmark Java,1.2,ba2e3f9a29fa3bde6a5c073d679393c9b94f025f,src\main\java\org\owasp\benchmark\testcode\BenchmarkTest01385.java,expectedresults-1.2.csv,sqli,non_vulnerable,89,case_level,/sqli-02/BenchmarkTest01385,https://localhost:8443/benchmark/sqli-02/BenchmarkTest01385,POST_form,GET_delegates_to_POST,formparam+formparam+formparam+formparam,formparam,4,productID;secure;foo;BenchmarkTest01385,text/html;charset=UTF-8,select_like,select;prepared_statement,read_like,execute;prepareStatement,result_rows_written,plausible_runtime_validation_required,adapter_feasible,plausible_runtime_validation_required,ADAPTER_SUPPORTED,true,true,form_parameter_adapter;multi_form_parameter_adapter,submit original form parameters with deterministic values;preserve companion form parameters,,original case may be preserved with deterministic transport adapter; runtime boolean validation still required,proposed_schema,,true,os15-c000236,/external-v15/case-000236,candidate_id;sanitized_action_path;http_method;input_carrier;input_count_category;editable_input_count;multiple_parameters;transport_adapter_category;request_shape,benchmark_case_id;expected_result;ground_truth;label;query_text;source_file;sql_operation_category;sql_statement;vulnerability_label,"{""candidate_id"": ""os15-c000236"", ""editable_input_count"": 4, ""http_method"": ""POST_or_request_metadata"", ""input_carrier"": ""form_parameter"", ""input_count_category"": ""larger_multi"", ""multiple_parameters"": true, ""request_shape"": ""form"", ""sanitized_action_path"": ""/external-v15/case-000236"", ""transport_adapter_category"": ""form""}",audited,static source inspection completed
BenchmarkTest01386,OWASP Benchmark Java,1.2,ba2e3f9a29fa3bde6a5c073d679393c9b94f025f,src\main\java\org\owasp\benchmark\testcode\BenchmarkTest01386.java,expectedresults-1.2.csv,sqli,non_vulnerable,89,case_level,/sqli-02/BenchmarkTest01386,https://localhost:8443/benchmark/sqli-02/BenchmarkTest01386,POST_form,GET_delegates_to_POST,formparam,formparam,1,BenchmarkTest01386,text/html;charset=UTF-8,select_like,select,read_like,unknown,writer_output_detected,manual_review_required,adapter_feasible,manual_review_required,MANUAL_REVIEW,false,false,form_parameter_adapter,submit original form parameters with deterministic values,read-like SQL detected but static response oracle is insufficient,read-like SQL detected but static response oracle is insufficient,not_applicable,no_ranker_candidate_for_incompatible_case,not_applicable,,,,benchmark_case_id;expected_result;ground_truth;label;query_text;source_file;sql_operation_category;sql_statement;vulnerability_label,,audited,static source inspection completed
BenchmarkTest01387,OWASP Benchmark Java,1.2,ba2e3f9a29fa3bde6a5c073d679393c9b94f025f,src\main\java\org\owasp\benchmark\testcode\BenchmarkTest01387.java,expectedresults-1.2.csv,sqli,non_vulnerable,89,case_level,/sqli-02/BenchmarkTest01387,https://localhost:8443/benchmark/sqli-02/BenchmarkTest01387,POST_form,GET_delegates_to_POST,formparam,formparam,1,BenchmarkTest01387,text/html;charset=UTF-8,select_like,select,read_like,unknown,writer_output_detected,manual_review_required,adapter_feasible,manual_review_required,MANUAL_REVIEW,false,false,form_parameter_adapter,submit original form parameters with deterministic values,read-like SQL detected but static response oracle is insufficient,read-like SQL detected but static response oracle is insufficient,not_applicable,no_ranker_candidate_for_incompatible_case,not_applicable,,,,benchmark_case_id;expected_result;ground_truth;label;query_text;source_file;sql_operation_category;sql_statement;vulnerability_label,,audited,static source inspection completed
BenchmarkTest01388,OWASP Benchmark Java,1.2,ba2e3f9a29fa3bde6a5c073d679393c9b94f025f,src\main\java\org\owasp\benchmark\testcode\BenchmarkTest01388.java,expectedresults-1.2.csv,sqli,vulnerable,89,case_level,/sqli-02/BenchmarkTest01388,https://localhost:8443/benchmark/sqli-02/BenchmarkTest01388,GET_query,GET_delegates_to_POST,getparam+getparam+getparam,getparam,3,password;username;BenchmarkTest01388,text/html;charset=UTF-8,select_like,select,read_like,unknown,writer_output_detected,manual_review_required,adapter_feasible,manual_review_required,MANUAL_REVIEW,false,false,multi_query_parameter_adapter,preserve original query parameter set and replace only the audited controllable value,read-like SQL detected but static response oracle is insufficient,read-like SQL detected but static response oracle is insufficient,not_applicable,no_ranker_candidate_for_incompatible_case,not_applicable,,,,benchmark_case_id;expected_result;ground_truth;label;query_text;source_file;sql_operation_category;sql_statement;vulnerability_label,,audited,static source inspection completed
BenchmarkTest01389,OWASP Benchmark Java,1.2,ba2e3f9a29fa3bde6a5c073d679393c9b94f025f,src\main\java\org\owasp\benchmark\testcode\BenchmarkTest01389.java,expectedresults-1.2.csv,sqli,non_vulnerable,89,case_level,/sqli-02/BenchmarkTest01389,https://localhost:8443/benchmark/sqli-02/BenchmarkTest01389,POST_form,GET_delegates_to_POST,formparam+formparam+formparam,formparam,3,password;email;BenchmarkTest01389,text/html;charset=UTF-8,select_like,select,read_like,unknown,writer_output_detected,manual_review_required,adapter_feasible,manual_review_required,MANUAL_REVIEW,false,false,form_parameter_adapter;multi_form_parameter_adapter,submit original form parameters with deterministic values;preserve companion form parameters,read-like SQL detected but static response oracle is insufficient,read-like SQL detected but static response oracle is insufficient,not_applicable,no_ranker_candidate_for_incompatible_case,not_applicable,,,,benchmark_case_id;expected_result;ground_truth;label;query_text;source_file;sql_operation_category;sql_statement;vulnerability_label,,audited,static source inspection completed
BenchmarkTest01390,OWASP Benchmark Java,1.2,ba2e3f9a29fa3bde6a5c073d679393c9b94f025f,src\main\java\org\owasp\benchmark\testcode\BenchmarkTest01390.java,expectedresults-1.2.csv,sqli,vulnerable,89,case_level,/sqli-03/BenchmarkTest01390,https://localhost:8443/benchmark/sqli-03/BenchmarkTest01390,POST_form,GET_delegates_to_POST,formparam+formparam+formparam+formparam,formparam,4,productID;secure;foo;BenchmarkTest01390,text/html;charset=UTF-8,select_like,select,read_like,unknown,writer_output_detected,manual_review_required,adapter_feasible,manual_review_required,MANUAL_REVIEW,false,false,form_parameter_adapter;multi_form_parameter_adapter,submit original form parameters with deterministic values;preserve companion form parameters,read-like SQL detected but static response oracle is insufficient,read-like SQL detected but static response oracle is insufficient,not_applicable,no_ranker_candidate_for_incompatible_case,not_applicable,,,,benchmark_case_id;expected_result;ground_truth;label;query_text;source_file;sql_operation_category;sql_statement;vulnerability_label,,audited,static source inspection completed
BenchmarkTest01391,OWASP Benchmark Java,1.2,ba2e3f9a29fa3bde6a5c073d679393c9b94f025f,src\main\java\org\owasp\benchmark\testcode\BenchmarkTest01391.java,expectedresults-1.2.csv,sqli,vulnerable,89,case_level,/sqli-03/BenchmarkTest01391,https://localhost:8443/benchmark/sqli-03/BenchmarkTest01391,POST_form,GET_delegates_to_POST,formparam,formparam,1,BenchmarkTest01391,text/html;charset=UTF-8,select_like,select;execute_query,read_like,executeQuery,result_rows_written,plausible_runtime_validation_required,adapter_feasible,plausible_runtime_validation_required,ADAPTER_SUPPORTED,true,true,form_parameter_adapter,submit original form parameters with deterministic values,,original case may be preserved with deterministic transport adapter; runtime boolean validation still required,proposed_schema,,true,os15-c000242,/external-v15/case-000242,candidate_id;sanitized_action_path;http_method;input_carrier;input_count_category;editable_input_count;multiple_parameters;transport_adapter_category;request_shape,benchmark_case_id;expected_result;ground_truth;label;query_text;source_file;sql_operation_category;sql_statement;vulnerability_label,"{""candidate_id"": ""os15-c000242"", ""editable_input_count"": 1, ""http_method"": ""POST_or_request_metadata"", ""input_carrier"": ""form_parameter"", ""input_count_category"": ""single"", ""multiple_parameters"": false, ""request_shape"": ""form"", ""sanitized_action_path"": ""/external-v15/case-000242"", ""transport_adapter_category"": ""form""}",audited,static source inspection completed
BenchmarkTest01392,OWASP Benchmark Java,1.2,ba2e3f9a29fa3bde6a5c073d679393c9b94f025f,src\main\java\org\owasp\benchmark\testcode\BenchmarkTest01392.java,expectedresults-1.2.csv,sqli,non_vulnerable,89,case_level,/sqli-03/BenchmarkTest01392,https://localhost:8443/benchmark/sqli-03/BenchmarkTest01392,POST_form,GET_delegates_to_POST,formparam,formparam,1,BenchmarkTest01392,text/html;charset=UTF-8,select_like,select;execute_query,read_like,executeQuery,result_rows_written,plausible_runtime_validation_required,adapter_feasible,plausible_runtime_validation_required,ADAPTER_SUPPORTED,true,true,form_parameter_adapter,submit original form parameters with deterministic values,,original case may be preserved with deterministic transport adapter; runtime boolean validation still required,proposed_schema,,true,os15-c000243,/external-v15/case-000243,candidate_id;sanitized_action_path;http_method;input_carrier;input_count_category;editable_input_count;multiple_parameters;transport_adapter_category;request_shape,benchmark_case_id;expected_result;ground_truth;label;query_text;source_file;sql_operation_category;sql_statement;vulnerability_label,"{""candidate_id"": ""os15-c000243"", ""editable_input_count"": 1, ""http_method"": ""POST_or_request_metadata"", ""input_carrier"": ""form_parameter"", ""input_count_category"": ""single"", ""multiple_parameters"": false, ""request_shape"": ""form"", ""sanitized_action_path"": ""/external-v15/case-000243"", ""transport_adapter_category"": ""form""}",audited,static source inspection completed
BenchmarkTest01393,OWASP Benchmark Java,1.2,ba2e3f9a29fa3bde6a5c073d679393c9b94f025f,src\main\java\org\owasp\benchmark\testcode\BenchmarkTest01393.java,expectedresults-1.2.csv,sqli,non_vulnerable,89,case_level,/sqli-03/BenchmarkTest01393,https://localhost:8443/benchmark/sqli-03/BenchmarkTest01393,GET_query,GET_delegates_to_POST,getparam+getparam+getparam,getparam,3,password;username;BenchmarkTest01393,text/html;charset=UTF-8,insert,insert;execute_update,write_or_state_changing,executeUpdate,writer_output_detected,not_applicable_non_destructive_conflict,adapter_feasible,not_applicable_non_destructive_conflict,EXCLUDED,false,false,multi_query_parameter_adapter,preserve original query parameter set and replace only the audited controllable value,write/state-changing SQL conflicts with non-destructive verifier philosophy,write/state-changing SQL conflicts with non-destructive verifier philosophy,not_applicable,no_ranker_candidate_for_incompatible_case,not_applicable,,,,benchmark_case_id;expected_result;ground_truth;label;query_text;source_file;sql_operation_category;sql_statement;vulnerability_label,,audited,executeUpdate call statically detected
BenchmarkTest01394,OWASP Benchmark Java,1.2,ba2e3f9a29fa3bde6a5c073d679393c9b94f025f,src\main\java\org\owasp\benchmark\testcode\BenchmarkTest01394.java,expectedresults-1.2.csv,sqli,vulnerable,89,case_level,/sqli-03/BenchmarkTest01394,https://localhost:8443/benchmark/sqli-03/BenchmarkTest01394,POST_form,GET_delegates_to_POST,formparam+formparam+formparam,formparam,3,password;email;BenchmarkTest01394,text/html;charset=UTF-8,insert,insert;execute_update,write_or_state_changing,executeUpdate,writer_output_detected,not_applicable_non_destructive_conflict,adapter_feasible,not_applicable_non_destructive_conflict,EXCLUDED,false,false,form_parameter_adapter;multi_form_parameter_adapter,submit original form parameters with deterministic values;preserve companion form parameters,write/state-changing SQL conflicts with non-destructive verifier philosophy,write/state-changing SQL conflicts with non-destructive verifier philosophy,not_applicable,no_ranker_candidate_for_incompatible_case,not_applicable,,,,benchmark_case_id;expected_result;ground_truth;label;query_text;source_file;sql_operation_category;sql_statement;vulnerability_label,,audited,executeUpdate call statically detected
BenchmarkTest01395,OWASP Benchmark Java,1.2,ba2e3f9a29fa3bde6a5c073d679393c9b94f025f,src\main\java\org\owasp\benchmark\testcode\BenchmarkTest01395.java,expectedresults-1.2.csv,sqli,vulnerable,89,case_level,/sqli-03/BenchmarkTest01395,https://localhost:8443/benchmark/sqli-03/BenchmarkTest01395,POST_form,GET_delegates_to_POST,formparam+formparam+formparam+formparam,formparam,4,productID;secure;foo;BenchmarkTest01395,text/html;charset=UTF-8,insert,insert;execute_update,write_or_state_changing,executeUpdate,writer_output_detected,not_applicable_non_destructive_conflict,adapter_feasible,not_applicable_non_destructive_conflict,EXCLUDED,false,false,form_parameter_adapter;multi_form_parameter_adapter,submit original form parameters with deterministic values;preserve companion form parameters,write/state-changing SQL conflicts with non-destructive verifier philosophy,write/state-changing SQL conflicts with non-destructive verifier philosophy,not_applicable,no_ranker_candidate_for_incompatible_case,not_applicable,,,,benchmark_case_id;expected_result;ground_truth;label;query_text;source_file;sql_operation_category;sql_statement;vulnerability_label,,audited,executeUpdate call statically detected
BenchmarkTest01396,OWASP Benchmark Java,1.2,ba2e3f9a29fa3bde6a5c073d679393c9b94f025f,src\main\java\org\owasp\benchmark\testcode\BenchmarkTest01396.java,expectedresults-1.2.csv,sqli,vulnerable,89,case_level,/sqli-03/BenchmarkTest01396,https://localhost:8443/benchmark/sqli-03/BenchmarkTest01396,POST_form,GET_delegates_to_POST,formparam,formparam,1,BenchmarkTest01396,text/html;charset=UTF-8,insert,insert;execute_update,write_or_state_changing,executeUpdate,writer_output_detected,not_applicable_non_destructive_conflict,adapter_feasible,not_applicable_non_destructive_conflict,EXCLUDED,false,false,form_parameter_adapter,submit original form parameters with deterministic values,write/state-changing SQL conflicts with non-destructive verifier philosophy,write/state-changing SQL conflicts with non-destructive verifier philosophy,not_applicable,no_ranker_candidate_for_incompatible_case,not_applicable,,,,benchmark_case_id;expected_result;ground_truth;label;query_text;source_file;sql_operation_category;sql_statement;vulnerability_label,,audited,executeUpdate call statically detected
BenchmarkTest01459,OWASP Benchmark Java,1.2,ba2e3f9a29fa3bde6a5c073d679393c9b94f025f,src\main\java\org\owasp\benchmark\testcode\BenchmarkTest01459.java,expectedresults-1.2.csv,sqli,non_vulnerable,89,case_level,/sqli-03/BenchmarkTest01459,https://localhost:8443/benchmark/sqli-03/BenchmarkTest01459,POST_form,GET_delegates_to_POST,formparam+formparam,formparam,2,"answer;verifyUserPassword('foo','bar')",text/html;charset=UTF-8,stored_procedure,stored_procedure;execute_query,stored_procedure_ambiguous,executeQuery;prepareCall,result_rows_written,not_applicable_stored_procedure_ambiguous,adapter_feasible,not_applicable_stored_procedure_ambiguous,EXCLUDED,false,false,form_parameter_adapter;multi_form_parameter_adapter,submit original form parameters with deterministic values;preserve companion form parameters,stored procedure behavior cannot be assumed read-only by static audit,stored procedure behavior cannot be assumed read-only by static audit,not_applicable,no_ranker_candidate_for_incompatible_case,not_applicable,,,,benchmark_case_id;expected_result;ground_truth;label;query_text;source_file;sql_operation_category;sql_statement;vulnerability_label,,audited,stored procedure call statically detected
BenchmarkTest01460,OWASP Benchmark Java,1.2,ba2e3f9a29fa3bde6a5c073d679393c9b94f025f,src\main\java\org\owasp\benchmark\testcode\BenchmarkTest01460.java,expectedresults-1.2.csv,sqli,vulnerable,89,case_level,/sqli-03/BenchmarkTest01460,https://localhost:8443/benchmark/sqli-03/BenchmarkTest01460,POST_form,GET_delegates_to_POST,formparam+formparam,formparam,2,"answer;verifyUserPassword('foo','bar')",text/html;charset=UTF-8,stored_procedure,stored_procedure;execute_query,stored_procedure_ambiguous,executeQuery;prepareCall,result_rows_written,not_applicable_stored_procedure_ambiguous,adapter_feasible,not_applicable_stored_procedure_ambiguous,EXCLUDED,false,false,form_parameter_adapter;multi_form_parameter_adapter,submit original form parameters with deterministic values;preserve companion form parameters,stored procedure behavior cannot be assumed read-only by static audit,stored procedure behavior cannot be assumed read-only by static audit,not_applicable,no_ranker_candidate_for_incompatible_case,not_applicable,,,,benchmark_case_id;expected_result;ground_truth;label;query_text;source_file;sql_operation_category;sql_statement;vulnerability_label,,audited,stored procedure call statically detected
BenchmarkTest01461,OWASP Benchmark Java,1.2,ba2e3f9a29fa3bde6a5c073d679393c9b94f025f,src\main\java\org\owasp\benchmark\testcode\BenchmarkTest01461.java,expectedresults-1.2.csv,sqli,non_vulnerable,89,case_level,/sqli-03/BenchmarkTest01461,https://localhost:8443/benchmark/sqli-03/BenchmarkTest01461,POST_form,GET_delegates_to_POST,formparam+formparam,formparam,2,"answer;verifyUserPassword('foo','bar')",text/html;charset=UTF-8,stored_procedure,stored_procedure;execute_query,stored_procedure_ambiguous,executeQuery;prepareCall,result_rows_written,not_applicable_stored_procedure_ambiguous,adapter_feasible,not_applicable_stored_procedure_ambiguous,EXCLUDED,false,false,form_parameter_adapter;multi_form_parameter_adapter,submit original form parameters with deterministic values;preserve companion form parameters,stored procedure behavior cannot be assumed read-only by static audit,stored procedure behavior cannot be assumed read-only by static audit,not_applicable,no_ranker_candidate_for_incompatible_case,not_applicable,,,,benchmark_case_id;expected_result;ground_truth;label;query_text;source_file;sql_operation_category;sql_statement;vulnerability_label,,audited,stored procedure call statically detected
BenchmarkTest01462,OWASP Benchmark Java,1.2,ba2e3f9a29fa3bde6a5c073d679393c9b94f025f,src\main\java\org\owasp\benchmark\testcode\BenchmarkTest01462.java,expectedresults-1.2.csv,sqli,vulnerable,89,case_level,/sqli-03/BenchmarkTest01462,https://localhost:8443/benchmark/sqli-03/BenchmarkTest01462,POST_form,GET_delegates_to_POST,formparam+formparam,formparam,2,"answer;verifyUserPassword('foo','bar')",text/html;charset=UTF-8,stored_procedure,stored_procedure;execute_query,stored_procedure_ambiguous,executeQuery;prepareCall,result_rows_written,not_applicable_stored_procedure_ambiguous,adapter_feasible,not_applicable_stored_procedure_ambiguous,EXCLUDED,false,false,form_parameter_adapter;multi_form_parameter_adapter,submit original form parameters with deterministic values;preserve companion form parameters,stored procedure behavior cannot be assumed read-only by static audit,stored procedure behavior cannot be assumed read-only by static audit,not_applicable,no_ranker_candidate_for_incompatible_case,not_applicable,,,,benchmark_case_id;expected_result;ground_truth;label;query_text;source_file;sql_operation_category;sql_statement;vulnerability_label,,audited,stored procedure call statically detected
BenchmarkTest01463,OWASP Benchmark Java,1.2,ba2e3f9a29fa3bde6a5c073d679393c9b94f025f,src\main\java\org\owasp\benchmark\testcode\BenchmarkTest01463.java,expectedresults-1.2.csv,sqli,vulnerable,89,case_level,/sqli-03/BenchmarkTest01463,https://localhost:8443/benchmark/sqli-03/BenchmarkTest01463,POST_form,GET_delegates_to_POST,formparam+formparam,formparam,2,"answer;verifyUserPassword('foo','bar')",text/html;charset=UTF-8,stored_procedure,stored_procedure;execute_query,stored_procedure_ambiguous,executeQuery;prepareCall,result_rows_written,not_applicable_stored_procedure_ambiguous,adapter_feasible,not_applicable_stored_procedure_ambiguous,EXCLUDED,false,false,form_parameter_adapter;multi_form_parameter_adapter,submit original form parameters with deterministic values;preserve companion form parameters,stored procedure behavior cannot be assumed read-only by static audit,stored procedure behavior cannot be assumed read-only by static audit,not_applicable,no_ranker_candidate_for_incompatible_case,not_applicable,,,,benchmark_case_id;expected_result;ground_truth;label;query_text;source_file;sql_operation_category;sql_statement;vulnerability_label,,audited,stored procedure call statically detected
BenchmarkTest01464,OWASP Benchmark Java,1.2,ba2e3f9a29fa3bde6a5c073d679393c9b94f025f,src\main\java\org\owasp\benchmark\testcode\BenchmarkTest01464.java,expectedresults-1.2.csv,sqli,vulnerable,89,case_level,/sqli-03/BenchmarkTest01464,https://localhost:8443/benchmark/sqli-03/BenchmarkTest01464,POST_form,GET_delegates_to_POST,formparam+formparam,formparam,2,answer;bar,text/html;charset=UTF-8,select_like,select;prepared_statement,read_like,execute;prepareStatement,result_rows_written,plausible_runtime_validation_required,adapter_feasible,plausible_runtime_validation_required,ADAPTER_SUPPORTED,true,true,form_parameter_adapter;multi_form_parameter_adapter,submit original form parameters with deterministic values;preserve companion form parameters,,original case may be preserved with deterministic transport adapter; runtime boolean validation still required,proposed_schema,,true,os15-c000253,/external-v15/case-000253,candidate_id;sanitized_action_path;http_method;input_carrier;input_count_category;editable_input_count;multiple_parameters;transport_adapter_category;request_shape,benchmark_case_id;expected_result;ground_truth;label;query_text;source_file;sql_operation_category;sql_statement;vulnerability_label,"{""candidate_id"": ""os15-c000253"", ""editable_input_count"": 2, ""http_method"": ""POST_or_request_metadata"", ""input_carrier"": ""form_parameter"", ""input_count_category"": ""small_multi"", ""multiple_parameters"": true, ""request_shape"": ""form"", ""sanitized_action_path"": ""/external-v15/case-000253"", ""transport_adapter_category"": ""form""}",audited,static source inspection completed
BenchmarkTest01465,OWASP Benchmark Java,1.2,ba2e3f9a29fa3bde6a5c073d679393c9b94f025f,src\main\java\org\owasp\benchmark\testcode\BenchmarkTest01465.java,expectedresults-1.2.csv,sqli,vulnerable,89,case_level,/sqli-03/BenchmarkTest01465,https://localhost:8443/benchmark/sqli-03/BenchmarkTest01465,POST_form,GET_delegates_to_POST,formparam+formparam,formparam,2,answer;bar,text/html;charset=UTF-8,select_like,select,read_like,execute,writer_output_detected,manual_review_required,adapter_feasible,manual_review_required,MANUAL_REVIEW,false,false,form_parameter_adapter;multi_form_parameter_adapter,submit original form parameters with deterministic values;preserve companion form parameters,read-like SQL detected but static response oracle is insufficient,read-like SQL detected but static response oracle is insufficient,not_applicable,no_ranker_candidate_for_incompatible_case,not_applicable,,,,benchmark_case_id;expected_result;ground_truth;label;query_text;source_file;sql_operation_category;sql_statement;vulnerability_label,,audited,static source inspection completed
BenchmarkTest01466,OWASP Benchmark Java,1.2,ba2e3f9a29fa3bde6a5c073d679393c9b94f025f,src\main\java\org\owasp\benchmark\testcode\BenchmarkTest01466.java,expectedresults-1.2.csv,sqli,vulnerable,89,case_level,/sqli-03/BenchmarkTest01466,https://localhost:8443/benchmark/sqli-03/BenchmarkTest01466,POST_form,GET_delegates_to_POST,formparam+formparam,formparam,2,answer;bar,text/html;charset=UTF-8,select_like,select,read_like,unknown,writer_output_detected,manual_review_required,adapter_feasible,manual_review_required,MANUAL_REVIEW,false,false,form_parameter_adapter;multi_form_parameter_adapter,submit original form parameters with deterministic values;preserve companion form parameters,read-like SQL detected but static response oracle is insufficient,read-like SQL detected but static response oracle is insufficient,not_applicable,no_ranker_candidate_for_incompatible_case,not_applicable,,,,benchmark_case_id;expected_result;ground_truth;label;query_text;source_file;sql_operation_category;sql_statement;vulnerability_label,,audited,static source inspection completed
BenchmarkTest01467,OWASP Benchmark Java,1.2,ba2e3f9a29fa3bde6a5c073d679393c9b94f025f,src\main\java\org\owasp\benchmark\testcode\BenchmarkTest01467.java,expectedresults-1.2.csv,sqli,non_vulnerable,89,case_level,/sqli-03/BenchmarkTest01467,https://localhost:8443/benchmark/sqli-03/BenchmarkTest01467,POST_form,GET_delegates_to_POST,formparam+formparam,formparam,2,answer;bar,text/html;charset=UTF-8,select_like,select,read_like,unknown,writer_output_detected,manual_review_required,adapter_feasible,manual_review_required,MANUAL_REVIEW,false,false,form_parameter_adapter;multi_form_parameter_adapter,submit original form parameters with deterministic values;preserve companion form parameters,read-like SQL detected but static response oracle is insufficient,read-like SQL detected but static response oracle is insufficient,not_applicable,no_ranker_candidate_for_incompatible_case,not_applicable,,,,benchmark_case_id;expected_result;ground_truth;label;query_text;source_file;sql_operation_category;sql_statement;vulnerability_label,,audited,static source inspection completed
BenchmarkTest01468,OWASP Benchmark Java,1.2,ba2e3f9a29fa3bde6a5c073d679393c9b94f025f,src\main\java\org\owasp\benchmark\testcode\BenchmarkTest01468.java,expectedresults-1.2.csv,sqli,non_vulnerable,89,case_level,/sqli-03/BenchmarkTest01468,https://localhost:8443/benchmark/sqli-03/BenchmarkTest01468,POST_form,GET_delegates_to_POST,formparam+formparam,formparam,2,answer;bar,text/html;charset=UTF-8,select_like,select,read_like,unknown,writer_output_detected,manual_review_required,adapter_feasible,manual_review_required,MANUAL_REVIEW,false,false,form_parameter_adapter;multi_form_parameter_adapter,submit original form parameters with deterministic values;preserve companion form parameters,read-like SQL detected but static response oracle is insufficient,read-like SQL detected but static response oracle is insufficient,not_applicable,no_ranker_candidate_for_incompatible_case,not_applicable,,,,benchmark_case_id;expected_result;ground_truth;label;query_text;source_file;sql_operation_category;sql_statement;vulnerability_label,,audited,static source inspection completed
BenchmarkTest01469,OWASP Benchmark Java,1.2,ba2e3f9a29fa3bde6a5c073d679393c9b94f025f,src\main\java\org\owasp\benchmark\testcode\BenchmarkTest01469.java,expectedresults-1.2.csv,sqli,non_vulnerable,89,case_level,/sqli-03/BenchmarkTest01469,https://localhost:8443/benchmark/sqli-03/BenchmarkTest01469,POST_form,GET_delegates_to_POST,formparam+formparam,formparam,2,answer;bar,text/html;charset=UTF-8,select_like,select,read_like,unknown,writer_output_detected,manual_review_required,adapter_feasible,manual_review_required,MANUAL_REVIEW,false,false,form_parameter_adapter;multi_form_parameter_adapter,submit original form parameters with deterministic values;preserve companion form parameters,read-like SQL detected but static response oracle is insufficient,read-like SQL detected but static response oracle is insufficient,not_applicable,no_ranker_candidate_for_incompatible_case,not_applicable,,,,benchmark_case_id;expected_result;ground_truth;label;query_text;source_file;sql_operation_category;sql_statement;vulnerability_label,,audited,static source inspection completed
BenchmarkTest01470,OWASP Benchmark Java,1.2,ba2e3f9a29fa3bde6a5c073d679393c9b94f025f,src\main\java\org\owasp\benchmark\testcode\BenchmarkTest01470.java,expectedresults-1.2.csv,sqli,vulnerable,89,case_level,/sqli-03/BenchmarkTest01470,https://localhost:8443/benchmark/sqli-03/BenchmarkTest01470,POST_form,GET_delegates_to_POST,formparam+formparam,formparam,2,answer;bar,text/html;charset=UTF-8,select_like,select,read_like,unknown,writer_output_detected,manual_review_required,adapter_feasible,manual_review_required,MANUAL_REVIEW,false,false,form_parameter_adapter;multi_form_parameter_adapter,submit original form parameters with deterministic values;preserve companion form parameters,read-like SQL detected but static response oracle is insufficient,read-like SQL detected but static response oracle is insufficient,not_applicable,no_ranker_candidate_for_incompatible_case,not_applicable,,,,benchmark_case_id;expected_result;ground_truth;label;query_text;source_file;sql_operation_category;sql_statement;vulnerability_label,,audited,static source inspection completed
BenchmarkTest01471,OWASP Benchmark Java,1.2,ba2e3f9a29fa3bde6a5c073d679393c9b94f025f,src\main\java\org\owasp\benchmark\testcode\BenchmarkTest01471.java,expectedresults-1.2.csv,sqli,vulnerable,89,case_level,/sqli-03/BenchmarkTest01471,https://localhost:8443/benchmark/sqli-03/BenchmarkTest01471,POST_form,GET_delegates_to_POST,formparam+formparam,formparam,2,answer;bar,text/html;charset=UTF-8,select_like,select,read_like,unknown,writer_output_detected,manual_review_required,adapter_feasible,manual_review_required,MANUAL_REVIEW,false,false,form_parameter_adapter;multi_form_parameter_adapter,submit original form parameters with deterministic values;preserve companion form parameters,read-like SQL detected but static response oracle is insufficient,read-like SQL detected but static response oracle is insufficient,not_applicable,no_ranker_candidate_for_incompatible_case,not_applicable,,,,benchmark_case_id;expected_result;ground_truth;label;query_text;source_file;sql_operation_category;sql_statement;vulnerability_label,,audited,static source inspection completed
BenchmarkTest01472,OWASP Benchmark Java,1.2,ba2e3f9a29fa3bde6a5c073d679393c9b94f025f,src\main\java\org\owasp\benchmark\testcode\BenchmarkTest01472.java,expectedresults-1.2.csv,sqli,non_vulnerable,89,case_level,/sqli-03/BenchmarkTest01472,https://localhost:8443/benchmark/sqli-03/BenchmarkTest01472,POST_form,GET_delegates_to_POST,formparam+formparam,formparam,2,answer;bar,text/html;charset=UTF-8,select_like,select,read_like,unknown,result_rows_written,plausible_runtime_validation_required,adapter_feasible,plausible_runtime_validation_required,ADAPTER_SUPPORTED,true,true,form_parameter_adapter;multi_form_parameter_adapter,submit original form parameters with deterministic values;preserve companion form parameters,,original case may be preserved with deterministic transport adapter; runtime boolean validation still required,proposed_schema,,true,os15-c000261,/external-v15/case-000261,candidate_id;sanitized_action_path;http_method;input_carrier;input_count_category;editable_input_count;multiple_parameters;transport_adapter_category;request_shape,benchmark_case_id;expected_result;ground_truth;label;query_text;source_file;sql_operation_category;sql_statement;vulnerability_label,"{""candidate_id"": ""os15-c000261"", ""editable_input_count"": 2, ""http_method"": ""POST_or_request_metadata"", ""input_carrier"": ""form_parameter"", ""input_count_category"": ""small_multi"", ""multiple_parameters"": true, ""request_shape"": ""form"", ""sanitized_action_path"": ""/external-v15/case-000261"", ""transport_adapter_category"": ""form""}",audited,static source inspection completed
BenchmarkTest01473,OWASP Benchmark Java,1.2,ba2e3f9a29fa3bde6a5c073d679393c9b94f025f,src\main\java\org\owasp\benchmark\testcode\BenchmarkTest01473.java,expectedresults-1.2.csv,sqli,vulnerable,89,case_level,/sqli-03/BenchmarkTest01473,https://localhost:8443/benchmark/sqli-03/BenchmarkTest01473,POST_form,GET_delegates_to_POST,formparam+formparam,formparam,2,answer;bar,text/html;charset=UTF-8,select_like,select,read_like,execute,result_rows_written,plausible_runtime_validation_required,adapter_feasible,plausible_runtime_validation_required,ADAPTER_SUPPORTED,true,true,form_parameter_adapter;multi_form_parameter_adapter,submit original form parameters with deterministic values;preserve companion form parameters,,original case may be preserved with deterministic transport adapter; runtime boolean validation still required,proposed_schema,,true,os15-c000262,/external-v15/case-000262,candidate_id;sanitized_action_path;http_method;input_carrier;input_count_category;editable_input_count;multiple_parameters;transport_adapter_category;request_shape,benchmark_case_id;expected_result;ground_truth;label;query_text;source_file;sql_operation_category;sql_statement;vulnerability_label,"{""candidate_id"": ""os15-c000262"", ""editable_input_count"": 2, ""http_method"": ""POST_or_request_metadata"", ""input_carrier"": ""form_parameter"", ""input_count_category"": ""small_multi"", ""multiple_parameters"": true, ""request_shape"": ""form"", ""sanitized_action_path"": ""/external-v15/case-000262"", ""transport_adapter_category"": ""form""}",audited,static source inspection completed
BenchmarkTest01474,OWASP Benchmark Java,1.2,ba2e3f9a29fa3bde6a5c073d679393c9b94f025f,src\main\java\org\owasp\benchmark\testcode\BenchmarkTest01474.java,expectedresults-1.2.csv,sqli,vulnerable,89,case_level,/sqli-03/BenchmarkTest01474,https://localhost:8443/benchmark/sqli-03/BenchmarkTest01474,POST_form,GET_delegates_to_POST,formparam+formparam,formparam,2,answer;bar,text/html;charset=UTF-8,insert,insert;execute_update,write_or_state_changing,executeUpdate,writer_output_detected,not_applicable_non_destructive_conflict,adapter_feasible,not_applicable_non_destructive_conflict,EXCLUDED,false,false,form_parameter_adapter;multi_form_parameter_adapter,submit original form parameters with deterministic values;preserve companion form parameters,write/state-changing SQL conflicts with non-destructive verifier philosophy,write/state-changing SQL conflicts with non-destructive verifier philosophy,not_applicable,no_ranker_candidate_for_incompatible_case,not_applicable,,,,benchmark_case_id;expected_result;ground_truth;label;query_text;source_file;sql_operation_category;sql_statement;vulnerability_label,,audited,executeUpdate call statically detected
BenchmarkTest01475,OWASP Benchmark Java,1.2,ba2e3f9a29fa3bde6a5c073d679393c9b94f025f,src\main\java\org\owasp\benchmark\testcode\BenchmarkTest01475.java,expectedresults-1.2.csv,sqli,vulnerable,89,case_level,/sqli-03/BenchmarkTest01475,https://localhost:8443/benchmark/sqli-03/BenchmarkTest01475,POST_form,GET_delegates_to_POST,formparam+formparam,formparam,2,answer;bar,text/html;charset=UTF-8,insert,insert;execute_update,write_or_state_changing,executeUpdate,writer_output_detected,not_applicable_non_destructive_conflict,adapter_feasible,not_applicable_non_destructive_conflict,EXCLUDED,false,false,form_parameter_adapter;multi_form_parameter_adapter,submit original form parameters with deterministic values;preserve companion form parameters,write/state-changing SQL conflicts with non-destructive verifier philosophy,write/state-changing SQL conflicts with non-destructive verifier philosophy,not_applicable,no_ranker_candidate_for_incompatible_case,not_applicable,,,,benchmark_case_id;expected_result;ground_truth;label;query_text;source_file;sql_operation_category;sql_statement;vulnerability_label,,audited,executeUpdate call statically detected
BenchmarkTest01476,OWASP Benchmark Java,1.2,ba2e3f9a29fa3bde6a5c073d679393c9b94f025f,src\main\java\org\owasp\benchmark\testcode\BenchmarkTest01476.java,expectedresults-1.2.csv,sqli,vulnerable,89,case_level,/sqli-03/BenchmarkTest01476,https://localhost:8443/benchmark/sqli-03/BenchmarkTest01476,POST_form,GET_delegates_to_POST,formparam+formparam,formparam,2,answer;bar,text/html;charset=UTF-8,insert,insert;execute_update,write_or_state_changing,executeUpdate,writer_output_detected,not_applicable_non_destructive_conflict,adapter_feasible,not_applicable_non_destructive_conflict,EXCLUDED,false,false,form_parameter_adapter;multi_form_parameter_adapter,submit original form parameters with deterministic values;preserve companion form parameters,write/state-changing SQL conflicts with non-destructive verifier philosophy,write/state-changing SQL conflicts with non-destructive verifier philosophy,not_applicable,no_ranker_candidate_for_incompatible_case,not_applicable,,,,benchmark_case_id;expected_result;ground_truth;label;query_text;source_file;sql_operation_category;sql_statement;vulnerability_label,,audited,executeUpdate call statically detected
BenchmarkTest01477,OWASP Benchmark Java,1.2,ba2e3f9a29fa3bde6a5c073d679393c9b94f025f,src\main\java\org\owasp\benchmark\testcode\BenchmarkTest01477.java,expectedresults-1.2.csv,sqli,vulnerable,89,case_level,/sqli-03/BenchmarkTest01477,https://localhost:8443/benchmark/sqli-03/BenchmarkTest01477,POST_form,GET_delegates_to_POST,formparam+formparam,formparam,2,answer;bar,text/html;charset=UTF-8,insert,insert;execute_update,write_or_state_changing,executeUpdate,writer_output_detected,not_applicable_non_destructive_conflict,adapter_feasible,not_applicable_non_destructive_conflict,EXCLUDED,false,false,form_parameter_adapter;multi_form_parameter_adapter,submit original form parameters with deterministic values;preserve companion form parameters,write/state-changing SQL conflicts with non-destructive verifier philosophy,write/state-changing SQL conflicts with non-destructive verifier philosophy,not_applicable,no_ranker_candidate_for_incompatible_case,not_applicable,,,,benchmark_case_id;expected_result;ground_truth;label;query_text;source_file;sql_operation_category;sql_statement;vulnerability_label,,audited,executeUpdate call statically detected
BenchmarkTest01552,OWASP Benchmark Java,1.2,ba2e3f9a29fa3bde6a5c073d679393c9b94f025f,src\main\java\org\owasp\benchmark\testcode\BenchmarkTest01552.java,expectedresults-1.2.csv,sqli,vulnerable,89,case_level,/sqli-03/BenchmarkTest01552,https://localhost:8443/benchmark/sqli-03/BenchmarkTest01552,POST_form,GET_delegates_to_POST,formparam+formparam+formparam,formparam,3,password;email;BenchmarkTest01552,text/html;charset=UTF-8,select_like,select;prepared_statement,read_like,execute;prepareStatement,result_rows_written,plausible_runtime_validation_required,adapter_feasible,plausible_runtime_validation_required,ADAPTER_SUPPORTED,true,true,form_parameter_adapter;multi_form_parameter_adapter,submit original form parameters with deterministic values;preserve companion form parameters,,original case may be preserved with deterministic transport adapter; runtime boolean validation still required,proposed_schema,,true,os15-c000267,/external-v15/case-000267,candidate_id;sanitized_action_path;http_method;input_carrier;input_count_category;editable_input_count;multiple_parameters;transport_adapter_category;request_shape,benchmark_case_id;expected_result;ground_truth;label;query_text;source_file;sql_operation_category;sql_statement;vulnerability_label,"{""candidate_id"": ""os15-c000267"", ""editable_input_count"": 3, ""http_method"": ""POST_or_request_metadata"", ""input_carrier"": ""form_parameter"", ""input_count_category"": ""small_multi"", ""multiple_parameters"": true, ""request_shape"": ""form"", ""sanitized_action_path"": ""/external-v15/case-000267"", ""transport_adapter_category"": ""form""}",audited,static source inspection completed
BenchmarkTest01553,OWASP Benchmark Java,1.2,ba2e3f9a29fa3bde6a5c073d679393c9b94f025f,src\main\java\org\owasp\benchmark\testcode\BenchmarkTest01553.java,expectedresults-1.2.csv,sqli,non_vulnerable,89,case_level,/sqli-03/BenchmarkTest01553,https://localhost:8443/benchmark/sqli-03/BenchmarkTest01553,POST_form,GET_delegates_to_POST,formparam+formparam+formparam+formparam,formparam,4,productID;secure;foo;BenchmarkTest01553,text/html;charset=UTF-8,select_like,select,read_like,execute,writer_output_detected,manual_review_required,adapter_feasible,manual_review_required,MANUAL_REVIEW,false,false,form_parameter_adapter;multi_form_parameter_adapter,submit original form parameters with deterministic values;preserve companion form parameters,read-like SQL detected but static response oracle is insufficient,read-like SQL detected but static response oracle is insufficient,not_applicable,no_ranker_candidate_for_incompatible_case,not_applicable,,,,benchmark_case_id;expected_result;ground_truth;label;query_text;source_file;sql_operation_category;sql_statement;vulnerability_label,,audited,static source inspection completed
BenchmarkTest01554,OWASP Benchmark Java,1.2,ba2e3f9a29fa3bde6a5c073d679393c9b94f025f,src\main\java\org\owasp\benchmark\testcode\BenchmarkTest01554.java,expectedresults-1.2.csv,sqli,vulnerable,89,case_level,/sqli-03/BenchmarkTest01554,https://localhost:8443/benchmark/sqli-03/BenchmarkTest01554,POST_form,GET_delegates_to_POST,formparam,formparam,1,BenchmarkTest01554,text/html;charset=UTF-8,select_like,select,read_like,unknown,writer_output_detected,manual_review_required,adapter_feasible,manual_review_required,MANUAL_REVIEW,false,false,form_parameter_adapter,submit original form parameters with deterministic values,read-like SQL detected but static response oracle is insufficient,read-like SQL detected but static response oracle is insufficient,not_applicable,no_ranker_candidate_for_incompatible_case,not_applicable,,,,benchmark_case_id;expected_result;ground_truth;label;query_text;source_file;sql_operation_category;sql_statement;vulnerability_label,,audited,static source inspection completed
BenchmarkTest01555,OWASP Benchmark Java,1.2,ba2e3f9a29fa3bde6a5c073d679393c9b94f025f,src\main\java\org\owasp\benchmark\testcode\BenchmarkTest01555.java,expectedresults-1.2.csv,sqli,non_vulnerable,89,case_level,/sqli-03/BenchmarkTest01555,https://localhost:8443/benchmark/sqli-03/BenchmarkTest01555,POST_form,GET_delegates_to_POST,formparam,formparam,1,BenchmarkTest01555,text/html;charset=UTF-8,select_like,select,read_like,unknown,writer_output_detected,manual_review_required,adapter_feasible,manual_review_required,MANUAL_REVIEW,false,false,form_parameter_adapter,submit original form parameters with deterministic values,read-like SQL detected but static response oracle is insufficient,read-like SQL detected but static response oracle is insufficient,not_applicable,no_ranker_candidate_for_incompatible_case,not_applicable,,,,benchmark_case_id;expected_result;ground_truth;label;query_text;source_file;sql_operation_category;sql_statement;vulnerability_label,,audited,static source inspection completed
BenchmarkTest01556,OWASP Benchmark Java,1.2,ba2e3f9a29fa3bde6a5c073d679393c9b94f025f,src\main\java\org\owasp\benchmark\testcode\BenchmarkTest01556.java,expectedresults-1.2.csv,sqli,non_vulnerable,89,case_level,/sqli-03/BenchmarkTest01556,https://localhost:8443/benchmark/sqli-03/BenchmarkTest01556,GET_query,GET_delegates_to_POST,getparam+getparam+getparam,getparam,3,password;username;BenchmarkTest01556,text/html;charset=UTF-8,select_like,select,read_like,unknown,writer_output_detected,manual_review_required,adapter_feasible,manual_review_required,MANUAL_REVIEW,false,false,multi_query_parameter_adapter,preserve original query parameter set and replace only the audited controllable value,read-like SQL detected but static response oracle is insufficient,read-like SQL detected but static response oracle is insufficient,not_applicable,no_ranker_candidate_for_incompatible_case,not_applicable,,,,benchmark_case_id;expected_result;ground_truth;label;query_text;source_file;sql_operation_category;sql_statement;vulnerability_label,,audited,static source inspection completed
BenchmarkTest01557,OWASP Benchmark Java,1.2,ba2e3f9a29fa3bde6a5c073d679393c9b94f025f,src\main\java\org\owasp\benchmark\testcode\BenchmarkTest01557.java,expectedresults-1.2.csv,sqli,vulnerable,89,case_level,/sqli-03/BenchmarkTest01557,https://localhost:8443/benchmark/sqli-03/BenchmarkTest01557,POST_form,GET_delegates_to_POST,formparam+formparam+formparam,formparam,3,password;email;BenchmarkTest01557,text/html;charset=UTF-8,select_like,select,read_like,execute,result_rows_written,plausible_runtime_validation_required,adapter_feasible,plausible_runtime_validation_required,ADAPTER_SUPPORTED,true,true,form_parameter_adapter;multi_form_parameter_adapter,submit original form parameters with deterministic values;preserve companion form parameters,,original case may be preserved with deterministic transport adapter; runtime boolean validation still required,proposed_schema,,true,os15-c000272,/external-v15/case-000272,candidate_id;sanitized_action_path;http_method;input_carrier;input_count_category;editable_input_count;multiple_parameters;transport_adapter_category;request_shape,benchmark_case_id;expected_result;ground_truth;label;query_text;source_file;sql_operation_category;sql_statement;vulnerability_label,"{""candidate_id"": ""os15-c000272"", ""editable_input_count"": 3, ""http_method"": ""POST_or_request_metadata"", ""input_carrier"": ""form_parameter"", ""input_count_category"": ""small_multi"", ""multiple_parameters"": true, ""request_shape"": ""form"", ""sanitized_action_path"": ""/external-v15/case-000272"", ""transport_adapter_category"": ""form""}",audited,static source inspection completed
BenchmarkTest01558,OWASP Benchmark Java,1.2,ba2e3f9a29fa3bde6a5c073d679393c9b94f025f,src\main\java\org\owasp\benchmark\testcode\BenchmarkTest01558.java,expectedresults-1.2.csv,sqli,vulnerable,89,case_level,/sqli-03/BenchmarkTest01558,https://localhost:8443/benchmark/sqli-03/BenchmarkTest01558,POST_form,GET_delegates_to_POST,formparam+formparam+formparam+formparam,formparam,4,productID;secure;foo;BenchmarkTest01558,text/html;charset=UTF-8,select_like,select,read_like,execute,result_rows_written,plausible_runtime_validation_required,adapter_feasible,plausible_runtime_validation_required,ADAPTER_SUPPORTED,true,true,form_parameter_adapter;multi_form_parameter_adapter,submit original form parameters with deterministic values;preserve companion form parameters,,original case may be preserved with deterministic transport adapter; runtime boolean validation still required,proposed_schema,,true,os15-c000273,/external-v15/case-000273,candidate_id;sanitized_action_path;http_method;input_carrier;input_count_category;editable_input_count;multiple_parameters;transport_adapter_category;request_shape,benchmark_case_id;expected_result;ground_truth;label;query_text;source_file;sql_operation_category;sql_statement;vulnerability_label,"{""candidate_id"": ""os15-c000273"", ""editable_input_count"": 4, ""http_method"": ""POST_or_request_metadata"", ""input_carrier"": ""form_parameter"", ""input_count_category"": ""larger_multi"", ""multiple_parameters"": true, ""request_shape"": ""form"", ""sanitized_action_path"": ""/external-v15/case-000273"", ""transport_adapter_category"": ""form""}",audited,static source inspection completed
BenchmarkTest01559,OWASP Benchmark Java,1.2,ba2e3f9a29fa3bde6a5c073d679393c9b94f025f,src\main\java\org\owasp\benchmark\testcode\BenchmarkTest01559.java,expectedresults-1.2.csv,sqli,vulnerable,89,case_level,/sqli-03/BenchmarkTest01559,https://localhost:8443/benchmark/sqli-03/BenchmarkTest01559,POST_form,GET_delegates_to_POST,formparam,formparam,1,BenchmarkTest01559,text/html;charset=UTF-8,select_like,select,read_like,execute,result_rows_written,plausible_runtime_validation_required,adapter_feasible,plausible_runtime_validation_required,ADAPTER_SUPPORTED,true,true,form_parameter_adapter,submit original form parameters with deterministic values,,original case may be preserved with deterministic transport adapter; runtime boolean validation still required,proposed_schema,,true,os15-c000274,/external-v15/case-000274,candidate_id;sanitized_action_path;http_method;input_carrier;input_count_category;editable_input_count;multiple_parameters;transport_adapter_category;request_shape,benchmark_case_id;expected_result;ground_truth;label;query_text;source_file;sql_operation_category;sql_statement;vulnerability_label,"{""candidate_id"": ""os15-c000274"", ""editable_input_count"": 1, ""http_method"": ""POST_or_request_metadata"", ""input_carrier"": ""form_parameter"", ""input_count_category"": ""single"", ""multiple_parameters"": false, ""request_shape"": ""form"", ""sanitized_action_path"": ""/external-v15/case-000274"", ""transport_adapter_category"": ""form""}",audited,static source inspection completed
BenchmarkTest01560,OWASP Benchmark Java,1.2,ba2e3f9a29fa3bde6a5c073d679393c9b94f025f,src\main\java\org\owasp\benchmark\testcode\BenchmarkTest01560.java,expectedresults-1.2.csv,sqli,vulnerable,89,case_level,/sqli-03/BenchmarkTest01560,https://localhost:8443/benchmark/sqli-03/BenchmarkTest01560,POST_form,GET_delegates_to_POST,formparam,formparam,1,BenchmarkTest01560,text/html;charset=UTF-8,insert,insert;execute_update,write_or_state_changing,executeUpdate,writer_output_detected,not_applicable_non_destructive_conflict,adapter_feasible,not_applicable_non_destructive_conflict,EXCLUDED,false,false,form_parameter_adapter,submit original form parameters with deterministic values,write/state-changing SQL conflicts with non-destructive verifier philosophy,write/state-changing SQL conflicts with non-destructive verifier philosophy,not_applicable,no_ranker_candidate_for_incompatible_case,not_applicable,,,,benchmark_case_id;expected_result;ground_truth;label;query_text;source_file;sql_operation_category;sql_statement;vulnerability_label,,audited,executeUpdate call statically detected
BenchmarkTest01620,OWASP Benchmark Java,1.2,ba2e3f9a29fa3bde6a5c073d679393c9b94f025f,src\main\java\org\owasp\benchmark\testcode\BenchmarkTest01620.java,expectedresults-1.2.csv,sqli,vulnerable,89,case_level,/sqli-03/BenchmarkTest01620,https://localhost:8443/benchmark/sqli-03/BenchmarkTest01620,POST_form,GET_delegates_to_POST,formparam,formparam,1,BenchmarkTest01620,text/html;charset=UTF-8,stored_procedure,stored_procedure;execute_query,stored_procedure_ambiguous,executeQuery;prepareCall,result_rows_written,not_applicable_stored_procedure_ambiguous,adapter_feasible,not_applicable_stored_procedure_ambiguous,EXCLUDED,false,false,form_parameter_adapter,submit original form parameters with deterministic values,stored procedure behavior cannot be assumed read-only by static audit,stored procedure behavior cannot be assumed read-only by static audit,not_applicable,no_ranker_candidate_for_incompatible_case,not_applicable,,,,benchmark_case_id;expected_result;ground_truth;label;query_text;source_file;sql_operation_category;sql_statement;vulnerability_label,,audited,stored procedure call statically detected
BenchmarkTest01621,OWASP Benchmark Java,1.2,ba2e3f9a29fa3bde6a5c073d679393c9b94f025f,src\main\java\org\owasp\benchmark\testcode\BenchmarkTest01621.java,expectedresults-1.2.csv,sqli,vulnerable,89,case_level,/sqli-03/BenchmarkTest01621,https://localhost:8443/benchmark/sqli-03/BenchmarkTest01621,GET_query,GET_delegates_to_POST,getparam+getparam+getparam,getparam,3,password;username;BenchmarkTest01621,text/html;charset=UTF-8,stored_procedure,stored_procedure;execute_query,stored_procedure_ambiguous,executeQuery;prepareCall,result_rows_written,not_applicable_stored_procedure_ambiguous,adapter_feasible,not_applicable_stored_procedure_ambiguous,EXCLUDED,false,false,multi_query_parameter_adapter,preserve original query parameter set and replace only the audited controllable value,stored procedure behavior cannot be assumed read-only by static audit,stored procedure behavior cannot be assumed read-only by static audit,not_applicable,no_ranker_candidate_for_incompatible_case,not_applicable,,,,benchmark_case_id;expected_result;ground_truth;label;query_text;source_file;sql_operation_category;sql_statement;vulnerability_label,,audited,stored procedure call statically detected
BenchmarkTest01622,OWASP Benchmark Java,1.2,ba2e3f9a29fa3bde6a5c073d679393c9b94f025f,src\main\java\org\owasp\benchmark\testcode\BenchmarkTest01622.java,expectedresults-1.2.csv,sqli,non_vulnerable,89,case_level,/sqli-03/BenchmarkTest01622,https://localhost:8443/benchmark/sqli-03/BenchmarkTest01622,POST_form,GET_delegates_to_POST,formparam+formparam+formparam,formparam,3,password;email;BenchmarkTest01622,text/html;charset=UTF-8,stored_procedure,stored_procedure;execute_query,stored_procedure_ambiguous,executeQuery;prepareCall,result_rows_written,not_applicable_stored_procedure_ambiguous,adapter_feasible,not_applicable_stored_procedure_ambiguous,EXCLUDED,false,false,form_parameter_adapter;multi_form_parameter_adapter,submit original form parameters with deterministic values;preserve companion form parameters,stored procedure behavior cannot be assumed read-only by static audit,stored procedure behavior cannot be assumed read-only by static audit,not_applicable,no_ranker_candidate_for_incompatible_case,not_applicable,,,,benchmark_case_id;expected_result;ground_truth;label;query_text;source_file;sql_operation_category;sql_statement;vulnerability_label,,audited,stored procedure call statically detected
BenchmarkTest01623,OWASP Benchmark Java,1.2,ba2e3f9a29fa3bde6a5c073d679393c9b94f025f,src\main\java\org\owasp\benchmark\testcode\BenchmarkTest01623.java,expectedresults-1.2.csv,sqli,vulnerable,89,case_level,/sqli-03/BenchmarkTest01623,https://localhost:8443/benchmark/sqli-03/BenchmarkTest01623,POST_form,GET_delegates_to_POST,formparam+formparam+formparam+formparam,formparam,4,productID;secure;foo;BenchmarkTest01623,text/html;charset=UTF-8,stored_procedure,stored_procedure;execute_query,stored_procedure_ambiguous,executeQuery;prepareCall,result_rows_written,not_applicable_stored_procedure_ambiguous,adapter_feasible,not_applicable_stored_procedure_ambiguous,EXCLUDED,false,false,form_parameter_adapter;multi_form_parameter_adapter,submit original form parameters with deterministic values;preserve companion form parameters,stored procedure behavior cannot be assumed read-only by static audit,stored procedure behavior cannot be assumed read-only by static audit,not_applicable,no_ranker_candidate_for_incompatible_case,not_applicable,,,,benchmark_case_id;expected_result;ground_truth;label;query_text;source_file;sql_operation_category;sql_statement;vulnerability_label,,audited,stored procedure call statically detected
BenchmarkTest01624,OWASP Benchmark Java,1.2,ba2e3f9a29fa3bde6a5c073d679393c9b94f025f,src\main\java\org\owasp\benchmark\testcode\BenchmarkTest01624.java,expectedresults-1.2.csv,sqli,vulnerable,89,case_level,/sqli-03/BenchmarkTest01624,https://localhost:8443/benchmark/sqli-03/BenchmarkTest01624,POST_form,GET_delegates_to_POST,formparam,formparam,1,BenchmarkTest01624,text/html;charset=UTF-8,select_like,select,read_like,unknown,writer_output_detected,manual_review_required,adapter_feasible,manual_review_required,MANUAL_REVIEW,false,false,form_parameter_adapter,submit original form parameters with deterministic values,read-like SQL detected but static response oracle is insufficient,read-like SQL detected but static response oracle is insufficient,not_applicable,no_ranker_candidate_for_incompatible_case,not_applicable,,,,benchmark_case_id;expected_result;ground_truth;label;query_text;source_file;sql_operation_category;sql_statement;vulnerability_label,,audited,static source inspection completed
BenchmarkTest01625,OWASP Benchmark Java,1.2,ba2e3f9a29fa3bde6a5c073d679393c9b94f025f,src\main\java\org\owasp\benchmark\testcode\BenchmarkTest01625.java,expectedresults-1.2.csv,sqli,vulnerable,89,case_level,/sqli-03/BenchmarkTest01625,https://localhost:8443/benchmark/sqli-03/BenchmarkTest01625,POST_form,GET_delegates_to_POST,formparam,formparam,1,BenchmarkTest01625,text/html;charset=UTF-8,select_like,select,read_like,unknown,writer_output_detected,manual_review_required,adapter_feasible,manual_review_required,MANUAL_REVIEW,false,false,form_parameter_adapter,submit original form parameters with deterministic values,read-like SQL detected but static response oracle is insufficient,read-like SQL detected but static response oracle is insufficient,not_applicable,no_ranker_candidate_for_incompatible_case,not_applicable,,,,benchmark_case_id;expected_result;ground_truth;label;query_text;source_file;sql_operation_category;sql_statement;vulnerability_label,,audited,static source inspection completed
BenchmarkTest01626,OWASP Benchmark Java,1.2,ba2e3f9a29fa3bde6a5c073d679393c9b94f025f,src\main\java\org\owasp\benchmark\testcode\BenchmarkTest01626.java,expectedresults-1.2.csv,sqli,vulnerable,89,case_level,/sqli-03/BenchmarkTest01626,https://localhost:8443/benchmark/sqli-03/BenchmarkTest01626,GET_query,GET_delegates_to_POST,getparam+getparam+getparam,getparam,3,password;username;BenchmarkTest01626,text/html;charset=UTF-8,select_like,select,read_like,unknown,result_rows_written,plausible_runtime_validation_required,adapter_feasible,plausible_runtime_validation_required,ADAPTER_SUPPORTED,true,true,multi_query_parameter_adapter,preserve original query parameter set and replace only the audited controllable value,,original case may be preserved with deterministic transport adapter; runtime boolean validation still required,proposed_schema,,true,os15-c000282,/external-v15/case-000282,candidate_id;sanitized_action_path;http_method;input_carrier;input_count_category;editable_input_count;multiple_parameters;transport_adapter_category;request_shape,benchmark_case_id;expected_result;ground_truth;label;query_text;source_file;sql_operation_category;sql_statement;vulnerability_label,"{""candidate_id"": ""os15-c000282"", ""editable_input_count"": 3, ""http_method"": ""GET"", ""input_carrier"": ""query_parameter"", ""input_count_category"": ""small_multi"", ""multiple_parameters"": true, ""request_shape"": ""query"", ""sanitized_action_path"": ""/external-v15/case-000282"", ""transport_adapter_category"": ""query_multi""}",audited,static source inspection completed
BenchmarkTest01627,OWASP Benchmark Java,1.2,ba2e3f9a29fa3bde6a5c073d679393c9b94f025f,src\main\java\org\owasp\benchmark\testcode\BenchmarkTest01627.java,expectedresults-1.2.csv,sqli,vulnerable,89,case_level,/sqli-03/BenchmarkTest01627,https://localhost:8443/benchmark/sqli-03/BenchmarkTest01627,POST_form,GET_delegates_to_POST,formparam+formparam+formparam,formparam,3,password;email;BenchmarkTest01627,text/html;charset=UTF-8,select_like,select,read_like,execute,result_rows_written,plausible_runtime_validation_required,adapter_feasible,plausible_runtime_validation_required,ADAPTER_SUPPORTED,true,true,form_parameter_adapter;multi_form_parameter_adapter,submit original form parameters with deterministic values;preserve companion form parameters,,original case may be preserved with deterministic transport adapter; runtime boolean validation still required,proposed_schema,,true,os15-c000283,/external-v15/case-000283,candidate_id;sanitized_action_path;http_method;input_carrier;input_count_category;editable_input_count;multiple_parameters;transport_adapter_category;request_shape,benchmark_case_id;expected_result;ground_truth;label;query_text;source_file;sql_operation_category;sql_statement;vulnerability_label,"{""candidate_id"": ""os15-c000283"", ""editable_input_count"": 3, ""http_method"": ""POST_or_request_metadata"", ""input_carrier"": ""form_parameter"", ""input_count_category"": ""small_multi"", ""multiple_parameters"": true, ""request_shape"": ""form"", ""sanitized_action_path"": ""/external-v15/case-000283"", ""transport_adapter_category"": ""form""}",audited,static source inspection completed
BenchmarkTest01628,OWASP Benchmark Java,1.2,ba2e3f9a29fa3bde6a5c073d679393c9b94f025f,src\main\java\org\owasp\benchmark\testcode\BenchmarkTest01628.java,expectedresults-1.2.csv,sqli,non_vulnerable,89,case_level,/sqli-03/BenchmarkTest01628,https://localhost:8443/benchmark/sqli-03/BenchmarkTest01628,POST_form,GET_delegates_to_POST,formparam+formparam+formparam+formparam,formparam,4,productID;secure;foo;BenchmarkTest01628,text/html;charset=UTF-8,select_like,select,read_like,execute,result_rows_written,plausible_runtime_validation_required,adapter_feasible,plausible_runtime_validation_required,ADAPTER_SUPPORTED,true,true,form_parameter_adapter;multi_form_parameter_adapter,submit original form parameters with deterministic values;preserve companion form parameters,,original case may be preserved with deterministic transport adapter; runtime boolean validation still required,proposed_schema,,true,os15-c000284,/external-v15/case-000284,candidate_id;sanitized_action_path;http_method;input_carrier;input_count_category;editable_input_count;multiple_parameters;transport_adapter_category;request_shape,benchmark_case_id;expected_result;ground_truth;label;query_text;source_file;sql_operation_category;sql_statement;vulnerability_label,"{""candidate_id"": ""os15-c000284"", ""editable_input_count"": 4, ""http_method"": ""POST_or_request_metadata"", ""input_carrier"": ""form_parameter"", ""input_count_category"": ""larger_multi"", ""multiple_parameters"": true, ""request_shape"": ""form"", ""sanitized_action_path"": ""/external-v15/case-000284"", ""transport_adapter_category"": ""form""}",audited,static source inspection completed
BenchmarkTest01629,OWASP Benchmark Java,1.2,ba2e3f9a29fa3bde6a5c073d679393c9b94f025f,src\main\java\org\owasp\benchmark\testcode\BenchmarkTest01629.java,expectedresults-1.2.csv,sqli,non_vulnerable,89,case_level,/sqli-03/BenchmarkTest01629,https://localhost:8443/benchmark/sqli-03/BenchmarkTest01629,POST_form,GET_delegates_to_POST,formparam,formparam,1,BenchmarkTest01629,text/html;charset=UTF-8,insert,insert;execute_update,write_or_state_changing,executeUpdate,writer_output_detected,not_applicable_non_destructive_conflict,adapter_feasible,not_applicable_non_destructive_conflict,EXCLUDED,false,false,form_parameter_adapter,submit original form parameters with deterministic values,write/state-changing SQL conflicts with non-destructive verifier philosophy,write/state-changing SQL conflicts with non-destructive verifier philosophy,not_applicable,no_ranker_candidate_for_incompatible_case,not_applicable,,,,benchmark_case_id;expected_result;ground_truth;label;query_text;source_file;sql_operation_category;sql_statement;vulnerability_label,,audited,executeUpdate call statically detected
BenchmarkTest01630,OWASP Benchmark Java,1.2,ba2e3f9a29fa3bde6a5c073d679393c9b94f025f,src\main\java\org\owasp\benchmark\testcode\BenchmarkTest01630.java,expectedresults-1.2.csv,sqli,vulnerable,89,case_level,/sqli-03/BenchmarkTest01630,https://localhost:8443/benchmark/sqli-03/BenchmarkTest01630,POST_form,GET_delegates_to_POST,formparam,formparam,1,BenchmarkTest01630,text/html;charset=UTF-8,insert,insert;execute_update,write_or_state_changing,executeUpdate,writer_output_detected,not_applicable_non_destructive_conflict,adapter_feasible,not_applicable_non_destructive_conflict,EXCLUDED,false,false,form_parameter_adapter,submit original form parameters with deterministic values,write/state-changing SQL conflicts with non-destructive verifier philosophy,write/state-changing SQL conflicts with non-destructive verifier philosophy,not_applicable,no_ranker_candidate_for_incompatible_case,not_applicable,,,,benchmark_case_id;expected_result;ground_truth;label;query_text;source_file;sql_operation_category;sql_statement;vulnerability_label,,audited,executeUpdate call statically detected
BenchmarkTest01631,OWASP Benchmark Java,1.2,ba2e3f9a29fa3bde6a5c073d679393c9b94f025f,src\main\java\org\owasp\benchmark\testcode\BenchmarkTest01631.java,expectedresults-1.2.csv,sqli,vulnerable,89,case_level,/sqli-03/BenchmarkTest01631,https://localhost:8443/benchmark/sqli-03/BenchmarkTest01631,GET_query,GET_delegates_to_POST,getparam+getparam+getparam,getparam,3,password;username;BenchmarkTest01631,text/html;charset=UTF-8,insert,insert;execute_update,write_or_state_changing,executeUpdate,writer_output_detected,not_applicable_non_destructive_conflict,adapter_feasible,not_applicable_non_destructive_conflict,EXCLUDED,false,false,multi_query_parameter_adapter,preserve original query parameter set and replace only the audited controllable value,write/state-changing SQL conflicts with non-destructive verifier philosophy,write/state-changing SQL conflicts with non-destructive verifier philosophy,not_applicable,no_ranker_candidate_for_incompatible_case,not_applicable,,,,benchmark_case_id;expected_result;ground_truth;label;query_text;source_file;sql_operation_category;sql_statement;vulnerability_label,,audited,executeUpdate call statically detected
BenchmarkTest01712,OWASP Benchmark Java,1.2,ba2e3f9a29fa3bde6a5c073d679393c9b94f025f,src\main\java\org\owasp\benchmark\testcode\BenchmarkTest01712.java,expectedresults-1.2.csv,sqli,vulnerable,89,case_level,/sqli-03/BenchmarkTest01712,https://localhost:8443/benchmark/sqli-03/BenchmarkTest01712,GET_query,GET_delegates_to_POST,getparam+getparam+getparam,getparam,3,password;username;BenchmarkTest01712,text/html;charset=UTF-8,stored_procedure,stored_procedure;execute_query,stored_procedure_ambiguous,executeQuery;prepareCall,result_rows_written,not_applicable_stored_procedure_ambiguous,adapter_feasible,not_applicable_stored_procedure_ambiguous,EXCLUDED,false,false,multi_query_parameter_adapter,preserve original query parameter set and replace only the audited controllable value,stored procedure behavior cannot be assumed read-only by static audit,stored procedure behavior cannot be assumed read-only by static audit,not_applicable,no_ranker_candidate_for_incompatible_case,not_applicable,,,,benchmark_case_id;expected_result;ground_truth;label;query_text;source_file;sql_operation_category;sql_statement;vulnerability_label,,audited,stored procedure call statically detected
BenchmarkTest01713,OWASP Benchmark Java,1.2,ba2e3f9a29fa3bde6a5c073d679393c9b94f025f,src\main\java\org\owasp\benchmark\testcode\BenchmarkTest01713.java,expectedresults-1.2.csv,sqli,non_vulnerable,89,case_level,/sqli-03/BenchmarkTest01713,https://localhost:8443/benchmark/sqli-03/BenchmarkTest01713,GET_query,GET_delegates_to_POST,getparam+getparam+getparam,getparam,3,password;username;BenchmarkTest01713,text/html;charset=UTF-8,stored_procedure,stored_procedure;execute_query,stored_procedure_ambiguous,executeQuery;prepareCall,result_rows_written,not_applicable_stored_procedure_ambiguous,adapter_feasible,not_applicable_stored_procedure_ambiguous,EXCLUDED,false,false,multi_query_parameter_adapter,preserve original query parameter set and replace only the audited controllable value,stored procedure behavior cannot be assumed read-only by static audit,stored procedure behavior cannot be assumed read-only by static audit,not_applicable,no_ranker_candidate_for_incompatible_case,not_applicable,,,,benchmark_case_id;expected_result;ground_truth;label;query_text;source_file;sql_operation_category;sql_statement;vulnerability_label,,audited,stored procedure call statically detected
BenchmarkTest01714,OWASP Benchmark Java,1.2,ba2e3f9a29fa3bde6a5c073d679393c9b94f025f,src\main\java\org\owasp\benchmark\testcode\BenchmarkTest01714.java,expectedresults-1.2.csv,sqli,non_vulnerable,89,case_level,/sqli-03/BenchmarkTest01714,https://localhost:8443/benchmark/sqli-03/BenchmarkTest01714,GET_query,GET_delegates_to_POST,getparam+getparam+getparam,getparam,3,password;username;BenchmarkTest01714,text/html;charset=UTF-8,stored_procedure,stored_procedure;execute_query,stored_procedure_ambiguous,executeQuery;prepareCall,result_rows_written,not_applicable_stored_procedure_ambiguous,adapter_feasible,not_applicable_stored_procedure_ambiguous,EXCLUDED,false,false,multi_query_parameter_adapter,preserve original query parameter set and replace only the audited controllable value,stored procedure behavior cannot be assumed read-only by static audit,stored procedure behavior cannot be assumed read-only by static audit,not_applicable,no_ranker_candidate_for_incompatible_case,not_applicable,,,,benchmark_case_id;expected_result;ground_truth;label;query_text;source_file;sql_operation_category;sql_statement;vulnerability_label,,audited,stored procedure call statically detected
BenchmarkTest01715,OWASP Benchmark Java,1.2,ba2e3f9a29fa3bde6a5c073d679393c9b94f025f,src\main\java\org\owasp\benchmark\testcode\BenchmarkTest01715.java,expectedresults-1.2.csv,sqli,vulnerable,89,case_level,/sqli-03/BenchmarkTest01715,https://localhost:8443/benchmark/sqli-03/BenchmarkTest01715,GET_query,GET_delegates_to_POST,getparam+getparam+getparam,getparam,3,password;username;BenchmarkTest01715,text/html;charset=UTF-8,select_like,select;prepared_statement,read_like,execute;prepareStatement,result_rows_written,plausible_runtime_validation_required,adapter_feasible,plausible_runtime_validation_required,ADAPTER_SUPPORTED,true,true,multi_query_parameter_adapter,preserve original query parameter set and replace only the audited controllable value,,original case may be preserved with deterministic transport adapter; runtime boolean validation still required,proposed_schema,,true,os15-c000291,/external-v15/case-000291,candidate_id;sanitized_action_path;http_method;input_carrier;input_count_category;editable_input_count;multiple_parameters;transport_adapter_category;request_shape,benchmark_case_id;expected_result;ground_truth;label;query_text;source_file;sql_operation_category;sql_statement;vulnerability_label,"{""candidate_id"": ""os15-c000291"", ""editable_input_count"": 3, ""http_method"": ""GET"", ""input_carrier"": ""query_parameter"", ""input_count_category"": ""small_multi"", ""multiple_parameters"": true, ""request_shape"": ""query"", ""sanitized_action_path"": ""/external-v15/case-000291"", ""transport_adapter_category"": ""query_multi""}",audited,static source inspection completed
BenchmarkTest01716,OWASP Benchmark Java,1.2,ba2e3f9a29fa3bde6a5c073d679393c9b94f025f,src\main\java\org\owasp\benchmark\testcode\BenchmarkTest01716.java,expectedresults-1.2.csv,sqli,vulnerable,89,case_level,/sqli-03/BenchmarkTest01716,https://localhost:8443/benchmark/sqli-03/BenchmarkTest01716,GET_query,GET_delegates_to_POST,getparam+getparam+getparam,getparam,3,password;username;BenchmarkTest01716,text/html;charset=UTF-8,select_like,select;prepared_statement,read_like,execute;prepareStatement,result_rows_written,plausible_runtime_validation_required,adapter_feasible,plausible_runtime_validation_required,ADAPTER_SUPPORTED,true,true,multi_query_parameter_adapter,preserve original query parameter set and replace only the audited controllable value,,original case may be preserved with deterministic transport adapter; runtime boolean validation still required,proposed_schema,,true,os15-c000292,/external-v15/case-000292,candidate_id;sanitized_action_path;http_method;input_carrier;input_count_category;editable_input_count;multiple_parameters;transport_adapter_category;request_shape,benchmark_case_id;expected_result;ground_truth;label;query_text;source_file;sql_operation_category;sql_statement;vulnerability_label,"{""candidate_id"": ""os15-c000292"", ""editable_input_count"": 3, ""http_method"": ""GET"", ""input_carrier"": ""query_parameter"", ""input_count_category"": ""small_multi"", ""multiple_parameters"": true, ""request_shape"": ""query"", ""sanitized_action_path"": ""/external-v15/case-000292"", ""transport_adapter_category"": ""query_multi""}",audited,static source inspection completed
BenchmarkTest01717,OWASP Benchmark Java,1.2,ba2e3f9a29fa3bde6a5c073d679393c9b94f025f,src\main\java\org\owasp\benchmark\testcode\BenchmarkTest01717.java,expectedresults-1.2.csv,sqli,non_vulnerable,89,case_level,/sqli-03/BenchmarkTest01717,https://localhost:8443/benchmark/sqli-03/BenchmarkTest01717,GET_query,GET_delegates_to_POST,getparam+getparam+getparam,getparam,3,password;username;BenchmarkTest01717,text/html;charset=UTF-8,select_like,select;prepared_statement,read_like,execute;prepareStatement,result_rows_written,plausible_runtime_validation_required,adapter_feasible,plausible_runtime_validation_required,ADAPTER_SUPPORTED,true,true,multi_query_parameter_adapter,preserve original query parameter set and replace only the audited controllable value,,original case may be preserved with deterministic transport adapter; runtime boolean validation still required,proposed_schema,,true,os15-c000293,/external-v15/case-000293,candidate_id;sanitized_action_path;http_method;input_carrier;input_count_category;editable_input_count;multiple_parameters;transport_adapter_category;request_shape,benchmark_case_id;expected_result;ground_truth;label;query_text;source_file;sql_operation_category;sql_statement;vulnerability_label,"{""candidate_id"": ""os15-c000293"", ""editable_input_count"": 3, ""http_method"": ""GET"", ""input_carrier"": ""query_parameter"", ""input_count_category"": ""small_multi"", ""multiple_parameters"": true, ""request_shape"": ""query"", ""sanitized_action_path"": ""/external-v15/case-000293"", ""transport_adapter_category"": ""query_multi""}",audited,static source inspection completed
BenchmarkTest01718,OWASP Benchmark Java,1.2,ba2e3f9a29fa3bde6a5c073d679393c9b94f025f,src\main\java\org\owasp\benchmark\testcode\BenchmarkTest01718.java,expectedresults-1.2.csv,sqli,vulnerable,89,case_level,/sqli-03/BenchmarkTest01718,https://localhost:8443/benchmark/sqli-03/BenchmarkTest01718,GET_query,GET_delegates_to_POST,getparam+getparam+getparam,getparam,3,password;username;BenchmarkTest01718,text/html;charset=UTF-8,select_like,select;prepared_statement,read_like,execute;prepareStatement,result_rows_written,plausible_runtime_validation_required,adapter_feasible,plausible_runtime_validation_required,ADAPTER_SUPPORTED,true,true,multi_query_parameter_adapter,preserve original query parameter set and replace only the audited controllable value,,original case may be preserved with deterministic transport adapter; runtime boolean validation still required,proposed_schema,,true,os15-c000294,/external-v15/case-000294,candidate_id;sanitized_action_path;http_method;input_carrier;input_count_category;editable_input_count;multiple_parameters;transport_adapter_category;request_shape,benchmark_case_id;expected_result;ground_truth;label;query_text;source_file;sql_operation_category;sql_statement;vulnerability_label,"{""candidate_id"": ""os15-c000294"", ""editable_input_count"": 3, ""http_method"": ""GET"", ""input_carrier"": ""query_parameter"", ""input_count_category"": ""small_multi"", ""multiple_parameters"": true, ""request_shape"": ""query"", ""sanitized_action_path"": ""/external-v15/case-000294"", ""transport_adapter_category"": ""query_multi""}",audited,static source inspection completed
BenchmarkTest01719,OWASP Benchmark Java,1.2,ba2e3f9a29fa3bde6a5c073d679393c9b94f025f,src\main\java\org\owasp\benchmark\testcode\BenchmarkTest01719.java,expectedresults-1.2.csv,sqli,non_vulnerable,89,case_level,/sqli-03/BenchmarkTest01719,https://localhost:8443/benchmark/sqli-03/BenchmarkTest01719,GET_query,GET_delegates_to_POST,getparam+getparam+getparam,getparam,3,password;username;BenchmarkTest01719,text/html;charset=UTF-8,select_like,select;prepared_statement,read_like,execute;prepareStatement,result_rows_written,plausible_runtime_validation_required,adapter_feasible,plausible_runtime_validation_required,ADAPTER_SUPPORTED,true,true,multi_query_parameter_adapter,preserve original query parameter set and replace only the audited controllable value,,original case may be preserved with deterministic transport adapter; runtime boolean validation still required,proposed_schema,,true,os15-c000295,/external-v15/case-000295,candidate_id;sanitized_action_path;http_method;input_carrier;input_count_category;editable_input_count;multiple_parameters;transport_adapter_category;request_shape,benchmark_case_id;expected_result;ground_truth;label;query_text;source_file;sql_operation_category;sql_statement;vulnerability_label,"{""candidate_id"": ""os15-c000295"", ""editable_input_count"": 3, ""http_method"": ""GET"", ""input_carrier"": ""query_parameter"", ""input_count_category"": ""small_multi"", ""multiple_parameters"": true, ""request_shape"": ""query"", ""sanitized_action_path"": ""/external-v15/case-000295"", ""transport_adapter_category"": ""query_multi""}",audited,static source inspection completed
BenchmarkTest01720,OWASP Benchmark Java,1.2,ba2e3f9a29fa3bde6a5c073d679393c9b94f025f,src\main\java\org\owasp\benchmark\testcode\BenchmarkTest01720.java,expectedresults-1.2.csv,sqli,vulnerable,89,case_level,/sqli-03/BenchmarkTest01720,https://localhost:8443/benchmark/sqli-03/BenchmarkTest01720,GET_query,GET_delegates_to_POST,getparam+getparam+getparam,getparam,3,password;username;BenchmarkTest01720,text/html;charset=UTF-8,select_like,select,read_like,execute,writer_output_detected,manual_review_required,adapter_feasible,manual_review_required,MANUAL_REVIEW,false,false,multi_query_parameter_adapter,preserve original query parameter set and replace only the audited controllable value,read-like SQL detected but static response oracle is insufficient,read-like SQL detected but static response oracle is insufficient,not_applicable,no_ranker_candidate_for_incompatible_case,not_applicable,,,,benchmark_case_id;expected_result;ground_truth;label;query_text;source_file;sql_operation_category;sql_statement;vulnerability_label,,audited,static source inspection completed
BenchmarkTest01721,OWASP Benchmark Java,1.2,ba2e3f9a29fa3bde6a5c073d679393c9b94f025f,src\main\java\org\owasp\benchmark\testcode\BenchmarkTest01721.java,expectedresults-1.2.csv,sqli,vulnerable,89,case_level,/sqli-03/BenchmarkTest01721,https://localhost:8443/benchmark/sqli-03/BenchmarkTest01721,GET_query,GET_delegates_to_POST,getparam+getparam+getparam,getparam,3,password;username;BenchmarkTest01721,text/html;charset=UTF-8,select_like,select,read_like,unknown,writer_output_detected,manual_review_required,adapter_feasible,manual_review_required,MANUAL_REVIEW,false,false,multi_query_parameter_adapter,preserve original query parameter set and replace only the audited controllable value,read-like SQL detected but static response oracle is insufficient,read-like SQL detected but static response oracle is insufficient,not_applicable,no_ranker_candidate_for_incompatible_case,not_applicable,,,,benchmark_case_id;expected_result;ground_truth;label;query_text;source_file;sql_operation_category;sql_statement;vulnerability_label,,audited,static source inspection completed
BenchmarkTest01722,OWASP Benchmark Java,1.2,ba2e3f9a29fa3bde6a5c073d679393c9b94f025f,src\main\java\org\owasp\benchmark\testcode\BenchmarkTest01722.java,expectedresults-1.2.csv,sqli,non_vulnerable,89,case_level,/sqli-03/BenchmarkTest01722,https://localhost:8443/benchmark/sqli-03/BenchmarkTest01722,GET_query,GET_delegates_to_POST,getparam+getparam+getparam,getparam,3,password;username;BenchmarkTest01722,text/html;charset=UTF-8,select_like,select,read_like,unknown,writer_output_detected,manual_review_required,adapter_feasible,manual_review_required,MANUAL_REVIEW,false,false,multi_query_parameter_adapter,preserve original query parameter set and replace only the audited controllable value,read-like SQL detected but static response oracle is insufficient,read-like SQL detected but static response oracle is insufficient,not_applicable,no_ranker_candidate_for_incompatible_case,not_applicable,,,,benchmark_case_id;expected_result;ground_truth;label;query_text;source_file;sql_operation_category;sql_statement;vulnerability_label,,audited,static source inspection completed
BenchmarkTest01723,OWASP Benchmark Java,1.2,ba2e3f9a29fa3bde6a5c073d679393c9b94f025f,src\main\java\org\owasp\benchmark\testcode\BenchmarkTest01723.java,expectedresults-1.2.csv,sqli,vulnerable,89,case_level,/sqli-03/BenchmarkTest01723,https://localhost:8443/benchmark/sqli-03/BenchmarkTest01723,GET_query,GET_delegates_to_POST,getparam+getparam+getparam,getparam,3,password;username;BenchmarkTest01723,text/html;charset=UTF-8,select_like,select,read_like,unknown,writer_output_detected,manual_review_required,adapter_feasible,manual_review_required,MANUAL_REVIEW,false,false,multi_query_parameter_adapter,preserve original query parameter set and replace only the audited controllable value,read-like SQL detected but static response oracle is insufficient,read-like SQL detected but static response oracle is insufficient,not_applicable,no_ranker_candidate_for_incompatible_case,not_applicable,,,,benchmark_case_id;expected_result;ground_truth;label;query_text;source_file;sql_operation_category;sql_statement;vulnerability_label,,audited,static source inspection completed
BenchmarkTest01724,OWASP Benchmark Java,1.2,ba2e3f9a29fa3bde6a5c073d679393c9b94f025f,src\main\java\org\owasp\benchmark\testcode\BenchmarkTest01724.java,expectedresults-1.2.csv,sqli,vulnerable,89,case_level,/sqli-03/BenchmarkTest01724,https://localhost:8443/benchmark/sqli-03/BenchmarkTest01724,GET_query,GET_delegates_to_POST,getparam+getparam+getparam,getparam,3,password;username;BenchmarkTest01724,text/html;charset=UTF-8,select_like,select,read_like,unknown,writer_output_detected,manual_review_required,adapter_feasible,manual_review_required,MANUAL_REVIEW,false,false,multi_query_parameter_adapter,preserve original query parameter set and replace only the audited controllable value,read-like SQL detected but static response oracle is insufficient,read-like SQL detected but static response oracle is insufficient,not_applicable,no_ranker_candidate_for_incompatible_case,not_applicable,,,,benchmark_case_id;expected_result;ground_truth;label;query_text;source_file;sql_operation_category;sql_statement;vulnerability_label,,audited,static source inspection completed
BenchmarkTest01725,OWASP Benchmark Java,1.2,ba2e3f9a29fa3bde6a5c073d679393c9b94f025f,src\main\java\org\owasp\benchmark\testcode\BenchmarkTest01725.java,expectedresults-1.2.csv,sqli,vulnerable,89,case_level,/sqli-03/BenchmarkTest01725,https://localhost:8443/benchmark/sqli-03/BenchmarkTest01725,GET_query,GET_delegates_to_POST,getparam+getparam+getparam,getparam,3,password;username;BenchmarkTest01725,text/html;charset=UTF-8,select_like,select,read_like,unknown,writer_output_detected,manual_review_required,adapter_feasible,manual_review_required,MANUAL_REVIEW,false,false,multi_query_parameter_adapter,preserve original query parameter set and replace only the audited controllable value,read-like SQL detected but static response oracle is insufficient,read-like SQL detected but static response oracle is insufficient,not_applicable,no_ranker_candidate_for_incompatible_case,not_applicable,,,,benchmark_case_id;expected_result;ground_truth;label;query_text;source_file;sql_operation_category;sql_statement;vulnerability_label,,audited,static source inspection completed
BenchmarkTest01726,OWASP Benchmark Java,1.2,ba2e3f9a29fa3bde6a5c073d679393c9b94f025f,src\main\java\org\owasp\benchmark\testcode\BenchmarkTest01726.java,expectedresults-1.2.csv,sqli,vulnerable,89,case_level,/sqli-03/BenchmarkTest01726,https://localhost:8443/benchmark/sqli-03/BenchmarkTest01726,GET_query,GET_delegates_to_POST,getparam+getparam+getparam,getparam,3,password;username;BenchmarkTest01726,text/html;charset=UTF-8,select_like,select,read_like,unknown,result_rows_written,plausible_runtime_validation_required,adapter_feasible,plausible_runtime_validation_required,ADAPTER_SUPPORTED,true,true,multi_query_parameter_adapter,preserve original query parameter set and replace only the audited controllable value,,original case may be preserved with deterministic transport adapter; runtime boolean validation still required,proposed_schema,,true,os15-c000302,/external-v15/case-000302,candidate_id;sanitized_action_path;http_method;input_carrier;input_count_category;editable_input_count;multiple_parameters;transport_adapter_category;request_shape,benchmark_case_id;expected_result;ground_truth;label;query_text;source_file;sql_operation_category;sql_statement;vulnerability_label,"{""candidate_id"": ""os15-c000302"", ""editable_input_count"": 3, ""http_method"": ""GET"", ""input_carrier"": ""query_parameter"", ""input_count_category"": ""small_multi"", ""multiple_parameters"": true, ""request_shape"": ""query"", ""sanitized_action_path"": ""/external-v15/case-000302"", ""transport_adapter_category"": ""query_multi""}",audited,static source inspection completed
BenchmarkTest01727,OWASP Benchmark Java,1.2,ba2e3f9a29fa3bde6a5c073d679393c9b94f025f,src\main\java\org\owasp\benchmark\testcode\BenchmarkTest01727.java,expectedresults-1.2.csv,sqli,vulnerable,89,case_level,/sqli-03/BenchmarkTest01727,https://localhost:8443/benchmark/sqli-03/BenchmarkTest01727,GET_query,GET_delegates_to_POST,getparam+getparam+getparam,getparam,3,password;username;BenchmarkTest01727,text/html;charset=UTF-8,select_like,select,read_like,unknown,writer_output_detected,manual_review_required,adapter_feasible,manual_review_required,MANUAL_REVIEW,false,false,multi_query_parameter_adapter,preserve original query parameter set and replace only the audited controllable value,read-like SQL detected but static response oracle is insufficient,read-like SQL detected but static response oracle is insufficient,not_applicable,no_ranker_candidate_for_incompatible_case,not_applicable,,,,benchmark_case_id;expected_result;ground_truth;label;query_text;source_file;sql_operation_category;sql_statement;vulnerability_label,,audited,static source inspection completed
BenchmarkTest01728,OWASP Benchmark Java,1.2,ba2e3f9a29fa3bde6a5c073d679393c9b94f025f,src\main\java\org\owasp\benchmark\testcode\BenchmarkTest01728.java,expectedresults-1.2.csv,sqli,vulnerable,89,case_level,/sqli-03/BenchmarkTest01728,https://localhost:8443/benchmark/sqli-03/BenchmarkTest01728,GET_query,GET_delegates_to_POST,getparam+getparam+getparam,getparam,3,password;username;BenchmarkTest01728,text/html;charset=UTF-8,select_like,select,read_like,unknown,result_rows_written,plausible_runtime_validation_required,adapter_feasible,plausible_runtime_validation_required,ADAPTER_SUPPORTED,true,true,multi_query_parameter_adapter,preserve original query parameter set and replace only the audited controllable value,,original case may be preserved with deterministic transport adapter; runtime boolean validation still required,proposed_schema,,true,os15-c000304,/external-v15/case-000304,candidate_id;sanitized_action_path;http_method;input_carrier;input_count_category;editable_input_count;multiple_parameters;transport_adapter_category;request_shape,benchmark_case_id;expected_result;ground_truth;label;query_text;source_file;sql_operation_category;sql_statement;vulnerability_label,"{""candidate_id"": ""os15-c000304"", ""editable_input_count"": 3, ""http_method"": ""GET"", ""input_carrier"": ""query_parameter"", ""input_count_category"": ""small_multi"", ""multiple_parameters"": true, ""request_shape"": ""query"", ""sanitized_action_path"": ""/external-v15/case-000304"", ""transport_adapter_category"": ""query_multi""}",audited,static source inspection completed
BenchmarkTest01729,OWASP Benchmark Java,1.2,ba2e3f9a29fa3bde6a5c073d679393c9b94f025f,src\main\java\org\owasp\benchmark\testcode\BenchmarkTest01729.java,expectedresults-1.2.csv,sqli,non_vulnerable,89,case_level,/sqli-03/BenchmarkTest01729,https://localhost:8443/benchmark/sqli-03/BenchmarkTest01729,GET_query,GET_delegates_to_POST,getparam+getparam+getparam,getparam,3,password;username;BenchmarkTest01729,text/html;charset=UTF-8,select_like,select,read_like,unknown,result_rows_written,plausible_runtime_validation_required,adapter_feasible,plausible_runtime_validation_required,ADAPTER_SUPPORTED,true,true,multi_query_parameter_adapter,preserve original query parameter set and replace only the audited controllable value,,original case may be preserved with deterministic transport adapter; runtime boolean validation still required,proposed_schema,,true,os15-c000305,/external-v15/case-000305,candidate_id;sanitized_action_path;http_method;input_carrier;input_count_category;editable_input_count;multiple_parameters;transport_adapter_category;request_shape,benchmark_case_id;expected_result;ground_truth;label;query_text;source_file;sql_operation_category;sql_statement;vulnerability_label,"{""candidate_id"": ""os15-c000305"", ""editable_input_count"": 3, ""http_method"": ""GET"", ""input_carrier"": ""query_parameter"", ""input_count_category"": ""small_multi"", ""multiple_parameters"": true, ""request_shape"": ""query"", ""sanitized_action_path"": ""/external-v15/case-000305"", ""transport_adapter_category"": ""query_multi""}",audited,static source inspection completed
BenchmarkTest01730,OWASP Benchmark Java,1.2,ba2e3f9a29fa3bde6a5c073d679393c9b94f025f,src\main\java\org\owasp\benchmark\testcode\BenchmarkTest01730.java,expectedresults-1.2.csv,sqli,vulnerable,89,case_level,/sqli-03/BenchmarkTest01730,https://localhost:8443/benchmark/sqli-03/BenchmarkTest01730,GET_query,GET_delegates_to_POST,getparam+getparam+getparam,getparam,3,password;username;BenchmarkTest01730,text/html;charset=UTF-8,select_like,select,read_like,execute,result_rows_written,plausible_runtime_validation_required,adapter_feasible,plausible_runtime_validation_required,ADAPTER_SUPPORTED,true,true,multi_query_parameter_adapter,preserve original query parameter set and replace only the audited controllable value,,original case may be preserved with deterministic transport adapter; runtime boolean validation still required,proposed_schema,,true,os15-c000306,/external-v15/case-000306,candidate_id;sanitized_action_path;http_method;input_carrier;input_count_category;editable_input_count;multiple_parameters;transport_adapter_category;request_shape,benchmark_case_id;expected_result;ground_truth;label;query_text;source_file;sql_operation_category;sql_statement;vulnerability_label,"{""candidate_id"": ""os15-c000306"", ""editable_input_count"": 3, ""http_method"": ""GET"", ""input_carrier"": ""query_parameter"", ""input_count_category"": ""small_multi"", ""multiple_parameters"": true, ""request_shape"": ""query"", ""sanitized_action_path"": ""/external-v15/case-000306"", ""transport_adapter_category"": ""query_multi""}",audited,static source inspection completed
BenchmarkTest01731,OWASP Benchmark Java,1.2,ba2e3f9a29fa3bde6a5c073d679393c9b94f025f,src\main\java\org\owasp\benchmark\testcode\BenchmarkTest01731.java,expectedresults-1.2.csv,sqli,vulnerable,89,case_level,/sqli-03/BenchmarkTest01731,https://localhost:8443/benchmark/sqli-03/BenchmarkTest01731,GET_query,GET_delegates_to_POST,getparam+getparam+getparam,getparam,3,password;username;BenchmarkTest01731,text/html;charset=UTF-8,select_like,select,read_like,execute,result_rows_written,plausible_runtime_validation_required,adapter_feasible,plausible_runtime_validation_required,ADAPTER_SUPPORTED,true,true,multi_query_parameter_adapter,preserve original query parameter set and replace only the audited controllable value,,original case may be preserved with deterministic transport adapter; runtime boolean validation still required,proposed_schema,,true,os15-c000307,/external-v15/case-000307,candidate_id;sanitized_action_path;http_method;input_carrier;input_count_category;editable_input_count;multiple_parameters;transport_adapter_category;request_shape,benchmark_case_id;expected_result;ground_truth;label;query_text;source_file;sql_operation_category;sql_statement;vulnerability_label,"{""candidate_id"": ""os15-c000307"", ""editable_input_count"": 3, ""http_method"": ""GET"", ""input_carrier"": ""query_parameter"", ""input_count_category"": ""small_multi"", ""multiple_parameters"": true, ""request_shape"": ""query"", ""sanitized_action_path"": ""/external-v15/case-000307"", ""transport_adapter_category"": ""query_multi""}",audited,static source inspection completed
BenchmarkTest01732,OWASP Benchmark Java,1.2,ba2e3f9a29fa3bde6a5c073d679393c9b94f025f,src\main\java\org\owasp\benchmark\testcode\BenchmarkTest01732.java,expectedresults-1.2.csv,sqli,non_vulnerable,89,case_level,/sqli-03/BenchmarkTest01732,https://localhost:8443/benchmark/sqli-03/BenchmarkTest01732,GET_query,GET_delegates_to_POST,getparam+getparam+getparam,getparam,3,password;username;BenchmarkTest01732,text/html;charset=UTF-8,select_like,select;execute_query,read_like,executeQuery,result_rows_written,plausible_runtime_validation_required,adapter_feasible,plausible_runtime_validation_required,ADAPTER_SUPPORTED,true,true,multi_query_parameter_adapter,preserve original query parameter set and replace only the audited controllable value,,original case may be preserved with deterministic transport adapter; runtime boolean validation still required,proposed_schema,,true,os15-c000308,/external-v15/case-000308,candidate_id;sanitized_action_path;http_method;input_carrier;input_count_category;editable_input_count;multiple_parameters;transport_adapter_category;request_shape,benchmark_case_id;expected_result;ground_truth;label;query_text;source_file;sql_operation_category;sql_statement;vulnerability_label,"{""candidate_id"": ""os15-c000308"", ""editable_input_count"": 3, ""http_method"": ""GET"", ""input_carrier"": ""query_parameter"", ""input_count_category"": ""small_multi"", ""multiple_parameters"": true, ""request_shape"": ""query"", ""sanitized_action_path"": ""/external-v15/case-000308"", ""transport_adapter_category"": ""query_multi""}",audited,static source inspection completed
BenchmarkTest01733,OWASP Benchmark Java,1.2,ba2e3f9a29fa3bde6a5c073d679393c9b94f025f,src\main\java\org\owasp\benchmark\testcode\BenchmarkTest01733.java,expectedresults-1.2.csv,sqli,vulnerable,89,case_level,/sqli-03/BenchmarkTest01733,https://localhost:8443/benchmark/sqli-03/BenchmarkTest01733,GET_query,GET_delegates_to_POST,getparam+getparam+getparam,getparam,3,password;username;BenchmarkTest01733,text/html;charset=UTF-8,insert,insert;execute_update,write_or_state_changing,executeUpdate,writer_output_detected,not_applicable_non_destructive_conflict,adapter_feasible,not_applicable_non_destructive_conflict,EXCLUDED,false,false,multi_query_parameter_adapter,preserve original query parameter set and replace only the audited controllable value,write/state-changing SQL conflicts with non-destructive verifier philosophy,write/state-changing SQL conflicts with non-destructive verifier philosophy,not_applicable,no_ranker_candidate_for_incompatible_case,not_applicable,,,,benchmark_case_id;expected_result;ground_truth;label;query_text;source_file;sql_operation_category;sql_statement;vulnerability_label,,audited,executeUpdate call statically detected
BenchmarkTest01803,OWASP Benchmark Java,1.2,ba2e3f9a29fa3bde6a5c073d679393c9b94f025f,src\main\java\org\owasp\benchmark\testcode\BenchmarkTest01803.java,expectedresults-1.2.csv,sqli,non_vulnerable,89,case_level,/sqli-03/BenchmarkTest01803,https://localhost:8443/benchmark/sqli-03/BenchmarkTest01803,POST_form,GET_delegates_to_POST,formparam+formparam+formparam+formparam,formparam,4,productID;secure;foo;BenchmarkTest01803,text/html;charset=UTF-8,stored_procedure,stored_procedure;execute_query,stored_procedure_ambiguous,executeQuery;prepareCall,result_rows_written,not_applicable_stored_procedure_ambiguous,adapter_feasible,not_applicable_stored_procedure_ambiguous,EXCLUDED,false,false,form_parameter_adapter;multi_form_parameter_adapter,submit original form parameters with deterministic values;preserve companion form parameters,stored procedure behavior cannot be assumed read-only by static audit,stored procedure behavior cannot be assumed read-only by static audit,not_applicable,no_ranker_candidate_for_incompatible_case,not_applicable,,,,benchmark_case_id;expected_result;ground_truth;label;query_text;source_file;sql_operation_category;sql_statement;vulnerability_label,,audited,stored procedure call statically detected
BenchmarkTest01804,OWASP Benchmark Java,1.2,ba2e3f9a29fa3bde6a5c073d679393c9b94f025f,src\main\java\org\owasp\benchmark\testcode\BenchmarkTest01804.java,expectedresults-1.2.csv,sqli,non_vulnerable,89,case_level,/sqli-03/BenchmarkTest01804,https://localhost:8443/benchmark/sqli-03/BenchmarkTest01804,POST_form,GET_delegates_to_POST,formparam,formparam,1,BenchmarkTest01804,text/html;charset=UTF-8,select_like,select;prepared_statement,read_like,execute;prepareStatement,result_rows_written,plausible_runtime_validation_required,adapter_feasible,plausible_runtime_validation_required,ADAPTER_SUPPORTED,true,true,form_parameter_adapter,submit original form parameters with deterministic values,,original case may be preserved with deterministic transport adapter; runtime boolean validation still required,proposed_schema,,true,os15-c000311,/external-v15/case-000311,candidate_id;sanitized_action_path;http_method;input_carrier;input_count_category;editable_input_count;multiple_parameters;transport_adapter_category;request_shape,benchmark_case_id;expected_result;ground_truth;label;query_text;source_file;sql_operation_category;sql_statement;vulnerability_label,"{""candidate_id"": ""os15-c000311"", ""editable_input_count"": 1, ""http_method"": ""POST_or_request_metadata"", ""input_carrier"": ""form_parameter"", ""input_count_category"": ""single"", ""multiple_parameters"": false, ""request_shape"": ""form"", ""sanitized_action_path"": ""/external-v15/case-000311"", ""transport_adapter_category"": ""form""}",audited,static source inspection completed
BenchmarkTest01805,OWASP Benchmark Java,1.2,ba2e3f9a29fa3bde6a5c073d679393c9b94f025f,src\main\java\org\owasp\benchmark\testcode\BenchmarkTest01805.java,expectedresults-1.2.csv,sqli,non_vulnerable,89,case_level,/sqli-03/BenchmarkTest01805,https://localhost:8443/benchmark/sqli-03/BenchmarkTest01805,POST_form,GET_delegates_to_POST,formparam,formparam,1,BenchmarkTest01805,text/html;charset=UTF-8,select_like,select;prepared_statement,read_like,execute;prepareStatement,result_rows_written,plausible_runtime_validation_required,adapter_feasible,plausible_runtime_validation_required,ADAPTER_SUPPORTED,true,true,form_parameter_adapter,submit original form parameters with deterministic values,,original case may be preserved with deterministic transport adapter; runtime boolean validation still required,proposed_schema,,true,os15-c000312,/external-v15/case-000312,candidate_id;sanitized_action_path;http_method;input_carrier;input_count_category;editable_input_count;multiple_parameters;transport_adapter_category;request_shape,benchmark_case_id;expected_result;ground_truth;label;query_text;source_file;sql_operation_category;sql_statement;vulnerability_label,"{""candidate_id"": ""os15-c000312"", ""editable_input_count"": 1, ""http_method"": ""POST_or_request_metadata"", ""input_carrier"": ""form_parameter"", ""input_count_category"": ""single"", ""multiple_parameters"": false, ""request_shape"": ""form"", ""sanitized_action_path"": ""/external-v15/case-000312"", ""transport_adapter_category"": ""form""}",audited,static source inspection completed
BenchmarkTest01806,OWASP Benchmark Java,1.2,ba2e3f9a29fa3bde6a5c073d679393c9b94f025f,src\main\java\org\owasp\benchmark\testcode\BenchmarkTest01806.java,expectedresults-1.2.csv,sqli,non_vulnerable,89,case_level,/sqli-03/BenchmarkTest01806,https://localhost:8443/benchmark/sqli-03/BenchmarkTest01806,GET_query,GET_delegates_to_POST,getparam+getparam+getparam,getparam,3,password;username;BenchmarkTest01806,text/html;charset=UTF-8,select_like,select,read_like,unknown,writer_output_detected,manual_review_required,adapter_feasible,manual_review_required,MANUAL_REVIEW,false,false,multi_query_parameter_adapter,preserve original query parameter set and replace only the audited controllable value,read-like SQL detected but static response oracle is insufficient,read-like SQL detected but static response oracle is insufficient,not_applicable,no_ranker_candidate_for_incompatible_case,not_applicable,,,,benchmark_case_id;expected_result;ground_truth;label;query_text;source_file;sql_operation_category;sql_statement;vulnerability_label,,audited,static source inspection completed
BenchmarkTest01807,OWASP Benchmark Java,1.2,ba2e3f9a29fa3bde6a5c073d679393c9b94f025f,src\main\java\org\owasp\benchmark\testcode\BenchmarkTest01807.java,expectedresults-1.2.csv,sqli,non_vulnerable,89,case_level,/sqli-03/BenchmarkTest01807,https://localhost:8443/benchmark/sqli-03/BenchmarkTest01807,POST_form,GET_delegates_to_POST,formparam+formparam+formparam,formparam,3,password;email;BenchmarkTest01807,text/html;charset=UTF-8,select_like,select,read_like,unknown,writer_output_detected,manual_review_required,adapter_feasible,manual_review_required,MANUAL_REVIEW,false,false,form_parameter_adapter;multi_form_parameter_adapter,submit original form parameters with deterministic values;preserve companion form parameters,read-like SQL detected but static response oracle is insufficient,read-like SQL detected but static response oracle is insufficient,not_applicable,no_ranker_candidate_for_incompatible_case,not_applicable,,,,benchmark_case_id;expected_result;ground_truth;label;query_text;source_file;sql_operation_category;sql_statement;vulnerability_label,,audited,static source inspection completed
BenchmarkTest01808,OWASP Benchmark Java,1.2,ba2e3f9a29fa3bde6a5c073d679393c9b94f025f,src\main\java\org\owasp\benchmark\testcode\BenchmarkTest01808.java,expectedresults-1.2.csv,sqli,non_vulnerable,89,case_level,/sqli-03/BenchmarkTest01808,https://localhost:8443/benchmark/sqli-03/BenchmarkTest01808,POST_form,GET_delegates_to_POST,formparam+formparam+formparam+formparam,formparam,4,productID;secure;foo;BenchmarkTest01808,text/html;charset=UTF-8,select_like,select,read_like,unknown,writer_output_detected,manual_review_required,adapter_feasible,manual_review_required,MANUAL_REVIEW,false,false,form_parameter_adapter;multi_form_parameter_adapter,submit original form parameters with deterministic values;preserve companion form parameters,read-like SQL detected but static response oracle is insufficient,read-like SQL detected but static response oracle is insufficient,not_applicable,no_ranker_candidate_for_incompatible_case,not_applicable,,,,benchmark_case_id;expected_result;ground_truth;label;query_text;source_file;sql_operation_category;sql_statement;vulnerability_label,,audited,static source inspection completed
BenchmarkTest01809,OWASP Benchmark Java,1.2,ba2e3f9a29fa3bde6a5c073d679393c9b94f025f,src\main\java\org\owasp\benchmark\testcode\BenchmarkTest01809.java,expectedresults-1.2.csv,sqli,non_vulnerable,89,case_level,/sqli-03/BenchmarkTest01809,https://localhost:8443/benchmark/sqli-03/BenchmarkTest01809,POST_form,GET_delegates_to_POST,formparam,formparam,1,BenchmarkTest01809,text/html;charset=UTF-8,select_like,select,read_like,unknown,writer_output_detected,manual_review_required,adapter_feasible,manual_review_required,MANUAL_REVIEW,false,false,form_parameter_adapter,submit original form parameters with deterministic values,read-like SQL detected but static response oracle is insufficient,read-like SQL detected but static response oracle is insufficient,not_applicable,no_ranker_candidate_for_incompatible_case,not_applicable,,,,benchmark_case_id;expected_result;ground_truth;label;query_text;source_file;sql_operation_category;sql_statement;vulnerability_label,,audited,static source inspection completed
BenchmarkTest01810,OWASP Benchmark Java,1.2,ba2e3f9a29fa3bde6a5c073d679393c9b94f025f,src\main\java\org\owasp\benchmark\testcode\BenchmarkTest01810.java,expectedresults-1.2.csv,sqli,non_vulnerable,89,case_level,/sqli-03/BenchmarkTest01810,https://localhost:8443/benchmark/sqli-03/BenchmarkTest01810,POST_form,GET_delegates_to_POST,formparam,formparam,1,BenchmarkTest01810,text/html;charset=UTF-8,select_like,select,read_like,unknown,writer_output_detected,manual_review_required,adapter_feasible,manual_review_required,MANUAL_REVIEW,false,false,form_parameter_adapter,submit original form parameters with deterministic values,read-like SQL detected but static response oracle is insufficient,read-like SQL detected but static response oracle is insufficient,not_applicable,no_ranker_candidate_for_incompatible_case,not_applicable,,,,benchmark_case_id;expected_result;ground_truth;label;query_text;source_file;sql_operation_category;sql_statement;vulnerability_label,,audited,static source inspection completed
BenchmarkTest01811,OWASP Benchmark Java,1.2,ba2e3f9a29fa3bde6a5c073d679393c9b94f025f,src\main\java\org\owasp\benchmark\testcode\BenchmarkTest01811.java,expectedresults-1.2.csv,sqli,non_vulnerable,89,case_level,/sqli-03/BenchmarkTest01811,https://localhost:8443/benchmark/sqli-03/BenchmarkTest01811,GET_query,GET_delegates_to_POST,getparam+getparam+getparam,getparam,3,password;username;BenchmarkTest01811,text/html;charset=UTF-8,select_like,select,read_like,unknown,writer_output_detected,manual_review_required,adapter_feasible,manual_review_required,MANUAL_REVIEW,false,false,multi_query_parameter_adapter,preserve original query parameter set and replace only the audited controllable value,read-like SQL detected but static response oracle is insufficient,read-like SQL detected but static response oracle is insufficient,not_applicable,no_ranker_candidate_for_incompatible_case,not_applicable,,,,benchmark_case_id;expected_result;ground_truth;label;query_text;source_file;sql_operation_category;sql_statement;vulnerability_label,,audited,static source inspection completed
BenchmarkTest01812,OWASP Benchmark Java,1.2,ba2e3f9a29fa3bde6a5c073d679393c9b94f025f,src\main\java\org\owasp\benchmark\testcode\BenchmarkTest01812.java,expectedresults-1.2.csv,sqli,non_vulnerable,89,case_level,/sqli-03/BenchmarkTest01812,https://localhost:8443/benchmark/sqli-03/BenchmarkTest01812,POST_form,GET_delegates_to_POST,formparam+formparam+formparam,formparam,3,password;email;BenchmarkTest01812,text/html;charset=UTF-8,select_like,select,read_like,unknown,writer_output_detected,manual_review_required,adapter_feasible,manual_review_required,MANUAL_REVIEW,false,false,form_parameter_adapter;multi_form_parameter_adapter,submit original form parameters with deterministic values;preserve companion form parameters,read-like SQL detected but static response oracle is insufficient,read-like SQL detected but static response oracle is insufficient,not_applicable,no_ranker_candidate_for_incompatible_case,not_applicable,,,,benchmark_case_id;expected_result;ground_truth;label;query_text;source_file;sql_operation_category;sql_statement;vulnerability_label,,audited,static source inspection completed
BenchmarkTest01813,OWASP Benchmark Java,1.2,ba2e3f9a29fa3bde6a5c073d679393c9b94f025f,src\main\java\org\owasp\benchmark\testcode\BenchmarkTest01813.java,expectedresults-1.2.csv,sqli,non_vulnerable,89,case_level,/sqli-03/BenchmarkTest01813,https://localhost:8443/benchmark/sqli-03/BenchmarkTest01813,POST_form,GET_delegates_to_POST,formparam+formparam+formparam+formparam,formparam,4,productID;secure;foo;BenchmarkTest01813,text/html;charset=UTF-8,select_like,select,read_like,unknown,writer_output_detected,manual_review_required,adapter_feasible,manual_review_required,MANUAL_REVIEW,false,false,form_parameter_adapter;multi_form_parameter_adapter,submit original form parameters with deterministic values;preserve companion form parameters,read-like SQL detected but static response oracle is insufficient,read-like SQL detected but static response oracle is insufficient,not_applicable,no_ranker_candidate_for_incompatible_case,not_applicable,,,,benchmark_case_id;expected_result;ground_truth;label;query_text;source_file;sql_operation_category;sql_statement;vulnerability_label,,audited,static source inspection completed
BenchmarkTest01814,OWASP Benchmark Java,1.2,ba2e3f9a29fa3bde6a5c073d679393c9b94f025f,src\main\java\org\owasp\benchmark\testcode\BenchmarkTest01814.java,expectedresults-1.2.csv,sqli,non_vulnerable,89,case_level,/sqli-04/BenchmarkTest01814,https://localhost:8443/benchmark/sqli-04/BenchmarkTest01814,POST_form,GET_delegates_to_POST,formparam,formparam,1,BenchmarkTest01814,text/html;charset=UTF-8,select_like,select,read_like,unknown,result_rows_written,plausible_runtime_validation_required,adapter_feasible,plausible_runtime_validation_required,ADAPTER_SUPPORTED,true,true,form_parameter_adapter,submit original form parameters with deterministic values,,original case may be preserved with deterministic transport adapter; runtime boolean validation still required,proposed_schema,,true,os15-c000321,/external-v15/case-000321,candidate_id;sanitized_action_path;http_method;input_carrier;input_count_category;editable_input_count;multiple_parameters;transport_adapter_category;request_shape,benchmark_case_id;expected_result;ground_truth;label;query_text;source_file;sql_operation_category;sql_statement;vulnerability_label,"{""candidate_id"": ""os15-c000321"", ""editable_input_count"": 1, ""http_method"": ""POST_or_request_metadata"", ""input_carrier"": ""form_parameter"", ""input_count_category"": ""single"", ""multiple_parameters"": false, ""request_shape"": ""form"", ""sanitized_action_path"": ""/external-v15/case-000321"", ""transport_adapter_category"": ""form""}",audited,static source inspection completed
BenchmarkTest01815,OWASP Benchmark Java,1.2,ba2e3f9a29fa3bde6a5c073d679393c9b94f025f,src\main\java\org\owasp\benchmark\testcode\BenchmarkTest01815.java,expectedresults-1.2.csv,sqli,non_vulnerable,89,case_level,/sqli-04/BenchmarkTest01815,https://localhost:8443/benchmark/sqli-04/BenchmarkTest01815,POST_form,GET_delegates_to_POST,formparam,formparam,1,BenchmarkTest01815,text/html;charset=UTF-8,select_like,select,read_like,unknown,result_rows_written,plausible_runtime_validation_required,adapter_feasible,plausible_runtime_validation_required,ADAPTER_SUPPORTED,true,true,form_parameter_adapter,submit original form parameters with deterministic values,,original case may be preserved with deterministic transport adapter; runtime boolean validation still required,proposed_schema,,true,os15-c000322,/external-v15/case-000322,candidate_id;sanitized_action_path;http_method;input_carrier;input_count_category;editable_input_count;multiple_parameters;transport_adapter_category;request_shape,benchmark_case_id;expected_result;ground_truth;label;query_text;source_file;sql_operation_category;sql_statement;vulnerability_label,"{""candidate_id"": ""os15-c000322"", ""editable_input_count"": 1, ""http_method"": ""POST_or_request_metadata"", ""input_carrier"": ""form_parameter"", ""input_count_category"": ""single"", ""multiple_parameters"": false, ""request_shape"": ""form"", ""sanitized_action_path"": ""/external-v15/case-000322"", ""transport_adapter_category"": ""form""}",audited,static source inspection completed
BenchmarkTest01816,OWASP Benchmark Java,1.2,ba2e3f9a29fa3bde6a5c073d679393c9b94f025f,src\main\java\org\owasp\benchmark\testcode\BenchmarkTest01816.java,expectedresults-1.2.csv,sqli,non_vulnerable,89,case_level,/sqli-04/BenchmarkTest01816,https://localhost:8443/benchmark/sqli-04/BenchmarkTest01816,GET_query,GET_delegates_to_POST,getparam+getparam+getparam,getparam,3,password;username;BenchmarkTest01816,text/html;charset=UTF-8,select_like,select,read_like,unknown,result_rows_written,plausible_runtime_validation_required,adapter_feasible,plausible_runtime_validation_required,ADAPTER_SUPPORTED,true,true,multi_query_parameter_adapter,preserve original query parameter set and replace only the audited controllable value,,original case may be preserved with deterministic transport adapter; runtime boolean validation still required,proposed_schema,,true,os15-c000323,/external-v15/case-000323,candidate_id;sanitized_action_path;http_method;input_carrier;input_count_category;editable_input_count;multiple_parameters;transport_adapter_category;request_shape,benchmark_case_id;expected_result;ground_truth;label;query_text;source_file;sql_operation_category;sql_statement;vulnerability_label,"{""candidate_id"": ""os15-c000323"", ""editable_input_count"": 3, ""http_method"": ""GET"", ""input_carrier"": ""query_parameter"", ""input_count_category"": ""small_multi"", ""multiple_parameters"": true, ""request_shape"": ""query"", ""sanitized_action_path"": ""/external-v15/case-000323"", ""transport_adapter_category"": ""query_multi""}",audited,static source inspection completed
BenchmarkTest01817,OWASP Benchmark Java,1.2,ba2e3f9a29fa3bde6a5c073d679393c9b94f025f,src\main\java\org\owasp\benchmark\testcode\BenchmarkTest01817.java,expectedresults-1.2.csv,sqli,non_vulnerable,89,case_level,/sqli-04/BenchmarkTest01817,https://localhost:8443/benchmark/sqli-04/BenchmarkTest01817,POST_form,GET_delegates_to_POST,formparam+formparam+formparam,formparam,3,password;email;BenchmarkTest01817,text/html;charset=UTF-8,select_like,select,read_like,unknown,result_rows_written,plausible_runtime_validation_required,adapter_feasible,plausible_runtime_validation_required,ADAPTER_SUPPORTED,true,true,form_parameter_adapter;multi_form_parameter_adapter,submit original form parameters with deterministic values;preserve companion form parameters,,original case may be preserved with deterministic transport adapter; runtime boolean validation still required,proposed_schema,,true,os15-c000324,/external-v15/case-000324,candidate_id;sanitized_action_path;http_method;input_carrier;input_count_category;editable_input_count;multiple_parameters;transport_adapter_category;request_shape,benchmark_case_id;expected_result;ground_truth;label;query_text;source_file;sql_operation_category;sql_statement;vulnerability_label,"{""candidate_id"": ""os15-c000324"", ""editable_input_count"": 3, ""http_method"": ""POST_or_request_metadata"", ""input_carrier"": ""form_parameter"", ""input_count_category"": ""small_multi"", ""multiple_parameters"": true, ""request_shape"": ""form"", ""sanitized_action_path"": ""/external-v15/case-000324"", ""transport_adapter_category"": ""form""}",audited,static source inspection completed
BenchmarkTest01818,OWASP Benchmark Java,1.2,ba2e3f9a29fa3bde6a5c073d679393c9b94f025f,src\main\java\org\owasp\benchmark\testcode\BenchmarkTest01818.java,expectedresults-1.2.csv,sqli,non_vulnerable,89,case_level,/sqli-04/BenchmarkTest01818,https://localhost:8443/benchmark/sqli-04/BenchmarkTest01818,POST_form,GET_delegates_to_POST,formparam+formparam+formparam+formparam,formparam,4,productID;secure;foo;BenchmarkTest01818,text/html;charset=UTF-8,select_like,select,read_like,execute,result_rows_written,plausible_runtime_validation_required,adapter_feasible,plausible_runtime_validation_required,ADAPTER_SUPPORTED,true,true,form_parameter_adapter;multi_form_parameter_adapter,submit original form parameters with deterministic values;preserve companion form parameters,,original case may be preserved with deterministic transport adapter; runtime boolean validation still required,proposed_schema,,true,os15-c000325,/external-v15/case-000325,candidate_id;sanitized_action_path;http_method;input_carrier;input_count_category;editable_input_count;multiple_parameters;transport_adapter_category;request_shape,benchmark_case_id;expected_result;ground_truth;label;query_text;source_file;sql_operation_category;sql_statement;vulnerability_label,"{""candidate_id"": ""os15-c000325"", ""editable_input_count"": 4, ""http_method"": ""POST_or_request_metadata"", ""input_carrier"": ""form_parameter"", ""input_count_category"": ""larger_multi"", ""multiple_parameters"": true, ""request_shape"": ""form"", ""sanitized_action_path"": ""/external-v15/case-000325"", ""transport_adapter_category"": ""form""}",audited,static source inspection completed
BenchmarkTest01819,OWASP Benchmark Java,1.2,ba2e3f9a29fa3bde6a5c073d679393c9b94f025f,src\main\java\org\owasp\benchmark\testcode\BenchmarkTest01819.java,expectedresults-1.2.csv,sqli,non_vulnerable,89,case_level,/sqli-04/BenchmarkTest01819,https://localhost:8443/benchmark/sqli-04/BenchmarkTest01819,POST_form,GET_delegates_to_POST,formparam,formparam,1,BenchmarkTest01819,text/html;charset=UTF-8,insert,insert;execute_update,write_or_state_changing,executeUpdate,writer_output_detected,not_applicable_non_destructive_conflict,adapter_feasible,not_applicable_non_destructive_conflict,EXCLUDED,false,false,form_parameter_adapter,submit original form parameters with deterministic values,write/state-changing SQL conflicts with non-destructive verifier philosophy,write/state-changing SQL conflicts with non-destructive verifier philosophy,not_applicable,no_ranker_candidate_for_incompatible_case,not_applicable,,,,benchmark_case_id;expected_result;ground_truth;label;query_text;source_file;sql_operation_category;sql_statement;vulnerability_label,,audited,executeUpdate call statically detected
BenchmarkTest01820,OWASP Benchmark Java,1.2,ba2e3f9a29fa3bde6a5c073d679393c9b94f025f,src\main\java\org\owasp\benchmark\testcode\BenchmarkTest01820.java,expectedresults-1.2.csv,sqli,non_vulnerable,89,case_level,/sqli-04/BenchmarkTest01820,https://localhost:8443/benchmark/sqli-04/BenchmarkTest01820,POST_form,GET_delegates_to_POST,formparam,formparam,1,BenchmarkTest01820,text/html;charset=UTF-8,insert,insert;execute_update,write_or_state_changing,executeUpdate,writer_output_detected,not_applicable_non_destructive_conflict,adapter_feasible,not_applicable_non_destructive_conflict,EXCLUDED,false,false,form_parameter_adapter,submit original form parameters with deterministic values,write/state-changing SQL conflicts with non-destructive verifier philosophy,write/state-changing SQL conflicts with non-destructive verifier philosophy,not_applicable,no_ranker_candidate_for_incompatible_case,not_applicable,,,,benchmark_case_id;expected_result;ground_truth;label;query_text;source_file;sql_operation_category;sql_statement;vulnerability_label,,audited,executeUpdate call statically detected
BenchmarkTest01877,OWASP Benchmark Java,1.2,ba2e3f9a29fa3bde6a5c073d679393c9b94f025f,src\main\java\org\owasp\benchmark\testcode\BenchmarkTest01877.java,expectedresults-1.2.csv,sqli,non_vulnerable,89,case_level,/sqli-04/BenchmarkTest01877,https://localhost:8443/benchmark/sqli-04/BenchmarkTest01877,cookie,POST_with_GET_form_setup,cookie,cookie,1,BenchmarkTest01877,text/html;charset=UTF-8,stored_procedure,stored_procedure;execute_query,stored_procedure_ambiguous,executeQuery;prepareCall,result_rows_written,not_applicable_stored_procedure_ambiguous,adapter_feasible,not_applicable_stored_procedure_ambiguous,EXCLUDED,false,false,cookie_adapter,set deterministic cookies without exposing original BenchmarkTest names to the ranker;preserve original POST flow after deterministic setup,stored procedure behavior cannot be assumed read-only by static audit,stored procedure behavior cannot be assumed read-only by static audit,not_applicable,no_ranker_candidate_for_incompatible_case,not_applicable,,,,benchmark_case_id;expected_result;ground_truth;label;query_text;source_file;sql_operation_category;sql_statement;vulnerability_label,,audited,doGet dispatches to a form/template before doPost;stored procedure call statically detected
BenchmarkTest01878,OWASP Benchmark Java,1.2,ba2e3f9a29fa3bde6a5c073d679393c9b94f025f,src\main\java\org\owasp\benchmark\testcode\BenchmarkTest01878.java,expectedresults-1.2.csv,sqli,non_vulnerable,89,case_level,/sqli-04/BenchmarkTest01878,https://localhost:8443/benchmark/sqli-04/BenchmarkTest01878,cookie,POST_with_GET_form_setup,cookie,cookie,1,BenchmarkTest01878,text/html;charset=UTF-8,select_like,select;prepared_statement,read_like,execute;prepareStatement,result_rows_written,plausible_runtime_validation_required,adapter_feasible,plausible_runtime_validation_required,ADAPTER_SUPPORTED,true,true,cookie_adapter,set deterministic cookies without exposing original BenchmarkTest names to the ranker;preserve original POST flow after deterministic setup,,original case may be preserved with deterministic transport adapter; runtime boolean validation still required,proposed_schema,,true,os15-c000329,/external-v15/case-000329,candidate_id;sanitized_action_path;http_method;input_carrier;input_count_category;editable_input_count;multiple_parameters;transport_adapter_category;request_shape,benchmark_case_id;expected_result;ground_truth;label;query_text;source_file;sql_operation_category;sql_statement;vulnerability_label,"{""candidate_id"": ""os15-c000329"", ""editable_input_count"": 1, ""http_method"": ""POST_or_request_metadata"", ""input_carrier"": ""cookie"", ""input_count_category"": ""single"", ""multiple_parameters"": false, ""request_shape"": ""cookie"", ""sanitized_action_path"": ""/external-v15/case-000329"", ""transport_adapter_category"": ""cookie""}",audited,doGet dispatches to a form/template before doPost
BenchmarkTest01879,OWASP Benchmark Java,1.2,ba2e3f9a29fa3bde6a5c073d679393c9b94f025f,src\main\java\org\owasp\benchmark\testcode\BenchmarkTest01879.java,expectedresults-1.2.csv,sqli,non_vulnerable,89,case_level,/sqli-04/BenchmarkTest01879,https://localhost:8443/benchmark/sqli-04/BenchmarkTest01879,cookie,POST_with_GET_form_setup,cookie,cookie,1,BenchmarkTest01879,text/html;charset=UTF-8,select_like,select;prepared_statement,read_like,execute;prepareStatement,result_rows_written,plausible_runtime_validation_required,adapter_feasible,plausible_runtime_validation_required,ADAPTER_SUPPORTED,true,true,cookie_adapter,set deterministic cookies without exposing original BenchmarkTest names to the ranker;preserve original POST flow after deterministic setup,,original case may be preserved with deterministic transport adapter; runtime boolean validation still required,proposed_schema,,true,os15-c000330,/external-v15/case-000330,candidate_id;sanitized_action_path;http_method;input_carrier;input_count_category;editable_input_count;multiple_parameters;transport_adapter_category;request_shape,benchmark_case_id;expected_result;ground_truth;label;query_text;source_file;sql_operation_category;sql_statement;vulnerability_label,"{""candidate_id"": ""os15-c000330"", ""editable_input_count"": 1, ""http_method"": ""POST_or_request_metadata"", ""input_carrier"": ""cookie"", ""input_count_category"": ""single"", ""multiple_parameters"": false, ""request_shape"": ""cookie"", ""sanitized_action_path"": ""/external-v15/case-000330"", ""transport_adapter_category"": ""cookie""}",audited,doGet dispatches to a form/template before doPost
BenchmarkTest01880,OWASP Benchmark Java,1.2,ba2e3f9a29fa3bde6a5c073d679393c9b94f025f,src\main\java\org\owasp\benchmark\testcode\BenchmarkTest01880.java,expectedresults-1.2.csv,sqli,non_vulnerable,89,case_level,/sqli-04/BenchmarkTest01880,https://localhost:8443/benchmark/sqli-04/BenchmarkTest01880,cookie,POST_with_GET_form_setup,cookie,cookie,1,BenchmarkTest01880,text/html;charset=UTF-8,select_like,select;prepared_statement,read_like,execute;prepareStatement,result_rows_written,plausible_runtime_validation_required,adapter_feasible,plausible_runtime_validation_required,ADAPTER_SUPPORTED,true,true,cookie_adapter,set deterministic cookies without exposing original BenchmarkTest names to the ranker;preserve original POST flow after deterministic setup,,original case may be preserved with deterministic transport adapter; runtime boolean validation still required,proposed_schema,,true,os15-c000331,/external-v15/case-000331,candidate_id;sanitized_action_path;http_method;input_carrier;input_count_category;editable_input_count;multiple_parameters;transport_adapter_category;request_shape,benchmark_case_id;expected_result;ground_truth;label;query_text;source_file;sql_operation_category;sql_statement;vulnerability_label,"{""candidate_id"": ""os15-c000331"", ""editable_input_count"": 1, ""http_method"": ""POST_or_request_metadata"", ""input_carrier"": ""cookie"", ""input_count_category"": ""single"", ""multiple_parameters"": false, ""request_shape"": ""cookie"", ""sanitized_action_path"": ""/external-v15/case-000331"", ""transport_adapter_category"": ""cookie""}",audited,doGet dispatches to a form/template before doPost
BenchmarkTest01881,OWASP Benchmark Java,1.2,ba2e3f9a29fa3bde6a5c073d679393c9b94f025f,src\main\java\org\owasp\benchmark\testcode\BenchmarkTest01881.java,expectedresults-1.2.csv,sqli,vulnerable,89,case_level,/sqli-04/BenchmarkTest01881,https://localhost:8443/benchmark/sqli-04/BenchmarkTest01881,cookie,POST_with_GET_form_setup,cookie,cookie,1,BenchmarkTest01881,text/html;charset=UTF-8,select_like,select,read_like,unknown,writer_output_detected,manual_review_required,adapter_feasible,manual_review_required,MANUAL_REVIEW,false,false,cookie_adapter,set deterministic cookies without exposing original BenchmarkTest names to the ranker;preserve original POST flow after deterministic setup,read-like SQL detected but static response oracle is insufficient,read-like SQL detected but static response oracle is insufficient,not_applicable,no_ranker_candidate_for_incompatible_case,not_applicable,,,,benchmark_case_id;expected_result;ground_truth;label;query_text;source_file;sql_operation_category;sql_statement;vulnerability_label,,audited,doGet dispatches to a form/template before doPost
BenchmarkTest01882,OWASP Benchmark Java,1.2,ba2e3f9a29fa3bde6a5c073d679393c9b94f025f,src\main\java\org\owasp\benchmark\testcode\BenchmarkTest01882.java,expectedresults-1.2.csv,sqli,vulnerable,89,case_level,/sqli-04/BenchmarkTest01882,https://localhost:8443/benchmark/sqli-04/BenchmarkTest01882,cookie,POST_with_GET_form_setup,cookie,cookie,1,BenchmarkTest01882,text/html;charset=UTF-8,select_like,select,read_like,unknown,writer_output_detected,manual_review_required,adapter_feasible,manual_review_required,MANUAL_REVIEW,false,false,cookie_adapter,set deterministic cookies without exposing original BenchmarkTest names to the ranker;preserve original POST flow after deterministic setup,read-like SQL detected but static response oracle is insufficient,read-like SQL detected but static response oracle is insufficient,not_applicable,no_ranker_candidate_for_incompatible_case,not_applicable,,,,benchmark_case_id;expected_result;ground_truth;label;query_text;source_file;sql_operation_category;sql_statement;vulnerability_label,,audited,doGet dispatches to a form/template before doPost
BenchmarkTest01883,OWASP Benchmark Java,1.2,ba2e3f9a29fa3bde6a5c073d679393c9b94f025f,src\main\java\org\owasp\benchmark\testcode\BenchmarkTest01883.java,expectedresults-1.2.csv,sqli,vulnerable,89,case_level,/sqli-04/BenchmarkTest01883,https://localhost:8443/benchmark/sqli-04/BenchmarkTest01883,cookie,POST_with_GET_form_setup,cookie,cookie,1,BenchmarkTest01883,text/html;charset=UTF-8,select_like,select,read_like,unknown,result_rows_written,plausible_runtime_validation_required,adapter_feasible,plausible_runtime_validation_required,ADAPTER_SUPPORTED,true,true,cookie_adapter,set deterministic cookies without exposing original BenchmarkTest names to the ranker;preserve original POST flow after deterministic setup,,original case may be preserved with deterministic transport adapter; runtime boolean validation still required,proposed_schema,,true,os15-c000334,/external-v15/case-000334,candidate_id;sanitized_action_path;http_method;input_carrier;input_count_category;editable_input_count;multiple_parameters;transport_adapter_category;request_shape,benchmark_case_id;expected_result;ground_truth;label;query_text;source_file;sql_operation_category;sql_statement;vulnerability_label,"{""candidate_id"": ""os15-c000334"", ""editable_input_count"": 1, ""http_method"": ""POST_or_request_metadata"", ""input_carrier"": ""cookie"", ""input_count_category"": ""single"", ""multiple_parameters"": false, ""request_shape"": ""cookie"", ""sanitized_action_path"": ""/external-v15/case-000334"", ""transport_adapter_category"": ""cookie""}",audited,doGet dispatches to a form/template before doPost
BenchmarkTest01884,OWASP Benchmark Java,1.2,ba2e3f9a29fa3bde6a5c073d679393c9b94f025f,src\main\java\org\owasp\benchmark\testcode\BenchmarkTest01884.java,expectedresults-1.2.csv,sqli,non_vulnerable,89,case_level,/sqli-04/BenchmarkTest01884,https://localhost:8443/benchmark/sqli-04/BenchmarkTest01884,cookie,POST_with_GET_form_setup,cookie,cookie,1,BenchmarkTest01884,text/html;charset=UTF-8,select_like,select,read_like,unknown,writer_output_detected,manual_review_required,adapter_feasible,manual_review_required,MANUAL_REVIEW,false,false,cookie_adapter,set deterministic cookies without exposing original BenchmarkTest names to the ranker;preserve original POST flow after deterministic setup,read-like SQL detected but static response oracle is insufficient,read-like SQL detected but static response oracle is insufficient,not_applicable,no_ranker_candidate_for_incompatible_case,not_applicable,,,,benchmark_case_id;expected_result;ground_truth;label;query_text;source_file;sql_operation_category;sql_statement;vulnerability_label,,audited,doGet dispatches to a form/template before doPost
BenchmarkTest01885,OWASP Benchmark Java,1.2,ba2e3f9a29fa3bde6a5c073d679393c9b94f025f,src\main\java\org\owasp\benchmark\testcode\BenchmarkTest01885.java,expectedresults-1.2.csv,sqli,non_vulnerable,89,case_level,/sqli-04/BenchmarkTest01885,https://localhost:8443/benchmark/sqli-04/BenchmarkTest01885,cookie,POST_with_GET_form_setup,cookie,cookie,1,BenchmarkTest01885,text/html;charset=UTF-8,select_like,select,read_like,execute,result_rows_written,plausible_runtime_validation_required,adapter_feasible,plausible_runtime_validation_required,ADAPTER_SUPPORTED,true,true,cookie_adapter,set deterministic cookies without exposing original BenchmarkTest names to the ranker;preserve original POST flow after deterministic setup,,original case may be preserved with deterministic transport adapter; runtime boolean validation still required,proposed_schema,,true,os15-c000336,/external-v15/case-000336,candidate_id;sanitized_action_path;http_method;input_carrier;input_count_category;editable_input_count;multiple_parameters;transport_adapter_category;request_shape,benchmark_case_id;expected_result;ground_truth;label;query_text;source_file;sql_operation_category;sql_statement;vulnerability_label,"{""candidate_id"": ""os15-c000336"", ""editable_input_count"": 1, ""http_method"": ""POST_or_request_metadata"", ""input_carrier"": ""cookie"", ""input_count_category"": ""single"", ""multiple_parameters"": false, ""request_shape"": ""cookie"", ""sanitized_action_path"": ""/external-v15/case-000336"", ""transport_adapter_category"": ""cookie""}",audited,doGet dispatches to a form/template before doPost
BenchmarkTest01886,OWASP Benchmark Java,1.2,ba2e3f9a29fa3bde6a5c073d679393c9b94f025f,src\main\java\org\owasp\benchmark\testcode\BenchmarkTest01886.java,expectedresults-1.2.csv,sqli,non_vulnerable,89,case_level,/sqli-04/BenchmarkTest01886,https://localhost:8443/benchmark/sqli-04/BenchmarkTest01886,cookie,POST_with_GET_form_setup,cookie,cookie,1,BenchmarkTest01886,text/html;charset=UTF-8,select_like,select,read_like,execute,result_rows_written,plausible_runtime_validation_required,adapter_feasible,plausible_runtime_validation_required,ADAPTER_SUPPORTED,true,true,cookie_adapter,set deterministic cookies without exposing original BenchmarkTest names to the ranker;preserve original POST flow after deterministic setup,,original case may be preserved with deterministic transport adapter; runtime boolean validation still required,proposed_schema,,true,os15-c000337,/external-v15/case-000337,candidate_id;sanitized_action_path;http_method;input_carrier;input_count_category;editable_input_count;multiple_parameters;transport_adapter_category;request_shape,benchmark_case_id;expected_result;ground_truth;label;query_text;source_file;sql_operation_category;sql_statement;vulnerability_label,"{""candidate_id"": ""os15-c000337"", ""editable_input_count"": 1, ""http_method"": ""POST_or_request_metadata"", ""input_carrier"": ""cookie"", ""input_count_category"": ""single"", ""multiple_parameters"": false, ""request_shape"": ""cookie"", ""sanitized_action_path"": ""/external-v15/case-000337"", ""transport_adapter_category"": ""cookie""}",audited,doGet dispatches to a form/template before doPost
BenchmarkTest01887,OWASP Benchmark Java,1.2,ba2e3f9a29fa3bde6a5c073d679393c9b94f025f,src\main\java\org\owasp\benchmark\testcode\BenchmarkTest01887.java,expectedresults-1.2.csv,sqli,vulnerable,89,case_level,/sqli-04/BenchmarkTest01887,https://localhost:8443/benchmark/sqli-04/BenchmarkTest01887,cookie,POST_with_GET_form_setup,cookie,cookie,1,BenchmarkTest01887,text/html;charset=UTF-8,insert,insert;execute_update,write_or_state_changing,executeUpdate,writer_output_detected,not_applicable_non_destructive_conflict,adapter_feasible,not_applicable_non_destructive_conflict,EXCLUDED,false,false,cookie_adapter,set deterministic cookies without exposing original BenchmarkTest names to the ranker;preserve original POST flow after deterministic setup,write/state-changing SQL conflicts with non-destructive verifier philosophy,write/state-changing SQL conflicts with non-destructive verifier philosophy,not_applicable,no_ranker_candidate_for_incompatible_case,not_applicable,,,,benchmark_case_id;expected_result;ground_truth;label;query_text;source_file;sql_operation_category;sql_statement;vulnerability_label,,audited,doGet dispatches to a form/template before doPost;executeUpdate call statically detected
BenchmarkTest01888,OWASP Benchmark Java,1.2,ba2e3f9a29fa3bde6a5c073d679393c9b94f025f,src\main\java\org\owasp\benchmark\testcode\BenchmarkTest01888.java,expectedresults-1.2.csv,sqli,vulnerable,89,case_level,/sqli-04/BenchmarkTest01888,https://localhost:8443/benchmark/sqli-04/BenchmarkTest01888,cookie,POST_with_GET_form_setup,cookie,cookie,1,BenchmarkTest01888,text/html;charset=UTF-8,insert,insert;execute_update,write_or_state_changing,executeUpdate,writer_output_detected,not_applicable_non_destructive_conflict,adapter_feasible,not_applicable_non_destructive_conflict,EXCLUDED,false,false,cookie_adapter,set deterministic cookies without exposing original BenchmarkTest names to the ranker;preserve original POST flow after deterministic setup,write/state-changing SQL conflicts with non-destructive verifier philosophy,write/state-changing SQL conflicts with non-destructive verifier philosophy,not_applicable,no_ranker_candidate_for_incompatible_case,not_applicable,,,,benchmark_case_id;expected_result;ground_truth;label;query_text;source_file;sql_operation_category;sql_statement;vulnerability_label,,audited,doGet dispatches to a form/template before doPost;executeUpdate call statically detected
BenchmarkTest01889,OWASP Benchmark Java,1.2,ba2e3f9a29fa3bde6a5c073d679393c9b94f025f,src\main\java\org\owasp\benchmark\testcode\BenchmarkTest01889.java,expectedresults-1.2.csv,sqli,vulnerable,89,case_level,/sqli-04/BenchmarkTest01889,https://localhost:8443/benchmark/sqli-04/BenchmarkTest01889,cookie,POST_with_GET_form_setup,cookie,cookie,1,BenchmarkTest01889,text/html;charset=UTF-8,insert,insert;execute_update,write_or_state_changing,executeUpdate,writer_output_detected,not_applicable_non_destructive_conflict,adapter_feasible,not_applicable_non_destructive_conflict,EXCLUDED,false,false,cookie_adapter,set deterministic cookies without exposing original BenchmarkTest names to the ranker;preserve original POST flow after deterministic setup,write/state-changing SQL conflicts with non-destructive verifier philosophy,write/state-changing SQL conflicts with non-destructive verifier philosophy,not_applicable,no_ranker_candidate_for_incompatible_case,not_applicable,,,,benchmark_case_id;expected_result;ground_truth;label;query_text;source_file;sql_operation_category;sql_statement;vulnerability_label,,audited,doGet dispatches to a form/template before doPost;executeUpdate call statically detected
BenchmarkTest01890,OWASP Benchmark Java,1.2,ba2e3f9a29fa3bde6a5c073d679393c9b94f025f,src\main\java\org\owasp\benchmark\testcode\BenchmarkTest01890.java,expectedresults-1.2.csv,sqli,vulnerable,89,case_level,/sqli-04/BenchmarkTest01890,https://localhost:8443/benchmark/sqli-04/BenchmarkTest01890,cookie,POST_with_GET_form_setup,cookie,cookie,1,BenchmarkTest01890,text/html;charset=UTF-8,insert,insert;execute_update,write_or_state_changing,executeUpdate,writer_output_detected,not_applicable_non_destructive_conflict,adapter_feasible,not_applicable_non_destructive_conflict,EXCLUDED,false,false,cookie_adapter,set deterministic cookies without exposing original BenchmarkTest names to the ranker;preserve original POST flow after deterministic setup,write/state-changing SQL conflicts with non-destructive verifier philosophy,write/state-changing SQL conflicts with non-destructive verifier philosophy,not_applicable,no_ranker_candidate_for_incompatible_case,not_applicable,,,,benchmark_case_id;expected_result;ground_truth;label;query_text;source_file;sql_operation_category;sql_statement;vulnerability_label,,audited,doGet dispatches to a form/template before doPost;executeUpdate call statically detected
BenchmarkTest01891,OWASP Benchmark Java,1.2,ba2e3f9a29fa3bde6a5c073d679393c9b94f025f,src\main\java\org\owasp\benchmark\testcode\BenchmarkTest01891.java,expectedresults-1.2.csv,sqli,vulnerable,89,case_level,/sqli-04/BenchmarkTest01891,https://localhost:8443/benchmark/sqli-04/BenchmarkTest01891,cookie,POST_with_GET_form_setup,cookie,cookie,1,BenchmarkTest01891,text/html;charset=UTF-8,insert,insert;execute_update,write_or_state_changing,executeUpdate,writer_output_detected,not_applicable_non_destructive_conflict,adapter_feasible,not_applicable_non_destructive_conflict,EXCLUDED,false,false,cookie_adapter,set deterministic cookies without exposing original BenchmarkTest names to the ranker;preserve original POST flow after deterministic setup,write/state-changing SQL conflicts with non-destructive verifier philosophy,write/state-changing SQL conflicts with non-destructive verifier philosophy,not_applicable,no_ranker_candidate_for_incompatible_case,not_applicable,,,,benchmark_case_id;expected_result;ground_truth;label;query_text;source_file;sql_operation_category;sql_statement;vulnerability_label,,audited,doGet dispatches to a form/template before doPost;executeUpdate call statically detected
BenchmarkTest01961,OWASP Benchmark Java,1.2,ba2e3f9a29fa3bde6a5c073d679393c9b94f025f,src\main\java\org\owasp\benchmark\testcode\BenchmarkTest01961.java,expectedresults-1.2.csv,sqli,non_vulnerable,89,case_level,/sqli-04/BenchmarkTest01961,https://localhost:8443/benchmark/sqli-04/BenchmarkTest01961,header,GET_delegates_to_POST,header,header,1,BenchmarkTest01961,text/html;charset=UTF-8,select_like,select;prepared_statement,read_like,execute;prepareStatement,result_rows_written,plausible_runtime_validation_required,adapter_feasible,plausible_runtime_validation_required,ADAPTER_SUPPORTED,true,true,header_adapter,set deterministic request headers without exposing original BenchmarkTest names to the ranker,,original case may be preserved with deterministic transport adapter; runtime boolean validation still required,proposed_schema,,true,os15-c000343,/external-v15/case-000343,candidate_id;sanitized_action_path;http_method;input_carrier;input_count_category;editable_input_count;multiple_parameters;transport_adapter_category;request_shape,benchmark_case_id;expected_result;ground_truth;label;query_text;source_file;sql_operation_category;sql_statement;vulnerability_label,"{""candidate_id"": ""os15-c000343"", ""editable_input_count"": 1, ""http_method"": ""POST_or_request_metadata"", ""input_carrier"": ""header"", ""input_count_category"": ""single"", ""multiple_parameters"": false, ""request_shape"": ""header"", ""sanitized_action_path"": ""/external-v15/case-000343"", ""transport_adapter_category"": ""header""}",audited,static source inspection completed
BenchmarkTest01962,OWASP Benchmark Java,1.2,ba2e3f9a29fa3bde6a5c073d679393c9b94f025f,src\main\java\org\owasp\benchmark\testcode\BenchmarkTest01962.java,expectedresults-1.2.csv,sqli,vulnerable,89,case_level,/sqli-04/BenchmarkTest01962,https://localhost:8443/benchmark/sqli-04/BenchmarkTest01962,header,GET_delegates_to_POST,header,header,1,BenchmarkTest01962,text/html;charset=UTF-8,select_like,select;prepared_statement,read_like,execute;prepareStatement,result_rows_written,plausible_runtime_validation_required,adapter_feasible,plausible_runtime_validation_required,ADAPTER_SUPPORTED,true,true,header_adapter,set deterministic request headers without exposing original BenchmarkTest names to the ranker,,original case may be preserved with deterministic transport adapter; runtime boolean validation still required,proposed_schema,,true,os15-c000344,/external-v15/case-000344,candidate_id;sanitized_action_path;http_method;input_carrier;input_count_category;editable_input_count;multiple_parameters;transport_adapter_category;request_shape,benchmark_case_id;expected_result;ground_truth;label;query_text;source_file;sql_operation_category;sql_statement;vulnerability_label,"{""candidate_id"": ""os15-c000344"", ""editable_input_count"": 1, ""http_method"": ""POST_or_request_metadata"", ""input_carrier"": ""header"", ""input_count_category"": ""single"", ""multiple_parameters"": false, ""request_shape"": ""header"", ""sanitized_action_path"": ""/external-v15/case-000344"", ""transport_adapter_category"": ""header""}",audited,static source inspection completed
BenchmarkTest01963,OWASP Benchmark Java,1.2,ba2e3f9a29fa3bde6a5c073d679393c9b94f025f,src\main\java\org\owasp\benchmark\testcode\BenchmarkTest01963.java,expectedresults-1.2.csv,sqli,vulnerable,89,case_level,/sqli-04/BenchmarkTest01963,https://localhost:8443/benchmark/sqli-04/BenchmarkTest01963,header,GET_delegates_to_POST,header,header,1,BenchmarkTest01963,text/html;charset=UTF-8,select_like,select,read_like,unknown,writer_output_detected,manual_review_required,adapter_feasible,manual_review_required,MANUAL_REVIEW,false,false,header_adapter,set deterministic request headers without exposing original BenchmarkTest names to the ranker,read-like SQL detected but static response oracle is insufficient,read-like SQL detected but static response oracle is insufficient,not_applicable,no_ranker_candidate_for_incompatible_case,not_applicable,,,,benchmark_case_id;expected_result;ground_truth;label;query_text;source_file;sql_operation_category;sql_statement;vulnerability_label,,audited,static source inspection completed
BenchmarkTest01964,OWASP Benchmark Java,1.2,ba2e3f9a29fa3bde6a5c073d679393c9b94f025f,src\main\java\org\owasp\benchmark\testcode\BenchmarkTest01964.java,expectedresults-1.2.csv,sqli,vulnerable,89,case_level,/sqli-04/BenchmarkTest01964,https://localhost:8443/benchmark/sqli-04/BenchmarkTest01964,header,GET_delegates_to_POST,header,header,1,BenchmarkTest01964,text/html;charset=UTF-8,select_like,select,read_like,unknown,writer_output_detected,manual_review_required,adapter_feasible,manual_review_required,MANUAL_REVIEW,false,false,header_adapter,set deterministic request headers without exposing original BenchmarkTest names to the ranker,read-like SQL detected but static response oracle is insufficient,read-like SQL detected but static response oracle is insufficient,not_applicable,no_ranker_candidate_for_incompatible_case,not_applicable,,,,benchmark_case_id;expected_result;ground_truth;label;query_text;source_file;sql_operation_category;sql_statement;vulnerability_label,,audited,static source inspection completed
BenchmarkTest01965,OWASP Benchmark Java,1.2,ba2e3f9a29fa3bde6a5c073d679393c9b94f025f,src\main\java\org\owasp\benchmark\testcode\BenchmarkTest01965.java,expectedresults-1.2.csv,sqli,non_vulnerable,89,case_level,/sqli-04/BenchmarkTest01965,https://localhost:8443/benchmark/sqli-04/BenchmarkTest01965,header,GET_delegates_to_POST,header,header,1,BenchmarkTest01965,text/html;charset=UTF-8,select_like,select,read_like,unknown,writer_output_detected,manual_review_required,adapter_feasible,manual_review_required,MANUAL_REVIEW,false,false,header_adapter,set deterministic request headers without exposing original BenchmarkTest names to the ranker,read-like SQL detected but static response oracle is insufficient,read-like SQL detected but static response oracle is insufficient,not_applicable,no_ranker_candidate_for_incompatible_case,not_applicable,,,,benchmark_case_id;expected_result;ground_truth;label;query_text;source_file;sql_operation_category;sql_statement;vulnerability_label,,audited,static source inspection completed
BenchmarkTest01966,OWASP Benchmark Java,1.2,ba2e3f9a29fa3bde6a5c073d679393c9b94f025f,src\main\java\org\owasp\benchmark\testcode\BenchmarkTest01966.java,expectedresults-1.2.csv,sqli,non_vulnerable,89,case_level,/sqli-04/BenchmarkTest01966,https://localhost:8443/benchmark/sqli-04/BenchmarkTest01966,header,GET_delegates_to_POST,header,header,1,BenchmarkTest01966,text/html;charset=UTF-8,select_like,select,read_like,unknown,writer_output_detected,manual_review_required,adapter_feasible,manual_review_required,MANUAL_REVIEW,false,false,header_adapter,set deterministic request headers without exposing original BenchmarkTest names to the ranker,read-like SQL detected but static response oracle is insufficient,read-like SQL detected but static response oracle is insufficient,not_applicable,no_ranker_candidate_for_incompatible_case,not_applicable,,,,benchmark_case_id;expected_result;ground_truth;label;query_text;source_file;sql_operation_category;sql_statement;vulnerability_label,,audited,static source inspection completed
BenchmarkTest01967,OWASP Benchmark Java,1.2,ba2e3f9a29fa3bde6a5c073d679393c9b94f025f,src\main\java\org\owasp\benchmark\testcode\BenchmarkTest01967.java,expectedresults-1.2.csv,sqli,non_vulnerable,89,case_level,/sqli-04/BenchmarkTest01967,https://localhost:8443/benchmark/sqli-04/BenchmarkTest01967,header,GET_delegates_to_POST,header,header,1,BenchmarkTest01967,text/html;charset=UTF-8,select_like,select,read_like,unknown,writer_output_detected,manual_review_required,adapter_feasible,manual_review_required,MANUAL_REVIEW,false,false,header_adapter,set deterministic request headers without exposing original BenchmarkTest names to the ranker,read-like SQL detected but static response oracle is insufficient,read-like SQL detected but static response oracle is insufficient,not_applicable,no_ranker_candidate_for_incompatible_case,not_applicable,,,,benchmark_case_id;expected_result;ground_truth;label;query_text;source_file;sql_operation_category;sql_statement;vulnerability_label,,audited,static source inspection completed
BenchmarkTest01968,OWASP Benchmark Java,1.2,ba2e3f9a29fa3bde6a5c073d679393c9b94f025f,src\main\java\org\owasp\benchmark\testcode\BenchmarkTest01968.java,expectedresults-1.2.csv,sqli,non_vulnerable,89,case_level,/sqli-04/BenchmarkTest01968,https://localhost:8443/benchmark/sqli-04/BenchmarkTest01968,header,GET_delegates_to_POST,header,header,1,BenchmarkTest01968,text/html;charset=UTF-8,select_like,select,read_like,unknown,writer_output_detected,manual_review_required,adapter_feasible,manual_review_required,MANUAL_REVIEW,false,false,header_adapter,set deterministic request headers without exposing original BenchmarkTest names to the ranker,read-like SQL detected but static response oracle is insufficient,read-like SQL detected but static response oracle is insufficient,not_applicable,no_ranker_candidate_for_incompatible_case,not_applicable,,,,benchmark_case_id;expected_result;ground_truth;label;query_text;source_file;sql_operation_category;sql_statement;vulnerability_label,,audited,static source inspection completed
BenchmarkTest01969,OWASP Benchmark Java,1.2,ba2e3f9a29fa3bde6a5c073d679393c9b94f025f,src\main\java\org\owasp\benchmark\testcode\BenchmarkTest01969.java,expectedresults-1.2.csv,sqli,non_vulnerable,89,case_level,/sqli-04/BenchmarkTest01969,https://localhost:8443/benchmark/sqli-04/BenchmarkTest01969,header,GET_delegates_to_POST,header,header,1,BenchmarkTest01969,text/html;charset=UTF-8,select_like,select,read_like,unknown,result_rows_written,plausible_runtime_validation_required,adapter_feasible,plausible_runtime_validation_required,ADAPTER_SUPPORTED,true,true,header_adapter,set deterministic request headers without exposing original BenchmarkTest names to the ranker,,original case may be preserved with deterministic transport adapter; runtime boolean validation still required,proposed_schema,,true,os15-c000351,/external-v15/case-000351,candidate_id;sanitized_action_path;http_method;input_carrier;input_count_category;editable_input_count;multiple_parameters;transport_adapter_category;request_shape,benchmark_case_id;expected_result;ground_truth;label;query_text;source_file;sql_operation_category;sql_statement;vulnerability_label,"{""candidate_id"": ""os15-c000351"", ""editable_input_count"": 1, ""http_method"": ""POST_or_request_metadata"", ""input_carrier"": ""header"", ""input_count_category"": ""single"", ""multiple_parameters"": false, ""request_shape"": ""header"", ""sanitized_action_path"": ""/external-v15/case-000351"", ""transport_adapter_category"": ""header""}",audited,static source inspection completed
BenchmarkTest01970,OWASP Benchmark Java,1.2,ba2e3f9a29fa3bde6a5c073d679393c9b94f025f,src\main\java\org\owasp\benchmark\testcode\BenchmarkTest01970.java,expectedresults-1.2.csv,sqli,vulnerable,89,case_level,/sqli-04/BenchmarkTest01970,https://localhost:8443/benchmark/sqli-04/BenchmarkTest01970,header,GET_delegates_to_POST,header,header,1,BenchmarkTest01970,text/html;charset=UTF-8,select_like,select,read_like,unknown,result_rows_written,plausible_runtime_validation_required,adapter_feasible,plausible_runtime_validation_required,ADAPTER_SUPPORTED,true,true,header_adapter,set deterministic request headers without exposing original BenchmarkTest names to the ranker,,original case may be preserved with deterministic transport adapter; runtime boolean validation still required,proposed_schema,,true,os15-c000352,/external-v15/case-000352,candidate_id;sanitized_action_path;http_method;input_carrier;input_count_category;editable_input_count;multiple_parameters;transport_adapter_category;request_shape,benchmark_case_id;expected_result;ground_truth;label;query_text;source_file;sql_operation_category;sql_statement;vulnerability_label,"{""candidate_id"": ""os15-c000352"", ""editable_input_count"": 1, ""http_method"": ""POST_or_request_metadata"", ""input_carrier"": ""header"", ""input_count_category"": ""single"", ""multiple_parameters"": false, ""request_shape"": ""header"", ""sanitized_action_path"": ""/external-v15/case-000352"", ""transport_adapter_category"": ""header""}",audited,static source inspection completed
BenchmarkTest01971,OWASP Benchmark Java,1.2,ba2e3f9a29fa3bde6a5c073d679393c9b94f025f,src\main\java\org\owasp\benchmark\testcode\BenchmarkTest01971.java,expectedresults-1.2.csv,sqli,vulnerable,89,case_level,/sqli-04/BenchmarkTest01971,https://localhost:8443/benchmark/sqli-04/BenchmarkTest01971,header,GET_delegates_to_POST,header,header,1,BenchmarkTest01971,text/html;charset=UTF-8,select_like,select,read_like,execute,result_rows_written,plausible_runtime_validation_required,adapter_feasible,plausible_runtime_validation_required,ADAPTER_SUPPORTED,true,true,header_adapter,set deterministic request headers without exposing original BenchmarkTest names to the ranker,,original case may be preserved with deterministic transport adapter; runtime boolean validation still required,proposed_schema,,true,os15-c000353,/external-v15/case-000353,candidate_id;sanitized_action_path;http_method;input_carrier;input_count_category;editable_input_count;multiple_parameters;transport_adapter_category;request_shape,benchmark_case_id;expected_result;ground_truth;label;query_text;source_file;sql_operation_category;sql_statement;vulnerability_label,"{""candidate_id"": ""os15-c000353"", ""editable_input_count"": 1, ""http_method"": ""POST_or_request_metadata"", ""input_carrier"": ""header"", ""input_count_category"": ""single"", ""multiple_parameters"": false, ""request_shape"": ""header"", ""sanitized_action_path"": ""/external-v15/case-000353"", ""transport_adapter_category"": ""header""}",audited,static source inspection completed
BenchmarkTest01972,OWASP Benchmark Java,1.2,ba2e3f9a29fa3bde6a5c073d679393c9b94f025f,src\main\java\org\owasp\benchmark\testcode\BenchmarkTest01972.java,expectedresults-1.2.csv,sqli,vulnerable,89,case_level,/sqli-04/BenchmarkTest01972,https://localhost:8443/benchmark/sqli-04/BenchmarkTest01972,header,GET_delegates_to_POST,header,header,1,BenchmarkTest01972,text/html;charset=UTF-8,select_like,select,read_like,execute,result_rows_written,plausible_runtime_validation_required,adapter_feasible,plausible_runtime_validation_required,ADAPTER_SUPPORTED,true,true,header_adapter,set deterministic request headers without exposing original BenchmarkTest names to the ranker,,original case may be preserved with deterministic transport adapter; runtime boolean validation still required,proposed_schema,,true,os15-c000354,/external-v15/case-000354,candidate_id;sanitized_action_path;http_method;input_carrier;input_count_category;editable_input_count;multiple_parameters;transport_adapter_category;request_shape,benchmark_case_id;expected_result;ground_truth;label;query_text;source_file;sql_operation_category;sql_statement;vulnerability_label,"{""candidate_id"": ""os15-c000354"", ""editable_input_count"": 1, ""http_method"": ""POST_or_request_metadata"", ""input_carrier"": ""header"", ""input_count_category"": ""single"", ""multiple_parameters"": false, ""request_shape"": ""header"", ""sanitized_action_path"": ""/external-v15/case-000354"", ""transport_adapter_category"": ""header""}",audited,static source inspection completed
BenchmarkTest01973,OWASP Benchmark Java,1.2,ba2e3f9a29fa3bde6a5c073d679393c9b94f025f,src\main\java\org\owasp\benchmark\testcode\BenchmarkTest01973.java,expectedresults-1.2.csv,sqli,non_vulnerable,89,case_level,/sqli-04/BenchmarkTest01973,https://localhost:8443/benchmark/sqli-04/BenchmarkTest01973,header,GET_delegates_to_POST,header,header,1,BenchmarkTest01973,text/html;charset=UTF-8,insert,insert;execute_update,write_or_state_changing,executeUpdate,writer_output_detected,not_applicable_non_destructive_conflict,adapter_feasible,not_applicable_non_destructive_conflict,EXCLUDED,false,false,header_adapter,set deterministic request headers without exposing original BenchmarkTest names to the ranker,write/state-changing SQL conflicts with non-destructive verifier philosophy,write/state-changing SQL conflicts with non-destructive verifier philosophy,not_applicable,no_ranker_candidate_for_incompatible_case,not_applicable,,,,benchmark_case_id;expected_result;ground_truth;label;query_text;source_file;sql_operation_category;sql_statement;vulnerability_label,,audited,executeUpdate call statically detected
BenchmarkTest02087,OWASP Benchmark Java,1.2,ba2e3f9a29fa3bde6a5c073d679393c9b94f025f,src\main\java\org\owasp\benchmark\testcode\BenchmarkTest02087.java,expectedresults-1.2.csv,sqli,vulnerable,89,case_level,/sqli-04/BenchmarkTest02087,https://localhost:8443/benchmark/sqli-04/BenchmarkTest02087,header,GET_delegates_to_POST,header,header,1,BenchmarkTest02087,text/html;charset=UTF-8,select_like,select;prepared_statement,read_like,execute;prepareStatement,result_rows_written,plausible_runtime_validation_required,adapter_feasible,plausible_runtime_validation_required,ADAPTER_SUPPORTED,true,true,header_adapter,set deterministic request headers without exposing original BenchmarkTest names to the ranker,,original case may be preserved with deterministic transport adapter; runtime boolean validation still required,proposed_schema,,true,os15-c000356,/external-v15/case-000356,candidate_id;sanitized_action_path;http_method;input_carrier;input_count_category;editable_input_count;multiple_parameters;transport_adapter_category;request_shape,benchmark_case_id;expected_result;ground_truth;label;query_text;source_file;sql_operation_category;sql_statement;vulnerability_label,"{""candidate_id"": ""os15-c000356"", ""editable_input_count"": 1, ""http_method"": ""POST_or_request_metadata"", ""input_carrier"": ""header"", ""input_count_category"": ""single"", ""multiple_parameters"": false, ""request_shape"": ""header"", ""sanitized_action_path"": ""/external-v15/case-000356"", ""transport_adapter_category"": ""header""}",audited,static source inspection completed
BenchmarkTest02088,OWASP Benchmark Java,1.2,ba2e3f9a29fa3bde6a5c073d679393c9b94f025f,src\main\java\org\owasp\benchmark\testcode\BenchmarkTest02088.java,expectedresults-1.2.csv,sqli,vulnerable,89,case_level,/sqli-04/BenchmarkTest02088,https://localhost:8443/benchmark/sqli-04/BenchmarkTest02088,header,GET_delegates_to_POST,header,header,1,BenchmarkTest02088,text/html;charset=UTF-8,select_like,select;prepared_statement,read_like,execute;prepareStatement,result_rows_written,plausible_runtime_validation_required,adapter_feasible,plausible_runtime_validation_required,ADAPTER_SUPPORTED,true,true,header_adapter,set deterministic request headers without exposing original BenchmarkTest names to the ranker,,original case may be preserved with deterministic transport adapter; runtime boolean validation still required,proposed_schema,,true,os15-c000357,/external-v15/case-000357,candidate_id;sanitized_action_path;http_method;input_carrier;input_count_category;editable_input_count;multiple_parameters;transport_adapter_category;request_shape,benchmark_case_id;expected_result;ground_truth;label;query_text;source_file;sql_operation_category;sql_statement;vulnerability_label,"{""candidate_id"": ""os15-c000357"", ""editable_input_count"": 1, ""http_method"": ""POST_or_request_metadata"", ""input_carrier"": ""header"", ""input_count_category"": ""single"", ""multiple_parameters"": false, ""request_shape"": ""header"", ""sanitized_action_path"": ""/external-v15/case-000357"", ""transport_adapter_category"": ""header""}",audited,static source inspection completed
BenchmarkTest02089,OWASP Benchmark Java,1.2,ba2e3f9a29fa3bde6a5c073d679393c9b94f025f,src\main\java\org\owasp\benchmark\testcode\BenchmarkTest02089.java,expectedresults-1.2.csv,sqli,non_vulnerable,89,case_level,/sqli-04/BenchmarkTest02089,https://localhost:8443/benchmark/sqli-04/BenchmarkTest02089,header,GET_delegates_to_POST,header,header,1,BenchmarkTest02089,text/html;charset=UTF-8,select_like,select;prepared_statement,read_like,execute;prepareStatement,result_rows_written,plausible_runtime_validation_required,adapter_feasible,plausible_runtime_validation_required,ADAPTER_SUPPORTED,true,true,header_adapter,set deterministic request headers without exposing original BenchmarkTest names to the ranker,,original case may be preserved with deterministic transport adapter; runtime boolean validation still required,proposed_schema,,true,os15-c000358,/external-v15/case-000358,candidate_id;sanitized_action_path;http_method;input_carrier;input_count_category;editable_input_count;multiple_parameters;transport_adapter_category;request_shape,benchmark_case_id;expected_result;ground_truth;label;query_text;source_file;sql_operation_category;sql_statement;vulnerability_label,"{""candidate_id"": ""os15-c000358"", ""editable_input_count"": 1, ""http_method"": ""POST_or_request_metadata"", ""input_carrier"": ""header"", ""input_count_category"": ""single"", ""multiple_parameters"": false, ""request_shape"": ""header"", ""sanitized_action_path"": ""/external-v15/case-000358"", ""transport_adapter_category"": ""header""}",audited,static source inspection completed
BenchmarkTest02090,OWASP Benchmark Java,1.2,ba2e3f9a29fa3bde6a5c073d679393c9b94f025f,src\main\java\org\owasp\benchmark\testcode\BenchmarkTest02090.java,expectedresults-1.2.csv,sqli,vulnerable,89,case_level,/sqli-04/BenchmarkTest02090,https://localhost:8443/benchmark/sqli-04/BenchmarkTest02090,header,GET_delegates_to_POST,header,header,1,BenchmarkTest02090,text/html;charset=UTF-8,select_like,select,read_like,execute,writer_output_detected,manual_review_required,adapter_feasible,manual_review_required,MANUAL_REVIEW,false,false,header_adapter,set deterministic request headers without exposing original BenchmarkTest names to the ranker,read-like SQL detected but static response oracle is insufficient,read-like SQL detected but static response oracle is insufficient,not_applicable,no_ranker_candidate_for_incompatible_case,not_applicable,,,,benchmark_case_id;expected_result;ground_truth;label;query_text;source_file;sql_operation_category;sql_statement;vulnerability_label,,audited,static source inspection completed
BenchmarkTest02091,OWASP Benchmark Java,1.2,ba2e3f9a29fa3bde6a5c073d679393c9b94f025f,src\main\java\org\owasp\benchmark\testcode\BenchmarkTest02091.java,expectedresults-1.2.csv,sqli,vulnerable,89,case_level,/sqli-04/BenchmarkTest02091,https://localhost:8443/benchmark/sqli-04/BenchmarkTest02091,header,GET_delegates_to_POST,header,header,1,BenchmarkTest02091,text/html;charset=UTF-8,select_like,select,read_like,unknown,writer_output_detected,manual_review_required,adapter_feasible,manual_review_required,MANUAL_REVIEW,false,false,header_adapter,set deterministic request headers without exposing original BenchmarkTest names to the ranker,read-like SQL detected but static response oracle is insufficient,read-like SQL detected but static response oracle is insufficient,not_applicable,no_ranker_candidate_for_incompatible_case,not_applicable,,,,benchmark_case_id;expected_result;ground_truth;label;query_text;source_file;sql_operation_category;sql_statement;vulnerability_label,,audited,static source inspection completed
BenchmarkTest02092,OWASP Benchmark Java,1.2,ba2e3f9a29fa3bde6a5c073d679393c9b94f025f,src\main\java\org\owasp\benchmark\testcode\BenchmarkTest02092.java,expectedresults-1.2.csv,sqli,vulnerable,89,case_level,/sqli-04/BenchmarkTest02092,https://localhost:8443/benchmark/sqli-04/BenchmarkTest02092,header,GET_delegates_to_POST,header,header,1,BenchmarkTest02092,text/html;charset=UTF-8,select_like,select,read_like,execute,result_rows_written,plausible_runtime_validation_required,adapter_feasible,plausible_runtime_validation_required,ADAPTER_SUPPORTED,true,true,header_adapter,set deterministic request headers without exposing original BenchmarkTest names to the ranker,,original case may be preserved with deterministic transport adapter; runtime boolean validation still required,proposed_schema,,true,os15-c000361,/external-v15/case-000361,candidate_id;sanitized_action_path;http_method;input_carrier;input_count_category;editable_input_count;multiple_parameters;transport_adapter_category;request_shape,benchmark_case_id;expected_result;ground_truth;label;query_text;source_file;sql_operation_category;sql_statement;vulnerability_label,"{""candidate_id"": ""os15-c000361"", ""editable_input_count"": 1, ""http_method"": ""POST_or_request_metadata"", ""input_carrier"": ""header"", ""input_count_category"": ""single"", ""multiple_parameters"": false, ""request_shape"": ""header"", ""sanitized_action_path"": ""/external-v15/case-000361"", ""transport_adapter_category"": ""header""}",audited,static source inspection completed
BenchmarkTest02093,OWASP Benchmark Java,1.2,ba2e3f9a29fa3bde6a5c073d679393c9b94f025f,src\main\java\org\owasp\benchmark\testcode\BenchmarkTest02093.java,expectedresults-1.2.csv,sqli,non_vulnerable,89,case_level,/sqli-04/BenchmarkTest02093,https://localhost:8443/benchmark/sqli-04/BenchmarkTest02093,header,GET_delegates_to_POST,header,header,1,BenchmarkTest02093,text/html;charset=UTF-8,select_like,select,read_like,execute,result_rows_written,plausible_runtime_validation_required,adapter_feasible,plausible_runtime_validation_required,ADAPTER_SUPPORTED,true,true,header_adapter,set deterministic request headers without exposing original BenchmarkTest names to the ranker,,original case may be preserved with deterministic transport adapter; runtime boolean validation still required,proposed_schema,,true,os15-c000362,/external-v15/case-000362,candidate_id;sanitized_action_path;http_method;input_carrier;input_count_category;editable_input_count;multiple_parameters;transport_adapter_category;request_shape,benchmark_case_id;expected_result;ground_truth;label;query_text;source_file;sql_operation_category;sql_statement;vulnerability_label,"{""candidate_id"": ""os15-c000362"", ""editable_input_count"": 1, ""http_method"": ""POST_or_request_metadata"", ""input_carrier"": ""header"", ""input_count_category"": ""single"", ""multiple_parameters"": false, ""request_shape"": ""header"", ""sanitized_action_path"": ""/external-v15/case-000362"", ""transport_adapter_category"": ""header""}",audited,static source inspection completed
BenchmarkTest02094,OWASP Benchmark Java,1.2,ba2e3f9a29fa3bde6a5c073d679393c9b94f025f,src\main\java\org\owasp\benchmark\testcode\BenchmarkTest02094.java,expectedresults-1.2.csv,sqli,vulnerable,89,case_level,/sqli-04/BenchmarkTest02094,https://localhost:8443/benchmark/sqli-04/BenchmarkTest02094,header,GET_delegates_to_POST,header,header,1,BenchmarkTest02094,text/html;charset=UTF-8,select_like,select,read_like,execute,result_rows_written,plausible_runtime_validation_required,adapter_feasible,plausible_runtime_validation_required,ADAPTER_SUPPORTED,true,true,header_adapter,set deterministic request headers without exposing original BenchmarkTest names to the ranker,,original case may be preserved with deterministic transport adapter; runtime boolean validation still required,proposed_schema,,true,os15-c000363,/external-v15/case-000363,candidate_id;sanitized_action_path;http_method;input_carrier;input_count_category;editable_input_count;multiple_parameters;transport_adapter_category;request_shape,benchmark_case_id;expected_result;ground_truth;label;query_text;source_file;sql_operation_category;sql_statement;vulnerability_label,"{""candidate_id"": ""os15-c000363"", ""editable_input_count"": 1, ""http_method"": ""POST_or_request_metadata"", ""input_carrier"": ""header"", ""input_count_category"": ""single"", ""multiple_parameters"": false, ""request_shape"": ""header"", ""sanitized_action_path"": ""/external-v15/case-000363"", ""transport_adapter_category"": ""header""}",audited,static source inspection completed
BenchmarkTest02095,OWASP Benchmark Java,1.2,ba2e3f9a29fa3bde6a5c073d679393c9b94f025f,src\main\java\org\owasp\benchmark\testcode\BenchmarkTest02095.java,expectedresults-1.2.csv,sqli,non_vulnerable,89,case_level,/sqli-04/BenchmarkTest02095,https://localhost:8443/benchmark/sqli-04/BenchmarkTest02095,header,GET_delegates_to_POST,header,header,1,BenchmarkTest02095,text/html;charset=UTF-8,select_like,select,read_like,execute,result_rows_written,plausible_runtime_validation_required,adapter_feasible,plausible_runtime_validation_required,ADAPTER_SUPPORTED,true,true,header_adapter,set deterministic request headers without exposing original BenchmarkTest names to the ranker,,original case may be preserved with deterministic transport adapter; runtime boolean validation still required,proposed_schema,,true,os15-c000364,/external-v15/case-000364,candidate_id;sanitized_action_path;http_method;input_carrier;input_count_category;editable_input_count;multiple_parameters;transport_adapter_category;request_shape,benchmark_case_id;expected_result;ground_truth;label;query_text;source_file;sql_operation_category;sql_statement;vulnerability_label,"{""candidate_id"": ""os15-c000364"", ""editable_input_count"": 1, ""http_method"": ""POST_or_request_metadata"", ""input_carrier"": ""header"", ""input_count_category"": ""single"", ""multiple_parameters"": false, ""request_shape"": ""header"", ""sanitized_action_path"": ""/external-v15/case-000364"", ""transport_adapter_category"": ""header""}",audited,static source inspection completed
BenchmarkTest02096,OWASP Benchmark Java,1.2,ba2e3f9a29fa3bde6a5c073d679393c9b94f025f,src\main\java\org\owasp\benchmark\testcode\BenchmarkTest02096.java,expectedresults-1.2.csv,sqli,vulnerable,89,case_level,/sqli-04/BenchmarkTest02096,https://localhost:8443/benchmark/sqli-04/BenchmarkTest02096,header,GET_delegates_to_POST,header,header,1,BenchmarkTest02096,text/html;charset=UTF-8,select_like,select,read_like,execute,result_rows_written,plausible_runtime_validation_required,adapter_feasible,plausible_runtime_validation_required,ADAPTER_SUPPORTED,true,true,header_adapter,set deterministic request headers without exposing original BenchmarkTest names to the ranker,,original case may be preserved with deterministic transport adapter; runtime boolean validation still required,proposed_schema,,true,os15-c000365,/external-v15/case-000365,candidate_id;sanitized_action_path;http_method;input_carrier;input_count_category;editable_input_count;multiple_parameters;transport_adapter_category;request_shape,benchmark_case_id;expected_result;ground_truth;label;query_text;source_file;sql_operation_category;sql_statement;vulnerability_label,"{""candidate_id"": ""os15-c000365"", ""editable_input_count"": 1, ""http_method"": ""POST_or_request_metadata"", ""input_carrier"": ""header"", ""input_count_category"": ""single"", ""multiple_parameters"": false, ""request_shape"": ""header"", ""sanitized_action_path"": ""/external-v15/case-000365"", ""transport_adapter_category"": ""header""}",audited,static source inspection completed
BenchmarkTest02097,OWASP Benchmark Java,1.2,ba2e3f9a29fa3bde6a5c073d679393c9b94f025f,src\main\java\org\owasp\benchmark\testcode\BenchmarkTest02097.java,expectedresults-1.2.csv,sqli,non_vulnerable,89,case_level,/sqli-04/BenchmarkTest02097,https://localhost:8443/benchmark/sqli-04/BenchmarkTest02097,header,GET_delegates_to_POST,header,header,1,BenchmarkTest02097,text/html;charset=UTF-8,select_like,select;execute_query,read_like,executeQuery,result_rows_written,plausible_runtime_validation_required,adapter_feasible,plausible_runtime_validation_required,ADAPTER_SUPPORTED,true,true,header_adapter,set deterministic request headers without exposing original BenchmarkTest names to the ranker,,original case may be preserved with deterministic transport adapter; runtime boolean validation still required,proposed_schema,,true,os15-c000366,/external-v15/case-000366,candidate_id;sanitized_action_path;http_method;input_carrier;input_count_category;editable_input_count;multiple_parameters;transport_adapter_category;request_shape,benchmark_case_id;expected_result;ground_truth;label;query_text;source_file;sql_operation_category;sql_statement;vulnerability_label,"{""candidate_id"": ""os15-c000366"", ""editable_input_count"": 1, ""http_method"": ""POST_or_request_metadata"", ""input_carrier"": ""header"", ""input_count_category"": ""single"", ""multiple_parameters"": false, ""request_shape"": ""header"", ""sanitized_action_path"": ""/external-v15/case-000366"", ""transport_adapter_category"": ""header""}",audited,static source inspection completed
BenchmarkTest02098,OWASP Benchmark Java,1.2,ba2e3f9a29fa3bde6a5c073d679393c9b94f025f,src\main\java\org\owasp\benchmark\testcode\BenchmarkTest02098.java,expectedresults-1.2.csv,sqli,non_vulnerable,89,case_level,/sqli-04/BenchmarkTest02098,https://localhost:8443/benchmark/sqli-04/BenchmarkTest02098,header,GET_delegates_to_POST,header,header,1,BenchmarkTest02098,text/html;charset=UTF-8,select_like,select;execute_query,read_like,executeQuery,result_rows_written,plausible_runtime_validation_required,adapter_feasible,plausible_runtime_validation_required,ADAPTER_SUPPORTED,true,true,header_adapter,set deterministic request headers without exposing original BenchmarkTest names to the ranker,,original case may be preserved with deterministic transport adapter; runtime boolean validation still required,proposed_schema,,true,os15-c000367,/external-v15/case-000367,candidate_id;sanitized_action_path;http_method;input_carrier;input_count_category;editable_input_count;multiple_parameters;transport_adapter_category;request_shape,benchmark_case_id;expected_result;ground_truth;label;query_text;source_file;sql_operation_category;sql_statement;vulnerability_label,"{""candidate_id"": ""os15-c000367"", ""editable_input_count"": 1, ""http_method"": ""POST_or_request_metadata"", ""input_carrier"": ""header"", ""input_count_category"": ""single"", ""multiple_parameters"": false, ""request_shape"": ""header"", ""sanitized_action_path"": ""/external-v15/case-000367"", ""transport_adapter_category"": ""header""}",audited,static source inspection completed
BenchmarkTest02099,OWASP Benchmark Java,1.2,ba2e3f9a29fa3bde6a5c073d679393c9b94f025f,src\main\java\org\owasp\benchmark\testcode\BenchmarkTest02099.java,expectedresults-1.2.csv,sqli,vulnerable,89,case_level,/sqli-04/BenchmarkTest02099,https://localhost:8443/benchmark/sqli-04/BenchmarkTest02099,header,GET_delegates_to_POST,header,header,1,BenchmarkTest02099,text/html;charset=UTF-8,insert,insert;execute_update,write_or_state_changing,executeUpdate,writer_output_detected,not_applicable_non_destructive_conflict,adapter_feasible,not_applicable_non_destructive_conflict,EXCLUDED,false,false,header_adapter,set deterministic request headers without exposing original BenchmarkTest names to the ranker,write/state-changing SQL conflicts with non-destructive verifier philosophy,write/state-changing SQL conflicts with non-destructive verifier philosophy,not_applicable,no_ranker_candidate_for_incompatible_case,not_applicable,,,,benchmark_case_id;expected_result;ground_truth;label;query_text;source_file;sql_operation_category;sql_statement;vulnerability_label,,audited,executeUpdate call statically detected
BenchmarkTest02169,OWASP Benchmark Java,1.2,ba2e3f9a29fa3bde6a5c073d679393c9b94f025f,src\main\java\org\owasp\benchmark\testcode\BenchmarkTest02169.java,expectedresults-1.2.csv,sqli,vulnerable,89,case_level,/sqli-04/BenchmarkTest02169,https://localhost:8443/benchmark/sqli-04/BenchmarkTest02169,POST_form,GET_delegates_to_POST,formparam+formparam+formparam,formparam,3,password;email;BenchmarkTest02169,text/html;charset=UTF-8,stored_procedure,stored_procedure;execute_query,stored_procedure_ambiguous,executeQuery;prepareCall,result_rows_written,not_applicable_stored_procedure_ambiguous,adapter_feasible,not_applicable_stored_procedure_ambiguous,EXCLUDED,false,false,form_parameter_adapter;multi_form_parameter_adapter,submit original form parameters with deterministic values;preserve companion form parameters,stored procedure behavior cannot be assumed read-only by static audit,stored procedure behavior cannot be assumed read-only by static audit,not_applicable,no_ranker_candidate_for_incompatible_case,not_applicable,,,,benchmark_case_id;expected_result;ground_truth;label;query_text;source_file;sql_operation_category;sql_statement;vulnerability_label,,audited,stored procedure call statically detected
BenchmarkTest02170,OWASP Benchmark Java,1.2,ba2e3f9a29fa3bde6a5c073d679393c9b94f025f,src\main\java\org\owasp\benchmark\testcode\BenchmarkTest02170.java,expectedresults-1.2.csv,sqli,vulnerable,89,case_level,/sqli-04/BenchmarkTest02170,https://localhost:8443/benchmark/sqli-04/BenchmarkTest02170,POST_form,GET_delegates_to_POST,formparam+formparam+formparam+formparam,formparam,4,productID;secure;foo;BenchmarkTest02170,text/html;charset=UTF-8,stored_procedure,stored_procedure;execute_query,stored_procedure_ambiguous,executeQuery;prepareCall,result_rows_written,not_applicable_stored_procedure_ambiguous,adapter_feasible,not_applicable_stored_procedure_ambiguous,EXCLUDED,false,false,form_parameter_adapter;multi_form_parameter_adapter,submit original form parameters with deterministic values;preserve companion form parameters,stored procedure behavior cannot be assumed read-only by static audit,stored procedure behavior cannot be assumed read-only by static audit,not_applicable,no_ranker_candidate_for_incompatible_case,not_applicable,,,,benchmark_case_id;expected_result;ground_truth;label;query_text;source_file;sql_operation_category;sql_statement;vulnerability_label,,audited,stored procedure call statically detected
BenchmarkTest02171,OWASP Benchmark Java,1.2,ba2e3f9a29fa3bde6a5c073d679393c9b94f025f,src\main\java\org\owasp\benchmark\testcode\BenchmarkTest02171.java,expectedresults-1.2.csv,sqli,vulnerable,89,case_level,/sqli-04/BenchmarkTest02171,https://localhost:8443/benchmark/sqli-04/BenchmarkTest02171,POST_form,GET_delegates_to_POST,formparam,formparam,1,BenchmarkTest02171,text/html;charset=UTF-8,select_like,select;prepared_statement,read_like,execute;prepareStatement,result_rows_written,plausible_runtime_validation_required,adapter_feasible,plausible_runtime_validation_required,ADAPTER_SUPPORTED,true,true,form_parameter_adapter,submit original form parameters with deterministic values,,original case may be preserved with deterministic transport adapter; runtime boolean validation still required,proposed_schema,,true,os15-c000371,/external-v15/case-000371,candidate_id;sanitized_action_path;http_method;input_carrier;input_count_category;editable_input_count;multiple_parameters;transport_adapter_category;request_shape,benchmark_case_id;expected_result;ground_truth;label;query_text;source_file;sql_operation_category;sql_statement;vulnerability_label,"{""candidate_id"": ""os15-c000371"", ""editable_input_count"": 1, ""http_method"": ""POST_or_request_metadata"", ""input_carrier"": ""form_parameter"", ""input_count_category"": ""single"", ""multiple_parameters"": false, ""request_shape"": ""form"", ""sanitized_action_path"": ""/external-v15/case-000371"", ""transport_adapter_category"": ""form""}",audited,static source inspection completed
BenchmarkTest02172,OWASP Benchmark Java,1.2,ba2e3f9a29fa3bde6a5c073d679393c9b94f025f,src\main\java\org\owasp\benchmark\testcode\BenchmarkTest02172.java,expectedresults-1.2.csv,sqli,non_vulnerable,89,case_level,/sqli-04/BenchmarkTest02172,https://localhost:8443/benchmark/sqli-04/BenchmarkTest02172,POST_form,GET_delegates_to_POST,formparam,formparam,1,BenchmarkTest02172,text/html;charset=UTF-8,select_like,select;prepared_statement,read_like,execute;prepareStatement,result_rows_written,plausible_runtime_validation_required,adapter_feasible,plausible_runtime_validation_required,ADAPTER_SUPPORTED,true,true,form_parameter_adapter,submit original form parameters with deterministic values,,original case may be preserved with deterministic transport adapter; runtime boolean validation still required,proposed_schema,,true,os15-c000372,/external-v15/case-000372,candidate_id;sanitized_action_path;http_method;input_carrier;input_count_category;editable_input_count;multiple_parameters;transport_adapter_category;request_shape,benchmark_case_id;expected_result;ground_truth;label;query_text;source_file;sql_operation_category;sql_statement;vulnerability_label,"{""candidate_id"": ""os15-c000372"", ""editable_input_count"": 1, ""http_method"": ""POST_or_request_metadata"", ""input_carrier"": ""form_parameter"", ""input_count_category"": ""single"", ""multiple_parameters"": false, ""request_shape"": ""form"", ""sanitized_action_path"": ""/external-v15/case-000372"", ""transport_adapter_category"": ""form""}",audited,static source inspection completed
BenchmarkTest02173,OWASP Benchmark Java,1.2,ba2e3f9a29fa3bde6a5c073d679393c9b94f025f,src\main\java\org\owasp\benchmark\testcode\BenchmarkTest02173.java,expectedresults-1.2.csv,sqli,non_vulnerable,89,case_level,/sqli-04/BenchmarkTest02173,https://localhost:8443/benchmark/sqli-04/BenchmarkTest02173,GET_query,GET_delegates_to_POST,getparam+getparam+getparam,getparam,3,password;username;BenchmarkTest02173,text/html;charset=UTF-8,select_like,select;prepared_statement,read_like,execute;prepareStatement,result_rows_written,plausible_runtime_validation_required,adapter_feasible,plausible_runtime_validation_required,ADAPTER_SUPPORTED,true,true,multi_query_parameter_adapter,preserve original query parameter set and replace only the audited controllable value,,original case may be preserved with deterministic transport adapter; runtime boolean validation still required,proposed_schema,,true,os15-c000373,/external-v15/case-000373,candidate_id;sanitized_action_path;http_method;input_carrier;input_count_category;editable_input_count;multiple_parameters;transport_adapter_category;request_shape,benchmark_case_id;expected_result;ground_truth;label;query_text;source_file;sql_operation_category;sql_statement;vulnerability_label,"{""candidate_id"": ""os15-c000373"", ""editable_input_count"": 3, ""http_method"": ""GET"", ""input_carrier"": ""query_parameter"", ""input_count_category"": ""small_multi"", ""multiple_parameters"": true, ""request_shape"": ""query"", ""sanitized_action_path"": ""/external-v15/case-000373"", ""transport_adapter_category"": ""query_multi""}",audited,static source inspection completed
BenchmarkTest02174,OWASP Benchmark Java,1.2,ba2e3f9a29fa3bde6a5c073d679393c9b94f025f,src\main\java\org\owasp\benchmark\testcode\BenchmarkTest02174.java,expectedresults-1.2.csv,sqli,non_vulnerable,89,case_level,/sqli-04/BenchmarkTest02174,https://localhost:8443/benchmark/sqli-04/BenchmarkTest02174,POST_form,GET_delegates_to_POST,formparam+formparam+formparam,formparam,3,password;email;BenchmarkTest02174,text/html;charset=UTF-8,select_like,select,read_like,unknown,writer_output_detected,manual_review_required,adapter_feasible,manual_review_required,MANUAL_REVIEW,false,false,form_parameter_adapter;multi_form_parameter_adapter,submit original form parameters with deterministic values;preserve companion form parameters,read-like SQL detected but static response oracle is insufficient,read-like SQL detected but static response oracle is insufficient,not_applicable,no_ranker_candidate_for_incompatible_case,not_applicable,,,,benchmark_case_id;expected_result;ground_truth;label;query_text;source_file;sql_operation_category;sql_statement;vulnerability_label,,audited,static source inspection completed
BenchmarkTest02175,OWASP Benchmark Java,1.2,ba2e3f9a29fa3bde6a5c073d679393c9b94f025f,src\main\java\org\owasp\benchmark\testcode\BenchmarkTest02175.java,expectedresults-1.2.csv,sqli,non_vulnerable,89,case_level,/sqli-04/BenchmarkTest02175,https://localhost:8443/benchmark/sqli-04/BenchmarkTest02175,POST_form,GET_delegates_to_POST,formparam+formparam+formparam+formparam,formparam,4,productID;secure;foo;BenchmarkTest02175,text/html;charset=UTF-8,select_like,select,read_like,execute,writer_output_detected,manual_review_required,adapter_feasible,manual_review_required,MANUAL_REVIEW,false,false,form_parameter_adapter;multi_form_parameter_adapter,submit original form parameters with deterministic values;preserve companion form parameters,read-like SQL detected but static response oracle is insufficient,read-like SQL detected but static response oracle is insufficient,not_applicable,no_ranker_candidate_for_incompatible_case,not_applicable,,,,benchmark_case_id;expected_result;ground_truth;label;query_text;source_file;sql_operation_category;sql_statement;vulnerability_label,,audited,static source inspection completed
BenchmarkTest02176,OWASP Benchmark Java,1.2,ba2e3f9a29fa3bde6a5c073d679393c9b94f025f,src\main\java\org\owasp\benchmark\testcode\BenchmarkTest02176.java,expectedresults-1.2.csv,sqli,non_vulnerable,89,case_level,/sqli-04/BenchmarkTest02176,https://localhost:8443/benchmark/sqli-04/BenchmarkTest02176,POST_form,GET_delegates_to_POST,formparam,formparam,1,BenchmarkTest02176,text/html;charset=UTF-8,select_like,select,read_like,execute,writer_output_detected,manual_review_required,adapter_feasible,manual_review_required,MANUAL_REVIEW,false,false,form_parameter_adapter,submit original form parameters with deterministic values,read-like SQL detected but static response oracle is insufficient,read-like SQL detected but static response oracle is insufficient,not_applicable,no_ranker_candidate_for_incompatible_case,not_applicable,,,,benchmark_case_id;expected_result;ground_truth;label;query_text;source_file;sql_operation_category;sql_statement;vulnerability_label,,audited,static source inspection completed
BenchmarkTest02177,OWASP Benchmark Java,1.2,ba2e3f9a29fa3bde6a5c073d679393c9b94f025f,src\main\java\org\owasp\benchmark\testcode\BenchmarkTest02177.java,expectedresults-1.2.csv,sqli,vulnerable,89,case_level,/sqli-04/BenchmarkTest02177,https://localhost:8443/benchmark/sqli-04/BenchmarkTest02177,POST_form,GET_delegates_to_POST,formparam,formparam,1,BenchmarkTest02177,text/html;charset=UTF-8,select_like,select,read_like,unknown,writer_output_detected,manual_review_required,adapter_feasible,manual_review_required,MANUAL_REVIEW,false,false,form_parameter_adapter,submit original form parameters with deterministic values,read-like SQL detected but static response oracle is insufficient,read-like SQL detected but static response oracle is insufficient,not_applicable,no_ranker_candidate_for_incompatible_case,not_applicable,,,,benchmark_case_id;expected_result;ground_truth;label;query_text;source_file;sql_operation_category;sql_statement;vulnerability_label,,audited,static source inspection completed
BenchmarkTest02178,OWASP Benchmark Java,1.2,ba2e3f9a29fa3bde6a5c073d679393c9b94f025f,src\main\java\org\owasp\benchmark\testcode\BenchmarkTest02178.java,expectedresults-1.2.csv,sqli,vulnerable,89,case_level,/sqli-04/BenchmarkTest02178,https://localhost:8443/benchmark/sqli-04/BenchmarkTest02178,GET_query,GET_delegates_to_POST,getparam+getparam+getparam,getparam,3,password;username;BenchmarkTest02178,text/html;charset=UTF-8,select_like,select,read_like,unknown,writer_output_detected,manual_review_required,adapter_feasible,manual_review_required,MANUAL_REVIEW,false,false,multi_query_parameter_adapter,preserve original query parameter set and replace only the audited controllable value,read-like SQL detected but static response oracle is insufficient,read-like SQL detected but static response oracle is insufficient,not_applicable,no_ranker_candidate_for_incompatible_case,not_applicable,,,,benchmark_case_id;expected_result;ground_truth;label;query_text;source_file;sql_operation_category;sql_statement;vulnerability_label,,audited,static source inspection completed
BenchmarkTest02179,OWASP Benchmark Java,1.2,ba2e3f9a29fa3bde6a5c073d679393c9b94f025f,src\main\java\org\owasp\benchmark\testcode\BenchmarkTest02179.java,expectedresults-1.2.csv,sqli,vulnerable,89,case_level,/sqli-04/BenchmarkTest02179,https://localhost:8443/benchmark/sqli-04/BenchmarkTest02179,POST_form,GET_delegates_to_POST,formparam+formparam+formparam,formparam,3,password;email;BenchmarkTest02179,text/html;charset=UTF-8,select_like,select,read_like,unknown,writer_output_detected,manual_review_required,adapter_feasible,manual_review_required,MANUAL_REVIEW,false,false,form_parameter_adapter;multi_form_parameter_adapter,submit original form parameters with deterministic values;preserve companion form parameters,read-like SQL detected but static response oracle is insufficient,read-like SQL detected but static response oracle is insufficient,not_applicable,no_ranker_candidate_for_incompatible_case,not_applicable,,,,benchmark_case_id;expected_result;ground_truth;label;query_text;source_file;sql_operation_category;sql_statement;vulnerability_label,,audited,static source inspection completed
BenchmarkTest02180,OWASP Benchmark Java,1.2,ba2e3f9a29fa3bde6a5c073d679393c9b94f025f,src\main\java\org\owasp\benchmark\testcode\BenchmarkTest02180.java,expectedresults-1.2.csv,sqli,non_vulnerable,89,case_level,/sqli-04/BenchmarkTest02180,https://localhost:8443/benchmark/sqli-04/BenchmarkTest02180,POST_form,GET_delegates_to_POST,formparam+formparam+formparam+formparam,formparam,4,productID;secure;foo;BenchmarkTest02180,text/html;charset=UTF-8,select_like,select,read_like,unknown,writer_output_detected,manual_review_required,adapter_feasible,manual_review_required,MANUAL_REVIEW,false,false,form_parameter_adapter;multi_form_parameter_adapter,submit original form parameters with deterministic values;preserve companion form parameters,read-like SQL detected but static response oracle is insufficient,read-like SQL detected but static response oracle is insufficient,not_applicable,no_ranker_candidate_for_incompatible_case,not_applicable,,,,benchmark_case_id;expected_result;ground_truth;label;query_text;source_file;sql_operation_category;sql_statement;vulnerability_label,,audited,static source inspection completed
BenchmarkTest02181,OWASP Benchmark Java,1.2,ba2e3f9a29fa3bde6a5c073d679393c9b94f025f,src\main\java\org\owasp\benchmark\testcode\BenchmarkTest02181.java,expectedresults-1.2.csv,sqli,vulnerable,89,case_level,/sqli-04/BenchmarkTest02181,https://localhost:8443/benchmark/sqli-04/BenchmarkTest02181,POST_form,GET_delegates_to_POST,formparam,formparam,1,BenchmarkTest02181,text/html;charset=UTF-8,select_like,select,read_like,unknown,writer_output_detected,manual_review_required,adapter_feasible,manual_review_required,MANUAL_REVIEW,false,false,form_parameter_adapter,submit original form parameters with deterministic values,read-like SQL detected but static response oracle is insufficient,read-like SQL detected but static response oracle is insufficient,not_applicable,no_ranker_candidate_for_incompatible_case,not_applicable,,,,benchmark_case_id;expected_result;ground_truth;label;query_text;source_file;sql_operation_category;sql_statement;vulnerability_label,,audited,static source inspection completed
BenchmarkTest02182,OWASP Benchmark Java,1.2,ba2e3f9a29fa3bde6a5c073d679393c9b94f025f,src\main\java\org\owasp\benchmark\testcode\BenchmarkTest02182.java,expectedresults-1.2.csv,sqli,vulnerable,89,case_level,/sqli-04/BenchmarkTest02182,https://localhost:8443/benchmark/sqli-04/BenchmarkTest02182,POST_form,GET_delegates_to_POST,formparam,formparam,1,BenchmarkTest02182,text/html;charset=UTF-8,select_like,select,read_like,unknown,writer_output_detected,manual_review_required,adapter_feasible,manual_review_required,MANUAL_REVIEW,false,false,form_parameter_adapter,submit original form parameters with deterministic values,read-like SQL detected but static response oracle is insufficient,read-like SQL detected but static response oracle is insufficient,not_applicable,no_ranker_candidate_for_incompatible_case,not_applicable,,,,benchmark_case_id;expected_result;ground_truth;label;query_text;source_file;sql_operation_category;sql_statement;vulnerability_label,,audited,static source inspection completed
BenchmarkTest02183,OWASP Benchmark Java,1.2,ba2e3f9a29fa3bde6a5c073d679393c9b94f025f,src\main\java\org\owasp\benchmark\testcode\BenchmarkTest02183.java,expectedresults-1.2.csv,sqli,non_vulnerable,89,case_level,/sqli-04/BenchmarkTest02183,https://localhost:8443/benchmark/sqli-04/BenchmarkTest02183,GET_query,GET_delegates_to_POST,getparam+getparam+getparam,getparam,3,password;username;BenchmarkTest02183,text/html;charset=UTF-8,select_like,select,read_like,unknown,writer_output_detected,manual_review_required,adapter_feasible,manual_review_required,MANUAL_REVIEW,false,false,multi_query_parameter_adapter,preserve original query parameter set and replace only the audited controllable value,read-like SQL detected but static response oracle is insufficient,read-like SQL detected but static response oracle is insufficient,not_applicable,no_ranker_candidate_for_incompatible_case,not_applicable,,,,benchmark_case_id;expected_result;ground_truth;label;query_text;source_file;sql_operation_category;sql_statement;vulnerability_label,,audited,static source inspection completed
BenchmarkTest02184,OWASP Benchmark Java,1.2,ba2e3f9a29fa3bde6a5c073d679393c9b94f025f,src\main\java\org\owasp\benchmark\testcode\BenchmarkTest02184.java,expectedresults-1.2.csv,sqli,non_vulnerable,89,case_level,/sqli-04/BenchmarkTest02184,https://localhost:8443/benchmark/sqli-04/BenchmarkTest02184,POST_form,GET_delegates_to_POST,formparam+formparam+formparam,formparam,3,password;email;BenchmarkTest02184,text/html;charset=UTF-8,select_like,select,read_like,unknown,result_rows_written,plausible_runtime_validation_required,adapter_feasible,plausible_runtime_validation_required,ADAPTER_SUPPORTED,true,true,form_parameter_adapter;multi_form_parameter_adapter,submit original form parameters with deterministic values;preserve companion form parameters,,original case may be preserved with deterministic transport adapter; runtime boolean validation still required,proposed_schema,,true,os15-c000384,/external-v15/case-000384,candidate_id;sanitized_action_path;http_method;input_carrier;input_count_category;editable_input_count;multiple_parameters;transport_adapter_category;request_shape,benchmark_case_id;expected_result;ground_truth;label;query_text;source_file;sql_operation_category;sql_statement;vulnerability_label,"{""candidate_id"": ""os15-c000384"", ""editable_input_count"": 3, ""http_method"": ""POST_or_request_metadata"", ""input_carrier"": ""form_parameter"", ""input_count_category"": ""small_multi"", ""multiple_parameters"": true, ""request_shape"": ""form"", ""sanitized_action_path"": ""/external-v15/case-000384"", ""transport_adapter_category"": ""form""}",audited,static source inspection completed
BenchmarkTest02185,OWASP Benchmark Java,1.2,ba2e3f9a29fa3bde6a5c073d679393c9b94f025f,src\main\java\org\owasp\benchmark\testcode\BenchmarkTest02185.java,expectedresults-1.2.csv,sqli,non_vulnerable,89,case_level,/sqli-04/BenchmarkTest02185,https://localhost:8443/benchmark/sqli-04/BenchmarkTest02185,POST_form,GET_delegates_to_POST,formparam+formparam+formparam+formparam,formparam,4,productID;secure;foo;BenchmarkTest02185,text/html;charset=UTF-8,select_like,select,read_like,unknown,result_rows_written,plausible_runtime_validation_required,adapter_feasible,plausible_runtime_validation_required,ADAPTER_SUPPORTED,true,true,form_parameter_adapter;multi_form_parameter_adapter,submit original form parameters with deterministic values;preserve companion form parameters,,original case may be preserved with deterministic transport adapter; runtime boolean validation still required,proposed_schema,,true,os15-c000385,/external-v15/case-000385,candidate_id;sanitized_action_path;http_method;input_carrier;input_count_category;editable_input_count;multiple_parameters;transport_adapter_category;request_shape,benchmark_case_id;expected_result;ground_truth;label;query_text;source_file;sql_operation_category;sql_statement;vulnerability_label,"{""candidate_id"": ""os15-c000385"", ""editable_input_count"": 4, ""http_method"": ""POST_or_request_metadata"", ""input_carrier"": ""form_parameter"", ""input_count_category"": ""larger_multi"", ""multiple_parameters"": true, ""request_shape"": ""form"", ""sanitized_action_path"": ""/external-v15/case-000385"", ""transport_adapter_category"": ""form""}",audited,static source inspection completed
BenchmarkTest02186,OWASP Benchmark Java,1.2,ba2e3f9a29fa3bde6a5c073d679393c9b94f025f,src\main\java\org\owasp\benchmark\testcode\BenchmarkTest02186.java,expectedresults-1.2.csv,sqli,vulnerable,89,case_level,/sqli-04/BenchmarkTest02186,https://localhost:8443/benchmark/sqli-04/BenchmarkTest02186,POST_form,GET_delegates_to_POST,formparam,formparam,1,BenchmarkTest02186,text/html;charset=UTF-8,select_like,select,read_like,execute,result_rows_written,plausible_runtime_validation_required,adapter_feasible,plausible_runtime_validation_required,ADAPTER_SUPPORTED,true,true,form_parameter_adapter,submit original form parameters with deterministic values,,original case may be preserved with deterministic transport adapter; runtime boolean validation still required,proposed_schema,,true,os15-c000386,/external-v15/case-000386,candidate_id;sanitized_action_path;http_method;input_carrier;input_count_category;editable_input_count;multiple_parameters;transport_adapter_category;request_shape,benchmark_case_id;expected_result;ground_truth;label;query_text;source_file;sql_operation_category;sql_statement;vulnerability_label,"{""candidate_id"": ""os15-c000386"", ""editable_input_count"": 1, ""http_method"": ""POST_or_request_metadata"", ""input_carrier"": ""form_parameter"", ""input_count_category"": ""single"", ""multiple_parameters"": false, ""request_shape"": ""form"", ""sanitized_action_path"": ""/external-v15/case-000386"", ""transport_adapter_category"": ""form""}",audited,static source inspection completed
BenchmarkTest02187,OWASP Benchmark Java,1.2,ba2e3f9a29fa3bde6a5c073d679393c9b94f025f,src\main\java\org\owasp\benchmark\testcode\BenchmarkTest02187.java,expectedresults-1.2.csv,sqli,vulnerable,89,case_level,/sqli-04/BenchmarkTest02187,https://localhost:8443/benchmark/sqli-04/BenchmarkTest02187,POST_form,GET_delegates_to_POST,formparam,formparam,1,BenchmarkTest02187,text/html;charset=UTF-8,select_like,select,read_like,execute,result_rows_written,plausible_runtime_validation_required,adapter_feasible,plausible_runtime_validation_required,ADAPTER_SUPPORTED,true,true,form_parameter_adapter,submit original form parameters with deterministic values,,original case may be preserved with deterministic transport adapter; runtime boolean validation still required,proposed_schema,,true,os15-c000387,/external-v15/case-000387,candidate_id;sanitized_action_path;http_method;input_carrier;input_count_category;editable_input_count;multiple_parameters;transport_adapter_category;request_shape,benchmark_case_id;expected_result;ground_truth;label;query_text;source_file;sql_operation_category;sql_statement;vulnerability_label,"{""candidate_id"": ""os15-c000387"", ""editable_input_count"": 1, ""http_method"": ""POST_or_request_metadata"", ""input_carrier"": ""form_parameter"", ""input_count_category"": ""single"", ""multiple_parameters"": false, ""request_shape"": ""form"", ""sanitized_action_path"": ""/external-v15/case-000387"", ""transport_adapter_category"": ""form""}",audited,static source inspection completed
BenchmarkTest02188,OWASP Benchmark Java,1.2,ba2e3f9a29fa3bde6a5c073d679393c9b94f025f,src\main\java\org\owasp\benchmark\testcode\BenchmarkTest02188.java,expectedresults-1.2.csv,sqli,non_vulnerable,89,case_level,/sqli-04/BenchmarkTest02188,https://localhost:8443/benchmark/sqli-04/BenchmarkTest02188,GET_query,GET_delegates_to_POST,getparam+getparam+getparam,getparam,3,password;username;BenchmarkTest02188,text/html;charset=UTF-8,select_like,select;execute_query,read_like,executeQuery,result_rows_written,plausible_runtime_validation_required,adapter_feasible,plausible_runtime_validation_required,ADAPTER_SUPPORTED,true,true,multi_query_parameter_adapter,preserve original query parameter set and replace only the audited controllable value,,original case may be preserved with deterministic transport adapter; runtime boolean validation still required,proposed_schema,,true,os15-c000388,/external-v15/case-000388,candidate_id;sanitized_action_path;http_method;input_carrier;input_count_category;editable_input_count;multiple_parameters;transport_adapter_category;request_shape,benchmark_case_id;expected_result;ground_truth;label;query_text;source_file;sql_operation_category;sql_statement;vulnerability_label,"{""candidate_id"": ""os15-c000388"", ""editable_input_count"": 3, ""http_method"": ""GET"", ""input_carrier"": ""query_parameter"", ""input_count_category"": ""small_multi"", ""multiple_parameters"": true, ""request_shape"": ""query"", ""sanitized_action_path"": ""/external-v15/case-000388"", ""transport_adapter_category"": ""query_multi""}",audited,static source inspection completed
BenchmarkTest02264,OWASP Benchmark Java,1.2,ba2e3f9a29fa3bde6a5c073d679393c9b94f025f,src\main\java\org\owasp\benchmark\testcode\BenchmarkTest02264.java,expectedresults-1.2.csv,sqli,vulnerable,89,case_level,/sqli-04/BenchmarkTest02264,https://localhost:8443/benchmark/sqli-04/BenchmarkTest02264,POST_form,GET_delegates_to_POST,formparam+formparam+formparam,formparam,3,password;email;BenchmarkTest02264,text/html;charset=UTF-8,stored_procedure,stored_procedure;execute_query,stored_procedure_ambiguous,executeQuery;prepareCall,result_rows_written,not_applicable_stored_procedure_ambiguous,adapter_feasible,not_applicable_stored_procedure_ambiguous,EXCLUDED,false,false,form_parameter_adapter;multi_form_parameter_adapter,submit original form parameters with deterministic values;preserve companion form parameters,stored procedure behavior cannot be assumed read-only by static audit,stored procedure behavior cannot be assumed read-only by static audit,not_applicable,no_ranker_candidate_for_incompatible_case,not_applicable,,,,benchmark_case_id;expected_result;ground_truth;label;query_text;source_file;sql_operation_category;sql_statement;vulnerability_label,,audited,stored procedure call statically detected
BenchmarkTest02265,OWASP Benchmark Java,1.2,ba2e3f9a29fa3bde6a5c073d679393c9b94f025f,src\main\java\org\owasp\benchmark\testcode\BenchmarkTest02265.java,expectedresults-1.2.csv,sqli,non_vulnerable,89,case_level,/sqli-04/BenchmarkTest02265,https://localhost:8443/benchmark/sqli-04/BenchmarkTest02265,POST_form,GET_delegates_to_POST,formparam+formparam+formparam+formparam,formparam,4,productID;secure;foo;BenchmarkTest02265,text/html;charset=UTF-8,stored_procedure,stored_procedure;execute_query,stored_procedure_ambiguous,executeQuery;prepareCall,result_rows_written,not_applicable_stored_procedure_ambiguous,adapter_feasible,not_applicable_stored_procedure_ambiguous,EXCLUDED,false,false,form_parameter_adapter;multi_form_parameter_adapter,submit original form parameters with deterministic values;preserve companion form parameters,stored procedure behavior cannot be assumed read-only by static audit,stored procedure behavior cannot be assumed read-only by static audit,not_applicable,no_ranker_candidate_for_incompatible_case,not_applicable,,,,benchmark_case_id;expected_result;ground_truth;label;query_text;source_file;sql_operation_category;sql_statement;vulnerability_label,,audited,stored procedure call statically detected
BenchmarkTest02266,OWASP Benchmark Java,1.2,ba2e3f9a29fa3bde6a5c073d679393c9b94f025f,src\main\java\org\owasp\benchmark\testcode\BenchmarkTest02266.java,expectedresults-1.2.csv,sqli,non_vulnerable,89,case_level,/sqli-04/BenchmarkTest02266,https://localhost:8443/benchmark/sqli-04/BenchmarkTest02266,POST_form,GET_delegates_to_POST,formparam,formparam,1,BenchmarkTest02266,text/html;charset=UTF-8,stored_procedure,stored_procedure;execute_query,stored_procedure_ambiguous,executeQuery;prepareCall,result_rows_written,not_applicable_stored_procedure_ambiguous,adapter_feasible,not_applicable_stored_procedure_ambiguous,EXCLUDED,false,false,form_parameter_adapter,submit original form parameters with deterministic values,stored procedure behavior cannot be assumed read-only by static audit,stored procedure behavior cannot be assumed read-only by static audit,not_applicable,no_ranker_candidate_for_incompatible_case,not_applicable,,,,benchmark_case_id;expected_result;ground_truth;label;query_text;source_file;sql_operation_category;sql_statement;vulnerability_label,,audited,stored procedure call statically detected
BenchmarkTest02267,OWASP Benchmark Java,1.2,ba2e3f9a29fa3bde6a5c073d679393c9b94f025f,src\main\java\org\owasp\benchmark\testcode\BenchmarkTest02267.java,expectedresults-1.2.csv,sqli,non_vulnerable,89,case_level,/sqli-04/BenchmarkTest02267,https://localhost:8443/benchmark/sqli-04/BenchmarkTest02267,POST_form,GET_delegates_to_POST,formparam,formparam,1,BenchmarkTest02267,text/html;charset=UTF-8,select_like,select;prepared_statement,read_like,execute;prepareStatement,result_rows_written,plausible_runtime_validation_required,adapter_feasible,plausible_runtime_validation_required,ADAPTER_SUPPORTED,true,true,form_parameter_adapter,submit original form parameters with deterministic values,,original case may be preserved with deterministic transport adapter; runtime boolean validation still required,proposed_schema,,true,os15-c000392,/external-v15/case-000392,candidate_id;sanitized_action_path;http_method;input_carrier;input_count_category;editable_input_count;multiple_parameters;transport_adapter_category;request_shape,benchmark_case_id;expected_result;ground_truth;label;query_text;source_file;sql_operation_category;sql_statement;vulnerability_label,"{""candidate_id"": ""os15-c000392"", ""editable_input_count"": 1, ""http_method"": ""POST_or_request_metadata"", ""input_carrier"": ""form_parameter"", ""input_count_category"": ""single"", ""multiple_parameters"": false, ""request_shape"": ""form"", ""sanitized_action_path"": ""/external-v15/case-000392"", ""transport_adapter_category"": ""form""}",audited,static source inspection completed
BenchmarkTest02268,OWASP Benchmark Java,1.2,ba2e3f9a29fa3bde6a5c073d679393c9b94f025f,src\main\java\org\owasp\benchmark\testcode\BenchmarkTest02268.java,expectedresults-1.2.csv,sqli,non_vulnerable,89,case_level,/sqli-04/BenchmarkTest02268,https://localhost:8443/benchmark/sqli-04/BenchmarkTest02268,GET_query,GET_delegates_to_POST,getparam+getparam+getparam,getparam,3,password;username;BenchmarkTest02268,text/html;charset=UTF-8,select_like,select;prepared_statement,read_like,execute;prepareStatement,result_rows_written,plausible_runtime_validation_required,adapter_feasible,plausible_runtime_validation_required,ADAPTER_SUPPORTED,true,true,multi_query_parameter_adapter,preserve original query parameter set and replace only the audited controllable value,,original case may be preserved with deterministic transport adapter; runtime boolean validation still required,proposed_schema,,true,os15-c000393,/external-v15/case-000393,candidate_id;sanitized_action_path;http_method;input_carrier;input_count_category;editable_input_count;multiple_parameters;transport_adapter_category;request_shape,benchmark_case_id;expected_result;ground_truth;label;query_text;source_file;sql_operation_category;sql_statement;vulnerability_label,"{""candidate_id"": ""os15-c000393"", ""editable_input_count"": 3, ""http_method"": ""GET"", ""input_carrier"": ""query_parameter"", ""input_count_category"": ""small_multi"", ""multiple_parameters"": true, ""request_shape"": ""query"", ""sanitized_action_path"": ""/external-v15/case-000393"", ""transport_adapter_category"": ""query_multi""}",audited,static source inspection completed
BenchmarkTest02269,OWASP Benchmark Java,1.2,ba2e3f9a29fa3bde6a5c073d679393c9b94f025f,src\main\java\org\owasp\benchmark\testcode\BenchmarkTest02269.java,expectedresults-1.2.csv,sqli,vulnerable,89,case_level,/sqli-04/BenchmarkTest02269,https://localhost:8443/benchmark/sqli-04/BenchmarkTest02269,POST_form,GET_delegates_to_POST,formparam+formparam+formparam,formparam,3,password;email;BenchmarkTest02269,text/html;charset=UTF-8,select_like,select;prepared_statement,read_like,execute;prepareStatement,result_rows_written,plausible_runtime_validation_required,adapter_feasible,plausible_runtime_validation_required,ADAPTER_SUPPORTED,true,true,form_parameter_adapter;multi_form_parameter_adapter,submit original form parameters with deterministic values;preserve companion form parameters,,original case may be preserved with deterministic transport adapter; runtime boolean validation still required,proposed_schema,,true,os15-c000394,/external-v15/case-000394,candidate_id;sanitized_action_path;http_method;input_carrier;input_count_category;editable_input_count;multiple_parameters;transport_adapter_category;request_shape,benchmark_case_id;expected_result;ground_truth;label;query_text;source_file;sql_operation_category;sql_statement;vulnerability_label,"{""candidate_id"": ""os15-c000394"", ""editable_input_count"": 3, ""http_method"": ""POST_or_request_metadata"", ""input_carrier"": ""form_parameter"", ""input_count_category"": ""small_multi"", ""multiple_parameters"": true, ""request_shape"": ""form"", ""sanitized_action_path"": ""/external-v15/case-000394"", ""transport_adapter_category"": ""form""}",audited,static source inspection completed
BenchmarkTest02270,OWASP Benchmark Java,1.2,ba2e3f9a29fa3bde6a5c073d679393c9b94f025f,src\main\java\org\owasp\benchmark\testcode\BenchmarkTest02270.java,expectedresults-1.2.csv,sqli,vulnerable,89,case_level,/sqli-04/BenchmarkTest02270,https://localhost:8443/benchmark/sqli-04/BenchmarkTest02270,POST_form,GET_delegates_to_POST,formparam+formparam+formparam+formparam,formparam,4,productID;secure;foo;BenchmarkTest02270,text/html;charset=UTF-8,select_like,select;prepared_statement,read_like,execute;prepareStatement,result_rows_written,plausible_runtime_validation_required,adapter_feasible,plausible_runtime_validation_required,ADAPTER_SUPPORTED,true,true,form_parameter_adapter;multi_form_parameter_adapter,submit original form parameters with deterministic values;preserve companion form parameters,,original case may be preserved with deterministic transport adapter; runtime boolean validation still required,proposed_schema,,true,os15-c000395,/external-v15/case-000395,candidate_id;sanitized_action_path;http_method;input_carrier;input_count_category;editable_input_count;multiple_parameters;transport_adapter_category;request_shape,benchmark_case_id;expected_result;ground_truth;label;query_text;source_file;sql_operation_category;sql_statement;vulnerability_label,"{""candidate_id"": ""os15-c000395"", ""editable_input_count"": 4, ""http_method"": ""POST_or_request_metadata"", ""input_carrier"": ""form_parameter"", ""input_count_category"": ""larger_multi"", ""multiple_parameters"": true, ""request_shape"": ""form"", ""sanitized_action_path"": ""/external-v15/case-000395"", ""transport_adapter_category"": ""form""}",audited,static source inspection completed
BenchmarkTest02271,OWASP Benchmark Java,1.2,ba2e3f9a29fa3bde6a5c073d679393c9b94f025f,src\main\java\org\owasp\benchmark\testcode\BenchmarkTest02271.java,expectedresults-1.2.csv,sqli,non_vulnerable,89,case_level,/sqli-04/BenchmarkTest02271,https://localhost:8443/benchmark/sqli-04/BenchmarkTest02271,POST_form,GET_delegates_to_POST,formparam,formparam,1,BenchmarkTest02271,text/html;charset=UTF-8,select_like,select;prepared_statement,read_like,execute;prepareStatement,result_rows_written,plausible_runtime_validation_required,adapter_feasible,plausible_runtime_validation_required,ADAPTER_SUPPORTED,true,true,form_parameter_adapter,submit original form parameters with deterministic values,,original case may be preserved with deterministic transport adapter; runtime boolean validation still required,proposed_schema,,true,os15-c000396,/external-v15/case-000396,candidate_id;sanitized_action_path;http_method;input_carrier;input_count_category;editable_input_count;multiple_parameters;transport_adapter_category;request_shape,benchmark_case_id;expected_result;ground_truth;label;query_text;source_file;sql_operation_category;sql_statement;vulnerability_label,"{""candidate_id"": ""os15-c000396"", ""editable_input_count"": 1, ""http_method"": ""POST_or_request_metadata"", ""input_carrier"": ""form_parameter"", ""input_count_category"": ""single"", ""multiple_parameters"": false, ""request_shape"": ""form"", ""sanitized_action_path"": ""/external-v15/case-000396"", ""transport_adapter_category"": ""form""}",audited,static source inspection completed
BenchmarkTest02272,OWASP Benchmark Java,1.2,ba2e3f9a29fa3bde6a5c073d679393c9b94f025f,src\main\java\org\owasp\benchmark\testcode\BenchmarkTest02272.java,expectedresults-1.2.csv,sqli,vulnerable,89,case_level,/sqli-04/BenchmarkTest02272,https://localhost:8443/benchmark/sqli-04/BenchmarkTest02272,POST_form,GET_delegates_to_POST,formparam,formparam,1,BenchmarkTest02272,text/html;charset=UTF-8,select_like,select,read_like,unknown,writer_output_detected,manual_review_required,adapter_feasible,manual_review_required,MANUAL_REVIEW,false,false,form_parameter_adapter,submit original form parameters with deterministic values,read-like SQL detected but static response oracle is insufficient,read-like SQL detected but static response oracle is insufficient,not_applicable,no_ranker_candidate_for_incompatible_case,not_applicable,,,,benchmark_case_id;expected_result;ground_truth;label;query_text;source_file;sql_operation_category;sql_statement;vulnerability_label,,audited,static source inspection completed
BenchmarkTest02273,OWASP Benchmark Java,1.2,ba2e3f9a29fa3bde6a5c073d679393c9b94f025f,src\main\java\org\owasp\benchmark\testcode\BenchmarkTest02273.java,expectedresults-1.2.csv,sqli,vulnerable,89,case_level,/sqli-04/BenchmarkTest02273,https://localhost:8443/benchmark/sqli-04/BenchmarkTest02273,GET_query,GET_delegates_to_POST,getparam+getparam+getparam,getparam,3,password;username;BenchmarkTest02273,text/html;charset=UTF-8,select_like,select,read_like,unknown,writer_output_detected,manual_review_required,adapter_feasible,manual_review_required,MANUAL_REVIEW,false,false,multi_query_parameter_adapter,preserve original query parameter set and replace only the audited controllable value,read-like SQL detected but static response oracle is insufficient,read-like SQL detected but static response oracle is insufficient,not_applicable,no_ranker_candidate_for_incompatible_case,not_applicable,,,,benchmark_case_id;expected_result;ground_truth;label;query_text;source_file;sql_operation_category;sql_statement;vulnerability_label,,audited,static source inspection completed
BenchmarkTest02274,OWASP Benchmark Java,1.2,ba2e3f9a29fa3bde6a5c073d679393c9b94f025f,src\main\java\org\owasp\benchmark\testcode\BenchmarkTest02274.java,expectedresults-1.2.csv,sqli,non_vulnerable,89,case_level,/sqli-04/BenchmarkTest02274,https://localhost:8443/benchmark/sqli-04/BenchmarkTest02274,POST_form,GET_delegates_to_POST,formparam+formparam+formparam,formparam,3,password;email;BenchmarkTest02274,text/html;charset=UTF-8,select_like,select,read_like,unknown,writer_output_detected,manual_review_required,adapter_feasible,manual_review_required,MANUAL_REVIEW,false,false,form_parameter_adapter;multi_form_parameter_adapter,submit original form parameters with deterministic values;preserve companion form parameters,read-like SQL detected but static response oracle is insufficient,read-like SQL detected but static response oracle is insufficient,not_applicable,no_ranker_candidate_for_incompatible_case,not_applicable,,,,benchmark_case_id;expected_result;ground_truth;label;query_text;source_file;sql_operation_category;sql_statement;vulnerability_label,,audited,static source inspection completed
BenchmarkTest02275,OWASP Benchmark Java,1.2,ba2e3f9a29fa3bde6a5c073d679393c9b94f025f,src\main\java\org\owasp\benchmark\testcode\BenchmarkTest02275.java,expectedresults-1.2.csv,sqli,vulnerable,89,case_level,/sqli-04/BenchmarkTest02275,https://localhost:8443/benchmark/sqli-04/BenchmarkTest02275,POST_form,GET_delegates_to_POST,formparam+formparam+formparam+formparam,formparam,4,productID;secure;foo;BenchmarkTest02275,text/html;charset=UTF-8,select_like,select,read_like,unknown,writer_output_detected,manual_review_required,adapter_feasible,manual_review_required,MANUAL_REVIEW,false,false,form_parameter_adapter;multi_form_parameter_adapter,submit original form parameters with deterministic values;preserve companion form parameters,read-like SQL detected but static response oracle is insufficient,read-like SQL detected but static response oracle is insufficient,not_applicable,no_ranker_candidate_for_incompatible_case,not_applicable,,,,benchmark_case_id;expected_result;ground_truth;label;query_text;source_file;sql_operation_category;sql_statement;vulnerability_label,,audited,static source inspection completed
BenchmarkTest02276,OWASP Benchmark Java,1.2,ba2e3f9a29fa3bde6a5c073d679393c9b94f025f,src\main\java\org\owasp\benchmark\testcode\BenchmarkTest02276.java,expectedresults-1.2.csv,sqli,non_vulnerable,89,case_level,/sqli-05/BenchmarkTest02276,https://localhost:8443/benchmark/sqli-05/BenchmarkTest02276,POST_form,GET_delegates_to_POST,formparam,formparam,1,BenchmarkTest02276,text/html;charset=UTF-8,select_like,select,read_like,unknown,writer_output_detected,manual_review_required,adapter_feasible,manual_review_required,MANUAL_REVIEW,false,false,form_parameter_adapter,submit original form parameters with deterministic values,read-like SQL detected but static response oracle is insufficient,read-like SQL detected but static response oracle is insufficient,not_applicable,no_ranker_candidate_for_incompatible_case,not_applicable,,,,benchmark_case_id;expected_result;ground_truth;label;query_text;source_file;sql_operation_category;sql_statement;vulnerability_label,,audited,static source inspection completed
BenchmarkTest02277,OWASP Benchmark Java,1.2,ba2e3f9a29fa3bde6a5c073d679393c9b94f025f,src\main\java\org\owasp\benchmark\testcode\BenchmarkTest02277.java,expectedresults-1.2.csv,sqli,vulnerable,89,case_level,/sqli-05/BenchmarkTest02277,https://localhost:8443/benchmark/sqli-05/BenchmarkTest02277,POST_form,GET_delegates_to_POST,formparam,formparam,1,BenchmarkTest02277,text/html;charset=UTF-8,select_like,select,read_like,unknown,writer_output_detected,manual_review_required,adapter_feasible,manual_review_required,MANUAL_REVIEW,false,false,form_parameter_adapter,submit original form parameters with deterministic values,read-like SQL detected but static response oracle is insufficient,read-like SQL detected but static response oracle is insufficient,not_applicable,no_ranker_candidate_for_incompatible_case,not_applicable,,,,benchmark_case_id;expected_result;ground_truth;label;query_text;source_file;sql_operation_category;sql_statement;vulnerability_label,,audited,static source inspection completed
BenchmarkTest02278,OWASP Benchmark Java,1.2,ba2e3f9a29fa3bde6a5c073d679393c9b94f025f,src\main\java\org\owasp\benchmark\testcode\BenchmarkTest02278.java,expectedresults-1.2.csv,sqli,non_vulnerable,89,case_level,/sqli-05/BenchmarkTest02278,https://localhost:8443/benchmark/sqli-05/BenchmarkTest02278,GET_query,GET_delegates_to_POST,getparam+getparam+getparam,getparam,3,password;username;BenchmarkTest02278,text/html;charset=UTF-8,select_like,select,read_like,unknown,writer_output_detected,manual_review_required,adapter_feasible,manual_review_required,MANUAL_REVIEW,false,false,multi_query_parameter_adapter,preserve original query parameter set and replace only the audited controllable value,read-like SQL detected but static response oracle is insufficient,read-like SQL detected but static response oracle is insufficient,not_applicable,no_ranker_candidate_for_incompatible_case,not_applicable,,,,benchmark_case_id;expected_result;ground_truth;label;query_text;source_file;sql_operation_category;sql_statement;vulnerability_label,,audited,static source inspection completed
BenchmarkTest02279,OWASP Benchmark Java,1.2,ba2e3f9a29fa3bde6a5c073d679393c9b94f025f,src\main\java\org\owasp\benchmark\testcode\BenchmarkTest02279.java,expectedresults-1.2.csv,sqli,non_vulnerable,89,case_level,/sqli-05/BenchmarkTest02279,https://localhost:8443/benchmark/sqli-05/BenchmarkTest02279,POST_form,GET_delegates_to_POST,formparam+formparam+formparam,formparam,3,password;email;BenchmarkTest02279,text/html;charset=UTF-8,select_like,select,read_like,unknown,writer_output_detected,manual_review_required,adapter_feasible,manual_review_required,MANUAL_REVIEW,false,false,form_parameter_adapter;multi_form_parameter_adapter,submit original form parameters with deterministic values;preserve companion form parameters,read-like SQL detected but static response oracle is insufficient,read-like SQL detected but static response oracle is insufficient,not_applicable,no_ranker_candidate_for_incompatible_case,not_applicable,,,,benchmark_case_id;expected_result;ground_truth;label;query_text;source_file;sql_operation_category;sql_statement;vulnerability_label,,audited,static source inspection completed
BenchmarkTest02280,OWASP Benchmark Java,1.2,ba2e3f9a29fa3bde6a5c073d679393c9b94f025f,src\main\java\org\owasp\benchmark\testcode\BenchmarkTest02280.java,expectedresults-1.2.csv,sqli,non_vulnerable,89,case_level,/sqli-05/BenchmarkTest02280,https://localhost:8443/benchmark/sqli-05/BenchmarkTest02280,POST_form,GET_delegates_to_POST,formparam+formparam+formparam+formparam,formparam,4,productID;secure;foo;BenchmarkTest02280,text/html;charset=UTF-8,select_like,select,read_like,unknown,writer_output_detected,manual_review_required,adapter_feasible,manual_review_required,MANUAL_REVIEW,false,false,form_parameter_adapter;multi_form_parameter_adapter,submit original form parameters with deterministic values;preserve companion form parameters,read-like SQL detected but static response oracle is insufficient,read-like SQL detected but static response oracle is insufficient,not_applicable,no_ranker_candidate_for_incompatible_case,not_applicable,,,,benchmark_case_id;expected_result;ground_truth;label;query_text;source_file;sql_operation_category;sql_statement;vulnerability_label,,audited,static source inspection completed
BenchmarkTest02281,OWASP Benchmark Java,1.2,ba2e3f9a29fa3bde6a5c073d679393c9b94f025f,src\main\java\org\owasp\benchmark\testcode\BenchmarkTest02281.java,expectedresults-1.2.csv,sqli,vulnerable,89,case_level,/sqli-05/BenchmarkTest02281,https://localhost:8443/benchmark/sqli-05/BenchmarkTest02281,POST_form,GET_delegates_to_POST,formparam,formparam,1,BenchmarkTest02281,text/html;charset=UTF-8,select_like,select,read_like,unknown,writer_output_detected,manual_review_required,adapter_feasible,manual_review_required,MANUAL_REVIEW,false,false,form_parameter_adapter,submit original form parameters with deterministic values,read-like SQL detected but static response oracle is insufficient,read-like SQL detected but static response oracle is insufficient,not_applicable,no_ranker_candidate_for_incompatible_case,not_applicable,,,,benchmark_case_id;expected_result;ground_truth;label;query_text;source_file;sql_operation_category;sql_statement;vulnerability_label,,audited,static source inspection completed
BenchmarkTest02282,OWASP Benchmark Java,1.2,ba2e3f9a29fa3bde6a5c073d679393c9b94f025f,src\main\java\org\owasp\benchmark\testcode\BenchmarkTest02282.java,expectedresults-1.2.csv,sqli,non_vulnerable,89,case_level,/sqli-05/BenchmarkTest02282,https://localhost:8443/benchmark/sqli-05/BenchmarkTest02282,POST_form,GET_delegates_to_POST,formparam,formparam,1,BenchmarkTest02282,text/html;charset=UTF-8,select_like,select,read_like,unknown,writer_output_detected,manual_review_required,adapter_feasible,manual_review_required,MANUAL_REVIEW,false,false,form_parameter_adapter,submit original form parameters with deterministic values,read-like SQL detected but static response oracle is insufficient,read-like SQL detected but static response oracle is insufficient,not_applicable,no_ranker_candidate_for_incompatible_case,not_applicable,,,,benchmark_case_id;expected_result;ground_truth;label;query_text;source_file;sql_operation_category;sql_statement;vulnerability_label,,audited,static source inspection completed
BenchmarkTest02283,OWASP Benchmark Java,1.2,ba2e3f9a29fa3bde6a5c073d679393c9b94f025f,src\main\java\org\owasp\benchmark\testcode\BenchmarkTest02283.java,expectedresults-1.2.csv,sqli,non_vulnerable,89,case_level,/sqli-05/BenchmarkTest02283,https://localhost:8443/benchmark/sqli-05/BenchmarkTest02283,GET_query,GET_delegates_to_POST,getparam+getparam+getparam,getparam,3,password;username;BenchmarkTest02283,text/html;charset=UTF-8,select_like,select,read_like,execute,result_rows_written,plausible_runtime_validation_required,adapter_feasible,plausible_runtime_validation_required,ADAPTER_SUPPORTED,true,true,multi_query_parameter_adapter,preserve original query parameter set and replace only the audited controllable value,,original case may be preserved with deterministic transport adapter; runtime boolean validation still required,proposed_schema,,true,os15-c000408,/external-v15/case-000408,candidate_id;sanitized_action_path;http_method;input_carrier;input_count_category;editable_input_count;multiple_parameters;transport_adapter_category;request_shape,benchmark_case_id;expected_result;ground_truth;label;query_text;source_file;sql_operation_category;sql_statement;vulnerability_label,"{""candidate_id"": ""os15-c000408"", ""editable_input_count"": 3, ""http_method"": ""GET"", ""input_carrier"": ""query_parameter"", ""input_count_category"": ""small_multi"", ""multiple_parameters"": true, ""request_shape"": ""query"", ""sanitized_action_path"": ""/external-v15/case-000408"", ""transport_adapter_category"": ""query_multi""}",audited,static source inspection completed
BenchmarkTest02284,OWASP Benchmark Java,1.2,ba2e3f9a29fa3bde6a5c073d679393c9b94f025f,src\main\java\org\owasp\benchmark\testcode\BenchmarkTest02284.java,expectedresults-1.2.csv,sqli,vulnerable,89,case_level,/sqli-05/BenchmarkTest02284,https://localhost:8443/benchmark/sqli-05/BenchmarkTest02284,POST_form,GET_delegates_to_POST,formparam+formparam+formparam,formparam,3,password;email;BenchmarkTest02284,text/html;charset=UTF-8,select_like,select,read_like,execute,result_rows_written,plausible_runtime_validation_required,adapter_feasible,plausible_runtime_validation_required,ADAPTER_SUPPORTED,true,true,form_parameter_adapter;multi_form_parameter_adapter,submit original form parameters with deterministic values;preserve companion form parameters,,original case may be preserved with deterministic transport adapter; runtime boolean validation still required,proposed_schema,,true,os15-c000409,/external-v15/case-000409,candidate_id;sanitized_action_path;http_method;input_carrier;input_count_category;editable_input_count;multiple_parameters;transport_adapter_category;request_shape,benchmark_case_id;expected_result;ground_truth;label;query_text;source_file;sql_operation_category;sql_statement;vulnerability_label,"{""candidate_id"": ""os15-c000409"", ""editable_input_count"": 3, ""http_method"": ""POST_or_request_metadata"", ""input_carrier"": ""form_parameter"", ""input_count_category"": ""small_multi"", ""multiple_parameters"": true, ""request_shape"": ""form"", ""sanitized_action_path"": ""/external-v15/case-000409"", ""transport_adapter_category"": ""form""}",audited,static source inspection completed
BenchmarkTest02285,OWASP Benchmark Java,1.2,ba2e3f9a29fa3bde6a5c073d679393c9b94f025f,src\main\java\org\owasp\benchmark\testcode\BenchmarkTest02285.java,expectedresults-1.2.csv,sqli,non_vulnerable,89,case_level,/sqli-05/BenchmarkTest02285,https://localhost:8443/benchmark/sqli-05/BenchmarkTest02285,POST_form,GET_delegates_to_POST,formparam+formparam+formparam+formparam,formparam,4,productID;secure;foo;BenchmarkTest02285,text/html;charset=UTF-8,select_like,select,read_like,execute,result_rows_written,plausible_runtime_validation_required,adapter_feasible,plausible_runtime_validation_required,ADAPTER_SUPPORTED,true,true,form_parameter_adapter;multi_form_parameter_adapter,submit original form parameters with deterministic values;preserve companion form parameters,,original case may be preserved with deterministic transport adapter; runtime boolean validation still required,proposed_schema,,true,os15-c000410,/external-v15/case-000410,candidate_id;sanitized_action_path;http_method;input_carrier;input_count_category;editable_input_count;multiple_parameters;transport_adapter_category;request_shape,benchmark_case_id;expected_result;ground_truth;label;query_text;source_file;sql_operation_category;sql_statement;vulnerability_label,"{""candidate_id"": ""os15-c000410"", ""editable_input_count"": 4, ""http_method"": ""POST_or_request_metadata"", ""input_carrier"": ""form_parameter"", ""input_count_category"": ""larger_multi"", ""multiple_parameters"": true, ""request_shape"": ""form"", ""sanitized_action_path"": ""/external-v15/case-000410"", ""transport_adapter_category"": ""form""}",audited,static source inspection completed
BenchmarkTest02286,OWASP Benchmark Java,1.2,ba2e3f9a29fa3bde6a5c073d679393c9b94f025f,src\main\java\org\owasp\benchmark\testcode\BenchmarkTest02286.java,expectedresults-1.2.csv,sqli,vulnerable,89,case_level,/sqli-05/BenchmarkTest02286,https://localhost:8443/benchmark/sqli-05/BenchmarkTest02286,POST_form,GET_delegates_to_POST,formparam,formparam,1,BenchmarkTest02286,text/html;charset=UTF-8,insert,insert;execute_update,write_or_state_changing,executeUpdate,writer_output_detected,not_applicable_non_destructive_conflict,adapter_feasible,not_applicable_non_destructive_conflict,EXCLUDED,false,false,form_parameter_adapter,submit original form parameters with deterministic values,write/state-changing SQL conflicts with non-destructive verifier philosophy,write/state-changing SQL conflicts with non-destructive verifier philosophy,not_applicable,no_ranker_candidate_for_incompatible_case,not_applicable,,,,benchmark_case_id;expected_result;ground_truth;label;query_text;source_file;sql_operation_category;sql_statement;vulnerability_label,,audited,executeUpdate call statically detected
BenchmarkTest02287,OWASP Benchmark Java,1.2,ba2e3f9a29fa3bde6a5c073d679393c9b94f025f,src\main\java\org\owasp\benchmark\testcode\BenchmarkTest02287.java,expectedresults-1.2.csv,sqli,vulnerable,89,case_level,/sqli-05/BenchmarkTest02287,https://localhost:8443/benchmark/sqli-05/BenchmarkTest02287,POST_form,GET_delegates_to_POST,formparam,formparam,1,BenchmarkTest02287,text/html;charset=UTF-8,insert,insert;execute_update,write_or_state_changing,executeUpdate,writer_output_detected,not_applicable_non_destructive_conflict,adapter_feasible,not_applicable_non_destructive_conflict,EXCLUDED,false,false,form_parameter_adapter,submit original form parameters with deterministic values,write/state-changing SQL conflicts with non-destructive verifier philosophy,write/state-changing SQL conflicts with non-destructive verifier philosophy,not_applicable,no_ranker_candidate_for_incompatible_case,not_applicable,,,,benchmark_case_id;expected_result;ground_truth;label;query_text;source_file;sql_operation_category;sql_statement;vulnerability_label,,audited,executeUpdate call statically detected
BenchmarkTest02288,OWASP Benchmark Java,1.2,ba2e3f9a29fa3bde6a5c073d679393c9b94f025f,src\main\java\org\owasp\benchmark\testcode\BenchmarkTest02288.java,expectedresults-1.2.csv,sqli,vulnerable,89,case_level,/sqli-05/BenchmarkTest02288,https://localhost:8443/benchmark/sqli-05/BenchmarkTest02288,GET_query,GET_delegates_to_POST,getparam+getparam+getparam,getparam,3,password;username;BenchmarkTest02288,text/html;charset=UTF-8,insert,insert;execute_update,write_or_state_changing,executeUpdate,writer_output_detected,not_applicable_non_destructive_conflict,adapter_feasible,not_applicable_non_destructive_conflict,EXCLUDED,false,false,multi_query_parameter_adapter,preserve original query parameter set and replace only the audited controllable value,write/state-changing SQL conflicts with non-destructive verifier philosophy,write/state-changing SQL conflicts with non-destructive verifier philosophy,not_applicable,no_ranker_candidate_for_incompatible_case,not_applicable,,,,benchmark_case_id;expected_result;ground_truth;label;query_text;source_file;sql_operation_category;sql_statement;vulnerability_label,,audited,executeUpdate call statically detected
BenchmarkTest02353,OWASP Benchmark Java,1.2,ba2e3f9a29fa3bde6a5c073d679393c9b94f025f,src\main\java\org\owasp\benchmark\testcode\BenchmarkTest02353.java,expectedresults-1.2.csv,sqli,non_vulnerable,89,case_level,/sqli-05/BenchmarkTest02353,https://localhost:8443/benchmark/sqli-05/BenchmarkTest02353,POST_form,GET_delegates_to_POST,formparam+formparam,formparam,2,answer;bar,text/html;charset=UTF-8,select_like,select;prepared_statement,read_like,execute;prepareStatement,result_rows_written,plausible_runtime_validation_required,adapter_feasible,plausible_runtime_validation_required,ADAPTER_SUPPORTED,true,true,form_parameter_adapter;multi_form_parameter_adapter,submit original form parameters with deterministic values;preserve companion form parameters,,original case may be preserved with deterministic transport adapter; runtime boolean validation still required,proposed_schema,,true,os15-c000414,/external-v15/case-000414,candidate_id;sanitized_action_path;http_method;input_carrier;input_count_category;editable_input_count;multiple_parameters;transport_adapter_category;request_shape,benchmark_case_id;expected_result;ground_truth;label;query_text;source_file;sql_operation_category;sql_statement;vulnerability_label,"{""candidate_id"": ""os15-c000414"", ""editable_input_count"": 2, ""http_method"": ""POST_or_request_metadata"", ""input_carrier"": ""form_parameter"", ""input_count_category"": ""small_multi"", ""multiple_parameters"": true, ""request_shape"": ""form"", ""sanitized_action_path"": ""/external-v15/case-000414"", ""transport_adapter_category"": ""form""}",audited,static source inspection completed
BenchmarkTest02354,OWASP Benchmark Java,1.2,ba2e3f9a29fa3bde6a5c073d679393c9b94f025f,src\main\java\org\owasp\benchmark\testcode\BenchmarkTest02354.java,expectedresults-1.2.csv,sqli,vulnerable,89,case_level,/sqli-05/BenchmarkTest02354,https://localhost:8443/benchmark/sqli-05/BenchmarkTest02354,POST_form,GET_delegates_to_POST,formparam+formparam,formparam,2,answer;bar,text/html;charset=UTF-8,select_like,select;prepared_statement,read_like,execute;prepareStatement,result_rows_written,plausible_runtime_validation_required,adapter_feasible,plausible_runtime_validation_required,ADAPTER_SUPPORTED,true,true,form_parameter_adapter;multi_form_parameter_adapter,submit original form parameters with deterministic values;preserve companion form parameters,,original case may be preserved with deterministic transport adapter; runtime boolean validation still required,proposed_schema,,true,os15-c000415,/external-v15/case-000415,candidate_id;sanitized_action_path;http_method;input_carrier;input_count_category;editable_input_count;multiple_parameters;transport_adapter_category;request_shape,benchmark_case_id;expected_result;ground_truth;label;query_text;source_file;sql_operation_category;sql_statement;vulnerability_label,"{""candidate_id"": ""os15-c000415"", ""editable_input_count"": 2, ""http_method"": ""POST_or_request_metadata"", ""input_carrier"": ""form_parameter"", ""input_count_category"": ""small_multi"", ""multiple_parameters"": true, ""request_shape"": ""form"", ""sanitized_action_path"": ""/external-v15/case-000415"", ""transport_adapter_category"": ""form""}",audited,static source inspection completed
BenchmarkTest02355,OWASP Benchmark Java,1.2,ba2e3f9a29fa3bde6a5c073d679393c9b94f025f,src\main\java\org\owasp\benchmark\testcode\BenchmarkTest02355.java,expectedresults-1.2.csv,sqli,vulnerable,89,case_level,/sqli-05/BenchmarkTest02355,https://localhost:8443/benchmark/sqli-05/BenchmarkTest02355,POST_form,GET_delegates_to_POST,formparam+formparam,formparam,2,answer;bar,text/html;charset=UTF-8,select_like,select;prepared_statement,read_like,execute;prepareStatement,result_rows_written,plausible_runtime_validation_required,adapter_feasible,plausible_runtime_validation_required,ADAPTER_SUPPORTED,true,true,form_parameter_adapter;multi_form_parameter_adapter,submit original form parameters with deterministic values;preserve companion form parameters,,original case may be preserved with deterministic transport adapter; runtime boolean validation still required,proposed_schema,,true,os15-c000416,/external-v15/case-000416,candidate_id;sanitized_action_path;http_method;input_carrier;input_count_category;editable_input_count;multiple_parameters;transport_adapter_category;request_shape,benchmark_case_id;expected_result;ground_truth;label;query_text;source_file;sql_operation_category;sql_statement;vulnerability_label,"{""candidate_id"": ""os15-c000416"", ""editable_input_count"": 2, ""http_method"": ""POST_or_request_metadata"", ""input_carrier"": ""form_parameter"", ""input_count_category"": ""small_multi"", ""multiple_parameters"": true, ""request_shape"": ""form"", ""sanitized_action_path"": ""/external-v15/case-000416"", ""transport_adapter_category"": ""form""}",audited,static source inspection completed
BenchmarkTest02356,OWASP Benchmark Java,1.2,ba2e3f9a29fa3bde6a5c073d679393c9b94f025f,src\main\java\org\owasp\benchmark\testcode\BenchmarkTest02356.java,expectedresults-1.2.csv,sqli,vulnerable,89,case_level,/sqli-05/BenchmarkTest02356,https://localhost:8443/benchmark/sqli-05/BenchmarkTest02356,POST_form,GET_delegates_to_POST,formparam+formparam,formparam,2,answer;bar,text/html;charset=UTF-8,select_like,select,read_like,execute,writer_output_detected,manual_review_required,adapter_feasible,manual_review_required,MANUAL_REVIEW,false,false,form_parameter_adapter;multi_form_parameter_adapter,submit original form parameters with deterministic values;preserve companion form parameters,read-like SQL detected but static response oracle is insufficient,read-like SQL detected but static response oracle is insufficient,not_applicable,no_ranker_candidate_for_incompatible_case,not_applicable,,,,benchmark_case_id;expected_result;ground_truth;label;query_text;source_file;sql_operation_category;sql_statement;vulnerability_label,,audited,static source inspection completed
BenchmarkTest02357,OWASP Benchmark Java,1.2,ba2e3f9a29fa3bde6a5c073d679393c9b94f025f,src\main\java\org\owasp\benchmark\testcode\BenchmarkTest02357.java,expectedresults-1.2.csv,sqli,vulnerable,89,case_level,/sqli-05/BenchmarkTest02357,https://localhost:8443/benchmark/sqli-05/BenchmarkTest02357,POST_form,GET_delegates_to_POST,formparam+formparam,formparam,2,answer;bar,text/html;charset=UTF-8,select_like,select,read_like,unknown,writer_output_detected,manual_review_required,adapter_feasible,manual_review_required,MANUAL_REVIEW,false,false,form_parameter_adapter;multi_form_parameter_adapter,submit original form parameters with deterministic values;preserve companion form parameters,read-like SQL detected but static response oracle is insufficient,read-like SQL detected but static response oracle is insufficient,not_applicable,no_ranker_candidate_for_incompatible_case,not_applicable,,,,benchmark_case_id;expected_result;ground_truth;label;query_text;source_file;sql_operation_category;sql_statement;vulnerability_label,,audited,static source inspection completed
BenchmarkTest02358,OWASP Benchmark Java,1.2,ba2e3f9a29fa3bde6a5c073d679393c9b94f025f,src\main\java\org\owasp\benchmark\testcode\BenchmarkTest02358.java,expectedresults-1.2.csv,sqli,vulnerable,89,case_level,/sqli-05/BenchmarkTest02358,https://localhost:8443/benchmark/sqli-05/BenchmarkTest02358,POST_form,GET_delegates_to_POST,formparam+formparam,formparam,2,answer;bar,text/html;charset=UTF-8,select_like,select,read_like,unknown,writer_output_detected,manual_review_required,adapter_feasible,manual_review_required,MANUAL_REVIEW,false,false,form_parameter_adapter;multi_form_parameter_adapter,submit original form parameters with deterministic values;preserve companion form parameters,read-like SQL detected but static response oracle is insufficient,read-like SQL detected but static response oracle is insufficient,not_applicable,no_ranker_candidate_for_incompatible_case,not_applicable,,,,benchmark_case_id;expected_result;ground_truth;label;query_text;source_file;sql_operation_category;sql_statement;vulnerability_label,,audited,static source inspection completed
BenchmarkTest02359,OWASP Benchmark Java,1.2,ba2e3f9a29fa3bde6a5c073d679393c9b94f025f,src\main\java\org\owasp\benchmark\testcode\BenchmarkTest02359.java,expectedresults-1.2.csv,sqli,vulnerable,89,case_level,/sqli-05/BenchmarkTest02359,https://localhost:8443/benchmark/sqli-05/BenchmarkTest02359,POST_form,GET_delegates_to_POST,formparam+formparam,formparam,2,answer;bar,text/html;charset=UTF-8,select_like,select,read_like,unknown,writer_output_detected,manual_review_required,adapter_feasible,manual_review_required,MANUAL_REVIEW,false,false,form_parameter_adapter;multi_form_parameter_adapter,submit original form parameters with deterministic values;preserve companion form parameters,read-like SQL detected but static response oracle is insufficient,read-like SQL detected but static response oracle is insufficient,not_applicable,no_ranker_candidate_for_incompatible_case,not_applicable,,,,benchmark_case_id;expected_result;ground_truth;label;query_text;source_file;sql_operation_category;sql_statement;vulnerability_label,,audited,static source inspection completed
BenchmarkTest02360,OWASP Benchmark Java,1.2,ba2e3f9a29fa3bde6a5c073d679393c9b94f025f,src\main\java\org\owasp\benchmark\testcode\BenchmarkTest02360.java,expectedresults-1.2.csv,sqli,vulnerable,89,case_level,/sqli-05/BenchmarkTest02360,https://localhost:8443/benchmark/sqli-05/BenchmarkTest02360,POST_form,GET_delegates_to_POST,formparam+formparam,formparam,2,answer;bar,text/html;charset=UTF-8,select_like,select,read_like,unknown,writer_output_detected,manual_review_required,adapter_feasible,manual_review_required,MANUAL_REVIEW,false,false,form_parameter_adapter;multi_form_parameter_adapter,submit original form parameters with deterministic values;preserve companion form parameters,read-like SQL detected but static response oracle is insufficient,read-like SQL detected but static response oracle is insufficient,not_applicable,no_ranker_candidate_for_incompatible_case,not_applicable,,,,benchmark_case_id;expected_result;ground_truth;label;query_text;source_file;sql_operation_category;sql_statement;vulnerability_label,,audited,static source inspection completed
BenchmarkTest02361,OWASP Benchmark Java,1.2,ba2e3f9a29fa3bde6a5c073d679393c9b94f025f,src\main\java\org\owasp\benchmark\testcode\BenchmarkTest02361.java,expectedresults-1.2.csv,sqli,non_vulnerable,89,case_level,/sqli-05/BenchmarkTest02361,https://localhost:8443/benchmark/sqli-05/BenchmarkTest02361,POST_form,GET_delegates_to_POST,formparam+formparam,formparam,2,answer;bar,text/html;charset=UTF-8,select_like,select,read_like,unknown,writer_output_detected,manual_review_required,adapter_feasible,manual_review_required,MANUAL_REVIEW,false,false,form_parameter_adapter;multi_form_parameter_adapter,submit original form parameters with deterministic values;preserve companion form parameters,read-like SQL detected but static response oracle is insufficient,read-like SQL detected but static response oracle is insufficient,not_applicable,no_ranker_candidate_for_incompatible_case,not_applicable,,,,benchmark_case_id;expected_result;ground_truth;label;query_text;source_file;sql_operation_category;sql_statement;vulnerability_label,,audited,static source inspection completed
BenchmarkTest02362,OWASP Benchmark Java,1.2,ba2e3f9a29fa3bde6a5c073d679393c9b94f025f,src\main\java\org\owasp\benchmark\testcode\BenchmarkTest02362.java,expectedresults-1.2.csv,sqli,vulnerable,89,case_level,/sqli-05/BenchmarkTest02362,https://localhost:8443/benchmark/sqli-05/BenchmarkTest02362,POST_form,GET_delegates_to_POST,formparam+formparam,formparam,2,answer;bar,text/html;charset=UTF-8,select_like,select,read_like,unknown,result_rows_written,plausible_runtime_validation_required,adapter_feasible,plausible_runtime_validation_required,ADAPTER_SUPPORTED,true,true,form_parameter_adapter;multi_form_parameter_adapter,submit original form parameters with deterministic values;preserve companion form parameters,,original case may be preserved with deterministic transport adapter; runtime boolean validation still required,proposed_schema,,true,os15-c000423,/external-v15/case-000423,candidate_id;sanitized_action_path;http_method;input_carrier;input_count_category;editable_input_count;multiple_parameters;transport_adapter_category;request_shape,benchmark_case_id;expected_result;ground_truth;label;query_text;source_file;sql_operation_category;sql_statement;vulnerability_label,"{""candidate_id"": ""os15-c000423"", ""editable_input_count"": 2, ""http_method"": ""POST_or_request_metadata"", ""input_carrier"": ""form_parameter"", ""input_count_category"": ""small_multi"", ""multiple_parameters"": true, ""request_shape"": ""form"", ""sanitized_action_path"": ""/external-v15/case-000423"", ""transport_adapter_category"": ""form""}",audited,static source inspection completed
BenchmarkTest02363,OWASP Benchmark Java,1.2,ba2e3f9a29fa3bde6a5c073d679393c9b94f025f,src\main\java\org\owasp\benchmark\testcode\BenchmarkTest02363.java,expectedresults-1.2.csv,sqli,non_vulnerable,89,case_level,/sqli-05/BenchmarkTest02363,https://localhost:8443/benchmark/sqli-05/BenchmarkTest02363,POST_form,GET_delegates_to_POST,formparam+formparam,formparam,2,answer;bar,text/html;charset=UTF-8,select_like,select,read_like,unknown,writer_output_detected,manual_review_required,adapter_feasible,manual_review_required,MANUAL_REVIEW,false,false,form_parameter_adapter;multi_form_parameter_adapter,submit original form parameters with deterministic values;preserve companion form parameters,read-like SQL detected but static response oracle is insufficient,read-like SQL detected but static response oracle is insufficient,not_applicable,no_ranker_candidate_for_incompatible_case,not_applicable,,,,benchmark_case_id;expected_result;ground_truth;label;query_text;source_file;sql_operation_category;sql_statement;vulnerability_label,,audited,static source inspection completed
BenchmarkTest02364,OWASP Benchmark Java,1.2,ba2e3f9a29fa3bde6a5c073d679393c9b94f025f,src\main\java\org\owasp\benchmark\testcode\BenchmarkTest02364.java,expectedresults-1.2.csv,sqli,vulnerable,89,case_level,/sqli-05/BenchmarkTest02364,https://localhost:8443/benchmark/sqli-05/BenchmarkTest02364,POST_form,GET_delegates_to_POST,formparam+formparam,formparam,2,answer;bar,text/html;charset=UTF-8,select_like,select,read_like,execute,result_rows_written,plausible_runtime_validation_required,adapter_feasible,plausible_runtime_validation_required,ADAPTER_SUPPORTED,true,true,form_parameter_adapter;multi_form_parameter_adapter,submit original form parameters with deterministic values;preserve companion form parameters,,original case may be preserved with deterministic transport adapter; runtime boolean validation still required,proposed_schema,,true,os15-c000425,/external-v15/case-000425,candidate_id;sanitized_action_path;http_method;input_carrier;input_count_category;editable_input_count;multiple_parameters;transport_adapter_category;request_shape,benchmark_case_id;expected_result;ground_truth;label;query_text;source_file;sql_operation_category;sql_statement;vulnerability_label,"{""candidate_id"": ""os15-c000425"", ""editable_input_count"": 2, ""http_method"": ""POST_or_request_metadata"", ""input_carrier"": ""form_parameter"", ""input_count_category"": ""small_multi"", ""multiple_parameters"": true, ""request_shape"": ""form"", ""sanitized_action_path"": ""/external-v15/case-000425"", ""transport_adapter_category"": ""form""}",audited,static source inspection completed
BenchmarkTest02365,OWASP Benchmark Java,1.2,ba2e3f9a29fa3bde6a5c073d679393c9b94f025f,src\main\java\org\owasp\benchmark\testcode\BenchmarkTest02365.java,expectedresults-1.2.csv,sqli,non_vulnerable,89,case_level,/sqli-05/BenchmarkTest02365,https://localhost:8443/benchmark/sqli-05/BenchmarkTest02365,POST_form,GET_delegates_to_POST,formparam+formparam,formparam,2,answer;bar,text/html;charset=UTF-8,select_like,select,read_like,execute,result_rows_written,plausible_runtime_validation_required,adapter_feasible,plausible_runtime_validation_required,ADAPTER_SUPPORTED,true,true,form_parameter_adapter;multi_form_parameter_adapter,submit original form parameters with deterministic values;preserve companion form parameters,,original case may be preserved with deterministic transport adapter; runtime boolean validation still required,proposed_schema,,true,os15-c000426,/external-v15/case-000426,candidate_id;sanitized_action_path;http_method;input_carrier;input_count_category;editable_input_count;multiple_parameters;transport_adapter_category;request_shape,benchmark_case_id;expected_result;ground_truth;label;query_text;source_file;sql_operation_category;sql_statement;vulnerability_label,"{""candidate_id"": ""os15-c000426"", ""editable_input_count"": 2, ""http_method"": ""POST_or_request_metadata"", ""input_carrier"": ""form_parameter"", ""input_count_category"": ""small_multi"", ""multiple_parameters"": true, ""request_shape"": ""form"", ""sanitized_action_path"": ""/external-v15/case-000426"", ""transport_adapter_category"": ""form""}",audited,static source inspection completed
BenchmarkTest02366,OWASP Benchmark Java,1.2,ba2e3f9a29fa3bde6a5c073d679393c9b94f025f,src\main\java\org\owasp\benchmark\testcode\BenchmarkTest02366.java,expectedresults-1.2.csv,sqli,non_vulnerable,89,case_level,/sqli-05/BenchmarkTest02366,https://localhost:8443/benchmark/sqli-05/BenchmarkTest02366,POST_form,GET_delegates_to_POST,formparam+formparam,formparam,2,answer;bar,text/html;charset=UTF-8,select_like,select,read_like,execute,result_rows_written,plausible_runtime_validation_required,adapter_feasible,plausible_runtime_validation_required,ADAPTER_SUPPORTED,true,true,form_parameter_adapter;multi_form_parameter_adapter,submit original form parameters with deterministic values;preserve companion form parameters,,original case may be preserved with deterministic transport adapter; runtime boolean validation still required,proposed_schema,,true,os15-c000427,/external-v15/case-000427,candidate_id;sanitized_action_path;http_method;input_carrier;input_count_category;editable_input_count;multiple_parameters;transport_adapter_category;request_shape,benchmark_case_id;expected_result;ground_truth;label;query_text;source_file;sql_operation_category;sql_statement;vulnerability_label,"{""candidate_id"": ""os15-c000427"", ""editable_input_count"": 2, ""http_method"": ""POST_or_request_metadata"", ""input_carrier"": ""form_parameter"", ""input_count_category"": ""small_multi"", ""multiple_parameters"": true, ""request_shape"": ""form"", ""sanitized_action_path"": ""/external-v15/case-000427"", ""transport_adapter_category"": ""form""}",audited,static source inspection completed
BenchmarkTest02367,OWASP Benchmark Java,1.2,ba2e3f9a29fa3bde6a5c073d679393c9b94f025f,src\main\java\org\owasp\benchmark\testcode\BenchmarkTest02367.java,expectedresults-1.2.csv,sqli,non_vulnerable,89,case_level,/sqli-05/BenchmarkTest02367,https://localhost:8443/benchmark/sqli-05/BenchmarkTest02367,POST_form,GET_delegates_to_POST,formparam+formparam,formparam,2,answer;bar,text/html;charset=UTF-8,select_like,select,read_like,execute,result_rows_written,plausible_runtime_validation_required,adapter_feasible,plausible_runtime_validation_required,ADAPTER_SUPPORTED,true,true,form_parameter_adapter;multi_form_parameter_adapter,submit original form parameters with deterministic values;preserve companion form parameters,,original case may be preserved with deterministic transport adapter; runtime boolean validation still required,proposed_schema,,true,os15-c000428,/external-v15/case-000428,candidate_id;sanitized_action_path;http_method;input_carrier;input_count_category;editable_input_count;multiple_parameters;transport_adapter_category;request_shape,benchmark_case_id;expected_result;ground_truth;label;query_text;source_file;sql_operation_category;sql_statement;vulnerability_label,"{""candidate_id"": ""os15-c000428"", ""editable_input_count"": 2, ""http_method"": ""POST_or_request_metadata"", ""input_carrier"": ""form_parameter"", ""input_count_category"": ""small_multi"", ""multiple_parameters"": true, ""request_shape"": ""form"", ""sanitized_action_path"": ""/external-v15/case-000428"", ""transport_adapter_category"": ""form""}",audited,static source inspection completed
BenchmarkTest02368,OWASP Benchmark Java,1.2,ba2e3f9a29fa3bde6a5c073d679393c9b94f025f,src\main\java\org\owasp\benchmark\testcode\BenchmarkTest02368.java,expectedresults-1.2.csv,sqli,non_vulnerable,89,case_level,/sqli-05/BenchmarkTest02368,https://localhost:8443/benchmark/sqli-05/BenchmarkTest02368,POST_form,GET_delegates_to_POST,formparam+formparam,formparam,2,answer;bar,text/html;charset=UTF-8,insert,insert;execute_update,write_or_state_changing,executeUpdate,writer_output_detected,not_applicable_non_destructive_conflict,adapter_feasible,not_applicable_non_destructive_conflict,EXCLUDED,false,false,form_parameter_adapter;multi_form_parameter_adapter,submit original form parameters with deterministic values;preserve companion form parameters,write/state-changing SQL conflicts with non-destructive verifier philosophy,write/state-changing SQL conflicts with non-destructive verifier philosophy,not_applicable,no_ranker_candidate_for_incompatible_case,not_applicable,,,,benchmark_case_id;expected_result;ground_truth;label;query_text;source_file;sql_operation_category;sql_statement;vulnerability_label,,audited,executeUpdate call statically detected
BenchmarkTest02369,OWASP Benchmark Java,1.2,ba2e3f9a29fa3bde6a5c073d679393c9b94f025f,src\main\java\org\owasp\benchmark\testcode\BenchmarkTest02369.java,expectedresults-1.2.csv,sqli,vulnerable,89,case_level,/sqli-05/BenchmarkTest02369,https://localhost:8443/benchmark/sqli-05/BenchmarkTest02369,POST_form,GET_delegates_to_POST,formparam+formparam,formparam,2,answer;bar,text/html;charset=UTF-8,insert,insert;execute_update,write_or_state_changing,executeUpdate,writer_output_detected,not_applicable_non_destructive_conflict,adapter_feasible,not_applicable_non_destructive_conflict,EXCLUDED,false,false,form_parameter_adapter;multi_form_parameter_adapter,submit original form parameters with deterministic values;preserve companion form parameters,write/state-changing SQL conflicts with non-destructive verifier philosophy,write/state-changing SQL conflicts with non-destructive verifier philosophy,not_applicable,no_ranker_candidate_for_incompatible_case,not_applicable,,,,benchmark_case_id;expected_result;ground_truth;label;query_text;source_file;sql_operation_category;sql_statement;vulnerability_label,,audited,executeUpdate call statically detected
BenchmarkTest02449,OWASP Benchmark Java,1.2,ba2e3f9a29fa3bde6a5c073d679393c9b94f025f,src\main\java\org\owasp\benchmark\testcode\BenchmarkTest02449.java,expectedresults-1.2.csv,sqli,vulnerable,89,case_level,/sqli-05/BenchmarkTest02449,https://localhost:8443/benchmark/sqli-05/BenchmarkTest02449,POST_form,GET_delegates_to_POST,formparam+formparam+formparam+formparam,formparam,4,productID;secure;foo;BenchmarkTest02449,text/html;charset=UTF-8,stored_procedure,stored_procedure;execute_query,stored_procedure_ambiguous,executeQuery;prepareCall,result_rows_written,not_applicable_stored_procedure_ambiguous,adapter_feasible,not_applicable_stored_procedure_ambiguous,EXCLUDED,false,false,form_parameter_adapter;multi_form_parameter_adapter,submit original form parameters with deterministic values;preserve companion form parameters,stored procedure behavior cannot be assumed read-only by static audit,stored procedure behavior cannot be assumed read-only by static audit,not_applicable,no_ranker_candidate_for_incompatible_case,not_applicable,,,,benchmark_case_id;expected_result;ground_truth;label;query_text;source_file;sql_operation_category;sql_statement;vulnerability_label,,audited,stored procedure call statically detected
BenchmarkTest02450,OWASP Benchmark Java,1.2,ba2e3f9a29fa3bde6a5c073d679393c9b94f025f,src\main\java\org\owasp\benchmark\testcode\BenchmarkTest02450.java,expectedresults-1.2.csv,sqli,non_vulnerable,89,case_level,/sqli-05/BenchmarkTest02450,https://localhost:8443/benchmark/sqli-05/BenchmarkTest02450,POST_form,GET_delegates_to_POST,formparam,formparam,1,BenchmarkTest02450,text/html;charset=UTF-8,select_like,select;prepared_statement,read_like,execute;prepareStatement,result_rows_written,plausible_runtime_validation_required,adapter_feasible,plausible_runtime_validation_required,ADAPTER_SUPPORTED,true,true,form_parameter_adapter,submit original form parameters with deterministic values,,original case may be preserved with deterministic transport adapter; runtime boolean validation still required,proposed_schema,,true,os15-c000432,/external-v15/case-000432,candidate_id;sanitized_action_path;http_method;input_carrier;input_count_category;editable_input_count;multiple_parameters;transport_adapter_category;request_shape,benchmark_case_id;expected_result;ground_truth;label;query_text;source_file;sql_operation_category;sql_statement;vulnerability_label,"{""candidate_id"": ""os15-c000432"", ""editable_input_count"": 1, ""http_method"": ""POST_or_request_metadata"", ""input_carrier"": ""form_parameter"", ""input_count_category"": ""single"", ""multiple_parameters"": false, ""request_shape"": ""form"", ""sanitized_action_path"": ""/external-v15/case-000432"", ""transport_adapter_category"": ""form""}",audited,static source inspection completed
BenchmarkTest02451,OWASP Benchmark Java,1.2,ba2e3f9a29fa3bde6a5c073d679393c9b94f025f,src\main\java\org\owasp\benchmark\testcode\BenchmarkTest02451.java,expectedresults-1.2.csv,sqli,vulnerable,89,case_level,/sqli-05/BenchmarkTest02451,https://localhost:8443/benchmark/sqli-05/BenchmarkTest02451,POST_form,GET_delegates_to_POST,formparam,formparam,1,BenchmarkTest02451,text/html;charset=UTF-8,select_like,select,read_like,execute,writer_output_detected,manual_review_required,adapter_feasible,manual_review_required,MANUAL_REVIEW,false,false,form_parameter_adapter,submit original form parameters with deterministic values,read-like SQL detected but static response oracle is insufficient,read-like SQL detected but static response oracle is insufficient,not_applicable,no_ranker_candidate_for_incompatible_case,not_applicable,,,,benchmark_case_id;expected_result;ground_truth;label;query_text;source_file;sql_operation_category;sql_statement;vulnerability_label,,audited,static source inspection completed
BenchmarkTest02452,OWASP Benchmark Java,1.2,ba2e3f9a29fa3bde6a5c073d679393c9b94f025f,src\main\java\org\owasp\benchmark\testcode\BenchmarkTest02452.java,expectedresults-1.2.csv,sqli,non_vulnerable,89,case_level,/sqli-05/BenchmarkTest02452,https://localhost:8443/benchmark/sqli-05/BenchmarkTest02452,GET_query,GET_delegates_to_POST,getparam+getparam+getparam,getparam,3,password;username;BenchmarkTest02452,text/html;charset=UTF-8,select_like,select,read_like,unknown,writer_output_detected,manual_review_required,adapter_feasible,manual_review_required,MANUAL_REVIEW,false,false,multi_query_parameter_adapter,preserve original query parameter set and replace only the audited controllable value,read-like SQL detected but static response oracle is insufficient,read-like SQL detected but static response oracle is insufficient,not_applicable,no_ranker_candidate_for_incompatible_case,not_applicable,,,,benchmark_case_id;expected_result;ground_truth;label;query_text;source_file;sql_operation_category;sql_statement;vulnerability_label,,audited,static source inspection completed
BenchmarkTest02453,OWASP Benchmark Java,1.2,ba2e3f9a29fa3bde6a5c073d679393c9b94f025f,src\main\java\org\owasp\benchmark\testcode\BenchmarkTest02453.java,expectedresults-1.2.csv,sqli,vulnerable,89,case_level,/sqli-05/BenchmarkTest02453,https://localhost:8443/benchmark/sqli-05/BenchmarkTest02453,POST_form,GET_delegates_to_POST,formparam+formparam+formparam,formparam,3,password;email;BenchmarkTest02453,text/html;charset=UTF-8,select_like,select,read_like,unknown,writer_output_detected,manual_review_required,adapter_feasible,manual_review_required,MANUAL_REVIEW,false,false,form_parameter_adapter;multi_form_parameter_adapter,submit original form parameters with deterministic values;preserve companion form parameters,read-like SQL detected but static response oracle is insufficient,read-like SQL detected but static response oracle is insufficient,not_applicable,no_ranker_candidate_for_incompatible_case,not_applicable,,,,benchmark_case_id;expected_result;ground_truth;label;query_text;source_file;sql_operation_category;sql_statement;vulnerability_label,,audited,static source inspection completed
BenchmarkTest02454,OWASP Benchmark Java,1.2,ba2e3f9a29fa3bde6a5c073d679393c9b94f025f,src\main\java\org\owasp\benchmark\testcode\BenchmarkTest02454.java,expectedresults-1.2.csv,sqli,vulnerable,89,case_level,/sqli-05/BenchmarkTest02454,https://localhost:8443/benchmark/sqli-05/BenchmarkTest02454,POST_form,GET_delegates_to_POST,formparam+formparam+formparam+formparam,formparam,4,productID;secure;foo;BenchmarkTest02454,text/html;charset=UTF-8,select_like,select,read_like,unknown,result_rows_written,plausible_runtime_validation_required,adapter_feasible,plausible_runtime_validation_required,ADAPTER_SUPPORTED,true,true,form_parameter_adapter;multi_form_parameter_adapter,submit original form parameters with deterministic values;preserve companion form parameters,,original case may be preserved with deterministic transport adapter; runtime boolean validation still required,proposed_schema,,true,os15-c000436,/external-v15/case-000436,candidate_id;sanitized_action_path;http_method;input_carrier;input_count_category;editable_input_count;multiple_parameters;transport_adapter_category;request_shape,benchmark_case_id;expected_result;ground_truth;label;query_text;source_file;sql_operation_category;sql_statement;vulnerability_label,"{""candidate_id"": ""os15-c000436"", ""editable_input_count"": 4, ""http_method"": ""POST_or_request_metadata"", ""input_carrier"": ""form_parameter"", ""input_count_category"": ""larger_multi"", ""multiple_parameters"": true, ""request_shape"": ""form"", ""sanitized_action_path"": ""/external-v15/case-000436"", ""transport_adapter_category"": ""form""}",audited,static source inspection completed
BenchmarkTest02455,OWASP Benchmark Java,1.2,ba2e3f9a29fa3bde6a5c073d679393c9b94f025f,src\main\java\org\owasp\benchmark\testcode\BenchmarkTest02455.java,expectedresults-1.2.csv,sqli,vulnerable,89,case_level,/sqli-05/BenchmarkTest02455,https://localhost:8443/benchmark/sqli-05/BenchmarkTest02455,POST_form,GET_delegates_to_POST,formparam,formparam,1,BenchmarkTest02455,text/html;charset=UTF-8,insert,insert;execute_update,write_or_state_changing,executeUpdate,writer_output_detected,not_applicable_non_destructive_conflict,adapter_feasible,not_applicable_non_destructive_conflict,EXCLUDED,false,false,form_parameter_adapter,submit original form parameters with deterministic values,write/state-changing SQL conflicts with non-destructive verifier philosophy,write/state-changing SQL conflicts with non-destructive verifier philosophy,not_applicable,no_ranker_candidate_for_incompatible_case,not_applicable,,,,benchmark_case_id;expected_result;ground_truth;label;query_text;source_file;sql_operation_category;sql_statement;vulnerability_label,,audited,executeUpdate call statically detected
BenchmarkTest02456,OWASP Benchmark Java,1.2,ba2e3f9a29fa3bde6a5c073d679393c9b94f025f,src\main\java\org\owasp\benchmark\testcode\BenchmarkTest02456.java,expectedresults-1.2.csv,sqli,non_vulnerable,89,case_level,/sqli-05/BenchmarkTest02456,https://localhost:8443/benchmark/sqli-05/BenchmarkTest02456,POST_form,GET_delegates_to_POST,formparam,formparam,1,BenchmarkTest02456,text/html;charset=UTF-8,insert,insert;execute_update,write_or_state_changing,executeUpdate,writer_output_detected,not_applicable_non_destructive_conflict,adapter_feasible,not_applicable_non_destructive_conflict,EXCLUDED,false,false,form_parameter_adapter,submit original form parameters with deterministic values,write/state-changing SQL conflicts with non-destructive verifier philosophy,write/state-changing SQL conflicts with non-destructive verifier philosophy,not_applicable,no_ranker_candidate_for_incompatible_case,not_applicable,,,,benchmark_case_id;expected_result;ground_truth;label;query_text;source_file;sql_operation_category;sql_statement;vulnerability_label,,audited,executeUpdate call statically detected
BenchmarkTest02528,OWASP Benchmark Java,1.2,ba2e3f9a29fa3bde6a5c073d679393c9b94f025f,src\main\java\org\owasp\benchmark\testcode\BenchmarkTest02528.java,expectedresults-1.2.csv,sqli,vulnerable,89,case_level,/sqli-05/BenchmarkTest02528,https://localhost:8443/benchmark/sqli-05/BenchmarkTest02528,POST_form,GET_delegates_to_POST,formparam+formparam+formparam,formparam,3,password;email;BenchmarkTest02528,text/html;charset=UTF-8,stored_procedure,stored_procedure;execute_query,stored_procedure_ambiguous,executeQuery;prepareCall,result_rows_written,not_applicable_stored_procedure_ambiguous,adapter_feasible,not_applicable_stored_procedure_ambiguous,EXCLUDED,false,false,form_parameter_adapter;multi_form_parameter_adapter,submit original form parameters with deterministic values;preserve companion form parameters,stored procedure behavior cannot be assumed read-only by static audit,stored procedure behavior cannot be assumed read-only by static audit,not_applicable,no_ranker_candidate_for_incompatible_case,not_applicable,,,,benchmark_case_id;expected_result;ground_truth;label;query_text;source_file;sql_operation_category;sql_statement;vulnerability_label,,audited,stored procedure call statically detected
BenchmarkTest02529,OWASP Benchmark Java,1.2,ba2e3f9a29fa3bde6a5c073d679393c9b94f025f,src\main\java\org\owasp\benchmark\testcode\BenchmarkTest02529.java,expectedresults-1.2.csv,sqli,non_vulnerable,89,case_level,/sqli-05/BenchmarkTest02529,https://localhost:8443/benchmark/sqli-05/BenchmarkTest02529,POST_form,GET_delegates_to_POST,formparam+formparam+formparam+formparam,formparam,4,productID;secure;foo;BenchmarkTest02529,text/html;charset=UTF-8,stored_procedure,stored_procedure;execute_query,stored_procedure_ambiguous,executeQuery;prepareCall,result_rows_written,not_applicable_stored_procedure_ambiguous,adapter_feasible,not_applicable_stored_procedure_ambiguous,EXCLUDED,false,false,form_parameter_adapter;multi_form_parameter_adapter,submit original form parameters with deterministic values;preserve companion form parameters,stored procedure behavior cannot be assumed read-only by static audit,stored procedure behavior cannot be assumed read-only by static audit,not_applicable,no_ranker_candidate_for_incompatible_case,not_applicable,,,,benchmark_case_id;expected_result;ground_truth;label;query_text;source_file;sql_operation_category;sql_statement;vulnerability_label,,audited,stored procedure call statically detected
BenchmarkTest02530,OWASP Benchmark Java,1.2,ba2e3f9a29fa3bde6a5c073d679393c9b94f025f,src\main\java\org\owasp\benchmark\testcode\BenchmarkTest02530.java,expectedresults-1.2.csv,sqli,vulnerable,89,case_level,/sqli-05/BenchmarkTest02530,https://localhost:8443/benchmark/sqli-05/BenchmarkTest02530,POST_form,GET_delegates_to_POST,formparam,formparam,1,BenchmarkTest02530,text/html;charset=UTF-8,stored_procedure,stored_procedure;execute_query,stored_procedure_ambiguous,executeQuery;prepareCall,result_rows_written,not_applicable_stored_procedure_ambiguous,adapter_feasible,not_applicable_stored_procedure_ambiguous,EXCLUDED,false,false,form_parameter_adapter,submit original form parameters with deterministic values,stored procedure behavior cannot be assumed read-only by static audit,stored procedure behavior cannot be assumed read-only by static audit,not_applicable,no_ranker_candidate_for_incompatible_case,not_applicable,,,,benchmark_case_id;expected_result;ground_truth;label;query_text;source_file;sql_operation_category;sql_statement;vulnerability_label,,audited,stored procedure call statically detected
BenchmarkTest02531,OWASP Benchmark Java,1.2,ba2e3f9a29fa3bde6a5c073d679393c9b94f025f,src\main\java\org\owasp\benchmark\testcode\BenchmarkTest02531.java,expectedresults-1.2.csv,sqli,vulnerable,89,case_level,/sqli-05/BenchmarkTest02531,https://localhost:8443/benchmark/sqli-05/BenchmarkTest02531,POST_form,GET_delegates_to_POST,formparam,formparam,1,BenchmarkTest02531,text/html;charset=UTF-8,select_like,select;prepared_statement,read_like,execute;prepareStatement,result_rows_written,plausible_runtime_validation_required,adapter_feasible,plausible_runtime_validation_required,ADAPTER_SUPPORTED,true,true,form_parameter_adapter,submit original form parameters with deterministic values,,original case may be preserved with deterministic transport adapter; runtime boolean validation still required,proposed_schema,,true,os15-c000442,/external-v15/case-000442,candidate_id;sanitized_action_path;http_method;input_carrier;input_count_category;editable_input_count;multiple_parameters;transport_adapter_category;request_shape,benchmark_case_id;expected_result;ground_truth;label;query_text;source_file;sql_operation_category;sql_statement;vulnerability_label,"{""candidate_id"": ""os15-c000442"", ""editable_input_count"": 1, ""http_method"": ""POST_or_request_metadata"", ""input_carrier"": ""form_parameter"", ""input_count_category"": ""single"", ""multiple_parameters"": false, ""request_shape"": ""form"", ""sanitized_action_path"": ""/external-v15/case-000442"", ""transport_adapter_category"": ""form""}",audited,static source inspection completed
BenchmarkTest02532,OWASP Benchmark Java,1.2,ba2e3f9a29fa3bde6a5c073d679393c9b94f025f,src\main\java\org\owasp\benchmark\testcode\BenchmarkTest02532.java,expectedresults-1.2.csv,sqli,vulnerable,89,case_level,/sqli-05/BenchmarkTest02532,https://localhost:8443/benchmark/sqli-05/BenchmarkTest02532,GET_query,GET_delegates_to_POST,getparam+getparam+getparam,getparam,3,password;username;BenchmarkTest02532,text/html;charset=UTF-8,select_like,select;prepared_statement,read_like,execute;prepareStatement,result_rows_written,plausible_runtime_validation_required,adapter_feasible,plausible_runtime_validation_required,ADAPTER_SUPPORTED,true,true,multi_query_parameter_adapter,preserve original query parameter set and replace only the audited controllable value,,original case may be preserved with deterministic transport adapter; runtime boolean validation still required,proposed_schema,,true,os15-c000443,/external-v15/case-000443,candidate_id;sanitized_action_path;http_method;input_carrier;input_count_category;editable_input_count;multiple_parameters;transport_adapter_category;request_shape,benchmark_case_id;expected_result;ground_truth;label;query_text;source_file;sql_operation_category;sql_statement;vulnerability_label,"{""candidate_id"": ""os15-c000443"", ""editable_input_count"": 3, ""http_method"": ""GET"", ""input_carrier"": ""query_parameter"", ""input_count_category"": ""small_multi"", ""multiple_parameters"": true, ""request_shape"": ""query"", ""sanitized_action_path"": ""/external-v15/case-000443"", ""transport_adapter_category"": ""query_multi""}",audited,static source inspection completed
BenchmarkTest02533,OWASP Benchmark Java,1.2,ba2e3f9a29fa3bde6a5c073d679393c9b94f025f,src\main\java\org\owasp\benchmark\testcode\BenchmarkTest02533.java,expectedresults-1.2.csv,sqli,vulnerable,89,case_level,/sqli-05/BenchmarkTest02533,https://localhost:8443/benchmark/sqli-05/BenchmarkTest02533,POST_form,GET_delegates_to_POST,formparam+formparam+formparam,formparam,3,password;email;BenchmarkTest02533,text/html;charset=UTF-8,select_like,select;prepared_statement,read_like,execute;prepareStatement,result_rows_written,plausible_runtime_validation_required,adapter_feasible,plausible_runtime_validation_required,ADAPTER_SUPPORTED,true,true,form_parameter_adapter;multi_form_parameter_adapter,submit original form parameters with deterministic values;preserve companion form parameters,,original case may be preserved with deterministic transport adapter; runtime boolean validation still required,proposed_schema,,true,os15-c000444,/external-v15/case-000444,candidate_id;sanitized_action_path;http_method;input_carrier;input_count_category;editable_input_count;multiple_parameters;transport_adapter_category;request_shape,benchmark_case_id;expected_result;ground_truth;label;query_text;source_file;sql_operation_category;sql_statement;vulnerability_label,"{""candidate_id"": ""os15-c000444"", ""editable_input_count"": 3, ""http_method"": ""POST_or_request_metadata"", ""input_carrier"": ""form_parameter"", ""input_count_category"": ""small_multi"", ""multiple_parameters"": true, ""request_shape"": ""form"", ""sanitized_action_path"": ""/external-v15/case-000444"", ""transport_adapter_category"": ""form""}",audited,static source inspection completed
BenchmarkTest02534,OWASP Benchmark Java,1.2,ba2e3f9a29fa3bde6a5c073d679393c9b94f025f,src\main\java\org\owasp\benchmark\testcode\BenchmarkTest02534.java,expectedresults-1.2.csv,sqli,vulnerable,89,case_level,/sqli-05/BenchmarkTest02534,https://localhost:8443/benchmark/sqli-05/BenchmarkTest02534,POST_form,GET_delegates_to_POST,formparam+formparam+formparam+formparam,formparam,4,productID;secure;foo;BenchmarkTest02534,text/html;charset=UTF-8,select_like,select;prepared_statement,read_like,execute;prepareStatement,result_rows_written,plausible_runtime_validation_required,adapter_feasible,plausible_runtime_validation_required,ADAPTER_SUPPORTED,true,true,form_parameter_adapter;multi_form_parameter_adapter,submit original form parameters with deterministic values;preserve companion form parameters,,original case may be preserved with deterministic transport adapter; runtime boolean validation still required,proposed_schema,,true,os15-c000445,/external-v15/case-000445,candidate_id;sanitized_action_path;http_method;input_carrier;input_count_category;editable_input_count;multiple_parameters;transport_adapter_category;request_shape,benchmark_case_id;expected_result;ground_truth;label;query_text;source_file;sql_operation_category;sql_statement;vulnerability_label,"{""candidate_id"": ""os15-c000445"", ""editable_input_count"": 4, ""http_method"": ""POST_or_request_metadata"", ""input_carrier"": ""form_parameter"", ""input_count_category"": ""larger_multi"", ""multiple_parameters"": true, ""request_shape"": ""form"", ""sanitized_action_path"": ""/external-v15/case-000445"", ""transport_adapter_category"": ""form""}",audited,static source inspection completed
BenchmarkTest02535,OWASP Benchmark Java,1.2,ba2e3f9a29fa3bde6a5c073d679393c9b94f025f,src\main\java\org\owasp\benchmark\testcode\BenchmarkTest02535.java,expectedresults-1.2.csv,sqli,vulnerable,89,case_level,/sqli-05/BenchmarkTest02535,https://localhost:8443/benchmark/sqli-05/BenchmarkTest02535,POST_form,GET_delegates_to_POST,formparam,formparam,1,BenchmarkTest02535,text/html;charset=UTF-8,select_like,select;prepared_statement,read_like,execute;prepareStatement,result_rows_written,plausible_runtime_validation_required,adapter_feasible,plausible_runtime_validation_required,ADAPTER_SUPPORTED,true,true,form_parameter_adapter,submit original form parameters with deterministic values,,original case may be preserved with deterministic transport adapter; runtime boolean validation still required,proposed_schema,,true,os15-c000446,/external-v15/case-000446,candidate_id;sanitized_action_path;http_method;input_carrier;input_count_category;editable_input_count;multiple_parameters;transport_adapter_category;request_shape,benchmark_case_id;expected_result;ground_truth;label;query_text;source_file;sql_operation_category;sql_statement;vulnerability_label,"{""candidate_id"": ""os15-c000446"", ""editable_input_count"": 1, ""http_method"": ""POST_or_request_metadata"", ""input_carrier"": ""form_parameter"", ""input_count_category"": ""single"", ""multiple_parameters"": false, ""request_shape"": ""form"", ""sanitized_action_path"": ""/external-v15/case-000446"", ""transport_adapter_category"": ""form""}",audited,static source inspection completed
BenchmarkTest02536,OWASP Benchmark Java,1.2,ba2e3f9a29fa3bde6a5c073d679393c9b94f025f,src\main\java\org\owasp\benchmark\testcode\BenchmarkTest02536.java,expectedresults-1.2.csv,sqli,non_vulnerable,89,case_level,/sqli-05/BenchmarkTest02536,https://localhost:8443/benchmark/sqli-05/BenchmarkTest02536,POST_form,GET_delegates_to_POST,formparam,formparam,1,BenchmarkTest02536,text/html;charset=UTF-8,select_like,select,read_like,unknown,writer_output_detected,manual_review_required,adapter_feasible,manual_review_required,MANUAL_REVIEW,false,false,form_parameter_adapter,submit original form parameters with deterministic values,read-like SQL detected but static response oracle is insufficient,read-like SQL detected but static response oracle is insufficient,not_applicable,no_ranker_candidate_for_incompatible_case,not_applicable,,,,benchmark_case_id;expected_result;ground_truth;label;query_text;source_file;sql_operation_category;sql_statement;vulnerability_label,,audited,static source inspection completed
BenchmarkTest02537,OWASP Benchmark Java,1.2,ba2e3f9a29fa3bde6a5c073d679393c9b94f025f,src\main\java\org\owasp\benchmark\testcode\BenchmarkTest02537.java,expectedresults-1.2.csv,sqli,vulnerable,89,case_level,/sqli-05/BenchmarkTest02537,https://localhost:8443/benchmark/sqli-05/BenchmarkTest02537,GET_query,GET_delegates_to_POST,getparam+getparam+getparam,getparam,3,password;username;BenchmarkTest02537,text/html;charset=UTF-8,select_like,select,read_like,unknown,writer_output_detected,manual_review_required,adapter_feasible,manual_review_required,MANUAL_REVIEW,false,false,multi_query_parameter_adapter,preserve original query parameter set and replace only the audited controllable value,read-like SQL detected but static response oracle is insufficient,read-like SQL detected but static response oracle is insufficient,not_applicable,no_ranker_candidate_for_incompatible_case,not_applicable,,,,benchmark_case_id;expected_result;ground_truth;label;query_text;source_file;sql_operation_category;sql_statement;vulnerability_label,,audited,static source inspection completed
BenchmarkTest02538,OWASP Benchmark Java,1.2,ba2e3f9a29fa3bde6a5c073d679393c9b94f025f,src\main\java\org\owasp\benchmark\testcode\BenchmarkTest02538.java,expectedresults-1.2.csv,sqli,non_vulnerable,89,case_level,/sqli-05/BenchmarkTest02538,https://localhost:8443/benchmark/sqli-05/BenchmarkTest02538,POST_form,GET_delegates_to_POST,formparam+formparam+formparam,formparam,3,password;email;BenchmarkTest02538,text/html;charset=UTF-8,select_like,select,read_like,unknown,writer_output_detected,manual_review_required,adapter_feasible,manual_review_required,MANUAL_REVIEW,false,false,form_parameter_adapter;multi_form_parameter_adapter,submit original form parameters with deterministic values;preserve companion form parameters,read-like SQL detected but static response oracle is insufficient,read-like SQL detected but static response oracle is insufficient,not_applicable,no_ranker_candidate_for_incompatible_case,not_applicable,,,,benchmark_case_id;expected_result;ground_truth;label;query_text;source_file;sql_operation_category;sql_statement;vulnerability_label,,audited,static source inspection completed
BenchmarkTest02539,OWASP Benchmark Java,1.2,ba2e3f9a29fa3bde6a5c073d679393c9b94f025f,src\main\java\org\owasp\benchmark\testcode\BenchmarkTest02539.java,expectedresults-1.2.csv,sqli,non_vulnerable,89,case_level,/sqli-05/BenchmarkTest02539,https://localhost:8443/benchmark/sqli-05/BenchmarkTest02539,POST_form,GET_delegates_to_POST,formparam+formparam+formparam+formparam,formparam,4,productID;secure;foo;BenchmarkTest02539,text/html;charset=UTF-8,select_like,select,read_like,unknown,result_rows_written,plausible_runtime_validation_required,adapter_feasible,plausible_runtime_validation_required,ADAPTER_SUPPORTED,true,true,form_parameter_adapter;multi_form_parameter_adapter,submit original form parameters with deterministic values;preserve companion form parameters,,original case may be preserved with deterministic transport adapter; runtime boolean validation still required,proposed_schema,,true,os15-c000450,/external-v15/case-000450,candidate_id;sanitized_action_path;http_method;input_carrier;input_count_category;editable_input_count;multiple_parameters;transport_adapter_category;request_shape,benchmark_case_id;expected_result;ground_truth;label;query_text;source_file;sql_operation_category;sql_statement;vulnerability_label,"{""candidate_id"": ""os15-c000450"", ""editable_input_count"": 4, ""http_method"": ""POST_or_request_metadata"", ""input_carrier"": ""form_parameter"", ""input_count_category"": ""larger_multi"", ""multiple_parameters"": true, ""request_shape"": ""form"", ""sanitized_action_path"": ""/external-v15/case-000450"", ""transport_adapter_category"": ""form""}",audited,static source inspection completed
BenchmarkTest02540,OWASP Benchmark Java,1.2,ba2e3f9a29fa3bde6a5c073d679393c9b94f025f,src\main\java\org\owasp\benchmark\testcode\BenchmarkTest02540.java,expectedresults-1.2.csv,sqli,non_vulnerable,89,case_level,/sqli-05/BenchmarkTest02540,https://localhost:8443/benchmark/sqli-05/BenchmarkTest02540,POST_form,GET_delegates_to_POST,formparam,formparam,1,BenchmarkTest02540,text/html;charset=UTF-8,select_like,select,read_like,unknown,writer_output_detected,manual_review_required,adapter_feasible,manual_review_required,MANUAL_REVIEW,false,false,form_parameter_adapter,submit original form parameters with deterministic values,read-like SQL detected but static response oracle is insufficient,read-like SQL detected but static response oracle is insufficient,not_applicable,no_ranker_candidate_for_incompatible_case,not_applicable,,,,benchmark_case_id;expected_result;ground_truth;label;query_text;source_file;sql_operation_category;sql_statement;vulnerability_label,,audited,static source inspection completed
BenchmarkTest02541,OWASP Benchmark Java,1.2,ba2e3f9a29fa3bde6a5c073d679393c9b94f025f,src\main\java\org\owasp\benchmark\testcode\BenchmarkTest02541.java,expectedresults-1.2.csv,sqli,non_vulnerable,89,case_level,/sqli-05/BenchmarkTest02541,https://localhost:8443/benchmark/sqli-05/BenchmarkTest02541,POST_form,GET_delegates_to_POST,formparam,formparam,1,BenchmarkTest02541,text/html;charset=UTF-8,select_like,select,read_like,unknown,result_rows_written,plausible_runtime_validation_required,adapter_feasible,plausible_runtime_validation_required,ADAPTER_SUPPORTED,true,true,form_parameter_adapter,submit original form parameters with deterministic values,,original case may be preserved with deterministic transport adapter; runtime boolean validation still required,proposed_schema,,true,os15-c000452,/external-v15/case-000452,candidate_id;sanitized_action_path;http_method;input_carrier;input_count_category;editable_input_count;multiple_parameters;transport_adapter_category;request_shape,benchmark_case_id;expected_result;ground_truth;label;query_text;source_file;sql_operation_category;sql_statement;vulnerability_label,"{""candidate_id"": ""os15-c000452"", ""editable_input_count"": 1, ""http_method"": ""POST_or_request_metadata"", ""input_carrier"": ""form_parameter"", ""input_count_category"": ""single"", ""multiple_parameters"": false, ""request_shape"": ""form"", ""sanitized_action_path"": ""/external-v15/case-000452"", ""transport_adapter_category"": ""form""}",audited,static source inspection completed
BenchmarkTest02542,OWASP Benchmark Java,1.2,ba2e3f9a29fa3bde6a5c073d679393c9b94f025f,src\main\java\org\owasp\benchmark\testcode\BenchmarkTest02542.java,expectedresults-1.2.csv,sqli,vulnerable,89,case_level,/sqli-05/BenchmarkTest02542,https://localhost:8443/benchmark/sqli-05/BenchmarkTest02542,GET_query,GET_delegates_to_POST,getparam+getparam+getparam,getparam,3,password;username;BenchmarkTest02542,text/html;charset=UTF-8,select_like,select,read_like,execute,result_rows_written,plausible_runtime_validation_required,adapter_feasible,plausible_runtime_validation_required,ADAPTER_SUPPORTED,true,true,multi_query_parameter_adapter,preserve original query parameter set and replace only the audited controllable value,,original case may be preserved with deterministic transport adapter; runtime boolean validation still required,proposed_schema,,true,os15-c000453,/external-v15/case-000453,candidate_id;sanitized_action_path;http_method;input_carrier;input_count_category;editable_input_count;multiple_parameters;transport_adapter_category;request_shape,benchmark_case_id;expected_result;ground_truth;label;query_text;source_file;sql_operation_category;sql_statement;vulnerability_label,"{""candidate_id"": ""os15-c000453"", ""editable_input_count"": 3, ""http_method"": ""GET"", ""input_carrier"": ""query_parameter"", ""input_count_category"": ""small_multi"", ""multiple_parameters"": true, ""request_shape"": ""query"", ""sanitized_action_path"": ""/external-v15/case-000453"", ""transport_adapter_category"": ""query_multi""}",audited,static source inspection completed
BenchmarkTest02543,OWASP Benchmark Java,1.2,ba2e3f9a29fa3bde6a5c073d679393c9b94f025f,src\main\java\org\owasp\benchmark\testcode\BenchmarkTest02543.java,expectedresults-1.2.csv,sqli,vulnerable,89,case_level,/sqli-05/BenchmarkTest02543,https://localhost:8443/benchmark/sqli-05/BenchmarkTest02543,POST_form,GET_delegates_to_POST,formparam+formparam+formparam,formparam,3,password;email;BenchmarkTest02543,text/html;charset=UTF-8,select_like,select,read_like,execute,result_rows_written,plausible_runtime_validation_required,adapter_feasible,plausible_runtime_validation_required,ADAPTER_SUPPORTED,true,true,form_parameter_adapter;multi_form_parameter_adapter,submit original form parameters with deterministic values;preserve companion form parameters,,original case may be preserved with deterministic transport adapter; runtime boolean validation still required,proposed_schema,,true,os15-c000454,/external-v15/case-000454,candidate_id;sanitized_action_path;http_method;input_carrier;input_count_category;editable_input_count;multiple_parameters;transport_adapter_category;request_shape,benchmark_case_id;expected_result;ground_truth;label;query_text;source_file;sql_operation_category;sql_statement;vulnerability_label,"{""candidate_id"": ""os15-c000454"", ""editable_input_count"": 3, ""http_method"": ""POST_or_request_metadata"", ""input_carrier"": ""form_parameter"", ""input_count_category"": ""small_multi"", ""multiple_parameters"": true, ""request_shape"": ""form"", ""sanitized_action_path"": ""/external-v15/case-000454"", ""transport_adapter_category"": ""form""}",audited,static source inspection completed
BenchmarkTest02544,OWASP Benchmark Java,1.2,ba2e3f9a29fa3bde6a5c073d679393c9b94f025f,src\main\java\org\owasp\benchmark\testcode\BenchmarkTest02544.java,expectedresults-1.2.csv,sqli,non_vulnerable,89,case_level,/sqli-05/BenchmarkTest02544,https://localhost:8443/benchmark/sqli-05/BenchmarkTest02544,POST_form,GET_delegates_to_POST,formparam+formparam+formparam+formparam,formparam,4,productID;secure;foo;BenchmarkTest02544,text/html;charset=UTF-8,select_like,select,read_like,execute,result_rows_written,plausible_runtime_validation_required,adapter_feasible,plausible_runtime_validation_required,ADAPTER_SUPPORTED,true,true,form_parameter_adapter;multi_form_parameter_adapter,submit original form parameters with deterministic values;preserve companion form parameters,,original case may be preserved with deterministic transport adapter; runtime boolean validation still required,proposed_schema,,true,os15-c000455,/external-v15/case-000455,candidate_id;sanitized_action_path;http_method;input_carrier;input_count_category;editable_input_count;multiple_parameters;transport_adapter_category;request_shape,benchmark_case_id;expected_result;ground_truth;label;query_text;source_file;sql_operation_category;sql_statement;vulnerability_label,"{""candidate_id"": ""os15-c000455"", ""editable_input_count"": 4, ""http_method"": ""POST_or_request_metadata"", ""input_carrier"": ""form_parameter"", ""input_count_category"": ""larger_multi"", ""multiple_parameters"": true, ""request_shape"": ""form"", ""sanitized_action_path"": ""/external-v15/case-000455"", ""transport_adapter_category"": ""form""}",audited,static source inspection completed
BenchmarkTest02545,OWASP Benchmark Java,1.2,ba2e3f9a29fa3bde6a5c073d679393c9b94f025f,src\main\java\org\owasp\benchmark\testcode\BenchmarkTest02545.java,expectedresults-1.2.csv,sqli,vulnerable,89,case_level,/sqli-05/BenchmarkTest02545,https://localhost:8443/benchmark/sqli-05/BenchmarkTest02545,POST_form,GET_delegates_to_POST,formparam,formparam,1,BenchmarkTest02545,text/html;charset=UTF-8,insert,insert;execute_update,write_or_state_changing,executeUpdate,writer_output_detected,not_applicable_non_destructive_conflict,adapter_feasible,not_applicable_non_destructive_conflict,EXCLUDED,false,false,form_parameter_adapter,submit original form parameters with deterministic values,write/state-changing SQL conflicts with non-destructive verifier philosophy,write/state-changing SQL conflicts with non-destructive verifier philosophy,not_applicable,no_ranker_candidate_for_incompatible_case,not_applicable,,,,benchmark_case_id;expected_result;ground_truth;label;query_text;source_file;sql_operation_category;sql_statement;vulnerability_label,,audited,executeUpdate call statically detected
BenchmarkTest02546,OWASP Benchmark Java,1.2,ba2e3f9a29fa3bde6a5c073d679393c9b94f025f,src\main\java\org\owasp\benchmark\testcode\BenchmarkTest02546.java,expectedresults-1.2.csv,sqli,non_vulnerable,89,case_level,/sqli-05/BenchmarkTest02546,https://localhost:8443/benchmark/sqli-05/BenchmarkTest02546,POST_form,GET_delegates_to_POST,formparam,formparam,1,BenchmarkTest02546,text/html;charset=UTF-8,insert,insert;execute_update,write_or_state_changing,executeUpdate,writer_output_detected,not_applicable_non_destructive_conflict,adapter_feasible,not_applicable_non_destructive_conflict,EXCLUDED,false,false,form_parameter_adapter,submit original form parameters with deterministic values,write/state-changing SQL conflicts with non-destructive verifier philosophy,write/state-changing SQL conflicts with non-destructive verifier philosophy,not_applicable,no_ranker_candidate_for_incompatible_case,not_applicable,,,,benchmark_case_id;expected_result;ground_truth;label;query_text;source_file;sql_operation_category;sql_statement;vulnerability_label,,audited,executeUpdate call statically detected
BenchmarkTest02625,OWASP Benchmark Java,1.2,ba2e3f9a29fa3bde6a5c073d679393c9b94f025f,src\main\java\org\owasp\benchmark\testcode\BenchmarkTest02625.java,expectedresults-1.2.csv,sqli,vulnerable,89,case_level,/sqli-05/BenchmarkTest02625,https://localhost:8443/benchmark/sqli-05/BenchmarkTest02625,GET_query,GET_delegates_to_POST,getparam+getparam+getparam,getparam,3,password;username;BenchmarkTest02625,text/html;charset=UTF-8,stored_procedure,stored_procedure;execute_query,stored_procedure_ambiguous,executeQuery;prepareCall,result_rows_written,not_applicable_stored_procedure_ambiguous,adapter_feasible,not_applicable_stored_procedure_ambiguous,EXCLUDED,false,false,multi_query_parameter_adapter,preserve original query parameter set and replace only the audited controllable value,stored procedure behavior cannot be assumed read-only by static audit,stored procedure behavior cannot be assumed read-only by static audit,not_applicable,no_ranker_candidate_for_incompatible_case,not_applicable,,,,benchmark_case_id;expected_result;ground_truth;label;query_text;source_file;sql_operation_category;sql_statement;vulnerability_label,,audited,stored procedure call statically detected
BenchmarkTest02626,OWASP Benchmark Java,1.2,ba2e3f9a29fa3bde6a5c073d679393c9b94f025f,src\main\java\org\owasp\benchmark\testcode\BenchmarkTest02626.java,expectedresults-1.2.csv,sqli,non_vulnerable,89,case_level,/sqli-05/BenchmarkTest02626,https://localhost:8443/benchmark/sqli-05/BenchmarkTest02626,GET_query,GET_delegates_to_POST,getparam+getparam+getparam,getparam,3,password;username;BenchmarkTest02626,text/html;charset=UTF-8,stored_procedure,stored_procedure;execute_query,stored_procedure_ambiguous,executeQuery;prepareCall,result_rows_written,not_applicable_stored_procedure_ambiguous,adapter_feasible,not_applicable_stored_procedure_ambiguous,EXCLUDED,false,false,multi_query_parameter_adapter,preserve original query parameter set and replace only the audited controllable value,stored procedure behavior cannot be assumed read-only by static audit,stored procedure behavior cannot be assumed read-only by static audit,not_applicable,no_ranker_candidate_for_incompatible_case,not_applicable,,,,benchmark_case_id;expected_result;ground_truth;label;query_text;source_file;sql_operation_category;sql_statement;vulnerability_label,,audited,stored procedure call statically detected
BenchmarkTest02627,OWASP Benchmark Java,1.2,ba2e3f9a29fa3bde6a5c073d679393c9b94f025f,src\main\java\org\owasp\benchmark\testcode\BenchmarkTest02627.java,expectedresults-1.2.csv,sqli,vulnerable,89,case_level,/sqli-05/BenchmarkTest02627,https://localhost:8443/benchmark/sqli-05/BenchmarkTest02627,GET_query,GET_delegates_to_POST,getparam+getparam+getparam,getparam,3,password;username;BenchmarkTest02627,text/html;charset=UTF-8,stored_procedure,stored_procedure;execute_query,stored_procedure_ambiguous,executeQuery;prepareCall,result_rows_written,not_applicable_stored_procedure_ambiguous,adapter_feasible,not_applicable_stored_procedure_ambiguous,EXCLUDED,false,false,multi_query_parameter_adapter,preserve original query parameter set and replace only the audited controllable value,stored procedure behavior cannot be assumed read-only by static audit,stored procedure behavior cannot be assumed read-only by static audit,not_applicable,no_ranker_candidate_for_incompatible_case,not_applicable,,,,benchmark_case_id;expected_result;ground_truth;label;query_text;source_file;sql_operation_category;sql_statement;vulnerability_label,,audited,stored procedure call statically detected
BenchmarkTest02628,OWASP Benchmark Java,1.2,ba2e3f9a29fa3bde6a5c073d679393c9b94f025f,src\main\java\org\owasp\benchmark\testcode\BenchmarkTest02628.java,expectedresults-1.2.csv,sqli,vulnerable,89,case_level,/sqli-05/BenchmarkTest02628,https://localhost:8443/benchmark/sqli-05/BenchmarkTest02628,GET_query,GET_delegates_to_POST,getparam+getparam+getparam,getparam,3,password;username;BenchmarkTest02628,text/html;charset=UTF-8,stored_procedure,stored_procedure;execute_query,stored_procedure_ambiguous,executeQuery;prepareCall,result_rows_written,not_applicable_stored_procedure_ambiguous,adapter_feasible,not_applicable_stored_procedure_ambiguous,EXCLUDED,false,false,multi_query_parameter_adapter,preserve original query parameter set and replace only the audited controllable value,stored procedure behavior cannot be assumed read-only by static audit,stored procedure behavior cannot be assumed read-only by static audit,not_applicable,no_ranker_candidate_for_incompatible_case,not_applicable,,,,benchmark_case_id;expected_result;ground_truth;label;query_text;source_file;sql_operation_category;sql_statement;vulnerability_label,,audited,stored procedure call statically detected
BenchmarkTest02629,OWASP Benchmark Java,1.2,ba2e3f9a29fa3bde6a5c073d679393c9b94f025f,src\main\java\org\owasp\benchmark\testcode\BenchmarkTest02629.java,expectedresults-1.2.csv,sqli,non_vulnerable,89,case_level,/sqli-05/BenchmarkTest02629,https://localhost:8443/benchmark/sqli-05/BenchmarkTest02629,GET_query,GET_delegates_to_POST,getparam+getparam+getparam,getparam,3,password;username;BenchmarkTest02629,text/html;charset=UTF-8,stored_procedure,stored_procedure;execute_query,stored_procedure_ambiguous,executeQuery;prepareCall,result_rows_written,not_applicable_stored_procedure_ambiguous,adapter_feasible,not_applicable_stored_procedure_ambiguous,EXCLUDED,false,false,multi_query_parameter_adapter,preserve original query parameter set and replace only the audited controllable value,stored procedure behavior cannot be assumed read-only by static audit,stored procedure behavior cannot be assumed read-only by static audit,not_applicable,no_ranker_candidate_for_incompatible_case,not_applicable,,,,benchmark_case_id;expected_result;ground_truth;label;query_text;source_file;sql_operation_category;sql_statement;vulnerability_label,,audited,stored procedure call statically detected
BenchmarkTest02630,OWASP Benchmark Java,1.2,ba2e3f9a29fa3bde6a5c073d679393c9b94f025f,src\main\java\org\owasp\benchmark\testcode\BenchmarkTest02630.java,expectedresults-1.2.csv,sqli,vulnerable,89,case_level,/sqli-05/BenchmarkTest02630,https://localhost:8443/benchmark/sqli-05/BenchmarkTest02630,GET_query,GET_delegates_to_POST,getparam+getparam+getparam,getparam,3,password;username;BenchmarkTest02630,text/html;charset=UTF-8,stored_procedure,stored_procedure;execute_query,stored_procedure_ambiguous,executeQuery;prepareCall,result_rows_written,not_applicable_stored_procedure_ambiguous,adapter_feasible,not_applicable_stored_procedure_ambiguous,EXCLUDED,false,false,multi_query_parameter_adapter,preserve original query parameter set and replace only the audited controllable value,stored procedure behavior cannot be assumed read-only by static audit,stored procedure behavior cannot be assumed read-only by static audit,not_applicable,no_ranker_candidate_for_incompatible_case,not_applicable,,,,benchmark_case_id;expected_result;ground_truth;label;query_text;source_file;sql_operation_category;sql_statement;vulnerability_label,,audited,stored procedure call statically detected
BenchmarkTest02631,OWASP Benchmark Java,1.2,ba2e3f9a29fa3bde6a5c073d679393c9b94f025f,src\main\java\org\owasp\benchmark\testcode\BenchmarkTest02631.java,expectedresults-1.2.csv,sqli,non_vulnerable,89,case_level,/sqli-05/BenchmarkTest02631,https://localhost:8443/benchmark/sqli-05/BenchmarkTest02631,GET_query,GET_delegates_to_POST,getparam+getparam+getparam,getparam,3,password;username;BenchmarkTest02631,text/html;charset=UTF-8,select_like,select;prepared_statement,read_like,execute;prepareStatement,result_rows_written,plausible_runtime_validation_required,adapter_feasible,plausible_runtime_validation_required,ADAPTER_SUPPORTED,true,true,multi_query_parameter_adapter,preserve original query parameter set and replace only the audited controllable value,,original case may be preserved with deterministic transport adapter; runtime boolean validation still required,proposed_schema,,true,os15-c000464,/external-v15/case-000464,candidate_id;sanitized_action_path;http_method;input_carrier;input_count_category;editable_input_count;multiple_parameters;transport_adapter_category;request_shape,benchmark_case_id;expected_result;ground_truth;label;query_text;source_file;sql_operation_category;sql_statement;vulnerability_label,"{""candidate_id"": ""os15-c000464"", ""editable_input_count"": 3, ""http_method"": ""GET"", ""input_carrier"": ""query_parameter"", ""input_count_category"": ""small_multi"", ""multiple_parameters"": true, ""request_shape"": ""query"", ""sanitized_action_path"": ""/external-v15/case-000464"", ""transport_adapter_category"": ""query_multi""}",audited,static source inspection completed
BenchmarkTest02632,OWASP Benchmark Java,1.2,ba2e3f9a29fa3bde6a5c073d679393c9b94f025f,src\main\java\org\owasp\benchmark\testcode\BenchmarkTest02632.java,expectedresults-1.2.csv,sqli,vulnerable,89,case_level,/sqli-05/BenchmarkTest02632,https://localhost:8443/benchmark/sqli-05/BenchmarkTest02632,GET_query,GET_delegates_to_POST,getparam+getparam+getparam,getparam,3,password;username;BenchmarkTest02632,text/html;charset=UTF-8,select_like,select;prepared_statement,read_like,execute;prepareStatement,result_rows_written,plausible_runtime_validation_required,adapter_feasible,plausible_runtime_validation_required,ADAPTER_SUPPORTED,true,true,multi_query_parameter_adapter,preserve original query parameter set and replace only the audited controllable value,,original case may be preserved with deterministic transport adapter; runtime boolean validation still required,proposed_schema,,true,os15-c000465,/external-v15/case-000465,candidate_id;sanitized_action_path;http_method;input_carrier;input_count_category;editable_input_count;multiple_parameters;transport_adapter_category;request_shape,benchmark_case_id;expected_result;ground_truth;label;query_text;source_file;sql_operation_category;sql_statement;vulnerability_label,"{""candidate_id"": ""os15-c000465"", ""editable_input_count"": 3, ""http_method"": ""GET"", ""input_carrier"": ""query_parameter"", ""input_count_category"": ""small_multi"", ""multiple_parameters"": true, ""request_shape"": ""query"", ""sanitized_action_path"": ""/external-v15/case-000465"", ""transport_adapter_category"": ""query_multi""}",audited,static source inspection completed
BenchmarkTest02633,OWASP Benchmark Java,1.2,ba2e3f9a29fa3bde6a5c073d679393c9b94f025f,src\main\java\org\owasp\benchmark\testcode\BenchmarkTest02633.java,expectedresults-1.2.csv,sqli,non_vulnerable,89,case_level,/sqli-05/BenchmarkTest02633,https://localhost:8443/benchmark/sqli-05/BenchmarkTest02633,GET_query,GET_delegates_to_POST,getparam+getparam+getparam,getparam,3,password;username;BenchmarkTest02633,text/html;charset=UTF-8,select_like,select;prepared_statement,read_like,execute;prepareStatement,result_rows_written,plausible_runtime_validation_required,adapter_feasible,plausible_runtime_validation_required,ADAPTER_SUPPORTED,true,true,multi_query_parameter_adapter,preserve original query parameter set and replace only the audited controllable value,,original case may be preserved with deterministic transport adapter; runtime boolean validation still required,proposed_schema,,true,os15-c000466,/external-v15/case-000466,candidate_id;sanitized_action_path;http_method;input_carrier;input_count_category;editable_input_count;multiple_parameters;transport_adapter_category;request_shape,benchmark_case_id;expected_result;ground_truth;label;query_text;source_file;sql_operation_category;sql_statement;vulnerability_label,"{""candidate_id"": ""os15-c000466"", ""editable_input_count"": 3, ""http_method"": ""GET"", ""input_carrier"": ""query_parameter"", ""input_count_category"": ""small_multi"", ""multiple_parameters"": true, ""request_shape"": ""query"", ""sanitized_action_path"": ""/external-v15/case-000466"", ""transport_adapter_category"": ""query_multi""}",audited,static source inspection completed
BenchmarkTest02634,OWASP Benchmark Java,1.2,ba2e3f9a29fa3bde6a5c073d679393c9b94f025f,src\main\java\org\owasp\benchmark\testcode\BenchmarkTest02634.java,expectedresults-1.2.csv,sqli,non_vulnerable,89,case_level,/sqli-05/BenchmarkTest02634,https://localhost:8443/benchmark/sqli-05/BenchmarkTest02634,GET_query,GET_delegates_to_POST,getparam+getparam+getparam,getparam,3,password;username;BenchmarkTest02634,text/html;charset=UTF-8,select_like,select;prepared_statement,read_like,execute;prepareStatement,result_rows_written,plausible_runtime_validation_required,adapter_feasible,plausible_runtime_validation_required,ADAPTER_SUPPORTED,true,true,multi_query_parameter_adapter,preserve original query parameter set and replace only the audited controllable value,,original case may be preserved with deterministic transport adapter; runtime boolean validation still required,proposed_schema,,true,os15-c000467,/external-v15/case-000467,candidate_id;sanitized_action_path;http_method;input_carrier;input_count_category;editable_input_count;multiple_parameters;transport_adapter_category;request_shape,benchmark_case_id;expected_result;ground_truth;label;query_text;source_file;sql_operation_category;sql_statement;vulnerability_label,"{""candidate_id"": ""os15-c000467"", ""editable_input_count"": 3, ""http_method"": ""GET"", ""input_carrier"": ""query_parameter"", ""input_count_category"": ""small_multi"", ""multiple_parameters"": true, ""request_shape"": ""query"", ""sanitized_action_path"": ""/external-v15/case-000467"", ""transport_adapter_category"": ""query_multi""}",audited,static source inspection completed
BenchmarkTest02635,OWASP Benchmark Java,1.2,ba2e3f9a29fa3bde6a5c073d679393c9b94f025f,src\main\java\org\owasp\benchmark\testcode\BenchmarkTest02635.java,expectedresults-1.2.csv,sqli,vulnerable,89,case_level,/sqli-05/BenchmarkTest02635,https://localhost:8443/benchmark/sqli-05/BenchmarkTest02635,GET_query,GET_delegates_to_POST,getparam+getparam+getparam,getparam,3,password;username;BenchmarkTest02635,text/html;charset=UTF-8,select_like,select;prepared_statement,read_like,execute;prepareStatement,result_rows_written,plausible_runtime_validation_required,adapter_feasible,plausible_runtime_validation_required,ADAPTER_SUPPORTED,true,true,multi_query_parameter_adapter,preserve original query parameter set and replace only the audited controllable value,,original case may be preserved with deterministic transport adapter; runtime boolean validation still required,proposed_schema,,true,os15-c000468,/external-v15/case-000468,candidate_id;sanitized_action_path;http_method;input_carrier;input_count_category;editable_input_count;multiple_parameters;transport_adapter_category;request_shape,benchmark_case_id;expected_result;ground_truth;label;query_text;source_file;sql_operation_category;sql_statement;vulnerability_label,"{""candidate_id"": ""os15-c000468"", ""editable_input_count"": 3, ""http_method"": ""GET"", ""input_carrier"": ""query_parameter"", ""input_count_category"": ""small_multi"", ""multiple_parameters"": true, ""request_shape"": ""query"", ""sanitized_action_path"": ""/external-v15/case-000468"", ""transport_adapter_category"": ""query_multi""}",audited,static source inspection completed
BenchmarkTest02636,OWASP Benchmark Java,1.2,ba2e3f9a29fa3bde6a5c073d679393c9b94f025f,src\main\java\org\owasp\benchmark\testcode\BenchmarkTest02636.java,expectedresults-1.2.csv,sqli,non_vulnerable,89,case_level,/sqli-05/BenchmarkTest02636,https://localhost:8443/benchmark/sqli-05/BenchmarkTest02636,GET_query,GET_delegates_to_POST,getparam+getparam+getparam,getparam,3,password;username;BenchmarkTest02636,text/html;charset=UTF-8,select_like,select;prepared_statement,read_like,execute;prepareStatement,result_rows_written,plausible_runtime_validation_required,adapter_feasible,plausible_runtime_validation_required,ADAPTER_SUPPORTED,true,true,multi_query_parameter_adapter,preserve original query parameter set and replace only the audited controllable value,,original case may be preserved with deterministic transport adapter; runtime boolean validation still required,proposed_schema,,true,os15-c000469,/external-v15/case-000469,candidate_id;sanitized_action_path;http_method;input_carrier;input_count_category;editable_input_count;multiple_parameters;transport_adapter_category;request_shape,benchmark_case_id;expected_result;ground_truth;label;query_text;source_file;sql_operation_category;sql_statement;vulnerability_label,"{""candidate_id"": ""os15-c000469"", ""editable_input_count"": 3, ""http_method"": ""GET"", ""input_carrier"": ""query_parameter"", ""input_count_category"": ""small_multi"", ""multiple_parameters"": true, ""request_shape"": ""query"", ""sanitized_action_path"": ""/external-v15/case-000469"", ""transport_adapter_category"": ""query_multi""}",audited,static source inspection completed
BenchmarkTest02637,OWASP Benchmark Java,1.2,ba2e3f9a29fa3bde6a5c073d679393c9b94f025f,src\main\java\org\owasp\benchmark\testcode\BenchmarkTest02637.java,expectedresults-1.2.csv,sqli,non_vulnerable,89,case_level,/sqli-05/BenchmarkTest02637,https://localhost:8443/benchmark/sqli-05/BenchmarkTest02637,GET_query,GET_delegates_to_POST,getparam+getparam+getparam,getparam,3,password;username;BenchmarkTest02637,text/html;charset=UTF-8,select_like,select;prepared_statement,read_like,execute;prepareStatement,result_rows_written,plausible_runtime_validation_required,adapter_feasible,plausible_runtime_validation_required,ADAPTER_SUPPORTED,true,true,multi_query_parameter_adapter,preserve original query parameter set and replace only the audited controllable value,,original case may be preserved with deterministic transport adapter; runtime boolean validation still required,proposed_schema,,true,os15-c000470,/external-v15/case-000470,candidate_id;sanitized_action_path;http_method;input_carrier;input_count_category;editable_input_count;multiple_parameters;transport_adapter_category;request_shape,benchmark_case_id;expected_result;ground_truth;label;query_text;source_file;sql_operation_category;sql_statement;vulnerability_label,"{""candidate_id"": ""os15-c000470"", ""editable_input_count"": 3, ""http_method"": ""GET"", ""input_carrier"": ""query_parameter"", ""input_count_category"": ""small_multi"", ""multiple_parameters"": true, ""request_shape"": ""query"", ""sanitized_action_path"": ""/external-v15/case-000470"", ""transport_adapter_category"": ""query_multi""}",audited,static source inspection completed
BenchmarkTest02638,OWASP Benchmark Java,1.2,ba2e3f9a29fa3bde6a5c073d679393c9b94f025f,src\main\java\org\owasp\benchmark\testcode\BenchmarkTest02638.java,expectedresults-1.2.csv,sqli,vulnerable,89,case_level,/sqli-05/BenchmarkTest02638,https://localhost:8443/benchmark/sqli-05/BenchmarkTest02638,GET_query,GET_delegates_to_POST,getparam+getparam+getparam,getparam,3,password;username;BenchmarkTest02638,text/html;charset=UTF-8,select_like,select,read_like,unknown,writer_output_detected,manual_review_required,adapter_feasible,manual_review_required,MANUAL_REVIEW,false,false,multi_query_parameter_adapter,preserve original query parameter set and replace only the audited controllable value,read-like SQL detected but static response oracle is insufficient,read-like SQL detected but static response oracle is insufficient,not_applicable,no_ranker_candidate_for_incompatible_case,not_applicable,,,,benchmark_case_id;expected_result;ground_truth;label;query_text;source_file;sql_operation_category;sql_statement;vulnerability_label,,audited,static source inspection completed
BenchmarkTest02639,OWASP Benchmark Java,1.2,ba2e3f9a29fa3bde6a5c073d679393c9b94f025f,src\main\java\org\owasp\benchmark\testcode\BenchmarkTest02639.java,expectedresults-1.2.csv,sqli,non_vulnerable,89,case_level,/sqli-05/BenchmarkTest02639,https://localhost:8443/benchmark/sqli-05/BenchmarkTest02639,GET_query,GET_delegates_to_POST,getparam+getparam+getparam,getparam,3,password;username;BenchmarkTest02639,text/html;charset=UTF-8,select_like,select,read_like,execute,writer_output_detected,manual_review_required,adapter_feasible,manual_review_required,MANUAL_REVIEW,false,false,multi_query_parameter_adapter,preserve original query parameter set and replace only the audited controllable value,read-like SQL detected but static response oracle is insufficient,read-like SQL detected but static response oracle is insufficient,not_applicable,no_ranker_candidate_for_incompatible_case,not_applicable,,,,benchmark_case_id;expected_result;ground_truth;label;query_text;source_file;sql_operation_category;sql_statement;vulnerability_label,,audited,static source inspection completed
BenchmarkTest02640,OWASP Benchmark Java,1.2,ba2e3f9a29fa3bde6a5c073d679393c9b94f025f,src\main\java\org\owasp\benchmark\testcode\BenchmarkTest02640.java,expectedresults-1.2.csv,sqli,non_vulnerable,89,case_level,/sqli-05/BenchmarkTest02640,https://localhost:8443/benchmark/sqli-05/BenchmarkTest02640,GET_query,GET_delegates_to_POST,getparam+getparam+getparam,getparam,3,password;username;BenchmarkTest02640,text/html;charset=UTF-8,select_like,select,read_like,execute,writer_output_detected,manual_review_required,adapter_feasible,manual_review_required,MANUAL_REVIEW,false,false,multi_query_parameter_adapter,preserve original query parameter set and replace only the audited controllable value,read-like SQL detected but static response oracle is insufficient,read-like SQL detected but static response oracle is insufficient,not_applicable,no_ranker_candidate_for_incompatible_case,not_applicable,,,,benchmark_case_id;expected_result;ground_truth;label;query_text;source_file;sql_operation_category;sql_statement;vulnerability_label,,audited,static source inspection completed
BenchmarkTest02641,OWASP Benchmark Java,1.2,ba2e3f9a29fa3bde6a5c073d679393c9b94f025f,src\main\java\org\owasp\benchmark\testcode\BenchmarkTest02641.java,expectedresults-1.2.csv,sqli,vulnerable,89,case_level,/sqli-05/BenchmarkTest02641,https://localhost:8443/benchmark/sqli-05/BenchmarkTest02641,GET_query,GET_delegates_to_POST,getparam+getparam+getparam,getparam,3,password;username;BenchmarkTest02641,text/html;charset=UTF-8,select_like,select,read_like,unknown,writer_output_detected,manual_review_required,adapter_feasible,manual_review_required,MANUAL_REVIEW,false,false,multi_query_parameter_adapter,preserve original query parameter set and replace only the audited controllable value,read-like SQL detected but static response oracle is insufficient,read-like SQL detected but static response oracle is insufficient,not_applicable,no_ranker_candidate_for_incompatible_case,not_applicable,,,,benchmark_case_id;expected_result;ground_truth;label;query_text;source_file;sql_operation_category;sql_statement;vulnerability_label,,audited,static source inspection completed
BenchmarkTest02642,OWASP Benchmark Java,1.2,ba2e3f9a29fa3bde6a5c073d679393c9b94f025f,src\main\java\org\owasp\benchmark\testcode\BenchmarkTest02642.java,expectedresults-1.2.csv,sqli,vulnerable,89,case_level,/sqli-05/BenchmarkTest02642,https://localhost:8443/benchmark/sqli-05/BenchmarkTest02642,GET_query,GET_delegates_to_POST,getparam+getparam+getparam,getparam,3,password;username;BenchmarkTest02642,text/html;charset=UTF-8,select_like,select,read_like,unknown,writer_output_detected,manual_review_required,adapter_feasible,manual_review_required,MANUAL_REVIEW,false,false,multi_query_parameter_adapter,preserve original query parameter set and replace only the audited controllable value,read-like SQL detected but static response oracle is insufficient,read-like SQL detected but static response oracle is insufficient,not_applicable,no_ranker_candidate_for_incompatible_case,not_applicable,,,,benchmark_case_id;expected_result;ground_truth;label;query_text;source_file;sql_operation_category;sql_statement;vulnerability_label,,audited,static source inspection completed
BenchmarkTest02643,OWASP Benchmark Java,1.2,ba2e3f9a29fa3bde6a5c073d679393c9b94f025f,src\main\java\org\owasp\benchmark\testcode\BenchmarkTest02643.java,expectedresults-1.2.csv,sqli,vulnerable,89,case_level,/sqli-05/BenchmarkTest02643,https://localhost:8443/benchmark/sqli-05/BenchmarkTest02643,GET_query,GET_delegates_to_POST,getparam+getparam+getparam,getparam,3,password;username;BenchmarkTest02643,text/html;charset=UTF-8,select_like,select,read_like,unknown,writer_output_detected,manual_review_required,adapter_feasible,manual_review_required,MANUAL_REVIEW,false,false,multi_query_parameter_adapter,preserve original query parameter set and replace only the audited controllable value,read-like SQL detected but static response oracle is insufficient,read-like SQL detected but static response oracle is insufficient,not_applicable,no_ranker_candidate_for_incompatible_case,not_applicable,,,,benchmark_case_id;expected_result;ground_truth;label;query_text;source_file;sql_operation_category;sql_statement;vulnerability_label,,audited,static source inspection completed
BenchmarkTest02644,OWASP Benchmark Java,1.2,ba2e3f9a29fa3bde6a5c073d679393c9b94f025f,src\main\java\org\owasp\benchmark\testcode\BenchmarkTest02644.java,expectedresults-1.2.csv,sqli,vulnerable,89,case_level,/sqli-05/BenchmarkTest02644,https://localhost:8443/benchmark/sqli-05/BenchmarkTest02644,GET_query,GET_delegates_to_POST,getparam+getparam+getparam,getparam,3,password;username;BenchmarkTest02644,text/html;charset=UTF-8,select_like,select,read_like,unknown,result_rows_written,plausible_runtime_validation_required,adapter_feasible,plausible_runtime_validation_required,ADAPTER_SUPPORTED,true,true,multi_query_parameter_adapter,preserve original query parameter set and replace only the audited controllable value,,original case may be preserved with deterministic transport adapter; runtime boolean validation still required,proposed_schema,,true,os15-c000477,/external-v15/case-000477,candidate_id;sanitized_action_path;http_method;input_carrier;input_count_category;editable_input_count;multiple_parameters;transport_adapter_category;request_shape,benchmark_case_id;expected_result;ground_truth;label;query_text;source_file;sql_operation_category;sql_statement;vulnerability_label,"{""candidate_id"": ""os15-c000477"", ""editable_input_count"": 3, ""http_method"": ""GET"", ""input_carrier"": ""query_parameter"", ""input_count_category"": ""small_multi"", ""multiple_parameters"": true, ""request_shape"": ""query"", ""sanitized_action_path"": ""/external-v15/case-000477"", ""transport_adapter_category"": ""query_multi""}",audited,static source inspection completed
BenchmarkTest02645,OWASP Benchmark Java,1.2,ba2e3f9a29fa3bde6a5c073d679393c9b94f025f,src\main\java\org\owasp\benchmark\testcode\BenchmarkTest02645.java,expectedresults-1.2.csv,sqli,vulnerable,89,case_level,/sqli-05/BenchmarkTest02645,https://localhost:8443/benchmark/sqli-05/BenchmarkTest02645,GET_query,GET_delegates_to_POST,getparam+getparam+getparam,getparam,3,password;username;BenchmarkTest02645,text/html;charset=UTF-8,select_like,select,read_like,unknown,result_rows_written,plausible_runtime_validation_required,adapter_feasible,plausible_runtime_validation_required,ADAPTER_SUPPORTED,true,true,multi_query_parameter_adapter,preserve original query parameter set and replace only the audited controllable value,,original case may be preserved with deterministic transport adapter; runtime boolean validation still required,proposed_schema,,true,os15-c000478,/external-v15/case-000478,candidate_id;sanitized_action_path;http_method;input_carrier;input_count_category;editable_input_count;multiple_parameters;transport_adapter_category;request_shape,benchmark_case_id;expected_result;ground_truth;label;query_text;source_file;sql_operation_category;sql_statement;vulnerability_label,"{""candidate_id"": ""os15-c000478"", ""editable_input_count"": 3, ""http_method"": ""GET"", ""input_carrier"": ""query_parameter"", ""input_count_category"": ""small_multi"", ""multiple_parameters"": true, ""request_shape"": ""query"", ""sanitized_action_path"": ""/external-v15/case-000478"", ""transport_adapter_category"": ""query_multi""}",audited,static source inspection completed
BenchmarkTest02646,OWASP Benchmark Java,1.2,ba2e3f9a29fa3bde6a5c073d679393c9b94f025f,src\main\java\org\owasp\benchmark\testcode\BenchmarkTest02646.java,expectedresults-1.2.csv,sqli,vulnerable,89,case_level,/sqli-05/BenchmarkTest02646,https://localhost:8443/benchmark/sqli-05/BenchmarkTest02646,GET_query,GET_delegates_to_POST,getparam+getparam+getparam,getparam,3,password;username;BenchmarkTest02646,text/html;charset=UTF-8,select_like,select,read_like,unknown,writer_output_detected,manual_review_required,adapter_feasible,manual_review_required,MANUAL_REVIEW,false,false,multi_query_parameter_adapter,preserve original query parameter set and replace only the audited controllable value,read-like SQL detected but static response oracle is insufficient,read-like SQL detected but static response oracle is insufficient,not_applicable,no_ranker_candidate_for_incompatible_case,not_applicable,,,,benchmark_case_id;expected_result;ground_truth;label;query_text;source_file;sql_operation_category;sql_statement;vulnerability_label,,audited,static source inspection completed
BenchmarkTest02647,OWASP Benchmark Java,1.2,ba2e3f9a29fa3bde6a5c073d679393c9b94f025f,src\main\java\org\owasp\benchmark\testcode\BenchmarkTest02647.java,expectedresults-1.2.csv,sqli,vulnerable,89,case_level,/sqli-05/BenchmarkTest02647,https://localhost:8443/benchmark/sqli-05/BenchmarkTest02647,GET_query,GET_delegates_to_POST,getparam+getparam+getparam,getparam,3,password;username;BenchmarkTest02647,text/html;charset=UTF-8,select_like,select,read_like,unknown,result_rows_written,plausible_runtime_validation_required,adapter_feasible,plausible_runtime_validation_required,ADAPTER_SUPPORTED,true,true,multi_query_parameter_adapter,preserve original query parameter set and replace only the audited controllable value,,original case may be preserved with deterministic transport adapter; runtime boolean validation still required,proposed_schema,,true,os15-c000480,/external-v15/case-000480,candidate_id;sanitized_action_path;http_method;input_carrier;input_count_category;editable_input_count;multiple_parameters;transport_adapter_category;request_shape,benchmark_case_id;expected_result;ground_truth;label;query_text;source_file;sql_operation_category;sql_statement;vulnerability_label,"{""candidate_id"": ""os15-c000480"", ""editable_input_count"": 3, ""http_method"": ""GET"", ""input_carrier"": ""query_parameter"", ""input_count_category"": ""small_multi"", ""multiple_parameters"": true, ""request_shape"": ""query"", ""sanitized_action_path"": ""/external-v15/case-000480"", ""transport_adapter_category"": ""query_multi""}",audited,static source inspection completed
BenchmarkTest02648,OWASP Benchmark Java,1.2,ba2e3f9a29fa3bde6a5c073d679393c9b94f025f,src\main\java\org\owasp\benchmark\testcode\BenchmarkTest02648.java,expectedresults-1.2.csv,sqli,non_vulnerable,89,case_level,/sqli-06/BenchmarkTest02648,https://localhost:8443/benchmark/sqli-06/BenchmarkTest02648,GET_query,GET_delegates_to_POST,getparam+getparam+getparam,getparam,3,password;username;BenchmarkTest02648,text/html;charset=UTF-8,select_like,select,read_like,execute,result_rows_written,plausible_runtime_validation_required,adapter_feasible,plausible_runtime_validation_required,ADAPTER_SUPPORTED,true,true,multi_query_parameter_adapter,preserve original query parameter set and replace only the audited controllable value,,original case may be preserved with deterministic transport adapter; runtime boolean validation still required,proposed_schema,,true,os15-c000481,/external-v15/case-000481,candidate_id;sanitized_action_path;http_method;input_carrier;input_count_category;editable_input_count;multiple_parameters;transport_adapter_category;request_shape,benchmark_case_id;expected_result;ground_truth;label;query_text;source_file;sql_operation_category;sql_statement;vulnerability_label,"{""candidate_id"": ""os15-c000481"", ""editable_input_count"": 3, ""http_method"": ""GET"", ""input_carrier"": ""query_parameter"", ""input_count_category"": ""small_multi"", ""multiple_parameters"": true, ""request_shape"": ""query"", ""sanitized_action_path"": ""/external-v15/case-000481"", ""transport_adapter_category"": ""query_multi""}",audited,static source inspection completed
BenchmarkTest02649,OWASP Benchmark Java,1.2,ba2e3f9a29fa3bde6a5c073d679393c9b94f025f,src\main\java\org\owasp\benchmark\testcode\BenchmarkTest02649.java,expectedresults-1.2.csv,sqli,vulnerable,89,case_level,/sqli-06/BenchmarkTest02649,https://localhost:8443/benchmark/sqli-06/BenchmarkTest02649,GET_query,GET_delegates_to_POST,getparam+getparam+getparam,getparam,3,password;username;BenchmarkTest02649,text/html;charset=UTF-8,select_like,select,read_like,execute,result_rows_written,plausible_runtime_validation_required,adapter_feasible,plausible_runtime_validation_required,ADAPTER_SUPPORTED,true,true,multi_query_parameter_adapter,preserve original query parameter set and replace only the audited controllable value,,original case may be preserved with deterministic transport adapter; runtime boolean validation still required,proposed_schema,,true,os15-c000482,/external-v15/case-000482,candidate_id;sanitized_action_path;http_method;input_carrier;input_count_category;editable_input_count;multiple_parameters;transport_adapter_category;request_shape,benchmark_case_id;expected_result;ground_truth;label;query_text;source_file;sql_operation_category;sql_statement;vulnerability_label,"{""candidate_id"": ""os15-c000482"", ""editable_input_count"": 3, ""http_method"": ""GET"", ""input_carrier"": ""query_parameter"", ""input_count_category"": ""small_multi"", ""multiple_parameters"": true, ""request_shape"": ""query"", ""sanitized_action_path"": ""/external-v15/case-000482"", ""transport_adapter_category"": ""query_multi""}",audited,static source inspection completed
BenchmarkTest02650,OWASP Benchmark Java,1.2,ba2e3f9a29fa3bde6a5c073d679393c9b94f025f,src\main\java\org\owasp\benchmark\testcode\BenchmarkTest02650.java,expectedresults-1.2.csv,sqli,vulnerable,89,case_level,/sqli-06/BenchmarkTest02650,https://localhost:8443/benchmark/sqli-06/BenchmarkTest02650,GET_query,GET_delegates_to_POST,getparam+getparam+getparam,getparam,3,password;username;BenchmarkTest02650,text/html;charset=UTF-8,select_like,select,read_like,execute,result_rows_written,plausible_runtime_validation_required,adapter_feasible,plausible_runtime_validation_required,ADAPTER_SUPPORTED,true,true,multi_query_parameter_adapter,preserve original query parameter set and replace only the audited controllable value,,original case may be preserved with deterministic transport adapter; runtime boolean validation still required,proposed_schema,,true,os15-c000483,/external-v15/case-000483,candidate_id;sanitized_action_path;http_method;input_carrier;input_count_category;editable_input_count;multiple_parameters;transport_adapter_category;request_shape,benchmark_case_id;expected_result;ground_truth;label;query_text;source_file;sql_operation_category;sql_statement;vulnerability_label,"{""candidate_id"": ""os15-c000483"", ""editable_input_count"": 3, ""http_method"": ""GET"", ""input_carrier"": ""query_parameter"", ""input_count_category"": ""small_multi"", ""multiple_parameters"": true, ""request_shape"": ""query"", ""sanitized_action_path"": ""/external-v15/case-000483"", ""transport_adapter_category"": ""query_multi""}",audited,static source inspection completed
BenchmarkTest02651,OWASP Benchmark Java,1.2,ba2e3f9a29fa3bde6a5c073d679393c9b94f025f,src\main\java\org\owasp\benchmark\testcode\BenchmarkTest02651.java,expectedresults-1.2.csv,sqli,vulnerable,89,case_level,/sqli-06/BenchmarkTest02651,https://localhost:8443/benchmark/sqli-06/BenchmarkTest02651,GET_query,GET_delegates_to_POST,getparam+getparam+getparam,getparam,3,password;username;BenchmarkTest02651,text/html;charset=UTF-8,select_like,select,read_like,execute,result_rows_written,plausible_runtime_validation_required,adapter_feasible,plausible_runtime_validation_required,ADAPTER_SUPPORTED,true,true,multi_query_parameter_adapter,preserve original query parameter set and replace only the audited controllable value,,original case may be preserved with deterministic transport adapter; runtime boolean validation still required,proposed_schema,,true,os15-c000484,/external-v15/case-000484,candidate_id;sanitized_action_path;http_method;input_carrier;input_count_category;editable_input_count;multiple_parameters;transport_adapter_category;request_shape,benchmark_case_id;expected_result;ground_truth;label;query_text;source_file;sql_operation_category;sql_statement;vulnerability_label,"{""candidate_id"": ""os15-c000484"", ""editable_input_count"": 3, ""http_method"": ""GET"", ""input_carrier"": ""query_parameter"", ""input_count_category"": ""small_multi"", ""multiple_parameters"": true, ""request_shape"": ""query"", ""sanitized_action_path"": ""/external-v15/case-000484"", ""transport_adapter_category"": ""query_multi""}",audited,static source inspection completed
BenchmarkTest02652,OWASP Benchmark Java,1.2,ba2e3f9a29fa3bde6a5c073d679393c9b94f025f,src\main\java\org\owasp\benchmark\testcode\BenchmarkTest02652.java,expectedresults-1.2.csv,sqli,non_vulnerable,89,case_level,/sqli-06/BenchmarkTest02652,https://localhost:8443/benchmark/sqli-06/BenchmarkTest02652,GET_query,GET_delegates_to_POST,getparam+getparam+getparam,getparam,3,password;username;BenchmarkTest02652,text/html;charset=UTF-8,select_like,select,read_like,execute,result_rows_written,plausible_runtime_validation_required,adapter_feasible,plausible_runtime_validation_required,ADAPTER_SUPPORTED,true,true,multi_query_parameter_adapter,preserve original query parameter set and replace only the audited controllable value,,original case may be preserved with deterministic transport adapter; runtime boolean validation still required,proposed_schema,,true,os15-c000485,/external-v15/case-000485,candidate_id;sanitized_action_path;http_method;input_carrier;input_count_category;editable_input_count;multiple_parameters;transport_adapter_category;request_shape,benchmark_case_id;expected_result;ground_truth;label;query_text;source_file;sql_operation_category;sql_statement;vulnerability_label,"{""candidate_id"": ""os15-c000485"", ""editable_input_count"": 3, ""http_method"": ""GET"", ""input_carrier"": ""query_parameter"", ""input_count_category"": ""small_multi"", ""multiple_parameters"": true, ""request_shape"": ""query"", ""sanitized_action_path"": ""/external-v15/case-000485"", ""transport_adapter_category"": ""query_multi""}",audited,static source inspection completed
BenchmarkTest02653,OWASP Benchmark Java,1.2,ba2e3f9a29fa3bde6a5c073d679393c9b94f025f,src\main\java\org\owasp\benchmark\testcode\BenchmarkTest02653.java,expectedresults-1.2.csv,sqli,vulnerable,89,case_level,/sqli-06/BenchmarkTest02653,https://localhost:8443/benchmark/sqli-06/BenchmarkTest02653,GET_query,GET_delegates_to_POST,getparam+getparam+getparam,getparam,3,password;username;BenchmarkTest02653,text/html;charset=UTF-8,select_like,select;execute_query,read_like,executeQuery,result_rows_written,plausible_runtime_validation_required,adapter_feasible,plausible_runtime_validation_required,ADAPTER_SUPPORTED,true,true,multi_query_parameter_adapter,preserve original query parameter set and replace only the audited controllable value,,original case may be preserved with deterministic transport adapter; runtime boolean validation still required,proposed_schema,,true,os15-c000486,/external-v15/case-000486,candidate_id;sanitized_action_path;http_method;input_carrier;input_count_category;editable_input_count;multiple_parameters;transport_adapter_category;request_shape,benchmark_case_id;expected_result;ground_truth;label;query_text;source_file;sql_operation_category;sql_statement;vulnerability_label,"{""candidate_id"": ""os15-c000486"", ""editable_input_count"": 3, ""http_method"": ""GET"", ""input_carrier"": ""query_parameter"", ""input_count_category"": ""small_multi"", ""multiple_parameters"": true, ""request_shape"": ""query"", ""sanitized_action_path"": ""/external-v15/case-000486"", ""transport_adapter_category"": ""query_multi""}",audited,static source inspection completed
BenchmarkTest02654,OWASP Benchmark Java,1.2,ba2e3f9a29fa3bde6a5c073d679393c9b94f025f,src\main\java\org\owasp\benchmark\testcode\BenchmarkTest02654.java,expectedresults-1.2.csv,sqli,vulnerable,89,case_level,/sqli-06/BenchmarkTest02654,https://localhost:8443/benchmark/sqli-06/BenchmarkTest02654,GET_query,GET_delegates_to_POST,getparam+getparam+getparam,getparam,3,password;username;BenchmarkTest02654,text/html;charset=UTF-8,insert,insert;execute_update,write_or_state_changing,executeUpdate,writer_output_detected,not_applicable_non_destructive_conflict,adapter_feasible,not_applicable_non_destructive_conflict,EXCLUDED,false,false,multi_query_parameter_adapter,preserve original query parameter set and replace only the audited controllable value,write/state-changing SQL conflicts with non-destructive verifier philosophy,write/state-changing SQL conflicts with non-destructive verifier philosophy,not_applicable,no_ranker_candidate_for_incompatible_case,not_applicable,,,,benchmark_case_id;expected_result;ground_truth;label;query_text;source_file;sql_operation_category;sql_statement;vulnerability_label,,audited,executeUpdate call statically detected
BenchmarkTest02655,OWASP Benchmark Java,1.2,ba2e3f9a29fa3bde6a5c073d679393c9b94f025f,src\main\java\org\owasp\benchmark\testcode\BenchmarkTest02655.java,expectedresults-1.2.csv,sqli,vulnerable,89,case_level,/sqli-06/BenchmarkTest02655,https://localhost:8443/benchmark/sqli-06/BenchmarkTest02655,GET_query,GET_delegates_to_POST,getparam+getparam+getparam,getparam,3,password;username;BenchmarkTest02655,text/html;charset=UTF-8,insert,insert;execute_update,write_or_state_changing,executeUpdate,writer_output_detected,not_applicable_non_destructive_conflict,adapter_feasible,not_applicable_non_destructive_conflict,EXCLUDED,false,false,multi_query_parameter_adapter,preserve original query parameter set and replace only the audited controllable value,write/state-changing SQL conflicts with non-destructive verifier philosophy,write/state-changing SQL conflicts with non-destructive verifier philosophy,not_applicable,no_ranker_candidate_for_incompatible_case,not_applicable,,,,benchmark_case_id;expected_result;ground_truth;label;query_text;source_file;sql_operation_category;sql_statement;vulnerability_label,,audited,executeUpdate call statically detected
BenchmarkTest02656,OWASP Benchmark Java,1.2,ba2e3f9a29fa3bde6a5c073d679393c9b94f025f,src\main\java\org\owasp\benchmark\testcode\BenchmarkTest02656.java,expectedresults-1.2.csv,sqli,vulnerable,89,case_level,/sqli-06/BenchmarkTest02656,https://localhost:8443/benchmark/sqli-06/BenchmarkTest02656,GET_query,GET_delegates_to_POST,getparam+getparam+getparam,getparam,3,password;username;BenchmarkTest02656,text/html;charset=UTF-8,insert,insert;execute_update,write_or_state_changing,executeUpdate,writer_output_detected,not_applicable_non_destructive_conflict,adapter_feasible,not_applicable_non_destructive_conflict,EXCLUDED,false,false,multi_query_parameter_adapter,preserve original query parameter set and replace only the audited controllable value,write/state-changing SQL conflicts with non-destructive verifier philosophy,write/state-changing SQL conflicts with non-destructive verifier philosophy,not_applicable,no_ranker_candidate_for_incompatible_case,not_applicable,,,,benchmark_case_id;expected_result;ground_truth;label;query_text;source_file;sql_operation_category;sql_statement;vulnerability_label,,audited,executeUpdate call statically detected
BenchmarkTest02657,OWASP Benchmark Java,1.2,ba2e3f9a29fa3bde6a5c073d679393c9b94f025f,src\main\java\org\owasp\benchmark\testcode\BenchmarkTest02657.java,expectedresults-1.2.csv,sqli,non_vulnerable,89,case_level,/sqli-06/BenchmarkTest02657,https://localhost:8443/benchmark/sqli-06/BenchmarkTest02657,GET_query,GET_delegates_to_POST,getparam+getparam+getparam,getparam,3,password;username;BenchmarkTest02657,text/html;charset=UTF-8,insert,insert;execute_update,write_or_state_changing,executeUpdate,writer_output_detected,not_applicable_non_destructive_conflict,adapter_feasible,not_applicable_non_destructive_conflict,EXCLUDED,false,false,multi_query_parameter_adapter,preserve original query parameter set and replace only the audited controllable value,write/state-changing SQL conflicts with non-destructive verifier philosophy,write/state-changing SQL conflicts with non-destructive verifier philosophy,not_applicable,no_ranker_candidate_for_incompatible_case,not_applicable,,,,benchmark_case_id;expected_result;ground_truth;label;query_text;source_file;sql_operation_category;sql_statement;vulnerability_label,,audited,executeUpdate call statically detected
BenchmarkTest02727,OWASP Benchmark Java,1.2,ba2e3f9a29fa3bde6a5c073d679393c9b94f025f,src\main\java\org\owasp\benchmark\testcode\BenchmarkTest02727.java,expectedresults-1.2.csv,sqli,non_vulnerable,89,case_level,/sqli-06/BenchmarkTest02727,https://localhost:8443/benchmark/sqli-06/BenchmarkTest02727,GET_query,GET_delegates_to_POST,getparam+getparam+getparam,getparam,3,password;username;BenchmarkTest02727,text/html;charset=UTF-8,select_like,select;prepared_statement,read_like,execute;prepareStatement,result_rows_written,plausible_runtime_validation_required,adapter_feasible,plausible_runtime_validation_required,ADAPTER_SUPPORTED,true,true,multi_query_parameter_adapter,preserve original query parameter set and replace only the audited controllable value,,original case may be preserved with deterministic transport adapter; runtime boolean validation still required,proposed_schema,,true,os15-c000491,/external-v15/case-000491,candidate_id;sanitized_action_path;http_method;input_carrier;input_count_category;editable_input_count;multiple_parameters;transport_adapter_category;request_shape,benchmark_case_id;expected_result;ground_truth;label;query_text;source_file;sql_operation_category;sql_statement;vulnerability_label,"{""candidate_id"": ""os15-c000491"", ""editable_input_count"": 3, ""http_method"": ""GET"", ""input_carrier"": ""query_parameter"", ""input_count_category"": ""small_multi"", ""multiple_parameters"": true, ""request_shape"": ""query"", ""sanitized_action_path"": ""/external-v15/case-000491"", ""transport_adapter_category"": ""query_multi""}",audited,static source inspection completed
BenchmarkTest02728,OWASP Benchmark Java,1.2,ba2e3f9a29fa3bde6a5c073d679393c9b94f025f,src\main\java\org\owasp\benchmark\testcode\BenchmarkTest02728.java,expectedresults-1.2.csv,sqli,non_vulnerable,89,case_level,/sqli-06/BenchmarkTest02728,https://localhost:8443/benchmark/sqli-06/BenchmarkTest02728,POST_form,GET_delegates_to_POST,formparam+formparam+formparam,formparam,3,password;email;BenchmarkTest02728,text/html;charset=UTF-8,select_like,select;prepared_statement,read_like,execute;prepareStatement,result_rows_written,plausible_runtime_validation_required,adapter_feasible,plausible_runtime_validation_required,ADAPTER_SUPPORTED,true,true,form_parameter_adapter;multi_form_parameter_adapter,submit original form parameters with deterministic values;preserve companion form parameters,,original case may be preserved with deterministic transport adapter; runtime boolean validation still required,proposed_schema,,true,os15-c000492,/external-v15/case-000492,candidate_id;sanitized_action_path;http_method;input_carrier;input_count_category;editable_input_count;multiple_parameters;transport_adapter_category;request_shape,benchmark_case_id;expected_result;ground_truth;label;query_text;source_file;sql_operation_category;sql_statement;vulnerability_label,"{""candidate_id"": ""os15-c000492"", ""editable_input_count"": 3, ""http_method"": ""POST_or_request_metadata"", ""input_carrier"": ""form_parameter"", ""input_count_category"": ""small_multi"", ""multiple_parameters"": true, ""request_shape"": ""form"", ""sanitized_action_path"": ""/external-v15/case-000492"", ""transport_adapter_category"": ""form""}",audited,static source inspection completed
BenchmarkTest02729,OWASP Benchmark Java,1.2,ba2e3f9a29fa3bde6a5c073d679393c9b94f025f,src\main\java\org\owasp\benchmark\testcode\BenchmarkTest02729.java,expectedresults-1.2.csv,sqli,non_vulnerable,89,case_level,/sqli-06/BenchmarkTest02729,https://localhost:8443/benchmark/sqli-06/BenchmarkTest02729,POST_form,GET_delegates_to_POST,formparam+formparam+formparam+formparam,formparam,4,productID;secure;foo;BenchmarkTest02729,text/html;charset=UTF-8,select_like,select;prepared_statement,read_like,execute;prepareStatement,result_rows_written,plausible_runtime_validation_required,adapter_feasible,plausible_runtime_validation_required,ADAPTER_SUPPORTED,true,true,form_parameter_adapter;multi_form_parameter_adapter,submit original form parameters with deterministic values;preserve companion form parameters,,original case may be preserved with deterministic transport adapter; runtime boolean validation still required,proposed_schema,,true,os15-c000493,/external-v15/case-000493,candidate_id;sanitized_action_path;http_method;input_carrier;input_count_category;editable_input_count;multiple_parameters;transport_adapter_category;request_shape,benchmark_case_id;expected_result;ground_truth;label;query_text;source_file;sql_operation_category;sql_statement;vulnerability_label,"{""candidate_id"": ""os15-c000493"", ""editable_input_count"": 4, ""http_method"": ""POST_or_request_metadata"", ""input_carrier"": ""form_parameter"", ""input_count_category"": ""larger_multi"", ""multiple_parameters"": true, ""request_shape"": ""form"", ""sanitized_action_path"": ""/external-v15/case-000493"", ""transport_adapter_category"": ""form""}",audited,static source inspection completed
BenchmarkTest02730,OWASP Benchmark Java,1.2,ba2e3f9a29fa3bde6a5c073d679393c9b94f025f,src\main\java\org\owasp\benchmark\testcode\BenchmarkTest02730.java,expectedresults-1.2.csv,sqli,non_vulnerable,89,case_level,/sqli-06/BenchmarkTest02730,https://localhost:8443/benchmark/sqli-06/BenchmarkTest02730,POST_form,GET_delegates_to_POST,formparam,formparam,1,BenchmarkTest02730,text/html;charset=UTF-8,select_like,select;prepared_statement,read_like,execute;prepareStatement,result_rows_written,plausible_runtime_validation_required,adapter_feasible,plausible_runtime_validation_required,ADAPTER_SUPPORTED,true,true,form_parameter_adapter,submit original form parameters with deterministic values,,original case may be preserved with deterministic transport adapter; runtime boolean validation still required,proposed_schema,,true,os15-c000494,/external-v15/case-000494,candidate_id;sanitized_action_path;http_method;input_carrier;input_count_category;editable_input_count;multiple_parameters;transport_adapter_category;request_shape,benchmark_case_id;expected_result;ground_truth;label;query_text;source_file;sql_operation_category;sql_statement;vulnerability_label,"{""candidate_id"": ""os15-c000494"", ""editable_input_count"": 1, ""http_method"": ""POST_or_request_metadata"", ""input_carrier"": ""form_parameter"", ""input_count_category"": ""single"", ""multiple_parameters"": false, ""request_shape"": ""form"", ""sanitized_action_path"": ""/external-v15/case-000494"", ""transport_adapter_category"": ""form""}",audited,static source inspection completed
BenchmarkTest02731,OWASP Benchmark Java,1.2,ba2e3f9a29fa3bde6a5c073d679393c9b94f025f,src\main\java\org\owasp\benchmark\testcode\BenchmarkTest02731.java,expectedresults-1.2.csv,sqli,non_vulnerable,89,case_level,/sqli-06/BenchmarkTest02731,https://localhost:8443/benchmark/sqli-06/BenchmarkTest02731,POST_form,GET_delegates_to_POST,formparam,formparam,1,BenchmarkTest02731,text/html;charset=UTF-8,select_like,select,read_like,unknown,writer_output_detected,manual_review_required,adapter_feasible,manual_review_required,MANUAL_REVIEW,false,false,form_parameter_adapter,submit original form parameters with deterministic values,read-like SQL detected but static response oracle is insufficient,read-like SQL detected but static response oracle is insufficient,not_applicable,no_ranker_candidate_for_incompatible_case,not_applicable,,,,benchmark_case_id;expected_result;ground_truth;label;query_text;source_file;sql_operation_category;sql_statement;vulnerability_label,,audited,static source inspection completed
BenchmarkTest02732,OWASP Benchmark Java,1.2,ba2e3f9a29fa3bde6a5c073d679393c9b94f025f,src\main\java\org\owasp\benchmark\testcode\BenchmarkTest02732.java,expectedresults-1.2.csv,sqli,non_vulnerable,89,case_level,/sqli-06/BenchmarkTest02732,https://localhost:8443/benchmark/sqli-06/BenchmarkTest02732,GET_query,GET_delegates_to_POST,getparam+getparam+getparam,getparam,3,password;username;BenchmarkTest02732,text/html;charset=UTF-8,select_like,select,read_like,unknown,writer_output_detected,manual_review_required,adapter_feasible,manual_review_required,MANUAL_REVIEW,false,false,multi_query_parameter_adapter,preserve original query parameter set and replace only the audited controllable value,read-like SQL detected but static response oracle is insufficient,read-like SQL detected but static response oracle is insufficient,not_applicable,no_ranker_candidate_for_incompatible_case,not_applicable,,,,benchmark_case_id;expected_result;ground_truth;label;query_text;source_file;sql_operation_category;sql_statement;vulnerability_label,,audited,static source inspection completed
BenchmarkTest02733,OWASP Benchmark Java,1.2,ba2e3f9a29fa3bde6a5c073d679393c9b94f025f,src\main\java\org\owasp\benchmark\testcode\BenchmarkTest02733.java,expectedresults-1.2.csv,sqli,non_vulnerable,89,case_level,/sqli-06/BenchmarkTest02733,https://localhost:8443/benchmark/sqli-06/BenchmarkTest02733,POST_form,GET_delegates_to_POST,formparam+formparam+formparam,formparam,3,password;email;BenchmarkTest02733,text/html;charset=UTF-8,select_like,select,read_like,unknown,writer_output_detected,manual_review_required,adapter_feasible,manual_review_required,MANUAL_REVIEW,false,false,form_parameter_adapter;multi_form_parameter_adapter,submit original form parameters with deterministic values;preserve companion form parameters,read-like SQL detected but static response oracle is insufficient,read-like SQL detected but static response oracle is insufficient,not_applicable,no_ranker_candidate_for_incompatible_case,not_applicable,,,,benchmark_case_id;expected_result;ground_truth;label;query_text;source_file;sql_operation_category;sql_statement;vulnerability_label,,audited,static source inspection completed
BenchmarkTest02734,OWASP Benchmark Java,1.2,ba2e3f9a29fa3bde6a5c073d679393c9b94f025f,src\main\java\org\owasp\benchmark\testcode\BenchmarkTest02734.java,expectedresults-1.2.csv,sqli,non_vulnerable,89,case_level,/sqli-06/BenchmarkTest02734,https://localhost:8443/benchmark/sqli-06/BenchmarkTest02734,POST_form,GET_delegates_to_POST,formparam+formparam+formparam+formparam,formparam,4,productID;secure;foo;BenchmarkTest02734,text/html;charset=UTF-8,select_like,select,read_like,unknown,writer_output_detected,manual_review_required,adapter_feasible,manual_review_required,MANUAL_REVIEW,false,false,form_parameter_adapter;multi_form_parameter_adapter,submit original form parameters with deterministic values;preserve companion form parameters,read-like SQL detected but static response oracle is insufficient,read-like SQL detected but static response oracle is insufficient,not_applicable,no_ranker_candidate_for_incompatible_case,not_applicable,,,,benchmark_case_id;expected_result;ground_truth;label;query_text;source_file;sql_operation_category;sql_statement;vulnerability_label,,audited,static source inspection completed
BenchmarkTest02735,OWASP Benchmark Java,1.2,ba2e3f9a29fa3bde6a5c073d679393c9b94f025f,src\main\java\org\owasp\benchmark\testcode\BenchmarkTest02735.java,expectedresults-1.2.csv,sqli,non_vulnerable,89,case_level,/sqli-06/BenchmarkTest02735,https://localhost:8443/benchmark/sqli-06/BenchmarkTest02735,POST_form,GET_delegates_to_POST,formparam,formparam,1,BenchmarkTest02735,text/html;charset=UTF-8,select_like,select,read_like,unknown,writer_output_detected,manual_review_required,adapter_feasible,manual_review_required,MANUAL_REVIEW,false,false,form_parameter_adapter,submit original form parameters with deterministic values,read-like SQL detected but static response oracle is insufficient,read-like SQL detected but static response oracle is insufficient,not_applicable,no_ranker_candidate_for_incompatible_case,not_applicable,,,,benchmark_case_id;expected_result;ground_truth;label;query_text;source_file;sql_operation_category;sql_statement;vulnerability_label,,audited,static source inspection completed
BenchmarkTest02736,OWASP Benchmark Java,1.2,ba2e3f9a29fa3bde6a5c073d679393c9b94f025f,src\main\java\org\owasp\benchmark\testcode\BenchmarkTest02736.java,expectedresults-1.2.csv,sqli,non_vulnerable,89,case_level,/sqli-06/BenchmarkTest02736,https://localhost:8443/benchmark/sqli-06/BenchmarkTest02736,POST_form,GET_delegates_to_POST,formparam,formparam,1,BenchmarkTest02736,text/html;charset=UTF-8,select_like,select,read_like,unknown,writer_output_detected,manual_review_required,adapter_feasible,manual_review_required,MANUAL_REVIEW,false,false,form_parameter_adapter,submit original form parameters with deterministic values,read-like SQL detected but static response oracle is insufficient,read-like SQL detected but static response oracle is insufficient,not_applicable,no_ranker_candidate_for_incompatible_case,not_applicable,,,,benchmark_case_id;expected_result;ground_truth;label;query_text;source_file;sql_operation_category;sql_statement;vulnerability_label,,audited,static source inspection completed
BenchmarkTest02737,OWASP Benchmark Java,1.2,ba2e3f9a29fa3bde6a5c073d679393c9b94f025f,src\main\java\org\owasp\benchmark\testcode\BenchmarkTest02737.java,expectedresults-1.2.csv,sqli,non_vulnerable,89,case_level,/sqli-06/BenchmarkTest02737,https://localhost:8443/benchmark/sqli-06/BenchmarkTest02737,GET_query,GET_delegates_to_POST,getparam+getparam+getparam,getparam,3,password;username;BenchmarkTest02737,text/html;charset=UTF-8,select_like,select,read_like,unknown,result_rows_written,plausible_runtime_validation_required,adapter_feasible,plausible_runtime_validation_required,ADAPTER_SUPPORTED,true,true,multi_query_parameter_adapter,preserve original query parameter set and replace only the audited controllable value,,original case may be preserved with deterministic transport adapter; runtime boolean validation still required,proposed_schema,,true,os15-c000501,/external-v15/case-000501,candidate_id;sanitized_action_path;http_method;input_carrier;input_count_category;editable_input_count;multiple_parameters;transport_adapter_category;request_shape,benchmark_case_id;expected_result;ground_truth;label;query_text;source_file;sql_operation_category;sql_statement;vulnerability_label,"{""candidate_id"": ""os15-c000501"", ""editable_input_count"": 3, ""http_method"": ""GET"", ""input_carrier"": ""query_parameter"", ""input_count_category"": ""small_multi"", ""multiple_parameters"": true, ""request_shape"": ""query"", ""sanitized_action_path"": ""/external-v15/case-000501"", ""transport_adapter_category"": ""query_multi""}",audited,static source inspection completed
BenchmarkTest02738,OWASP Benchmark Java,1.2,ba2e3f9a29fa3bde6a5c073d679393c9b94f025f,src\main\java\org\owasp\benchmark\testcode\BenchmarkTest02738.java,expectedresults-1.2.csv,sqli,non_vulnerable,89,case_level,/sqli-06/BenchmarkTest02738,https://localhost:8443/benchmark/sqli-06/BenchmarkTest02738,POST_form,GET_delegates_to_POST,formparam+formparam+formparam,formparam,3,password;email;BenchmarkTest02738,text/html;charset=UTF-8,select_like,select,read_like,execute,result_rows_written,plausible_runtime_validation_required,adapter_feasible,plausible_runtime_validation_required,ADAPTER_SUPPORTED,true,true,form_parameter_adapter;multi_form_parameter_adapter,submit original form parameters with deterministic values;preserve companion form parameters,,original case may be preserved with deterministic transport adapter; runtime boolean validation still required,proposed_schema,,true,os15-c000502,/external-v15/case-000502,candidate_id;sanitized_action_path;http_method;input_carrier;input_count_category;editable_input_count;multiple_parameters;transport_adapter_category;request_shape,benchmark_case_id;expected_result;ground_truth;label;query_text;source_file;sql_operation_category;sql_statement;vulnerability_label,"{""candidate_id"": ""os15-c000502"", ""editable_input_count"": 3, ""http_method"": ""POST_or_request_metadata"", ""input_carrier"": ""form_parameter"", ""input_count_category"": ""small_multi"", ""multiple_parameters"": true, ""request_shape"": ""form"", ""sanitized_action_path"": ""/external-v15/case-000502"", ""transport_adapter_category"": ""form""}",audited,static source inspection completed
BenchmarkTest02739,OWASP Benchmark Java,1.2,ba2e3f9a29fa3bde6a5c073d679393c9b94f025f,src\main\java\org\owasp\benchmark\testcode\BenchmarkTest02739.java,expectedresults-1.2.csv,sqli,non_vulnerable,89,case_level,/sqli-06/BenchmarkTest02739,https://localhost:8443/benchmark/sqli-06/BenchmarkTest02739,POST_form,GET_delegates_to_POST,formparam+formparam+formparam+formparam,formparam,4,productID;secure;foo;BenchmarkTest02739,text/html;charset=UTF-8,select_like,select,read_like,execute,result_rows_written,plausible_runtime_validation_required,adapter_feasible,plausible_runtime_validation_required,ADAPTER_SUPPORTED,true,true,form_parameter_adapter;multi_form_parameter_adapter,submit original form parameters with deterministic values;preserve companion form parameters,,original case may be preserved with deterministic transport adapter; runtime boolean validation still required,proposed_schema,,true,os15-c000503,/external-v15/case-000503,candidate_id;sanitized_action_path;http_method;input_carrier;input_count_category;editable_input_count;multiple_parameters;transport_adapter_category;request_shape,benchmark_case_id;expected_result;ground_truth;label;query_text;source_file;sql_operation_category;sql_statement;vulnerability_label,"{""candidate_id"": ""os15-c000503"", ""editable_input_count"": 4, ""http_method"": ""POST_or_request_metadata"", ""input_carrier"": ""form_parameter"", ""input_count_category"": ""larger_multi"", ""multiple_parameters"": true, ""request_shape"": ""form"", ""sanitized_action_path"": ""/external-v15/case-000503"", ""transport_adapter_category"": ""form""}",audited,static source inspection completed
BenchmarkTest02740,OWASP Benchmark Java,1.2,ba2e3f9a29fa3bde6a5c073d679393c9b94f025f,src\main\java\org\owasp\benchmark\testcode\BenchmarkTest02740.java,expectedresults-1.2.csv,sqli,non_vulnerable,89,case_level,/sqli-06/BenchmarkTest02740,https://localhost:8443/benchmark/sqli-06/BenchmarkTest02740,POST_form,GET_delegates_to_POST,formparam,formparam,1,BenchmarkTest02740,text/html;charset=UTF-8,insert,insert;execute_update,write_or_state_changing,executeUpdate,writer_output_detected,not_applicable_non_destructive_conflict,adapter_feasible,not_applicable_non_destructive_conflict,EXCLUDED,false,false,form_parameter_adapter,submit original form parameters with deterministic values,write/state-changing SQL conflicts with non-destructive verifier philosophy,write/state-changing SQL conflicts with non-destructive verifier philosophy,not_applicable,no_ranker_candidate_for_incompatible_case,not_applicable,,,,benchmark_case_id;expected_result;ground_truth;label;query_text;source_file;sql_operation_category;sql_statement;vulnerability_label,,audited,executeUpdate call statically detected
