sequence,arm_id,scenario_id,trial_number,snapshot_path,candidate_test_budget,top_k,scored
1,deterministic_structural,os15-s0001,1,model-facing/candidate-snapshots/os15-s0001.json,4,4,true
2,deterministic_structural,os15-s0002,1,model-facing/candidate-snapshots/os15-s0002.json,4,4,true
3,deterministic_structural,os15-s0003,1,model-facing/candidate-snapshots/os15-s0003.json,4,4,true
4,deterministic_structural,os15-s0004,1,model-facing/candidate-snapshots/os15-s0004.json,4,4,true
5,deterministic_structural,os15-s0005,1,model-facing/candidate-snapshots/os15-s0005.json,4,4,true
6,deterministic_structural,os15-s0006,1,model-facing/candidate-snapshots/os15-s0006.json,4,4,true
7,deterministic_structural,os15-s0007,1,model-facing/candidate-snapshots/os15-s0007.json,4,4,true
8,deterministic_structural,os15-s0008,1,model-facing/candidate-snapshots/os15-s0008.json,4,4,true
9,deterministic_structural,os15-s0009,1,model-facing/candidate-snapshots/os15-s0009.json,4,4,true
10,deterministic_structural,os15-s0010,1,model-facing/candidate-snapshots/os15-s0010.json,4,4,true
11,deterministic_structural,os15-s0011,1,model-facing/candidate-snapshots/os15-s0011.json,4,4,true
12,deterministic_structural,os15-s0012,1,model-facing/candidate-snapshots/os15-s0012.json,4,4,true
13,deterministic_structural,os15-s0013,1,model-facing/candidate-snapshots/os15-s0013.json,4,4,true
14,deterministic_structural,os15-s0014,1,model-facing/candidate-snapshots/os15-s0014.json,4,4,true
15,deterministic_structural,os15-s0015,1,model-facing/candidate-snapshots/os15-s0015.json,4,4,true
16,deterministic_structural,os15-s0016,1,model-facing/candidate-snapshots/os15-s0016.json,4,4,true
17,deterministic_structural,os15-s0017,1,model-facing/candidate-snapshots/os15-s0017.json,4,4,true
18,deterministic_structural,os15-s0018,1,model-facing/candidate-snapshots/os15-s0018.json,4,4,true
19,deterministic_structural,os15-s0019,1,model-facing/candidate-snapshots/os15-s0019.json,4,4,true
20,deterministic_structural,os15-s0020,1,model-facing/candidate-snapshots/os15-s0020.json,4,4,true
21,deterministic_structural,os15-s0021,1,model-facing/candidate-snapshots/os15-s0021.json,4,4,true
22,deterministic_structural,os15-s0022,1,model-facing/candidate-snapshots/os15-s0022.json,4,4,true
23,deterministic_structural,os15-s0023,1,model-facing/candidate-snapshots/os15-s0023.json,4,4,true
24,deterministic_structural,os15-s0024,1,model-facing/candidate-snapshots/os15-s0024.json,4,4,true
25,deterministic_structural,os15-s0025,1,model-facing/candidate-snapshots/os15-s0025.json,4,4,true
26,deterministic_structural,os15-s0026,1,model-facing/candidate-snapshots/os15-s0026.json,4,4,true
27,deterministic_structural,os15-s0027,1,model-facing/candidate-snapshots/os15-s0027.json,4,4,true
28,deterministic_structural,os15-s0028,1,model-facing/candidate-snapshots/os15-s0028.json,4,4,true
29,deterministic_structural,os15-s0029,1,model-facing/candidate-snapshots/os15-s0029.json,4,4,true
30,deterministic_structural,os15-s0030,1,model-facing/candidate-snapshots/os15-s0030.json,4,4,true
31,deterministic_structural,os15-s0031,1,model-facing/candidate-snapshots/os15-s0031.json,4,4,true
32,deterministic_structural,os15-s0032,1,model-facing/candidate-snapshots/os15-s0032.json,4,4,true
33,deterministic_structural,os15-s0033,1,model-facing/candidate-snapshots/os15-s0033.json,4,4,true
34,deterministic_structural,os15-s0034,1,model-facing/candidate-snapshots/os15-s0034.json,4,4,true
35,deterministic_structural,os15-s0035,1,model-facing/candidate-snapshots/os15-s0035.json,4,4,true
36,deterministic_structural,os15-s0036,1,model-facing/candidate-snapshots/os15-s0036.json,4,4,true
37,deterministic_structural,os15-s0037,1,model-facing/candidate-snapshots/os15-s0037.json,4,4,true
38,deterministic_structural,os15-s0038,1,model-facing/candidate-snapshots/os15-s0038.json,4,4,true
39,deterministic_structural,os15-s0039,1,model-facing/candidate-snapshots/os15-s0039.json,4,4,true
40,deterministic_structural,os15-s0040,1,model-facing/candidate-snapshots/os15-s0040.json,4,4,true
41,deterministic_structural,os15-s0041,1,model-facing/candidate-snapshots/os15-s0041.json,4,4,true
42,deterministic_structural,os15-s0042,1,model-facing/candidate-snapshots/os15-s0042.json,4,4,true
43,deterministic_structural,os15-s0043,1,model-facing/candidate-snapshots/os15-s0043.json,4,4,true
44,deterministic_structural,os15-s0044,1,model-facing/candidate-snapshots/os15-s0044.json,4,4,true
45,deterministic_structural,os15-s0045,1,model-facing/candidate-snapshots/os15-s0045.json,4,4,true
46,deterministic_structural,os15-s0046,1,model-facing/candidate-snapshots/os15-s0046.json,4,4,true
47,deterministic_structural,os15-s0047,1,model-facing/candidate-snapshots/os15-s0047.json,4,4,true
48,deterministic_structural,os15-s0048,1,model-facing/candidate-snapshots/os15-s0048.json,4,4,true
49,deterministic_structural,os15-s0049,1,model-facing/candidate-snapshots/os15-s0049.json,4,4,true
50,deterministic_structural,os15-s0050,1,model-facing/candidate-snapshots/os15-s0050.json,4,4,true
51,deterministic_structural,os15-s0051,1,model-facing/candidate-snapshots/os15-s0051.json,4,4,true
52,deterministic_structural,os15-s0052,1,model-facing/candidate-snapshots/os15-s0052.json,4,4,true
53,deterministic_structural,os15-s0053,1,model-facing/candidate-snapshots/os15-s0053.json,4,4,true
54,deterministic_structural,os15-s0054,1,model-facing/candidate-snapshots/os15-s0054.json,4,4,true
55,deterministic_structural,os15-s0055,1,model-facing/candidate-snapshots/os15-s0055.json,4,4,true
56,deterministic_structural,os15-s0056,1,model-facing/candidate-snapshots/os15-s0056.json,4,4,true
57,deterministic_structural,os15-s0057,1,model-facing/candidate-snapshots/os15-s0057.json,4,4,true
58,deterministic_structural,os15-s0058,1,model-facing/candidate-snapshots/os15-s0058.json,4,4,true
59,deterministic_structural,os15-s0059,1,model-facing/candidate-snapshots/os15-s0059.json,4,4,true
60,deterministic_structural,os15-s0060,1,model-facing/candidate-snapshots/os15-s0060.json,4,4,true
61,deterministic_structural,os15-s0061,1,model-facing/candidate-snapshots/os15-s0061.json,4,4,true
62,deterministic_structural,os15-s0062,1,model-facing/candidate-snapshots/os15-s0062.json,4,4,true
63,deterministic_structural,os15-s0063,1,model-facing/candidate-snapshots/os15-s0063.json,4,4,true
64,deterministic_structural,os15-s0064,1,model-facing/candidate-snapshots/os15-s0064.json,4,4,true
65,deterministic_structural,os15-s0065,1,model-facing/candidate-snapshots/os15-s0065.json,4,4,true
66,deterministic_structural,os15-s0066,1,model-facing/candidate-snapshots/os15-s0066.json,4,4,true
67,deterministic_structural,os15-s0067,1,model-facing/candidate-snapshots/os15-s0067.json,4,4,true
68,deterministic_structural,os15-s0068,1,model-facing/candidate-snapshots/os15-s0068.json,4,4,true
69,deterministic_structural,os15-s0069,1,model-facing/candidate-snapshots/os15-s0069.json,4,4,true
70,deterministic_structural,os15-s0070,1,model-facing/candidate-snapshots/os15-s0070.json,4,4,true
71,deterministic_structural,os15-s0071,1,model-facing/candidate-snapshots/os15-s0071.json,4,4,true
72,deterministic_structural,os15-s0072,1,model-facing/candidate-snapshots/os15-s0072.json,4,4,true
73,deterministic_structural,os15-s0073,1,model-facing/candidate-snapshots/os15-s0073.json,4,4,true
74,deterministic_structural,os15-s0074,1,model-facing/candidate-snapshots/os15-s0074.json,4,4,true
75,deterministic_structural,os15-s0075,1,model-facing/candidate-snapshots/os15-s0075.json,4,4,true
76,deterministic_structural,os15-s0076,1,model-facing/candidate-snapshots/os15-s0076.json,4,4,true
77,deterministic_structural,os15-s0077,1,model-facing/candidate-snapshots/os15-s0077.json,4,4,true
78,deterministic_structural,os15-s0078,1,model-facing/candidate-snapshots/os15-s0078.json,4,4,true
79,deterministic_structural,os15-s0079,1,model-facing/candidate-snapshots/os15-s0079.json,4,4,true
80,deterministic_structural,os15-s0080,1,model-facing/candidate-snapshots/os15-s0080.json,4,4,true
81,deterministic_structural,os15-s0081,1,model-facing/candidate-snapshots/os15-s0081.json,4,4,true
82,deterministic_structural,os15-s0082,1,model-facing/candidate-snapshots/os15-s0082.json,4,4,true
83,deterministic_structural,os15-s0083,1,model-facing/candidate-snapshots/os15-s0083.json,4,4,true
84,deterministic_structural,os15-s0084,1,model-facing/candidate-snapshots/os15-s0084.json,4,4,true
85,deterministic_structural,os15-s0085,1,model-facing/candidate-snapshots/os15-s0085.json,4,4,true
86,deterministic_structural,os15-s0086,1,model-facing/candidate-snapshots/os15-s0086.json,4,4,true
87,deterministic_structural,os15-s0087,1,model-facing/candidate-snapshots/os15-s0087.json,4,4,true
88,deterministic_structural,os15-s0088,1,model-facing/candidate-snapshots/os15-s0088.json,4,4,true
89,deterministic_structural,os15-s0089,1,model-facing/candidate-snapshots/os15-s0089.json,4,4,true
90,deterministic_structural,os15-s0090,1,model-facing/candidate-snapshots/os15-s0090.json,4,4,true
91,deterministic_structural,os15-s0091,1,model-facing/candidate-snapshots/os15-s0091.json,4,4,true
92,deterministic_structural,os15-s0092,1,model-facing/candidate-snapshots/os15-s0092.json,4,4,true
93,deterministic_structural,os15-s0093,1,model-facing/candidate-snapshots/os15-s0093.json,4,4,true
94,deterministic_structural,os15-s0094,1,model-facing/candidate-snapshots/os15-s0094.json,4,4,true
95,deterministic_structural,os15-s0095,1,model-facing/candidate-snapshots/os15-s0095.json,4,4,true
96,deterministic_structural,os15-s0096,1,model-facing/candidate-snapshots/os15-s0096.json,4,4,true
97,deterministic_structural,os15-s0097,1,model-facing/candidate-snapshots/os15-s0097.json,4,4,true
98,deterministic_structural,os15-s0098,1,model-facing/candidate-snapshots/os15-s0098.json,4,4,true
99,deterministic_structural,os15-s0099,1,model-facing/candidate-snapshots/os15-s0099.json,4,4,true
100,deterministic_structural,os15-s0100,1,model-facing/candidate-snapshots/os15-s0100.json,4,4,true
101,deterministic_structural,os15-s0101,1,model-facing/candidate-snapshots/os15-s0101.json,4,4,true
102,deterministic_structural,os15-s0102,1,model-facing/candidate-snapshots/os15-s0102.json,4,4,true
103,deterministic_structural,os15-s0103,1,model-facing/candidate-snapshots/os15-s0103.json,4,4,true
104,deterministic_structural,os15-s0104,1,model-facing/candidate-snapshots/os15-s0104.json,4,4,true
105,deterministic_structural,os15-s0105,1,model-facing/candidate-snapshots/os15-s0105.json,4,4,true
106,deterministic_structural,os15-s0106,1,model-facing/candidate-snapshots/os15-s0106.json,4,4,true
107,deterministic_structural,os15-s0107,1,model-facing/candidate-snapshots/os15-s0107.json,4,4,true
108,deterministic_structural,os15-s0108,1,model-facing/candidate-snapshots/os15-s0108.json,4,4,true
109,deterministic_structural,os15-s0109,1,model-facing/candidate-snapshots/os15-s0109.json,4,4,true
110,deterministic_structural,os15-s0110,1,model-facing/candidate-snapshots/os15-s0110.json,4,4,true
111,deterministic_structural,os15-s0111,1,model-facing/candidate-snapshots/os15-s0111.json,4,4,true
112,deterministic_structural,os15-s0112,1,model-facing/candidate-snapshots/os15-s0112.json,4,4,true
113,deterministic_structural,os15-s0113,1,model-facing/candidate-snapshots/os15-s0113.json,4,4,true
114,deterministic_structural,os15-s0114,1,model-facing/candidate-snapshots/os15-s0114.json,4,4,true
115,deterministic_structural,os15-s0115,1,model-facing/candidate-snapshots/os15-s0115.json,4,4,true
116,deterministic_structural,os15-s0116,1,model-facing/candidate-snapshots/os15-s0116.json,4,4,true
117,deterministic_structural,os15-s0117,1,model-facing/candidate-snapshots/os15-s0117.json,4,4,true
118,deterministic_structural,os15-s0118,1,model-facing/candidate-snapshots/os15-s0118.json,4,4,true
119,deterministic_structural,os15-s0119,1,model-facing/candidate-snapshots/os15-s0119.json,4,4,true
120,deterministic_structural,os15-s0120,1,model-facing/candidate-snapshots/os15-s0120.json,4,4,true
121,deterministic_structural,os15-s0121,1,model-facing/candidate-snapshots/os15-s0121.json,4,4,true
122,deterministic_structural,os15-s0122,1,model-facing/candidate-snapshots/os15-s0122.json,4,4,true
123,deterministic_structural,os15-s0123,1,model-facing/candidate-snapshots/os15-s0123.json,4,4,true
124,deterministic_structural,os15-s0124,1,model-facing/candidate-snapshots/os15-s0124.json,4,4,true
125,proprietary_gpt,os15-s0001,1,model-facing/candidate-snapshots/os15-s0001.json,4,4,true
126,proprietary_gpt,os15-s0001,2,model-facing/candidate-snapshots/os15-s0001.json,4,4,true
127,proprietary_gpt,os15-s0001,3,model-facing/candidate-snapshots/os15-s0001.json,4,4,true
128,proprietary_gpt,os15-s0001,4,model-facing/candidate-snapshots/os15-s0001.json,4,4,true
129,proprietary_gpt,os15-s0001,5,model-facing/candidate-snapshots/os15-s0001.json,4,4,true
130,proprietary_gpt,os15-s0002,1,model-facing/candidate-snapshots/os15-s0002.json,4,4,true
131,proprietary_gpt,os15-s0002,2,model-facing/candidate-snapshots/os15-s0002.json,4,4,true
132,proprietary_gpt,os15-s0002,3,model-facing/candidate-snapshots/os15-s0002.json,4,4,true
133,proprietary_gpt,os15-s0002,4,model-facing/candidate-snapshots/os15-s0002.json,4,4,true
134,proprietary_gpt,os15-s0002,5,model-facing/candidate-snapshots/os15-s0002.json,4,4,true
135,proprietary_gpt,os15-s0003,1,model-facing/candidate-snapshots/os15-s0003.json,4,4,true
136,proprietary_gpt,os15-s0003,2,model-facing/candidate-snapshots/os15-s0003.json,4,4,true
137,proprietary_gpt,os15-s0003,3,model-facing/candidate-snapshots/os15-s0003.json,4,4,true
138,proprietary_gpt,os15-s0003,4,model-facing/candidate-snapshots/os15-s0003.json,4,4,true
139,proprietary_gpt,os15-s0003,5,model-facing/candidate-snapshots/os15-s0003.json,4,4,true
140,proprietary_gpt,os15-s0004,1,model-facing/candidate-snapshots/os15-s0004.json,4,4,true
141,proprietary_gpt,os15-s0004,2,model-facing/candidate-snapshots/os15-s0004.json,4,4,true
142,proprietary_gpt,os15-s0004,3,model-facing/candidate-snapshots/os15-s0004.json,4,4,true
143,proprietary_gpt,os15-s0004,4,model-facing/candidate-snapshots/os15-s0004.json,4,4,true
144,proprietary_gpt,os15-s0004,5,model-facing/candidate-snapshots/os15-s0004.json,4,4,true
145,proprietary_gpt,os15-s0005,1,model-facing/candidate-snapshots/os15-s0005.json,4,4,true
146,proprietary_gpt,os15-s0005,2,model-facing/candidate-snapshots/os15-s0005.json,4,4,true
147,proprietary_gpt,os15-s0005,3,model-facing/candidate-snapshots/os15-s0005.json,4,4,true
148,proprietary_gpt,os15-s0005,4,model-facing/candidate-snapshots/os15-s0005.json,4,4,true
149,proprietary_gpt,os15-s0005,5,model-facing/candidate-snapshots/os15-s0005.json,4,4,true
150,proprietary_gpt,os15-s0006,1,model-facing/candidate-snapshots/os15-s0006.json,4,4,true
151,proprietary_gpt,os15-s0006,2,model-facing/candidate-snapshots/os15-s0006.json,4,4,true
152,proprietary_gpt,os15-s0006,3,model-facing/candidate-snapshots/os15-s0006.json,4,4,true
153,proprietary_gpt,os15-s0006,4,model-facing/candidate-snapshots/os15-s0006.json,4,4,true
154,proprietary_gpt,os15-s0006,5,model-facing/candidate-snapshots/os15-s0006.json,4,4,true
155,proprietary_gpt,os15-s0007,1,model-facing/candidate-snapshots/os15-s0007.json,4,4,true
156,proprietary_gpt,os15-s0007,2,model-facing/candidate-snapshots/os15-s0007.json,4,4,true
157,proprietary_gpt,os15-s0007,3,model-facing/candidate-snapshots/os15-s0007.json,4,4,true
158,proprietary_gpt,os15-s0007,4,model-facing/candidate-snapshots/os15-s0007.json,4,4,true
159,proprietary_gpt,os15-s0007,5,model-facing/candidate-snapshots/os15-s0007.json,4,4,true
160,proprietary_gpt,os15-s0008,1,model-facing/candidate-snapshots/os15-s0008.json,4,4,true
161,proprietary_gpt,os15-s0008,2,model-facing/candidate-snapshots/os15-s0008.json,4,4,true
162,proprietary_gpt,os15-s0008,3,model-facing/candidate-snapshots/os15-s0008.json,4,4,true
163,proprietary_gpt,os15-s0008,4,model-facing/candidate-snapshots/os15-s0008.json,4,4,true
164,proprietary_gpt,os15-s0008,5,model-facing/candidate-snapshots/os15-s0008.json,4,4,true
165,proprietary_gpt,os15-s0009,1,model-facing/candidate-snapshots/os15-s0009.json,4,4,true
166,proprietary_gpt,os15-s0009,2,model-facing/candidate-snapshots/os15-s0009.json,4,4,true
167,proprietary_gpt,os15-s0009,3,model-facing/candidate-snapshots/os15-s0009.json,4,4,true
168,proprietary_gpt,os15-s0009,4,model-facing/candidate-snapshots/os15-s0009.json,4,4,true
169,proprietary_gpt,os15-s0009,5,model-facing/candidate-snapshots/os15-s0009.json,4,4,true
170,proprietary_gpt,os15-s0010,1,model-facing/candidate-snapshots/os15-s0010.json,4,4,true
171,proprietary_gpt,os15-s0010,2,model-facing/candidate-snapshots/os15-s0010.json,4,4,true
172,proprietary_gpt,os15-s0010,3,model-facing/candidate-snapshots/os15-s0010.json,4,4,true
173,proprietary_gpt,os15-s0010,4,model-facing/candidate-snapshots/os15-s0010.json,4,4,true
174,proprietary_gpt,os15-s0010,5,model-facing/candidate-snapshots/os15-s0010.json,4,4,true
175,proprietary_gpt,os15-s0011,1,model-facing/candidate-snapshots/os15-s0011.json,4,4,true
176,proprietary_gpt,os15-s0011,2,model-facing/candidate-snapshots/os15-s0011.json,4,4,true
177,proprietary_gpt,os15-s0011,3,model-facing/candidate-snapshots/os15-s0011.json,4,4,true
178,proprietary_gpt,os15-s0011,4,model-facing/candidate-snapshots/os15-s0011.json,4,4,true
179,proprietary_gpt,os15-s0011,5,model-facing/candidate-snapshots/os15-s0011.json,4,4,true
180,proprietary_gpt,os15-s0012,1,model-facing/candidate-snapshots/os15-s0012.json,4,4,true
181,proprietary_gpt,os15-s0012,2,model-facing/candidate-snapshots/os15-s0012.json,4,4,true
182,proprietary_gpt,os15-s0012,3,model-facing/candidate-snapshots/os15-s0012.json,4,4,true
183,proprietary_gpt,os15-s0012,4,model-facing/candidate-snapshots/os15-s0012.json,4,4,true
184,proprietary_gpt,os15-s0012,5,model-facing/candidate-snapshots/os15-s0012.json,4,4,true
185,proprietary_gpt,os15-s0013,1,model-facing/candidate-snapshots/os15-s0013.json,4,4,true
186,proprietary_gpt,os15-s0013,2,model-facing/candidate-snapshots/os15-s0013.json,4,4,true
187,proprietary_gpt,os15-s0013,3,model-facing/candidate-snapshots/os15-s0013.json,4,4,true
188,proprietary_gpt,os15-s0013,4,model-facing/candidate-snapshots/os15-s0013.json,4,4,true
189,proprietary_gpt,os15-s0013,5,model-facing/candidate-snapshots/os15-s0013.json,4,4,true
190,proprietary_gpt,os15-s0014,1,model-facing/candidate-snapshots/os15-s0014.json,4,4,true
191,proprietary_gpt,os15-s0014,2,model-facing/candidate-snapshots/os15-s0014.json,4,4,true
192,proprietary_gpt,os15-s0014,3,model-facing/candidate-snapshots/os15-s0014.json,4,4,true
193,proprietary_gpt,os15-s0014,4,model-facing/candidate-snapshots/os15-s0014.json,4,4,true
194,proprietary_gpt,os15-s0014,5,model-facing/candidate-snapshots/os15-s0014.json,4,4,true
195,proprietary_gpt,os15-s0015,1,model-facing/candidate-snapshots/os15-s0015.json,4,4,true
196,proprietary_gpt,os15-s0015,2,model-facing/candidate-snapshots/os15-s0015.json,4,4,true
197,proprietary_gpt,os15-s0015,3,model-facing/candidate-snapshots/os15-s0015.json,4,4,true
198,proprietary_gpt,os15-s0015,4,model-facing/candidate-snapshots/os15-s0015.json,4,4,true
199,proprietary_gpt,os15-s0015,5,model-facing/candidate-snapshots/os15-s0015.json,4,4,true
200,proprietary_gpt,os15-s0016,1,model-facing/candidate-snapshots/os15-s0016.json,4,4,true
201,proprietary_gpt,os15-s0016,2,model-facing/candidate-snapshots/os15-s0016.json,4,4,true
202,proprietary_gpt,os15-s0016,3,model-facing/candidate-snapshots/os15-s0016.json,4,4,true
203,proprietary_gpt,os15-s0016,4,model-facing/candidate-snapshots/os15-s0016.json,4,4,true
204,proprietary_gpt,os15-s0016,5,model-facing/candidate-snapshots/os15-s0016.json,4,4,true
205,proprietary_gpt,os15-s0017,1,model-facing/candidate-snapshots/os15-s0017.json,4,4,true
206,proprietary_gpt,os15-s0017,2,model-facing/candidate-snapshots/os15-s0017.json,4,4,true
207,proprietary_gpt,os15-s0017,3,model-facing/candidate-snapshots/os15-s0017.json,4,4,true
208,proprietary_gpt,os15-s0017,4,model-facing/candidate-snapshots/os15-s0017.json,4,4,true
209,proprietary_gpt,os15-s0017,5,model-facing/candidate-snapshots/os15-s0017.json,4,4,true
210,proprietary_gpt,os15-s0018,1,model-facing/candidate-snapshots/os15-s0018.json,4,4,true
211,proprietary_gpt,os15-s0018,2,model-facing/candidate-snapshots/os15-s0018.json,4,4,true
212,proprietary_gpt,os15-s0018,3,model-facing/candidate-snapshots/os15-s0018.json,4,4,true
213,proprietary_gpt,os15-s0018,4,model-facing/candidate-snapshots/os15-s0018.json,4,4,true
214,proprietary_gpt,os15-s0018,5,model-facing/candidate-snapshots/os15-s0018.json,4,4,true
215,proprietary_gpt,os15-s0019,1,model-facing/candidate-snapshots/os15-s0019.json,4,4,true
216,proprietary_gpt,os15-s0019,2,model-facing/candidate-snapshots/os15-s0019.json,4,4,true
217,proprietary_gpt,os15-s0019,3,model-facing/candidate-snapshots/os15-s0019.json,4,4,true
218,proprietary_gpt,os15-s0019,4,model-facing/candidate-snapshots/os15-s0019.json,4,4,true
219,proprietary_gpt,os15-s0019,5,model-facing/candidate-snapshots/os15-s0019.json,4,4,true
220,proprietary_gpt,os15-s0020,1,model-facing/candidate-snapshots/os15-s0020.json,4,4,true
221,proprietary_gpt,os15-s0020,2,model-facing/candidate-snapshots/os15-s0020.json,4,4,true
222,proprietary_gpt,os15-s0020,3,model-facing/candidate-snapshots/os15-s0020.json,4,4,true
223,proprietary_gpt,os15-s0020,4,model-facing/candidate-snapshots/os15-s0020.json,4,4,true
224,proprietary_gpt,os15-s0020,5,model-facing/candidate-snapshots/os15-s0020.json,4,4,true
225,proprietary_gpt,os15-s0021,1,model-facing/candidate-snapshots/os15-s0021.json,4,4,true
226,proprietary_gpt,os15-s0021,2,model-facing/candidate-snapshots/os15-s0021.json,4,4,true
227,proprietary_gpt,os15-s0021,3,model-facing/candidate-snapshots/os15-s0021.json,4,4,true
228,proprietary_gpt,os15-s0021,4,model-facing/candidate-snapshots/os15-s0021.json,4,4,true
229,proprietary_gpt,os15-s0021,5,model-facing/candidate-snapshots/os15-s0021.json,4,4,true
230,proprietary_gpt,os15-s0022,1,model-facing/candidate-snapshots/os15-s0022.json,4,4,true
231,proprietary_gpt,os15-s0022,2,model-facing/candidate-snapshots/os15-s0022.json,4,4,true
232,proprietary_gpt,os15-s0022,3,model-facing/candidate-snapshots/os15-s0022.json,4,4,true
233,proprietary_gpt,os15-s0022,4,model-facing/candidate-snapshots/os15-s0022.json,4,4,true
234,proprietary_gpt,os15-s0022,5,model-facing/candidate-snapshots/os15-s0022.json,4,4,true
235,proprietary_gpt,os15-s0023,1,model-facing/candidate-snapshots/os15-s0023.json,4,4,true
236,proprietary_gpt,os15-s0023,2,model-facing/candidate-snapshots/os15-s0023.json,4,4,true
237,proprietary_gpt,os15-s0023,3,model-facing/candidate-snapshots/os15-s0023.json,4,4,true
238,proprietary_gpt,os15-s0023,4,model-facing/candidate-snapshots/os15-s0023.json,4,4,true
239,proprietary_gpt,os15-s0023,5,model-facing/candidate-snapshots/os15-s0023.json,4,4,true
240,proprietary_gpt,os15-s0024,1,model-facing/candidate-snapshots/os15-s0024.json,4,4,true
241,proprietary_gpt,os15-s0024,2,model-facing/candidate-snapshots/os15-s0024.json,4,4,true
242,proprietary_gpt,os15-s0024,3,model-facing/candidate-snapshots/os15-s0024.json,4,4,true
243,proprietary_gpt,os15-s0024,4,model-facing/candidate-snapshots/os15-s0024.json,4,4,true
244,proprietary_gpt,os15-s0024,5,model-facing/candidate-snapshots/os15-s0024.json,4,4,true
245,proprietary_gpt,os15-s0025,1,model-facing/candidate-snapshots/os15-s0025.json,4,4,true
246,proprietary_gpt,os15-s0025,2,model-facing/candidate-snapshots/os15-s0025.json,4,4,true
247,proprietary_gpt,os15-s0025,3,model-facing/candidate-snapshots/os15-s0025.json,4,4,true
248,proprietary_gpt,os15-s0025,4,model-facing/candidate-snapshots/os15-s0025.json,4,4,true
249,proprietary_gpt,os15-s0025,5,model-facing/candidate-snapshots/os15-s0025.json,4,4,true
250,proprietary_gpt,os15-s0026,1,model-facing/candidate-snapshots/os15-s0026.json,4,4,true
251,proprietary_gpt,os15-s0026,2,model-facing/candidate-snapshots/os15-s0026.json,4,4,true
252,proprietary_gpt,os15-s0026,3,model-facing/candidate-snapshots/os15-s0026.json,4,4,true
253,proprietary_gpt,os15-s0026,4,model-facing/candidate-snapshots/os15-s0026.json,4,4,true
254,proprietary_gpt,os15-s0026,5,model-facing/candidate-snapshots/os15-s0026.json,4,4,true
255,proprietary_gpt,os15-s0027,1,model-facing/candidate-snapshots/os15-s0027.json,4,4,true
256,proprietary_gpt,os15-s0027,2,model-facing/candidate-snapshots/os15-s0027.json,4,4,true
257,proprietary_gpt,os15-s0027,3,model-facing/candidate-snapshots/os15-s0027.json,4,4,true
258,proprietary_gpt,os15-s0027,4,model-facing/candidate-snapshots/os15-s0027.json,4,4,true
259,proprietary_gpt,os15-s0027,5,model-facing/candidate-snapshots/os15-s0027.json,4,4,true
260,proprietary_gpt,os15-s0028,1,model-facing/candidate-snapshots/os15-s0028.json,4,4,true
261,proprietary_gpt,os15-s0028,2,model-facing/candidate-snapshots/os15-s0028.json,4,4,true
262,proprietary_gpt,os15-s0028,3,model-facing/candidate-snapshots/os15-s0028.json,4,4,true
263,proprietary_gpt,os15-s0028,4,model-facing/candidate-snapshots/os15-s0028.json,4,4,true
264,proprietary_gpt,os15-s0028,5,model-facing/candidate-snapshots/os15-s0028.json,4,4,true
265,proprietary_gpt,os15-s0029,1,model-facing/candidate-snapshots/os15-s0029.json,4,4,true
266,proprietary_gpt,os15-s0029,2,model-facing/candidate-snapshots/os15-s0029.json,4,4,true
267,proprietary_gpt,os15-s0029,3,model-facing/candidate-snapshots/os15-s0029.json,4,4,true
268,proprietary_gpt,os15-s0029,4,model-facing/candidate-snapshots/os15-s0029.json,4,4,true
269,proprietary_gpt,os15-s0029,5,model-facing/candidate-snapshots/os15-s0029.json,4,4,true
270,proprietary_gpt,os15-s0030,1,model-facing/candidate-snapshots/os15-s0030.json,4,4,true
271,proprietary_gpt,os15-s0030,2,model-facing/candidate-snapshots/os15-s0030.json,4,4,true
272,proprietary_gpt,os15-s0030,3,model-facing/candidate-snapshots/os15-s0030.json,4,4,true
273,proprietary_gpt,os15-s0030,4,model-facing/candidate-snapshots/os15-s0030.json,4,4,true
274,proprietary_gpt,os15-s0030,5,model-facing/candidate-snapshots/os15-s0030.json,4,4,true
275,proprietary_gpt,os15-s0031,1,model-facing/candidate-snapshots/os15-s0031.json,4,4,true
276,proprietary_gpt,os15-s0031,2,model-facing/candidate-snapshots/os15-s0031.json,4,4,true
277,proprietary_gpt,os15-s0031,3,model-facing/candidate-snapshots/os15-s0031.json,4,4,true
278,proprietary_gpt,os15-s0031,4,model-facing/candidate-snapshots/os15-s0031.json,4,4,true
279,proprietary_gpt,os15-s0031,5,model-facing/candidate-snapshots/os15-s0031.json,4,4,true
280,proprietary_gpt,os15-s0032,1,model-facing/candidate-snapshots/os15-s0032.json,4,4,true
281,proprietary_gpt,os15-s0032,2,model-facing/candidate-snapshots/os15-s0032.json,4,4,true
282,proprietary_gpt,os15-s0032,3,model-facing/candidate-snapshots/os15-s0032.json,4,4,true
283,proprietary_gpt,os15-s0032,4,model-facing/candidate-snapshots/os15-s0032.json,4,4,true
284,proprietary_gpt,os15-s0032,5,model-facing/candidate-snapshots/os15-s0032.json,4,4,true
285,proprietary_gpt,os15-s0033,1,model-facing/candidate-snapshots/os15-s0033.json,4,4,true
286,proprietary_gpt,os15-s0033,2,model-facing/candidate-snapshots/os15-s0033.json,4,4,true
287,proprietary_gpt,os15-s0033,3,model-facing/candidate-snapshots/os15-s0033.json,4,4,true
288,proprietary_gpt,os15-s0033,4,model-facing/candidate-snapshots/os15-s0033.json,4,4,true
289,proprietary_gpt,os15-s0033,5,model-facing/candidate-snapshots/os15-s0033.json,4,4,true
290,proprietary_gpt,os15-s0034,1,model-facing/candidate-snapshots/os15-s0034.json,4,4,true
291,proprietary_gpt,os15-s0034,2,model-facing/candidate-snapshots/os15-s0034.json,4,4,true
292,proprietary_gpt,os15-s0034,3,model-facing/candidate-snapshots/os15-s0034.json,4,4,true
293,proprietary_gpt,os15-s0034,4,model-facing/candidate-snapshots/os15-s0034.json,4,4,true
294,proprietary_gpt,os15-s0034,5,model-facing/candidate-snapshots/os15-s0034.json,4,4,true
295,proprietary_gpt,os15-s0035,1,model-facing/candidate-snapshots/os15-s0035.json,4,4,true
296,proprietary_gpt,os15-s0035,2,model-facing/candidate-snapshots/os15-s0035.json,4,4,true
297,proprietary_gpt,os15-s0035,3,model-facing/candidate-snapshots/os15-s0035.json,4,4,true
298,proprietary_gpt,os15-s0035,4,model-facing/candidate-snapshots/os15-s0035.json,4,4,true
299,proprietary_gpt,os15-s0035,5,model-facing/candidate-snapshots/os15-s0035.json,4,4,true
300,proprietary_gpt,os15-s0036,1,model-facing/candidate-snapshots/os15-s0036.json,4,4,true
301,proprietary_gpt,os15-s0036,2,model-facing/candidate-snapshots/os15-s0036.json,4,4,true
302,proprietary_gpt,os15-s0036,3,model-facing/candidate-snapshots/os15-s0036.json,4,4,true
303,proprietary_gpt,os15-s0036,4,model-facing/candidate-snapshots/os15-s0036.json,4,4,true
304,proprietary_gpt,os15-s0036,5,model-facing/candidate-snapshots/os15-s0036.json,4,4,true
305,proprietary_gpt,os15-s0037,1,model-facing/candidate-snapshots/os15-s0037.json,4,4,true
306,proprietary_gpt,os15-s0037,2,model-facing/candidate-snapshots/os15-s0037.json,4,4,true
307,proprietary_gpt,os15-s0037,3,model-facing/candidate-snapshots/os15-s0037.json,4,4,true
308,proprietary_gpt,os15-s0037,4,model-facing/candidate-snapshots/os15-s0037.json,4,4,true
309,proprietary_gpt,os15-s0037,5,model-facing/candidate-snapshots/os15-s0037.json,4,4,true
310,proprietary_gpt,os15-s0038,1,model-facing/candidate-snapshots/os15-s0038.json,4,4,true
311,proprietary_gpt,os15-s0038,2,model-facing/candidate-snapshots/os15-s0038.json,4,4,true
312,proprietary_gpt,os15-s0038,3,model-facing/candidate-snapshots/os15-s0038.json,4,4,true
313,proprietary_gpt,os15-s0038,4,model-facing/candidate-snapshots/os15-s0038.json,4,4,true
314,proprietary_gpt,os15-s0038,5,model-facing/candidate-snapshots/os15-s0038.json,4,4,true
315,proprietary_gpt,os15-s0039,1,model-facing/candidate-snapshots/os15-s0039.json,4,4,true
316,proprietary_gpt,os15-s0039,2,model-facing/candidate-snapshots/os15-s0039.json,4,4,true
317,proprietary_gpt,os15-s0039,3,model-facing/candidate-snapshots/os15-s0039.json,4,4,true
318,proprietary_gpt,os15-s0039,4,model-facing/candidate-snapshots/os15-s0039.json,4,4,true
319,proprietary_gpt,os15-s0039,5,model-facing/candidate-snapshots/os15-s0039.json,4,4,true
320,proprietary_gpt,os15-s0040,1,model-facing/candidate-snapshots/os15-s0040.json,4,4,true
321,proprietary_gpt,os15-s0040,2,model-facing/candidate-snapshots/os15-s0040.json,4,4,true
322,proprietary_gpt,os15-s0040,3,model-facing/candidate-snapshots/os15-s0040.json,4,4,true
323,proprietary_gpt,os15-s0040,4,model-facing/candidate-snapshots/os15-s0040.json,4,4,true
324,proprietary_gpt,os15-s0040,5,model-facing/candidate-snapshots/os15-s0040.json,4,4,true
325,proprietary_gpt,os15-s0041,1,model-facing/candidate-snapshots/os15-s0041.json,4,4,true
326,proprietary_gpt,os15-s0041,2,model-facing/candidate-snapshots/os15-s0041.json,4,4,true
327,proprietary_gpt,os15-s0041,3,model-facing/candidate-snapshots/os15-s0041.json,4,4,true
328,proprietary_gpt,os15-s0041,4,model-facing/candidate-snapshots/os15-s0041.json,4,4,true
329,proprietary_gpt,os15-s0041,5,model-facing/candidate-snapshots/os15-s0041.json,4,4,true
330,proprietary_gpt,os15-s0042,1,model-facing/candidate-snapshots/os15-s0042.json,4,4,true
331,proprietary_gpt,os15-s0042,2,model-facing/candidate-snapshots/os15-s0042.json,4,4,true
332,proprietary_gpt,os15-s0042,3,model-facing/candidate-snapshots/os15-s0042.json,4,4,true
333,proprietary_gpt,os15-s0042,4,model-facing/candidate-snapshots/os15-s0042.json,4,4,true
334,proprietary_gpt,os15-s0042,5,model-facing/candidate-snapshots/os15-s0042.json,4,4,true
335,proprietary_gpt,os15-s0043,1,model-facing/candidate-snapshots/os15-s0043.json,4,4,true
336,proprietary_gpt,os15-s0043,2,model-facing/candidate-snapshots/os15-s0043.json,4,4,true
337,proprietary_gpt,os15-s0043,3,model-facing/candidate-snapshots/os15-s0043.json,4,4,true
338,proprietary_gpt,os15-s0043,4,model-facing/candidate-snapshots/os15-s0043.json,4,4,true
339,proprietary_gpt,os15-s0043,5,model-facing/candidate-snapshots/os15-s0043.json,4,4,true
340,proprietary_gpt,os15-s0044,1,model-facing/candidate-snapshots/os15-s0044.json,4,4,true
341,proprietary_gpt,os15-s0044,2,model-facing/candidate-snapshots/os15-s0044.json,4,4,true
342,proprietary_gpt,os15-s0044,3,model-facing/candidate-snapshots/os15-s0044.json,4,4,true
343,proprietary_gpt,os15-s0044,4,model-facing/candidate-snapshots/os15-s0044.json,4,4,true
344,proprietary_gpt,os15-s0044,5,model-facing/candidate-snapshots/os15-s0044.json,4,4,true
345,proprietary_gpt,os15-s0045,1,model-facing/candidate-snapshots/os15-s0045.json,4,4,true
346,proprietary_gpt,os15-s0045,2,model-facing/candidate-snapshots/os15-s0045.json,4,4,true
347,proprietary_gpt,os15-s0045,3,model-facing/candidate-snapshots/os15-s0045.json,4,4,true
348,proprietary_gpt,os15-s0045,4,model-facing/candidate-snapshots/os15-s0045.json,4,4,true
349,proprietary_gpt,os15-s0045,5,model-facing/candidate-snapshots/os15-s0045.json,4,4,true
350,proprietary_gpt,os15-s0046,1,model-facing/candidate-snapshots/os15-s0046.json,4,4,true
351,proprietary_gpt,os15-s0046,2,model-facing/candidate-snapshots/os15-s0046.json,4,4,true
352,proprietary_gpt,os15-s0046,3,model-facing/candidate-snapshots/os15-s0046.json,4,4,true
353,proprietary_gpt,os15-s0046,4,model-facing/candidate-snapshots/os15-s0046.json,4,4,true
354,proprietary_gpt,os15-s0046,5,model-facing/candidate-snapshots/os15-s0046.json,4,4,true
355,proprietary_gpt,os15-s0047,1,model-facing/candidate-snapshots/os15-s0047.json,4,4,true
356,proprietary_gpt,os15-s0047,2,model-facing/candidate-snapshots/os15-s0047.json,4,4,true
357,proprietary_gpt,os15-s0047,3,model-facing/candidate-snapshots/os15-s0047.json,4,4,true
358,proprietary_gpt,os15-s0047,4,model-facing/candidate-snapshots/os15-s0047.json,4,4,true
359,proprietary_gpt,os15-s0047,5,model-facing/candidate-snapshots/os15-s0047.json,4,4,true
360,proprietary_gpt,os15-s0048,1,model-facing/candidate-snapshots/os15-s0048.json,4,4,true
361,proprietary_gpt,os15-s0048,2,model-facing/candidate-snapshots/os15-s0048.json,4,4,true
362,proprietary_gpt,os15-s0048,3,model-facing/candidate-snapshots/os15-s0048.json,4,4,true
363,proprietary_gpt,os15-s0048,4,model-facing/candidate-snapshots/os15-s0048.json,4,4,true
364,proprietary_gpt,os15-s0048,5,model-facing/candidate-snapshots/os15-s0048.json,4,4,true
365,proprietary_gpt,os15-s0049,1,model-facing/candidate-snapshots/os15-s0049.json,4,4,true
366,proprietary_gpt,os15-s0049,2,model-facing/candidate-snapshots/os15-s0049.json,4,4,true
367,proprietary_gpt,os15-s0049,3,model-facing/candidate-snapshots/os15-s0049.json,4,4,true
368,proprietary_gpt,os15-s0049,4,model-facing/candidate-snapshots/os15-s0049.json,4,4,true
369,proprietary_gpt,os15-s0049,5,model-facing/candidate-snapshots/os15-s0049.json,4,4,true
370,proprietary_gpt,os15-s0050,1,model-facing/candidate-snapshots/os15-s0050.json,4,4,true
371,proprietary_gpt,os15-s0050,2,model-facing/candidate-snapshots/os15-s0050.json,4,4,true
372,proprietary_gpt,os15-s0050,3,model-facing/candidate-snapshots/os15-s0050.json,4,4,true
373,proprietary_gpt,os15-s0050,4,model-facing/candidate-snapshots/os15-s0050.json,4,4,true
374,proprietary_gpt,os15-s0050,5,model-facing/candidate-snapshots/os15-s0050.json,4,4,true
375,proprietary_gpt,os15-s0051,1,model-facing/candidate-snapshots/os15-s0051.json,4,4,true
376,proprietary_gpt,os15-s0051,2,model-facing/candidate-snapshots/os15-s0051.json,4,4,true
377,proprietary_gpt,os15-s0051,3,model-facing/candidate-snapshots/os15-s0051.json,4,4,true
378,proprietary_gpt,os15-s0051,4,model-facing/candidate-snapshots/os15-s0051.json,4,4,true
379,proprietary_gpt,os15-s0051,5,model-facing/candidate-snapshots/os15-s0051.json,4,4,true
380,proprietary_gpt,os15-s0052,1,model-facing/candidate-snapshots/os15-s0052.json,4,4,true
381,proprietary_gpt,os15-s0052,2,model-facing/candidate-snapshots/os15-s0052.json,4,4,true
382,proprietary_gpt,os15-s0052,3,model-facing/candidate-snapshots/os15-s0052.json,4,4,true
383,proprietary_gpt,os15-s0052,4,model-facing/candidate-snapshots/os15-s0052.json,4,4,true
384,proprietary_gpt,os15-s0052,5,model-facing/candidate-snapshots/os15-s0052.json,4,4,true
385,proprietary_gpt,os15-s0053,1,model-facing/candidate-snapshots/os15-s0053.json,4,4,true
386,proprietary_gpt,os15-s0053,2,model-facing/candidate-snapshots/os15-s0053.json,4,4,true
387,proprietary_gpt,os15-s0053,3,model-facing/candidate-snapshots/os15-s0053.json,4,4,true
388,proprietary_gpt,os15-s0053,4,model-facing/candidate-snapshots/os15-s0053.json,4,4,true
389,proprietary_gpt,os15-s0053,5,model-facing/candidate-snapshots/os15-s0053.json,4,4,true
390,proprietary_gpt,os15-s0054,1,model-facing/candidate-snapshots/os15-s0054.json,4,4,true
391,proprietary_gpt,os15-s0054,2,model-facing/candidate-snapshots/os15-s0054.json,4,4,true
392,proprietary_gpt,os15-s0054,3,model-facing/candidate-snapshots/os15-s0054.json,4,4,true
393,proprietary_gpt,os15-s0054,4,model-facing/candidate-snapshots/os15-s0054.json,4,4,true
394,proprietary_gpt,os15-s0054,5,model-facing/candidate-snapshots/os15-s0054.json,4,4,true
395,proprietary_gpt,os15-s0055,1,model-facing/candidate-snapshots/os15-s0055.json,4,4,true
396,proprietary_gpt,os15-s0055,2,model-facing/candidate-snapshots/os15-s0055.json,4,4,true
397,proprietary_gpt,os15-s0055,3,model-facing/candidate-snapshots/os15-s0055.json,4,4,true
398,proprietary_gpt,os15-s0055,4,model-facing/candidate-snapshots/os15-s0055.json,4,4,true
399,proprietary_gpt,os15-s0055,5,model-facing/candidate-snapshots/os15-s0055.json,4,4,true
400,proprietary_gpt,os15-s0056,1,model-facing/candidate-snapshots/os15-s0056.json,4,4,true
401,proprietary_gpt,os15-s0056,2,model-facing/candidate-snapshots/os15-s0056.json,4,4,true
402,proprietary_gpt,os15-s0056,3,model-facing/candidate-snapshots/os15-s0056.json,4,4,true
403,proprietary_gpt,os15-s0056,4,model-facing/candidate-snapshots/os15-s0056.json,4,4,true
404,proprietary_gpt,os15-s0056,5,model-facing/candidate-snapshots/os15-s0056.json,4,4,true
405,proprietary_gpt,os15-s0057,1,model-facing/candidate-snapshots/os15-s0057.json,4,4,true
406,proprietary_gpt,os15-s0057,2,model-facing/candidate-snapshots/os15-s0057.json,4,4,true
407,proprietary_gpt,os15-s0057,3,model-facing/candidate-snapshots/os15-s0057.json,4,4,true
408,proprietary_gpt,os15-s0057,4,model-facing/candidate-snapshots/os15-s0057.json,4,4,true
409,proprietary_gpt,os15-s0057,5,model-facing/candidate-snapshots/os15-s0057.json,4,4,true
410,proprietary_gpt,os15-s0058,1,model-facing/candidate-snapshots/os15-s0058.json,4,4,true
411,proprietary_gpt,os15-s0058,2,model-facing/candidate-snapshots/os15-s0058.json,4,4,true
412,proprietary_gpt,os15-s0058,3,model-facing/candidate-snapshots/os15-s0058.json,4,4,true
413,proprietary_gpt,os15-s0058,4,model-facing/candidate-snapshots/os15-s0058.json,4,4,true
414,proprietary_gpt,os15-s0058,5,model-facing/candidate-snapshots/os15-s0058.json,4,4,true
415,proprietary_gpt,os15-s0059,1,model-facing/candidate-snapshots/os15-s0059.json,4,4,true
416,proprietary_gpt,os15-s0059,2,model-facing/candidate-snapshots/os15-s0059.json,4,4,true
417,proprietary_gpt,os15-s0059,3,model-facing/candidate-snapshots/os15-s0059.json,4,4,true
418,proprietary_gpt,os15-s0059,4,model-facing/candidate-snapshots/os15-s0059.json,4,4,true
419,proprietary_gpt,os15-s0059,5,model-facing/candidate-snapshots/os15-s0059.json,4,4,true
420,proprietary_gpt,os15-s0060,1,model-facing/candidate-snapshots/os15-s0060.json,4,4,true
421,proprietary_gpt,os15-s0060,2,model-facing/candidate-snapshots/os15-s0060.json,4,4,true
422,proprietary_gpt,os15-s0060,3,model-facing/candidate-snapshots/os15-s0060.json,4,4,true
423,proprietary_gpt,os15-s0060,4,model-facing/candidate-snapshots/os15-s0060.json,4,4,true
424,proprietary_gpt,os15-s0060,5,model-facing/candidate-snapshots/os15-s0060.json,4,4,true
425,proprietary_gpt,os15-s0061,1,model-facing/candidate-snapshots/os15-s0061.json,4,4,true
426,proprietary_gpt,os15-s0061,2,model-facing/candidate-snapshots/os15-s0061.json,4,4,true
427,proprietary_gpt,os15-s0061,3,model-facing/candidate-snapshots/os15-s0061.json,4,4,true
428,proprietary_gpt,os15-s0061,4,model-facing/candidate-snapshots/os15-s0061.json,4,4,true
429,proprietary_gpt,os15-s0061,5,model-facing/candidate-snapshots/os15-s0061.json,4,4,true
430,proprietary_gpt,os15-s0062,1,model-facing/candidate-snapshots/os15-s0062.json,4,4,true
431,proprietary_gpt,os15-s0062,2,model-facing/candidate-snapshots/os15-s0062.json,4,4,true
432,proprietary_gpt,os15-s0062,3,model-facing/candidate-snapshots/os15-s0062.json,4,4,true
433,proprietary_gpt,os15-s0062,4,model-facing/candidate-snapshots/os15-s0062.json,4,4,true
434,proprietary_gpt,os15-s0062,5,model-facing/candidate-snapshots/os15-s0062.json,4,4,true
435,proprietary_gpt,os15-s0063,1,model-facing/candidate-snapshots/os15-s0063.json,4,4,true
436,proprietary_gpt,os15-s0063,2,model-facing/candidate-snapshots/os15-s0063.json,4,4,true
437,proprietary_gpt,os15-s0063,3,model-facing/candidate-snapshots/os15-s0063.json,4,4,true
438,proprietary_gpt,os15-s0063,4,model-facing/candidate-snapshots/os15-s0063.json,4,4,true
439,proprietary_gpt,os15-s0063,5,model-facing/candidate-snapshots/os15-s0063.json,4,4,true
440,proprietary_gpt,os15-s0064,1,model-facing/candidate-snapshots/os15-s0064.json,4,4,true
441,proprietary_gpt,os15-s0064,2,model-facing/candidate-snapshots/os15-s0064.json,4,4,true
442,proprietary_gpt,os15-s0064,3,model-facing/candidate-snapshots/os15-s0064.json,4,4,true
443,proprietary_gpt,os15-s0064,4,model-facing/candidate-snapshots/os15-s0064.json,4,4,true
444,proprietary_gpt,os15-s0064,5,model-facing/candidate-snapshots/os15-s0064.json,4,4,true
445,proprietary_gpt,os15-s0065,1,model-facing/candidate-snapshots/os15-s0065.json,4,4,true
446,proprietary_gpt,os15-s0065,2,model-facing/candidate-snapshots/os15-s0065.json,4,4,true
447,proprietary_gpt,os15-s0065,3,model-facing/candidate-snapshots/os15-s0065.json,4,4,true
448,proprietary_gpt,os15-s0065,4,model-facing/candidate-snapshots/os15-s0065.json,4,4,true
449,proprietary_gpt,os15-s0065,5,model-facing/candidate-snapshots/os15-s0065.json,4,4,true
450,proprietary_gpt,os15-s0066,1,model-facing/candidate-snapshots/os15-s0066.json,4,4,true
451,proprietary_gpt,os15-s0066,2,model-facing/candidate-snapshots/os15-s0066.json,4,4,true
452,proprietary_gpt,os15-s0066,3,model-facing/candidate-snapshots/os15-s0066.json,4,4,true
453,proprietary_gpt,os15-s0066,4,model-facing/candidate-snapshots/os15-s0066.json,4,4,true
454,proprietary_gpt,os15-s0066,5,model-facing/candidate-snapshots/os15-s0066.json,4,4,true
455,proprietary_gpt,os15-s0067,1,model-facing/candidate-snapshots/os15-s0067.json,4,4,true
456,proprietary_gpt,os15-s0067,2,model-facing/candidate-snapshots/os15-s0067.json,4,4,true
457,proprietary_gpt,os15-s0067,3,model-facing/candidate-snapshots/os15-s0067.json,4,4,true
458,proprietary_gpt,os15-s0067,4,model-facing/candidate-snapshots/os15-s0067.json,4,4,true
459,proprietary_gpt,os15-s0067,5,model-facing/candidate-snapshots/os15-s0067.json,4,4,true
460,proprietary_gpt,os15-s0068,1,model-facing/candidate-snapshots/os15-s0068.json,4,4,true
461,proprietary_gpt,os15-s0068,2,model-facing/candidate-snapshots/os15-s0068.json,4,4,true
462,proprietary_gpt,os15-s0068,3,model-facing/candidate-snapshots/os15-s0068.json,4,4,true
463,proprietary_gpt,os15-s0068,4,model-facing/candidate-snapshots/os15-s0068.json,4,4,true
464,proprietary_gpt,os15-s0068,5,model-facing/candidate-snapshots/os15-s0068.json,4,4,true
465,proprietary_gpt,os15-s0069,1,model-facing/candidate-snapshots/os15-s0069.json,4,4,true
466,proprietary_gpt,os15-s0069,2,model-facing/candidate-snapshots/os15-s0069.json,4,4,true
467,proprietary_gpt,os15-s0069,3,model-facing/candidate-snapshots/os15-s0069.json,4,4,true
468,proprietary_gpt,os15-s0069,4,model-facing/candidate-snapshots/os15-s0069.json,4,4,true
469,proprietary_gpt,os15-s0069,5,model-facing/candidate-snapshots/os15-s0069.json,4,4,true
470,proprietary_gpt,os15-s0070,1,model-facing/candidate-snapshots/os15-s0070.json,4,4,true
471,proprietary_gpt,os15-s0070,2,model-facing/candidate-snapshots/os15-s0070.json,4,4,true
472,proprietary_gpt,os15-s0070,3,model-facing/candidate-snapshots/os15-s0070.json,4,4,true
473,proprietary_gpt,os15-s0070,4,model-facing/candidate-snapshots/os15-s0070.json,4,4,true
474,proprietary_gpt,os15-s0070,5,model-facing/candidate-snapshots/os15-s0070.json,4,4,true
475,proprietary_gpt,os15-s0071,1,model-facing/candidate-snapshots/os15-s0071.json,4,4,true
476,proprietary_gpt,os15-s0071,2,model-facing/candidate-snapshots/os15-s0071.json,4,4,true
477,proprietary_gpt,os15-s0071,3,model-facing/candidate-snapshots/os15-s0071.json,4,4,true
478,proprietary_gpt,os15-s0071,4,model-facing/candidate-snapshots/os15-s0071.json,4,4,true
479,proprietary_gpt,os15-s0071,5,model-facing/candidate-snapshots/os15-s0071.json,4,4,true
480,proprietary_gpt,os15-s0072,1,model-facing/candidate-snapshots/os15-s0072.json,4,4,true
481,proprietary_gpt,os15-s0072,2,model-facing/candidate-snapshots/os15-s0072.json,4,4,true
482,proprietary_gpt,os15-s0072,3,model-facing/candidate-snapshots/os15-s0072.json,4,4,true
483,proprietary_gpt,os15-s0072,4,model-facing/candidate-snapshots/os15-s0072.json,4,4,true
484,proprietary_gpt,os15-s0072,5,model-facing/candidate-snapshots/os15-s0072.json,4,4,true
485,proprietary_gpt,os15-s0073,1,model-facing/candidate-snapshots/os15-s0073.json,4,4,true
486,proprietary_gpt,os15-s0073,2,model-facing/candidate-snapshots/os15-s0073.json,4,4,true
487,proprietary_gpt,os15-s0073,3,model-facing/candidate-snapshots/os15-s0073.json,4,4,true
488,proprietary_gpt,os15-s0073,4,model-facing/candidate-snapshots/os15-s0073.json,4,4,true
489,proprietary_gpt,os15-s0073,5,model-facing/candidate-snapshots/os15-s0073.json,4,4,true
490,proprietary_gpt,os15-s0074,1,model-facing/candidate-snapshots/os15-s0074.json,4,4,true
491,proprietary_gpt,os15-s0074,2,model-facing/candidate-snapshots/os15-s0074.json,4,4,true
492,proprietary_gpt,os15-s0074,3,model-facing/candidate-snapshots/os15-s0074.json,4,4,true
493,proprietary_gpt,os15-s0074,4,model-facing/candidate-snapshots/os15-s0074.json,4,4,true
494,proprietary_gpt,os15-s0074,5,model-facing/candidate-snapshots/os15-s0074.json,4,4,true
495,proprietary_gpt,os15-s0075,1,model-facing/candidate-snapshots/os15-s0075.json,4,4,true
496,proprietary_gpt,os15-s0075,2,model-facing/candidate-snapshots/os15-s0075.json,4,4,true
497,proprietary_gpt,os15-s0075,3,model-facing/candidate-snapshots/os15-s0075.json,4,4,true
498,proprietary_gpt,os15-s0075,4,model-facing/candidate-snapshots/os15-s0075.json,4,4,true
499,proprietary_gpt,os15-s0075,5,model-facing/candidate-snapshots/os15-s0075.json,4,4,true
500,proprietary_gpt,os15-s0076,1,model-facing/candidate-snapshots/os15-s0076.json,4,4,true
501,proprietary_gpt,os15-s0076,2,model-facing/candidate-snapshots/os15-s0076.json,4,4,true
502,proprietary_gpt,os15-s0076,3,model-facing/candidate-snapshots/os15-s0076.json,4,4,true
503,proprietary_gpt,os15-s0076,4,model-facing/candidate-snapshots/os15-s0076.json,4,4,true
504,proprietary_gpt,os15-s0076,5,model-facing/candidate-snapshots/os15-s0076.json,4,4,true
505,proprietary_gpt,os15-s0077,1,model-facing/candidate-snapshots/os15-s0077.json,4,4,true
506,proprietary_gpt,os15-s0077,2,model-facing/candidate-snapshots/os15-s0077.json,4,4,true
507,proprietary_gpt,os15-s0077,3,model-facing/candidate-snapshots/os15-s0077.json,4,4,true
508,proprietary_gpt,os15-s0077,4,model-facing/candidate-snapshots/os15-s0077.json,4,4,true
509,proprietary_gpt,os15-s0077,5,model-facing/candidate-snapshots/os15-s0077.json,4,4,true
510,proprietary_gpt,os15-s0078,1,model-facing/candidate-snapshots/os15-s0078.json,4,4,true
511,proprietary_gpt,os15-s0078,2,model-facing/candidate-snapshots/os15-s0078.json,4,4,true
512,proprietary_gpt,os15-s0078,3,model-facing/candidate-snapshots/os15-s0078.json,4,4,true
513,proprietary_gpt,os15-s0078,4,model-facing/candidate-snapshots/os15-s0078.json,4,4,true
514,proprietary_gpt,os15-s0078,5,model-facing/candidate-snapshots/os15-s0078.json,4,4,true
515,proprietary_gpt,os15-s0079,1,model-facing/candidate-snapshots/os15-s0079.json,4,4,true
516,proprietary_gpt,os15-s0079,2,model-facing/candidate-snapshots/os15-s0079.json,4,4,true
517,proprietary_gpt,os15-s0079,3,model-facing/candidate-snapshots/os15-s0079.json,4,4,true
518,proprietary_gpt,os15-s0079,4,model-facing/candidate-snapshots/os15-s0079.json,4,4,true
519,proprietary_gpt,os15-s0079,5,model-facing/candidate-snapshots/os15-s0079.json,4,4,true
520,proprietary_gpt,os15-s0080,1,model-facing/candidate-snapshots/os15-s0080.json,4,4,true
521,proprietary_gpt,os15-s0080,2,model-facing/candidate-snapshots/os15-s0080.json,4,4,true
522,proprietary_gpt,os15-s0080,3,model-facing/candidate-snapshots/os15-s0080.json,4,4,true
523,proprietary_gpt,os15-s0080,4,model-facing/candidate-snapshots/os15-s0080.json,4,4,true
524,proprietary_gpt,os15-s0080,5,model-facing/candidate-snapshots/os15-s0080.json,4,4,true
525,proprietary_gpt,os15-s0081,1,model-facing/candidate-snapshots/os15-s0081.json,4,4,true
526,proprietary_gpt,os15-s0081,2,model-facing/candidate-snapshots/os15-s0081.json,4,4,true
527,proprietary_gpt,os15-s0081,3,model-facing/candidate-snapshots/os15-s0081.json,4,4,true
528,proprietary_gpt,os15-s0081,4,model-facing/candidate-snapshots/os15-s0081.json,4,4,true
529,proprietary_gpt,os15-s0081,5,model-facing/candidate-snapshots/os15-s0081.json,4,4,true
530,proprietary_gpt,os15-s0082,1,model-facing/candidate-snapshots/os15-s0082.json,4,4,true
531,proprietary_gpt,os15-s0082,2,model-facing/candidate-snapshots/os15-s0082.json,4,4,true
532,proprietary_gpt,os15-s0082,3,model-facing/candidate-snapshots/os15-s0082.json,4,4,true
533,proprietary_gpt,os15-s0082,4,model-facing/candidate-snapshots/os15-s0082.json,4,4,true
534,proprietary_gpt,os15-s0082,5,model-facing/candidate-snapshots/os15-s0082.json,4,4,true
535,proprietary_gpt,os15-s0083,1,model-facing/candidate-snapshots/os15-s0083.json,4,4,true
536,proprietary_gpt,os15-s0083,2,model-facing/candidate-snapshots/os15-s0083.json,4,4,true
537,proprietary_gpt,os15-s0083,3,model-facing/candidate-snapshots/os15-s0083.json,4,4,true
538,proprietary_gpt,os15-s0083,4,model-facing/candidate-snapshots/os15-s0083.json,4,4,true
539,proprietary_gpt,os15-s0083,5,model-facing/candidate-snapshots/os15-s0083.json,4,4,true
540,proprietary_gpt,os15-s0084,1,model-facing/candidate-snapshots/os15-s0084.json,4,4,true
541,proprietary_gpt,os15-s0084,2,model-facing/candidate-snapshots/os15-s0084.json,4,4,true
542,proprietary_gpt,os15-s0084,3,model-facing/candidate-snapshots/os15-s0084.json,4,4,true
543,proprietary_gpt,os15-s0084,4,model-facing/candidate-snapshots/os15-s0084.json,4,4,true
544,proprietary_gpt,os15-s0084,5,model-facing/candidate-snapshots/os15-s0084.json,4,4,true
545,proprietary_gpt,os15-s0085,1,model-facing/candidate-snapshots/os15-s0085.json,4,4,true
546,proprietary_gpt,os15-s0085,2,model-facing/candidate-snapshots/os15-s0085.json,4,4,true
547,proprietary_gpt,os15-s0085,3,model-facing/candidate-snapshots/os15-s0085.json,4,4,true
548,proprietary_gpt,os15-s0085,4,model-facing/candidate-snapshots/os15-s0085.json,4,4,true
549,proprietary_gpt,os15-s0085,5,model-facing/candidate-snapshots/os15-s0085.json,4,4,true
550,proprietary_gpt,os15-s0086,1,model-facing/candidate-snapshots/os15-s0086.json,4,4,true
551,proprietary_gpt,os15-s0086,2,model-facing/candidate-snapshots/os15-s0086.json,4,4,true
552,proprietary_gpt,os15-s0086,3,model-facing/candidate-snapshots/os15-s0086.json,4,4,true
553,proprietary_gpt,os15-s0086,4,model-facing/candidate-snapshots/os15-s0086.json,4,4,true
554,proprietary_gpt,os15-s0086,5,model-facing/candidate-snapshots/os15-s0086.json,4,4,true
555,proprietary_gpt,os15-s0087,1,model-facing/candidate-snapshots/os15-s0087.json,4,4,true
556,proprietary_gpt,os15-s0087,2,model-facing/candidate-snapshots/os15-s0087.json,4,4,true
557,proprietary_gpt,os15-s0087,3,model-facing/candidate-snapshots/os15-s0087.json,4,4,true
558,proprietary_gpt,os15-s0087,4,model-facing/candidate-snapshots/os15-s0087.json,4,4,true
559,proprietary_gpt,os15-s0087,5,model-facing/candidate-snapshots/os15-s0087.json,4,4,true
560,proprietary_gpt,os15-s0088,1,model-facing/candidate-snapshots/os15-s0088.json,4,4,true
561,proprietary_gpt,os15-s0088,2,model-facing/candidate-snapshots/os15-s0088.json,4,4,true
562,proprietary_gpt,os15-s0088,3,model-facing/candidate-snapshots/os15-s0088.json,4,4,true
563,proprietary_gpt,os15-s0088,4,model-facing/candidate-snapshots/os15-s0088.json,4,4,true
564,proprietary_gpt,os15-s0088,5,model-facing/candidate-snapshots/os15-s0088.json,4,4,true
565,proprietary_gpt,os15-s0089,1,model-facing/candidate-snapshots/os15-s0089.json,4,4,true
566,proprietary_gpt,os15-s0089,2,model-facing/candidate-snapshots/os15-s0089.json,4,4,true
567,proprietary_gpt,os15-s0089,3,model-facing/candidate-snapshots/os15-s0089.json,4,4,true
568,proprietary_gpt,os15-s0089,4,model-facing/candidate-snapshots/os15-s0089.json,4,4,true
569,proprietary_gpt,os15-s0089,5,model-facing/candidate-snapshots/os15-s0089.json,4,4,true
570,proprietary_gpt,os15-s0090,1,model-facing/candidate-snapshots/os15-s0090.json,4,4,true
571,proprietary_gpt,os15-s0090,2,model-facing/candidate-snapshots/os15-s0090.json,4,4,true
572,proprietary_gpt,os15-s0090,3,model-facing/candidate-snapshots/os15-s0090.json,4,4,true
573,proprietary_gpt,os15-s0090,4,model-facing/candidate-snapshots/os15-s0090.json,4,4,true
574,proprietary_gpt,os15-s0090,5,model-facing/candidate-snapshots/os15-s0090.json,4,4,true
575,proprietary_gpt,os15-s0091,1,model-facing/candidate-snapshots/os15-s0091.json,4,4,true
576,proprietary_gpt,os15-s0091,2,model-facing/candidate-snapshots/os15-s0091.json,4,4,true
577,proprietary_gpt,os15-s0091,3,model-facing/candidate-snapshots/os15-s0091.json,4,4,true
578,proprietary_gpt,os15-s0091,4,model-facing/candidate-snapshots/os15-s0091.json,4,4,true
579,proprietary_gpt,os15-s0091,5,model-facing/candidate-snapshots/os15-s0091.json,4,4,true
580,proprietary_gpt,os15-s0092,1,model-facing/candidate-snapshots/os15-s0092.json,4,4,true
581,proprietary_gpt,os15-s0092,2,model-facing/candidate-snapshots/os15-s0092.json,4,4,true
582,proprietary_gpt,os15-s0092,3,model-facing/candidate-snapshots/os15-s0092.json,4,4,true
583,proprietary_gpt,os15-s0092,4,model-facing/candidate-snapshots/os15-s0092.json,4,4,true
584,proprietary_gpt,os15-s0092,5,model-facing/candidate-snapshots/os15-s0092.json,4,4,true
585,proprietary_gpt,os15-s0093,1,model-facing/candidate-snapshots/os15-s0093.json,4,4,true
586,proprietary_gpt,os15-s0093,2,model-facing/candidate-snapshots/os15-s0093.json,4,4,true
587,proprietary_gpt,os15-s0093,3,model-facing/candidate-snapshots/os15-s0093.json,4,4,true
588,proprietary_gpt,os15-s0093,4,model-facing/candidate-snapshots/os15-s0093.json,4,4,true
589,proprietary_gpt,os15-s0093,5,model-facing/candidate-snapshots/os15-s0093.json,4,4,true
590,proprietary_gpt,os15-s0094,1,model-facing/candidate-snapshots/os15-s0094.json,4,4,true
591,proprietary_gpt,os15-s0094,2,model-facing/candidate-snapshots/os15-s0094.json,4,4,true
592,proprietary_gpt,os15-s0094,3,model-facing/candidate-snapshots/os15-s0094.json,4,4,true
593,proprietary_gpt,os15-s0094,4,model-facing/candidate-snapshots/os15-s0094.json,4,4,true
594,proprietary_gpt,os15-s0094,5,model-facing/candidate-snapshots/os15-s0094.json,4,4,true
595,proprietary_gpt,os15-s0095,1,model-facing/candidate-snapshots/os15-s0095.json,4,4,true
596,proprietary_gpt,os15-s0095,2,model-facing/candidate-snapshots/os15-s0095.json,4,4,true
597,proprietary_gpt,os15-s0095,3,model-facing/candidate-snapshots/os15-s0095.json,4,4,true
598,proprietary_gpt,os15-s0095,4,model-facing/candidate-snapshots/os15-s0095.json,4,4,true
599,proprietary_gpt,os15-s0095,5,model-facing/candidate-snapshots/os15-s0095.json,4,4,true
600,proprietary_gpt,os15-s0096,1,model-facing/candidate-snapshots/os15-s0096.json,4,4,true
601,proprietary_gpt,os15-s0096,2,model-facing/candidate-snapshots/os15-s0096.json,4,4,true
602,proprietary_gpt,os15-s0096,3,model-facing/candidate-snapshots/os15-s0096.json,4,4,true
603,proprietary_gpt,os15-s0096,4,model-facing/candidate-snapshots/os15-s0096.json,4,4,true
604,proprietary_gpt,os15-s0096,5,model-facing/candidate-snapshots/os15-s0096.json,4,4,true
605,proprietary_gpt,os15-s0097,1,model-facing/candidate-snapshots/os15-s0097.json,4,4,true
606,proprietary_gpt,os15-s0097,2,model-facing/candidate-snapshots/os15-s0097.json,4,4,true
607,proprietary_gpt,os15-s0097,3,model-facing/candidate-snapshots/os15-s0097.json,4,4,true
608,proprietary_gpt,os15-s0097,4,model-facing/candidate-snapshots/os15-s0097.json,4,4,true
609,proprietary_gpt,os15-s0097,5,model-facing/candidate-snapshots/os15-s0097.json,4,4,true
610,proprietary_gpt,os15-s0098,1,model-facing/candidate-snapshots/os15-s0098.json,4,4,true
611,proprietary_gpt,os15-s0098,2,model-facing/candidate-snapshots/os15-s0098.json,4,4,true
612,proprietary_gpt,os15-s0098,3,model-facing/candidate-snapshots/os15-s0098.json,4,4,true
613,proprietary_gpt,os15-s0098,4,model-facing/candidate-snapshots/os15-s0098.json,4,4,true
614,proprietary_gpt,os15-s0098,5,model-facing/candidate-snapshots/os15-s0098.json,4,4,true
615,proprietary_gpt,os15-s0099,1,model-facing/candidate-snapshots/os15-s0099.json,4,4,true
616,proprietary_gpt,os15-s0099,2,model-facing/candidate-snapshots/os15-s0099.json,4,4,true
617,proprietary_gpt,os15-s0099,3,model-facing/candidate-snapshots/os15-s0099.json,4,4,true
618,proprietary_gpt,os15-s0099,4,model-facing/candidate-snapshots/os15-s0099.json,4,4,true
619,proprietary_gpt,os15-s0099,5,model-facing/candidate-snapshots/os15-s0099.json,4,4,true
620,proprietary_gpt,os15-s0100,1,model-facing/candidate-snapshots/os15-s0100.json,4,4,true
621,proprietary_gpt,os15-s0100,2,model-facing/candidate-snapshots/os15-s0100.json,4,4,true
622,proprietary_gpt,os15-s0100,3,model-facing/candidate-snapshots/os15-s0100.json,4,4,true
623,proprietary_gpt,os15-s0100,4,model-facing/candidate-snapshots/os15-s0100.json,4,4,true
624,proprietary_gpt,os15-s0100,5,model-facing/candidate-snapshots/os15-s0100.json,4,4,true
625,proprietary_gpt,os15-s0101,1,model-facing/candidate-snapshots/os15-s0101.json,4,4,true
626,proprietary_gpt,os15-s0101,2,model-facing/candidate-snapshots/os15-s0101.json,4,4,true
627,proprietary_gpt,os15-s0101,3,model-facing/candidate-snapshots/os15-s0101.json,4,4,true
628,proprietary_gpt,os15-s0101,4,model-facing/candidate-snapshots/os15-s0101.json,4,4,true
629,proprietary_gpt,os15-s0101,5,model-facing/candidate-snapshots/os15-s0101.json,4,4,true
630,proprietary_gpt,os15-s0102,1,model-facing/candidate-snapshots/os15-s0102.json,4,4,true
631,proprietary_gpt,os15-s0102,2,model-facing/candidate-snapshots/os15-s0102.json,4,4,true
632,proprietary_gpt,os15-s0102,3,model-facing/candidate-snapshots/os15-s0102.json,4,4,true
633,proprietary_gpt,os15-s0102,4,model-facing/candidate-snapshots/os15-s0102.json,4,4,true
634,proprietary_gpt,os15-s0102,5,model-facing/candidate-snapshots/os15-s0102.json,4,4,true
635,proprietary_gpt,os15-s0103,1,model-facing/candidate-snapshots/os15-s0103.json,4,4,true
636,proprietary_gpt,os15-s0103,2,model-facing/candidate-snapshots/os15-s0103.json,4,4,true
637,proprietary_gpt,os15-s0103,3,model-facing/candidate-snapshots/os15-s0103.json,4,4,true
638,proprietary_gpt,os15-s0103,4,model-facing/candidate-snapshots/os15-s0103.json,4,4,true
639,proprietary_gpt,os15-s0103,5,model-facing/candidate-snapshots/os15-s0103.json,4,4,true
640,proprietary_gpt,os15-s0104,1,model-facing/candidate-snapshots/os15-s0104.json,4,4,true
641,proprietary_gpt,os15-s0104,2,model-facing/candidate-snapshots/os15-s0104.json,4,4,true
642,proprietary_gpt,os15-s0104,3,model-facing/candidate-snapshots/os15-s0104.json,4,4,true
643,proprietary_gpt,os15-s0104,4,model-facing/candidate-snapshots/os15-s0104.json,4,4,true
644,proprietary_gpt,os15-s0104,5,model-facing/candidate-snapshots/os15-s0104.json,4,4,true
645,proprietary_gpt,os15-s0105,1,model-facing/candidate-snapshots/os15-s0105.json,4,4,true
646,proprietary_gpt,os15-s0105,2,model-facing/candidate-snapshots/os15-s0105.json,4,4,true
647,proprietary_gpt,os15-s0105,3,model-facing/candidate-snapshots/os15-s0105.json,4,4,true
648,proprietary_gpt,os15-s0105,4,model-facing/candidate-snapshots/os15-s0105.json,4,4,true
649,proprietary_gpt,os15-s0105,5,model-facing/candidate-snapshots/os15-s0105.json,4,4,true
650,proprietary_gpt,os15-s0106,1,model-facing/candidate-snapshots/os15-s0106.json,4,4,true
651,proprietary_gpt,os15-s0106,2,model-facing/candidate-snapshots/os15-s0106.json,4,4,true
652,proprietary_gpt,os15-s0106,3,model-facing/candidate-snapshots/os15-s0106.json,4,4,true
653,proprietary_gpt,os15-s0106,4,model-facing/candidate-snapshots/os15-s0106.json,4,4,true
654,proprietary_gpt,os15-s0106,5,model-facing/candidate-snapshots/os15-s0106.json,4,4,true
655,proprietary_gpt,os15-s0107,1,model-facing/candidate-snapshots/os15-s0107.json,4,4,true
656,proprietary_gpt,os15-s0107,2,model-facing/candidate-snapshots/os15-s0107.json,4,4,true
657,proprietary_gpt,os15-s0107,3,model-facing/candidate-snapshots/os15-s0107.json,4,4,true
658,proprietary_gpt,os15-s0107,4,model-facing/candidate-snapshots/os15-s0107.json,4,4,true
659,proprietary_gpt,os15-s0107,5,model-facing/candidate-snapshots/os15-s0107.json,4,4,true
660,proprietary_gpt,os15-s0108,1,model-facing/candidate-snapshots/os15-s0108.json,4,4,true
661,proprietary_gpt,os15-s0108,2,model-facing/candidate-snapshots/os15-s0108.json,4,4,true
662,proprietary_gpt,os15-s0108,3,model-facing/candidate-snapshots/os15-s0108.json,4,4,true
663,proprietary_gpt,os15-s0108,4,model-facing/candidate-snapshots/os15-s0108.json,4,4,true
664,proprietary_gpt,os15-s0108,5,model-facing/candidate-snapshots/os15-s0108.json,4,4,true
665,proprietary_gpt,os15-s0109,1,model-facing/candidate-snapshots/os15-s0109.json,4,4,true
666,proprietary_gpt,os15-s0109,2,model-facing/candidate-snapshots/os15-s0109.json,4,4,true
667,proprietary_gpt,os15-s0109,3,model-facing/candidate-snapshots/os15-s0109.json,4,4,true
668,proprietary_gpt,os15-s0109,4,model-facing/candidate-snapshots/os15-s0109.json,4,4,true
669,proprietary_gpt,os15-s0109,5,model-facing/candidate-snapshots/os15-s0109.json,4,4,true
670,proprietary_gpt,os15-s0110,1,model-facing/candidate-snapshots/os15-s0110.json,4,4,true
671,proprietary_gpt,os15-s0110,2,model-facing/candidate-snapshots/os15-s0110.json,4,4,true
672,proprietary_gpt,os15-s0110,3,model-facing/candidate-snapshots/os15-s0110.json,4,4,true
673,proprietary_gpt,os15-s0110,4,model-facing/candidate-snapshots/os15-s0110.json,4,4,true
674,proprietary_gpt,os15-s0110,5,model-facing/candidate-snapshots/os15-s0110.json,4,4,true
675,proprietary_gpt,os15-s0111,1,model-facing/candidate-snapshots/os15-s0111.json,4,4,true
676,proprietary_gpt,os15-s0111,2,model-facing/candidate-snapshots/os15-s0111.json,4,4,true
677,proprietary_gpt,os15-s0111,3,model-facing/candidate-snapshots/os15-s0111.json,4,4,true
678,proprietary_gpt,os15-s0111,4,model-facing/candidate-snapshots/os15-s0111.json,4,4,true
679,proprietary_gpt,os15-s0111,5,model-facing/candidate-snapshots/os15-s0111.json,4,4,true
680,proprietary_gpt,os15-s0112,1,model-facing/candidate-snapshots/os15-s0112.json,4,4,true
681,proprietary_gpt,os15-s0112,2,model-facing/candidate-snapshots/os15-s0112.json,4,4,true
682,proprietary_gpt,os15-s0112,3,model-facing/candidate-snapshots/os15-s0112.json,4,4,true
683,proprietary_gpt,os15-s0112,4,model-facing/candidate-snapshots/os15-s0112.json,4,4,true
684,proprietary_gpt,os15-s0112,5,model-facing/candidate-snapshots/os15-s0112.json,4,4,true
685,proprietary_gpt,os15-s0113,1,model-facing/candidate-snapshots/os15-s0113.json,4,4,true
686,proprietary_gpt,os15-s0113,2,model-facing/candidate-snapshots/os15-s0113.json,4,4,true
687,proprietary_gpt,os15-s0113,3,model-facing/candidate-snapshots/os15-s0113.json,4,4,true
688,proprietary_gpt,os15-s0113,4,model-facing/candidate-snapshots/os15-s0113.json,4,4,true
689,proprietary_gpt,os15-s0113,5,model-facing/candidate-snapshots/os15-s0113.json,4,4,true
690,proprietary_gpt,os15-s0114,1,model-facing/candidate-snapshots/os15-s0114.json,4,4,true
691,proprietary_gpt,os15-s0114,2,model-facing/candidate-snapshots/os15-s0114.json,4,4,true
692,proprietary_gpt,os15-s0114,3,model-facing/candidate-snapshots/os15-s0114.json,4,4,true
693,proprietary_gpt,os15-s0114,4,model-facing/candidate-snapshots/os15-s0114.json,4,4,true
694,proprietary_gpt,os15-s0114,5,model-facing/candidate-snapshots/os15-s0114.json,4,4,true
695,proprietary_gpt,os15-s0115,1,model-facing/candidate-snapshots/os15-s0115.json,4,4,true
696,proprietary_gpt,os15-s0115,2,model-facing/candidate-snapshots/os15-s0115.json,4,4,true
697,proprietary_gpt,os15-s0115,3,model-facing/candidate-snapshots/os15-s0115.json,4,4,true
698,proprietary_gpt,os15-s0115,4,model-facing/candidate-snapshots/os15-s0115.json,4,4,true
699,proprietary_gpt,os15-s0115,5,model-facing/candidate-snapshots/os15-s0115.json,4,4,true
700,proprietary_gpt,os15-s0116,1,model-facing/candidate-snapshots/os15-s0116.json,4,4,true
701,proprietary_gpt,os15-s0116,2,model-facing/candidate-snapshots/os15-s0116.json,4,4,true
702,proprietary_gpt,os15-s0116,3,model-facing/candidate-snapshots/os15-s0116.json,4,4,true
703,proprietary_gpt,os15-s0116,4,model-facing/candidate-snapshots/os15-s0116.json,4,4,true
704,proprietary_gpt,os15-s0116,5,model-facing/candidate-snapshots/os15-s0116.json,4,4,true
705,proprietary_gpt,os15-s0117,1,model-facing/candidate-snapshots/os15-s0117.json,4,4,true
706,proprietary_gpt,os15-s0117,2,model-facing/candidate-snapshots/os15-s0117.json,4,4,true
707,proprietary_gpt,os15-s0117,3,model-facing/candidate-snapshots/os15-s0117.json,4,4,true
708,proprietary_gpt,os15-s0117,4,model-facing/candidate-snapshots/os15-s0117.json,4,4,true
709,proprietary_gpt,os15-s0117,5,model-facing/candidate-snapshots/os15-s0117.json,4,4,true
710,proprietary_gpt,os15-s0118,1,model-facing/candidate-snapshots/os15-s0118.json,4,4,true
711,proprietary_gpt,os15-s0118,2,model-facing/candidate-snapshots/os15-s0118.json,4,4,true
712,proprietary_gpt,os15-s0118,3,model-facing/candidate-snapshots/os15-s0118.json,4,4,true
713,proprietary_gpt,os15-s0118,4,model-facing/candidate-snapshots/os15-s0118.json,4,4,true
714,proprietary_gpt,os15-s0118,5,model-facing/candidate-snapshots/os15-s0118.json,4,4,true
715,proprietary_gpt,os15-s0119,1,model-facing/candidate-snapshots/os15-s0119.json,4,4,true
716,proprietary_gpt,os15-s0119,2,model-facing/candidate-snapshots/os15-s0119.json,4,4,true
717,proprietary_gpt,os15-s0119,3,model-facing/candidate-snapshots/os15-s0119.json,4,4,true
718,proprietary_gpt,os15-s0119,4,model-facing/candidate-snapshots/os15-s0119.json,4,4,true
719,proprietary_gpt,os15-s0119,5,model-facing/candidate-snapshots/os15-s0119.json,4,4,true
720,proprietary_gpt,os15-s0120,1,model-facing/candidate-snapshots/os15-s0120.json,4,4,true
721,proprietary_gpt,os15-s0120,2,model-facing/candidate-snapshots/os15-s0120.json,4,4,true
722,proprietary_gpt,os15-s0120,3,model-facing/candidate-snapshots/os15-s0120.json,4,4,true
723,proprietary_gpt,os15-s0120,4,model-facing/candidate-snapshots/os15-s0120.json,4,4,true
724,proprietary_gpt,os15-s0120,5,model-facing/candidate-snapshots/os15-s0120.json,4,4,true
725,proprietary_gpt,os15-s0121,1,model-facing/candidate-snapshots/os15-s0121.json,4,4,true
726,proprietary_gpt,os15-s0121,2,model-facing/candidate-snapshots/os15-s0121.json,4,4,true
727,proprietary_gpt,os15-s0121,3,model-facing/candidate-snapshots/os15-s0121.json,4,4,true
728,proprietary_gpt,os15-s0121,4,model-facing/candidate-snapshots/os15-s0121.json,4,4,true
729,proprietary_gpt,os15-s0121,5,model-facing/candidate-snapshots/os15-s0121.json,4,4,true
730,proprietary_gpt,os15-s0122,1,model-facing/candidate-snapshots/os15-s0122.json,4,4,true
731,proprietary_gpt,os15-s0122,2,model-facing/candidate-snapshots/os15-s0122.json,4,4,true
732,proprietary_gpt,os15-s0122,3,model-facing/candidate-snapshots/os15-s0122.json,4,4,true
733,proprietary_gpt,os15-s0122,4,model-facing/candidate-snapshots/os15-s0122.json,4,4,true
734,proprietary_gpt,os15-s0122,5,model-facing/candidate-snapshots/os15-s0122.json,4,4,true
735,proprietary_gpt,os15-s0123,1,model-facing/candidate-snapshots/os15-s0123.json,4,4,true
736,proprietary_gpt,os15-s0123,2,model-facing/candidate-snapshots/os15-s0123.json,4,4,true
737,proprietary_gpt,os15-s0123,3,model-facing/candidate-snapshots/os15-s0123.json,4,4,true
738,proprietary_gpt,os15-s0123,4,model-facing/candidate-snapshots/os15-s0123.json,4,4,true
739,proprietary_gpt,os15-s0123,5,model-facing/candidate-snapshots/os15-s0123.json,4,4,true
740,proprietary_gpt,os15-s0124,1,model-facing/candidate-snapshots/os15-s0124.json,4,4,true
741,proprietary_gpt,os15-s0124,2,model-facing/candidate-snapshots/os15-s0124.json,4,4,true
742,proprietary_gpt,os15-s0124,3,model-facing/candidate-snapshots/os15-s0124.json,4,4,true
743,proprietary_gpt,os15-s0124,4,model-facing/candidate-snapshots/os15-s0124.json,4,4,true
744,proprietary_gpt,os15-s0124,5,model-facing/candidate-snapshots/os15-s0124.json,4,4,true
745,local_qwen,os15-s0001,1,model-facing/candidate-snapshots/os15-s0001.json,4,4,true
746,local_qwen,os15-s0001,2,model-facing/candidate-snapshots/os15-s0001.json,4,4,true
747,local_qwen,os15-s0001,3,model-facing/candidate-snapshots/os15-s0001.json,4,4,true
748,local_qwen,os15-s0001,4,model-facing/candidate-snapshots/os15-s0001.json,4,4,true
749,local_qwen,os15-s0001,5,model-facing/candidate-snapshots/os15-s0001.json,4,4,true
750,local_qwen,os15-s0002,1,model-facing/candidate-snapshots/os15-s0002.json,4,4,true
751,local_qwen,os15-s0002,2,model-facing/candidate-snapshots/os15-s0002.json,4,4,true
752,local_qwen,os15-s0002,3,model-facing/candidate-snapshots/os15-s0002.json,4,4,true
753,local_qwen,os15-s0002,4,model-facing/candidate-snapshots/os15-s0002.json,4,4,true
754,local_qwen,os15-s0002,5,model-facing/candidate-snapshots/os15-s0002.json,4,4,true
755,local_qwen,os15-s0003,1,model-facing/candidate-snapshots/os15-s0003.json,4,4,true
756,local_qwen,os15-s0003,2,model-facing/candidate-snapshots/os15-s0003.json,4,4,true
757,local_qwen,os15-s0003,3,model-facing/candidate-snapshots/os15-s0003.json,4,4,true
758,local_qwen,os15-s0003,4,model-facing/candidate-snapshots/os15-s0003.json,4,4,true
759,local_qwen,os15-s0003,5,model-facing/candidate-snapshots/os15-s0003.json,4,4,true
760,local_qwen,os15-s0004,1,model-facing/candidate-snapshots/os15-s0004.json,4,4,true
761,local_qwen,os15-s0004,2,model-facing/candidate-snapshots/os15-s0004.json,4,4,true
762,local_qwen,os15-s0004,3,model-facing/candidate-snapshots/os15-s0004.json,4,4,true
763,local_qwen,os15-s0004,4,model-facing/candidate-snapshots/os15-s0004.json,4,4,true
764,local_qwen,os15-s0004,5,model-facing/candidate-snapshots/os15-s0004.json,4,4,true
765,local_qwen,os15-s0005,1,model-facing/candidate-snapshots/os15-s0005.json,4,4,true
766,local_qwen,os15-s0005,2,model-facing/candidate-snapshots/os15-s0005.json,4,4,true
767,local_qwen,os15-s0005,3,model-facing/candidate-snapshots/os15-s0005.json,4,4,true
768,local_qwen,os15-s0005,4,model-facing/candidate-snapshots/os15-s0005.json,4,4,true
769,local_qwen,os15-s0005,5,model-facing/candidate-snapshots/os15-s0005.json,4,4,true
770,local_qwen,os15-s0006,1,model-facing/candidate-snapshots/os15-s0006.json,4,4,true
771,local_qwen,os15-s0006,2,model-facing/candidate-snapshots/os15-s0006.json,4,4,true
772,local_qwen,os15-s0006,3,model-facing/candidate-snapshots/os15-s0006.json,4,4,true
773,local_qwen,os15-s0006,4,model-facing/candidate-snapshots/os15-s0006.json,4,4,true
774,local_qwen,os15-s0006,5,model-facing/candidate-snapshots/os15-s0006.json,4,4,true
775,local_qwen,os15-s0007,1,model-facing/candidate-snapshots/os15-s0007.json,4,4,true
776,local_qwen,os15-s0007,2,model-facing/candidate-snapshots/os15-s0007.json,4,4,true
777,local_qwen,os15-s0007,3,model-facing/candidate-snapshots/os15-s0007.json,4,4,true
778,local_qwen,os15-s0007,4,model-facing/candidate-snapshots/os15-s0007.json,4,4,true
779,local_qwen,os15-s0007,5,model-facing/candidate-snapshots/os15-s0007.json,4,4,true
780,local_qwen,os15-s0008,1,model-facing/candidate-snapshots/os15-s0008.json,4,4,true
781,local_qwen,os15-s0008,2,model-facing/candidate-snapshots/os15-s0008.json,4,4,true
782,local_qwen,os15-s0008,3,model-facing/candidate-snapshots/os15-s0008.json,4,4,true
783,local_qwen,os15-s0008,4,model-facing/candidate-snapshots/os15-s0008.json,4,4,true
784,local_qwen,os15-s0008,5,model-facing/candidate-snapshots/os15-s0008.json,4,4,true
785,local_qwen,os15-s0009,1,model-facing/candidate-snapshots/os15-s0009.json,4,4,true
786,local_qwen,os15-s0009,2,model-facing/candidate-snapshots/os15-s0009.json,4,4,true
787,local_qwen,os15-s0009,3,model-facing/candidate-snapshots/os15-s0009.json,4,4,true
788,local_qwen,os15-s0009,4,model-facing/candidate-snapshots/os15-s0009.json,4,4,true
789,local_qwen,os15-s0009,5,model-facing/candidate-snapshots/os15-s0009.json,4,4,true
790,local_qwen,os15-s0010,1,model-facing/candidate-snapshots/os15-s0010.json,4,4,true
791,local_qwen,os15-s0010,2,model-facing/candidate-snapshots/os15-s0010.json,4,4,true
792,local_qwen,os15-s0010,3,model-facing/candidate-snapshots/os15-s0010.json,4,4,true
793,local_qwen,os15-s0010,4,model-facing/candidate-snapshots/os15-s0010.json,4,4,true
794,local_qwen,os15-s0010,5,model-facing/candidate-snapshots/os15-s0010.json,4,4,true
795,local_qwen,os15-s0011,1,model-facing/candidate-snapshots/os15-s0011.json,4,4,true
796,local_qwen,os15-s0011,2,model-facing/candidate-snapshots/os15-s0011.json,4,4,true
797,local_qwen,os15-s0011,3,model-facing/candidate-snapshots/os15-s0011.json,4,4,true
798,local_qwen,os15-s0011,4,model-facing/candidate-snapshots/os15-s0011.json,4,4,true
799,local_qwen,os15-s0011,5,model-facing/candidate-snapshots/os15-s0011.json,4,4,true
800,local_qwen,os15-s0012,1,model-facing/candidate-snapshots/os15-s0012.json,4,4,true
801,local_qwen,os15-s0012,2,model-facing/candidate-snapshots/os15-s0012.json,4,4,true
802,local_qwen,os15-s0012,3,model-facing/candidate-snapshots/os15-s0012.json,4,4,true
803,local_qwen,os15-s0012,4,model-facing/candidate-snapshots/os15-s0012.json,4,4,true
804,local_qwen,os15-s0012,5,model-facing/candidate-snapshots/os15-s0012.json,4,4,true
805,local_qwen,os15-s0013,1,model-facing/candidate-snapshots/os15-s0013.json,4,4,true
806,local_qwen,os15-s0013,2,model-facing/candidate-snapshots/os15-s0013.json,4,4,true
807,local_qwen,os15-s0013,3,model-facing/candidate-snapshots/os15-s0013.json,4,4,true
808,local_qwen,os15-s0013,4,model-facing/candidate-snapshots/os15-s0013.json,4,4,true
809,local_qwen,os15-s0013,5,model-facing/candidate-snapshots/os15-s0013.json,4,4,true
810,local_qwen,os15-s0014,1,model-facing/candidate-snapshots/os15-s0014.json,4,4,true
811,local_qwen,os15-s0014,2,model-facing/candidate-snapshots/os15-s0014.json,4,4,true
812,local_qwen,os15-s0014,3,model-facing/candidate-snapshots/os15-s0014.json,4,4,true
813,local_qwen,os15-s0014,4,model-facing/candidate-snapshots/os15-s0014.json,4,4,true
814,local_qwen,os15-s0014,5,model-facing/candidate-snapshots/os15-s0014.json,4,4,true
815,local_qwen,os15-s0015,1,model-facing/candidate-snapshots/os15-s0015.json,4,4,true
816,local_qwen,os15-s0015,2,model-facing/candidate-snapshots/os15-s0015.json,4,4,true
817,local_qwen,os15-s0015,3,model-facing/candidate-snapshots/os15-s0015.json,4,4,true
818,local_qwen,os15-s0015,4,model-facing/candidate-snapshots/os15-s0015.json,4,4,true
819,local_qwen,os15-s0015,5,model-facing/candidate-snapshots/os15-s0015.json,4,4,true
820,local_qwen,os15-s0016,1,model-facing/candidate-snapshots/os15-s0016.json,4,4,true
821,local_qwen,os15-s0016,2,model-facing/candidate-snapshots/os15-s0016.json,4,4,true
822,local_qwen,os15-s0016,3,model-facing/candidate-snapshots/os15-s0016.json,4,4,true
823,local_qwen,os15-s0016,4,model-facing/candidate-snapshots/os15-s0016.json,4,4,true
824,local_qwen,os15-s0016,5,model-facing/candidate-snapshots/os15-s0016.json,4,4,true
825,local_qwen,os15-s0017,1,model-facing/candidate-snapshots/os15-s0017.json,4,4,true
826,local_qwen,os15-s0017,2,model-facing/candidate-snapshots/os15-s0017.json,4,4,true
827,local_qwen,os15-s0017,3,model-facing/candidate-snapshots/os15-s0017.json,4,4,true
828,local_qwen,os15-s0017,4,model-facing/candidate-snapshots/os15-s0017.json,4,4,true
829,local_qwen,os15-s0017,5,model-facing/candidate-snapshots/os15-s0017.json,4,4,true
830,local_qwen,os15-s0018,1,model-facing/candidate-snapshots/os15-s0018.json,4,4,true
831,local_qwen,os15-s0018,2,model-facing/candidate-snapshots/os15-s0018.json,4,4,true
832,local_qwen,os15-s0018,3,model-facing/candidate-snapshots/os15-s0018.json,4,4,true
833,local_qwen,os15-s0018,4,model-facing/candidate-snapshots/os15-s0018.json,4,4,true
834,local_qwen,os15-s0018,5,model-facing/candidate-snapshots/os15-s0018.json,4,4,true
835,local_qwen,os15-s0019,1,model-facing/candidate-snapshots/os15-s0019.json,4,4,true
836,local_qwen,os15-s0019,2,model-facing/candidate-snapshots/os15-s0019.json,4,4,true
837,local_qwen,os15-s0019,3,model-facing/candidate-snapshots/os15-s0019.json,4,4,true
838,local_qwen,os15-s0019,4,model-facing/candidate-snapshots/os15-s0019.json,4,4,true
839,local_qwen,os15-s0019,5,model-facing/candidate-snapshots/os15-s0019.json,4,4,true
840,local_qwen,os15-s0020,1,model-facing/candidate-snapshots/os15-s0020.json,4,4,true
841,local_qwen,os15-s0020,2,model-facing/candidate-snapshots/os15-s0020.json,4,4,true
842,local_qwen,os15-s0020,3,model-facing/candidate-snapshots/os15-s0020.json,4,4,true
843,local_qwen,os15-s0020,4,model-facing/candidate-snapshots/os15-s0020.json,4,4,true
844,local_qwen,os15-s0020,5,model-facing/candidate-snapshots/os15-s0020.json,4,4,true
845,local_qwen,os15-s0021,1,model-facing/candidate-snapshots/os15-s0021.json,4,4,true
846,local_qwen,os15-s0021,2,model-facing/candidate-snapshots/os15-s0021.json,4,4,true
847,local_qwen,os15-s0021,3,model-facing/candidate-snapshots/os15-s0021.json,4,4,true
848,local_qwen,os15-s0021,4,model-facing/candidate-snapshots/os15-s0021.json,4,4,true
849,local_qwen,os15-s0021,5,model-facing/candidate-snapshots/os15-s0021.json,4,4,true
850,local_qwen,os15-s0022,1,model-facing/candidate-snapshots/os15-s0022.json,4,4,true
851,local_qwen,os15-s0022,2,model-facing/candidate-snapshots/os15-s0022.json,4,4,true
852,local_qwen,os15-s0022,3,model-facing/candidate-snapshots/os15-s0022.json,4,4,true
853,local_qwen,os15-s0022,4,model-facing/candidate-snapshots/os15-s0022.json,4,4,true
854,local_qwen,os15-s0022,5,model-facing/candidate-snapshots/os15-s0022.json,4,4,true
855,local_qwen,os15-s0023,1,model-facing/candidate-snapshots/os15-s0023.json,4,4,true
856,local_qwen,os15-s0023,2,model-facing/candidate-snapshots/os15-s0023.json,4,4,true
857,local_qwen,os15-s0023,3,model-facing/candidate-snapshots/os15-s0023.json,4,4,true
858,local_qwen,os15-s0023,4,model-facing/candidate-snapshots/os15-s0023.json,4,4,true
859,local_qwen,os15-s0023,5,model-facing/candidate-snapshots/os15-s0023.json,4,4,true
860,local_qwen,os15-s0024,1,model-facing/candidate-snapshots/os15-s0024.json,4,4,true
861,local_qwen,os15-s0024,2,model-facing/candidate-snapshots/os15-s0024.json,4,4,true
862,local_qwen,os15-s0024,3,model-facing/candidate-snapshots/os15-s0024.json,4,4,true
863,local_qwen,os15-s0024,4,model-facing/candidate-snapshots/os15-s0024.json,4,4,true
864,local_qwen,os15-s0024,5,model-facing/candidate-snapshots/os15-s0024.json,4,4,true
865,local_qwen,os15-s0025,1,model-facing/candidate-snapshots/os15-s0025.json,4,4,true
866,local_qwen,os15-s0025,2,model-facing/candidate-snapshots/os15-s0025.json,4,4,true
867,local_qwen,os15-s0025,3,model-facing/candidate-snapshots/os15-s0025.json,4,4,true
868,local_qwen,os15-s0025,4,model-facing/candidate-snapshots/os15-s0025.json,4,4,true
869,local_qwen,os15-s0025,5,model-facing/candidate-snapshots/os15-s0025.json,4,4,true
870,local_qwen,os15-s0026,1,model-facing/candidate-snapshots/os15-s0026.json,4,4,true
871,local_qwen,os15-s0026,2,model-facing/candidate-snapshots/os15-s0026.json,4,4,true
872,local_qwen,os15-s0026,3,model-facing/candidate-snapshots/os15-s0026.json,4,4,true
873,local_qwen,os15-s0026,4,model-facing/candidate-snapshots/os15-s0026.json,4,4,true
874,local_qwen,os15-s0026,5,model-facing/candidate-snapshots/os15-s0026.json,4,4,true
875,local_qwen,os15-s0027,1,model-facing/candidate-snapshots/os15-s0027.json,4,4,true
876,local_qwen,os15-s0027,2,model-facing/candidate-snapshots/os15-s0027.json,4,4,true
877,local_qwen,os15-s0027,3,model-facing/candidate-snapshots/os15-s0027.json,4,4,true
878,local_qwen,os15-s0027,4,model-facing/candidate-snapshots/os15-s0027.json,4,4,true
879,local_qwen,os15-s0027,5,model-facing/candidate-snapshots/os15-s0027.json,4,4,true
880,local_qwen,os15-s0028,1,model-facing/candidate-snapshots/os15-s0028.json,4,4,true
881,local_qwen,os15-s0028,2,model-facing/candidate-snapshots/os15-s0028.json,4,4,true
882,local_qwen,os15-s0028,3,model-facing/candidate-snapshots/os15-s0028.json,4,4,true
883,local_qwen,os15-s0028,4,model-facing/candidate-snapshots/os15-s0028.json,4,4,true
884,local_qwen,os15-s0028,5,model-facing/candidate-snapshots/os15-s0028.json,4,4,true
885,local_qwen,os15-s0029,1,model-facing/candidate-snapshots/os15-s0029.json,4,4,true
886,local_qwen,os15-s0029,2,model-facing/candidate-snapshots/os15-s0029.json,4,4,true
887,local_qwen,os15-s0029,3,model-facing/candidate-snapshots/os15-s0029.json,4,4,true
888,local_qwen,os15-s0029,4,model-facing/candidate-snapshots/os15-s0029.json,4,4,true
889,local_qwen,os15-s0029,5,model-facing/candidate-snapshots/os15-s0029.json,4,4,true
890,local_qwen,os15-s0030,1,model-facing/candidate-snapshots/os15-s0030.json,4,4,true
891,local_qwen,os15-s0030,2,model-facing/candidate-snapshots/os15-s0030.json,4,4,true
892,local_qwen,os15-s0030,3,model-facing/candidate-snapshots/os15-s0030.json,4,4,true
893,local_qwen,os15-s0030,4,model-facing/candidate-snapshots/os15-s0030.json,4,4,true
894,local_qwen,os15-s0030,5,model-facing/candidate-snapshots/os15-s0030.json,4,4,true
895,local_qwen,os15-s0031,1,model-facing/candidate-snapshots/os15-s0031.json,4,4,true
896,local_qwen,os15-s0031,2,model-facing/candidate-snapshots/os15-s0031.json,4,4,true
897,local_qwen,os15-s0031,3,model-facing/candidate-snapshots/os15-s0031.json,4,4,true
898,local_qwen,os15-s0031,4,model-facing/candidate-snapshots/os15-s0031.json,4,4,true
899,local_qwen,os15-s0031,5,model-facing/candidate-snapshots/os15-s0031.json,4,4,true
900,local_qwen,os15-s0032,1,model-facing/candidate-snapshots/os15-s0032.json,4,4,true
901,local_qwen,os15-s0032,2,model-facing/candidate-snapshots/os15-s0032.json,4,4,true
902,local_qwen,os15-s0032,3,model-facing/candidate-snapshots/os15-s0032.json,4,4,true
903,local_qwen,os15-s0032,4,model-facing/candidate-snapshots/os15-s0032.json,4,4,true
904,local_qwen,os15-s0032,5,model-facing/candidate-snapshots/os15-s0032.json,4,4,true
905,local_qwen,os15-s0033,1,model-facing/candidate-snapshots/os15-s0033.json,4,4,true
906,local_qwen,os15-s0033,2,model-facing/candidate-snapshots/os15-s0033.json,4,4,true
907,local_qwen,os15-s0033,3,model-facing/candidate-snapshots/os15-s0033.json,4,4,true
908,local_qwen,os15-s0033,4,model-facing/candidate-snapshots/os15-s0033.json,4,4,true
909,local_qwen,os15-s0033,5,model-facing/candidate-snapshots/os15-s0033.json,4,4,true
910,local_qwen,os15-s0034,1,model-facing/candidate-snapshots/os15-s0034.json,4,4,true
911,local_qwen,os15-s0034,2,model-facing/candidate-snapshots/os15-s0034.json,4,4,true
912,local_qwen,os15-s0034,3,model-facing/candidate-snapshots/os15-s0034.json,4,4,true
913,local_qwen,os15-s0034,4,model-facing/candidate-snapshots/os15-s0034.json,4,4,true
914,local_qwen,os15-s0034,5,model-facing/candidate-snapshots/os15-s0034.json,4,4,true
915,local_qwen,os15-s0035,1,model-facing/candidate-snapshots/os15-s0035.json,4,4,true
916,local_qwen,os15-s0035,2,model-facing/candidate-snapshots/os15-s0035.json,4,4,true
917,local_qwen,os15-s0035,3,model-facing/candidate-snapshots/os15-s0035.json,4,4,true
918,local_qwen,os15-s0035,4,model-facing/candidate-snapshots/os15-s0035.json,4,4,true
919,local_qwen,os15-s0035,5,model-facing/candidate-snapshots/os15-s0035.json,4,4,true
920,local_qwen,os15-s0036,1,model-facing/candidate-snapshots/os15-s0036.json,4,4,true
921,local_qwen,os15-s0036,2,model-facing/candidate-snapshots/os15-s0036.json,4,4,true
922,local_qwen,os15-s0036,3,model-facing/candidate-snapshots/os15-s0036.json,4,4,true
923,local_qwen,os15-s0036,4,model-facing/candidate-snapshots/os15-s0036.json,4,4,true
924,local_qwen,os15-s0036,5,model-facing/candidate-snapshots/os15-s0036.json,4,4,true
925,local_qwen,os15-s0037,1,model-facing/candidate-snapshots/os15-s0037.json,4,4,true
926,local_qwen,os15-s0037,2,model-facing/candidate-snapshots/os15-s0037.json,4,4,true
927,local_qwen,os15-s0037,3,model-facing/candidate-snapshots/os15-s0037.json,4,4,true
928,local_qwen,os15-s0037,4,model-facing/candidate-snapshots/os15-s0037.json,4,4,true
929,local_qwen,os15-s0037,5,model-facing/candidate-snapshots/os15-s0037.json,4,4,true
930,local_qwen,os15-s0038,1,model-facing/candidate-snapshots/os15-s0038.json,4,4,true
931,local_qwen,os15-s0038,2,model-facing/candidate-snapshots/os15-s0038.json,4,4,true
932,local_qwen,os15-s0038,3,model-facing/candidate-snapshots/os15-s0038.json,4,4,true
933,local_qwen,os15-s0038,4,model-facing/candidate-snapshots/os15-s0038.json,4,4,true
934,local_qwen,os15-s0038,5,model-facing/candidate-snapshots/os15-s0038.json,4,4,true
935,local_qwen,os15-s0039,1,model-facing/candidate-snapshots/os15-s0039.json,4,4,true
936,local_qwen,os15-s0039,2,model-facing/candidate-snapshots/os15-s0039.json,4,4,true
937,local_qwen,os15-s0039,3,model-facing/candidate-snapshots/os15-s0039.json,4,4,true
938,local_qwen,os15-s0039,4,model-facing/candidate-snapshots/os15-s0039.json,4,4,true
939,local_qwen,os15-s0039,5,model-facing/candidate-snapshots/os15-s0039.json,4,4,true
940,local_qwen,os15-s0040,1,model-facing/candidate-snapshots/os15-s0040.json,4,4,true
941,local_qwen,os15-s0040,2,model-facing/candidate-snapshots/os15-s0040.json,4,4,true
942,local_qwen,os15-s0040,3,model-facing/candidate-snapshots/os15-s0040.json,4,4,true
943,local_qwen,os15-s0040,4,model-facing/candidate-snapshots/os15-s0040.json,4,4,true
944,local_qwen,os15-s0040,5,model-facing/candidate-snapshots/os15-s0040.json,4,4,true
945,local_qwen,os15-s0041,1,model-facing/candidate-snapshots/os15-s0041.json,4,4,true
946,local_qwen,os15-s0041,2,model-facing/candidate-snapshots/os15-s0041.json,4,4,true
947,local_qwen,os15-s0041,3,model-facing/candidate-snapshots/os15-s0041.json,4,4,true
948,local_qwen,os15-s0041,4,model-facing/candidate-snapshots/os15-s0041.json,4,4,true
949,local_qwen,os15-s0041,5,model-facing/candidate-snapshots/os15-s0041.json,4,4,true
950,local_qwen,os15-s0042,1,model-facing/candidate-snapshots/os15-s0042.json,4,4,true
951,local_qwen,os15-s0042,2,model-facing/candidate-snapshots/os15-s0042.json,4,4,true
952,local_qwen,os15-s0042,3,model-facing/candidate-snapshots/os15-s0042.json,4,4,true
953,local_qwen,os15-s0042,4,model-facing/candidate-snapshots/os15-s0042.json,4,4,true
954,local_qwen,os15-s0042,5,model-facing/candidate-snapshots/os15-s0042.json,4,4,true
955,local_qwen,os15-s0043,1,model-facing/candidate-snapshots/os15-s0043.json,4,4,true
956,local_qwen,os15-s0043,2,model-facing/candidate-snapshots/os15-s0043.json,4,4,true
957,local_qwen,os15-s0043,3,model-facing/candidate-snapshots/os15-s0043.json,4,4,true
958,local_qwen,os15-s0043,4,model-facing/candidate-snapshots/os15-s0043.json,4,4,true
959,local_qwen,os15-s0043,5,model-facing/candidate-snapshots/os15-s0043.json,4,4,true
960,local_qwen,os15-s0044,1,model-facing/candidate-snapshots/os15-s0044.json,4,4,true
961,local_qwen,os15-s0044,2,model-facing/candidate-snapshots/os15-s0044.json,4,4,true
962,local_qwen,os15-s0044,3,model-facing/candidate-snapshots/os15-s0044.json,4,4,true
963,local_qwen,os15-s0044,4,model-facing/candidate-snapshots/os15-s0044.json,4,4,true
964,local_qwen,os15-s0044,5,model-facing/candidate-snapshots/os15-s0044.json,4,4,true
965,local_qwen,os15-s0045,1,model-facing/candidate-snapshots/os15-s0045.json,4,4,true
966,local_qwen,os15-s0045,2,model-facing/candidate-snapshots/os15-s0045.json,4,4,true
967,local_qwen,os15-s0045,3,model-facing/candidate-snapshots/os15-s0045.json,4,4,true
968,local_qwen,os15-s0045,4,model-facing/candidate-snapshots/os15-s0045.json,4,4,true
969,local_qwen,os15-s0045,5,model-facing/candidate-snapshots/os15-s0045.json,4,4,true
970,local_qwen,os15-s0046,1,model-facing/candidate-snapshots/os15-s0046.json,4,4,true
971,local_qwen,os15-s0046,2,model-facing/candidate-snapshots/os15-s0046.json,4,4,true
972,local_qwen,os15-s0046,3,model-facing/candidate-snapshots/os15-s0046.json,4,4,true
973,local_qwen,os15-s0046,4,model-facing/candidate-snapshots/os15-s0046.json,4,4,true
974,local_qwen,os15-s0046,5,model-facing/candidate-snapshots/os15-s0046.json,4,4,true
975,local_qwen,os15-s0047,1,model-facing/candidate-snapshots/os15-s0047.json,4,4,true
976,local_qwen,os15-s0047,2,model-facing/candidate-snapshots/os15-s0047.json,4,4,true
977,local_qwen,os15-s0047,3,model-facing/candidate-snapshots/os15-s0047.json,4,4,true
978,local_qwen,os15-s0047,4,model-facing/candidate-snapshots/os15-s0047.json,4,4,true
979,local_qwen,os15-s0047,5,model-facing/candidate-snapshots/os15-s0047.json,4,4,true
980,local_qwen,os15-s0048,1,model-facing/candidate-snapshots/os15-s0048.json,4,4,true
981,local_qwen,os15-s0048,2,model-facing/candidate-snapshots/os15-s0048.json,4,4,true
982,local_qwen,os15-s0048,3,model-facing/candidate-snapshots/os15-s0048.json,4,4,true
983,local_qwen,os15-s0048,4,model-facing/candidate-snapshots/os15-s0048.json,4,4,true
984,local_qwen,os15-s0048,5,model-facing/candidate-snapshots/os15-s0048.json,4,4,true
985,local_qwen,os15-s0049,1,model-facing/candidate-snapshots/os15-s0049.json,4,4,true
986,local_qwen,os15-s0049,2,model-facing/candidate-snapshots/os15-s0049.json,4,4,true
987,local_qwen,os15-s0049,3,model-facing/candidate-snapshots/os15-s0049.json,4,4,true
988,local_qwen,os15-s0049,4,model-facing/candidate-snapshots/os15-s0049.json,4,4,true
989,local_qwen,os15-s0049,5,model-facing/candidate-snapshots/os15-s0049.json,4,4,true
990,local_qwen,os15-s0050,1,model-facing/candidate-snapshots/os15-s0050.json,4,4,true
991,local_qwen,os15-s0050,2,model-facing/candidate-snapshots/os15-s0050.json,4,4,true
992,local_qwen,os15-s0050,3,model-facing/candidate-snapshots/os15-s0050.json,4,4,true
993,local_qwen,os15-s0050,4,model-facing/candidate-snapshots/os15-s0050.json,4,4,true
994,local_qwen,os15-s0050,5,model-facing/candidate-snapshots/os15-s0050.json,4,4,true
995,local_qwen,os15-s0051,1,model-facing/candidate-snapshots/os15-s0051.json,4,4,true
996,local_qwen,os15-s0051,2,model-facing/candidate-snapshots/os15-s0051.json,4,4,true
997,local_qwen,os15-s0051,3,model-facing/candidate-snapshots/os15-s0051.json,4,4,true
998,local_qwen,os15-s0051,4,model-facing/candidate-snapshots/os15-s0051.json,4,4,true
999,local_qwen,os15-s0051,5,model-facing/candidate-snapshots/os15-s0051.json,4,4,true
1000,local_qwen,os15-s0052,1,model-facing/candidate-snapshots/os15-s0052.json,4,4,true
1001,local_qwen,os15-s0052,2,model-facing/candidate-snapshots/os15-s0052.json,4,4,true
1002,local_qwen,os15-s0052,3,model-facing/candidate-snapshots/os15-s0052.json,4,4,true
1003,local_qwen,os15-s0052,4,model-facing/candidate-snapshots/os15-s0052.json,4,4,true
1004,local_qwen,os15-s0052,5,model-facing/candidate-snapshots/os15-s0052.json,4,4,true
1005,local_qwen,os15-s0053,1,model-facing/candidate-snapshots/os15-s0053.json,4,4,true
1006,local_qwen,os15-s0053,2,model-facing/candidate-snapshots/os15-s0053.json,4,4,true
1007,local_qwen,os15-s0053,3,model-facing/candidate-snapshots/os15-s0053.json,4,4,true
1008,local_qwen,os15-s0053,4,model-facing/candidate-snapshots/os15-s0053.json,4,4,true
1009,local_qwen,os15-s0053,5,model-facing/candidate-snapshots/os15-s0053.json,4,4,true
1010,local_qwen,os15-s0054,1,model-facing/candidate-snapshots/os15-s0054.json,4,4,true
1011,local_qwen,os15-s0054,2,model-facing/candidate-snapshots/os15-s0054.json,4,4,true
1012,local_qwen,os15-s0054,3,model-facing/candidate-snapshots/os15-s0054.json,4,4,true
1013,local_qwen,os15-s0054,4,model-facing/candidate-snapshots/os15-s0054.json,4,4,true
1014,local_qwen,os15-s0054,5,model-facing/candidate-snapshots/os15-s0054.json,4,4,true
1015,local_qwen,os15-s0055,1,model-facing/candidate-snapshots/os15-s0055.json,4,4,true
1016,local_qwen,os15-s0055,2,model-facing/candidate-snapshots/os15-s0055.json,4,4,true
1017,local_qwen,os15-s0055,3,model-facing/candidate-snapshots/os15-s0055.json,4,4,true
1018,local_qwen,os15-s0055,4,model-facing/candidate-snapshots/os15-s0055.json,4,4,true
1019,local_qwen,os15-s0055,5,model-facing/candidate-snapshots/os15-s0055.json,4,4,true
1020,local_qwen,os15-s0056,1,model-facing/candidate-snapshots/os15-s0056.json,4,4,true
1021,local_qwen,os15-s0056,2,model-facing/candidate-snapshots/os15-s0056.json,4,4,true
1022,local_qwen,os15-s0056,3,model-facing/candidate-snapshots/os15-s0056.json,4,4,true
1023,local_qwen,os15-s0056,4,model-facing/candidate-snapshots/os15-s0056.json,4,4,true
1024,local_qwen,os15-s0056,5,model-facing/candidate-snapshots/os15-s0056.json,4,4,true
1025,local_qwen,os15-s0057,1,model-facing/candidate-snapshots/os15-s0057.json,4,4,true
1026,local_qwen,os15-s0057,2,model-facing/candidate-snapshots/os15-s0057.json,4,4,true
1027,local_qwen,os15-s0057,3,model-facing/candidate-snapshots/os15-s0057.json,4,4,true
1028,local_qwen,os15-s0057,4,model-facing/candidate-snapshots/os15-s0057.json,4,4,true
1029,local_qwen,os15-s0057,5,model-facing/candidate-snapshots/os15-s0057.json,4,4,true
1030,local_qwen,os15-s0058,1,model-facing/candidate-snapshots/os15-s0058.json,4,4,true
1031,local_qwen,os15-s0058,2,model-facing/candidate-snapshots/os15-s0058.json,4,4,true
1032,local_qwen,os15-s0058,3,model-facing/candidate-snapshots/os15-s0058.json,4,4,true
1033,local_qwen,os15-s0058,4,model-facing/candidate-snapshots/os15-s0058.json,4,4,true
1034,local_qwen,os15-s0058,5,model-facing/candidate-snapshots/os15-s0058.json,4,4,true
1035,local_qwen,os15-s0059,1,model-facing/candidate-snapshots/os15-s0059.json,4,4,true
1036,local_qwen,os15-s0059,2,model-facing/candidate-snapshots/os15-s0059.json,4,4,true
1037,local_qwen,os15-s0059,3,model-facing/candidate-snapshots/os15-s0059.json,4,4,true
1038,local_qwen,os15-s0059,4,model-facing/candidate-snapshots/os15-s0059.json,4,4,true
1039,local_qwen,os15-s0059,5,model-facing/candidate-snapshots/os15-s0059.json,4,4,true
1040,local_qwen,os15-s0060,1,model-facing/candidate-snapshots/os15-s0060.json,4,4,true
1041,local_qwen,os15-s0060,2,model-facing/candidate-snapshots/os15-s0060.json,4,4,true
1042,local_qwen,os15-s0060,3,model-facing/candidate-snapshots/os15-s0060.json,4,4,true
1043,local_qwen,os15-s0060,4,model-facing/candidate-snapshots/os15-s0060.json,4,4,true
1044,local_qwen,os15-s0060,5,model-facing/candidate-snapshots/os15-s0060.json,4,4,true
1045,local_qwen,os15-s0061,1,model-facing/candidate-snapshots/os15-s0061.json,4,4,true
1046,local_qwen,os15-s0061,2,model-facing/candidate-snapshots/os15-s0061.json,4,4,true
1047,local_qwen,os15-s0061,3,model-facing/candidate-snapshots/os15-s0061.json,4,4,true
1048,local_qwen,os15-s0061,4,model-facing/candidate-snapshots/os15-s0061.json,4,4,true
1049,local_qwen,os15-s0061,5,model-facing/candidate-snapshots/os15-s0061.json,4,4,true
1050,local_qwen,os15-s0062,1,model-facing/candidate-snapshots/os15-s0062.json,4,4,true
1051,local_qwen,os15-s0062,2,model-facing/candidate-snapshots/os15-s0062.json,4,4,true
1052,local_qwen,os15-s0062,3,model-facing/candidate-snapshots/os15-s0062.json,4,4,true
1053,local_qwen,os15-s0062,4,model-facing/candidate-snapshots/os15-s0062.json,4,4,true
1054,local_qwen,os15-s0062,5,model-facing/candidate-snapshots/os15-s0062.json,4,4,true
1055,local_qwen,os15-s0063,1,model-facing/candidate-snapshots/os15-s0063.json,4,4,true
1056,local_qwen,os15-s0063,2,model-facing/candidate-snapshots/os15-s0063.json,4,4,true
1057,local_qwen,os15-s0063,3,model-facing/candidate-snapshots/os15-s0063.json,4,4,true
1058,local_qwen,os15-s0063,4,model-facing/candidate-snapshots/os15-s0063.json,4,4,true
1059,local_qwen,os15-s0063,5,model-facing/candidate-snapshots/os15-s0063.json,4,4,true
1060,local_qwen,os15-s0064,1,model-facing/candidate-snapshots/os15-s0064.json,4,4,true
1061,local_qwen,os15-s0064,2,model-facing/candidate-snapshots/os15-s0064.json,4,4,true
1062,local_qwen,os15-s0064,3,model-facing/candidate-snapshots/os15-s0064.json,4,4,true
1063,local_qwen,os15-s0064,4,model-facing/candidate-snapshots/os15-s0064.json,4,4,true
1064,local_qwen,os15-s0064,5,model-facing/candidate-snapshots/os15-s0064.json,4,4,true
1065,local_qwen,os15-s0065,1,model-facing/candidate-snapshots/os15-s0065.json,4,4,true
1066,local_qwen,os15-s0065,2,model-facing/candidate-snapshots/os15-s0065.json,4,4,true
1067,local_qwen,os15-s0065,3,model-facing/candidate-snapshots/os15-s0065.json,4,4,true
1068,local_qwen,os15-s0065,4,model-facing/candidate-snapshots/os15-s0065.json,4,4,true
1069,local_qwen,os15-s0065,5,model-facing/candidate-snapshots/os15-s0065.json,4,4,true
1070,local_qwen,os15-s0066,1,model-facing/candidate-snapshots/os15-s0066.json,4,4,true
1071,local_qwen,os15-s0066,2,model-facing/candidate-snapshots/os15-s0066.json,4,4,true
1072,local_qwen,os15-s0066,3,model-facing/candidate-snapshots/os15-s0066.json,4,4,true
1073,local_qwen,os15-s0066,4,model-facing/candidate-snapshots/os15-s0066.json,4,4,true
1074,local_qwen,os15-s0066,5,model-facing/candidate-snapshots/os15-s0066.json,4,4,true
1075,local_qwen,os15-s0067,1,model-facing/candidate-snapshots/os15-s0067.json,4,4,true
1076,local_qwen,os15-s0067,2,model-facing/candidate-snapshots/os15-s0067.json,4,4,true
1077,local_qwen,os15-s0067,3,model-facing/candidate-snapshots/os15-s0067.json,4,4,true
1078,local_qwen,os15-s0067,4,model-facing/candidate-snapshots/os15-s0067.json,4,4,true
1079,local_qwen,os15-s0067,5,model-facing/candidate-snapshots/os15-s0067.json,4,4,true
1080,local_qwen,os15-s0068,1,model-facing/candidate-snapshots/os15-s0068.json,4,4,true
1081,local_qwen,os15-s0068,2,model-facing/candidate-snapshots/os15-s0068.json,4,4,true
1082,local_qwen,os15-s0068,3,model-facing/candidate-snapshots/os15-s0068.json,4,4,true
1083,local_qwen,os15-s0068,4,model-facing/candidate-snapshots/os15-s0068.json,4,4,true
1084,local_qwen,os15-s0068,5,model-facing/candidate-snapshots/os15-s0068.json,4,4,true
1085,local_qwen,os15-s0069,1,model-facing/candidate-snapshots/os15-s0069.json,4,4,true
1086,local_qwen,os15-s0069,2,model-facing/candidate-snapshots/os15-s0069.json,4,4,true
1087,local_qwen,os15-s0069,3,model-facing/candidate-snapshots/os15-s0069.json,4,4,true
1088,local_qwen,os15-s0069,4,model-facing/candidate-snapshots/os15-s0069.json,4,4,true
1089,local_qwen,os15-s0069,5,model-facing/candidate-snapshots/os15-s0069.json,4,4,true
1090,local_qwen,os15-s0070,1,model-facing/candidate-snapshots/os15-s0070.json,4,4,true
1091,local_qwen,os15-s0070,2,model-facing/candidate-snapshots/os15-s0070.json,4,4,true
1092,local_qwen,os15-s0070,3,model-facing/candidate-snapshots/os15-s0070.json,4,4,true
1093,local_qwen,os15-s0070,4,model-facing/candidate-snapshots/os15-s0070.json,4,4,true
1094,local_qwen,os15-s0070,5,model-facing/candidate-snapshots/os15-s0070.json,4,4,true
1095,local_qwen,os15-s0071,1,model-facing/candidate-snapshots/os15-s0071.json,4,4,true
1096,local_qwen,os15-s0071,2,model-facing/candidate-snapshots/os15-s0071.json,4,4,true
1097,local_qwen,os15-s0071,3,model-facing/candidate-snapshots/os15-s0071.json,4,4,true
1098,local_qwen,os15-s0071,4,model-facing/candidate-snapshots/os15-s0071.json,4,4,true
1099,local_qwen,os15-s0071,5,model-facing/candidate-snapshots/os15-s0071.json,4,4,true
1100,local_qwen,os15-s0072,1,model-facing/candidate-snapshots/os15-s0072.json,4,4,true
1101,local_qwen,os15-s0072,2,model-facing/candidate-snapshots/os15-s0072.json,4,4,true
1102,local_qwen,os15-s0072,3,model-facing/candidate-snapshots/os15-s0072.json,4,4,true
1103,local_qwen,os15-s0072,4,model-facing/candidate-snapshots/os15-s0072.json,4,4,true
1104,local_qwen,os15-s0072,5,model-facing/candidate-snapshots/os15-s0072.json,4,4,true
1105,local_qwen,os15-s0073,1,model-facing/candidate-snapshots/os15-s0073.json,4,4,true
1106,local_qwen,os15-s0073,2,model-facing/candidate-snapshots/os15-s0073.json,4,4,true
1107,local_qwen,os15-s0073,3,model-facing/candidate-snapshots/os15-s0073.json,4,4,true
1108,local_qwen,os15-s0073,4,model-facing/candidate-snapshots/os15-s0073.json,4,4,true
1109,local_qwen,os15-s0073,5,model-facing/candidate-snapshots/os15-s0073.json,4,4,true
1110,local_qwen,os15-s0074,1,model-facing/candidate-snapshots/os15-s0074.json,4,4,true
1111,local_qwen,os15-s0074,2,model-facing/candidate-snapshots/os15-s0074.json,4,4,true
1112,local_qwen,os15-s0074,3,model-facing/candidate-snapshots/os15-s0074.json,4,4,true
1113,local_qwen,os15-s0074,4,model-facing/candidate-snapshots/os15-s0074.json,4,4,true
1114,local_qwen,os15-s0074,5,model-facing/candidate-snapshots/os15-s0074.json,4,4,true
1115,local_qwen,os15-s0075,1,model-facing/candidate-snapshots/os15-s0075.json,4,4,true
1116,local_qwen,os15-s0075,2,model-facing/candidate-snapshots/os15-s0075.json,4,4,true
1117,local_qwen,os15-s0075,3,model-facing/candidate-snapshots/os15-s0075.json,4,4,true
1118,local_qwen,os15-s0075,4,model-facing/candidate-snapshots/os15-s0075.json,4,4,true
1119,local_qwen,os15-s0075,5,model-facing/candidate-snapshots/os15-s0075.json,4,4,true
1120,local_qwen,os15-s0076,1,model-facing/candidate-snapshots/os15-s0076.json,4,4,true
1121,local_qwen,os15-s0076,2,model-facing/candidate-snapshots/os15-s0076.json,4,4,true
1122,local_qwen,os15-s0076,3,model-facing/candidate-snapshots/os15-s0076.json,4,4,true
1123,local_qwen,os15-s0076,4,model-facing/candidate-snapshots/os15-s0076.json,4,4,true
1124,local_qwen,os15-s0076,5,model-facing/candidate-snapshots/os15-s0076.json,4,4,true
1125,local_qwen,os15-s0077,1,model-facing/candidate-snapshots/os15-s0077.json,4,4,true
1126,local_qwen,os15-s0077,2,model-facing/candidate-snapshots/os15-s0077.json,4,4,true
1127,local_qwen,os15-s0077,3,model-facing/candidate-snapshots/os15-s0077.json,4,4,true
1128,local_qwen,os15-s0077,4,model-facing/candidate-snapshots/os15-s0077.json,4,4,true
1129,local_qwen,os15-s0077,5,model-facing/candidate-snapshots/os15-s0077.json,4,4,true
1130,local_qwen,os15-s0078,1,model-facing/candidate-snapshots/os15-s0078.json,4,4,true
1131,local_qwen,os15-s0078,2,model-facing/candidate-snapshots/os15-s0078.json,4,4,true
1132,local_qwen,os15-s0078,3,model-facing/candidate-snapshots/os15-s0078.json,4,4,true
1133,local_qwen,os15-s0078,4,model-facing/candidate-snapshots/os15-s0078.json,4,4,true
1134,local_qwen,os15-s0078,5,model-facing/candidate-snapshots/os15-s0078.json,4,4,true
1135,local_qwen,os15-s0079,1,model-facing/candidate-snapshots/os15-s0079.json,4,4,true
1136,local_qwen,os15-s0079,2,model-facing/candidate-snapshots/os15-s0079.json,4,4,true
1137,local_qwen,os15-s0079,3,model-facing/candidate-snapshots/os15-s0079.json,4,4,true
1138,local_qwen,os15-s0079,4,model-facing/candidate-snapshots/os15-s0079.json,4,4,true
1139,local_qwen,os15-s0079,5,model-facing/candidate-snapshots/os15-s0079.json,4,4,true
1140,local_qwen,os15-s0080,1,model-facing/candidate-snapshots/os15-s0080.json,4,4,true
1141,local_qwen,os15-s0080,2,model-facing/candidate-snapshots/os15-s0080.json,4,4,true
1142,local_qwen,os15-s0080,3,model-facing/candidate-snapshots/os15-s0080.json,4,4,true
1143,local_qwen,os15-s0080,4,model-facing/candidate-snapshots/os15-s0080.json,4,4,true
1144,local_qwen,os15-s0080,5,model-facing/candidate-snapshots/os15-s0080.json,4,4,true
1145,local_qwen,os15-s0081,1,model-facing/candidate-snapshots/os15-s0081.json,4,4,true
1146,local_qwen,os15-s0081,2,model-facing/candidate-snapshots/os15-s0081.json,4,4,true
1147,local_qwen,os15-s0081,3,model-facing/candidate-snapshots/os15-s0081.json,4,4,true
1148,local_qwen,os15-s0081,4,model-facing/candidate-snapshots/os15-s0081.json,4,4,true
1149,local_qwen,os15-s0081,5,model-facing/candidate-snapshots/os15-s0081.json,4,4,true
1150,local_qwen,os15-s0082,1,model-facing/candidate-snapshots/os15-s0082.json,4,4,true
1151,local_qwen,os15-s0082,2,model-facing/candidate-snapshots/os15-s0082.json,4,4,true
1152,local_qwen,os15-s0082,3,model-facing/candidate-snapshots/os15-s0082.json,4,4,true
1153,local_qwen,os15-s0082,4,model-facing/candidate-snapshots/os15-s0082.json,4,4,true
1154,local_qwen,os15-s0082,5,model-facing/candidate-snapshots/os15-s0082.json,4,4,true
1155,local_qwen,os15-s0083,1,model-facing/candidate-snapshots/os15-s0083.json,4,4,true
1156,local_qwen,os15-s0083,2,model-facing/candidate-snapshots/os15-s0083.json,4,4,true
1157,local_qwen,os15-s0083,3,model-facing/candidate-snapshots/os15-s0083.json,4,4,true
1158,local_qwen,os15-s0083,4,model-facing/candidate-snapshots/os15-s0083.json,4,4,true
1159,local_qwen,os15-s0083,5,model-facing/candidate-snapshots/os15-s0083.json,4,4,true
1160,local_qwen,os15-s0084,1,model-facing/candidate-snapshots/os15-s0084.json,4,4,true
1161,local_qwen,os15-s0084,2,model-facing/candidate-snapshots/os15-s0084.json,4,4,true
1162,local_qwen,os15-s0084,3,model-facing/candidate-snapshots/os15-s0084.json,4,4,true
1163,local_qwen,os15-s0084,4,model-facing/candidate-snapshots/os15-s0084.json,4,4,true
1164,local_qwen,os15-s0084,5,model-facing/candidate-snapshots/os15-s0084.json,4,4,true
1165,local_qwen,os15-s0085,1,model-facing/candidate-snapshots/os15-s0085.json,4,4,true
1166,local_qwen,os15-s0085,2,model-facing/candidate-snapshots/os15-s0085.json,4,4,true
1167,local_qwen,os15-s0085,3,model-facing/candidate-snapshots/os15-s0085.json,4,4,true
1168,local_qwen,os15-s0085,4,model-facing/candidate-snapshots/os15-s0085.json,4,4,true
1169,local_qwen,os15-s0085,5,model-facing/candidate-snapshots/os15-s0085.json,4,4,true
1170,local_qwen,os15-s0086,1,model-facing/candidate-snapshots/os15-s0086.json,4,4,true
1171,local_qwen,os15-s0086,2,model-facing/candidate-snapshots/os15-s0086.json,4,4,true
1172,local_qwen,os15-s0086,3,model-facing/candidate-snapshots/os15-s0086.json,4,4,true
1173,local_qwen,os15-s0086,4,model-facing/candidate-snapshots/os15-s0086.json,4,4,true
1174,local_qwen,os15-s0086,5,model-facing/candidate-snapshots/os15-s0086.json,4,4,true
1175,local_qwen,os15-s0087,1,model-facing/candidate-snapshots/os15-s0087.json,4,4,true
1176,local_qwen,os15-s0087,2,model-facing/candidate-snapshots/os15-s0087.json,4,4,true
1177,local_qwen,os15-s0087,3,model-facing/candidate-snapshots/os15-s0087.json,4,4,true
1178,local_qwen,os15-s0087,4,model-facing/candidate-snapshots/os15-s0087.json,4,4,true
1179,local_qwen,os15-s0087,5,model-facing/candidate-snapshots/os15-s0087.json,4,4,true
1180,local_qwen,os15-s0088,1,model-facing/candidate-snapshots/os15-s0088.json,4,4,true
1181,local_qwen,os15-s0088,2,model-facing/candidate-snapshots/os15-s0088.json,4,4,true
1182,local_qwen,os15-s0088,3,model-facing/candidate-snapshots/os15-s0088.json,4,4,true
1183,local_qwen,os15-s0088,4,model-facing/candidate-snapshots/os15-s0088.json,4,4,true
1184,local_qwen,os15-s0088,5,model-facing/candidate-snapshots/os15-s0088.json,4,4,true
1185,local_qwen,os15-s0089,1,model-facing/candidate-snapshots/os15-s0089.json,4,4,true
1186,local_qwen,os15-s0089,2,model-facing/candidate-snapshots/os15-s0089.json,4,4,true
1187,local_qwen,os15-s0089,3,model-facing/candidate-snapshots/os15-s0089.json,4,4,true
1188,local_qwen,os15-s0089,4,model-facing/candidate-snapshots/os15-s0089.json,4,4,true
1189,local_qwen,os15-s0089,5,model-facing/candidate-snapshots/os15-s0089.json,4,4,true
1190,local_qwen,os15-s0090,1,model-facing/candidate-snapshots/os15-s0090.json,4,4,true
1191,local_qwen,os15-s0090,2,model-facing/candidate-snapshots/os15-s0090.json,4,4,true
1192,local_qwen,os15-s0090,3,model-facing/candidate-snapshots/os15-s0090.json,4,4,true
1193,local_qwen,os15-s0090,4,model-facing/candidate-snapshots/os15-s0090.json,4,4,true
1194,local_qwen,os15-s0090,5,model-facing/candidate-snapshots/os15-s0090.json,4,4,true
1195,local_qwen,os15-s0091,1,model-facing/candidate-snapshots/os15-s0091.json,4,4,true
1196,local_qwen,os15-s0091,2,model-facing/candidate-snapshots/os15-s0091.json,4,4,true
1197,local_qwen,os15-s0091,3,model-facing/candidate-snapshots/os15-s0091.json,4,4,true
1198,local_qwen,os15-s0091,4,model-facing/candidate-snapshots/os15-s0091.json,4,4,true
1199,local_qwen,os15-s0091,5,model-facing/candidate-snapshots/os15-s0091.json,4,4,true
1200,local_qwen,os15-s0092,1,model-facing/candidate-snapshots/os15-s0092.json,4,4,true
1201,local_qwen,os15-s0092,2,model-facing/candidate-snapshots/os15-s0092.json,4,4,true
1202,local_qwen,os15-s0092,3,model-facing/candidate-snapshots/os15-s0092.json,4,4,true
1203,local_qwen,os15-s0092,4,model-facing/candidate-snapshots/os15-s0092.json,4,4,true
1204,local_qwen,os15-s0092,5,model-facing/candidate-snapshots/os15-s0092.json,4,4,true
1205,local_qwen,os15-s0093,1,model-facing/candidate-snapshots/os15-s0093.json,4,4,true
1206,local_qwen,os15-s0093,2,model-facing/candidate-snapshots/os15-s0093.json,4,4,true
1207,local_qwen,os15-s0093,3,model-facing/candidate-snapshots/os15-s0093.json,4,4,true
1208,local_qwen,os15-s0093,4,model-facing/candidate-snapshots/os15-s0093.json,4,4,true
1209,local_qwen,os15-s0093,5,model-facing/candidate-snapshots/os15-s0093.json,4,4,true
1210,local_qwen,os15-s0094,1,model-facing/candidate-snapshots/os15-s0094.json,4,4,true
1211,local_qwen,os15-s0094,2,model-facing/candidate-snapshots/os15-s0094.json,4,4,true
1212,local_qwen,os15-s0094,3,model-facing/candidate-snapshots/os15-s0094.json,4,4,true
1213,local_qwen,os15-s0094,4,model-facing/candidate-snapshots/os15-s0094.json,4,4,true
1214,local_qwen,os15-s0094,5,model-facing/candidate-snapshots/os15-s0094.json,4,4,true
1215,local_qwen,os15-s0095,1,model-facing/candidate-snapshots/os15-s0095.json,4,4,true
1216,local_qwen,os15-s0095,2,model-facing/candidate-snapshots/os15-s0095.json,4,4,true
1217,local_qwen,os15-s0095,3,model-facing/candidate-snapshots/os15-s0095.json,4,4,true
1218,local_qwen,os15-s0095,4,model-facing/candidate-snapshots/os15-s0095.json,4,4,true
1219,local_qwen,os15-s0095,5,model-facing/candidate-snapshots/os15-s0095.json,4,4,true
1220,local_qwen,os15-s0096,1,model-facing/candidate-snapshots/os15-s0096.json,4,4,true
1221,local_qwen,os15-s0096,2,model-facing/candidate-snapshots/os15-s0096.json,4,4,true
1222,local_qwen,os15-s0096,3,model-facing/candidate-snapshots/os15-s0096.json,4,4,true
1223,local_qwen,os15-s0096,4,model-facing/candidate-snapshots/os15-s0096.json,4,4,true
1224,local_qwen,os15-s0096,5,model-facing/candidate-snapshots/os15-s0096.json,4,4,true
1225,local_qwen,os15-s0097,1,model-facing/candidate-snapshots/os15-s0097.json,4,4,true
1226,local_qwen,os15-s0097,2,model-facing/candidate-snapshots/os15-s0097.json,4,4,true
1227,local_qwen,os15-s0097,3,model-facing/candidate-snapshots/os15-s0097.json,4,4,true
1228,local_qwen,os15-s0097,4,model-facing/candidate-snapshots/os15-s0097.json,4,4,true
1229,local_qwen,os15-s0097,5,model-facing/candidate-snapshots/os15-s0097.json,4,4,true
1230,local_qwen,os15-s0098,1,model-facing/candidate-snapshots/os15-s0098.json,4,4,true
1231,local_qwen,os15-s0098,2,model-facing/candidate-snapshots/os15-s0098.json,4,4,true
1232,local_qwen,os15-s0098,3,model-facing/candidate-snapshots/os15-s0098.json,4,4,true
1233,local_qwen,os15-s0098,4,model-facing/candidate-snapshots/os15-s0098.json,4,4,true
1234,local_qwen,os15-s0098,5,model-facing/candidate-snapshots/os15-s0098.json,4,4,true
1235,local_qwen,os15-s0099,1,model-facing/candidate-snapshots/os15-s0099.json,4,4,true
1236,local_qwen,os15-s0099,2,model-facing/candidate-snapshots/os15-s0099.json,4,4,true
1237,local_qwen,os15-s0099,3,model-facing/candidate-snapshots/os15-s0099.json,4,4,true
1238,local_qwen,os15-s0099,4,model-facing/candidate-snapshots/os15-s0099.json,4,4,true
1239,local_qwen,os15-s0099,5,model-facing/candidate-snapshots/os15-s0099.json,4,4,true
1240,local_qwen,os15-s0100,1,model-facing/candidate-snapshots/os15-s0100.json,4,4,true
1241,local_qwen,os15-s0100,2,model-facing/candidate-snapshots/os15-s0100.json,4,4,true
1242,local_qwen,os15-s0100,3,model-facing/candidate-snapshots/os15-s0100.json,4,4,true
1243,local_qwen,os15-s0100,4,model-facing/candidate-snapshots/os15-s0100.json,4,4,true
1244,local_qwen,os15-s0100,5,model-facing/candidate-snapshots/os15-s0100.json,4,4,true
1245,local_qwen,os15-s0101,1,model-facing/candidate-snapshots/os15-s0101.json,4,4,true
1246,local_qwen,os15-s0101,2,model-facing/candidate-snapshots/os15-s0101.json,4,4,true
1247,local_qwen,os15-s0101,3,model-facing/candidate-snapshots/os15-s0101.json,4,4,true
1248,local_qwen,os15-s0101,4,model-facing/candidate-snapshots/os15-s0101.json,4,4,true
1249,local_qwen,os15-s0101,5,model-facing/candidate-snapshots/os15-s0101.json,4,4,true
1250,local_qwen,os15-s0102,1,model-facing/candidate-snapshots/os15-s0102.json,4,4,true
1251,local_qwen,os15-s0102,2,model-facing/candidate-snapshots/os15-s0102.json,4,4,true
1252,local_qwen,os15-s0102,3,model-facing/candidate-snapshots/os15-s0102.json,4,4,true
1253,local_qwen,os15-s0102,4,model-facing/candidate-snapshots/os15-s0102.json,4,4,true
1254,local_qwen,os15-s0102,5,model-facing/candidate-snapshots/os15-s0102.json,4,4,true
1255,local_qwen,os15-s0103,1,model-facing/candidate-snapshots/os15-s0103.json,4,4,true
1256,local_qwen,os15-s0103,2,model-facing/candidate-snapshots/os15-s0103.json,4,4,true
1257,local_qwen,os15-s0103,3,model-facing/candidate-snapshots/os15-s0103.json,4,4,true
1258,local_qwen,os15-s0103,4,model-facing/candidate-snapshots/os15-s0103.json,4,4,true
1259,local_qwen,os15-s0103,5,model-facing/candidate-snapshots/os15-s0103.json,4,4,true
1260,local_qwen,os15-s0104,1,model-facing/candidate-snapshots/os15-s0104.json,4,4,true
1261,local_qwen,os15-s0104,2,model-facing/candidate-snapshots/os15-s0104.json,4,4,true
1262,local_qwen,os15-s0104,3,model-facing/candidate-snapshots/os15-s0104.json,4,4,true
1263,local_qwen,os15-s0104,4,model-facing/candidate-snapshots/os15-s0104.json,4,4,true
1264,local_qwen,os15-s0104,5,model-facing/candidate-snapshots/os15-s0104.json,4,4,true
1265,local_qwen,os15-s0105,1,model-facing/candidate-snapshots/os15-s0105.json,4,4,true
1266,local_qwen,os15-s0105,2,model-facing/candidate-snapshots/os15-s0105.json,4,4,true
1267,local_qwen,os15-s0105,3,model-facing/candidate-snapshots/os15-s0105.json,4,4,true
1268,local_qwen,os15-s0105,4,model-facing/candidate-snapshots/os15-s0105.json,4,4,true
1269,local_qwen,os15-s0105,5,model-facing/candidate-snapshots/os15-s0105.json,4,4,true
1270,local_qwen,os15-s0106,1,model-facing/candidate-snapshots/os15-s0106.json,4,4,true
1271,local_qwen,os15-s0106,2,model-facing/candidate-snapshots/os15-s0106.json,4,4,true
1272,local_qwen,os15-s0106,3,model-facing/candidate-snapshots/os15-s0106.json,4,4,true
1273,local_qwen,os15-s0106,4,model-facing/candidate-snapshots/os15-s0106.json,4,4,true
1274,local_qwen,os15-s0106,5,model-facing/candidate-snapshots/os15-s0106.json,4,4,true
1275,local_qwen,os15-s0107,1,model-facing/candidate-snapshots/os15-s0107.json,4,4,true
1276,local_qwen,os15-s0107,2,model-facing/candidate-snapshots/os15-s0107.json,4,4,true
1277,local_qwen,os15-s0107,3,model-facing/candidate-snapshots/os15-s0107.json,4,4,true
1278,local_qwen,os15-s0107,4,model-facing/candidate-snapshots/os15-s0107.json,4,4,true
1279,local_qwen,os15-s0107,5,model-facing/candidate-snapshots/os15-s0107.json,4,4,true
1280,local_qwen,os15-s0108,1,model-facing/candidate-snapshots/os15-s0108.json,4,4,true
1281,local_qwen,os15-s0108,2,model-facing/candidate-snapshots/os15-s0108.json,4,4,true
1282,local_qwen,os15-s0108,3,model-facing/candidate-snapshots/os15-s0108.json,4,4,true
1283,local_qwen,os15-s0108,4,model-facing/candidate-snapshots/os15-s0108.json,4,4,true
1284,local_qwen,os15-s0108,5,model-facing/candidate-snapshots/os15-s0108.json,4,4,true
1285,local_qwen,os15-s0109,1,model-facing/candidate-snapshots/os15-s0109.json,4,4,true
1286,local_qwen,os15-s0109,2,model-facing/candidate-snapshots/os15-s0109.json,4,4,true
1287,local_qwen,os15-s0109,3,model-facing/candidate-snapshots/os15-s0109.json,4,4,true
1288,local_qwen,os15-s0109,4,model-facing/candidate-snapshots/os15-s0109.json,4,4,true
1289,local_qwen,os15-s0109,5,model-facing/candidate-snapshots/os15-s0109.json,4,4,true
1290,local_qwen,os15-s0110,1,model-facing/candidate-snapshots/os15-s0110.json,4,4,true
1291,local_qwen,os15-s0110,2,model-facing/candidate-snapshots/os15-s0110.json,4,4,true
1292,local_qwen,os15-s0110,3,model-facing/candidate-snapshots/os15-s0110.json,4,4,true
1293,local_qwen,os15-s0110,4,model-facing/candidate-snapshots/os15-s0110.json,4,4,true
1294,local_qwen,os15-s0110,5,model-facing/candidate-snapshots/os15-s0110.json,4,4,true
1295,local_qwen,os15-s0111,1,model-facing/candidate-snapshots/os15-s0111.json,4,4,true
1296,local_qwen,os15-s0111,2,model-facing/candidate-snapshots/os15-s0111.json,4,4,true
1297,local_qwen,os15-s0111,3,model-facing/candidate-snapshots/os15-s0111.json,4,4,true
1298,local_qwen,os15-s0111,4,model-facing/candidate-snapshots/os15-s0111.json,4,4,true
1299,local_qwen,os15-s0111,5,model-facing/candidate-snapshots/os15-s0111.json,4,4,true
1300,local_qwen,os15-s0112,1,model-facing/candidate-snapshots/os15-s0112.json,4,4,true
1301,local_qwen,os15-s0112,2,model-facing/candidate-snapshots/os15-s0112.json,4,4,true
1302,local_qwen,os15-s0112,3,model-facing/candidate-snapshots/os15-s0112.json,4,4,true
1303,local_qwen,os15-s0112,4,model-facing/candidate-snapshots/os15-s0112.json,4,4,true
1304,local_qwen,os15-s0112,5,model-facing/candidate-snapshots/os15-s0112.json,4,4,true
1305,local_qwen,os15-s0113,1,model-facing/candidate-snapshots/os15-s0113.json,4,4,true
1306,local_qwen,os15-s0113,2,model-facing/candidate-snapshots/os15-s0113.json,4,4,true
1307,local_qwen,os15-s0113,3,model-facing/candidate-snapshots/os15-s0113.json,4,4,true
1308,local_qwen,os15-s0113,4,model-facing/candidate-snapshots/os15-s0113.json,4,4,true
1309,local_qwen,os15-s0113,5,model-facing/candidate-snapshots/os15-s0113.json,4,4,true
1310,local_qwen,os15-s0114,1,model-facing/candidate-snapshots/os15-s0114.json,4,4,true
1311,local_qwen,os15-s0114,2,model-facing/candidate-snapshots/os15-s0114.json,4,4,true
1312,local_qwen,os15-s0114,3,model-facing/candidate-snapshots/os15-s0114.json,4,4,true
1313,local_qwen,os15-s0114,4,model-facing/candidate-snapshots/os15-s0114.json,4,4,true
1314,local_qwen,os15-s0114,5,model-facing/candidate-snapshots/os15-s0114.json,4,4,true
1315,local_qwen,os15-s0115,1,model-facing/candidate-snapshots/os15-s0115.json,4,4,true
1316,local_qwen,os15-s0115,2,model-facing/candidate-snapshots/os15-s0115.json,4,4,true
1317,local_qwen,os15-s0115,3,model-facing/candidate-snapshots/os15-s0115.json,4,4,true
1318,local_qwen,os15-s0115,4,model-facing/candidate-snapshots/os15-s0115.json,4,4,true
1319,local_qwen,os15-s0115,5,model-facing/candidate-snapshots/os15-s0115.json,4,4,true
1320,local_qwen,os15-s0116,1,model-facing/candidate-snapshots/os15-s0116.json,4,4,true
1321,local_qwen,os15-s0116,2,model-facing/candidate-snapshots/os15-s0116.json,4,4,true
1322,local_qwen,os15-s0116,3,model-facing/candidate-snapshots/os15-s0116.json,4,4,true
1323,local_qwen,os15-s0116,4,model-facing/candidate-snapshots/os15-s0116.json,4,4,true
1324,local_qwen,os15-s0116,5,model-facing/candidate-snapshots/os15-s0116.json,4,4,true
1325,local_qwen,os15-s0117,1,model-facing/candidate-snapshots/os15-s0117.json,4,4,true
1326,local_qwen,os15-s0117,2,model-facing/candidate-snapshots/os15-s0117.json,4,4,true
1327,local_qwen,os15-s0117,3,model-facing/candidate-snapshots/os15-s0117.json,4,4,true
1328,local_qwen,os15-s0117,4,model-facing/candidate-snapshots/os15-s0117.json,4,4,true
1329,local_qwen,os15-s0117,5,model-facing/candidate-snapshots/os15-s0117.json,4,4,true
1330,local_qwen,os15-s0118,1,model-facing/candidate-snapshots/os15-s0118.json,4,4,true
1331,local_qwen,os15-s0118,2,model-facing/candidate-snapshots/os15-s0118.json,4,4,true
1332,local_qwen,os15-s0118,3,model-facing/candidate-snapshots/os15-s0118.json,4,4,true
1333,local_qwen,os15-s0118,4,model-facing/candidate-snapshots/os15-s0118.json,4,4,true
1334,local_qwen,os15-s0118,5,model-facing/candidate-snapshots/os15-s0118.json,4,4,true
1335,local_qwen,os15-s0119,1,model-facing/candidate-snapshots/os15-s0119.json,4,4,true
1336,local_qwen,os15-s0119,2,model-facing/candidate-snapshots/os15-s0119.json,4,4,true
1337,local_qwen,os15-s0119,3,model-facing/candidate-snapshots/os15-s0119.json,4,4,true
1338,local_qwen,os15-s0119,4,model-facing/candidate-snapshots/os15-s0119.json,4,4,true
1339,local_qwen,os15-s0119,5,model-facing/candidate-snapshots/os15-s0119.json,4,4,true
1340,local_qwen,os15-s0120,1,model-facing/candidate-snapshots/os15-s0120.json,4,4,true
1341,local_qwen,os15-s0120,2,model-facing/candidate-snapshots/os15-s0120.json,4,4,true
1342,local_qwen,os15-s0120,3,model-facing/candidate-snapshots/os15-s0120.json,4,4,true
1343,local_qwen,os15-s0120,4,model-facing/candidate-snapshots/os15-s0120.json,4,4,true
1344,local_qwen,os15-s0120,5,model-facing/candidate-snapshots/os15-s0120.json,4,4,true
1345,local_qwen,os15-s0121,1,model-facing/candidate-snapshots/os15-s0121.json,4,4,true
1346,local_qwen,os15-s0121,2,model-facing/candidate-snapshots/os15-s0121.json,4,4,true
1347,local_qwen,os15-s0121,3,model-facing/candidate-snapshots/os15-s0121.json,4,4,true
1348,local_qwen,os15-s0121,4,model-facing/candidate-snapshots/os15-s0121.json,4,4,true
1349,local_qwen,os15-s0121,5,model-facing/candidate-snapshots/os15-s0121.json,4,4,true
1350,local_qwen,os15-s0122,1,model-facing/candidate-snapshots/os15-s0122.json,4,4,true
1351,local_qwen,os15-s0122,2,model-facing/candidate-snapshots/os15-s0122.json,4,4,true
1352,local_qwen,os15-s0122,3,model-facing/candidate-snapshots/os15-s0122.json,4,4,true
1353,local_qwen,os15-s0122,4,model-facing/candidate-snapshots/os15-s0122.json,4,4,true
1354,local_qwen,os15-s0122,5,model-facing/candidate-snapshots/os15-s0122.json,4,4,true
1355,local_qwen,os15-s0123,1,model-facing/candidate-snapshots/os15-s0123.json,4,4,true
1356,local_qwen,os15-s0123,2,model-facing/candidate-snapshots/os15-s0123.json,4,4,true
1357,local_qwen,os15-s0123,3,model-facing/candidate-snapshots/os15-s0123.json,4,4,true
1358,local_qwen,os15-s0123,4,model-facing/candidate-snapshots/os15-s0123.json,4,4,true
1359,local_qwen,os15-s0123,5,model-facing/candidate-snapshots/os15-s0123.json,4,4,true
1360,local_qwen,os15-s0124,1,model-facing/candidate-snapshots/os15-s0124.json,4,4,true
1361,local_qwen,os15-s0124,2,model-facing/candidate-snapshots/os15-s0124.json,4,4,true
1362,local_qwen,os15-s0124,3,model-facing/candidate-snapshots/os15-s0124.json,4,4,true
1363,local_qwen,os15-s0124,4,model-facing/candidate-snapshots/os15-s0124.json,4,4,true
1364,local_qwen,os15-s0124,5,model-facing/candidate-snapshots/os15-s0124.json,4,4,true
