sequence,row_id,arm_id,representation_condition,scenario_id,trial_number,snapshot_path,candidate_test_budget,top_k,scored
1,ow14-1-r00001,deterministic_minimal,minimal,ow14-s0001,1,model-facing/minimal-candidate-snapshots/ow14-s0001.json,4,4,True
2,ow14-1-r00002,deterministic_minimal,minimal,ow14-s0002,1,model-facing/minimal-candidate-snapshots/ow14-s0002.json,4,4,True
3,ow14-1-r00003,deterministic_minimal,minimal,ow14-s0003,1,model-facing/minimal-candidate-snapshots/ow14-s0003.json,4,4,True
4,ow14-1-r00004,deterministic_minimal,minimal,ow14-s0004,1,model-facing/minimal-candidate-snapshots/ow14-s0004.json,4,4,True
5,ow14-1-r00005,deterministic_minimal,minimal,ow14-s0005,1,model-facing/minimal-candidate-snapshots/ow14-s0005.json,4,4,True
6,ow14-1-r00006,deterministic_minimal,minimal,ow14-s0006,1,model-facing/minimal-candidate-snapshots/ow14-s0006.json,4,4,True
7,ow14-1-r00007,deterministic_minimal,minimal,ow14-s0007,1,model-facing/minimal-candidate-snapshots/ow14-s0007.json,4,4,True
8,ow14-1-r00008,deterministic_minimal,minimal,ow14-s0008,1,model-facing/minimal-candidate-snapshots/ow14-s0008.json,4,4,True
9,ow14-1-r00009,deterministic_minimal,minimal,ow14-s0009,1,model-facing/minimal-candidate-snapshots/ow14-s0009.json,4,4,True
10,ow14-1-r00010,deterministic_minimal,minimal,ow14-s0010,1,model-facing/minimal-candidate-snapshots/ow14-s0010.json,4,4,True
11,ow14-1-r00011,deterministic_minimal,minimal,ow14-s0011,1,model-facing/minimal-candidate-snapshots/ow14-s0011.json,4,4,True
12,ow14-1-r00012,deterministic_minimal,minimal,ow14-s0012,1,model-facing/minimal-candidate-snapshots/ow14-s0012.json,4,4,True
13,ow14-1-r00013,deterministic_minimal,minimal,ow14-s0013,1,model-facing/minimal-candidate-snapshots/ow14-s0013.json,4,4,True
14,ow14-1-r00014,deterministic_minimal,minimal,ow14-s0014,1,model-facing/minimal-candidate-snapshots/ow14-s0014.json,4,4,True
15,ow14-1-r00015,deterministic_minimal,minimal,ow14-s0015,1,model-facing/minimal-candidate-snapshots/ow14-s0015.json,4,4,True
16,ow14-1-r00016,deterministic_minimal,minimal,ow14-s0016,1,model-facing/minimal-candidate-snapshots/ow14-s0016.json,4,4,True
17,ow14-1-r00017,deterministic_minimal,minimal,ow14-s0017,1,model-facing/minimal-candidate-snapshots/ow14-s0017.json,4,4,True
18,ow14-1-r00018,deterministic_minimal,minimal,ow14-s0018,1,model-facing/minimal-candidate-snapshots/ow14-s0018.json,4,4,True
19,ow14-1-r00019,deterministic_minimal,minimal,ow14-s0019,1,model-facing/minimal-candidate-snapshots/ow14-s0019.json,4,4,True
20,ow14-1-r00020,deterministic_minimal,minimal,ow14-s0020,1,model-facing/minimal-candidate-snapshots/ow14-s0020.json,4,4,True
21,ow14-1-r00021,deterministic_minimal,minimal,ow14-s0021,1,model-facing/minimal-candidate-snapshots/ow14-s0021.json,4,4,True
22,ow14-1-r00022,deterministic_minimal,minimal,ow14-s0022,1,model-facing/minimal-candidate-snapshots/ow14-s0022.json,4,4,True
23,ow14-1-r00023,deterministic_minimal,minimal,ow14-s0023,1,model-facing/minimal-candidate-snapshots/ow14-s0023.json,4,4,True
24,ow14-1-r00024,deterministic_minimal,minimal,ow14-s0024,1,model-facing/minimal-candidate-snapshots/ow14-s0024.json,4,4,True
25,ow14-1-r00025,deterministic_minimal,minimal,ow14-s0025,1,model-facing/minimal-candidate-snapshots/ow14-s0025.json,4,4,True
26,ow14-1-r00026,deterministic_minimal,minimal,ow14-s0026,1,model-facing/minimal-candidate-snapshots/ow14-s0026.json,4,4,True
27,ow14-1-r00027,deterministic_minimal,minimal,ow14-s0027,1,model-facing/minimal-candidate-snapshots/ow14-s0027.json,4,4,True
28,ow14-1-r00028,deterministic_minimal,minimal,ow14-s0028,1,model-facing/minimal-candidate-snapshots/ow14-s0028.json,4,4,True
29,ow14-1-r00029,deterministic_minimal,minimal,ow14-s0029,1,model-facing/minimal-candidate-snapshots/ow14-s0029.json,4,4,True
30,ow14-1-r00030,deterministic_minimal,minimal,ow14-s0030,1,model-facing/minimal-candidate-snapshots/ow14-s0030.json,4,4,True
31,ow14-1-r00031,deterministic_minimal,minimal,ow14-s0031,1,model-facing/minimal-candidate-snapshots/ow14-s0031.json,4,4,True
32,ow14-1-r00032,deterministic_minimal,minimal,ow14-s0032,1,model-facing/minimal-candidate-snapshots/ow14-s0032.json,4,4,True
33,ow14-1-r00033,deterministic_minimal,minimal,ow14-s0033,1,model-facing/minimal-candidate-snapshots/ow14-s0033.json,4,4,True
34,ow14-1-r00034,deterministic_minimal,minimal,ow14-s0034,1,model-facing/minimal-candidate-snapshots/ow14-s0034.json,4,4,True
35,ow14-1-r00035,deterministic_minimal,minimal,ow14-s0035,1,model-facing/minimal-candidate-snapshots/ow14-s0035.json,4,4,True
36,ow14-1-r00036,deterministic_minimal,minimal,ow14-s0036,1,model-facing/minimal-candidate-snapshots/ow14-s0036.json,4,4,True
37,ow14-1-r00037,deterministic_minimal,minimal,ow14-s0037,1,model-facing/minimal-candidate-snapshots/ow14-s0037.json,4,4,True
38,ow14-1-r00038,deterministic_minimal,minimal,ow14-s0038,1,model-facing/minimal-candidate-snapshots/ow14-s0038.json,4,4,True
39,ow14-1-r00039,deterministic_minimal,minimal,ow14-s0039,1,model-facing/minimal-candidate-snapshots/ow14-s0039.json,4,4,True
40,ow14-1-r00040,deterministic_minimal,minimal,ow14-s0040,1,model-facing/minimal-candidate-snapshots/ow14-s0040.json,4,4,True
41,ow14-1-r00041,deterministic_minimal,minimal,ow14-s0041,1,model-facing/minimal-candidate-snapshots/ow14-s0041.json,4,4,True
42,ow14-1-r00042,deterministic_minimal,minimal,ow14-s0042,1,model-facing/minimal-candidate-snapshots/ow14-s0042.json,4,4,True
43,ow14-1-r00043,deterministic_minimal,minimal,ow14-s0043,1,model-facing/minimal-candidate-snapshots/ow14-s0043.json,4,4,True
44,ow14-1-r00044,deterministic_minimal,minimal,ow14-s0044,1,model-facing/minimal-candidate-snapshots/ow14-s0044.json,4,4,True
45,ow14-1-r00045,deterministic_minimal,minimal,ow14-s0045,1,model-facing/minimal-candidate-snapshots/ow14-s0045.json,4,4,True
46,ow14-1-r00046,deterministic_minimal,minimal,ow14-s0046,1,model-facing/minimal-candidate-snapshots/ow14-s0046.json,4,4,True
47,ow14-1-r00047,deterministic_minimal,minimal,ow14-s0047,1,model-facing/minimal-candidate-snapshots/ow14-s0047.json,4,4,True
48,ow14-1-r00048,deterministic_minimal,minimal,ow14-s0048,1,model-facing/minimal-candidate-snapshots/ow14-s0048.json,4,4,True
49,ow14-1-r00049,deterministic_minimal,minimal,ow14-s0049,1,model-facing/minimal-candidate-snapshots/ow14-s0049.json,4,4,True
50,ow14-1-r00050,deterministic_minimal,minimal,ow14-s0050,1,model-facing/minimal-candidate-snapshots/ow14-s0050.json,4,4,True
51,ow14-1-r00051,deterministic_minimal,minimal,ow14-s0051,1,model-facing/minimal-candidate-snapshots/ow14-s0051.json,4,4,True
52,ow14-1-r00052,deterministic_minimal,minimal,ow14-s0052,1,model-facing/minimal-candidate-snapshots/ow14-s0052.json,4,4,True
53,ow14-1-r00053,deterministic_minimal,minimal,ow14-s0053,1,model-facing/minimal-candidate-snapshots/ow14-s0053.json,4,4,True
54,ow14-1-r00054,deterministic_minimal,minimal,ow14-s0054,1,model-facing/minimal-candidate-snapshots/ow14-s0054.json,4,4,True
55,ow14-1-r00055,deterministic_minimal,minimal,ow14-s0055,1,model-facing/minimal-candidate-snapshots/ow14-s0055.json,4,4,True
56,ow14-1-r00056,deterministic_minimal,minimal,ow14-s0056,1,model-facing/minimal-candidate-snapshots/ow14-s0056.json,4,4,True
57,ow14-1-r00057,deterministic_minimal,minimal,ow14-s0057,1,model-facing/minimal-candidate-snapshots/ow14-s0057.json,4,4,True
58,ow14-1-r00058,deterministic_minimal,minimal,ow14-s0058,1,model-facing/minimal-candidate-snapshots/ow14-s0058.json,4,4,True
59,ow14-1-r00059,deterministic_minimal,minimal,ow14-s0059,1,model-facing/minimal-candidate-snapshots/ow14-s0059.json,4,4,True
60,ow14-1-r00060,deterministic_minimal,minimal,ow14-s0060,1,model-facing/minimal-candidate-snapshots/ow14-s0060.json,4,4,True
61,ow14-1-r00061,deterministic_minimal,minimal,ow14-s0061,1,model-facing/minimal-candidate-snapshots/ow14-s0061.json,4,4,True
62,ow14-1-r00062,deterministic_minimal,minimal,ow14-s0062,1,model-facing/minimal-candidate-snapshots/ow14-s0062.json,4,4,True
63,ow14-1-r00063,deterministic_minimal,minimal,ow14-s0063,1,model-facing/minimal-candidate-snapshots/ow14-s0063.json,4,4,True
64,ow14-1-r00064,deterministic_minimal,minimal,ow14-s0064,1,model-facing/minimal-candidate-snapshots/ow14-s0064.json,4,4,True
65,ow14-1-r00065,deterministic_minimal,minimal,ow14-s0065,1,model-facing/minimal-candidate-snapshots/ow14-s0065.json,4,4,True
66,ow14-1-r00066,deterministic_minimal,minimal,ow14-s0066,1,model-facing/minimal-candidate-snapshots/ow14-s0066.json,4,4,True
67,ow14-1-r00067,deterministic_minimal,minimal,ow14-s0067,1,model-facing/minimal-candidate-snapshots/ow14-s0067.json,4,4,True
68,ow14-1-r00068,deterministic_minimal,minimal,ow14-s0068,1,model-facing/minimal-candidate-snapshots/ow14-s0068.json,4,4,True
69,ow14-1-r00069,deterministic_minimal,minimal,ow14-s0069,1,model-facing/minimal-candidate-snapshots/ow14-s0069.json,4,4,True
70,ow14-1-r00070,deterministic_minimal,minimal,ow14-s0070,1,model-facing/minimal-candidate-snapshots/ow14-s0070.json,4,4,True
71,ow14-1-r00071,deterministic_minimal,minimal,ow14-s0071,1,model-facing/minimal-candidate-snapshots/ow14-s0071.json,4,4,True
72,ow14-1-r00072,deterministic_minimal,minimal,ow14-s0072,1,model-facing/minimal-candidate-snapshots/ow14-s0072.json,4,4,True
73,ow14-1-r00073,deterministic_minimal,minimal,ow14-s0073,1,model-facing/minimal-candidate-snapshots/ow14-s0073.json,4,4,True
74,ow14-1-r00074,deterministic_minimal,minimal,ow14-s0074,1,model-facing/minimal-candidate-snapshots/ow14-s0074.json,4,4,True
75,ow14-1-r00075,deterministic_minimal,minimal,ow14-s0075,1,model-facing/minimal-candidate-snapshots/ow14-s0075.json,4,4,True
76,ow14-1-r00076,deterministic_minimal,minimal,ow14-s0076,1,model-facing/minimal-candidate-snapshots/ow14-s0076.json,4,4,True
77,ow14-1-r00077,deterministic_minimal,minimal,ow14-s0077,1,model-facing/minimal-candidate-snapshots/ow14-s0077.json,4,4,True
78,ow14-1-r00078,deterministic_minimal,minimal,ow14-s0078,1,model-facing/minimal-candidate-snapshots/ow14-s0078.json,4,4,True
79,ow14-1-r00079,deterministic_minimal,minimal,ow14-s0079,1,model-facing/minimal-candidate-snapshots/ow14-s0079.json,4,4,True
80,ow14-1-r00080,deterministic_minimal,minimal,ow14-s0080,1,model-facing/minimal-candidate-snapshots/ow14-s0080.json,4,4,True
81,ow14-1-r00081,deterministic_minimal,minimal,ow14-s0081,1,model-facing/minimal-candidate-snapshots/ow14-s0081.json,4,4,True
82,ow14-1-r00082,deterministic_minimal,minimal,ow14-s0082,1,model-facing/minimal-candidate-snapshots/ow14-s0082.json,4,4,True
83,ow14-1-r00083,deterministic_minimal,minimal,ow14-s0083,1,model-facing/minimal-candidate-snapshots/ow14-s0083.json,4,4,True
84,ow14-1-r00084,deterministic_minimal,minimal,ow14-s0084,1,model-facing/minimal-candidate-snapshots/ow14-s0084.json,4,4,True
85,ow14-1-r00085,deterministic_minimal,minimal,ow14-s0085,1,model-facing/minimal-candidate-snapshots/ow14-s0085.json,4,4,True
86,ow14-1-r00086,deterministic_minimal,minimal,ow14-s0086,1,model-facing/minimal-candidate-snapshots/ow14-s0086.json,4,4,True
87,ow14-1-r00087,deterministic_minimal,minimal,ow14-s0087,1,model-facing/minimal-candidate-snapshots/ow14-s0087.json,4,4,True
88,ow14-1-r00088,deterministic_minimal,minimal,ow14-s0088,1,model-facing/minimal-candidate-snapshots/ow14-s0088.json,4,4,True
89,ow14-1-r00089,deterministic_minimal,minimal,ow14-s0089,1,model-facing/minimal-candidate-snapshots/ow14-s0089.json,4,4,True
90,ow14-1-r00090,deterministic_minimal,minimal,ow14-s0090,1,model-facing/minimal-candidate-snapshots/ow14-s0090.json,4,4,True
91,ow14-1-r00091,deterministic_minimal,minimal,ow14-s0091,1,model-facing/minimal-candidate-snapshots/ow14-s0091.json,4,4,True
92,ow14-1-r00092,deterministic_minimal,minimal,ow14-s0092,1,model-facing/minimal-candidate-snapshots/ow14-s0092.json,4,4,True
93,ow14-1-r00093,deterministic_minimal,minimal,ow14-s0093,1,model-facing/minimal-candidate-snapshots/ow14-s0093.json,4,4,True
94,ow14-1-r00094,deterministic_minimal,minimal,ow14-s0094,1,model-facing/minimal-candidate-snapshots/ow14-s0094.json,4,4,True
95,ow14-1-r00095,deterministic_minimal,minimal,ow14-s0095,1,model-facing/minimal-candidate-snapshots/ow14-s0095.json,4,4,True
96,ow14-1-r00096,deterministic_minimal,minimal,ow14-s0096,1,model-facing/minimal-candidate-snapshots/ow14-s0096.json,4,4,True
97,ow14-1-r00097,deterministic_minimal,minimal,ow14-s0097,1,model-facing/minimal-candidate-snapshots/ow14-s0097.json,4,4,True
98,ow14-1-r00098,deterministic_minimal,minimal,ow14-s0098,1,model-facing/minimal-candidate-snapshots/ow14-s0098.json,4,4,True
99,ow14-1-r00099,deterministic_minimal,minimal,ow14-s0099,1,model-facing/minimal-candidate-snapshots/ow14-s0099.json,4,4,True
100,ow14-1-r00100,deterministic_minimal,minimal,ow14-s0100,1,model-facing/minimal-candidate-snapshots/ow14-s0100.json,4,4,True
101,ow14-1-r00101,deterministic_minimal,minimal,ow14-s0101,1,model-facing/minimal-candidate-snapshots/ow14-s0101.json,4,4,True
102,ow14-1-r00102,deterministic_minimal,minimal,ow14-s0102,1,model-facing/minimal-candidate-snapshots/ow14-s0102.json,4,4,True
103,ow14-1-r00103,deterministic_minimal,minimal,ow14-s0103,1,model-facing/minimal-candidate-snapshots/ow14-s0103.json,4,4,True
104,ow14-1-r00104,deterministic_minimal,minimal,ow14-s0104,1,model-facing/minimal-candidate-snapshots/ow14-s0104.json,4,4,True
105,ow14-1-r00105,deterministic_minimal,minimal,ow14-s0105,1,model-facing/minimal-candidate-snapshots/ow14-s0105.json,4,4,True
106,ow14-1-r00106,deterministic_minimal,minimal,ow14-s0106,1,model-facing/minimal-candidate-snapshots/ow14-s0106.json,4,4,True
107,ow14-1-r00107,deterministic_minimal,minimal,ow14-s0107,1,model-facing/minimal-candidate-snapshots/ow14-s0107.json,4,4,True
108,ow14-1-r00108,deterministic_minimal,minimal,ow14-s0108,1,model-facing/minimal-candidate-snapshots/ow14-s0108.json,4,4,True
109,ow14-1-r00109,deterministic_minimal,minimal,ow14-s0109,1,model-facing/minimal-candidate-snapshots/ow14-s0109.json,4,4,True
110,ow14-1-r00110,deterministic_minimal,minimal,ow14-s0110,1,model-facing/minimal-candidate-snapshots/ow14-s0110.json,4,4,True
111,ow14-1-r00111,deterministic_minimal,minimal,ow14-s0111,1,model-facing/minimal-candidate-snapshots/ow14-s0111.json,4,4,True
112,ow14-1-r00112,deterministic_minimal,minimal,ow14-s0112,1,model-facing/minimal-candidate-snapshots/ow14-s0112.json,4,4,True
113,ow14-1-r00113,deterministic_minimal,minimal,ow14-s0113,1,model-facing/minimal-candidate-snapshots/ow14-s0113.json,4,4,True
114,ow14-1-r00114,deterministic_minimal,minimal,ow14-s0114,1,model-facing/minimal-candidate-snapshots/ow14-s0114.json,4,4,True
115,ow14-1-r00115,deterministic_minimal,minimal,ow14-s0115,1,model-facing/minimal-candidate-snapshots/ow14-s0115.json,4,4,True
116,ow14-1-r00116,deterministic_minimal,minimal,ow14-s0116,1,model-facing/minimal-candidate-snapshots/ow14-s0116.json,4,4,True
117,ow14-1-r00117,deterministic_minimal,minimal,ow14-s0117,1,model-facing/minimal-candidate-snapshots/ow14-s0117.json,4,4,True
118,ow14-1-r00118,deterministic_minimal,minimal,ow14-s0118,1,model-facing/minimal-candidate-snapshots/ow14-s0118.json,4,4,True
119,ow14-1-r00119,deterministic_minimal,minimal,ow14-s0119,1,model-facing/minimal-candidate-snapshots/ow14-s0119.json,4,4,True
120,ow14-1-r00120,deterministic_minimal,minimal,ow14-s0120,1,model-facing/minimal-candidate-snapshots/ow14-s0120.json,4,4,True
121,ow14-1-r00121,deterministic_minimal,minimal,ow14-s0121,1,model-facing/minimal-candidate-snapshots/ow14-s0121.json,4,4,True
122,ow14-1-r00122,deterministic_minimal,minimal,ow14-s0122,1,model-facing/minimal-candidate-snapshots/ow14-s0122.json,4,4,True
123,ow14-1-r00123,deterministic_minimal,minimal,ow14-s0123,1,model-facing/minimal-candidate-snapshots/ow14-s0123.json,4,4,True
124,ow14-1-r00124,deterministic_minimal,minimal,ow14-s0124,1,model-facing/minimal-candidate-snapshots/ow14-s0124.json,4,4,True
125,ow14-1-r00125,deterministic_minimal,minimal,ow14-s0125,1,model-facing/minimal-candidate-snapshots/ow14-s0125.json,4,4,True
126,ow14-1-r00126,deterministic_minimal,minimal,ow14-s0126,1,model-facing/minimal-candidate-snapshots/ow14-s0126.json,4,4,True
127,ow14-1-r00127,deterministic_minimal,minimal,ow14-s0127,1,model-facing/minimal-candidate-snapshots/ow14-s0127.json,4,4,True
128,ow14-1-r00128,deterministic_minimal,minimal,ow14-s0128,1,model-facing/minimal-candidate-snapshots/ow14-s0128.json,4,4,True
129,ow14-1-r00129,deterministic_minimal,minimal,ow14-s0129,1,model-facing/minimal-candidate-snapshots/ow14-s0129.json,4,4,True
130,ow14-1-r00130,deterministic_minimal,minimal,ow14-s0130,1,model-facing/minimal-candidate-snapshots/ow14-s0130.json,4,4,True
131,ow14-1-r00131,deterministic_minimal,minimal,ow14-s0131,1,model-facing/minimal-candidate-snapshots/ow14-s0131.json,4,4,True
132,ow14-1-r00132,deterministic_minimal,minimal,ow14-s0132,1,model-facing/minimal-candidate-snapshots/ow14-s0132.json,4,4,True
133,ow14-1-r00133,deterministic_minimal,minimal,ow14-s0133,1,model-facing/minimal-candidate-snapshots/ow14-s0133.json,4,4,True
134,ow14-1-r00134,deterministic_minimal,minimal,ow14-s0134,1,model-facing/minimal-candidate-snapshots/ow14-s0134.json,4,4,True
135,ow14-1-r00135,deterministic_minimal,minimal,ow14-s0135,1,model-facing/minimal-candidate-snapshots/ow14-s0135.json,4,4,True
136,ow14-1-r00136,deterministic_minimal,minimal,ow14-s0136,1,model-facing/minimal-candidate-snapshots/ow14-s0136.json,4,4,True
137,ow14-1-r00137,deterministic_minimal,minimal,ow14-s0137,1,model-facing/minimal-candidate-snapshots/ow14-s0137.json,4,4,True
138,ow14-1-r00138,deterministic_minimal,minimal,ow14-s0138,1,model-facing/minimal-candidate-snapshots/ow14-s0138.json,4,4,True
139,ow14-1-r00139,deterministic_minimal,minimal,ow14-s0139,1,model-facing/minimal-candidate-snapshots/ow14-s0139.json,4,4,True
140,ow14-1-r00140,deterministic_minimal,minimal,ow14-s0140,1,model-facing/minimal-candidate-snapshots/ow14-s0140.json,4,4,True
141,ow14-1-r00141,deterministic_minimal,minimal,ow14-s0141,1,model-facing/minimal-candidate-snapshots/ow14-s0141.json,4,4,True
142,ow14-1-r00142,deterministic_minimal,minimal,ow14-s0142,1,model-facing/minimal-candidate-snapshots/ow14-s0142.json,4,4,True
143,ow14-1-r00143,deterministic_minimal,minimal,ow14-s0143,1,model-facing/minimal-candidate-snapshots/ow14-s0143.json,4,4,True
144,ow14-1-r00144,deterministic_minimal,minimal,ow14-s0144,1,model-facing/minimal-candidate-snapshots/ow14-s0144.json,4,4,True
145,ow14-1-r00145,deterministic_minimal,minimal,ow14-s0145,1,model-facing/minimal-candidate-snapshots/ow14-s0145.json,4,4,True
146,ow14-1-r00146,deterministic_minimal,minimal,ow14-s0146,1,model-facing/minimal-candidate-snapshots/ow14-s0146.json,4,4,True
147,ow14-1-r00147,deterministic_minimal,minimal,ow14-s0147,1,model-facing/minimal-candidate-snapshots/ow14-s0147.json,4,4,True
148,ow14-1-r00148,deterministic_minimal,minimal,ow14-s0148,1,model-facing/minimal-candidate-snapshots/ow14-s0148.json,4,4,True
149,ow14-1-r00149,deterministic_minimal,minimal,ow14-s0149,1,model-facing/minimal-candidate-snapshots/ow14-s0149.json,4,4,True
150,ow14-1-r00150,deterministic_minimal,minimal,ow14-s0150,1,model-facing/minimal-candidate-snapshots/ow14-s0150.json,4,4,True
151,ow14-1-r00151,deterministic_minimal,minimal,ow14-s0151,1,model-facing/minimal-candidate-snapshots/ow14-s0151.json,4,4,True
152,ow14-1-r00152,deterministic_minimal,minimal,ow14-s0152,1,model-facing/minimal-candidate-snapshots/ow14-s0152.json,4,4,True
153,ow14-1-r00153,deterministic_minimal,minimal,ow14-s0153,1,model-facing/minimal-candidate-snapshots/ow14-s0153.json,4,4,True
154,ow14-1-r00154,deterministic_minimal,minimal,ow14-s0154,1,model-facing/minimal-candidate-snapshots/ow14-s0154.json,4,4,True
155,ow14-1-r00155,deterministic_minimal,minimal,ow14-s0155,1,model-facing/minimal-candidate-snapshots/ow14-s0155.json,4,4,True
156,ow14-1-r00156,deterministic_minimal,minimal,ow14-s0156,1,model-facing/minimal-candidate-snapshots/ow14-s0156.json,4,4,True
157,ow14-1-r00157,deterministic_minimal,minimal,ow14-s0157,1,model-facing/minimal-candidate-snapshots/ow14-s0157.json,4,4,True
158,ow14-1-r00158,deterministic_minimal,minimal,ow14-s0158,1,model-facing/minimal-candidate-snapshots/ow14-s0158.json,4,4,True
159,ow14-1-r00159,deterministic_minimal,minimal,ow14-s0159,1,model-facing/minimal-candidate-snapshots/ow14-s0159.json,4,4,True
160,ow14-1-r00160,deterministic_minimal,minimal,ow14-s0160,1,model-facing/minimal-candidate-snapshots/ow14-s0160.json,4,4,True
161,ow14-1-r00161,deterministic_minimal,minimal,ow14-s0161,1,model-facing/minimal-candidate-snapshots/ow14-s0161.json,4,4,True
162,ow14-1-r00162,deterministic_minimal,minimal,ow14-s0162,1,model-facing/minimal-candidate-snapshots/ow14-s0162.json,4,4,True
163,ow14-1-r00163,deterministic_minimal,minimal,ow14-s0163,1,model-facing/minimal-candidate-snapshots/ow14-s0163.json,4,4,True
164,ow14-1-r00164,deterministic_minimal,minimal,ow14-s0164,1,model-facing/minimal-candidate-snapshots/ow14-s0164.json,4,4,True
165,ow14-1-r00165,deterministic_minimal,minimal,ow14-s0165,1,model-facing/minimal-candidate-snapshots/ow14-s0165.json,4,4,True
166,ow14-1-r00166,deterministic_minimal,minimal,ow14-s0166,1,model-facing/minimal-candidate-snapshots/ow14-s0166.json,4,4,True
167,ow14-1-r00167,deterministic_minimal,minimal,ow14-s0167,1,model-facing/minimal-candidate-snapshots/ow14-s0167.json,4,4,True
168,ow14-1-r00168,deterministic_minimal,minimal,ow14-s0168,1,model-facing/minimal-candidate-snapshots/ow14-s0168.json,4,4,True
169,ow14-1-r00169,deterministic_minimal,minimal,ow14-s0169,1,model-facing/minimal-candidate-snapshots/ow14-s0169.json,4,4,True
170,ow14-1-r00170,deterministic_minimal,minimal,ow14-s0170,1,model-facing/minimal-candidate-snapshots/ow14-s0170.json,4,4,True
171,ow14-1-r00171,deterministic_minimal,minimal,ow14-s0171,1,model-facing/minimal-candidate-snapshots/ow14-s0171.json,4,4,True
172,ow14-1-r00172,deterministic_minimal,minimal,ow14-s0172,1,model-facing/minimal-candidate-snapshots/ow14-s0172.json,4,4,True
173,ow14-1-r00173,deterministic_minimal,minimal,ow14-s0173,1,model-facing/minimal-candidate-snapshots/ow14-s0173.json,4,4,True
174,ow14-1-r00174,deterministic_minimal,minimal,ow14-s0174,1,model-facing/minimal-candidate-snapshots/ow14-s0174.json,4,4,True
175,ow14-1-r00175,deterministic_minimal,minimal,ow14-s0175,1,model-facing/minimal-candidate-snapshots/ow14-s0175.json,4,4,True
176,ow14-1-r00176,deterministic_minimal,minimal,ow14-s0176,1,model-facing/minimal-candidate-snapshots/ow14-s0176.json,4,4,True
177,ow14-1-r00177,deterministic_minimal,minimal,ow14-s0177,1,model-facing/minimal-candidate-snapshots/ow14-s0177.json,4,4,True
178,ow14-1-r00178,deterministic_minimal,minimal,ow14-s0178,1,model-facing/minimal-candidate-snapshots/ow14-s0178.json,4,4,True
179,ow14-1-r00179,deterministic_minimal,minimal,ow14-s0179,1,model-facing/minimal-candidate-snapshots/ow14-s0179.json,4,4,True
180,ow14-1-r00180,deterministic_minimal,minimal,ow14-s0180,1,model-facing/minimal-candidate-snapshots/ow14-s0180.json,4,4,True
181,ow14-1-r00181,deterministic_minimal,minimal,ow14-s0181,1,model-facing/minimal-candidate-snapshots/ow14-s0181.json,4,4,True
182,ow14-1-r00182,deterministic_minimal,minimal,ow14-s0182,1,model-facing/minimal-candidate-snapshots/ow14-s0182.json,4,4,True
183,ow14-1-r00183,deterministic_minimal,minimal,ow14-s0183,1,model-facing/minimal-candidate-snapshots/ow14-s0183.json,4,4,True
184,ow14-1-r00184,deterministic_minimal,minimal,ow14-s0184,1,model-facing/minimal-candidate-snapshots/ow14-s0184.json,4,4,True
185,ow14-1-r00185,deterministic_minimal,minimal,ow14-s0185,1,model-facing/minimal-candidate-snapshots/ow14-s0185.json,4,4,True
186,ow14-1-r00186,deterministic_minimal,minimal,ow14-s0186,1,model-facing/minimal-candidate-snapshots/ow14-s0186.json,4,4,True
187,ow14-1-r00187,deterministic_minimal,minimal,ow14-s0187,1,model-facing/minimal-candidate-snapshots/ow14-s0187.json,4,4,True
188,ow14-1-r00188,deterministic_minimal,minimal,ow14-s0188,1,model-facing/minimal-candidate-snapshots/ow14-s0188.json,4,4,True
189,ow14-1-r00189,deterministic_minimal,minimal,ow14-s0189,1,model-facing/minimal-candidate-snapshots/ow14-s0189.json,4,4,True
190,ow14-1-r00190,deterministic_minimal,minimal,ow14-s0190,1,model-facing/minimal-candidate-snapshots/ow14-s0190.json,4,4,True
191,ow14-1-r00191,deterministic_minimal,minimal,ow14-s0191,1,model-facing/minimal-candidate-snapshots/ow14-s0191.json,4,4,True
192,ow14-1-r00192,deterministic_minimal,minimal,ow14-s0192,1,model-facing/minimal-candidate-snapshots/ow14-s0192.json,4,4,True
193,ow14-1-r00193,deterministic_minimal,minimal,ow14-s0193,1,model-facing/minimal-candidate-snapshots/ow14-s0193.json,4,4,True
194,ow14-1-r00194,deterministic_minimal,minimal,ow14-s0194,1,model-facing/minimal-candidate-snapshots/ow14-s0194.json,4,4,True
195,ow14-1-r00195,deterministic_minimal,minimal,ow14-s0195,1,model-facing/minimal-candidate-snapshots/ow14-s0195.json,4,4,True
196,ow14-1-r00196,deterministic_minimal,minimal,ow14-s0196,1,model-facing/minimal-candidate-snapshots/ow14-s0196.json,4,4,True
197,ow14-1-r00197,deterministic_minimal,minimal,ow14-s0197,1,model-facing/minimal-candidate-snapshots/ow14-s0197.json,4,4,True
198,ow14-1-r00198,deterministic_minimal,minimal,ow14-s0198,1,model-facing/minimal-candidate-snapshots/ow14-s0198.json,4,4,True
199,ow14-1-r00199,deterministic_minimal,minimal,ow14-s0199,1,model-facing/minimal-candidate-snapshots/ow14-s0199.json,4,4,True
200,ow14-1-r00200,deterministic_minimal,minimal,ow14-s0200,1,model-facing/minimal-candidate-snapshots/ow14-s0200.json,4,4,True
201,ow14-1-r00201,deterministic_minimal,minimal,ow14-s0201,1,model-facing/minimal-candidate-snapshots/ow14-s0201.json,4,4,True
202,ow14-1-r00202,deterministic_minimal,minimal,ow14-s0202,1,model-facing/minimal-candidate-snapshots/ow14-s0202.json,4,4,True
203,ow14-1-r00203,deterministic_minimal,minimal,ow14-s0203,1,model-facing/minimal-candidate-snapshots/ow14-s0203.json,4,4,True
204,ow14-1-r00204,deterministic_minimal,minimal,ow14-s0204,1,model-facing/minimal-candidate-snapshots/ow14-s0204.json,4,4,True
205,ow14-1-r00205,deterministic_minimal,minimal,ow14-s0205,1,model-facing/minimal-candidate-snapshots/ow14-s0205.json,4,4,True
206,ow14-1-r00206,deterministic_minimal,minimal,ow14-s0206,1,model-facing/minimal-candidate-snapshots/ow14-s0206.json,4,4,True
207,ow14-1-r00207,deterministic_minimal,minimal,ow14-s0207,1,model-facing/minimal-candidate-snapshots/ow14-s0207.json,4,4,True
208,ow14-1-r00208,deterministic_minimal,minimal,ow14-s0208,1,model-facing/minimal-candidate-snapshots/ow14-s0208.json,4,4,True
209,ow14-1-r00209,deterministic_minimal,minimal,ow14-s0209,1,model-facing/minimal-candidate-snapshots/ow14-s0209.json,4,4,True
210,ow14-1-r00210,deterministic_minimal,minimal,ow14-s0210,1,model-facing/minimal-candidate-snapshots/ow14-s0210.json,4,4,True
211,ow14-1-r00211,deterministic_minimal,minimal,ow14-s0211,1,model-facing/minimal-candidate-snapshots/ow14-s0211.json,4,4,True
212,ow14-1-r00212,deterministic_minimal,minimal,ow14-s0212,1,model-facing/minimal-candidate-snapshots/ow14-s0212.json,4,4,True
213,ow14-1-r00213,deterministic_minimal,minimal,ow14-s0213,1,model-facing/minimal-candidate-snapshots/ow14-s0213.json,4,4,True
214,ow14-1-r00214,deterministic_minimal,minimal,ow14-s0214,1,model-facing/minimal-candidate-snapshots/ow14-s0214.json,4,4,True
215,ow14-1-r00215,deterministic_minimal,minimal,ow14-s0215,1,model-facing/minimal-candidate-snapshots/ow14-s0215.json,4,4,True
216,ow14-1-r00216,deterministic_minimal,minimal,ow14-s0216,1,model-facing/minimal-candidate-snapshots/ow14-s0216.json,4,4,True
217,ow14-1-r00217,deterministic_minimal,minimal,ow14-s0217,1,model-facing/minimal-candidate-snapshots/ow14-s0217.json,4,4,True
218,ow14-1-r00218,deterministic_minimal,minimal,ow14-s0218,1,model-facing/minimal-candidate-snapshots/ow14-s0218.json,4,4,True
219,ow14-1-r00219,deterministic_minimal,minimal,ow14-s0219,1,model-facing/minimal-candidate-snapshots/ow14-s0219.json,4,4,True
220,ow14-1-r00220,deterministic_minimal,minimal,ow14-s0220,1,model-facing/minimal-candidate-snapshots/ow14-s0220.json,4,4,True
221,ow14-1-r00221,deterministic_minimal,minimal,ow14-s0221,1,model-facing/minimal-candidate-snapshots/ow14-s0221.json,4,4,True
222,ow14-1-r00222,deterministic_minimal,minimal,ow14-s0222,1,model-facing/minimal-candidate-snapshots/ow14-s0222.json,4,4,True
223,ow14-1-r00223,deterministic_minimal,minimal,ow14-s0223,1,model-facing/minimal-candidate-snapshots/ow14-s0223.json,4,4,True
224,ow14-1-r00224,deterministic_minimal,minimal,ow14-s0224,1,model-facing/minimal-candidate-snapshots/ow14-s0224.json,4,4,True
225,ow14-1-r00225,deterministic_minimal,minimal,ow14-s0225,1,model-facing/minimal-candidate-snapshots/ow14-s0225.json,4,4,True
226,ow14-1-r00226,deterministic_minimal,minimal,ow14-s0226,1,model-facing/minimal-candidate-snapshots/ow14-s0226.json,4,4,True
227,ow14-1-r00227,deterministic_minimal,minimal,ow14-s0227,1,model-facing/minimal-candidate-snapshots/ow14-s0227.json,4,4,True
228,ow14-1-r00228,deterministic_minimal,minimal,ow14-s0228,1,model-facing/minimal-candidate-snapshots/ow14-s0228.json,4,4,True
229,ow14-1-r00229,deterministic_minimal,minimal,ow14-s0229,1,model-facing/minimal-candidate-snapshots/ow14-s0229.json,4,4,True
230,ow14-1-r00230,deterministic_minimal,minimal,ow14-s0230,1,model-facing/minimal-candidate-snapshots/ow14-s0230.json,4,4,True
231,ow14-1-r00231,deterministic_minimal,minimal,ow14-s0231,1,model-facing/minimal-candidate-snapshots/ow14-s0231.json,4,4,True
232,ow14-1-r00232,deterministic_minimal,minimal,ow14-s0232,1,model-facing/minimal-candidate-snapshots/ow14-s0232.json,4,4,True
233,ow14-1-r00233,deterministic_minimal,minimal,ow14-s0233,1,model-facing/minimal-candidate-snapshots/ow14-s0233.json,4,4,True
234,ow14-1-r00234,deterministic_minimal,minimal,ow14-s0234,1,model-facing/minimal-candidate-snapshots/ow14-s0234.json,4,4,True
235,ow14-1-r00235,deterministic_minimal,minimal,ow14-s0235,1,model-facing/minimal-candidate-snapshots/ow14-s0235.json,4,4,True
236,ow14-1-r00236,deterministic_minimal,minimal,ow14-s0236,1,model-facing/minimal-candidate-snapshots/ow14-s0236.json,4,4,True
237,ow14-1-r00237,deterministic_minimal,minimal,ow14-s0237,1,model-facing/minimal-candidate-snapshots/ow14-s0237.json,4,4,True
238,ow14-1-r00238,deterministic_minimal,minimal,ow14-s0238,1,model-facing/minimal-candidate-snapshots/ow14-s0238.json,4,4,True
239,ow14-1-r00239,deterministic_minimal,minimal,ow14-s0239,1,model-facing/minimal-candidate-snapshots/ow14-s0239.json,4,4,True
240,ow14-1-r00240,deterministic_minimal,minimal,ow14-s0240,1,model-facing/minimal-candidate-snapshots/ow14-s0240.json,4,4,True
241,ow14-1-r00241,deterministic_minimal,minimal,ow14-s0241,1,model-facing/minimal-candidate-snapshots/ow14-s0241.json,4,4,True
242,ow14-1-r00242,deterministic_minimal,minimal,ow14-s0242,1,model-facing/minimal-candidate-snapshots/ow14-s0242.json,4,4,True
243,ow14-1-r00243,deterministic_minimal,minimal,ow14-s0243,1,model-facing/minimal-candidate-snapshots/ow14-s0243.json,4,4,True
244,ow14-1-r00244,deterministic_minimal,minimal,ow14-s0244,1,model-facing/minimal-candidate-snapshots/ow14-s0244.json,4,4,True
245,ow14-1-r00245,deterministic_minimal,minimal,ow14-s0245,1,model-facing/minimal-candidate-snapshots/ow14-s0245.json,4,4,True
246,ow14-1-r00246,deterministic_minimal,minimal,ow14-s0246,1,model-facing/minimal-candidate-snapshots/ow14-s0246.json,4,4,True
247,ow14-1-r00247,deterministic_minimal,minimal,ow14-s0247,1,model-facing/minimal-candidate-snapshots/ow14-s0247.json,4,4,True
248,ow14-1-r00248,deterministic_minimal,minimal,ow14-s0248,1,model-facing/minimal-candidate-snapshots/ow14-s0248.json,4,4,True
249,ow14-1-r00249,deterministic_minimal,minimal,ow14-s0249,1,model-facing/minimal-candidate-snapshots/ow14-s0249.json,4,4,True
250,ow14-1-r00250,deterministic_minimal,minimal,ow14-s0250,1,model-facing/minimal-candidate-snapshots/ow14-s0250.json,4,4,True
251,ow14-1-r00251,deterministic_minimal,minimal,ow14-s0251,1,model-facing/minimal-candidate-snapshots/ow14-s0251.json,4,4,True
252,ow14-1-r00252,deterministic_minimal,minimal,ow14-s0252,1,model-facing/minimal-candidate-snapshots/ow14-s0252.json,4,4,True
253,ow14-1-r00253,deterministic_minimal,minimal,ow14-s0253,1,model-facing/minimal-candidate-snapshots/ow14-s0253.json,4,4,True
254,ow14-1-r00254,deterministic_minimal,minimal,ow14-s0254,1,model-facing/minimal-candidate-snapshots/ow14-s0254.json,4,4,True
255,ow14-1-r00255,deterministic_minimal,minimal,ow14-s0255,1,model-facing/minimal-candidate-snapshots/ow14-s0255.json,4,4,True
256,ow14-1-r00256,deterministic_minimal,minimal,ow14-s0256,1,model-facing/minimal-candidate-snapshots/ow14-s0256.json,4,4,True
257,ow14-1-r00257,deterministic_minimal,minimal,ow14-s0257,1,model-facing/minimal-candidate-snapshots/ow14-s0257.json,4,4,True
258,ow14-1-r00258,deterministic_minimal,minimal,ow14-s0258,1,model-facing/minimal-candidate-snapshots/ow14-s0258.json,4,4,True
259,ow14-1-r00259,deterministic_minimal,minimal,ow14-s0259,1,model-facing/minimal-candidate-snapshots/ow14-s0259.json,4,4,True
260,ow14-1-r00260,deterministic_minimal,minimal,ow14-s0260,1,model-facing/minimal-candidate-snapshots/ow14-s0260.json,4,4,True
261,ow14-1-r00261,deterministic_minimal,minimal,ow14-s0261,1,model-facing/minimal-candidate-snapshots/ow14-s0261.json,4,4,True
262,ow14-1-r00262,deterministic_minimal,minimal,ow14-s0262,1,model-facing/minimal-candidate-snapshots/ow14-s0262.json,4,4,True
263,ow14-1-r00263,deterministic_minimal,minimal,ow14-s0263,1,model-facing/minimal-candidate-snapshots/ow14-s0263.json,4,4,True
264,ow14-1-r00264,deterministic_minimal,minimal,ow14-s0264,1,model-facing/minimal-candidate-snapshots/ow14-s0264.json,4,4,True
265,ow14-1-r00265,deterministic_minimal,minimal,ow14-s0265,1,model-facing/minimal-candidate-snapshots/ow14-s0265.json,4,4,True
266,ow14-1-r00266,deterministic_minimal,minimal,ow14-s0266,1,model-facing/minimal-candidate-snapshots/ow14-s0266.json,4,4,True
267,ow14-1-r00267,deterministic_enriched,enriched,ow14-s0001,1,model-facing/enriched-candidate-snapshots/ow14-s0001.json,4,4,True
268,ow14-1-r00268,deterministic_enriched,enriched,ow14-s0002,1,model-facing/enriched-candidate-snapshots/ow14-s0002.json,4,4,True
269,ow14-1-r00269,deterministic_enriched,enriched,ow14-s0003,1,model-facing/enriched-candidate-snapshots/ow14-s0003.json,4,4,True
270,ow14-1-r00270,deterministic_enriched,enriched,ow14-s0004,1,model-facing/enriched-candidate-snapshots/ow14-s0004.json,4,4,True
271,ow14-1-r00271,deterministic_enriched,enriched,ow14-s0005,1,model-facing/enriched-candidate-snapshots/ow14-s0005.json,4,4,True
272,ow14-1-r00272,deterministic_enriched,enriched,ow14-s0006,1,model-facing/enriched-candidate-snapshots/ow14-s0006.json,4,4,True
273,ow14-1-r00273,deterministic_enriched,enriched,ow14-s0007,1,model-facing/enriched-candidate-snapshots/ow14-s0007.json,4,4,True
274,ow14-1-r00274,deterministic_enriched,enriched,ow14-s0008,1,model-facing/enriched-candidate-snapshots/ow14-s0008.json,4,4,True
275,ow14-1-r00275,deterministic_enriched,enriched,ow14-s0009,1,model-facing/enriched-candidate-snapshots/ow14-s0009.json,4,4,True
276,ow14-1-r00276,deterministic_enriched,enriched,ow14-s0010,1,model-facing/enriched-candidate-snapshots/ow14-s0010.json,4,4,True
277,ow14-1-r00277,deterministic_enriched,enriched,ow14-s0011,1,model-facing/enriched-candidate-snapshots/ow14-s0011.json,4,4,True
278,ow14-1-r00278,deterministic_enriched,enriched,ow14-s0012,1,model-facing/enriched-candidate-snapshots/ow14-s0012.json,4,4,True
279,ow14-1-r00279,deterministic_enriched,enriched,ow14-s0013,1,model-facing/enriched-candidate-snapshots/ow14-s0013.json,4,4,True
280,ow14-1-r00280,deterministic_enriched,enriched,ow14-s0014,1,model-facing/enriched-candidate-snapshots/ow14-s0014.json,4,4,True
281,ow14-1-r00281,deterministic_enriched,enriched,ow14-s0015,1,model-facing/enriched-candidate-snapshots/ow14-s0015.json,4,4,True
282,ow14-1-r00282,deterministic_enriched,enriched,ow14-s0016,1,model-facing/enriched-candidate-snapshots/ow14-s0016.json,4,4,True
283,ow14-1-r00283,deterministic_enriched,enriched,ow14-s0017,1,model-facing/enriched-candidate-snapshots/ow14-s0017.json,4,4,True
284,ow14-1-r00284,deterministic_enriched,enriched,ow14-s0018,1,model-facing/enriched-candidate-snapshots/ow14-s0018.json,4,4,True
285,ow14-1-r00285,deterministic_enriched,enriched,ow14-s0019,1,model-facing/enriched-candidate-snapshots/ow14-s0019.json,4,4,True
286,ow14-1-r00286,deterministic_enriched,enriched,ow14-s0020,1,model-facing/enriched-candidate-snapshots/ow14-s0020.json,4,4,True
287,ow14-1-r00287,deterministic_enriched,enriched,ow14-s0021,1,model-facing/enriched-candidate-snapshots/ow14-s0021.json,4,4,True
288,ow14-1-r00288,deterministic_enriched,enriched,ow14-s0022,1,model-facing/enriched-candidate-snapshots/ow14-s0022.json,4,4,True
289,ow14-1-r00289,deterministic_enriched,enriched,ow14-s0023,1,model-facing/enriched-candidate-snapshots/ow14-s0023.json,4,4,True
290,ow14-1-r00290,deterministic_enriched,enriched,ow14-s0024,1,model-facing/enriched-candidate-snapshots/ow14-s0024.json,4,4,True
291,ow14-1-r00291,deterministic_enriched,enriched,ow14-s0025,1,model-facing/enriched-candidate-snapshots/ow14-s0025.json,4,4,True
292,ow14-1-r00292,deterministic_enriched,enriched,ow14-s0026,1,model-facing/enriched-candidate-snapshots/ow14-s0026.json,4,4,True
293,ow14-1-r00293,deterministic_enriched,enriched,ow14-s0027,1,model-facing/enriched-candidate-snapshots/ow14-s0027.json,4,4,True
294,ow14-1-r00294,deterministic_enriched,enriched,ow14-s0028,1,model-facing/enriched-candidate-snapshots/ow14-s0028.json,4,4,True
295,ow14-1-r00295,deterministic_enriched,enriched,ow14-s0029,1,model-facing/enriched-candidate-snapshots/ow14-s0029.json,4,4,True
296,ow14-1-r00296,deterministic_enriched,enriched,ow14-s0030,1,model-facing/enriched-candidate-snapshots/ow14-s0030.json,4,4,True
297,ow14-1-r00297,deterministic_enriched,enriched,ow14-s0031,1,model-facing/enriched-candidate-snapshots/ow14-s0031.json,4,4,True
298,ow14-1-r00298,deterministic_enriched,enriched,ow14-s0032,1,model-facing/enriched-candidate-snapshots/ow14-s0032.json,4,4,True
299,ow14-1-r00299,deterministic_enriched,enriched,ow14-s0033,1,model-facing/enriched-candidate-snapshots/ow14-s0033.json,4,4,True
300,ow14-1-r00300,deterministic_enriched,enriched,ow14-s0034,1,model-facing/enriched-candidate-snapshots/ow14-s0034.json,4,4,True
301,ow14-1-r00301,deterministic_enriched,enriched,ow14-s0035,1,model-facing/enriched-candidate-snapshots/ow14-s0035.json,4,4,True
302,ow14-1-r00302,deterministic_enriched,enriched,ow14-s0036,1,model-facing/enriched-candidate-snapshots/ow14-s0036.json,4,4,True
303,ow14-1-r00303,deterministic_enriched,enriched,ow14-s0037,1,model-facing/enriched-candidate-snapshots/ow14-s0037.json,4,4,True
304,ow14-1-r00304,deterministic_enriched,enriched,ow14-s0038,1,model-facing/enriched-candidate-snapshots/ow14-s0038.json,4,4,True
305,ow14-1-r00305,deterministic_enriched,enriched,ow14-s0039,1,model-facing/enriched-candidate-snapshots/ow14-s0039.json,4,4,True
306,ow14-1-r00306,deterministic_enriched,enriched,ow14-s0040,1,model-facing/enriched-candidate-snapshots/ow14-s0040.json,4,4,True
307,ow14-1-r00307,deterministic_enriched,enriched,ow14-s0041,1,model-facing/enriched-candidate-snapshots/ow14-s0041.json,4,4,True
308,ow14-1-r00308,deterministic_enriched,enriched,ow14-s0042,1,model-facing/enriched-candidate-snapshots/ow14-s0042.json,4,4,True
309,ow14-1-r00309,deterministic_enriched,enriched,ow14-s0043,1,model-facing/enriched-candidate-snapshots/ow14-s0043.json,4,4,True
310,ow14-1-r00310,deterministic_enriched,enriched,ow14-s0044,1,model-facing/enriched-candidate-snapshots/ow14-s0044.json,4,4,True
311,ow14-1-r00311,deterministic_enriched,enriched,ow14-s0045,1,model-facing/enriched-candidate-snapshots/ow14-s0045.json,4,4,True
312,ow14-1-r00312,deterministic_enriched,enriched,ow14-s0046,1,model-facing/enriched-candidate-snapshots/ow14-s0046.json,4,4,True
313,ow14-1-r00313,deterministic_enriched,enriched,ow14-s0047,1,model-facing/enriched-candidate-snapshots/ow14-s0047.json,4,4,True
314,ow14-1-r00314,deterministic_enriched,enriched,ow14-s0048,1,model-facing/enriched-candidate-snapshots/ow14-s0048.json,4,4,True
315,ow14-1-r00315,deterministic_enriched,enriched,ow14-s0049,1,model-facing/enriched-candidate-snapshots/ow14-s0049.json,4,4,True
316,ow14-1-r00316,deterministic_enriched,enriched,ow14-s0050,1,model-facing/enriched-candidate-snapshots/ow14-s0050.json,4,4,True
317,ow14-1-r00317,deterministic_enriched,enriched,ow14-s0051,1,model-facing/enriched-candidate-snapshots/ow14-s0051.json,4,4,True
318,ow14-1-r00318,deterministic_enriched,enriched,ow14-s0052,1,model-facing/enriched-candidate-snapshots/ow14-s0052.json,4,4,True
319,ow14-1-r00319,deterministic_enriched,enriched,ow14-s0053,1,model-facing/enriched-candidate-snapshots/ow14-s0053.json,4,4,True
320,ow14-1-r00320,deterministic_enriched,enriched,ow14-s0054,1,model-facing/enriched-candidate-snapshots/ow14-s0054.json,4,4,True
321,ow14-1-r00321,deterministic_enriched,enriched,ow14-s0055,1,model-facing/enriched-candidate-snapshots/ow14-s0055.json,4,4,True
322,ow14-1-r00322,deterministic_enriched,enriched,ow14-s0056,1,model-facing/enriched-candidate-snapshots/ow14-s0056.json,4,4,True
323,ow14-1-r00323,deterministic_enriched,enriched,ow14-s0057,1,model-facing/enriched-candidate-snapshots/ow14-s0057.json,4,4,True
324,ow14-1-r00324,deterministic_enriched,enriched,ow14-s0058,1,model-facing/enriched-candidate-snapshots/ow14-s0058.json,4,4,True
325,ow14-1-r00325,deterministic_enriched,enriched,ow14-s0059,1,model-facing/enriched-candidate-snapshots/ow14-s0059.json,4,4,True
326,ow14-1-r00326,deterministic_enriched,enriched,ow14-s0060,1,model-facing/enriched-candidate-snapshots/ow14-s0060.json,4,4,True
327,ow14-1-r00327,deterministic_enriched,enriched,ow14-s0061,1,model-facing/enriched-candidate-snapshots/ow14-s0061.json,4,4,True
328,ow14-1-r00328,deterministic_enriched,enriched,ow14-s0062,1,model-facing/enriched-candidate-snapshots/ow14-s0062.json,4,4,True
329,ow14-1-r00329,deterministic_enriched,enriched,ow14-s0063,1,model-facing/enriched-candidate-snapshots/ow14-s0063.json,4,4,True
330,ow14-1-r00330,deterministic_enriched,enriched,ow14-s0064,1,model-facing/enriched-candidate-snapshots/ow14-s0064.json,4,4,True
331,ow14-1-r00331,deterministic_enriched,enriched,ow14-s0065,1,model-facing/enriched-candidate-snapshots/ow14-s0065.json,4,4,True
332,ow14-1-r00332,deterministic_enriched,enriched,ow14-s0066,1,model-facing/enriched-candidate-snapshots/ow14-s0066.json,4,4,True
333,ow14-1-r00333,deterministic_enriched,enriched,ow14-s0067,1,model-facing/enriched-candidate-snapshots/ow14-s0067.json,4,4,True
334,ow14-1-r00334,deterministic_enriched,enriched,ow14-s0068,1,model-facing/enriched-candidate-snapshots/ow14-s0068.json,4,4,True
335,ow14-1-r00335,deterministic_enriched,enriched,ow14-s0069,1,model-facing/enriched-candidate-snapshots/ow14-s0069.json,4,4,True
336,ow14-1-r00336,deterministic_enriched,enriched,ow14-s0070,1,model-facing/enriched-candidate-snapshots/ow14-s0070.json,4,4,True
337,ow14-1-r00337,deterministic_enriched,enriched,ow14-s0071,1,model-facing/enriched-candidate-snapshots/ow14-s0071.json,4,4,True
338,ow14-1-r00338,deterministic_enriched,enriched,ow14-s0072,1,model-facing/enriched-candidate-snapshots/ow14-s0072.json,4,4,True
339,ow14-1-r00339,deterministic_enriched,enriched,ow14-s0073,1,model-facing/enriched-candidate-snapshots/ow14-s0073.json,4,4,True
340,ow14-1-r00340,deterministic_enriched,enriched,ow14-s0074,1,model-facing/enriched-candidate-snapshots/ow14-s0074.json,4,4,True
341,ow14-1-r00341,deterministic_enriched,enriched,ow14-s0075,1,model-facing/enriched-candidate-snapshots/ow14-s0075.json,4,4,True
342,ow14-1-r00342,deterministic_enriched,enriched,ow14-s0076,1,model-facing/enriched-candidate-snapshots/ow14-s0076.json,4,4,True
343,ow14-1-r00343,deterministic_enriched,enriched,ow14-s0077,1,model-facing/enriched-candidate-snapshots/ow14-s0077.json,4,4,True
344,ow14-1-r00344,deterministic_enriched,enriched,ow14-s0078,1,model-facing/enriched-candidate-snapshots/ow14-s0078.json,4,4,True
345,ow14-1-r00345,deterministic_enriched,enriched,ow14-s0079,1,model-facing/enriched-candidate-snapshots/ow14-s0079.json,4,4,True
346,ow14-1-r00346,deterministic_enriched,enriched,ow14-s0080,1,model-facing/enriched-candidate-snapshots/ow14-s0080.json,4,4,True
347,ow14-1-r00347,deterministic_enriched,enriched,ow14-s0081,1,model-facing/enriched-candidate-snapshots/ow14-s0081.json,4,4,True
348,ow14-1-r00348,deterministic_enriched,enriched,ow14-s0082,1,model-facing/enriched-candidate-snapshots/ow14-s0082.json,4,4,True
349,ow14-1-r00349,deterministic_enriched,enriched,ow14-s0083,1,model-facing/enriched-candidate-snapshots/ow14-s0083.json,4,4,True
350,ow14-1-r00350,deterministic_enriched,enriched,ow14-s0084,1,model-facing/enriched-candidate-snapshots/ow14-s0084.json,4,4,True
351,ow14-1-r00351,deterministic_enriched,enriched,ow14-s0085,1,model-facing/enriched-candidate-snapshots/ow14-s0085.json,4,4,True
352,ow14-1-r00352,deterministic_enriched,enriched,ow14-s0086,1,model-facing/enriched-candidate-snapshots/ow14-s0086.json,4,4,True
353,ow14-1-r00353,deterministic_enriched,enriched,ow14-s0087,1,model-facing/enriched-candidate-snapshots/ow14-s0087.json,4,4,True
354,ow14-1-r00354,deterministic_enriched,enriched,ow14-s0088,1,model-facing/enriched-candidate-snapshots/ow14-s0088.json,4,4,True
355,ow14-1-r00355,deterministic_enriched,enriched,ow14-s0089,1,model-facing/enriched-candidate-snapshots/ow14-s0089.json,4,4,True
356,ow14-1-r00356,deterministic_enriched,enriched,ow14-s0090,1,model-facing/enriched-candidate-snapshots/ow14-s0090.json,4,4,True
357,ow14-1-r00357,deterministic_enriched,enriched,ow14-s0091,1,model-facing/enriched-candidate-snapshots/ow14-s0091.json,4,4,True
358,ow14-1-r00358,deterministic_enriched,enriched,ow14-s0092,1,model-facing/enriched-candidate-snapshots/ow14-s0092.json,4,4,True
359,ow14-1-r00359,deterministic_enriched,enriched,ow14-s0093,1,model-facing/enriched-candidate-snapshots/ow14-s0093.json,4,4,True
360,ow14-1-r00360,deterministic_enriched,enriched,ow14-s0094,1,model-facing/enriched-candidate-snapshots/ow14-s0094.json,4,4,True
361,ow14-1-r00361,deterministic_enriched,enriched,ow14-s0095,1,model-facing/enriched-candidate-snapshots/ow14-s0095.json,4,4,True
362,ow14-1-r00362,deterministic_enriched,enriched,ow14-s0096,1,model-facing/enriched-candidate-snapshots/ow14-s0096.json,4,4,True
363,ow14-1-r00363,deterministic_enriched,enriched,ow14-s0097,1,model-facing/enriched-candidate-snapshots/ow14-s0097.json,4,4,True
364,ow14-1-r00364,deterministic_enriched,enriched,ow14-s0098,1,model-facing/enriched-candidate-snapshots/ow14-s0098.json,4,4,True
365,ow14-1-r00365,deterministic_enriched,enriched,ow14-s0099,1,model-facing/enriched-candidate-snapshots/ow14-s0099.json,4,4,True
366,ow14-1-r00366,deterministic_enriched,enriched,ow14-s0100,1,model-facing/enriched-candidate-snapshots/ow14-s0100.json,4,4,True
367,ow14-1-r00367,deterministic_enriched,enriched,ow14-s0101,1,model-facing/enriched-candidate-snapshots/ow14-s0101.json,4,4,True
368,ow14-1-r00368,deterministic_enriched,enriched,ow14-s0102,1,model-facing/enriched-candidate-snapshots/ow14-s0102.json,4,4,True
369,ow14-1-r00369,deterministic_enriched,enriched,ow14-s0103,1,model-facing/enriched-candidate-snapshots/ow14-s0103.json,4,4,True
370,ow14-1-r00370,deterministic_enriched,enriched,ow14-s0104,1,model-facing/enriched-candidate-snapshots/ow14-s0104.json,4,4,True
371,ow14-1-r00371,deterministic_enriched,enriched,ow14-s0105,1,model-facing/enriched-candidate-snapshots/ow14-s0105.json,4,4,True
372,ow14-1-r00372,deterministic_enriched,enriched,ow14-s0106,1,model-facing/enriched-candidate-snapshots/ow14-s0106.json,4,4,True
373,ow14-1-r00373,deterministic_enriched,enriched,ow14-s0107,1,model-facing/enriched-candidate-snapshots/ow14-s0107.json,4,4,True
374,ow14-1-r00374,deterministic_enriched,enriched,ow14-s0108,1,model-facing/enriched-candidate-snapshots/ow14-s0108.json,4,4,True
375,ow14-1-r00375,deterministic_enriched,enriched,ow14-s0109,1,model-facing/enriched-candidate-snapshots/ow14-s0109.json,4,4,True
376,ow14-1-r00376,deterministic_enriched,enriched,ow14-s0110,1,model-facing/enriched-candidate-snapshots/ow14-s0110.json,4,4,True
377,ow14-1-r00377,deterministic_enriched,enriched,ow14-s0111,1,model-facing/enriched-candidate-snapshots/ow14-s0111.json,4,4,True
378,ow14-1-r00378,deterministic_enriched,enriched,ow14-s0112,1,model-facing/enriched-candidate-snapshots/ow14-s0112.json,4,4,True
379,ow14-1-r00379,deterministic_enriched,enriched,ow14-s0113,1,model-facing/enriched-candidate-snapshots/ow14-s0113.json,4,4,True
380,ow14-1-r00380,deterministic_enriched,enriched,ow14-s0114,1,model-facing/enriched-candidate-snapshots/ow14-s0114.json,4,4,True
381,ow14-1-r00381,deterministic_enriched,enriched,ow14-s0115,1,model-facing/enriched-candidate-snapshots/ow14-s0115.json,4,4,True
382,ow14-1-r00382,deterministic_enriched,enriched,ow14-s0116,1,model-facing/enriched-candidate-snapshots/ow14-s0116.json,4,4,True
383,ow14-1-r00383,deterministic_enriched,enriched,ow14-s0117,1,model-facing/enriched-candidate-snapshots/ow14-s0117.json,4,4,True
384,ow14-1-r00384,deterministic_enriched,enriched,ow14-s0118,1,model-facing/enriched-candidate-snapshots/ow14-s0118.json,4,4,True
385,ow14-1-r00385,deterministic_enriched,enriched,ow14-s0119,1,model-facing/enriched-candidate-snapshots/ow14-s0119.json,4,4,True
386,ow14-1-r00386,deterministic_enriched,enriched,ow14-s0120,1,model-facing/enriched-candidate-snapshots/ow14-s0120.json,4,4,True
387,ow14-1-r00387,deterministic_enriched,enriched,ow14-s0121,1,model-facing/enriched-candidate-snapshots/ow14-s0121.json,4,4,True
388,ow14-1-r00388,deterministic_enriched,enriched,ow14-s0122,1,model-facing/enriched-candidate-snapshots/ow14-s0122.json,4,4,True
389,ow14-1-r00389,deterministic_enriched,enriched,ow14-s0123,1,model-facing/enriched-candidate-snapshots/ow14-s0123.json,4,4,True
390,ow14-1-r00390,deterministic_enriched,enriched,ow14-s0124,1,model-facing/enriched-candidate-snapshots/ow14-s0124.json,4,4,True
391,ow14-1-r00391,deterministic_enriched,enriched,ow14-s0125,1,model-facing/enriched-candidate-snapshots/ow14-s0125.json,4,4,True
392,ow14-1-r00392,deterministic_enriched,enriched,ow14-s0126,1,model-facing/enriched-candidate-snapshots/ow14-s0126.json,4,4,True
393,ow14-1-r00393,deterministic_enriched,enriched,ow14-s0127,1,model-facing/enriched-candidate-snapshots/ow14-s0127.json,4,4,True
394,ow14-1-r00394,deterministic_enriched,enriched,ow14-s0128,1,model-facing/enriched-candidate-snapshots/ow14-s0128.json,4,4,True
395,ow14-1-r00395,deterministic_enriched,enriched,ow14-s0129,1,model-facing/enriched-candidate-snapshots/ow14-s0129.json,4,4,True
396,ow14-1-r00396,deterministic_enriched,enriched,ow14-s0130,1,model-facing/enriched-candidate-snapshots/ow14-s0130.json,4,4,True
397,ow14-1-r00397,deterministic_enriched,enriched,ow14-s0131,1,model-facing/enriched-candidate-snapshots/ow14-s0131.json,4,4,True
398,ow14-1-r00398,deterministic_enriched,enriched,ow14-s0132,1,model-facing/enriched-candidate-snapshots/ow14-s0132.json,4,4,True
399,ow14-1-r00399,deterministic_enriched,enriched,ow14-s0133,1,model-facing/enriched-candidate-snapshots/ow14-s0133.json,4,4,True
400,ow14-1-r00400,deterministic_enriched,enriched,ow14-s0134,1,model-facing/enriched-candidate-snapshots/ow14-s0134.json,4,4,True
401,ow14-1-r00401,deterministic_enriched,enriched,ow14-s0135,1,model-facing/enriched-candidate-snapshots/ow14-s0135.json,4,4,True
402,ow14-1-r00402,deterministic_enriched,enriched,ow14-s0136,1,model-facing/enriched-candidate-snapshots/ow14-s0136.json,4,4,True
403,ow14-1-r00403,deterministic_enriched,enriched,ow14-s0137,1,model-facing/enriched-candidate-snapshots/ow14-s0137.json,4,4,True
404,ow14-1-r00404,deterministic_enriched,enriched,ow14-s0138,1,model-facing/enriched-candidate-snapshots/ow14-s0138.json,4,4,True
405,ow14-1-r00405,deterministic_enriched,enriched,ow14-s0139,1,model-facing/enriched-candidate-snapshots/ow14-s0139.json,4,4,True
406,ow14-1-r00406,deterministic_enriched,enriched,ow14-s0140,1,model-facing/enriched-candidate-snapshots/ow14-s0140.json,4,4,True
407,ow14-1-r00407,deterministic_enriched,enriched,ow14-s0141,1,model-facing/enriched-candidate-snapshots/ow14-s0141.json,4,4,True
408,ow14-1-r00408,deterministic_enriched,enriched,ow14-s0142,1,model-facing/enriched-candidate-snapshots/ow14-s0142.json,4,4,True
409,ow14-1-r00409,deterministic_enriched,enriched,ow14-s0143,1,model-facing/enriched-candidate-snapshots/ow14-s0143.json,4,4,True
410,ow14-1-r00410,deterministic_enriched,enriched,ow14-s0144,1,model-facing/enriched-candidate-snapshots/ow14-s0144.json,4,4,True
411,ow14-1-r00411,deterministic_enriched,enriched,ow14-s0145,1,model-facing/enriched-candidate-snapshots/ow14-s0145.json,4,4,True
412,ow14-1-r00412,deterministic_enriched,enriched,ow14-s0146,1,model-facing/enriched-candidate-snapshots/ow14-s0146.json,4,4,True
413,ow14-1-r00413,deterministic_enriched,enriched,ow14-s0147,1,model-facing/enriched-candidate-snapshots/ow14-s0147.json,4,4,True
414,ow14-1-r00414,deterministic_enriched,enriched,ow14-s0148,1,model-facing/enriched-candidate-snapshots/ow14-s0148.json,4,4,True
415,ow14-1-r00415,deterministic_enriched,enriched,ow14-s0149,1,model-facing/enriched-candidate-snapshots/ow14-s0149.json,4,4,True
416,ow14-1-r00416,deterministic_enriched,enriched,ow14-s0150,1,model-facing/enriched-candidate-snapshots/ow14-s0150.json,4,4,True
417,ow14-1-r00417,deterministic_enriched,enriched,ow14-s0151,1,model-facing/enriched-candidate-snapshots/ow14-s0151.json,4,4,True
418,ow14-1-r00418,deterministic_enriched,enriched,ow14-s0152,1,model-facing/enriched-candidate-snapshots/ow14-s0152.json,4,4,True
419,ow14-1-r00419,deterministic_enriched,enriched,ow14-s0153,1,model-facing/enriched-candidate-snapshots/ow14-s0153.json,4,4,True
420,ow14-1-r00420,deterministic_enriched,enriched,ow14-s0154,1,model-facing/enriched-candidate-snapshots/ow14-s0154.json,4,4,True
421,ow14-1-r00421,deterministic_enriched,enriched,ow14-s0155,1,model-facing/enriched-candidate-snapshots/ow14-s0155.json,4,4,True
422,ow14-1-r00422,deterministic_enriched,enriched,ow14-s0156,1,model-facing/enriched-candidate-snapshots/ow14-s0156.json,4,4,True
423,ow14-1-r00423,deterministic_enriched,enriched,ow14-s0157,1,model-facing/enriched-candidate-snapshots/ow14-s0157.json,4,4,True
424,ow14-1-r00424,deterministic_enriched,enriched,ow14-s0158,1,model-facing/enriched-candidate-snapshots/ow14-s0158.json,4,4,True
425,ow14-1-r00425,deterministic_enriched,enriched,ow14-s0159,1,model-facing/enriched-candidate-snapshots/ow14-s0159.json,4,4,True
426,ow14-1-r00426,deterministic_enriched,enriched,ow14-s0160,1,model-facing/enriched-candidate-snapshots/ow14-s0160.json,4,4,True
427,ow14-1-r00427,deterministic_enriched,enriched,ow14-s0161,1,model-facing/enriched-candidate-snapshots/ow14-s0161.json,4,4,True
428,ow14-1-r00428,deterministic_enriched,enriched,ow14-s0162,1,model-facing/enriched-candidate-snapshots/ow14-s0162.json,4,4,True
429,ow14-1-r00429,deterministic_enriched,enriched,ow14-s0163,1,model-facing/enriched-candidate-snapshots/ow14-s0163.json,4,4,True
430,ow14-1-r00430,deterministic_enriched,enriched,ow14-s0164,1,model-facing/enriched-candidate-snapshots/ow14-s0164.json,4,4,True
431,ow14-1-r00431,deterministic_enriched,enriched,ow14-s0165,1,model-facing/enriched-candidate-snapshots/ow14-s0165.json,4,4,True
432,ow14-1-r00432,deterministic_enriched,enriched,ow14-s0166,1,model-facing/enriched-candidate-snapshots/ow14-s0166.json,4,4,True
433,ow14-1-r00433,deterministic_enriched,enriched,ow14-s0167,1,model-facing/enriched-candidate-snapshots/ow14-s0167.json,4,4,True
434,ow14-1-r00434,deterministic_enriched,enriched,ow14-s0168,1,model-facing/enriched-candidate-snapshots/ow14-s0168.json,4,4,True
435,ow14-1-r00435,deterministic_enriched,enriched,ow14-s0169,1,model-facing/enriched-candidate-snapshots/ow14-s0169.json,4,4,True
436,ow14-1-r00436,deterministic_enriched,enriched,ow14-s0170,1,model-facing/enriched-candidate-snapshots/ow14-s0170.json,4,4,True
437,ow14-1-r00437,deterministic_enriched,enriched,ow14-s0171,1,model-facing/enriched-candidate-snapshots/ow14-s0171.json,4,4,True
438,ow14-1-r00438,deterministic_enriched,enriched,ow14-s0172,1,model-facing/enriched-candidate-snapshots/ow14-s0172.json,4,4,True
439,ow14-1-r00439,deterministic_enriched,enriched,ow14-s0173,1,model-facing/enriched-candidate-snapshots/ow14-s0173.json,4,4,True
440,ow14-1-r00440,deterministic_enriched,enriched,ow14-s0174,1,model-facing/enriched-candidate-snapshots/ow14-s0174.json,4,4,True
441,ow14-1-r00441,deterministic_enriched,enriched,ow14-s0175,1,model-facing/enriched-candidate-snapshots/ow14-s0175.json,4,4,True
442,ow14-1-r00442,deterministic_enriched,enriched,ow14-s0176,1,model-facing/enriched-candidate-snapshots/ow14-s0176.json,4,4,True
443,ow14-1-r00443,deterministic_enriched,enriched,ow14-s0177,1,model-facing/enriched-candidate-snapshots/ow14-s0177.json,4,4,True
444,ow14-1-r00444,deterministic_enriched,enriched,ow14-s0178,1,model-facing/enriched-candidate-snapshots/ow14-s0178.json,4,4,True
445,ow14-1-r00445,deterministic_enriched,enriched,ow14-s0179,1,model-facing/enriched-candidate-snapshots/ow14-s0179.json,4,4,True
446,ow14-1-r00446,deterministic_enriched,enriched,ow14-s0180,1,model-facing/enriched-candidate-snapshots/ow14-s0180.json,4,4,True
447,ow14-1-r00447,deterministic_enriched,enriched,ow14-s0181,1,model-facing/enriched-candidate-snapshots/ow14-s0181.json,4,4,True
448,ow14-1-r00448,deterministic_enriched,enriched,ow14-s0182,1,model-facing/enriched-candidate-snapshots/ow14-s0182.json,4,4,True
449,ow14-1-r00449,deterministic_enriched,enriched,ow14-s0183,1,model-facing/enriched-candidate-snapshots/ow14-s0183.json,4,4,True
450,ow14-1-r00450,deterministic_enriched,enriched,ow14-s0184,1,model-facing/enriched-candidate-snapshots/ow14-s0184.json,4,4,True
451,ow14-1-r00451,deterministic_enriched,enriched,ow14-s0185,1,model-facing/enriched-candidate-snapshots/ow14-s0185.json,4,4,True
452,ow14-1-r00452,deterministic_enriched,enriched,ow14-s0186,1,model-facing/enriched-candidate-snapshots/ow14-s0186.json,4,4,True
453,ow14-1-r00453,deterministic_enriched,enriched,ow14-s0187,1,model-facing/enriched-candidate-snapshots/ow14-s0187.json,4,4,True
454,ow14-1-r00454,deterministic_enriched,enriched,ow14-s0188,1,model-facing/enriched-candidate-snapshots/ow14-s0188.json,4,4,True
455,ow14-1-r00455,deterministic_enriched,enriched,ow14-s0189,1,model-facing/enriched-candidate-snapshots/ow14-s0189.json,4,4,True
456,ow14-1-r00456,deterministic_enriched,enriched,ow14-s0190,1,model-facing/enriched-candidate-snapshots/ow14-s0190.json,4,4,True
457,ow14-1-r00457,deterministic_enriched,enriched,ow14-s0191,1,model-facing/enriched-candidate-snapshots/ow14-s0191.json,4,4,True
458,ow14-1-r00458,deterministic_enriched,enriched,ow14-s0192,1,model-facing/enriched-candidate-snapshots/ow14-s0192.json,4,4,True
459,ow14-1-r00459,deterministic_enriched,enriched,ow14-s0193,1,model-facing/enriched-candidate-snapshots/ow14-s0193.json,4,4,True
460,ow14-1-r00460,deterministic_enriched,enriched,ow14-s0194,1,model-facing/enriched-candidate-snapshots/ow14-s0194.json,4,4,True
461,ow14-1-r00461,deterministic_enriched,enriched,ow14-s0195,1,model-facing/enriched-candidate-snapshots/ow14-s0195.json,4,4,True
462,ow14-1-r00462,deterministic_enriched,enriched,ow14-s0196,1,model-facing/enriched-candidate-snapshots/ow14-s0196.json,4,4,True
463,ow14-1-r00463,deterministic_enriched,enriched,ow14-s0197,1,model-facing/enriched-candidate-snapshots/ow14-s0197.json,4,4,True
464,ow14-1-r00464,deterministic_enriched,enriched,ow14-s0198,1,model-facing/enriched-candidate-snapshots/ow14-s0198.json,4,4,True
465,ow14-1-r00465,deterministic_enriched,enriched,ow14-s0199,1,model-facing/enriched-candidate-snapshots/ow14-s0199.json,4,4,True
466,ow14-1-r00466,deterministic_enriched,enriched,ow14-s0200,1,model-facing/enriched-candidate-snapshots/ow14-s0200.json,4,4,True
467,ow14-1-r00467,deterministic_enriched,enriched,ow14-s0201,1,model-facing/enriched-candidate-snapshots/ow14-s0201.json,4,4,True
468,ow14-1-r00468,deterministic_enriched,enriched,ow14-s0202,1,model-facing/enriched-candidate-snapshots/ow14-s0202.json,4,4,True
469,ow14-1-r00469,deterministic_enriched,enriched,ow14-s0203,1,model-facing/enriched-candidate-snapshots/ow14-s0203.json,4,4,True
470,ow14-1-r00470,deterministic_enriched,enriched,ow14-s0204,1,model-facing/enriched-candidate-snapshots/ow14-s0204.json,4,4,True
471,ow14-1-r00471,deterministic_enriched,enriched,ow14-s0205,1,model-facing/enriched-candidate-snapshots/ow14-s0205.json,4,4,True
472,ow14-1-r00472,deterministic_enriched,enriched,ow14-s0206,1,model-facing/enriched-candidate-snapshots/ow14-s0206.json,4,4,True
473,ow14-1-r00473,deterministic_enriched,enriched,ow14-s0207,1,model-facing/enriched-candidate-snapshots/ow14-s0207.json,4,4,True
474,ow14-1-r00474,deterministic_enriched,enriched,ow14-s0208,1,model-facing/enriched-candidate-snapshots/ow14-s0208.json,4,4,True
475,ow14-1-r00475,deterministic_enriched,enriched,ow14-s0209,1,model-facing/enriched-candidate-snapshots/ow14-s0209.json,4,4,True
476,ow14-1-r00476,deterministic_enriched,enriched,ow14-s0210,1,model-facing/enriched-candidate-snapshots/ow14-s0210.json,4,4,True
477,ow14-1-r00477,deterministic_enriched,enriched,ow14-s0211,1,model-facing/enriched-candidate-snapshots/ow14-s0211.json,4,4,True
478,ow14-1-r00478,deterministic_enriched,enriched,ow14-s0212,1,model-facing/enriched-candidate-snapshots/ow14-s0212.json,4,4,True
479,ow14-1-r00479,deterministic_enriched,enriched,ow14-s0213,1,model-facing/enriched-candidate-snapshots/ow14-s0213.json,4,4,True
480,ow14-1-r00480,deterministic_enriched,enriched,ow14-s0214,1,model-facing/enriched-candidate-snapshots/ow14-s0214.json,4,4,True
481,ow14-1-r00481,deterministic_enriched,enriched,ow14-s0215,1,model-facing/enriched-candidate-snapshots/ow14-s0215.json,4,4,True
482,ow14-1-r00482,deterministic_enriched,enriched,ow14-s0216,1,model-facing/enriched-candidate-snapshots/ow14-s0216.json,4,4,True
483,ow14-1-r00483,deterministic_enriched,enriched,ow14-s0217,1,model-facing/enriched-candidate-snapshots/ow14-s0217.json,4,4,True
484,ow14-1-r00484,deterministic_enriched,enriched,ow14-s0218,1,model-facing/enriched-candidate-snapshots/ow14-s0218.json,4,4,True
485,ow14-1-r00485,deterministic_enriched,enriched,ow14-s0219,1,model-facing/enriched-candidate-snapshots/ow14-s0219.json,4,4,True
486,ow14-1-r00486,deterministic_enriched,enriched,ow14-s0220,1,model-facing/enriched-candidate-snapshots/ow14-s0220.json,4,4,True
487,ow14-1-r00487,deterministic_enriched,enriched,ow14-s0221,1,model-facing/enriched-candidate-snapshots/ow14-s0221.json,4,4,True
488,ow14-1-r00488,deterministic_enriched,enriched,ow14-s0222,1,model-facing/enriched-candidate-snapshots/ow14-s0222.json,4,4,True
489,ow14-1-r00489,deterministic_enriched,enriched,ow14-s0223,1,model-facing/enriched-candidate-snapshots/ow14-s0223.json,4,4,True
490,ow14-1-r00490,deterministic_enriched,enriched,ow14-s0224,1,model-facing/enriched-candidate-snapshots/ow14-s0224.json,4,4,True
491,ow14-1-r00491,deterministic_enriched,enriched,ow14-s0225,1,model-facing/enriched-candidate-snapshots/ow14-s0225.json,4,4,True
492,ow14-1-r00492,deterministic_enriched,enriched,ow14-s0226,1,model-facing/enriched-candidate-snapshots/ow14-s0226.json,4,4,True
493,ow14-1-r00493,deterministic_enriched,enriched,ow14-s0227,1,model-facing/enriched-candidate-snapshots/ow14-s0227.json,4,4,True
494,ow14-1-r00494,deterministic_enriched,enriched,ow14-s0228,1,model-facing/enriched-candidate-snapshots/ow14-s0228.json,4,4,True
495,ow14-1-r00495,deterministic_enriched,enriched,ow14-s0229,1,model-facing/enriched-candidate-snapshots/ow14-s0229.json,4,4,True
496,ow14-1-r00496,deterministic_enriched,enriched,ow14-s0230,1,model-facing/enriched-candidate-snapshots/ow14-s0230.json,4,4,True
497,ow14-1-r00497,deterministic_enriched,enriched,ow14-s0231,1,model-facing/enriched-candidate-snapshots/ow14-s0231.json,4,4,True
498,ow14-1-r00498,deterministic_enriched,enriched,ow14-s0232,1,model-facing/enriched-candidate-snapshots/ow14-s0232.json,4,4,True
499,ow14-1-r00499,deterministic_enriched,enriched,ow14-s0233,1,model-facing/enriched-candidate-snapshots/ow14-s0233.json,4,4,True
500,ow14-1-r00500,deterministic_enriched,enriched,ow14-s0234,1,model-facing/enriched-candidate-snapshots/ow14-s0234.json,4,4,True
501,ow14-1-r00501,deterministic_enriched,enriched,ow14-s0235,1,model-facing/enriched-candidate-snapshots/ow14-s0235.json,4,4,True
502,ow14-1-r00502,deterministic_enriched,enriched,ow14-s0236,1,model-facing/enriched-candidate-snapshots/ow14-s0236.json,4,4,True
503,ow14-1-r00503,deterministic_enriched,enriched,ow14-s0237,1,model-facing/enriched-candidate-snapshots/ow14-s0237.json,4,4,True
504,ow14-1-r00504,deterministic_enriched,enriched,ow14-s0238,1,model-facing/enriched-candidate-snapshots/ow14-s0238.json,4,4,True
505,ow14-1-r00505,deterministic_enriched,enriched,ow14-s0239,1,model-facing/enriched-candidate-snapshots/ow14-s0239.json,4,4,True
506,ow14-1-r00506,deterministic_enriched,enriched,ow14-s0240,1,model-facing/enriched-candidate-snapshots/ow14-s0240.json,4,4,True
507,ow14-1-r00507,deterministic_enriched,enriched,ow14-s0241,1,model-facing/enriched-candidate-snapshots/ow14-s0241.json,4,4,True
508,ow14-1-r00508,deterministic_enriched,enriched,ow14-s0242,1,model-facing/enriched-candidate-snapshots/ow14-s0242.json,4,4,True
509,ow14-1-r00509,deterministic_enriched,enriched,ow14-s0243,1,model-facing/enriched-candidate-snapshots/ow14-s0243.json,4,4,True
510,ow14-1-r00510,deterministic_enriched,enriched,ow14-s0244,1,model-facing/enriched-candidate-snapshots/ow14-s0244.json,4,4,True
511,ow14-1-r00511,deterministic_enriched,enriched,ow14-s0245,1,model-facing/enriched-candidate-snapshots/ow14-s0245.json,4,4,True
512,ow14-1-r00512,deterministic_enriched,enriched,ow14-s0246,1,model-facing/enriched-candidate-snapshots/ow14-s0246.json,4,4,True
513,ow14-1-r00513,deterministic_enriched,enriched,ow14-s0247,1,model-facing/enriched-candidate-snapshots/ow14-s0247.json,4,4,True
514,ow14-1-r00514,deterministic_enriched,enriched,ow14-s0248,1,model-facing/enriched-candidate-snapshots/ow14-s0248.json,4,4,True
515,ow14-1-r00515,deterministic_enriched,enriched,ow14-s0249,1,model-facing/enriched-candidate-snapshots/ow14-s0249.json,4,4,True
516,ow14-1-r00516,deterministic_enriched,enriched,ow14-s0250,1,model-facing/enriched-candidate-snapshots/ow14-s0250.json,4,4,True
517,ow14-1-r00517,deterministic_enriched,enriched,ow14-s0251,1,model-facing/enriched-candidate-snapshots/ow14-s0251.json,4,4,True
518,ow14-1-r00518,deterministic_enriched,enriched,ow14-s0252,1,model-facing/enriched-candidate-snapshots/ow14-s0252.json,4,4,True
519,ow14-1-r00519,deterministic_enriched,enriched,ow14-s0253,1,model-facing/enriched-candidate-snapshots/ow14-s0253.json,4,4,True
520,ow14-1-r00520,deterministic_enriched,enriched,ow14-s0254,1,model-facing/enriched-candidate-snapshots/ow14-s0254.json,4,4,True
521,ow14-1-r00521,deterministic_enriched,enriched,ow14-s0255,1,model-facing/enriched-candidate-snapshots/ow14-s0255.json,4,4,True
522,ow14-1-r00522,deterministic_enriched,enriched,ow14-s0256,1,model-facing/enriched-candidate-snapshots/ow14-s0256.json,4,4,True
523,ow14-1-r00523,deterministic_enriched,enriched,ow14-s0257,1,model-facing/enriched-candidate-snapshots/ow14-s0257.json,4,4,True
524,ow14-1-r00524,deterministic_enriched,enriched,ow14-s0258,1,model-facing/enriched-candidate-snapshots/ow14-s0258.json,4,4,True
525,ow14-1-r00525,deterministic_enriched,enriched,ow14-s0259,1,model-facing/enriched-candidate-snapshots/ow14-s0259.json,4,4,True
526,ow14-1-r00526,deterministic_enriched,enriched,ow14-s0260,1,model-facing/enriched-candidate-snapshots/ow14-s0260.json,4,4,True
527,ow14-1-r00527,deterministic_enriched,enriched,ow14-s0261,1,model-facing/enriched-candidate-snapshots/ow14-s0261.json,4,4,True
528,ow14-1-r00528,deterministic_enriched,enriched,ow14-s0262,1,model-facing/enriched-candidate-snapshots/ow14-s0262.json,4,4,True
529,ow14-1-r00529,deterministic_enriched,enriched,ow14-s0263,1,model-facing/enriched-candidate-snapshots/ow14-s0263.json,4,4,True
530,ow14-1-r00530,deterministic_enriched,enriched,ow14-s0264,1,model-facing/enriched-candidate-snapshots/ow14-s0264.json,4,4,True
531,ow14-1-r00531,deterministic_enriched,enriched,ow14-s0265,1,model-facing/enriched-candidate-snapshots/ow14-s0265.json,4,4,True
532,ow14-1-r00532,deterministic_enriched,enriched,ow14-s0266,1,model-facing/enriched-candidate-snapshots/ow14-s0266.json,4,4,True
533,ow14-1-r00533,gpt_minimal,minimal,ow14-s0001,1,model-facing/minimal-candidate-snapshots/ow14-s0001.json,4,4,True
534,ow14-1-r00534,gpt_enriched,enriched,ow14-s0001,1,model-facing/enriched-candidate-snapshots/ow14-s0001.json,4,4,True
535,ow14-1-r00535,gpt_minimal,minimal,ow14-s0001,2,model-facing/minimal-candidate-snapshots/ow14-s0001.json,4,4,True
536,ow14-1-r00536,gpt_enriched,enriched,ow14-s0001,2,model-facing/enriched-candidate-snapshots/ow14-s0001.json,4,4,True
537,ow14-1-r00537,gpt_minimal,minimal,ow14-s0001,3,model-facing/minimal-candidate-snapshots/ow14-s0001.json,4,4,True
538,ow14-1-r00538,gpt_enriched,enriched,ow14-s0001,3,model-facing/enriched-candidate-snapshots/ow14-s0001.json,4,4,True
539,ow14-1-r00539,gpt_minimal,minimal,ow14-s0001,4,model-facing/minimal-candidate-snapshots/ow14-s0001.json,4,4,True
540,ow14-1-r00540,gpt_enriched,enriched,ow14-s0001,4,model-facing/enriched-candidate-snapshots/ow14-s0001.json,4,4,True
541,ow14-1-r00541,gpt_minimal,minimal,ow14-s0001,5,model-facing/minimal-candidate-snapshots/ow14-s0001.json,4,4,True
542,ow14-1-r00542,gpt_enriched,enriched,ow14-s0001,5,model-facing/enriched-candidate-snapshots/ow14-s0001.json,4,4,True
543,ow14-1-r00543,gpt_minimal,minimal,ow14-s0002,1,model-facing/minimal-candidate-snapshots/ow14-s0002.json,4,4,True
544,ow14-1-r00544,gpt_enriched,enriched,ow14-s0002,1,model-facing/enriched-candidate-snapshots/ow14-s0002.json,4,4,True
545,ow14-1-r00545,gpt_minimal,minimal,ow14-s0002,2,model-facing/minimal-candidate-snapshots/ow14-s0002.json,4,4,True
546,ow14-1-r00546,gpt_enriched,enriched,ow14-s0002,2,model-facing/enriched-candidate-snapshots/ow14-s0002.json,4,4,True
547,ow14-1-r00547,gpt_minimal,minimal,ow14-s0002,3,model-facing/minimal-candidate-snapshots/ow14-s0002.json,4,4,True
548,ow14-1-r00548,gpt_enriched,enriched,ow14-s0002,3,model-facing/enriched-candidate-snapshots/ow14-s0002.json,4,4,True
549,ow14-1-r00549,gpt_minimal,minimal,ow14-s0002,4,model-facing/minimal-candidate-snapshots/ow14-s0002.json,4,4,True
550,ow14-1-r00550,gpt_enriched,enriched,ow14-s0002,4,model-facing/enriched-candidate-snapshots/ow14-s0002.json,4,4,True
551,ow14-1-r00551,gpt_minimal,minimal,ow14-s0002,5,model-facing/minimal-candidate-snapshots/ow14-s0002.json,4,4,True
552,ow14-1-r00552,gpt_enriched,enriched,ow14-s0002,5,model-facing/enriched-candidate-snapshots/ow14-s0002.json,4,4,True
553,ow14-1-r00553,gpt_minimal,minimal,ow14-s0003,1,model-facing/minimal-candidate-snapshots/ow14-s0003.json,4,4,True
554,ow14-1-r00554,gpt_enriched,enriched,ow14-s0003,1,model-facing/enriched-candidate-snapshots/ow14-s0003.json,4,4,True
555,ow14-1-r00555,gpt_minimal,minimal,ow14-s0003,2,model-facing/minimal-candidate-snapshots/ow14-s0003.json,4,4,True
556,ow14-1-r00556,gpt_enriched,enriched,ow14-s0003,2,model-facing/enriched-candidate-snapshots/ow14-s0003.json,4,4,True
557,ow14-1-r00557,gpt_minimal,minimal,ow14-s0003,3,model-facing/minimal-candidate-snapshots/ow14-s0003.json,4,4,True
558,ow14-1-r00558,gpt_enriched,enriched,ow14-s0003,3,model-facing/enriched-candidate-snapshots/ow14-s0003.json,4,4,True
559,ow14-1-r00559,gpt_minimal,minimal,ow14-s0003,4,model-facing/minimal-candidate-snapshots/ow14-s0003.json,4,4,True
560,ow14-1-r00560,gpt_enriched,enriched,ow14-s0003,4,model-facing/enriched-candidate-snapshots/ow14-s0003.json,4,4,True
561,ow14-1-r00561,gpt_minimal,minimal,ow14-s0003,5,model-facing/minimal-candidate-snapshots/ow14-s0003.json,4,4,True
562,ow14-1-r00562,gpt_enriched,enriched,ow14-s0003,5,model-facing/enriched-candidate-snapshots/ow14-s0003.json,4,4,True
563,ow14-1-r00563,gpt_minimal,minimal,ow14-s0004,1,model-facing/minimal-candidate-snapshots/ow14-s0004.json,4,4,True
564,ow14-1-r00564,gpt_enriched,enriched,ow14-s0004,1,model-facing/enriched-candidate-snapshots/ow14-s0004.json,4,4,True
565,ow14-1-r00565,gpt_minimal,minimal,ow14-s0004,2,model-facing/minimal-candidate-snapshots/ow14-s0004.json,4,4,True
566,ow14-1-r00566,gpt_enriched,enriched,ow14-s0004,2,model-facing/enriched-candidate-snapshots/ow14-s0004.json,4,4,True
567,ow14-1-r00567,gpt_minimal,minimal,ow14-s0004,3,model-facing/minimal-candidate-snapshots/ow14-s0004.json,4,4,True
568,ow14-1-r00568,gpt_enriched,enriched,ow14-s0004,3,model-facing/enriched-candidate-snapshots/ow14-s0004.json,4,4,True
569,ow14-1-r00569,gpt_minimal,minimal,ow14-s0004,4,model-facing/minimal-candidate-snapshots/ow14-s0004.json,4,4,True
570,ow14-1-r00570,gpt_enriched,enriched,ow14-s0004,4,model-facing/enriched-candidate-snapshots/ow14-s0004.json,4,4,True
571,ow14-1-r00571,gpt_minimal,minimal,ow14-s0004,5,model-facing/minimal-candidate-snapshots/ow14-s0004.json,4,4,True
572,ow14-1-r00572,gpt_enriched,enriched,ow14-s0004,5,model-facing/enriched-candidate-snapshots/ow14-s0004.json,4,4,True
573,ow14-1-r00573,gpt_minimal,minimal,ow14-s0005,1,model-facing/minimal-candidate-snapshots/ow14-s0005.json,4,4,True
574,ow14-1-r00574,gpt_enriched,enriched,ow14-s0005,1,model-facing/enriched-candidate-snapshots/ow14-s0005.json,4,4,True
575,ow14-1-r00575,gpt_minimal,minimal,ow14-s0005,2,model-facing/minimal-candidate-snapshots/ow14-s0005.json,4,4,True
576,ow14-1-r00576,gpt_enriched,enriched,ow14-s0005,2,model-facing/enriched-candidate-snapshots/ow14-s0005.json,4,4,True
577,ow14-1-r00577,gpt_minimal,minimal,ow14-s0005,3,model-facing/minimal-candidate-snapshots/ow14-s0005.json,4,4,True
578,ow14-1-r00578,gpt_enriched,enriched,ow14-s0005,3,model-facing/enriched-candidate-snapshots/ow14-s0005.json,4,4,True
579,ow14-1-r00579,gpt_minimal,minimal,ow14-s0005,4,model-facing/minimal-candidate-snapshots/ow14-s0005.json,4,4,True
580,ow14-1-r00580,gpt_enriched,enriched,ow14-s0005,4,model-facing/enriched-candidate-snapshots/ow14-s0005.json,4,4,True
581,ow14-1-r00581,gpt_minimal,minimal,ow14-s0005,5,model-facing/minimal-candidate-snapshots/ow14-s0005.json,4,4,True
582,ow14-1-r00582,gpt_enriched,enriched,ow14-s0005,5,model-facing/enriched-candidate-snapshots/ow14-s0005.json,4,4,True
583,ow14-1-r00583,gpt_minimal,minimal,ow14-s0006,1,model-facing/minimal-candidate-snapshots/ow14-s0006.json,4,4,True
584,ow14-1-r00584,gpt_enriched,enriched,ow14-s0006,1,model-facing/enriched-candidate-snapshots/ow14-s0006.json,4,4,True
585,ow14-1-r00585,gpt_minimal,minimal,ow14-s0006,2,model-facing/minimal-candidate-snapshots/ow14-s0006.json,4,4,True
586,ow14-1-r00586,gpt_enriched,enriched,ow14-s0006,2,model-facing/enriched-candidate-snapshots/ow14-s0006.json,4,4,True
587,ow14-1-r00587,gpt_minimal,minimal,ow14-s0006,3,model-facing/minimal-candidate-snapshots/ow14-s0006.json,4,4,True
588,ow14-1-r00588,gpt_enriched,enriched,ow14-s0006,3,model-facing/enriched-candidate-snapshots/ow14-s0006.json,4,4,True
589,ow14-1-r00589,gpt_minimal,minimal,ow14-s0006,4,model-facing/minimal-candidate-snapshots/ow14-s0006.json,4,4,True
590,ow14-1-r00590,gpt_enriched,enriched,ow14-s0006,4,model-facing/enriched-candidate-snapshots/ow14-s0006.json,4,4,True
591,ow14-1-r00591,gpt_minimal,minimal,ow14-s0006,5,model-facing/minimal-candidate-snapshots/ow14-s0006.json,4,4,True
592,ow14-1-r00592,gpt_enriched,enriched,ow14-s0006,5,model-facing/enriched-candidate-snapshots/ow14-s0006.json,4,4,True
593,ow14-1-r00593,gpt_minimal,minimal,ow14-s0007,1,model-facing/minimal-candidate-snapshots/ow14-s0007.json,4,4,True
594,ow14-1-r00594,gpt_enriched,enriched,ow14-s0007,1,model-facing/enriched-candidate-snapshots/ow14-s0007.json,4,4,True
595,ow14-1-r00595,gpt_minimal,minimal,ow14-s0007,2,model-facing/minimal-candidate-snapshots/ow14-s0007.json,4,4,True
596,ow14-1-r00596,gpt_enriched,enriched,ow14-s0007,2,model-facing/enriched-candidate-snapshots/ow14-s0007.json,4,4,True
597,ow14-1-r00597,gpt_minimal,minimal,ow14-s0007,3,model-facing/minimal-candidate-snapshots/ow14-s0007.json,4,4,True
598,ow14-1-r00598,gpt_enriched,enriched,ow14-s0007,3,model-facing/enriched-candidate-snapshots/ow14-s0007.json,4,4,True
599,ow14-1-r00599,gpt_minimal,minimal,ow14-s0007,4,model-facing/minimal-candidate-snapshots/ow14-s0007.json,4,4,True
600,ow14-1-r00600,gpt_enriched,enriched,ow14-s0007,4,model-facing/enriched-candidate-snapshots/ow14-s0007.json,4,4,True
601,ow14-1-r00601,gpt_minimal,minimal,ow14-s0007,5,model-facing/minimal-candidate-snapshots/ow14-s0007.json,4,4,True
602,ow14-1-r00602,gpt_enriched,enriched,ow14-s0007,5,model-facing/enriched-candidate-snapshots/ow14-s0007.json,4,4,True
603,ow14-1-r00603,gpt_minimal,minimal,ow14-s0008,1,model-facing/minimal-candidate-snapshots/ow14-s0008.json,4,4,True
604,ow14-1-r00604,gpt_enriched,enriched,ow14-s0008,1,model-facing/enriched-candidate-snapshots/ow14-s0008.json,4,4,True
605,ow14-1-r00605,gpt_minimal,minimal,ow14-s0008,2,model-facing/minimal-candidate-snapshots/ow14-s0008.json,4,4,True
606,ow14-1-r00606,gpt_enriched,enriched,ow14-s0008,2,model-facing/enriched-candidate-snapshots/ow14-s0008.json,4,4,True
607,ow14-1-r00607,gpt_minimal,minimal,ow14-s0008,3,model-facing/minimal-candidate-snapshots/ow14-s0008.json,4,4,True
608,ow14-1-r00608,gpt_enriched,enriched,ow14-s0008,3,model-facing/enriched-candidate-snapshots/ow14-s0008.json,4,4,True
609,ow14-1-r00609,gpt_minimal,minimal,ow14-s0008,4,model-facing/minimal-candidate-snapshots/ow14-s0008.json,4,4,True
610,ow14-1-r00610,gpt_enriched,enriched,ow14-s0008,4,model-facing/enriched-candidate-snapshots/ow14-s0008.json,4,4,True
611,ow14-1-r00611,gpt_minimal,minimal,ow14-s0008,5,model-facing/minimal-candidate-snapshots/ow14-s0008.json,4,4,True
612,ow14-1-r00612,gpt_enriched,enriched,ow14-s0008,5,model-facing/enriched-candidate-snapshots/ow14-s0008.json,4,4,True
613,ow14-1-r00613,gpt_minimal,minimal,ow14-s0009,1,model-facing/minimal-candidate-snapshots/ow14-s0009.json,4,4,True
614,ow14-1-r00614,gpt_enriched,enriched,ow14-s0009,1,model-facing/enriched-candidate-snapshots/ow14-s0009.json,4,4,True
615,ow14-1-r00615,gpt_minimal,minimal,ow14-s0009,2,model-facing/minimal-candidate-snapshots/ow14-s0009.json,4,4,True
616,ow14-1-r00616,gpt_enriched,enriched,ow14-s0009,2,model-facing/enriched-candidate-snapshots/ow14-s0009.json,4,4,True
617,ow14-1-r00617,gpt_minimal,minimal,ow14-s0009,3,model-facing/minimal-candidate-snapshots/ow14-s0009.json,4,4,True
618,ow14-1-r00618,gpt_enriched,enriched,ow14-s0009,3,model-facing/enriched-candidate-snapshots/ow14-s0009.json,4,4,True
619,ow14-1-r00619,gpt_minimal,minimal,ow14-s0009,4,model-facing/minimal-candidate-snapshots/ow14-s0009.json,4,4,True
620,ow14-1-r00620,gpt_enriched,enriched,ow14-s0009,4,model-facing/enriched-candidate-snapshots/ow14-s0009.json,4,4,True
621,ow14-1-r00621,gpt_minimal,minimal,ow14-s0009,5,model-facing/minimal-candidate-snapshots/ow14-s0009.json,4,4,True
622,ow14-1-r00622,gpt_enriched,enriched,ow14-s0009,5,model-facing/enriched-candidate-snapshots/ow14-s0009.json,4,4,True
623,ow14-1-r00623,gpt_minimal,minimal,ow14-s0010,1,model-facing/minimal-candidate-snapshots/ow14-s0010.json,4,4,True
624,ow14-1-r00624,gpt_enriched,enriched,ow14-s0010,1,model-facing/enriched-candidate-snapshots/ow14-s0010.json,4,4,True
625,ow14-1-r00625,gpt_minimal,minimal,ow14-s0010,2,model-facing/minimal-candidate-snapshots/ow14-s0010.json,4,4,True
626,ow14-1-r00626,gpt_enriched,enriched,ow14-s0010,2,model-facing/enriched-candidate-snapshots/ow14-s0010.json,4,4,True
627,ow14-1-r00627,gpt_minimal,minimal,ow14-s0010,3,model-facing/minimal-candidate-snapshots/ow14-s0010.json,4,4,True
628,ow14-1-r00628,gpt_enriched,enriched,ow14-s0010,3,model-facing/enriched-candidate-snapshots/ow14-s0010.json,4,4,True
629,ow14-1-r00629,gpt_minimal,minimal,ow14-s0010,4,model-facing/minimal-candidate-snapshots/ow14-s0010.json,4,4,True
630,ow14-1-r00630,gpt_enriched,enriched,ow14-s0010,4,model-facing/enriched-candidate-snapshots/ow14-s0010.json,4,4,True
631,ow14-1-r00631,gpt_minimal,minimal,ow14-s0010,5,model-facing/minimal-candidate-snapshots/ow14-s0010.json,4,4,True
632,ow14-1-r00632,gpt_enriched,enriched,ow14-s0010,5,model-facing/enriched-candidate-snapshots/ow14-s0010.json,4,4,True
633,ow14-1-r00633,gpt_minimal,minimal,ow14-s0011,1,model-facing/minimal-candidate-snapshots/ow14-s0011.json,4,4,True
634,ow14-1-r00634,gpt_enriched,enriched,ow14-s0011,1,model-facing/enriched-candidate-snapshots/ow14-s0011.json,4,4,True
635,ow14-1-r00635,gpt_minimal,minimal,ow14-s0011,2,model-facing/minimal-candidate-snapshots/ow14-s0011.json,4,4,True
636,ow14-1-r00636,gpt_enriched,enriched,ow14-s0011,2,model-facing/enriched-candidate-snapshots/ow14-s0011.json,4,4,True
637,ow14-1-r00637,gpt_minimal,minimal,ow14-s0011,3,model-facing/minimal-candidate-snapshots/ow14-s0011.json,4,4,True
638,ow14-1-r00638,gpt_enriched,enriched,ow14-s0011,3,model-facing/enriched-candidate-snapshots/ow14-s0011.json,4,4,True
639,ow14-1-r00639,gpt_minimal,minimal,ow14-s0011,4,model-facing/minimal-candidate-snapshots/ow14-s0011.json,4,4,True
640,ow14-1-r00640,gpt_enriched,enriched,ow14-s0011,4,model-facing/enriched-candidate-snapshots/ow14-s0011.json,4,4,True
641,ow14-1-r00641,gpt_minimal,minimal,ow14-s0011,5,model-facing/minimal-candidate-snapshots/ow14-s0011.json,4,4,True
642,ow14-1-r00642,gpt_enriched,enriched,ow14-s0011,5,model-facing/enriched-candidate-snapshots/ow14-s0011.json,4,4,True
643,ow14-1-r00643,gpt_minimal,minimal,ow14-s0012,1,model-facing/minimal-candidate-snapshots/ow14-s0012.json,4,4,True
644,ow14-1-r00644,gpt_enriched,enriched,ow14-s0012,1,model-facing/enriched-candidate-snapshots/ow14-s0012.json,4,4,True
645,ow14-1-r00645,gpt_minimal,minimal,ow14-s0012,2,model-facing/minimal-candidate-snapshots/ow14-s0012.json,4,4,True
646,ow14-1-r00646,gpt_enriched,enriched,ow14-s0012,2,model-facing/enriched-candidate-snapshots/ow14-s0012.json,4,4,True
647,ow14-1-r00647,gpt_minimal,minimal,ow14-s0012,3,model-facing/minimal-candidate-snapshots/ow14-s0012.json,4,4,True
648,ow14-1-r00648,gpt_enriched,enriched,ow14-s0012,3,model-facing/enriched-candidate-snapshots/ow14-s0012.json,4,4,True
649,ow14-1-r00649,gpt_minimal,minimal,ow14-s0012,4,model-facing/minimal-candidate-snapshots/ow14-s0012.json,4,4,True
650,ow14-1-r00650,gpt_enriched,enriched,ow14-s0012,4,model-facing/enriched-candidate-snapshots/ow14-s0012.json,4,4,True
651,ow14-1-r00651,gpt_minimal,minimal,ow14-s0012,5,model-facing/minimal-candidate-snapshots/ow14-s0012.json,4,4,True
652,ow14-1-r00652,gpt_enriched,enriched,ow14-s0012,5,model-facing/enriched-candidate-snapshots/ow14-s0012.json,4,4,True
653,ow14-1-r00653,gpt_minimal,minimal,ow14-s0013,1,model-facing/minimal-candidate-snapshots/ow14-s0013.json,4,4,True
654,ow14-1-r00654,gpt_enriched,enriched,ow14-s0013,1,model-facing/enriched-candidate-snapshots/ow14-s0013.json,4,4,True
655,ow14-1-r00655,gpt_minimal,minimal,ow14-s0013,2,model-facing/minimal-candidate-snapshots/ow14-s0013.json,4,4,True
656,ow14-1-r00656,gpt_enriched,enriched,ow14-s0013,2,model-facing/enriched-candidate-snapshots/ow14-s0013.json,4,4,True
657,ow14-1-r00657,gpt_minimal,minimal,ow14-s0013,3,model-facing/minimal-candidate-snapshots/ow14-s0013.json,4,4,True
658,ow14-1-r00658,gpt_enriched,enriched,ow14-s0013,3,model-facing/enriched-candidate-snapshots/ow14-s0013.json,4,4,True
659,ow14-1-r00659,gpt_minimal,minimal,ow14-s0013,4,model-facing/minimal-candidate-snapshots/ow14-s0013.json,4,4,True
660,ow14-1-r00660,gpt_enriched,enriched,ow14-s0013,4,model-facing/enriched-candidate-snapshots/ow14-s0013.json,4,4,True
661,ow14-1-r00661,gpt_minimal,minimal,ow14-s0013,5,model-facing/minimal-candidate-snapshots/ow14-s0013.json,4,4,True
662,ow14-1-r00662,gpt_enriched,enriched,ow14-s0013,5,model-facing/enriched-candidate-snapshots/ow14-s0013.json,4,4,True
663,ow14-1-r00663,gpt_minimal,minimal,ow14-s0014,1,model-facing/minimal-candidate-snapshots/ow14-s0014.json,4,4,True
664,ow14-1-r00664,gpt_enriched,enriched,ow14-s0014,1,model-facing/enriched-candidate-snapshots/ow14-s0014.json,4,4,True
665,ow14-1-r00665,gpt_minimal,minimal,ow14-s0014,2,model-facing/minimal-candidate-snapshots/ow14-s0014.json,4,4,True
666,ow14-1-r00666,gpt_enriched,enriched,ow14-s0014,2,model-facing/enriched-candidate-snapshots/ow14-s0014.json,4,4,True
667,ow14-1-r00667,gpt_minimal,minimal,ow14-s0014,3,model-facing/minimal-candidate-snapshots/ow14-s0014.json,4,4,True
668,ow14-1-r00668,gpt_enriched,enriched,ow14-s0014,3,model-facing/enriched-candidate-snapshots/ow14-s0014.json,4,4,True
669,ow14-1-r00669,gpt_minimal,minimal,ow14-s0014,4,model-facing/minimal-candidate-snapshots/ow14-s0014.json,4,4,True
670,ow14-1-r00670,gpt_enriched,enriched,ow14-s0014,4,model-facing/enriched-candidate-snapshots/ow14-s0014.json,4,4,True
671,ow14-1-r00671,gpt_minimal,minimal,ow14-s0014,5,model-facing/minimal-candidate-snapshots/ow14-s0014.json,4,4,True
672,ow14-1-r00672,gpt_enriched,enriched,ow14-s0014,5,model-facing/enriched-candidate-snapshots/ow14-s0014.json,4,4,True
673,ow14-1-r00673,gpt_minimal,minimal,ow14-s0015,1,model-facing/minimal-candidate-snapshots/ow14-s0015.json,4,4,True
674,ow14-1-r00674,gpt_enriched,enriched,ow14-s0015,1,model-facing/enriched-candidate-snapshots/ow14-s0015.json,4,4,True
675,ow14-1-r00675,gpt_minimal,minimal,ow14-s0015,2,model-facing/minimal-candidate-snapshots/ow14-s0015.json,4,4,True
676,ow14-1-r00676,gpt_enriched,enriched,ow14-s0015,2,model-facing/enriched-candidate-snapshots/ow14-s0015.json,4,4,True
677,ow14-1-r00677,gpt_minimal,minimal,ow14-s0015,3,model-facing/minimal-candidate-snapshots/ow14-s0015.json,4,4,True
678,ow14-1-r00678,gpt_enriched,enriched,ow14-s0015,3,model-facing/enriched-candidate-snapshots/ow14-s0015.json,4,4,True
679,ow14-1-r00679,gpt_minimal,minimal,ow14-s0015,4,model-facing/minimal-candidate-snapshots/ow14-s0015.json,4,4,True
680,ow14-1-r00680,gpt_enriched,enriched,ow14-s0015,4,model-facing/enriched-candidate-snapshots/ow14-s0015.json,4,4,True
681,ow14-1-r00681,gpt_minimal,minimal,ow14-s0015,5,model-facing/minimal-candidate-snapshots/ow14-s0015.json,4,4,True
682,ow14-1-r00682,gpt_enriched,enriched,ow14-s0015,5,model-facing/enriched-candidate-snapshots/ow14-s0015.json,4,4,True
683,ow14-1-r00683,gpt_minimal,minimal,ow14-s0016,1,model-facing/minimal-candidate-snapshots/ow14-s0016.json,4,4,True
684,ow14-1-r00684,gpt_enriched,enriched,ow14-s0016,1,model-facing/enriched-candidate-snapshots/ow14-s0016.json,4,4,True
685,ow14-1-r00685,gpt_minimal,minimal,ow14-s0016,2,model-facing/minimal-candidate-snapshots/ow14-s0016.json,4,4,True
686,ow14-1-r00686,gpt_enriched,enriched,ow14-s0016,2,model-facing/enriched-candidate-snapshots/ow14-s0016.json,4,4,True
687,ow14-1-r00687,gpt_minimal,minimal,ow14-s0016,3,model-facing/minimal-candidate-snapshots/ow14-s0016.json,4,4,True
688,ow14-1-r00688,gpt_enriched,enriched,ow14-s0016,3,model-facing/enriched-candidate-snapshots/ow14-s0016.json,4,4,True
689,ow14-1-r00689,gpt_minimal,minimal,ow14-s0016,4,model-facing/minimal-candidate-snapshots/ow14-s0016.json,4,4,True
690,ow14-1-r00690,gpt_enriched,enriched,ow14-s0016,4,model-facing/enriched-candidate-snapshots/ow14-s0016.json,4,4,True
691,ow14-1-r00691,gpt_minimal,minimal,ow14-s0016,5,model-facing/minimal-candidate-snapshots/ow14-s0016.json,4,4,True
692,ow14-1-r00692,gpt_enriched,enriched,ow14-s0016,5,model-facing/enriched-candidate-snapshots/ow14-s0016.json,4,4,True
693,ow14-1-r00693,gpt_minimal,minimal,ow14-s0017,1,model-facing/minimal-candidate-snapshots/ow14-s0017.json,4,4,True
694,ow14-1-r00694,gpt_enriched,enriched,ow14-s0017,1,model-facing/enriched-candidate-snapshots/ow14-s0017.json,4,4,True
695,ow14-1-r00695,gpt_minimal,minimal,ow14-s0017,2,model-facing/minimal-candidate-snapshots/ow14-s0017.json,4,4,True
696,ow14-1-r00696,gpt_enriched,enriched,ow14-s0017,2,model-facing/enriched-candidate-snapshots/ow14-s0017.json,4,4,True
697,ow14-1-r00697,gpt_minimal,minimal,ow14-s0017,3,model-facing/minimal-candidate-snapshots/ow14-s0017.json,4,4,True
698,ow14-1-r00698,gpt_enriched,enriched,ow14-s0017,3,model-facing/enriched-candidate-snapshots/ow14-s0017.json,4,4,True
699,ow14-1-r00699,gpt_minimal,minimal,ow14-s0017,4,model-facing/minimal-candidate-snapshots/ow14-s0017.json,4,4,True
700,ow14-1-r00700,gpt_enriched,enriched,ow14-s0017,4,model-facing/enriched-candidate-snapshots/ow14-s0017.json,4,4,True
701,ow14-1-r00701,gpt_minimal,minimal,ow14-s0017,5,model-facing/minimal-candidate-snapshots/ow14-s0017.json,4,4,True
702,ow14-1-r00702,gpt_enriched,enriched,ow14-s0017,5,model-facing/enriched-candidate-snapshots/ow14-s0017.json,4,4,True
703,ow14-1-r00703,gpt_minimal,minimal,ow14-s0018,1,model-facing/minimal-candidate-snapshots/ow14-s0018.json,4,4,True
704,ow14-1-r00704,gpt_enriched,enriched,ow14-s0018,1,model-facing/enriched-candidate-snapshots/ow14-s0018.json,4,4,True
705,ow14-1-r00705,gpt_minimal,minimal,ow14-s0018,2,model-facing/minimal-candidate-snapshots/ow14-s0018.json,4,4,True
706,ow14-1-r00706,gpt_enriched,enriched,ow14-s0018,2,model-facing/enriched-candidate-snapshots/ow14-s0018.json,4,4,True
707,ow14-1-r00707,gpt_minimal,minimal,ow14-s0018,3,model-facing/minimal-candidate-snapshots/ow14-s0018.json,4,4,True
708,ow14-1-r00708,gpt_enriched,enriched,ow14-s0018,3,model-facing/enriched-candidate-snapshots/ow14-s0018.json,4,4,True
709,ow14-1-r00709,gpt_minimal,minimal,ow14-s0018,4,model-facing/minimal-candidate-snapshots/ow14-s0018.json,4,4,True
710,ow14-1-r00710,gpt_enriched,enriched,ow14-s0018,4,model-facing/enriched-candidate-snapshots/ow14-s0018.json,4,4,True
711,ow14-1-r00711,gpt_minimal,minimal,ow14-s0018,5,model-facing/minimal-candidate-snapshots/ow14-s0018.json,4,4,True
712,ow14-1-r00712,gpt_enriched,enriched,ow14-s0018,5,model-facing/enriched-candidate-snapshots/ow14-s0018.json,4,4,True
713,ow14-1-r00713,gpt_minimal,minimal,ow14-s0019,1,model-facing/minimal-candidate-snapshots/ow14-s0019.json,4,4,True
714,ow14-1-r00714,gpt_enriched,enriched,ow14-s0019,1,model-facing/enriched-candidate-snapshots/ow14-s0019.json,4,4,True
715,ow14-1-r00715,gpt_minimal,minimal,ow14-s0019,2,model-facing/minimal-candidate-snapshots/ow14-s0019.json,4,4,True
716,ow14-1-r00716,gpt_enriched,enriched,ow14-s0019,2,model-facing/enriched-candidate-snapshots/ow14-s0019.json,4,4,True
717,ow14-1-r00717,gpt_minimal,minimal,ow14-s0019,3,model-facing/minimal-candidate-snapshots/ow14-s0019.json,4,4,True
718,ow14-1-r00718,gpt_enriched,enriched,ow14-s0019,3,model-facing/enriched-candidate-snapshots/ow14-s0019.json,4,4,True
719,ow14-1-r00719,gpt_minimal,minimal,ow14-s0019,4,model-facing/minimal-candidate-snapshots/ow14-s0019.json,4,4,True
720,ow14-1-r00720,gpt_enriched,enriched,ow14-s0019,4,model-facing/enriched-candidate-snapshots/ow14-s0019.json,4,4,True
721,ow14-1-r00721,gpt_minimal,minimal,ow14-s0019,5,model-facing/minimal-candidate-snapshots/ow14-s0019.json,4,4,True
722,ow14-1-r00722,gpt_enriched,enriched,ow14-s0019,5,model-facing/enriched-candidate-snapshots/ow14-s0019.json,4,4,True
723,ow14-1-r00723,gpt_minimal,minimal,ow14-s0020,1,model-facing/minimal-candidate-snapshots/ow14-s0020.json,4,4,True
724,ow14-1-r00724,gpt_enriched,enriched,ow14-s0020,1,model-facing/enriched-candidate-snapshots/ow14-s0020.json,4,4,True
725,ow14-1-r00725,gpt_minimal,minimal,ow14-s0020,2,model-facing/minimal-candidate-snapshots/ow14-s0020.json,4,4,True
726,ow14-1-r00726,gpt_enriched,enriched,ow14-s0020,2,model-facing/enriched-candidate-snapshots/ow14-s0020.json,4,4,True
727,ow14-1-r00727,gpt_minimal,minimal,ow14-s0020,3,model-facing/minimal-candidate-snapshots/ow14-s0020.json,4,4,True
728,ow14-1-r00728,gpt_enriched,enriched,ow14-s0020,3,model-facing/enriched-candidate-snapshots/ow14-s0020.json,4,4,True
729,ow14-1-r00729,gpt_minimal,minimal,ow14-s0020,4,model-facing/minimal-candidate-snapshots/ow14-s0020.json,4,4,True
730,ow14-1-r00730,gpt_enriched,enriched,ow14-s0020,4,model-facing/enriched-candidate-snapshots/ow14-s0020.json,4,4,True
731,ow14-1-r00731,gpt_minimal,minimal,ow14-s0020,5,model-facing/minimal-candidate-snapshots/ow14-s0020.json,4,4,True
732,ow14-1-r00732,gpt_enriched,enriched,ow14-s0020,5,model-facing/enriched-candidate-snapshots/ow14-s0020.json,4,4,True
733,ow14-1-r00733,gpt_minimal,minimal,ow14-s0021,1,model-facing/minimal-candidate-snapshots/ow14-s0021.json,4,4,True
734,ow14-1-r00734,gpt_enriched,enriched,ow14-s0021,1,model-facing/enriched-candidate-snapshots/ow14-s0021.json,4,4,True
735,ow14-1-r00735,gpt_minimal,minimal,ow14-s0021,2,model-facing/minimal-candidate-snapshots/ow14-s0021.json,4,4,True
736,ow14-1-r00736,gpt_enriched,enriched,ow14-s0021,2,model-facing/enriched-candidate-snapshots/ow14-s0021.json,4,4,True
737,ow14-1-r00737,gpt_minimal,minimal,ow14-s0021,3,model-facing/minimal-candidate-snapshots/ow14-s0021.json,4,4,True
738,ow14-1-r00738,gpt_enriched,enriched,ow14-s0021,3,model-facing/enriched-candidate-snapshots/ow14-s0021.json,4,4,True
739,ow14-1-r00739,gpt_minimal,minimal,ow14-s0021,4,model-facing/minimal-candidate-snapshots/ow14-s0021.json,4,4,True
740,ow14-1-r00740,gpt_enriched,enriched,ow14-s0021,4,model-facing/enriched-candidate-snapshots/ow14-s0021.json,4,4,True
741,ow14-1-r00741,gpt_minimal,minimal,ow14-s0021,5,model-facing/minimal-candidate-snapshots/ow14-s0021.json,4,4,True
742,ow14-1-r00742,gpt_enriched,enriched,ow14-s0021,5,model-facing/enriched-candidate-snapshots/ow14-s0021.json,4,4,True
743,ow14-1-r00743,gpt_minimal,minimal,ow14-s0022,1,model-facing/minimal-candidate-snapshots/ow14-s0022.json,4,4,True
744,ow14-1-r00744,gpt_enriched,enriched,ow14-s0022,1,model-facing/enriched-candidate-snapshots/ow14-s0022.json,4,4,True
745,ow14-1-r00745,gpt_minimal,minimal,ow14-s0022,2,model-facing/minimal-candidate-snapshots/ow14-s0022.json,4,4,True
746,ow14-1-r00746,gpt_enriched,enriched,ow14-s0022,2,model-facing/enriched-candidate-snapshots/ow14-s0022.json,4,4,True
747,ow14-1-r00747,gpt_minimal,minimal,ow14-s0022,3,model-facing/minimal-candidate-snapshots/ow14-s0022.json,4,4,True
748,ow14-1-r00748,gpt_enriched,enriched,ow14-s0022,3,model-facing/enriched-candidate-snapshots/ow14-s0022.json,4,4,True
749,ow14-1-r00749,gpt_minimal,minimal,ow14-s0022,4,model-facing/minimal-candidate-snapshots/ow14-s0022.json,4,4,True
750,ow14-1-r00750,gpt_enriched,enriched,ow14-s0022,4,model-facing/enriched-candidate-snapshots/ow14-s0022.json,4,4,True
751,ow14-1-r00751,gpt_minimal,minimal,ow14-s0022,5,model-facing/minimal-candidate-snapshots/ow14-s0022.json,4,4,True
752,ow14-1-r00752,gpt_enriched,enriched,ow14-s0022,5,model-facing/enriched-candidate-snapshots/ow14-s0022.json,4,4,True
753,ow14-1-r00753,gpt_minimal,minimal,ow14-s0023,1,model-facing/minimal-candidate-snapshots/ow14-s0023.json,4,4,True
754,ow14-1-r00754,gpt_enriched,enriched,ow14-s0023,1,model-facing/enriched-candidate-snapshots/ow14-s0023.json,4,4,True
755,ow14-1-r00755,gpt_minimal,minimal,ow14-s0023,2,model-facing/minimal-candidate-snapshots/ow14-s0023.json,4,4,True
756,ow14-1-r00756,gpt_enriched,enriched,ow14-s0023,2,model-facing/enriched-candidate-snapshots/ow14-s0023.json,4,4,True
757,ow14-1-r00757,gpt_minimal,minimal,ow14-s0023,3,model-facing/minimal-candidate-snapshots/ow14-s0023.json,4,4,True
758,ow14-1-r00758,gpt_enriched,enriched,ow14-s0023,3,model-facing/enriched-candidate-snapshots/ow14-s0023.json,4,4,True
759,ow14-1-r00759,gpt_minimal,minimal,ow14-s0023,4,model-facing/minimal-candidate-snapshots/ow14-s0023.json,4,4,True
760,ow14-1-r00760,gpt_enriched,enriched,ow14-s0023,4,model-facing/enriched-candidate-snapshots/ow14-s0023.json,4,4,True
761,ow14-1-r00761,gpt_minimal,minimal,ow14-s0023,5,model-facing/minimal-candidate-snapshots/ow14-s0023.json,4,4,True
762,ow14-1-r00762,gpt_enriched,enriched,ow14-s0023,5,model-facing/enriched-candidate-snapshots/ow14-s0023.json,4,4,True
763,ow14-1-r00763,gpt_minimal,minimal,ow14-s0024,1,model-facing/minimal-candidate-snapshots/ow14-s0024.json,4,4,True
764,ow14-1-r00764,gpt_enriched,enriched,ow14-s0024,1,model-facing/enriched-candidate-snapshots/ow14-s0024.json,4,4,True
765,ow14-1-r00765,gpt_minimal,minimal,ow14-s0024,2,model-facing/minimal-candidate-snapshots/ow14-s0024.json,4,4,True
766,ow14-1-r00766,gpt_enriched,enriched,ow14-s0024,2,model-facing/enriched-candidate-snapshots/ow14-s0024.json,4,4,True
767,ow14-1-r00767,gpt_minimal,minimal,ow14-s0024,3,model-facing/minimal-candidate-snapshots/ow14-s0024.json,4,4,True
768,ow14-1-r00768,gpt_enriched,enriched,ow14-s0024,3,model-facing/enriched-candidate-snapshots/ow14-s0024.json,4,4,True
769,ow14-1-r00769,gpt_minimal,minimal,ow14-s0024,4,model-facing/minimal-candidate-snapshots/ow14-s0024.json,4,4,True
770,ow14-1-r00770,gpt_enriched,enriched,ow14-s0024,4,model-facing/enriched-candidate-snapshots/ow14-s0024.json,4,4,True
771,ow14-1-r00771,gpt_minimal,minimal,ow14-s0024,5,model-facing/minimal-candidate-snapshots/ow14-s0024.json,4,4,True
772,ow14-1-r00772,gpt_enriched,enriched,ow14-s0024,5,model-facing/enriched-candidate-snapshots/ow14-s0024.json,4,4,True
773,ow14-1-r00773,gpt_minimal,minimal,ow14-s0025,1,model-facing/minimal-candidate-snapshots/ow14-s0025.json,4,4,True
774,ow14-1-r00774,gpt_enriched,enriched,ow14-s0025,1,model-facing/enriched-candidate-snapshots/ow14-s0025.json,4,4,True
775,ow14-1-r00775,gpt_minimal,minimal,ow14-s0025,2,model-facing/minimal-candidate-snapshots/ow14-s0025.json,4,4,True
776,ow14-1-r00776,gpt_enriched,enriched,ow14-s0025,2,model-facing/enriched-candidate-snapshots/ow14-s0025.json,4,4,True
777,ow14-1-r00777,gpt_minimal,minimal,ow14-s0025,3,model-facing/minimal-candidate-snapshots/ow14-s0025.json,4,4,True
778,ow14-1-r00778,gpt_enriched,enriched,ow14-s0025,3,model-facing/enriched-candidate-snapshots/ow14-s0025.json,4,4,True
779,ow14-1-r00779,gpt_minimal,minimal,ow14-s0025,4,model-facing/minimal-candidate-snapshots/ow14-s0025.json,4,4,True
780,ow14-1-r00780,gpt_enriched,enriched,ow14-s0025,4,model-facing/enriched-candidate-snapshots/ow14-s0025.json,4,4,True
781,ow14-1-r00781,gpt_minimal,minimal,ow14-s0025,5,model-facing/minimal-candidate-snapshots/ow14-s0025.json,4,4,True
782,ow14-1-r00782,gpt_enriched,enriched,ow14-s0025,5,model-facing/enriched-candidate-snapshots/ow14-s0025.json,4,4,True
783,ow14-1-r00783,gpt_minimal,minimal,ow14-s0026,1,model-facing/minimal-candidate-snapshots/ow14-s0026.json,4,4,True
784,ow14-1-r00784,gpt_enriched,enriched,ow14-s0026,1,model-facing/enriched-candidate-snapshots/ow14-s0026.json,4,4,True
785,ow14-1-r00785,gpt_minimal,minimal,ow14-s0026,2,model-facing/minimal-candidate-snapshots/ow14-s0026.json,4,4,True
786,ow14-1-r00786,gpt_enriched,enriched,ow14-s0026,2,model-facing/enriched-candidate-snapshots/ow14-s0026.json,4,4,True
787,ow14-1-r00787,gpt_minimal,minimal,ow14-s0026,3,model-facing/minimal-candidate-snapshots/ow14-s0026.json,4,4,True
788,ow14-1-r00788,gpt_enriched,enriched,ow14-s0026,3,model-facing/enriched-candidate-snapshots/ow14-s0026.json,4,4,True
789,ow14-1-r00789,gpt_minimal,minimal,ow14-s0026,4,model-facing/minimal-candidate-snapshots/ow14-s0026.json,4,4,True
790,ow14-1-r00790,gpt_enriched,enriched,ow14-s0026,4,model-facing/enriched-candidate-snapshots/ow14-s0026.json,4,4,True
791,ow14-1-r00791,gpt_minimal,minimal,ow14-s0026,5,model-facing/minimal-candidate-snapshots/ow14-s0026.json,4,4,True
792,ow14-1-r00792,gpt_enriched,enriched,ow14-s0026,5,model-facing/enriched-candidate-snapshots/ow14-s0026.json,4,4,True
793,ow14-1-r00793,gpt_minimal,minimal,ow14-s0027,1,model-facing/minimal-candidate-snapshots/ow14-s0027.json,4,4,True
794,ow14-1-r00794,gpt_enriched,enriched,ow14-s0027,1,model-facing/enriched-candidate-snapshots/ow14-s0027.json,4,4,True
795,ow14-1-r00795,gpt_minimal,minimal,ow14-s0027,2,model-facing/minimal-candidate-snapshots/ow14-s0027.json,4,4,True
796,ow14-1-r00796,gpt_enriched,enriched,ow14-s0027,2,model-facing/enriched-candidate-snapshots/ow14-s0027.json,4,4,True
797,ow14-1-r00797,gpt_minimal,minimal,ow14-s0027,3,model-facing/minimal-candidate-snapshots/ow14-s0027.json,4,4,True
798,ow14-1-r00798,gpt_enriched,enriched,ow14-s0027,3,model-facing/enriched-candidate-snapshots/ow14-s0027.json,4,4,True
799,ow14-1-r00799,gpt_minimal,minimal,ow14-s0027,4,model-facing/minimal-candidate-snapshots/ow14-s0027.json,4,4,True
800,ow14-1-r00800,gpt_enriched,enriched,ow14-s0027,4,model-facing/enriched-candidate-snapshots/ow14-s0027.json,4,4,True
801,ow14-1-r00801,gpt_minimal,minimal,ow14-s0027,5,model-facing/minimal-candidate-snapshots/ow14-s0027.json,4,4,True
802,ow14-1-r00802,gpt_enriched,enriched,ow14-s0027,5,model-facing/enriched-candidate-snapshots/ow14-s0027.json,4,4,True
803,ow14-1-r00803,gpt_minimal,minimal,ow14-s0028,1,model-facing/minimal-candidate-snapshots/ow14-s0028.json,4,4,True
804,ow14-1-r00804,gpt_enriched,enriched,ow14-s0028,1,model-facing/enriched-candidate-snapshots/ow14-s0028.json,4,4,True
805,ow14-1-r00805,gpt_minimal,minimal,ow14-s0028,2,model-facing/minimal-candidate-snapshots/ow14-s0028.json,4,4,True
806,ow14-1-r00806,gpt_enriched,enriched,ow14-s0028,2,model-facing/enriched-candidate-snapshots/ow14-s0028.json,4,4,True
807,ow14-1-r00807,gpt_minimal,minimal,ow14-s0028,3,model-facing/minimal-candidate-snapshots/ow14-s0028.json,4,4,True
808,ow14-1-r00808,gpt_enriched,enriched,ow14-s0028,3,model-facing/enriched-candidate-snapshots/ow14-s0028.json,4,4,True
809,ow14-1-r00809,gpt_minimal,minimal,ow14-s0028,4,model-facing/minimal-candidate-snapshots/ow14-s0028.json,4,4,True
810,ow14-1-r00810,gpt_enriched,enriched,ow14-s0028,4,model-facing/enriched-candidate-snapshots/ow14-s0028.json,4,4,True
811,ow14-1-r00811,gpt_minimal,minimal,ow14-s0028,5,model-facing/minimal-candidate-snapshots/ow14-s0028.json,4,4,True
812,ow14-1-r00812,gpt_enriched,enriched,ow14-s0028,5,model-facing/enriched-candidate-snapshots/ow14-s0028.json,4,4,True
813,ow14-1-r00813,gpt_minimal,minimal,ow14-s0029,1,model-facing/minimal-candidate-snapshots/ow14-s0029.json,4,4,True
814,ow14-1-r00814,gpt_enriched,enriched,ow14-s0029,1,model-facing/enriched-candidate-snapshots/ow14-s0029.json,4,4,True
815,ow14-1-r00815,gpt_minimal,minimal,ow14-s0029,2,model-facing/minimal-candidate-snapshots/ow14-s0029.json,4,4,True
816,ow14-1-r00816,gpt_enriched,enriched,ow14-s0029,2,model-facing/enriched-candidate-snapshots/ow14-s0029.json,4,4,True
817,ow14-1-r00817,gpt_minimal,minimal,ow14-s0029,3,model-facing/minimal-candidate-snapshots/ow14-s0029.json,4,4,True
818,ow14-1-r00818,gpt_enriched,enriched,ow14-s0029,3,model-facing/enriched-candidate-snapshots/ow14-s0029.json,4,4,True
819,ow14-1-r00819,gpt_minimal,minimal,ow14-s0029,4,model-facing/minimal-candidate-snapshots/ow14-s0029.json,4,4,True
820,ow14-1-r00820,gpt_enriched,enriched,ow14-s0029,4,model-facing/enriched-candidate-snapshots/ow14-s0029.json,4,4,True
821,ow14-1-r00821,gpt_minimal,minimal,ow14-s0029,5,model-facing/minimal-candidate-snapshots/ow14-s0029.json,4,4,True
822,ow14-1-r00822,gpt_enriched,enriched,ow14-s0029,5,model-facing/enriched-candidate-snapshots/ow14-s0029.json,4,4,True
823,ow14-1-r00823,gpt_minimal,minimal,ow14-s0030,1,model-facing/minimal-candidate-snapshots/ow14-s0030.json,4,4,True
824,ow14-1-r00824,gpt_enriched,enriched,ow14-s0030,1,model-facing/enriched-candidate-snapshots/ow14-s0030.json,4,4,True
825,ow14-1-r00825,gpt_minimal,minimal,ow14-s0030,2,model-facing/minimal-candidate-snapshots/ow14-s0030.json,4,4,True
826,ow14-1-r00826,gpt_enriched,enriched,ow14-s0030,2,model-facing/enriched-candidate-snapshots/ow14-s0030.json,4,4,True
827,ow14-1-r00827,gpt_minimal,minimal,ow14-s0030,3,model-facing/minimal-candidate-snapshots/ow14-s0030.json,4,4,True
828,ow14-1-r00828,gpt_enriched,enriched,ow14-s0030,3,model-facing/enriched-candidate-snapshots/ow14-s0030.json,4,4,True
829,ow14-1-r00829,gpt_minimal,minimal,ow14-s0030,4,model-facing/minimal-candidate-snapshots/ow14-s0030.json,4,4,True
830,ow14-1-r00830,gpt_enriched,enriched,ow14-s0030,4,model-facing/enriched-candidate-snapshots/ow14-s0030.json,4,4,True
831,ow14-1-r00831,gpt_minimal,minimal,ow14-s0030,5,model-facing/minimal-candidate-snapshots/ow14-s0030.json,4,4,True
832,ow14-1-r00832,gpt_enriched,enriched,ow14-s0030,5,model-facing/enriched-candidate-snapshots/ow14-s0030.json,4,4,True
833,ow14-1-r00833,gpt_minimal,minimal,ow14-s0031,1,model-facing/minimal-candidate-snapshots/ow14-s0031.json,4,4,True
834,ow14-1-r00834,gpt_enriched,enriched,ow14-s0031,1,model-facing/enriched-candidate-snapshots/ow14-s0031.json,4,4,True
835,ow14-1-r00835,gpt_minimal,minimal,ow14-s0031,2,model-facing/minimal-candidate-snapshots/ow14-s0031.json,4,4,True
836,ow14-1-r00836,gpt_enriched,enriched,ow14-s0031,2,model-facing/enriched-candidate-snapshots/ow14-s0031.json,4,4,True
837,ow14-1-r00837,gpt_minimal,minimal,ow14-s0031,3,model-facing/minimal-candidate-snapshots/ow14-s0031.json,4,4,True
838,ow14-1-r00838,gpt_enriched,enriched,ow14-s0031,3,model-facing/enriched-candidate-snapshots/ow14-s0031.json,4,4,True
839,ow14-1-r00839,gpt_minimal,minimal,ow14-s0031,4,model-facing/minimal-candidate-snapshots/ow14-s0031.json,4,4,True
840,ow14-1-r00840,gpt_enriched,enriched,ow14-s0031,4,model-facing/enriched-candidate-snapshots/ow14-s0031.json,4,4,True
841,ow14-1-r00841,gpt_minimal,minimal,ow14-s0031,5,model-facing/minimal-candidate-snapshots/ow14-s0031.json,4,4,True
842,ow14-1-r00842,gpt_enriched,enriched,ow14-s0031,5,model-facing/enriched-candidate-snapshots/ow14-s0031.json,4,4,True
843,ow14-1-r00843,gpt_minimal,minimal,ow14-s0032,1,model-facing/minimal-candidate-snapshots/ow14-s0032.json,4,4,True
844,ow14-1-r00844,gpt_enriched,enriched,ow14-s0032,1,model-facing/enriched-candidate-snapshots/ow14-s0032.json,4,4,True
845,ow14-1-r00845,gpt_minimal,minimal,ow14-s0032,2,model-facing/minimal-candidate-snapshots/ow14-s0032.json,4,4,True
846,ow14-1-r00846,gpt_enriched,enriched,ow14-s0032,2,model-facing/enriched-candidate-snapshots/ow14-s0032.json,4,4,True
847,ow14-1-r00847,gpt_minimal,minimal,ow14-s0032,3,model-facing/minimal-candidate-snapshots/ow14-s0032.json,4,4,True
848,ow14-1-r00848,gpt_enriched,enriched,ow14-s0032,3,model-facing/enriched-candidate-snapshots/ow14-s0032.json,4,4,True
849,ow14-1-r00849,gpt_minimal,minimal,ow14-s0032,4,model-facing/minimal-candidate-snapshots/ow14-s0032.json,4,4,True
850,ow14-1-r00850,gpt_enriched,enriched,ow14-s0032,4,model-facing/enriched-candidate-snapshots/ow14-s0032.json,4,4,True
851,ow14-1-r00851,gpt_minimal,minimal,ow14-s0032,5,model-facing/minimal-candidate-snapshots/ow14-s0032.json,4,4,True
852,ow14-1-r00852,gpt_enriched,enriched,ow14-s0032,5,model-facing/enriched-candidate-snapshots/ow14-s0032.json,4,4,True
853,ow14-1-r00853,gpt_minimal,minimal,ow14-s0033,1,model-facing/minimal-candidate-snapshots/ow14-s0033.json,4,4,True
854,ow14-1-r00854,gpt_enriched,enriched,ow14-s0033,1,model-facing/enriched-candidate-snapshots/ow14-s0033.json,4,4,True
855,ow14-1-r00855,gpt_minimal,minimal,ow14-s0033,2,model-facing/minimal-candidate-snapshots/ow14-s0033.json,4,4,True
856,ow14-1-r00856,gpt_enriched,enriched,ow14-s0033,2,model-facing/enriched-candidate-snapshots/ow14-s0033.json,4,4,True
857,ow14-1-r00857,gpt_minimal,minimal,ow14-s0033,3,model-facing/minimal-candidate-snapshots/ow14-s0033.json,4,4,True
858,ow14-1-r00858,gpt_enriched,enriched,ow14-s0033,3,model-facing/enriched-candidate-snapshots/ow14-s0033.json,4,4,True
859,ow14-1-r00859,gpt_minimal,minimal,ow14-s0033,4,model-facing/minimal-candidate-snapshots/ow14-s0033.json,4,4,True
860,ow14-1-r00860,gpt_enriched,enriched,ow14-s0033,4,model-facing/enriched-candidate-snapshots/ow14-s0033.json,4,4,True
861,ow14-1-r00861,gpt_minimal,minimal,ow14-s0033,5,model-facing/minimal-candidate-snapshots/ow14-s0033.json,4,4,True
862,ow14-1-r00862,gpt_enriched,enriched,ow14-s0033,5,model-facing/enriched-candidate-snapshots/ow14-s0033.json,4,4,True
863,ow14-1-r00863,gpt_minimal,minimal,ow14-s0034,1,model-facing/minimal-candidate-snapshots/ow14-s0034.json,4,4,True
864,ow14-1-r00864,gpt_enriched,enriched,ow14-s0034,1,model-facing/enriched-candidate-snapshots/ow14-s0034.json,4,4,True
865,ow14-1-r00865,gpt_minimal,minimal,ow14-s0034,2,model-facing/minimal-candidate-snapshots/ow14-s0034.json,4,4,True
866,ow14-1-r00866,gpt_enriched,enriched,ow14-s0034,2,model-facing/enriched-candidate-snapshots/ow14-s0034.json,4,4,True
867,ow14-1-r00867,gpt_minimal,minimal,ow14-s0034,3,model-facing/minimal-candidate-snapshots/ow14-s0034.json,4,4,True
868,ow14-1-r00868,gpt_enriched,enriched,ow14-s0034,3,model-facing/enriched-candidate-snapshots/ow14-s0034.json,4,4,True
869,ow14-1-r00869,gpt_minimal,minimal,ow14-s0034,4,model-facing/minimal-candidate-snapshots/ow14-s0034.json,4,4,True
870,ow14-1-r00870,gpt_enriched,enriched,ow14-s0034,4,model-facing/enriched-candidate-snapshots/ow14-s0034.json,4,4,True
871,ow14-1-r00871,gpt_minimal,minimal,ow14-s0034,5,model-facing/minimal-candidate-snapshots/ow14-s0034.json,4,4,True
872,ow14-1-r00872,gpt_enriched,enriched,ow14-s0034,5,model-facing/enriched-candidate-snapshots/ow14-s0034.json,4,4,True
873,ow14-1-r00873,gpt_minimal,minimal,ow14-s0035,1,model-facing/minimal-candidate-snapshots/ow14-s0035.json,4,4,True
874,ow14-1-r00874,gpt_enriched,enriched,ow14-s0035,1,model-facing/enriched-candidate-snapshots/ow14-s0035.json,4,4,True
875,ow14-1-r00875,gpt_minimal,minimal,ow14-s0035,2,model-facing/minimal-candidate-snapshots/ow14-s0035.json,4,4,True
876,ow14-1-r00876,gpt_enriched,enriched,ow14-s0035,2,model-facing/enriched-candidate-snapshots/ow14-s0035.json,4,4,True
877,ow14-1-r00877,gpt_minimal,minimal,ow14-s0035,3,model-facing/minimal-candidate-snapshots/ow14-s0035.json,4,4,True
878,ow14-1-r00878,gpt_enriched,enriched,ow14-s0035,3,model-facing/enriched-candidate-snapshots/ow14-s0035.json,4,4,True
879,ow14-1-r00879,gpt_minimal,minimal,ow14-s0035,4,model-facing/minimal-candidate-snapshots/ow14-s0035.json,4,4,True
880,ow14-1-r00880,gpt_enriched,enriched,ow14-s0035,4,model-facing/enriched-candidate-snapshots/ow14-s0035.json,4,4,True
881,ow14-1-r00881,gpt_minimal,minimal,ow14-s0035,5,model-facing/minimal-candidate-snapshots/ow14-s0035.json,4,4,True
882,ow14-1-r00882,gpt_enriched,enriched,ow14-s0035,5,model-facing/enriched-candidate-snapshots/ow14-s0035.json,4,4,True
883,ow14-1-r00883,gpt_minimal,minimal,ow14-s0036,1,model-facing/minimal-candidate-snapshots/ow14-s0036.json,4,4,True
884,ow14-1-r00884,gpt_enriched,enriched,ow14-s0036,1,model-facing/enriched-candidate-snapshots/ow14-s0036.json,4,4,True
885,ow14-1-r00885,gpt_minimal,minimal,ow14-s0036,2,model-facing/minimal-candidate-snapshots/ow14-s0036.json,4,4,True
886,ow14-1-r00886,gpt_enriched,enriched,ow14-s0036,2,model-facing/enriched-candidate-snapshots/ow14-s0036.json,4,4,True
887,ow14-1-r00887,gpt_minimal,minimal,ow14-s0036,3,model-facing/minimal-candidate-snapshots/ow14-s0036.json,4,4,True
888,ow14-1-r00888,gpt_enriched,enriched,ow14-s0036,3,model-facing/enriched-candidate-snapshots/ow14-s0036.json,4,4,True
889,ow14-1-r00889,gpt_minimal,minimal,ow14-s0036,4,model-facing/minimal-candidate-snapshots/ow14-s0036.json,4,4,True
890,ow14-1-r00890,gpt_enriched,enriched,ow14-s0036,4,model-facing/enriched-candidate-snapshots/ow14-s0036.json,4,4,True
891,ow14-1-r00891,gpt_minimal,minimal,ow14-s0036,5,model-facing/minimal-candidate-snapshots/ow14-s0036.json,4,4,True
892,ow14-1-r00892,gpt_enriched,enriched,ow14-s0036,5,model-facing/enriched-candidate-snapshots/ow14-s0036.json,4,4,True
893,ow14-1-r00893,gpt_minimal,minimal,ow14-s0037,1,model-facing/minimal-candidate-snapshots/ow14-s0037.json,4,4,True
894,ow14-1-r00894,gpt_enriched,enriched,ow14-s0037,1,model-facing/enriched-candidate-snapshots/ow14-s0037.json,4,4,True
895,ow14-1-r00895,gpt_minimal,minimal,ow14-s0037,2,model-facing/minimal-candidate-snapshots/ow14-s0037.json,4,4,True
896,ow14-1-r00896,gpt_enriched,enriched,ow14-s0037,2,model-facing/enriched-candidate-snapshots/ow14-s0037.json,4,4,True
897,ow14-1-r00897,gpt_minimal,minimal,ow14-s0037,3,model-facing/minimal-candidate-snapshots/ow14-s0037.json,4,4,True
898,ow14-1-r00898,gpt_enriched,enriched,ow14-s0037,3,model-facing/enriched-candidate-snapshots/ow14-s0037.json,4,4,True
899,ow14-1-r00899,gpt_minimal,minimal,ow14-s0037,4,model-facing/minimal-candidate-snapshots/ow14-s0037.json,4,4,True
900,ow14-1-r00900,gpt_enriched,enriched,ow14-s0037,4,model-facing/enriched-candidate-snapshots/ow14-s0037.json,4,4,True
901,ow14-1-r00901,gpt_minimal,minimal,ow14-s0037,5,model-facing/minimal-candidate-snapshots/ow14-s0037.json,4,4,True
902,ow14-1-r00902,gpt_enriched,enriched,ow14-s0037,5,model-facing/enriched-candidate-snapshots/ow14-s0037.json,4,4,True
903,ow14-1-r00903,gpt_minimal,minimal,ow14-s0038,1,model-facing/minimal-candidate-snapshots/ow14-s0038.json,4,4,True
904,ow14-1-r00904,gpt_enriched,enriched,ow14-s0038,1,model-facing/enriched-candidate-snapshots/ow14-s0038.json,4,4,True
905,ow14-1-r00905,gpt_minimal,minimal,ow14-s0038,2,model-facing/minimal-candidate-snapshots/ow14-s0038.json,4,4,True
906,ow14-1-r00906,gpt_enriched,enriched,ow14-s0038,2,model-facing/enriched-candidate-snapshots/ow14-s0038.json,4,4,True
907,ow14-1-r00907,gpt_minimal,minimal,ow14-s0038,3,model-facing/minimal-candidate-snapshots/ow14-s0038.json,4,4,True
908,ow14-1-r00908,gpt_enriched,enriched,ow14-s0038,3,model-facing/enriched-candidate-snapshots/ow14-s0038.json,4,4,True
909,ow14-1-r00909,gpt_minimal,minimal,ow14-s0038,4,model-facing/minimal-candidate-snapshots/ow14-s0038.json,4,4,True
910,ow14-1-r00910,gpt_enriched,enriched,ow14-s0038,4,model-facing/enriched-candidate-snapshots/ow14-s0038.json,4,4,True
911,ow14-1-r00911,gpt_minimal,minimal,ow14-s0038,5,model-facing/minimal-candidate-snapshots/ow14-s0038.json,4,4,True
912,ow14-1-r00912,gpt_enriched,enriched,ow14-s0038,5,model-facing/enriched-candidate-snapshots/ow14-s0038.json,4,4,True
913,ow14-1-r00913,gpt_minimal,minimal,ow14-s0039,1,model-facing/minimal-candidate-snapshots/ow14-s0039.json,4,4,True
914,ow14-1-r00914,gpt_enriched,enriched,ow14-s0039,1,model-facing/enriched-candidate-snapshots/ow14-s0039.json,4,4,True
915,ow14-1-r00915,gpt_minimal,minimal,ow14-s0039,2,model-facing/minimal-candidate-snapshots/ow14-s0039.json,4,4,True
916,ow14-1-r00916,gpt_enriched,enriched,ow14-s0039,2,model-facing/enriched-candidate-snapshots/ow14-s0039.json,4,4,True
917,ow14-1-r00917,gpt_minimal,minimal,ow14-s0039,3,model-facing/minimal-candidate-snapshots/ow14-s0039.json,4,4,True
918,ow14-1-r00918,gpt_enriched,enriched,ow14-s0039,3,model-facing/enriched-candidate-snapshots/ow14-s0039.json,4,4,True
919,ow14-1-r00919,gpt_minimal,minimal,ow14-s0039,4,model-facing/minimal-candidate-snapshots/ow14-s0039.json,4,4,True
920,ow14-1-r00920,gpt_enriched,enriched,ow14-s0039,4,model-facing/enriched-candidate-snapshots/ow14-s0039.json,4,4,True
921,ow14-1-r00921,gpt_minimal,minimal,ow14-s0039,5,model-facing/minimal-candidate-snapshots/ow14-s0039.json,4,4,True
922,ow14-1-r00922,gpt_enriched,enriched,ow14-s0039,5,model-facing/enriched-candidate-snapshots/ow14-s0039.json,4,4,True
923,ow14-1-r00923,gpt_minimal,minimal,ow14-s0040,1,model-facing/minimal-candidate-snapshots/ow14-s0040.json,4,4,True
924,ow14-1-r00924,gpt_enriched,enriched,ow14-s0040,1,model-facing/enriched-candidate-snapshots/ow14-s0040.json,4,4,True
925,ow14-1-r00925,gpt_minimal,minimal,ow14-s0040,2,model-facing/minimal-candidate-snapshots/ow14-s0040.json,4,4,True
926,ow14-1-r00926,gpt_enriched,enriched,ow14-s0040,2,model-facing/enriched-candidate-snapshots/ow14-s0040.json,4,4,True
927,ow14-1-r00927,gpt_minimal,minimal,ow14-s0040,3,model-facing/minimal-candidate-snapshots/ow14-s0040.json,4,4,True
928,ow14-1-r00928,gpt_enriched,enriched,ow14-s0040,3,model-facing/enriched-candidate-snapshots/ow14-s0040.json,4,4,True
929,ow14-1-r00929,gpt_minimal,minimal,ow14-s0040,4,model-facing/minimal-candidate-snapshots/ow14-s0040.json,4,4,True
930,ow14-1-r00930,gpt_enriched,enriched,ow14-s0040,4,model-facing/enriched-candidate-snapshots/ow14-s0040.json,4,4,True
931,ow14-1-r00931,gpt_minimal,minimal,ow14-s0040,5,model-facing/minimal-candidate-snapshots/ow14-s0040.json,4,4,True
932,ow14-1-r00932,gpt_enriched,enriched,ow14-s0040,5,model-facing/enriched-candidate-snapshots/ow14-s0040.json,4,4,True
933,ow14-1-r00933,gpt_minimal,minimal,ow14-s0041,1,model-facing/minimal-candidate-snapshots/ow14-s0041.json,4,4,True
934,ow14-1-r00934,gpt_enriched,enriched,ow14-s0041,1,model-facing/enriched-candidate-snapshots/ow14-s0041.json,4,4,True
935,ow14-1-r00935,gpt_minimal,minimal,ow14-s0041,2,model-facing/minimal-candidate-snapshots/ow14-s0041.json,4,4,True
936,ow14-1-r00936,gpt_enriched,enriched,ow14-s0041,2,model-facing/enriched-candidate-snapshots/ow14-s0041.json,4,4,True
937,ow14-1-r00937,gpt_minimal,minimal,ow14-s0041,3,model-facing/minimal-candidate-snapshots/ow14-s0041.json,4,4,True
938,ow14-1-r00938,gpt_enriched,enriched,ow14-s0041,3,model-facing/enriched-candidate-snapshots/ow14-s0041.json,4,4,True
939,ow14-1-r00939,gpt_minimal,minimal,ow14-s0041,4,model-facing/minimal-candidate-snapshots/ow14-s0041.json,4,4,True
940,ow14-1-r00940,gpt_enriched,enriched,ow14-s0041,4,model-facing/enriched-candidate-snapshots/ow14-s0041.json,4,4,True
941,ow14-1-r00941,gpt_minimal,minimal,ow14-s0041,5,model-facing/minimal-candidate-snapshots/ow14-s0041.json,4,4,True
942,ow14-1-r00942,gpt_enriched,enriched,ow14-s0041,5,model-facing/enriched-candidate-snapshots/ow14-s0041.json,4,4,True
943,ow14-1-r00943,gpt_minimal,minimal,ow14-s0042,1,model-facing/minimal-candidate-snapshots/ow14-s0042.json,4,4,True
944,ow14-1-r00944,gpt_enriched,enriched,ow14-s0042,1,model-facing/enriched-candidate-snapshots/ow14-s0042.json,4,4,True
945,ow14-1-r00945,gpt_minimal,minimal,ow14-s0042,2,model-facing/minimal-candidate-snapshots/ow14-s0042.json,4,4,True
946,ow14-1-r00946,gpt_enriched,enriched,ow14-s0042,2,model-facing/enriched-candidate-snapshots/ow14-s0042.json,4,4,True
947,ow14-1-r00947,gpt_minimal,minimal,ow14-s0042,3,model-facing/minimal-candidate-snapshots/ow14-s0042.json,4,4,True
948,ow14-1-r00948,gpt_enriched,enriched,ow14-s0042,3,model-facing/enriched-candidate-snapshots/ow14-s0042.json,4,4,True
949,ow14-1-r00949,gpt_minimal,minimal,ow14-s0042,4,model-facing/minimal-candidate-snapshots/ow14-s0042.json,4,4,True
950,ow14-1-r00950,gpt_enriched,enriched,ow14-s0042,4,model-facing/enriched-candidate-snapshots/ow14-s0042.json,4,4,True
951,ow14-1-r00951,gpt_minimal,minimal,ow14-s0042,5,model-facing/minimal-candidate-snapshots/ow14-s0042.json,4,4,True
952,ow14-1-r00952,gpt_enriched,enriched,ow14-s0042,5,model-facing/enriched-candidate-snapshots/ow14-s0042.json,4,4,True
953,ow14-1-r00953,gpt_minimal,minimal,ow14-s0043,1,model-facing/minimal-candidate-snapshots/ow14-s0043.json,4,4,True
954,ow14-1-r00954,gpt_enriched,enriched,ow14-s0043,1,model-facing/enriched-candidate-snapshots/ow14-s0043.json,4,4,True
955,ow14-1-r00955,gpt_minimal,minimal,ow14-s0043,2,model-facing/minimal-candidate-snapshots/ow14-s0043.json,4,4,True
956,ow14-1-r00956,gpt_enriched,enriched,ow14-s0043,2,model-facing/enriched-candidate-snapshots/ow14-s0043.json,4,4,True
957,ow14-1-r00957,gpt_minimal,minimal,ow14-s0043,3,model-facing/minimal-candidate-snapshots/ow14-s0043.json,4,4,True
958,ow14-1-r00958,gpt_enriched,enriched,ow14-s0043,3,model-facing/enriched-candidate-snapshots/ow14-s0043.json,4,4,True
959,ow14-1-r00959,gpt_minimal,minimal,ow14-s0043,4,model-facing/minimal-candidate-snapshots/ow14-s0043.json,4,4,True
960,ow14-1-r00960,gpt_enriched,enriched,ow14-s0043,4,model-facing/enriched-candidate-snapshots/ow14-s0043.json,4,4,True
961,ow14-1-r00961,gpt_minimal,minimal,ow14-s0043,5,model-facing/minimal-candidate-snapshots/ow14-s0043.json,4,4,True
962,ow14-1-r00962,gpt_enriched,enriched,ow14-s0043,5,model-facing/enriched-candidate-snapshots/ow14-s0043.json,4,4,True
963,ow14-1-r00963,gpt_minimal,minimal,ow14-s0044,1,model-facing/minimal-candidate-snapshots/ow14-s0044.json,4,4,True
964,ow14-1-r00964,gpt_enriched,enriched,ow14-s0044,1,model-facing/enriched-candidate-snapshots/ow14-s0044.json,4,4,True
965,ow14-1-r00965,gpt_minimal,minimal,ow14-s0044,2,model-facing/minimal-candidate-snapshots/ow14-s0044.json,4,4,True
966,ow14-1-r00966,gpt_enriched,enriched,ow14-s0044,2,model-facing/enriched-candidate-snapshots/ow14-s0044.json,4,4,True
967,ow14-1-r00967,gpt_minimal,minimal,ow14-s0044,3,model-facing/minimal-candidate-snapshots/ow14-s0044.json,4,4,True
968,ow14-1-r00968,gpt_enriched,enriched,ow14-s0044,3,model-facing/enriched-candidate-snapshots/ow14-s0044.json,4,4,True
969,ow14-1-r00969,gpt_minimal,minimal,ow14-s0044,4,model-facing/minimal-candidate-snapshots/ow14-s0044.json,4,4,True
970,ow14-1-r00970,gpt_enriched,enriched,ow14-s0044,4,model-facing/enriched-candidate-snapshots/ow14-s0044.json,4,4,True
971,ow14-1-r00971,gpt_minimal,minimal,ow14-s0044,5,model-facing/minimal-candidate-snapshots/ow14-s0044.json,4,4,True
972,ow14-1-r00972,gpt_enriched,enriched,ow14-s0044,5,model-facing/enriched-candidate-snapshots/ow14-s0044.json,4,4,True
973,ow14-1-r00973,gpt_minimal,minimal,ow14-s0045,1,model-facing/minimal-candidate-snapshots/ow14-s0045.json,4,4,True
974,ow14-1-r00974,gpt_enriched,enriched,ow14-s0045,1,model-facing/enriched-candidate-snapshots/ow14-s0045.json,4,4,True
975,ow14-1-r00975,gpt_minimal,minimal,ow14-s0045,2,model-facing/minimal-candidate-snapshots/ow14-s0045.json,4,4,True
976,ow14-1-r00976,gpt_enriched,enriched,ow14-s0045,2,model-facing/enriched-candidate-snapshots/ow14-s0045.json,4,4,True
977,ow14-1-r00977,gpt_minimal,minimal,ow14-s0045,3,model-facing/minimal-candidate-snapshots/ow14-s0045.json,4,4,True
978,ow14-1-r00978,gpt_enriched,enriched,ow14-s0045,3,model-facing/enriched-candidate-snapshots/ow14-s0045.json,4,4,True
979,ow14-1-r00979,gpt_minimal,minimal,ow14-s0045,4,model-facing/minimal-candidate-snapshots/ow14-s0045.json,4,4,True
980,ow14-1-r00980,gpt_enriched,enriched,ow14-s0045,4,model-facing/enriched-candidate-snapshots/ow14-s0045.json,4,4,True
981,ow14-1-r00981,gpt_minimal,minimal,ow14-s0045,5,model-facing/minimal-candidate-snapshots/ow14-s0045.json,4,4,True
982,ow14-1-r00982,gpt_enriched,enriched,ow14-s0045,5,model-facing/enriched-candidate-snapshots/ow14-s0045.json,4,4,True
983,ow14-1-r00983,gpt_minimal,minimal,ow14-s0046,1,model-facing/minimal-candidate-snapshots/ow14-s0046.json,4,4,True
984,ow14-1-r00984,gpt_enriched,enriched,ow14-s0046,1,model-facing/enriched-candidate-snapshots/ow14-s0046.json,4,4,True
985,ow14-1-r00985,gpt_minimal,minimal,ow14-s0046,2,model-facing/minimal-candidate-snapshots/ow14-s0046.json,4,4,True
986,ow14-1-r00986,gpt_enriched,enriched,ow14-s0046,2,model-facing/enriched-candidate-snapshots/ow14-s0046.json,4,4,True
987,ow14-1-r00987,gpt_minimal,minimal,ow14-s0046,3,model-facing/minimal-candidate-snapshots/ow14-s0046.json,4,4,True
988,ow14-1-r00988,gpt_enriched,enriched,ow14-s0046,3,model-facing/enriched-candidate-snapshots/ow14-s0046.json,4,4,True
989,ow14-1-r00989,gpt_minimal,minimal,ow14-s0046,4,model-facing/minimal-candidate-snapshots/ow14-s0046.json,4,4,True
990,ow14-1-r00990,gpt_enriched,enriched,ow14-s0046,4,model-facing/enriched-candidate-snapshots/ow14-s0046.json,4,4,True
991,ow14-1-r00991,gpt_minimal,minimal,ow14-s0046,5,model-facing/minimal-candidate-snapshots/ow14-s0046.json,4,4,True
992,ow14-1-r00992,gpt_enriched,enriched,ow14-s0046,5,model-facing/enriched-candidate-snapshots/ow14-s0046.json,4,4,True
993,ow14-1-r00993,gpt_minimal,minimal,ow14-s0047,1,model-facing/minimal-candidate-snapshots/ow14-s0047.json,4,4,True
994,ow14-1-r00994,gpt_enriched,enriched,ow14-s0047,1,model-facing/enriched-candidate-snapshots/ow14-s0047.json,4,4,True
995,ow14-1-r00995,gpt_minimal,minimal,ow14-s0047,2,model-facing/minimal-candidate-snapshots/ow14-s0047.json,4,4,True
996,ow14-1-r00996,gpt_enriched,enriched,ow14-s0047,2,model-facing/enriched-candidate-snapshots/ow14-s0047.json,4,4,True
997,ow14-1-r00997,gpt_minimal,minimal,ow14-s0047,3,model-facing/minimal-candidate-snapshots/ow14-s0047.json,4,4,True
998,ow14-1-r00998,gpt_enriched,enriched,ow14-s0047,3,model-facing/enriched-candidate-snapshots/ow14-s0047.json,4,4,True
999,ow14-1-r00999,gpt_minimal,minimal,ow14-s0047,4,model-facing/minimal-candidate-snapshots/ow14-s0047.json,4,4,True
1000,ow14-1-r01000,gpt_enriched,enriched,ow14-s0047,4,model-facing/enriched-candidate-snapshots/ow14-s0047.json,4,4,True
1001,ow14-1-r01001,gpt_minimal,minimal,ow14-s0047,5,model-facing/minimal-candidate-snapshots/ow14-s0047.json,4,4,True
1002,ow14-1-r01002,gpt_enriched,enriched,ow14-s0047,5,model-facing/enriched-candidate-snapshots/ow14-s0047.json,4,4,True
1003,ow14-1-r01003,gpt_minimal,minimal,ow14-s0048,1,model-facing/minimal-candidate-snapshots/ow14-s0048.json,4,4,True
1004,ow14-1-r01004,gpt_enriched,enriched,ow14-s0048,1,model-facing/enriched-candidate-snapshots/ow14-s0048.json,4,4,True
1005,ow14-1-r01005,gpt_minimal,minimal,ow14-s0048,2,model-facing/minimal-candidate-snapshots/ow14-s0048.json,4,4,True
1006,ow14-1-r01006,gpt_enriched,enriched,ow14-s0048,2,model-facing/enriched-candidate-snapshots/ow14-s0048.json,4,4,True
1007,ow14-1-r01007,gpt_minimal,minimal,ow14-s0048,3,model-facing/minimal-candidate-snapshots/ow14-s0048.json,4,4,True
1008,ow14-1-r01008,gpt_enriched,enriched,ow14-s0048,3,model-facing/enriched-candidate-snapshots/ow14-s0048.json,4,4,True
1009,ow14-1-r01009,gpt_minimal,minimal,ow14-s0048,4,model-facing/minimal-candidate-snapshots/ow14-s0048.json,4,4,True
1010,ow14-1-r01010,gpt_enriched,enriched,ow14-s0048,4,model-facing/enriched-candidate-snapshots/ow14-s0048.json,4,4,True
1011,ow14-1-r01011,gpt_minimal,minimal,ow14-s0048,5,model-facing/minimal-candidate-snapshots/ow14-s0048.json,4,4,True
1012,ow14-1-r01012,gpt_enriched,enriched,ow14-s0048,5,model-facing/enriched-candidate-snapshots/ow14-s0048.json,4,4,True
1013,ow14-1-r01013,gpt_minimal,minimal,ow14-s0049,1,model-facing/minimal-candidate-snapshots/ow14-s0049.json,4,4,True
1014,ow14-1-r01014,gpt_enriched,enriched,ow14-s0049,1,model-facing/enriched-candidate-snapshots/ow14-s0049.json,4,4,True
1015,ow14-1-r01015,gpt_minimal,minimal,ow14-s0049,2,model-facing/minimal-candidate-snapshots/ow14-s0049.json,4,4,True
1016,ow14-1-r01016,gpt_enriched,enriched,ow14-s0049,2,model-facing/enriched-candidate-snapshots/ow14-s0049.json,4,4,True
1017,ow14-1-r01017,gpt_minimal,minimal,ow14-s0049,3,model-facing/minimal-candidate-snapshots/ow14-s0049.json,4,4,True
1018,ow14-1-r01018,gpt_enriched,enriched,ow14-s0049,3,model-facing/enriched-candidate-snapshots/ow14-s0049.json,4,4,True
1019,ow14-1-r01019,gpt_minimal,minimal,ow14-s0049,4,model-facing/minimal-candidate-snapshots/ow14-s0049.json,4,4,True
1020,ow14-1-r01020,gpt_enriched,enriched,ow14-s0049,4,model-facing/enriched-candidate-snapshots/ow14-s0049.json,4,4,True
1021,ow14-1-r01021,gpt_minimal,minimal,ow14-s0049,5,model-facing/minimal-candidate-snapshots/ow14-s0049.json,4,4,True
1022,ow14-1-r01022,gpt_enriched,enriched,ow14-s0049,5,model-facing/enriched-candidate-snapshots/ow14-s0049.json,4,4,True
1023,ow14-1-r01023,gpt_minimal,minimal,ow14-s0050,1,model-facing/minimal-candidate-snapshots/ow14-s0050.json,4,4,True
1024,ow14-1-r01024,gpt_enriched,enriched,ow14-s0050,1,model-facing/enriched-candidate-snapshots/ow14-s0050.json,4,4,True
1025,ow14-1-r01025,gpt_minimal,minimal,ow14-s0050,2,model-facing/minimal-candidate-snapshots/ow14-s0050.json,4,4,True
1026,ow14-1-r01026,gpt_enriched,enriched,ow14-s0050,2,model-facing/enriched-candidate-snapshots/ow14-s0050.json,4,4,True
1027,ow14-1-r01027,gpt_minimal,minimal,ow14-s0050,3,model-facing/minimal-candidate-snapshots/ow14-s0050.json,4,4,True
1028,ow14-1-r01028,gpt_enriched,enriched,ow14-s0050,3,model-facing/enriched-candidate-snapshots/ow14-s0050.json,4,4,True
1029,ow14-1-r01029,gpt_minimal,minimal,ow14-s0050,4,model-facing/minimal-candidate-snapshots/ow14-s0050.json,4,4,True
1030,ow14-1-r01030,gpt_enriched,enriched,ow14-s0050,4,model-facing/enriched-candidate-snapshots/ow14-s0050.json,4,4,True
1031,ow14-1-r01031,gpt_minimal,minimal,ow14-s0050,5,model-facing/minimal-candidate-snapshots/ow14-s0050.json,4,4,True
1032,ow14-1-r01032,gpt_enriched,enriched,ow14-s0050,5,model-facing/enriched-candidate-snapshots/ow14-s0050.json,4,4,True
1033,ow14-1-r01033,gpt_minimal,minimal,ow14-s0051,1,model-facing/minimal-candidate-snapshots/ow14-s0051.json,4,4,True
1034,ow14-1-r01034,gpt_enriched,enriched,ow14-s0051,1,model-facing/enriched-candidate-snapshots/ow14-s0051.json,4,4,True
1035,ow14-1-r01035,gpt_minimal,minimal,ow14-s0051,2,model-facing/minimal-candidate-snapshots/ow14-s0051.json,4,4,True
1036,ow14-1-r01036,gpt_enriched,enriched,ow14-s0051,2,model-facing/enriched-candidate-snapshots/ow14-s0051.json,4,4,True
1037,ow14-1-r01037,gpt_minimal,minimal,ow14-s0051,3,model-facing/minimal-candidate-snapshots/ow14-s0051.json,4,4,True
1038,ow14-1-r01038,gpt_enriched,enriched,ow14-s0051,3,model-facing/enriched-candidate-snapshots/ow14-s0051.json,4,4,True
1039,ow14-1-r01039,gpt_minimal,minimal,ow14-s0051,4,model-facing/minimal-candidate-snapshots/ow14-s0051.json,4,4,True
1040,ow14-1-r01040,gpt_enriched,enriched,ow14-s0051,4,model-facing/enriched-candidate-snapshots/ow14-s0051.json,4,4,True
1041,ow14-1-r01041,gpt_minimal,minimal,ow14-s0051,5,model-facing/minimal-candidate-snapshots/ow14-s0051.json,4,4,True
1042,ow14-1-r01042,gpt_enriched,enriched,ow14-s0051,5,model-facing/enriched-candidate-snapshots/ow14-s0051.json,4,4,True
1043,ow14-1-r01043,gpt_minimal,minimal,ow14-s0052,1,model-facing/minimal-candidate-snapshots/ow14-s0052.json,4,4,True
1044,ow14-1-r01044,gpt_enriched,enriched,ow14-s0052,1,model-facing/enriched-candidate-snapshots/ow14-s0052.json,4,4,True
1045,ow14-1-r01045,gpt_minimal,minimal,ow14-s0052,2,model-facing/minimal-candidate-snapshots/ow14-s0052.json,4,4,True
1046,ow14-1-r01046,gpt_enriched,enriched,ow14-s0052,2,model-facing/enriched-candidate-snapshots/ow14-s0052.json,4,4,True
1047,ow14-1-r01047,gpt_minimal,minimal,ow14-s0052,3,model-facing/minimal-candidate-snapshots/ow14-s0052.json,4,4,True
1048,ow14-1-r01048,gpt_enriched,enriched,ow14-s0052,3,model-facing/enriched-candidate-snapshots/ow14-s0052.json,4,4,True
1049,ow14-1-r01049,gpt_minimal,minimal,ow14-s0052,4,model-facing/minimal-candidate-snapshots/ow14-s0052.json,4,4,True
1050,ow14-1-r01050,gpt_enriched,enriched,ow14-s0052,4,model-facing/enriched-candidate-snapshots/ow14-s0052.json,4,4,True
1051,ow14-1-r01051,gpt_minimal,minimal,ow14-s0052,5,model-facing/minimal-candidate-snapshots/ow14-s0052.json,4,4,True
1052,ow14-1-r01052,gpt_enriched,enriched,ow14-s0052,5,model-facing/enriched-candidate-snapshots/ow14-s0052.json,4,4,True
1053,ow14-1-r01053,gpt_minimal,minimal,ow14-s0053,1,model-facing/minimal-candidate-snapshots/ow14-s0053.json,4,4,True
1054,ow14-1-r01054,gpt_enriched,enriched,ow14-s0053,1,model-facing/enriched-candidate-snapshots/ow14-s0053.json,4,4,True
1055,ow14-1-r01055,gpt_minimal,minimal,ow14-s0053,2,model-facing/minimal-candidate-snapshots/ow14-s0053.json,4,4,True
1056,ow14-1-r01056,gpt_enriched,enriched,ow14-s0053,2,model-facing/enriched-candidate-snapshots/ow14-s0053.json,4,4,True
1057,ow14-1-r01057,gpt_minimal,minimal,ow14-s0053,3,model-facing/minimal-candidate-snapshots/ow14-s0053.json,4,4,True
1058,ow14-1-r01058,gpt_enriched,enriched,ow14-s0053,3,model-facing/enriched-candidate-snapshots/ow14-s0053.json,4,4,True
1059,ow14-1-r01059,gpt_minimal,minimal,ow14-s0053,4,model-facing/minimal-candidate-snapshots/ow14-s0053.json,4,4,True
1060,ow14-1-r01060,gpt_enriched,enriched,ow14-s0053,4,model-facing/enriched-candidate-snapshots/ow14-s0053.json,4,4,True
1061,ow14-1-r01061,gpt_minimal,minimal,ow14-s0053,5,model-facing/minimal-candidate-snapshots/ow14-s0053.json,4,4,True
1062,ow14-1-r01062,gpt_enriched,enriched,ow14-s0053,5,model-facing/enriched-candidate-snapshots/ow14-s0053.json,4,4,True
1063,ow14-1-r01063,gpt_minimal,minimal,ow14-s0054,1,model-facing/minimal-candidate-snapshots/ow14-s0054.json,4,4,True
1064,ow14-1-r01064,gpt_enriched,enriched,ow14-s0054,1,model-facing/enriched-candidate-snapshots/ow14-s0054.json,4,4,True
1065,ow14-1-r01065,gpt_minimal,minimal,ow14-s0054,2,model-facing/minimal-candidate-snapshots/ow14-s0054.json,4,4,True
1066,ow14-1-r01066,gpt_enriched,enriched,ow14-s0054,2,model-facing/enriched-candidate-snapshots/ow14-s0054.json,4,4,True
1067,ow14-1-r01067,gpt_minimal,minimal,ow14-s0054,3,model-facing/minimal-candidate-snapshots/ow14-s0054.json,4,4,True
1068,ow14-1-r01068,gpt_enriched,enriched,ow14-s0054,3,model-facing/enriched-candidate-snapshots/ow14-s0054.json,4,4,True
1069,ow14-1-r01069,gpt_minimal,minimal,ow14-s0054,4,model-facing/minimal-candidate-snapshots/ow14-s0054.json,4,4,True
1070,ow14-1-r01070,gpt_enriched,enriched,ow14-s0054,4,model-facing/enriched-candidate-snapshots/ow14-s0054.json,4,4,True
1071,ow14-1-r01071,gpt_minimal,minimal,ow14-s0054,5,model-facing/minimal-candidate-snapshots/ow14-s0054.json,4,4,True
1072,ow14-1-r01072,gpt_enriched,enriched,ow14-s0054,5,model-facing/enriched-candidate-snapshots/ow14-s0054.json,4,4,True
1073,ow14-1-r01073,gpt_minimal,minimal,ow14-s0055,1,model-facing/minimal-candidate-snapshots/ow14-s0055.json,4,4,True
1074,ow14-1-r01074,gpt_enriched,enriched,ow14-s0055,1,model-facing/enriched-candidate-snapshots/ow14-s0055.json,4,4,True
1075,ow14-1-r01075,gpt_minimal,minimal,ow14-s0055,2,model-facing/minimal-candidate-snapshots/ow14-s0055.json,4,4,True
1076,ow14-1-r01076,gpt_enriched,enriched,ow14-s0055,2,model-facing/enriched-candidate-snapshots/ow14-s0055.json,4,4,True
1077,ow14-1-r01077,gpt_minimal,minimal,ow14-s0055,3,model-facing/minimal-candidate-snapshots/ow14-s0055.json,4,4,True
1078,ow14-1-r01078,gpt_enriched,enriched,ow14-s0055,3,model-facing/enriched-candidate-snapshots/ow14-s0055.json,4,4,True
1079,ow14-1-r01079,gpt_minimal,minimal,ow14-s0055,4,model-facing/minimal-candidate-snapshots/ow14-s0055.json,4,4,True
1080,ow14-1-r01080,gpt_enriched,enriched,ow14-s0055,4,model-facing/enriched-candidate-snapshots/ow14-s0055.json,4,4,True
1081,ow14-1-r01081,gpt_minimal,minimal,ow14-s0055,5,model-facing/minimal-candidate-snapshots/ow14-s0055.json,4,4,True
1082,ow14-1-r01082,gpt_enriched,enriched,ow14-s0055,5,model-facing/enriched-candidate-snapshots/ow14-s0055.json,4,4,True
1083,ow14-1-r01083,gpt_minimal,minimal,ow14-s0056,1,model-facing/minimal-candidate-snapshots/ow14-s0056.json,4,4,True
1084,ow14-1-r01084,gpt_enriched,enriched,ow14-s0056,1,model-facing/enriched-candidate-snapshots/ow14-s0056.json,4,4,True
1085,ow14-1-r01085,gpt_minimal,minimal,ow14-s0056,2,model-facing/minimal-candidate-snapshots/ow14-s0056.json,4,4,True
1086,ow14-1-r01086,gpt_enriched,enriched,ow14-s0056,2,model-facing/enriched-candidate-snapshots/ow14-s0056.json,4,4,True
1087,ow14-1-r01087,gpt_minimal,minimal,ow14-s0056,3,model-facing/minimal-candidate-snapshots/ow14-s0056.json,4,4,True
1088,ow14-1-r01088,gpt_enriched,enriched,ow14-s0056,3,model-facing/enriched-candidate-snapshots/ow14-s0056.json,4,4,True
1089,ow14-1-r01089,gpt_minimal,minimal,ow14-s0056,4,model-facing/minimal-candidate-snapshots/ow14-s0056.json,4,4,True
1090,ow14-1-r01090,gpt_enriched,enriched,ow14-s0056,4,model-facing/enriched-candidate-snapshots/ow14-s0056.json,4,4,True
1091,ow14-1-r01091,gpt_minimal,minimal,ow14-s0056,5,model-facing/minimal-candidate-snapshots/ow14-s0056.json,4,4,True
1092,ow14-1-r01092,gpt_enriched,enriched,ow14-s0056,5,model-facing/enriched-candidate-snapshots/ow14-s0056.json,4,4,True
1093,ow14-1-r01093,gpt_minimal,minimal,ow14-s0057,1,model-facing/minimal-candidate-snapshots/ow14-s0057.json,4,4,True
1094,ow14-1-r01094,gpt_enriched,enriched,ow14-s0057,1,model-facing/enriched-candidate-snapshots/ow14-s0057.json,4,4,True
1095,ow14-1-r01095,gpt_minimal,minimal,ow14-s0057,2,model-facing/minimal-candidate-snapshots/ow14-s0057.json,4,4,True
1096,ow14-1-r01096,gpt_enriched,enriched,ow14-s0057,2,model-facing/enriched-candidate-snapshots/ow14-s0057.json,4,4,True
1097,ow14-1-r01097,gpt_minimal,minimal,ow14-s0057,3,model-facing/minimal-candidate-snapshots/ow14-s0057.json,4,4,True
1098,ow14-1-r01098,gpt_enriched,enriched,ow14-s0057,3,model-facing/enriched-candidate-snapshots/ow14-s0057.json,4,4,True
1099,ow14-1-r01099,gpt_minimal,minimal,ow14-s0057,4,model-facing/minimal-candidate-snapshots/ow14-s0057.json,4,4,True
1100,ow14-1-r01100,gpt_enriched,enriched,ow14-s0057,4,model-facing/enriched-candidate-snapshots/ow14-s0057.json,4,4,True
1101,ow14-1-r01101,gpt_minimal,minimal,ow14-s0057,5,model-facing/minimal-candidate-snapshots/ow14-s0057.json,4,4,True
1102,ow14-1-r01102,gpt_enriched,enriched,ow14-s0057,5,model-facing/enriched-candidate-snapshots/ow14-s0057.json,4,4,True
1103,ow14-1-r01103,gpt_minimal,minimal,ow14-s0058,1,model-facing/minimal-candidate-snapshots/ow14-s0058.json,4,4,True
1104,ow14-1-r01104,gpt_enriched,enriched,ow14-s0058,1,model-facing/enriched-candidate-snapshots/ow14-s0058.json,4,4,True
1105,ow14-1-r01105,gpt_minimal,minimal,ow14-s0058,2,model-facing/minimal-candidate-snapshots/ow14-s0058.json,4,4,True
1106,ow14-1-r01106,gpt_enriched,enriched,ow14-s0058,2,model-facing/enriched-candidate-snapshots/ow14-s0058.json,4,4,True
1107,ow14-1-r01107,gpt_minimal,minimal,ow14-s0058,3,model-facing/minimal-candidate-snapshots/ow14-s0058.json,4,4,True
1108,ow14-1-r01108,gpt_enriched,enriched,ow14-s0058,3,model-facing/enriched-candidate-snapshots/ow14-s0058.json,4,4,True
1109,ow14-1-r01109,gpt_minimal,minimal,ow14-s0058,4,model-facing/minimal-candidate-snapshots/ow14-s0058.json,4,4,True
1110,ow14-1-r01110,gpt_enriched,enriched,ow14-s0058,4,model-facing/enriched-candidate-snapshots/ow14-s0058.json,4,4,True
1111,ow14-1-r01111,gpt_minimal,minimal,ow14-s0058,5,model-facing/minimal-candidate-snapshots/ow14-s0058.json,4,4,True
1112,ow14-1-r01112,gpt_enriched,enriched,ow14-s0058,5,model-facing/enriched-candidate-snapshots/ow14-s0058.json,4,4,True
1113,ow14-1-r01113,gpt_minimal,minimal,ow14-s0059,1,model-facing/minimal-candidate-snapshots/ow14-s0059.json,4,4,True
1114,ow14-1-r01114,gpt_enriched,enriched,ow14-s0059,1,model-facing/enriched-candidate-snapshots/ow14-s0059.json,4,4,True
1115,ow14-1-r01115,gpt_minimal,minimal,ow14-s0059,2,model-facing/minimal-candidate-snapshots/ow14-s0059.json,4,4,True
1116,ow14-1-r01116,gpt_enriched,enriched,ow14-s0059,2,model-facing/enriched-candidate-snapshots/ow14-s0059.json,4,4,True
1117,ow14-1-r01117,gpt_minimal,minimal,ow14-s0059,3,model-facing/minimal-candidate-snapshots/ow14-s0059.json,4,4,True
1118,ow14-1-r01118,gpt_enriched,enriched,ow14-s0059,3,model-facing/enriched-candidate-snapshots/ow14-s0059.json,4,4,True
1119,ow14-1-r01119,gpt_minimal,minimal,ow14-s0059,4,model-facing/minimal-candidate-snapshots/ow14-s0059.json,4,4,True
1120,ow14-1-r01120,gpt_enriched,enriched,ow14-s0059,4,model-facing/enriched-candidate-snapshots/ow14-s0059.json,4,4,True
1121,ow14-1-r01121,gpt_minimal,minimal,ow14-s0059,5,model-facing/minimal-candidate-snapshots/ow14-s0059.json,4,4,True
1122,ow14-1-r01122,gpt_enriched,enriched,ow14-s0059,5,model-facing/enriched-candidate-snapshots/ow14-s0059.json,4,4,True
1123,ow14-1-r01123,gpt_minimal,minimal,ow14-s0060,1,model-facing/minimal-candidate-snapshots/ow14-s0060.json,4,4,True
1124,ow14-1-r01124,gpt_enriched,enriched,ow14-s0060,1,model-facing/enriched-candidate-snapshots/ow14-s0060.json,4,4,True
1125,ow14-1-r01125,gpt_minimal,minimal,ow14-s0060,2,model-facing/minimal-candidate-snapshots/ow14-s0060.json,4,4,True
1126,ow14-1-r01126,gpt_enriched,enriched,ow14-s0060,2,model-facing/enriched-candidate-snapshots/ow14-s0060.json,4,4,True
1127,ow14-1-r01127,gpt_minimal,minimal,ow14-s0060,3,model-facing/minimal-candidate-snapshots/ow14-s0060.json,4,4,True
1128,ow14-1-r01128,gpt_enriched,enriched,ow14-s0060,3,model-facing/enriched-candidate-snapshots/ow14-s0060.json,4,4,True
1129,ow14-1-r01129,gpt_minimal,minimal,ow14-s0060,4,model-facing/minimal-candidate-snapshots/ow14-s0060.json,4,4,True
1130,ow14-1-r01130,gpt_enriched,enriched,ow14-s0060,4,model-facing/enriched-candidate-snapshots/ow14-s0060.json,4,4,True
1131,ow14-1-r01131,gpt_minimal,minimal,ow14-s0060,5,model-facing/minimal-candidate-snapshots/ow14-s0060.json,4,4,True
1132,ow14-1-r01132,gpt_enriched,enriched,ow14-s0060,5,model-facing/enriched-candidate-snapshots/ow14-s0060.json,4,4,True
1133,ow14-1-r01133,gpt_minimal,minimal,ow14-s0061,1,model-facing/minimal-candidate-snapshots/ow14-s0061.json,4,4,True
1134,ow14-1-r01134,gpt_enriched,enriched,ow14-s0061,1,model-facing/enriched-candidate-snapshots/ow14-s0061.json,4,4,True
1135,ow14-1-r01135,gpt_minimal,minimal,ow14-s0061,2,model-facing/minimal-candidate-snapshots/ow14-s0061.json,4,4,True
1136,ow14-1-r01136,gpt_enriched,enriched,ow14-s0061,2,model-facing/enriched-candidate-snapshots/ow14-s0061.json,4,4,True
1137,ow14-1-r01137,gpt_minimal,minimal,ow14-s0061,3,model-facing/minimal-candidate-snapshots/ow14-s0061.json,4,4,True
1138,ow14-1-r01138,gpt_enriched,enriched,ow14-s0061,3,model-facing/enriched-candidate-snapshots/ow14-s0061.json,4,4,True
1139,ow14-1-r01139,gpt_minimal,minimal,ow14-s0061,4,model-facing/minimal-candidate-snapshots/ow14-s0061.json,4,4,True
1140,ow14-1-r01140,gpt_enriched,enriched,ow14-s0061,4,model-facing/enriched-candidate-snapshots/ow14-s0061.json,4,4,True
1141,ow14-1-r01141,gpt_minimal,minimal,ow14-s0061,5,model-facing/minimal-candidate-snapshots/ow14-s0061.json,4,4,True
1142,ow14-1-r01142,gpt_enriched,enriched,ow14-s0061,5,model-facing/enriched-candidate-snapshots/ow14-s0061.json,4,4,True
1143,ow14-1-r01143,gpt_minimal,minimal,ow14-s0062,1,model-facing/minimal-candidate-snapshots/ow14-s0062.json,4,4,True
1144,ow14-1-r01144,gpt_enriched,enriched,ow14-s0062,1,model-facing/enriched-candidate-snapshots/ow14-s0062.json,4,4,True
1145,ow14-1-r01145,gpt_minimal,minimal,ow14-s0062,2,model-facing/minimal-candidate-snapshots/ow14-s0062.json,4,4,True
1146,ow14-1-r01146,gpt_enriched,enriched,ow14-s0062,2,model-facing/enriched-candidate-snapshots/ow14-s0062.json,4,4,True
1147,ow14-1-r01147,gpt_minimal,minimal,ow14-s0062,3,model-facing/minimal-candidate-snapshots/ow14-s0062.json,4,4,True
1148,ow14-1-r01148,gpt_enriched,enriched,ow14-s0062,3,model-facing/enriched-candidate-snapshots/ow14-s0062.json,4,4,True
1149,ow14-1-r01149,gpt_minimal,minimal,ow14-s0062,4,model-facing/minimal-candidate-snapshots/ow14-s0062.json,4,4,True
1150,ow14-1-r01150,gpt_enriched,enriched,ow14-s0062,4,model-facing/enriched-candidate-snapshots/ow14-s0062.json,4,4,True
1151,ow14-1-r01151,gpt_minimal,minimal,ow14-s0062,5,model-facing/minimal-candidate-snapshots/ow14-s0062.json,4,4,True
1152,ow14-1-r01152,gpt_enriched,enriched,ow14-s0062,5,model-facing/enriched-candidate-snapshots/ow14-s0062.json,4,4,True
1153,ow14-1-r01153,gpt_minimal,minimal,ow14-s0063,1,model-facing/minimal-candidate-snapshots/ow14-s0063.json,4,4,True
1154,ow14-1-r01154,gpt_enriched,enriched,ow14-s0063,1,model-facing/enriched-candidate-snapshots/ow14-s0063.json,4,4,True
1155,ow14-1-r01155,gpt_minimal,minimal,ow14-s0063,2,model-facing/minimal-candidate-snapshots/ow14-s0063.json,4,4,True
1156,ow14-1-r01156,gpt_enriched,enriched,ow14-s0063,2,model-facing/enriched-candidate-snapshots/ow14-s0063.json,4,4,True
1157,ow14-1-r01157,gpt_minimal,minimal,ow14-s0063,3,model-facing/minimal-candidate-snapshots/ow14-s0063.json,4,4,True
1158,ow14-1-r01158,gpt_enriched,enriched,ow14-s0063,3,model-facing/enriched-candidate-snapshots/ow14-s0063.json,4,4,True
1159,ow14-1-r01159,gpt_minimal,minimal,ow14-s0063,4,model-facing/minimal-candidate-snapshots/ow14-s0063.json,4,4,True
1160,ow14-1-r01160,gpt_enriched,enriched,ow14-s0063,4,model-facing/enriched-candidate-snapshots/ow14-s0063.json,4,4,True
1161,ow14-1-r01161,gpt_minimal,minimal,ow14-s0063,5,model-facing/minimal-candidate-snapshots/ow14-s0063.json,4,4,True
1162,ow14-1-r01162,gpt_enriched,enriched,ow14-s0063,5,model-facing/enriched-candidate-snapshots/ow14-s0063.json,4,4,True
1163,ow14-1-r01163,gpt_minimal,minimal,ow14-s0064,1,model-facing/minimal-candidate-snapshots/ow14-s0064.json,4,4,True
1164,ow14-1-r01164,gpt_enriched,enriched,ow14-s0064,1,model-facing/enriched-candidate-snapshots/ow14-s0064.json,4,4,True
1165,ow14-1-r01165,gpt_minimal,minimal,ow14-s0064,2,model-facing/minimal-candidate-snapshots/ow14-s0064.json,4,4,True
1166,ow14-1-r01166,gpt_enriched,enriched,ow14-s0064,2,model-facing/enriched-candidate-snapshots/ow14-s0064.json,4,4,True
1167,ow14-1-r01167,gpt_minimal,minimal,ow14-s0064,3,model-facing/minimal-candidate-snapshots/ow14-s0064.json,4,4,True
1168,ow14-1-r01168,gpt_enriched,enriched,ow14-s0064,3,model-facing/enriched-candidate-snapshots/ow14-s0064.json,4,4,True
1169,ow14-1-r01169,gpt_minimal,minimal,ow14-s0064,4,model-facing/minimal-candidate-snapshots/ow14-s0064.json,4,4,True
1170,ow14-1-r01170,gpt_enriched,enriched,ow14-s0064,4,model-facing/enriched-candidate-snapshots/ow14-s0064.json,4,4,True
1171,ow14-1-r01171,gpt_minimal,minimal,ow14-s0064,5,model-facing/minimal-candidate-snapshots/ow14-s0064.json,4,4,True
1172,ow14-1-r01172,gpt_enriched,enriched,ow14-s0064,5,model-facing/enriched-candidate-snapshots/ow14-s0064.json,4,4,True
1173,ow14-1-r01173,gpt_minimal,minimal,ow14-s0065,1,model-facing/minimal-candidate-snapshots/ow14-s0065.json,4,4,True
1174,ow14-1-r01174,gpt_enriched,enriched,ow14-s0065,1,model-facing/enriched-candidate-snapshots/ow14-s0065.json,4,4,True
1175,ow14-1-r01175,gpt_minimal,minimal,ow14-s0065,2,model-facing/minimal-candidate-snapshots/ow14-s0065.json,4,4,True
1176,ow14-1-r01176,gpt_enriched,enriched,ow14-s0065,2,model-facing/enriched-candidate-snapshots/ow14-s0065.json,4,4,True
1177,ow14-1-r01177,gpt_minimal,minimal,ow14-s0065,3,model-facing/minimal-candidate-snapshots/ow14-s0065.json,4,4,True
1178,ow14-1-r01178,gpt_enriched,enriched,ow14-s0065,3,model-facing/enriched-candidate-snapshots/ow14-s0065.json,4,4,True
1179,ow14-1-r01179,gpt_minimal,minimal,ow14-s0065,4,model-facing/minimal-candidate-snapshots/ow14-s0065.json,4,4,True
1180,ow14-1-r01180,gpt_enriched,enriched,ow14-s0065,4,model-facing/enriched-candidate-snapshots/ow14-s0065.json,4,4,True
1181,ow14-1-r01181,gpt_minimal,minimal,ow14-s0065,5,model-facing/minimal-candidate-snapshots/ow14-s0065.json,4,4,True
1182,ow14-1-r01182,gpt_enriched,enriched,ow14-s0065,5,model-facing/enriched-candidate-snapshots/ow14-s0065.json,4,4,True
1183,ow14-1-r01183,gpt_minimal,minimal,ow14-s0066,1,model-facing/minimal-candidate-snapshots/ow14-s0066.json,4,4,True
1184,ow14-1-r01184,gpt_enriched,enriched,ow14-s0066,1,model-facing/enriched-candidate-snapshots/ow14-s0066.json,4,4,True
1185,ow14-1-r01185,gpt_minimal,minimal,ow14-s0066,2,model-facing/minimal-candidate-snapshots/ow14-s0066.json,4,4,True
1186,ow14-1-r01186,gpt_enriched,enriched,ow14-s0066,2,model-facing/enriched-candidate-snapshots/ow14-s0066.json,4,4,True
1187,ow14-1-r01187,gpt_minimal,minimal,ow14-s0066,3,model-facing/minimal-candidate-snapshots/ow14-s0066.json,4,4,True
1188,ow14-1-r01188,gpt_enriched,enriched,ow14-s0066,3,model-facing/enriched-candidate-snapshots/ow14-s0066.json,4,4,True
1189,ow14-1-r01189,gpt_minimal,minimal,ow14-s0066,4,model-facing/minimal-candidate-snapshots/ow14-s0066.json,4,4,True
1190,ow14-1-r01190,gpt_enriched,enriched,ow14-s0066,4,model-facing/enriched-candidate-snapshots/ow14-s0066.json,4,4,True
1191,ow14-1-r01191,gpt_minimal,minimal,ow14-s0066,5,model-facing/minimal-candidate-snapshots/ow14-s0066.json,4,4,True
1192,ow14-1-r01192,gpt_enriched,enriched,ow14-s0066,5,model-facing/enriched-candidate-snapshots/ow14-s0066.json,4,4,True
1193,ow14-1-r01193,gpt_minimal,minimal,ow14-s0067,1,model-facing/minimal-candidate-snapshots/ow14-s0067.json,4,4,True
1194,ow14-1-r01194,gpt_enriched,enriched,ow14-s0067,1,model-facing/enriched-candidate-snapshots/ow14-s0067.json,4,4,True
1195,ow14-1-r01195,gpt_minimal,minimal,ow14-s0067,2,model-facing/minimal-candidate-snapshots/ow14-s0067.json,4,4,True
1196,ow14-1-r01196,gpt_enriched,enriched,ow14-s0067,2,model-facing/enriched-candidate-snapshots/ow14-s0067.json,4,4,True
1197,ow14-1-r01197,gpt_minimal,minimal,ow14-s0067,3,model-facing/minimal-candidate-snapshots/ow14-s0067.json,4,4,True
1198,ow14-1-r01198,gpt_enriched,enriched,ow14-s0067,3,model-facing/enriched-candidate-snapshots/ow14-s0067.json,4,4,True
1199,ow14-1-r01199,gpt_minimal,minimal,ow14-s0067,4,model-facing/minimal-candidate-snapshots/ow14-s0067.json,4,4,True
1200,ow14-1-r01200,gpt_enriched,enriched,ow14-s0067,4,model-facing/enriched-candidate-snapshots/ow14-s0067.json,4,4,True
1201,ow14-1-r01201,gpt_minimal,minimal,ow14-s0067,5,model-facing/minimal-candidate-snapshots/ow14-s0067.json,4,4,True
1202,ow14-1-r01202,gpt_enriched,enriched,ow14-s0067,5,model-facing/enriched-candidate-snapshots/ow14-s0067.json,4,4,True
1203,ow14-1-r01203,gpt_minimal,minimal,ow14-s0068,1,model-facing/minimal-candidate-snapshots/ow14-s0068.json,4,4,True
1204,ow14-1-r01204,gpt_enriched,enriched,ow14-s0068,1,model-facing/enriched-candidate-snapshots/ow14-s0068.json,4,4,True
1205,ow14-1-r01205,gpt_minimal,minimal,ow14-s0068,2,model-facing/minimal-candidate-snapshots/ow14-s0068.json,4,4,True
1206,ow14-1-r01206,gpt_enriched,enriched,ow14-s0068,2,model-facing/enriched-candidate-snapshots/ow14-s0068.json,4,4,True
1207,ow14-1-r01207,gpt_minimal,minimal,ow14-s0068,3,model-facing/minimal-candidate-snapshots/ow14-s0068.json,4,4,True
1208,ow14-1-r01208,gpt_enriched,enriched,ow14-s0068,3,model-facing/enriched-candidate-snapshots/ow14-s0068.json,4,4,True
1209,ow14-1-r01209,gpt_minimal,minimal,ow14-s0068,4,model-facing/minimal-candidate-snapshots/ow14-s0068.json,4,4,True
1210,ow14-1-r01210,gpt_enriched,enriched,ow14-s0068,4,model-facing/enriched-candidate-snapshots/ow14-s0068.json,4,4,True
1211,ow14-1-r01211,gpt_minimal,minimal,ow14-s0068,5,model-facing/minimal-candidate-snapshots/ow14-s0068.json,4,4,True
1212,ow14-1-r01212,gpt_enriched,enriched,ow14-s0068,5,model-facing/enriched-candidate-snapshots/ow14-s0068.json,4,4,True
1213,ow14-1-r01213,gpt_minimal,minimal,ow14-s0069,1,model-facing/minimal-candidate-snapshots/ow14-s0069.json,4,4,True
1214,ow14-1-r01214,gpt_enriched,enriched,ow14-s0069,1,model-facing/enriched-candidate-snapshots/ow14-s0069.json,4,4,True
1215,ow14-1-r01215,gpt_minimal,minimal,ow14-s0069,2,model-facing/minimal-candidate-snapshots/ow14-s0069.json,4,4,True
1216,ow14-1-r01216,gpt_enriched,enriched,ow14-s0069,2,model-facing/enriched-candidate-snapshots/ow14-s0069.json,4,4,True
1217,ow14-1-r01217,gpt_minimal,minimal,ow14-s0069,3,model-facing/minimal-candidate-snapshots/ow14-s0069.json,4,4,True
1218,ow14-1-r01218,gpt_enriched,enriched,ow14-s0069,3,model-facing/enriched-candidate-snapshots/ow14-s0069.json,4,4,True
1219,ow14-1-r01219,gpt_minimal,minimal,ow14-s0069,4,model-facing/minimal-candidate-snapshots/ow14-s0069.json,4,4,True
1220,ow14-1-r01220,gpt_enriched,enriched,ow14-s0069,4,model-facing/enriched-candidate-snapshots/ow14-s0069.json,4,4,True
1221,ow14-1-r01221,gpt_minimal,minimal,ow14-s0069,5,model-facing/minimal-candidate-snapshots/ow14-s0069.json,4,4,True
1222,ow14-1-r01222,gpt_enriched,enriched,ow14-s0069,5,model-facing/enriched-candidate-snapshots/ow14-s0069.json,4,4,True
1223,ow14-1-r01223,gpt_minimal,minimal,ow14-s0070,1,model-facing/minimal-candidate-snapshots/ow14-s0070.json,4,4,True
1224,ow14-1-r01224,gpt_enriched,enriched,ow14-s0070,1,model-facing/enriched-candidate-snapshots/ow14-s0070.json,4,4,True
1225,ow14-1-r01225,gpt_minimal,minimal,ow14-s0070,2,model-facing/minimal-candidate-snapshots/ow14-s0070.json,4,4,True
1226,ow14-1-r01226,gpt_enriched,enriched,ow14-s0070,2,model-facing/enriched-candidate-snapshots/ow14-s0070.json,4,4,True
1227,ow14-1-r01227,gpt_minimal,minimal,ow14-s0070,3,model-facing/minimal-candidate-snapshots/ow14-s0070.json,4,4,True
1228,ow14-1-r01228,gpt_enriched,enriched,ow14-s0070,3,model-facing/enriched-candidate-snapshots/ow14-s0070.json,4,4,True
1229,ow14-1-r01229,gpt_minimal,minimal,ow14-s0070,4,model-facing/minimal-candidate-snapshots/ow14-s0070.json,4,4,True
1230,ow14-1-r01230,gpt_enriched,enriched,ow14-s0070,4,model-facing/enriched-candidate-snapshots/ow14-s0070.json,4,4,True
1231,ow14-1-r01231,gpt_minimal,minimal,ow14-s0070,5,model-facing/minimal-candidate-snapshots/ow14-s0070.json,4,4,True
1232,ow14-1-r01232,gpt_enriched,enriched,ow14-s0070,5,model-facing/enriched-candidate-snapshots/ow14-s0070.json,4,4,True
1233,ow14-1-r01233,gpt_minimal,minimal,ow14-s0071,1,model-facing/minimal-candidate-snapshots/ow14-s0071.json,4,4,True
1234,ow14-1-r01234,gpt_enriched,enriched,ow14-s0071,1,model-facing/enriched-candidate-snapshots/ow14-s0071.json,4,4,True
1235,ow14-1-r01235,gpt_minimal,minimal,ow14-s0071,2,model-facing/minimal-candidate-snapshots/ow14-s0071.json,4,4,True
1236,ow14-1-r01236,gpt_enriched,enriched,ow14-s0071,2,model-facing/enriched-candidate-snapshots/ow14-s0071.json,4,4,True
1237,ow14-1-r01237,gpt_minimal,minimal,ow14-s0071,3,model-facing/minimal-candidate-snapshots/ow14-s0071.json,4,4,True
1238,ow14-1-r01238,gpt_enriched,enriched,ow14-s0071,3,model-facing/enriched-candidate-snapshots/ow14-s0071.json,4,4,True
1239,ow14-1-r01239,gpt_minimal,minimal,ow14-s0071,4,model-facing/minimal-candidate-snapshots/ow14-s0071.json,4,4,True
1240,ow14-1-r01240,gpt_enriched,enriched,ow14-s0071,4,model-facing/enriched-candidate-snapshots/ow14-s0071.json,4,4,True
1241,ow14-1-r01241,gpt_minimal,minimal,ow14-s0071,5,model-facing/minimal-candidate-snapshots/ow14-s0071.json,4,4,True
1242,ow14-1-r01242,gpt_enriched,enriched,ow14-s0071,5,model-facing/enriched-candidate-snapshots/ow14-s0071.json,4,4,True
1243,ow14-1-r01243,gpt_minimal,minimal,ow14-s0072,1,model-facing/minimal-candidate-snapshots/ow14-s0072.json,4,4,True
1244,ow14-1-r01244,gpt_enriched,enriched,ow14-s0072,1,model-facing/enriched-candidate-snapshots/ow14-s0072.json,4,4,True
1245,ow14-1-r01245,gpt_minimal,minimal,ow14-s0072,2,model-facing/minimal-candidate-snapshots/ow14-s0072.json,4,4,True
1246,ow14-1-r01246,gpt_enriched,enriched,ow14-s0072,2,model-facing/enriched-candidate-snapshots/ow14-s0072.json,4,4,True
1247,ow14-1-r01247,gpt_minimal,minimal,ow14-s0072,3,model-facing/minimal-candidate-snapshots/ow14-s0072.json,4,4,True
1248,ow14-1-r01248,gpt_enriched,enriched,ow14-s0072,3,model-facing/enriched-candidate-snapshots/ow14-s0072.json,4,4,True
1249,ow14-1-r01249,gpt_minimal,minimal,ow14-s0072,4,model-facing/minimal-candidate-snapshots/ow14-s0072.json,4,4,True
1250,ow14-1-r01250,gpt_enriched,enriched,ow14-s0072,4,model-facing/enriched-candidate-snapshots/ow14-s0072.json,4,4,True
1251,ow14-1-r01251,gpt_minimal,minimal,ow14-s0072,5,model-facing/minimal-candidate-snapshots/ow14-s0072.json,4,4,True
1252,ow14-1-r01252,gpt_enriched,enriched,ow14-s0072,5,model-facing/enriched-candidate-snapshots/ow14-s0072.json,4,4,True
1253,ow14-1-r01253,gpt_minimal,minimal,ow14-s0073,1,model-facing/minimal-candidate-snapshots/ow14-s0073.json,4,4,True
1254,ow14-1-r01254,gpt_enriched,enriched,ow14-s0073,1,model-facing/enriched-candidate-snapshots/ow14-s0073.json,4,4,True
1255,ow14-1-r01255,gpt_minimal,minimal,ow14-s0073,2,model-facing/minimal-candidate-snapshots/ow14-s0073.json,4,4,True
1256,ow14-1-r01256,gpt_enriched,enriched,ow14-s0073,2,model-facing/enriched-candidate-snapshots/ow14-s0073.json,4,4,True
1257,ow14-1-r01257,gpt_minimal,minimal,ow14-s0073,3,model-facing/minimal-candidate-snapshots/ow14-s0073.json,4,4,True
1258,ow14-1-r01258,gpt_enriched,enriched,ow14-s0073,3,model-facing/enriched-candidate-snapshots/ow14-s0073.json,4,4,True
1259,ow14-1-r01259,gpt_minimal,minimal,ow14-s0073,4,model-facing/minimal-candidate-snapshots/ow14-s0073.json,4,4,True
1260,ow14-1-r01260,gpt_enriched,enriched,ow14-s0073,4,model-facing/enriched-candidate-snapshots/ow14-s0073.json,4,4,True
1261,ow14-1-r01261,gpt_minimal,minimal,ow14-s0073,5,model-facing/minimal-candidate-snapshots/ow14-s0073.json,4,4,True
1262,ow14-1-r01262,gpt_enriched,enriched,ow14-s0073,5,model-facing/enriched-candidate-snapshots/ow14-s0073.json,4,4,True
1263,ow14-1-r01263,gpt_minimal,minimal,ow14-s0074,1,model-facing/minimal-candidate-snapshots/ow14-s0074.json,4,4,True
1264,ow14-1-r01264,gpt_enriched,enriched,ow14-s0074,1,model-facing/enriched-candidate-snapshots/ow14-s0074.json,4,4,True
1265,ow14-1-r01265,gpt_minimal,minimal,ow14-s0074,2,model-facing/minimal-candidate-snapshots/ow14-s0074.json,4,4,True
1266,ow14-1-r01266,gpt_enriched,enriched,ow14-s0074,2,model-facing/enriched-candidate-snapshots/ow14-s0074.json,4,4,True
1267,ow14-1-r01267,gpt_minimal,minimal,ow14-s0074,3,model-facing/minimal-candidate-snapshots/ow14-s0074.json,4,4,True
1268,ow14-1-r01268,gpt_enriched,enriched,ow14-s0074,3,model-facing/enriched-candidate-snapshots/ow14-s0074.json,4,4,True
1269,ow14-1-r01269,gpt_minimal,minimal,ow14-s0074,4,model-facing/minimal-candidate-snapshots/ow14-s0074.json,4,4,True
1270,ow14-1-r01270,gpt_enriched,enriched,ow14-s0074,4,model-facing/enriched-candidate-snapshots/ow14-s0074.json,4,4,True
1271,ow14-1-r01271,gpt_minimal,minimal,ow14-s0074,5,model-facing/minimal-candidate-snapshots/ow14-s0074.json,4,4,True
1272,ow14-1-r01272,gpt_enriched,enriched,ow14-s0074,5,model-facing/enriched-candidate-snapshots/ow14-s0074.json,4,4,True
1273,ow14-1-r01273,gpt_minimal,minimal,ow14-s0075,1,model-facing/minimal-candidate-snapshots/ow14-s0075.json,4,4,True
1274,ow14-1-r01274,gpt_enriched,enriched,ow14-s0075,1,model-facing/enriched-candidate-snapshots/ow14-s0075.json,4,4,True
1275,ow14-1-r01275,gpt_minimal,minimal,ow14-s0075,2,model-facing/minimal-candidate-snapshots/ow14-s0075.json,4,4,True
1276,ow14-1-r01276,gpt_enriched,enriched,ow14-s0075,2,model-facing/enriched-candidate-snapshots/ow14-s0075.json,4,4,True
1277,ow14-1-r01277,gpt_minimal,minimal,ow14-s0075,3,model-facing/minimal-candidate-snapshots/ow14-s0075.json,4,4,True
1278,ow14-1-r01278,gpt_enriched,enriched,ow14-s0075,3,model-facing/enriched-candidate-snapshots/ow14-s0075.json,4,4,True
1279,ow14-1-r01279,gpt_minimal,minimal,ow14-s0075,4,model-facing/minimal-candidate-snapshots/ow14-s0075.json,4,4,True
1280,ow14-1-r01280,gpt_enriched,enriched,ow14-s0075,4,model-facing/enriched-candidate-snapshots/ow14-s0075.json,4,4,True
1281,ow14-1-r01281,gpt_minimal,minimal,ow14-s0075,5,model-facing/minimal-candidate-snapshots/ow14-s0075.json,4,4,True
1282,ow14-1-r01282,gpt_enriched,enriched,ow14-s0075,5,model-facing/enriched-candidate-snapshots/ow14-s0075.json,4,4,True
1283,ow14-1-r01283,gpt_minimal,minimal,ow14-s0076,1,model-facing/minimal-candidate-snapshots/ow14-s0076.json,4,4,True
1284,ow14-1-r01284,gpt_enriched,enriched,ow14-s0076,1,model-facing/enriched-candidate-snapshots/ow14-s0076.json,4,4,True
1285,ow14-1-r01285,gpt_minimal,minimal,ow14-s0076,2,model-facing/minimal-candidate-snapshots/ow14-s0076.json,4,4,True
1286,ow14-1-r01286,gpt_enriched,enriched,ow14-s0076,2,model-facing/enriched-candidate-snapshots/ow14-s0076.json,4,4,True
1287,ow14-1-r01287,gpt_minimal,minimal,ow14-s0076,3,model-facing/minimal-candidate-snapshots/ow14-s0076.json,4,4,True
1288,ow14-1-r01288,gpt_enriched,enriched,ow14-s0076,3,model-facing/enriched-candidate-snapshots/ow14-s0076.json,4,4,True
1289,ow14-1-r01289,gpt_minimal,minimal,ow14-s0076,4,model-facing/minimal-candidate-snapshots/ow14-s0076.json,4,4,True
1290,ow14-1-r01290,gpt_enriched,enriched,ow14-s0076,4,model-facing/enriched-candidate-snapshots/ow14-s0076.json,4,4,True
1291,ow14-1-r01291,gpt_minimal,minimal,ow14-s0076,5,model-facing/minimal-candidate-snapshots/ow14-s0076.json,4,4,True
1292,ow14-1-r01292,gpt_enriched,enriched,ow14-s0076,5,model-facing/enriched-candidate-snapshots/ow14-s0076.json,4,4,True
1293,ow14-1-r01293,gpt_minimal,minimal,ow14-s0077,1,model-facing/minimal-candidate-snapshots/ow14-s0077.json,4,4,True
1294,ow14-1-r01294,gpt_enriched,enriched,ow14-s0077,1,model-facing/enriched-candidate-snapshots/ow14-s0077.json,4,4,True
1295,ow14-1-r01295,gpt_minimal,minimal,ow14-s0077,2,model-facing/minimal-candidate-snapshots/ow14-s0077.json,4,4,True
1296,ow14-1-r01296,gpt_enriched,enriched,ow14-s0077,2,model-facing/enriched-candidate-snapshots/ow14-s0077.json,4,4,True
1297,ow14-1-r01297,gpt_minimal,minimal,ow14-s0077,3,model-facing/minimal-candidate-snapshots/ow14-s0077.json,4,4,True
1298,ow14-1-r01298,gpt_enriched,enriched,ow14-s0077,3,model-facing/enriched-candidate-snapshots/ow14-s0077.json,4,4,True
1299,ow14-1-r01299,gpt_minimal,minimal,ow14-s0077,4,model-facing/minimal-candidate-snapshots/ow14-s0077.json,4,4,True
1300,ow14-1-r01300,gpt_enriched,enriched,ow14-s0077,4,model-facing/enriched-candidate-snapshots/ow14-s0077.json,4,4,True
1301,ow14-1-r01301,gpt_minimal,minimal,ow14-s0077,5,model-facing/minimal-candidate-snapshots/ow14-s0077.json,4,4,True
1302,ow14-1-r01302,gpt_enriched,enriched,ow14-s0077,5,model-facing/enriched-candidate-snapshots/ow14-s0077.json,4,4,True
1303,ow14-1-r01303,gpt_minimal,minimal,ow14-s0078,1,model-facing/minimal-candidate-snapshots/ow14-s0078.json,4,4,True
1304,ow14-1-r01304,gpt_enriched,enriched,ow14-s0078,1,model-facing/enriched-candidate-snapshots/ow14-s0078.json,4,4,True
1305,ow14-1-r01305,gpt_minimal,minimal,ow14-s0078,2,model-facing/minimal-candidate-snapshots/ow14-s0078.json,4,4,True
1306,ow14-1-r01306,gpt_enriched,enriched,ow14-s0078,2,model-facing/enriched-candidate-snapshots/ow14-s0078.json,4,4,True
1307,ow14-1-r01307,gpt_minimal,minimal,ow14-s0078,3,model-facing/minimal-candidate-snapshots/ow14-s0078.json,4,4,True
1308,ow14-1-r01308,gpt_enriched,enriched,ow14-s0078,3,model-facing/enriched-candidate-snapshots/ow14-s0078.json,4,4,True
1309,ow14-1-r01309,gpt_minimal,minimal,ow14-s0078,4,model-facing/minimal-candidate-snapshots/ow14-s0078.json,4,4,True
1310,ow14-1-r01310,gpt_enriched,enriched,ow14-s0078,4,model-facing/enriched-candidate-snapshots/ow14-s0078.json,4,4,True
1311,ow14-1-r01311,gpt_minimal,minimal,ow14-s0078,5,model-facing/minimal-candidate-snapshots/ow14-s0078.json,4,4,True
1312,ow14-1-r01312,gpt_enriched,enriched,ow14-s0078,5,model-facing/enriched-candidate-snapshots/ow14-s0078.json,4,4,True
1313,ow14-1-r01313,gpt_minimal,minimal,ow14-s0079,1,model-facing/minimal-candidate-snapshots/ow14-s0079.json,4,4,True
1314,ow14-1-r01314,gpt_enriched,enriched,ow14-s0079,1,model-facing/enriched-candidate-snapshots/ow14-s0079.json,4,4,True
1315,ow14-1-r01315,gpt_minimal,minimal,ow14-s0079,2,model-facing/minimal-candidate-snapshots/ow14-s0079.json,4,4,True
1316,ow14-1-r01316,gpt_enriched,enriched,ow14-s0079,2,model-facing/enriched-candidate-snapshots/ow14-s0079.json,4,4,True
1317,ow14-1-r01317,gpt_minimal,minimal,ow14-s0079,3,model-facing/minimal-candidate-snapshots/ow14-s0079.json,4,4,True
1318,ow14-1-r01318,gpt_enriched,enriched,ow14-s0079,3,model-facing/enriched-candidate-snapshots/ow14-s0079.json,4,4,True
1319,ow14-1-r01319,gpt_minimal,minimal,ow14-s0079,4,model-facing/minimal-candidate-snapshots/ow14-s0079.json,4,4,True
1320,ow14-1-r01320,gpt_enriched,enriched,ow14-s0079,4,model-facing/enriched-candidate-snapshots/ow14-s0079.json,4,4,True
1321,ow14-1-r01321,gpt_minimal,minimal,ow14-s0079,5,model-facing/minimal-candidate-snapshots/ow14-s0079.json,4,4,True
1322,ow14-1-r01322,gpt_enriched,enriched,ow14-s0079,5,model-facing/enriched-candidate-snapshots/ow14-s0079.json,4,4,True
1323,ow14-1-r01323,gpt_minimal,minimal,ow14-s0080,1,model-facing/minimal-candidate-snapshots/ow14-s0080.json,4,4,True
1324,ow14-1-r01324,gpt_enriched,enriched,ow14-s0080,1,model-facing/enriched-candidate-snapshots/ow14-s0080.json,4,4,True
1325,ow14-1-r01325,gpt_minimal,minimal,ow14-s0080,2,model-facing/minimal-candidate-snapshots/ow14-s0080.json,4,4,True
1326,ow14-1-r01326,gpt_enriched,enriched,ow14-s0080,2,model-facing/enriched-candidate-snapshots/ow14-s0080.json,4,4,True
1327,ow14-1-r01327,gpt_minimal,minimal,ow14-s0080,3,model-facing/minimal-candidate-snapshots/ow14-s0080.json,4,4,True
1328,ow14-1-r01328,gpt_enriched,enriched,ow14-s0080,3,model-facing/enriched-candidate-snapshots/ow14-s0080.json,4,4,True
1329,ow14-1-r01329,gpt_minimal,minimal,ow14-s0080,4,model-facing/minimal-candidate-snapshots/ow14-s0080.json,4,4,True
1330,ow14-1-r01330,gpt_enriched,enriched,ow14-s0080,4,model-facing/enriched-candidate-snapshots/ow14-s0080.json,4,4,True
1331,ow14-1-r01331,gpt_minimal,minimal,ow14-s0080,5,model-facing/minimal-candidate-snapshots/ow14-s0080.json,4,4,True
1332,ow14-1-r01332,gpt_enriched,enriched,ow14-s0080,5,model-facing/enriched-candidate-snapshots/ow14-s0080.json,4,4,True
1333,ow14-1-r01333,gpt_minimal,minimal,ow14-s0081,1,model-facing/minimal-candidate-snapshots/ow14-s0081.json,4,4,True
1334,ow14-1-r01334,gpt_enriched,enriched,ow14-s0081,1,model-facing/enriched-candidate-snapshots/ow14-s0081.json,4,4,True
1335,ow14-1-r01335,gpt_minimal,minimal,ow14-s0081,2,model-facing/minimal-candidate-snapshots/ow14-s0081.json,4,4,True
1336,ow14-1-r01336,gpt_enriched,enriched,ow14-s0081,2,model-facing/enriched-candidate-snapshots/ow14-s0081.json,4,4,True
1337,ow14-1-r01337,gpt_minimal,minimal,ow14-s0081,3,model-facing/minimal-candidate-snapshots/ow14-s0081.json,4,4,True
1338,ow14-1-r01338,gpt_enriched,enriched,ow14-s0081,3,model-facing/enriched-candidate-snapshots/ow14-s0081.json,4,4,True
1339,ow14-1-r01339,gpt_minimal,minimal,ow14-s0081,4,model-facing/minimal-candidate-snapshots/ow14-s0081.json,4,4,True
1340,ow14-1-r01340,gpt_enriched,enriched,ow14-s0081,4,model-facing/enriched-candidate-snapshots/ow14-s0081.json,4,4,True
1341,ow14-1-r01341,gpt_minimal,minimal,ow14-s0081,5,model-facing/minimal-candidate-snapshots/ow14-s0081.json,4,4,True
1342,ow14-1-r01342,gpt_enriched,enriched,ow14-s0081,5,model-facing/enriched-candidate-snapshots/ow14-s0081.json,4,4,True
1343,ow14-1-r01343,gpt_minimal,minimal,ow14-s0082,1,model-facing/minimal-candidate-snapshots/ow14-s0082.json,4,4,True
1344,ow14-1-r01344,gpt_enriched,enriched,ow14-s0082,1,model-facing/enriched-candidate-snapshots/ow14-s0082.json,4,4,True
1345,ow14-1-r01345,gpt_minimal,minimal,ow14-s0082,2,model-facing/minimal-candidate-snapshots/ow14-s0082.json,4,4,True
1346,ow14-1-r01346,gpt_enriched,enriched,ow14-s0082,2,model-facing/enriched-candidate-snapshots/ow14-s0082.json,4,4,True
1347,ow14-1-r01347,gpt_minimal,minimal,ow14-s0082,3,model-facing/minimal-candidate-snapshots/ow14-s0082.json,4,4,True
1348,ow14-1-r01348,gpt_enriched,enriched,ow14-s0082,3,model-facing/enriched-candidate-snapshots/ow14-s0082.json,4,4,True
1349,ow14-1-r01349,gpt_minimal,minimal,ow14-s0082,4,model-facing/minimal-candidate-snapshots/ow14-s0082.json,4,4,True
1350,ow14-1-r01350,gpt_enriched,enriched,ow14-s0082,4,model-facing/enriched-candidate-snapshots/ow14-s0082.json,4,4,True
1351,ow14-1-r01351,gpt_minimal,minimal,ow14-s0082,5,model-facing/minimal-candidate-snapshots/ow14-s0082.json,4,4,True
1352,ow14-1-r01352,gpt_enriched,enriched,ow14-s0082,5,model-facing/enriched-candidate-snapshots/ow14-s0082.json,4,4,True
1353,ow14-1-r01353,gpt_minimal,minimal,ow14-s0083,1,model-facing/minimal-candidate-snapshots/ow14-s0083.json,4,4,True
1354,ow14-1-r01354,gpt_enriched,enriched,ow14-s0083,1,model-facing/enriched-candidate-snapshots/ow14-s0083.json,4,4,True
1355,ow14-1-r01355,gpt_minimal,minimal,ow14-s0083,2,model-facing/minimal-candidate-snapshots/ow14-s0083.json,4,4,True
1356,ow14-1-r01356,gpt_enriched,enriched,ow14-s0083,2,model-facing/enriched-candidate-snapshots/ow14-s0083.json,4,4,True
1357,ow14-1-r01357,gpt_minimal,minimal,ow14-s0083,3,model-facing/minimal-candidate-snapshots/ow14-s0083.json,4,4,True
1358,ow14-1-r01358,gpt_enriched,enriched,ow14-s0083,3,model-facing/enriched-candidate-snapshots/ow14-s0083.json,4,4,True
1359,ow14-1-r01359,gpt_minimal,minimal,ow14-s0083,4,model-facing/minimal-candidate-snapshots/ow14-s0083.json,4,4,True
1360,ow14-1-r01360,gpt_enriched,enriched,ow14-s0083,4,model-facing/enriched-candidate-snapshots/ow14-s0083.json,4,4,True
1361,ow14-1-r01361,gpt_minimal,minimal,ow14-s0083,5,model-facing/minimal-candidate-snapshots/ow14-s0083.json,4,4,True
1362,ow14-1-r01362,gpt_enriched,enriched,ow14-s0083,5,model-facing/enriched-candidate-snapshots/ow14-s0083.json,4,4,True
1363,ow14-1-r01363,gpt_minimal,minimal,ow14-s0084,1,model-facing/minimal-candidate-snapshots/ow14-s0084.json,4,4,True
1364,ow14-1-r01364,gpt_enriched,enriched,ow14-s0084,1,model-facing/enriched-candidate-snapshots/ow14-s0084.json,4,4,True
1365,ow14-1-r01365,gpt_minimal,minimal,ow14-s0084,2,model-facing/minimal-candidate-snapshots/ow14-s0084.json,4,4,True
1366,ow14-1-r01366,gpt_enriched,enriched,ow14-s0084,2,model-facing/enriched-candidate-snapshots/ow14-s0084.json,4,4,True
1367,ow14-1-r01367,gpt_minimal,minimal,ow14-s0084,3,model-facing/minimal-candidate-snapshots/ow14-s0084.json,4,4,True
1368,ow14-1-r01368,gpt_enriched,enriched,ow14-s0084,3,model-facing/enriched-candidate-snapshots/ow14-s0084.json,4,4,True
1369,ow14-1-r01369,gpt_minimal,minimal,ow14-s0084,4,model-facing/minimal-candidate-snapshots/ow14-s0084.json,4,4,True
1370,ow14-1-r01370,gpt_enriched,enriched,ow14-s0084,4,model-facing/enriched-candidate-snapshots/ow14-s0084.json,4,4,True
1371,ow14-1-r01371,gpt_minimal,minimal,ow14-s0084,5,model-facing/minimal-candidate-snapshots/ow14-s0084.json,4,4,True
1372,ow14-1-r01372,gpt_enriched,enriched,ow14-s0084,5,model-facing/enriched-candidate-snapshots/ow14-s0084.json,4,4,True
1373,ow14-1-r01373,gpt_minimal,minimal,ow14-s0085,1,model-facing/minimal-candidate-snapshots/ow14-s0085.json,4,4,True
1374,ow14-1-r01374,gpt_enriched,enriched,ow14-s0085,1,model-facing/enriched-candidate-snapshots/ow14-s0085.json,4,4,True
1375,ow14-1-r01375,gpt_minimal,minimal,ow14-s0085,2,model-facing/minimal-candidate-snapshots/ow14-s0085.json,4,4,True
1376,ow14-1-r01376,gpt_enriched,enriched,ow14-s0085,2,model-facing/enriched-candidate-snapshots/ow14-s0085.json,4,4,True
1377,ow14-1-r01377,gpt_minimal,minimal,ow14-s0085,3,model-facing/minimal-candidate-snapshots/ow14-s0085.json,4,4,True
1378,ow14-1-r01378,gpt_enriched,enriched,ow14-s0085,3,model-facing/enriched-candidate-snapshots/ow14-s0085.json,4,4,True
1379,ow14-1-r01379,gpt_minimal,minimal,ow14-s0085,4,model-facing/minimal-candidate-snapshots/ow14-s0085.json,4,4,True
1380,ow14-1-r01380,gpt_enriched,enriched,ow14-s0085,4,model-facing/enriched-candidate-snapshots/ow14-s0085.json,4,4,True
1381,ow14-1-r01381,gpt_minimal,minimal,ow14-s0085,5,model-facing/minimal-candidate-snapshots/ow14-s0085.json,4,4,True
1382,ow14-1-r01382,gpt_enriched,enriched,ow14-s0085,5,model-facing/enriched-candidate-snapshots/ow14-s0085.json,4,4,True
1383,ow14-1-r01383,gpt_minimal,minimal,ow14-s0086,1,model-facing/minimal-candidate-snapshots/ow14-s0086.json,4,4,True
1384,ow14-1-r01384,gpt_enriched,enriched,ow14-s0086,1,model-facing/enriched-candidate-snapshots/ow14-s0086.json,4,4,True
1385,ow14-1-r01385,gpt_minimal,minimal,ow14-s0086,2,model-facing/minimal-candidate-snapshots/ow14-s0086.json,4,4,True
1386,ow14-1-r01386,gpt_enriched,enriched,ow14-s0086,2,model-facing/enriched-candidate-snapshots/ow14-s0086.json,4,4,True
1387,ow14-1-r01387,gpt_minimal,minimal,ow14-s0086,3,model-facing/minimal-candidate-snapshots/ow14-s0086.json,4,4,True
1388,ow14-1-r01388,gpt_enriched,enriched,ow14-s0086,3,model-facing/enriched-candidate-snapshots/ow14-s0086.json,4,4,True
1389,ow14-1-r01389,gpt_minimal,minimal,ow14-s0086,4,model-facing/minimal-candidate-snapshots/ow14-s0086.json,4,4,True
1390,ow14-1-r01390,gpt_enriched,enriched,ow14-s0086,4,model-facing/enriched-candidate-snapshots/ow14-s0086.json,4,4,True
1391,ow14-1-r01391,gpt_minimal,minimal,ow14-s0086,5,model-facing/minimal-candidate-snapshots/ow14-s0086.json,4,4,True
1392,ow14-1-r01392,gpt_enriched,enriched,ow14-s0086,5,model-facing/enriched-candidate-snapshots/ow14-s0086.json,4,4,True
1393,ow14-1-r01393,gpt_minimal,minimal,ow14-s0087,1,model-facing/minimal-candidate-snapshots/ow14-s0087.json,4,4,True
1394,ow14-1-r01394,gpt_enriched,enriched,ow14-s0087,1,model-facing/enriched-candidate-snapshots/ow14-s0087.json,4,4,True
1395,ow14-1-r01395,gpt_minimal,minimal,ow14-s0087,2,model-facing/minimal-candidate-snapshots/ow14-s0087.json,4,4,True
1396,ow14-1-r01396,gpt_enriched,enriched,ow14-s0087,2,model-facing/enriched-candidate-snapshots/ow14-s0087.json,4,4,True
1397,ow14-1-r01397,gpt_minimal,minimal,ow14-s0087,3,model-facing/minimal-candidate-snapshots/ow14-s0087.json,4,4,True
1398,ow14-1-r01398,gpt_enriched,enriched,ow14-s0087,3,model-facing/enriched-candidate-snapshots/ow14-s0087.json,4,4,True
1399,ow14-1-r01399,gpt_minimal,minimal,ow14-s0087,4,model-facing/minimal-candidate-snapshots/ow14-s0087.json,4,4,True
1400,ow14-1-r01400,gpt_enriched,enriched,ow14-s0087,4,model-facing/enriched-candidate-snapshots/ow14-s0087.json,4,4,True
1401,ow14-1-r01401,gpt_minimal,minimal,ow14-s0087,5,model-facing/minimal-candidate-snapshots/ow14-s0087.json,4,4,True
1402,ow14-1-r01402,gpt_enriched,enriched,ow14-s0087,5,model-facing/enriched-candidate-snapshots/ow14-s0087.json,4,4,True
1403,ow14-1-r01403,gpt_minimal,minimal,ow14-s0088,1,model-facing/minimal-candidate-snapshots/ow14-s0088.json,4,4,True
1404,ow14-1-r01404,gpt_enriched,enriched,ow14-s0088,1,model-facing/enriched-candidate-snapshots/ow14-s0088.json,4,4,True
1405,ow14-1-r01405,gpt_minimal,minimal,ow14-s0088,2,model-facing/minimal-candidate-snapshots/ow14-s0088.json,4,4,True
1406,ow14-1-r01406,gpt_enriched,enriched,ow14-s0088,2,model-facing/enriched-candidate-snapshots/ow14-s0088.json,4,4,True
1407,ow14-1-r01407,gpt_minimal,minimal,ow14-s0088,3,model-facing/minimal-candidate-snapshots/ow14-s0088.json,4,4,True
1408,ow14-1-r01408,gpt_enriched,enriched,ow14-s0088,3,model-facing/enriched-candidate-snapshots/ow14-s0088.json,4,4,True
1409,ow14-1-r01409,gpt_minimal,minimal,ow14-s0088,4,model-facing/minimal-candidate-snapshots/ow14-s0088.json,4,4,True
1410,ow14-1-r01410,gpt_enriched,enriched,ow14-s0088,4,model-facing/enriched-candidate-snapshots/ow14-s0088.json,4,4,True
1411,ow14-1-r01411,gpt_minimal,minimal,ow14-s0088,5,model-facing/minimal-candidate-snapshots/ow14-s0088.json,4,4,True
1412,ow14-1-r01412,gpt_enriched,enriched,ow14-s0088,5,model-facing/enriched-candidate-snapshots/ow14-s0088.json,4,4,True
1413,ow14-1-r01413,gpt_minimal,minimal,ow14-s0089,1,model-facing/minimal-candidate-snapshots/ow14-s0089.json,4,4,True
1414,ow14-1-r01414,gpt_enriched,enriched,ow14-s0089,1,model-facing/enriched-candidate-snapshots/ow14-s0089.json,4,4,True
1415,ow14-1-r01415,gpt_minimal,minimal,ow14-s0089,2,model-facing/minimal-candidate-snapshots/ow14-s0089.json,4,4,True
1416,ow14-1-r01416,gpt_enriched,enriched,ow14-s0089,2,model-facing/enriched-candidate-snapshots/ow14-s0089.json,4,4,True
1417,ow14-1-r01417,gpt_minimal,minimal,ow14-s0089,3,model-facing/minimal-candidate-snapshots/ow14-s0089.json,4,4,True
1418,ow14-1-r01418,gpt_enriched,enriched,ow14-s0089,3,model-facing/enriched-candidate-snapshots/ow14-s0089.json,4,4,True
1419,ow14-1-r01419,gpt_minimal,minimal,ow14-s0089,4,model-facing/minimal-candidate-snapshots/ow14-s0089.json,4,4,True
1420,ow14-1-r01420,gpt_enriched,enriched,ow14-s0089,4,model-facing/enriched-candidate-snapshots/ow14-s0089.json,4,4,True
1421,ow14-1-r01421,gpt_minimal,minimal,ow14-s0089,5,model-facing/minimal-candidate-snapshots/ow14-s0089.json,4,4,True
1422,ow14-1-r01422,gpt_enriched,enriched,ow14-s0089,5,model-facing/enriched-candidate-snapshots/ow14-s0089.json,4,4,True
1423,ow14-1-r01423,gpt_minimal,minimal,ow14-s0090,1,model-facing/minimal-candidate-snapshots/ow14-s0090.json,4,4,True
1424,ow14-1-r01424,gpt_enriched,enriched,ow14-s0090,1,model-facing/enriched-candidate-snapshots/ow14-s0090.json,4,4,True
1425,ow14-1-r01425,gpt_minimal,minimal,ow14-s0090,2,model-facing/minimal-candidate-snapshots/ow14-s0090.json,4,4,True
1426,ow14-1-r01426,gpt_enriched,enriched,ow14-s0090,2,model-facing/enriched-candidate-snapshots/ow14-s0090.json,4,4,True
1427,ow14-1-r01427,gpt_minimal,minimal,ow14-s0090,3,model-facing/minimal-candidate-snapshots/ow14-s0090.json,4,4,True
1428,ow14-1-r01428,gpt_enriched,enriched,ow14-s0090,3,model-facing/enriched-candidate-snapshots/ow14-s0090.json,4,4,True
1429,ow14-1-r01429,gpt_minimal,minimal,ow14-s0090,4,model-facing/minimal-candidate-snapshots/ow14-s0090.json,4,4,True
1430,ow14-1-r01430,gpt_enriched,enriched,ow14-s0090,4,model-facing/enriched-candidate-snapshots/ow14-s0090.json,4,4,True
1431,ow14-1-r01431,gpt_minimal,minimal,ow14-s0090,5,model-facing/minimal-candidate-snapshots/ow14-s0090.json,4,4,True
1432,ow14-1-r01432,gpt_enriched,enriched,ow14-s0090,5,model-facing/enriched-candidate-snapshots/ow14-s0090.json,4,4,True
1433,ow14-1-r01433,gpt_minimal,minimal,ow14-s0091,1,model-facing/minimal-candidate-snapshots/ow14-s0091.json,4,4,True
1434,ow14-1-r01434,gpt_enriched,enriched,ow14-s0091,1,model-facing/enriched-candidate-snapshots/ow14-s0091.json,4,4,True
1435,ow14-1-r01435,gpt_minimal,minimal,ow14-s0091,2,model-facing/minimal-candidate-snapshots/ow14-s0091.json,4,4,True
1436,ow14-1-r01436,gpt_enriched,enriched,ow14-s0091,2,model-facing/enriched-candidate-snapshots/ow14-s0091.json,4,4,True
1437,ow14-1-r01437,gpt_minimal,minimal,ow14-s0091,3,model-facing/minimal-candidate-snapshots/ow14-s0091.json,4,4,True
1438,ow14-1-r01438,gpt_enriched,enriched,ow14-s0091,3,model-facing/enriched-candidate-snapshots/ow14-s0091.json,4,4,True
1439,ow14-1-r01439,gpt_minimal,minimal,ow14-s0091,4,model-facing/minimal-candidate-snapshots/ow14-s0091.json,4,4,True
1440,ow14-1-r01440,gpt_enriched,enriched,ow14-s0091,4,model-facing/enriched-candidate-snapshots/ow14-s0091.json,4,4,True
1441,ow14-1-r01441,gpt_minimal,minimal,ow14-s0091,5,model-facing/minimal-candidate-snapshots/ow14-s0091.json,4,4,True
1442,ow14-1-r01442,gpt_enriched,enriched,ow14-s0091,5,model-facing/enriched-candidate-snapshots/ow14-s0091.json,4,4,True
1443,ow14-1-r01443,gpt_minimal,minimal,ow14-s0092,1,model-facing/minimal-candidate-snapshots/ow14-s0092.json,4,4,True
1444,ow14-1-r01444,gpt_enriched,enriched,ow14-s0092,1,model-facing/enriched-candidate-snapshots/ow14-s0092.json,4,4,True
1445,ow14-1-r01445,gpt_minimal,minimal,ow14-s0092,2,model-facing/minimal-candidate-snapshots/ow14-s0092.json,4,4,True
1446,ow14-1-r01446,gpt_enriched,enriched,ow14-s0092,2,model-facing/enriched-candidate-snapshots/ow14-s0092.json,4,4,True
1447,ow14-1-r01447,gpt_minimal,minimal,ow14-s0092,3,model-facing/minimal-candidate-snapshots/ow14-s0092.json,4,4,True
1448,ow14-1-r01448,gpt_enriched,enriched,ow14-s0092,3,model-facing/enriched-candidate-snapshots/ow14-s0092.json,4,4,True
1449,ow14-1-r01449,gpt_minimal,minimal,ow14-s0092,4,model-facing/minimal-candidate-snapshots/ow14-s0092.json,4,4,True
1450,ow14-1-r01450,gpt_enriched,enriched,ow14-s0092,4,model-facing/enriched-candidate-snapshots/ow14-s0092.json,4,4,True
1451,ow14-1-r01451,gpt_minimal,minimal,ow14-s0092,5,model-facing/minimal-candidate-snapshots/ow14-s0092.json,4,4,True
1452,ow14-1-r01452,gpt_enriched,enriched,ow14-s0092,5,model-facing/enriched-candidate-snapshots/ow14-s0092.json,4,4,True
1453,ow14-1-r01453,gpt_minimal,minimal,ow14-s0093,1,model-facing/minimal-candidate-snapshots/ow14-s0093.json,4,4,True
1454,ow14-1-r01454,gpt_enriched,enriched,ow14-s0093,1,model-facing/enriched-candidate-snapshots/ow14-s0093.json,4,4,True
1455,ow14-1-r01455,gpt_minimal,minimal,ow14-s0093,2,model-facing/minimal-candidate-snapshots/ow14-s0093.json,4,4,True
1456,ow14-1-r01456,gpt_enriched,enriched,ow14-s0093,2,model-facing/enriched-candidate-snapshots/ow14-s0093.json,4,4,True
1457,ow14-1-r01457,gpt_minimal,minimal,ow14-s0093,3,model-facing/minimal-candidate-snapshots/ow14-s0093.json,4,4,True
1458,ow14-1-r01458,gpt_enriched,enriched,ow14-s0093,3,model-facing/enriched-candidate-snapshots/ow14-s0093.json,4,4,True
1459,ow14-1-r01459,gpt_minimal,minimal,ow14-s0093,4,model-facing/minimal-candidate-snapshots/ow14-s0093.json,4,4,True
1460,ow14-1-r01460,gpt_enriched,enriched,ow14-s0093,4,model-facing/enriched-candidate-snapshots/ow14-s0093.json,4,4,True
1461,ow14-1-r01461,gpt_minimal,minimal,ow14-s0093,5,model-facing/minimal-candidate-snapshots/ow14-s0093.json,4,4,True
1462,ow14-1-r01462,gpt_enriched,enriched,ow14-s0093,5,model-facing/enriched-candidate-snapshots/ow14-s0093.json,4,4,True
1463,ow14-1-r01463,gpt_minimal,minimal,ow14-s0094,1,model-facing/minimal-candidate-snapshots/ow14-s0094.json,4,4,True
1464,ow14-1-r01464,gpt_enriched,enriched,ow14-s0094,1,model-facing/enriched-candidate-snapshots/ow14-s0094.json,4,4,True
1465,ow14-1-r01465,gpt_minimal,minimal,ow14-s0094,2,model-facing/minimal-candidate-snapshots/ow14-s0094.json,4,4,True
1466,ow14-1-r01466,gpt_enriched,enriched,ow14-s0094,2,model-facing/enriched-candidate-snapshots/ow14-s0094.json,4,4,True
1467,ow14-1-r01467,gpt_minimal,minimal,ow14-s0094,3,model-facing/minimal-candidate-snapshots/ow14-s0094.json,4,4,True
1468,ow14-1-r01468,gpt_enriched,enriched,ow14-s0094,3,model-facing/enriched-candidate-snapshots/ow14-s0094.json,4,4,True
1469,ow14-1-r01469,gpt_minimal,minimal,ow14-s0094,4,model-facing/minimal-candidate-snapshots/ow14-s0094.json,4,4,True
1470,ow14-1-r01470,gpt_enriched,enriched,ow14-s0094,4,model-facing/enriched-candidate-snapshots/ow14-s0094.json,4,4,True
1471,ow14-1-r01471,gpt_minimal,minimal,ow14-s0094,5,model-facing/minimal-candidate-snapshots/ow14-s0094.json,4,4,True
1472,ow14-1-r01472,gpt_enriched,enriched,ow14-s0094,5,model-facing/enriched-candidate-snapshots/ow14-s0094.json,4,4,True
1473,ow14-1-r01473,gpt_minimal,minimal,ow14-s0095,1,model-facing/minimal-candidate-snapshots/ow14-s0095.json,4,4,True
1474,ow14-1-r01474,gpt_enriched,enriched,ow14-s0095,1,model-facing/enriched-candidate-snapshots/ow14-s0095.json,4,4,True
1475,ow14-1-r01475,gpt_minimal,minimal,ow14-s0095,2,model-facing/minimal-candidate-snapshots/ow14-s0095.json,4,4,True
1476,ow14-1-r01476,gpt_enriched,enriched,ow14-s0095,2,model-facing/enriched-candidate-snapshots/ow14-s0095.json,4,4,True
1477,ow14-1-r01477,gpt_minimal,minimal,ow14-s0095,3,model-facing/minimal-candidate-snapshots/ow14-s0095.json,4,4,True
1478,ow14-1-r01478,gpt_enriched,enriched,ow14-s0095,3,model-facing/enriched-candidate-snapshots/ow14-s0095.json,4,4,True
1479,ow14-1-r01479,gpt_minimal,minimal,ow14-s0095,4,model-facing/minimal-candidate-snapshots/ow14-s0095.json,4,4,True
1480,ow14-1-r01480,gpt_enriched,enriched,ow14-s0095,4,model-facing/enriched-candidate-snapshots/ow14-s0095.json,4,4,True
1481,ow14-1-r01481,gpt_minimal,minimal,ow14-s0095,5,model-facing/minimal-candidate-snapshots/ow14-s0095.json,4,4,True
1482,ow14-1-r01482,gpt_enriched,enriched,ow14-s0095,5,model-facing/enriched-candidate-snapshots/ow14-s0095.json,4,4,True
1483,ow14-1-r01483,gpt_minimal,minimal,ow14-s0096,1,model-facing/minimal-candidate-snapshots/ow14-s0096.json,4,4,True
1484,ow14-1-r01484,gpt_enriched,enriched,ow14-s0096,1,model-facing/enriched-candidate-snapshots/ow14-s0096.json,4,4,True
1485,ow14-1-r01485,gpt_minimal,minimal,ow14-s0096,2,model-facing/minimal-candidate-snapshots/ow14-s0096.json,4,4,True
1486,ow14-1-r01486,gpt_enriched,enriched,ow14-s0096,2,model-facing/enriched-candidate-snapshots/ow14-s0096.json,4,4,True
1487,ow14-1-r01487,gpt_minimal,minimal,ow14-s0096,3,model-facing/minimal-candidate-snapshots/ow14-s0096.json,4,4,True
1488,ow14-1-r01488,gpt_enriched,enriched,ow14-s0096,3,model-facing/enriched-candidate-snapshots/ow14-s0096.json,4,4,True
1489,ow14-1-r01489,gpt_minimal,minimal,ow14-s0096,4,model-facing/minimal-candidate-snapshots/ow14-s0096.json,4,4,True
1490,ow14-1-r01490,gpt_enriched,enriched,ow14-s0096,4,model-facing/enriched-candidate-snapshots/ow14-s0096.json,4,4,True
1491,ow14-1-r01491,gpt_minimal,minimal,ow14-s0096,5,model-facing/minimal-candidate-snapshots/ow14-s0096.json,4,4,True
1492,ow14-1-r01492,gpt_enriched,enriched,ow14-s0096,5,model-facing/enriched-candidate-snapshots/ow14-s0096.json,4,4,True
1493,ow14-1-r01493,gpt_minimal,minimal,ow14-s0097,1,model-facing/minimal-candidate-snapshots/ow14-s0097.json,4,4,True
1494,ow14-1-r01494,gpt_enriched,enriched,ow14-s0097,1,model-facing/enriched-candidate-snapshots/ow14-s0097.json,4,4,True
1495,ow14-1-r01495,gpt_minimal,minimal,ow14-s0097,2,model-facing/minimal-candidate-snapshots/ow14-s0097.json,4,4,True
1496,ow14-1-r01496,gpt_enriched,enriched,ow14-s0097,2,model-facing/enriched-candidate-snapshots/ow14-s0097.json,4,4,True
1497,ow14-1-r01497,gpt_minimal,minimal,ow14-s0097,3,model-facing/minimal-candidate-snapshots/ow14-s0097.json,4,4,True
1498,ow14-1-r01498,gpt_enriched,enriched,ow14-s0097,3,model-facing/enriched-candidate-snapshots/ow14-s0097.json,4,4,True
1499,ow14-1-r01499,gpt_minimal,minimal,ow14-s0097,4,model-facing/minimal-candidate-snapshots/ow14-s0097.json,4,4,True
1500,ow14-1-r01500,gpt_enriched,enriched,ow14-s0097,4,model-facing/enriched-candidate-snapshots/ow14-s0097.json,4,4,True
1501,ow14-1-r01501,gpt_minimal,minimal,ow14-s0097,5,model-facing/minimal-candidate-snapshots/ow14-s0097.json,4,4,True
1502,ow14-1-r01502,gpt_enriched,enriched,ow14-s0097,5,model-facing/enriched-candidate-snapshots/ow14-s0097.json,4,4,True
1503,ow14-1-r01503,gpt_minimal,minimal,ow14-s0098,1,model-facing/minimal-candidate-snapshots/ow14-s0098.json,4,4,True
1504,ow14-1-r01504,gpt_enriched,enriched,ow14-s0098,1,model-facing/enriched-candidate-snapshots/ow14-s0098.json,4,4,True
1505,ow14-1-r01505,gpt_minimal,minimal,ow14-s0098,2,model-facing/minimal-candidate-snapshots/ow14-s0098.json,4,4,True
1506,ow14-1-r01506,gpt_enriched,enriched,ow14-s0098,2,model-facing/enriched-candidate-snapshots/ow14-s0098.json,4,4,True
1507,ow14-1-r01507,gpt_minimal,minimal,ow14-s0098,3,model-facing/minimal-candidate-snapshots/ow14-s0098.json,4,4,True
1508,ow14-1-r01508,gpt_enriched,enriched,ow14-s0098,3,model-facing/enriched-candidate-snapshots/ow14-s0098.json,4,4,True
1509,ow14-1-r01509,gpt_minimal,minimal,ow14-s0098,4,model-facing/minimal-candidate-snapshots/ow14-s0098.json,4,4,True
1510,ow14-1-r01510,gpt_enriched,enriched,ow14-s0098,4,model-facing/enriched-candidate-snapshots/ow14-s0098.json,4,4,True
1511,ow14-1-r01511,gpt_minimal,minimal,ow14-s0098,5,model-facing/minimal-candidate-snapshots/ow14-s0098.json,4,4,True
1512,ow14-1-r01512,gpt_enriched,enriched,ow14-s0098,5,model-facing/enriched-candidate-snapshots/ow14-s0098.json,4,4,True
1513,ow14-1-r01513,gpt_minimal,minimal,ow14-s0099,1,model-facing/minimal-candidate-snapshots/ow14-s0099.json,4,4,True
1514,ow14-1-r01514,gpt_enriched,enriched,ow14-s0099,1,model-facing/enriched-candidate-snapshots/ow14-s0099.json,4,4,True
1515,ow14-1-r01515,gpt_minimal,minimal,ow14-s0099,2,model-facing/minimal-candidate-snapshots/ow14-s0099.json,4,4,True
1516,ow14-1-r01516,gpt_enriched,enriched,ow14-s0099,2,model-facing/enriched-candidate-snapshots/ow14-s0099.json,4,4,True
1517,ow14-1-r01517,gpt_minimal,minimal,ow14-s0099,3,model-facing/minimal-candidate-snapshots/ow14-s0099.json,4,4,True
1518,ow14-1-r01518,gpt_enriched,enriched,ow14-s0099,3,model-facing/enriched-candidate-snapshots/ow14-s0099.json,4,4,True
1519,ow14-1-r01519,gpt_minimal,minimal,ow14-s0099,4,model-facing/minimal-candidate-snapshots/ow14-s0099.json,4,4,True
1520,ow14-1-r01520,gpt_enriched,enriched,ow14-s0099,4,model-facing/enriched-candidate-snapshots/ow14-s0099.json,4,4,True
1521,ow14-1-r01521,gpt_minimal,minimal,ow14-s0099,5,model-facing/minimal-candidate-snapshots/ow14-s0099.json,4,4,True
1522,ow14-1-r01522,gpt_enriched,enriched,ow14-s0099,5,model-facing/enriched-candidate-snapshots/ow14-s0099.json,4,4,True
1523,ow14-1-r01523,gpt_minimal,minimal,ow14-s0100,1,model-facing/minimal-candidate-snapshots/ow14-s0100.json,4,4,True
1524,ow14-1-r01524,gpt_enriched,enriched,ow14-s0100,1,model-facing/enriched-candidate-snapshots/ow14-s0100.json,4,4,True
1525,ow14-1-r01525,gpt_minimal,minimal,ow14-s0100,2,model-facing/minimal-candidate-snapshots/ow14-s0100.json,4,4,True
1526,ow14-1-r01526,gpt_enriched,enriched,ow14-s0100,2,model-facing/enriched-candidate-snapshots/ow14-s0100.json,4,4,True
1527,ow14-1-r01527,gpt_minimal,minimal,ow14-s0100,3,model-facing/minimal-candidate-snapshots/ow14-s0100.json,4,4,True
1528,ow14-1-r01528,gpt_enriched,enriched,ow14-s0100,3,model-facing/enriched-candidate-snapshots/ow14-s0100.json,4,4,True
1529,ow14-1-r01529,gpt_minimal,minimal,ow14-s0100,4,model-facing/minimal-candidate-snapshots/ow14-s0100.json,4,4,True
1530,ow14-1-r01530,gpt_enriched,enriched,ow14-s0100,4,model-facing/enriched-candidate-snapshots/ow14-s0100.json,4,4,True
1531,ow14-1-r01531,gpt_minimal,minimal,ow14-s0100,5,model-facing/minimal-candidate-snapshots/ow14-s0100.json,4,4,True
1532,ow14-1-r01532,gpt_enriched,enriched,ow14-s0100,5,model-facing/enriched-candidate-snapshots/ow14-s0100.json,4,4,True
1533,ow14-1-r01533,gpt_minimal,minimal,ow14-s0101,1,model-facing/minimal-candidate-snapshots/ow14-s0101.json,4,4,True
1534,ow14-1-r01534,gpt_enriched,enriched,ow14-s0101,1,model-facing/enriched-candidate-snapshots/ow14-s0101.json,4,4,True
1535,ow14-1-r01535,gpt_minimal,minimal,ow14-s0101,2,model-facing/minimal-candidate-snapshots/ow14-s0101.json,4,4,True
1536,ow14-1-r01536,gpt_enriched,enriched,ow14-s0101,2,model-facing/enriched-candidate-snapshots/ow14-s0101.json,4,4,True
1537,ow14-1-r01537,gpt_minimal,minimal,ow14-s0101,3,model-facing/minimal-candidate-snapshots/ow14-s0101.json,4,4,True
1538,ow14-1-r01538,gpt_enriched,enriched,ow14-s0101,3,model-facing/enriched-candidate-snapshots/ow14-s0101.json,4,4,True
1539,ow14-1-r01539,gpt_minimal,minimal,ow14-s0101,4,model-facing/minimal-candidate-snapshots/ow14-s0101.json,4,4,True
1540,ow14-1-r01540,gpt_enriched,enriched,ow14-s0101,4,model-facing/enriched-candidate-snapshots/ow14-s0101.json,4,4,True
1541,ow14-1-r01541,gpt_minimal,minimal,ow14-s0101,5,model-facing/minimal-candidate-snapshots/ow14-s0101.json,4,4,True
1542,ow14-1-r01542,gpt_enriched,enriched,ow14-s0101,5,model-facing/enriched-candidate-snapshots/ow14-s0101.json,4,4,True
1543,ow14-1-r01543,gpt_minimal,minimal,ow14-s0102,1,model-facing/minimal-candidate-snapshots/ow14-s0102.json,4,4,True
1544,ow14-1-r01544,gpt_enriched,enriched,ow14-s0102,1,model-facing/enriched-candidate-snapshots/ow14-s0102.json,4,4,True
1545,ow14-1-r01545,gpt_minimal,minimal,ow14-s0102,2,model-facing/minimal-candidate-snapshots/ow14-s0102.json,4,4,True
1546,ow14-1-r01546,gpt_enriched,enriched,ow14-s0102,2,model-facing/enriched-candidate-snapshots/ow14-s0102.json,4,4,True
1547,ow14-1-r01547,gpt_minimal,minimal,ow14-s0102,3,model-facing/minimal-candidate-snapshots/ow14-s0102.json,4,4,True
1548,ow14-1-r01548,gpt_enriched,enriched,ow14-s0102,3,model-facing/enriched-candidate-snapshots/ow14-s0102.json,4,4,True
1549,ow14-1-r01549,gpt_minimal,minimal,ow14-s0102,4,model-facing/minimal-candidate-snapshots/ow14-s0102.json,4,4,True
1550,ow14-1-r01550,gpt_enriched,enriched,ow14-s0102,4,model-facing/enriched-candidate-snapshots/ow14-s0102.json,4,4,True
1551,ow14-1-r01551,gpt_minimal,minimal,ow14-s0102,5,model-facing/minimal-candidate-snapshots/ow14-s0102.json,4,4,True
1552,ow14-1-r01552,gpt_enriched,enriched,ow14-s0102,5,model-facing/enriched-candidate-snapshots/ow14-s0102.json,4,4,True
1553,ow14-1-r01553,gpt_minimal,minimal,ow14-s0103,1,model-facing/minimal-candidate-snapshots/ow14-s0103.json,4,4,True
1554,ow14-1-r01554,gpt_enriched,enriched,ow14-s0103,1,model-facing/enriched-candidate-snapshots/ow14-s0103.json,4,4,True
1555,ow14-1-r01555,gpt_minimal,minimal,ow14-s0103,2,model-facing/minimal-candidate-snapshots/ow14-s0103.json,4,4,True
1556,ow14-1-r01556,gpt_enriched,enriched,ow14-s0103,2,model-facing/enriched-candidate-snapshots/ow14-s0103.json,4,4,True
1557,ow14-1-r01557,gpt_minimal,minimal,ow14-s0103,3,model-facing/minimal-candidate-snapshots/ow14-s0103.json,4,4,True
1558,ow14-1-r01558,gpt_enriched,enriched,ow14-s0103,3,model-facing/enriched-candidate-snapshots/ow14-s0103.json,4,4,True
1559,ow14-1-r01559,gpt_minimal,minimal,ow14-s0103,4,model-facing/minimal-candidate-snapshots/ow14-s0103.json,4,4,True
1560,ow14-1-r01560,gpt_enriched,enriched,ow14-s0103,4,model-facing/enriched-candidate-snapshots/ow14-s0103.json,4,4,True
1561,ow14-1-r01561,gpt_minimal,minimal,ow14-s0103,5,model-facing/minimal-candidate-snapshots/ow14-s0103.json,4,4,True
1562,ow14-1-r01562,gpt_enriched,enriched,ow14-s0103,5,model-facing/enriched-candidate-snapshots/ow14-s0103.json,4,4,True
1563,ow14-1-r01563,gpt_minimal,minimal,ow14-s0104,1,model-facing/minimal-candidate-snapshots/ow14-s0104.json,4,4,True
1564,ow14-1-r01564,gpt_enriched,enriched,ow14-s0104,1,model-facing/enriched-candidate-snapshots/ow14-s0104.json,4,4,True
1565,ow14-1-r01565,gpt_minimal,minimal,ow14-s0104,2,model-facing/minimal-candidate-snapshots/ow14-s0104.json,4,4,True
1566,ow14-1-r01566,gpt_enriched,enriched,ow14-s0104,2,model-facing/enriched-candidate-snapshots/ow14-s0104.json,4,4,True
1567,ow14-1-r01567,gpt_minimal,minimal,ow14-s0104,3,model-facing/minimal-candidate-snapshots/ow14-s0104.json,4,4,True
1568,ow14-1-r01568,gpt_enriched,enriched,ow14-s0104,3,model-facing/enriched-candidate-snapshots/ow14-s0104.json,4,4,True
1569,ow14-1-r01569,gpt_minimal,minimal,ow14-s0104,4,model-facing/minimal-candidate-snapshots/ow14-s0104.json,4,4,True
1570,ow14-1-r01570,gpt_enriched,enriched,ow14-s0104,4,model-facing/enriched-candidate-snapshots/ow14-s0104.json,4,4,True
1571,ow14-1-r01571,gpt_minimal,minimal,ow14-s0104,5,model-facing/minimal-candidate-snapshots/ow14-s0104.json,4,4,True
1572,ow14-1-r01572,gpt_enriched,enriched,ow14-s0104,5,model-facing/enriched-candidate-snapshots/ow14-s0104.json,4,4,True
1573,ow14-1-r01573,gpt_minimal,minimal,ow14-s0105,1,model-facing/minimal-candidate-snapshots/ow14-s0105.json,4,4,True
1574,ow14-1-r01574,gpt_enriched,enriched,ow14-s0105,1,model-facing/enriched-candidate-snapshots/ow14-s0105.json,4,4,True
1575,ow14-1-r01575,gpt_minimal,minimal,ow14-s0105,2,model-facing/minimal-candidate-snapshots/ow14-s0105.json,4,4,True
1576,ow14-1-r01576,gpt_enriched,enriched,ow14-s0105,2,model-facing/enriched-candidate-snapshots/ow14-s0105.json,4,4,True
1577,ow14-1-r01577,gpt_minimal,minimal,ow14-s0105,3,model-facing/minimal-candidate-snapshots/ow14-s0105.json,4,4,True
1578,ow14-1-r01578,gpt_enriched,enriched,ow14-s0105,3,model-facing/enriched-candidate-snapshots/ow14-s0105.json,4,4,True
1579,ow14-1-r01579,gpt_minimal,minimal,ow14-s0105,4,model-facing/minimal-candidate-snapshots/ow14-s0105.json,4,4,True
1580,ow14-1-r01580,gpt_enriched,enriched,ow14-s0105,4,model-facing/enriched-candidate-snapshots/ow14-s0105.json,4,4,True
1581,ow14-1-r01581,gpt_minimal,minimal,ow14-s0105,5,model-facing/minimal-candidate-snapshots/ow14-s0105.json,4,4,True
1582,ow14-1-r01582,gpt_enriched,enriched,ow14-s0105,5,model-facing/enriched-candidate-snapshots/ow14-s0105.json,4,4,True
1583,ow14-1-r01583,gpt_minimal,minimal,ow14-s0106,1,model-facing/minimal-candidate-snapshots/ow14-s0106.json,4,4,True
1584,ow14-1-r01584,gpt_enriched,enriched,ow14-s0106,1,model-facing/enriched-candidate-snapshots/ow14-s0106.json,4,4,True
1585,ow14-1-r01585,gpt_minimal,minimal,ow14-s0106,2,model-facing/minimal-candidate-snapshots/ow14-s0106.json,4,4,True
1586,ow14-1-r01586,gpt_enriched,enriched,ow14-s0106,2,model-facing/enriched-candidate-snapshots/ow14-s0106.json,4,4,True
1587,ow14-1-r01587,gpt_minimal,minimal,ow14-s0106,3,model-facing/minimal-candidate-snapshots/ow14-s0106.json,4,4,True
1588,ow14-1-r01588,gpt_enriched,enriched,ow14-s0106,3,model-facing/enriched-candidate-snapshots/ow14-s0106.json,4,4,True
1589,ow14-1-r01589,gpt_minimal,minimal,ow14-s0106,4,model-facing/minimal-candidate-snapshots/ow14-s0106.json,4,4,True
1590,ow14-1-r01590,gpt_enriched,enriched,ow14-s0106,4,model-facing/enriched-candidate-snapshots/ow14-s0106.json,4,4,True
1591,ow14-1-r01591,gpt_minimal,minimal,ow14-s0106,5,model-facing/minimal-candidate-snapshots/ow14-s0106.json,4,4,True
1592,ow14-1-r01592,gpt_enriched,enriched,ow14-s0106,5,model-facing/enriched-candidate-snapshots/ow14-s0106.json,4,4,True
1593,ow14-1-r01593,gpt_minimal,minimal,ow14-s0107,1,model-facing/minimal-candidate-snapshots/ow14-s0107.json,4,4,True
1594,ow14-1-r01594,gpt_enriched,enriched,ow14-s0107,1,model-facing/enriched-candidate-snapshots/ow14-s0107.json,4,4,True
1595,ow14-1-r01595,gpt_minimal,minimal,ow14-s0107,2,model-facing/minimal-candidate-snapshots/ow14-s0107.json,4,4,True
1596,ow14-1-r01596,gpt_enriched,enriched,ow14-s0107,2,model-facing/enriched-candidate-snapshots/ow14-s0107.json,4,4,True
1597,ow14-1-r01597,gpt_minimal,minimal,ow14-s0107,3,model-facing/minimal-candidate-snapshots/ow14-s0107.json,4,4,True
1598,ow14-1-r01598,gpt_enriched,enriched,ow14-s0107,3,model-facing/enriched-candidate-snapshots/ow14-s0107.json,4,4,True
1599,ow14-1-r01599,gpt_minimal,minimal,ow14-s0107,4,model-facing/minimal-candidate-snapshots/ow14-s0107.json,4,4,True
1600,ow14-1-r01600,gpt_enriched,enriched,ow14-s0107,4,model-facing/enriched-candidate-snapshots/ow14-s0107.json,4,4,True
1601,ow14-1-r01601,gpt_minimal,minimal,ow14-s0107,5,model-facing/minimal-candidate-snapshots/ow14-s0107.json,4,4,True
1602,ow14-1-r01602,gpt_enriched,enriched,ow14-s0107,5,model-facing/enriched-candidate-snapshots/ow14-s0107.json,4,4,True
1603,ow14-1-r01603,gpt_minimal,minimal,ow14-s0108,1,model-facing/minimal-candidate-snapshots/ow14-s0108.json,4,4,True
1604,ow14-1-r01604,gpt_enriched,enriched,ow14-s0108,1,model-facing/enriched-candidate-snapshots/ow14-s0108.json,4,4,True
1605,ow14-1-r01605,gpt_minimal,minimal,ow14-s0108,2,model-facing/minimal-candidate-snapshots/ow14-s0108.json,4,4,True
1606,ow14-1-r01606,gpt_enriched,enriched,ow14-s0108,2,model-facing/enriched-candidate-snapshots/ow14-s0108.json,4,4,True
1607,ow14-1-r01607,gpt_minimal,minimal,ow14-s0108,3,model-facing/minimal-candidate-snapshots/ow14-s0108.json,4,4,True
1608,ow14-1-r01608,gpt_enriched,enriched,ow14-s0108,3,model-facing/enriched-candidate-snapshots/ow14-s0108.json,4,4,True
1609,ow14-1-r01609,gpt_minimal,minimal,ow14-s0108,4,model-facing/minimal-candidate-snapshots/ow14-s0108.json,4,4,True
1610,ow14-1-r01610,gpt_enriched,enriched,ow14-s0108,4,model-facing/enriched-candidate-snapshots/ow14-s0108.json,4,4,True
1611,ow14-1-r01611,gpt_minimal,minimal,ow14-s0108,5,model-facing/minimal-candidate-snapshots/ow14-s0108.json,4,4,True
1612,ow14-1-r01612,gpt_enriched,enriched,ow14-s0108,5,model-facing/enriched-candidate-snapshots/ow14-s0108.json,4,4,True
1613,ow14-1-r01613,gpt_minimal,minimal,ow14-s0109,1,model-facing/minimal-candidate-snapshots/ow14-s0109.json,4,4,True
1614,ow14-1-r01614,gpt_enriched,enriched,ow14-s0109,1,model-facing/enriched-candidate-snapshots/ow14-s0109.json,4,4,True
1615,ow14-1-r01615,gpt_minimal,minimal,ow14-s0109,2,model-facing/minimal-candidate-snapshots/ow14-s0109.json,4,4,True
1616,ow14-1-r01616,gpt_enriched,enriched,ow14-s0109,2,model-facing/enriched-candidate-snapshots/ow14-s0109.json,4,4,True
1617,ow14-1-r01617,gpt_minimal,minimal,ow14-s0109,3,model-facing/minimal-candidate-snapshots/ow14-s0109.json,4,4,True
1618,ow14-1-r01618,gpt_enriched,enriched,ow14-s0109,3,model-facing/enriched-candidate-snapshots/ow14-s0109.json,4,4,True
1619,ow14-1-r01619,gpt_minimal,minimal,ow14-s0109,4,model-facing/minimal-candidate-snapshots/ow14-s0109.json,4,4,True
1620,ow14-1-r01620,gpt_enriched,enriched,ow14-s0109,4,model-facing/enriched-candidate-snapshots/ow14-s0109.json,4,4,True
1621,ow14-1-r01621,gpt_minimal,minimal,ow14-s0109,5,model-facing/minimal-candidate-snapshots/ow14-s0109.json,4,4,True
1622,ow14-1-r01622,gpt_enriched,enriched,ow14-s0109,5,model-facing/enriched-candidate-snapshots/ow14-s0109.json,4,4,True
1623,ow14-1-r01623,gpt_minimal,minimal,ow14-s0110,1,model-facing/minimal-candidate-snapshots/ow14-s0110.json,4,4,True
1624,ow14-1-r01624,gpt_enriched,enriched,ow14-s0110,1,model-facing/enriched-candidate-snapshots/ow14-s0110.json,4,4,True
1625,ow14-1-r01625,gpt_minimal,minimal,ow14-s0110,2,model-facing/minimal-candidate-snapshots/ow14-s0110.json,4,4,True
1626,ow14-1-r01626,gpt_enriched,enriched,ow14-s0110,2,model-facing/enriched-candidate-snapshots/ow14-s0110.json,4,4,True
1627,ow14-1-r01627,gpt_minimal,minimal,ow14-s0110,3,model-facing/minimal-candidate-snapshots/ow14-s0110.json,4,4,True
1628,ow14-1-r01628,gpt_enriched,enriched,ow14-s0110,3,model-facing/enriched-candidate-snapshots/ow14-s0110.json,4,4,True
1629,ow14-1-r01629,gpt_minimal,minimal,ow14-s0110,4,model-facing/minimal-candidate-snapshots/ow14-s0110.json,4,4,True
1630,ow14-1-r01630,gpt_enriched,enriched,ow14-s0110,4,model-facing/enriched-candidate-snapshots/ow14-s0110.json,4,4,True
1631,ow14-1-r01631,gpt_minimal,minimal,ow14-s0110,5,model-facing/minimal-candidate-snapshots/ow14-s0110.json,4,4,True
1632,ow14-1-r01632,gpt_enriched,enriched,ow14-s0110,5,model-facing/enriched-candidate-snapshots/ow14-s0110.json,4,4,True
1633,ow14-1-r01633,gpt_minimal,minimal,ow14-s0111,1,model-facing/minimal-candidate-snapshots/ow14-s0111.json,4,4,True
1634,ow14-1-r01634,gpt_enriched,enriched,ow14-s0111,1,model-facing/enriched-candidate-snapshots/ow14-s0111.json,4,4,True
1635,ow14-1-r01635,gpt_minimal,minimal,ow14-s0111,2,model-facing/minimal-candidate-snapshots/ow14-s0111.json,4,4,True
1636,ow14-1-r01636,gpt_enriched,enriched,ow14-s0111,2,model-facing/enriched-candidate-snapshots/ow14-s0111.json,4,4,True
1637,ow14-1-r01637,gpt_minimal,minimal,ow14-s0111,3,model-facing/minimal-candidate-snapshots/ow14-s0111.json,4,4,True
1638,ow14-1-r01638,gpt_enriched,enriched,ow14-s0111,3,model-facing/enriched-candidate-snapshots/ow14-s0111.json,4,4,True
1639,ow14-1-r01639,gpt_minimal,minimal,ow14-s0111,4,model-facing/minimal-candidate-snapshots/ow14-s0111.json,4,4,True
1640,ow14-1-r01640,gpt_enriched,enriched,ow14-s0111,4,model-facing/enriched-candidate-snapshots/ow14-s0111.json,4,4,True
1641,ow14-1-r01641,gpt_minimal,minimal,ow14-s0111,5,model-facing/minimal-candidate-snapshots/ow14-s0111.json,4,4,True
1642,ow14-1-r01642,gpt_enriched,enriched,ow14-s0111,5,model-facing/enriched-candidate-snapshots/ow14-s0111.json,4,4,True
1643,ow14-1-r01643,gpt_minimal,minimal,ow14-s0112,1,model-facing/minimal-candidate-snapshots/ow14-s0112.json,4,4,True
1644,ow14-1-r01644,gpt_enriched,enriched,ow14-s0112,1,model-facing/enriched-candidate-snapshots/ow14-s0112.json,4,4,True
1645,ow14-1-r01645,gpt_minimal,minimal,ow14-s0112,2,model-facing/minimal-candidate-snapshots/ow14-s0112.json,4,4,True
1646,ow14-1-r01646,gpt_enriched,enriched,ow14-s0112,2,model-facing/enriched-candidate-snapshots/ow14-s0112.json,4,4,True
1647,ow14-1-r01647,gpt_minimal,minimal,ow14-s0112,3,model-facing/minimal-candidate-snapshots/ow14-s0112.json,4,4,True
1648,ow14-1-r01648,gpt_enriched,enriched,ow14-s0112,3,model-facing/enriched-candidate-snapshots/ow14-s0112.json,4,4,True
1649,ow14-1-r01649,gpt_minimal,minimal,ow14-s0112,4,model-facing/minimal-candidate-snapshots/ow14-s0112.json,4,4,True
1650,ow14-1-r01650,gpt_enriched,enriched,ow14-s0112,4,model-facing/enriched-candidate-snapshots/ow14-s0112.json,4,4,True
1651,ow14-1-r01651,gpt_minimal,minimal,ow14-s0112,5,model-facing/minimal-candidate-snapshots/ow14-s0112.json,4,4,True
1652,ow14-1-r01652,gpt_enriched,enriched,ow14-s0112,5,model-facing/enriched-candidate-snapshots/ow14-s0112.json,4,4,True
1653,ow14-1-r01653,gpt_minimal,minimal,ow14-s0113,1,model-facing/minimal-candidate-snapshots/ow14-s0113.json,4,4,True
1654,ow14-1-r01654,gpt_enriched,enriched,ow14-s0113,1,model-facing/enriched-candidate-snapshots/ow14-s0113.json,4,4,True
1655,ow14-1-r01655,gpt_minimal,minimal,ow14-s0113,2,model-facing/minimal-candidate-snapshots/ow14-s0113.json,4,4,True
1656,ow14-1-r01656,gpt_enriched,enriched,ow14-s0113,2,model-facing/enriched-candidate-snapshots/ow14-s0113.json,4,4,True
1657,ow14-1-r01657,gpt_minimal,minimal,ow14-s0113,3,model-facing/minimal-candidate-snapshots/ow14-s0113.json,4,4,True
1658,ow14-1-r01658,gpt_enriched,enriched,ow14-s0113,3,model-facing/enriched-candidate-snapshots/ow14-s0113.json,4,4,True
1659,ow14-1-r01659,gpt_minimal,minimal,ow14-s0113,4,model-facing/minimal-candidate-snapshots/ow14-s0113.json,4,4,True
1660,ow14-1-r01660,gpt_enriched,enriched,ow14-s0113,4,model-facing/enriched-candidate-snapshots/ow14-s0113.json,4,4,True
1661,ow14-1-r01661,gpt_minimal,minimal,ow14-s0113,5,model-facing/minimal-candidate-snapshots/ow14-s0113.json,4,4,True
1662,ow14-1-r01662,gpt_enriched,enriched,ow14-s0113,5,model-facing/enriched-candidate-snapshots/ow14-s0113.json,4,4,True
1663,ow14-1-r01663,gpt_minimal,minimal,ow14-s0114,1,model-facing/minimal-candidate-snapshots/ow14-s0114.json,4,4,True
1664,ow14-1-r01664,gpt_enriched,enriched,ow14-s0114,1,model-facing/enriched-candidate-snapshots/ow14-s0114.json,4,4,True
1665,ow14-1-r01665,gpt_minimal,minimal,ow14-s0114,2,model-facing/minimal-candidate-snapshots/ow14-s0114.json,4,4,True
1666,ow14-1-r01666,gpt_enriched,enriched,ow14-s0114,2,model-facing/enriched-candidate-snapshots/ow14-s0114.json,4,4,True
1667,ow14-1-r01667,gpt_minimal,minimal,ow14-s0114,3,model-facing/minimal-candidate-snapshots/ow14-s0114.json,4,4,True
1668,ow14-1-r01668,gpt_enriched,enriched,ow14-s0114,3,model-facing/enriched-candidate-snapshots/ow14-s0114.json,4,4,True
1669,ow14-1-r01669,gpt_minimal,minimal,ow14-s0114,4,model-facing/minimal-candidate-snapshots/ow14-s0114.json,4,4,True
1670,ow14-1-r01670,gpt_enriched,enriched,ow14-s0114,4,model-facing/enriched-candidate-snapshots/ow14-s0114.json,4,4,True
1671,ow14-1-r01671,gpt_minimal,minimal,ow14-s0114,5,model-facing/minimal-candidate-snapshots/ow14-s0114.json,4,4,True
1672,ow14-1-r01672,gpt_enriched,enriched,ow14-s0114,5,model-facing/enriched-candidate-snapshots/ow14-s0114.json,4,4,True
1673,ow14-1-r01673,gpt_minimal,minimal,ow14-s0115,1,model-facing/minimal-candidate-snapshots/ow14-s0115.json,4,4,True
1674,ow14-1-r01674,gpt_enriched,enriched,ow14-s0115,1,model-facing/enriched-candidate-snapshots/ow14-s0115.json,4,4,True
1675,ow14-1-r01675,gpt_minimal,minimal,ow14-s0115,2,model-facing/minimal-candidate-snapshots/ow14-s0115.json,4,4,True
1676,ow14-1-r01676,gpt_enriched,enriched,ow14-s0115,2,model-facing/enriched-candidate-snapshots/ow14-s0115.json,4,4,True
1677,ow14-1-r01677,gpt_minimal,minimal,ow14-s0115,3,model-facing/minimal-candidate-snapshots/ow14-s0115.json,4,4,True
1678,ow14-1-r01678,gpt_enriched,enriched,ow14-s0115,3,model-facing/enriched-candidate-snapshots/ow14-s0115.json,4,4,True
1679,ow14-1-r01679,gpt_minimal,minimal,ow14-s0115,4,model-facing/minimal-candidate-snapshots/ow14-s0115.json,4,4,True
1680,ow14-1-r01680,gpt_enriched,enriched,ow14-s0115,4,model-facing/enriched-candidate-snapshots/ow14-s0115.json,4,4,True
1681,ow14-1-r01681,gpt_minimal,minimal,ow14-s0115,5,model-facing/minimal-candidate-snapshots/ow14-s0115.json,4,4,True
1682,ow14-1-r01682,gpt_enriched,enriched,ow14-s0115,5,model-facing/enriched-candidate-snapshots/ow14-s0115.json,4,4,True
1683,ow14-1-r01683,gpt_minimal,minimal,ow14-s0116,1,model-facing/minimal-candidate-snapshots/ow14-s0116.json,4,4,True
1684,ow14-1-r01684,gpt_enriched,enriched,ow14-s0116,1,model-facing/enriched-candidate-snapshots/ow14-s0116.json,4,4,True
1685,ow14-1-r01685,gpt_minimal,minimal,ow14-s0116,2,model-facing/minimal-candidate-snapshots/ow14-s0116.json,4,4,True
1686,ow14-1-r01686,gpt_enriched,enriched,ow14-s0116,2,model-facing/enriched-candidate-snapshots/ow14-s0116.json,4,4,True
1687,ow14-1-r01687,gpt_minimal,minimal,ow14-s0116,3,model-facing/minimal-candidate-snapshots/ow14-s0116.json,4,4,True
1688,ow14-1-r01688,gpt_enriched,enriched,ow14-s0116,3,model-facing/enriched-candidate-snapshots/ow14-s0116.json,4,4,True
1689,ow14-1-r01689,gpt_minimal,minimal,ow14-s0116,4,model-facing/minimal-candidate-snapshots/ow14-s0116.json,4,4,True
1690,ow14-1-r01690,gpt_enriched,enriched,ow14-s0116,4,model-facing/enriched-candidate-snapshots/ow14-s0116.json,4,4,True
1691,ow14-1-r01691,gpt_minimal,minimal,ow14-s0116,5,model-facing/minimal-candidate-snapshots/ow14-s0116.json,4,4,True
1692,ow14-1-r01692,gpt_enriched,enriched,ow14-s0116,5,model-facing/enriched-candidate-snapshots/ow14-s0116.json,4,4,True
1693,ow14-1-r01693,gpt_minimal,minimal,ow14-s0117,1,model-facing/minimal-candidate-snapshots/ow14-s0117.json,4,4,True
1694,ow14-1-r01694,gpt_enriched,enriched,ow14-s0117,1,model-facing/enriched-candidate-snapshots/ow14-s0117.json,4,4,True
1695,ow14-1-r01695,gpt_minimal,minimal,ow14-s0117,2,model-facing/minimal-candidate-snapshots/ow14-s0117.json,4,4,True
1696,ow14-1-r01696,gpt_enriched,enriched,ow14-s0117,2,model-facing/enriched-candidate-snapshots/ow14-s0117.json,4,4,True
1697,ow14-1-r01697,gpt_minimal,minimal,ow14-s0117,3,model-facing/minimal-candidate-snapshots/ow14-s0117.json,4,4,True
1698,ow14-1-r01698,gpt_enriched,enriched,ow14-s0117,3,model-facing/enriched-candidate-snapshots/ow14-s0117.json,4,4,True
1699,ow14-1-r01699,gpt_minimal,minimal,ow14-s0117,4,model-facing/minimal-candidate-snapshots/ow14-s0117.json,4,4,True
1700,ow14-1-r01700,gpt_enriched,enriched,ow14-s0117,4,model-facing/enriched-candidate-snapshots/ow14-s0117.json,4,4,True
1701,ow14-1-r01701,gpt_minimal,minimal,ow14-s0117,5,model-facing/minimal-candidate-snapshots/ow14-s0117.json,4,4,True
1702,ow14-1-r01702,gpt_enriched,enriched,ow14-s0117,5,model-facing/enriched-candidate-snapshots/ow14-s0117.json,4,4,True
1703,ow14-1-r01703,gpt_minimal,minimal,ow14-s0118,1,model-facing/minimal-candidate-snapshots/ow14-s0118.json,4,4,True
1704,ow14-1-r01704,gpt_enriched,enriched,ow14-s0118,1,model-facing/enriched-candidate-snapshots/ow14-s0118.json,4,4,True
1705,ow14-1-r01705,gpt_minimal,minimal,ow14-s0118,2,model-facing/minimal-candidate-snapshots/ow14-s0118.json,4,4,True
1706,ow14-1-r01706,gpt_enriched,enriched,ow14-s0118,2,model-facing/enriched-candidate-snapshots/ow14-s0118.json,4,4,True
1707,ow14-1-r01707,gpt_minimal,minimal,ow14-s0118,3,model-facing/minimal-candidate-snapshots/ow14-s0118.json,4,4,True
1708,ow14-1-r01708,gpt_enriched,enriched,ow14-s0118,3,model-facing/enriched-candidate-snapshots/ow14-s0118.json,4,4,True
1709,ow14-1-r01709,gpt_minimal,minimal,ow14-s0118,4,model-facing/minimal-candidate-snapshots/ow14-s0118.json,4,4,True
1710,ow14-1-r01710,gpt_enriched,enriched,ow14-s0118,4,model-facing/enriched-candidate-snapshots/ow14-s0118.json,4,4,True
1711,ow14-1-r01711,gpt_minimal,minimal,ow14-s0118,5,model-facing/minimal-candidate-snapshots/ow14-s0118.json,4,4,True
1712,ow14-1-r01712,gpt_enriched,enriched,ow14-s0118,5,model-facing/enriched-candidate-snapshots/ow14-s0118.json,4,4,True
1713,ow14-1-r01713,gpt_minimal,minimal,ow14-s0119,1,model-facing/minimal-candidate-snapshots/ow14-s0119.json,4,4,True
1714,ow14-1-r01714,gpt_enriched,enriched,ow14-s0119,1,model-facing/enriched-candidate-snapshots/ow14-s0119.json,4,4,True
1715,ow14-1-r01715,gpt_minimal,minimal,ow14-s0119,2,model-facing/minimal-candidate-snapshots/ow14-s0119.json,4,4,True
1716,ow14-1-r01716,gpt_enriched,enriched,ow14-s0119,2,model-facing/enriched-candidate-snapshots/ow14-s0119.json,4,4,True
1717,ow14-1-r01717,gpt_minimal,minimal,ow14-s0119,3,model-facing/minimal-candidate-snapshots/ow14-s0119.json,4,4,True
1718,ow14-1-r01718,gpt_enriched,enriched,ow14-s0119,3,model-facing/enriched-candidate-snapshots/ow14-s0119.json,4,4,True
1719,ow14-1-r01719,gpt_minimal,minimal,ow14-s0119,4,model-facing/minimal-candidate-snapshots/ow14-s0119.json,4,4,True
1720,ow14-1-r01720,gpt_enriched,enriched,ow14-s0119,4,model-facing/enriched-candidate-snapshots/ow14-s0119.json,4,4,True
1721,ow14-1-r01721,gpt_minimal,minimal,ow14-s0119,5,model-facing/minimal-candidate-snapshots/ow14-s0119.json,4,4,True
1722,ow14-1-r01722,gpt_enriched,enriched,ow14-s0119,5,model-facing/enriched-candidate-snapshots/ow14-s0119.json,4,4,True
1723,ow14-1-r01723,gpt_minimal,minimal,ow14-s0120,1,model-facing/minimal-candidate-snapshots/ow14-s0120.json,4,4,True
1724,ow14-1-r01724,gpt_enriched,enriched,ow14-s0120,1,model-facing/enriched-candidate-snapshots/ow14-s0120.json,4,4,True
1725,ow14-1-r01725,gpt_minimal,minimal,ow14-s0120,2,model-facing/minimal-candidate-snapshots/ow14-s0120.json,4,4,True
1726,ow14-1-r01726,gpt_enriched,enriched,ow14-s0120,2,model-facing/enriched-candidate-snapshots/ow14-s0120.json,4,4,True
1727,ow14-1-r01727,gpt_minimal,minimal,ow14-s0120,3,model-facing/minimal-candidate-snapshots/ow14-s0120.json,4,4,True
1728,ow14-1-r01728,gpt_enriched,enriched,ow14-s0120,3,model-facing/enriched-candidate-snapshots/ow14-s0120.json,4,4,True
1729,ow14-1-r01729,gpt_minimal,minimal,ow14-s0120,4,model-facing/minimal-candidate-snapshots/ow14-s0120.json,4,4,True
1730,ow14-1-r01730,gpt_enriched,enriched,ow14-s0120,4,model-facing/enriched-candidate-snapshots/ow14-s0120.json,4,4,True
1731,ow14-1-r01731,gpt_minimal,minimal,ow14-s0120,5,model-facing/minimal-candidate-snapshots/ow14-s0120.json,4,4,True
1732,ow14-1-r01732,gpt_enriched,enriched,ow14-s0120,5,model-facing/enriched-candidate-snapshots/ow14-s0120.json,4,4,True
1733,ow14-1-r01733,gpt_minimal,minimal,ow14-s0121,1,model-facing/minimal-candidate-snapshots/ow14-s0121.json,4,4,True
1734,ow14-1-r01734,gpt_enriched,enriched,ow14-s0121,1,model-facing/enriched-candidate-snapshots/ow14-s0121.json,4,4,True
1735,ow14-1-r01735,gpt_minimal,minimal,ow14-s0121,2,model-facing/minimal-candidate-snapshots/ow14-s0121.json,4,4,True
1736,ow14-1-r01736,gpt_enriched,enriched,ow14-s0121,2,model-facing/enriched-candidate-snapshots/ow14-s0121.json,4,4,True
1737,ow14-1-r01737,gpt_minimal,minimal,ow14-s0121,3,model-facing/minimal-candidate-snapshots/ow14-s0121.json,4,4,True
1738,ow14-1-r01738,gpt_enriched,enriched,ow14-s0121,3,model-facing/enriched-candidate-snapshots/ow14-s0121.json,4,4,True
1739,ow14-1-r01739,gpt_minimal,minimal,ow14-s0121,4,model-facing/minimal-candidate-snapshots/ow14-s0121.json,4,4,True
1740,ow14-1-r01740,gpt_enriched,enriched,ow14-s0121,4,model-facing/enriched-candidate-snapshots/ow14-s0121.json,4,4,True
1741,ow14-1-r01741,gpt_minimal,minimal,ow14-s0121,5,model-facing/minimal-candidate-snapshots/ow14-s0121.json,4,4,True
1742,ow14-1-r01742,gpt_enriched,enriched,ow14-s0121,5,model-facing/enriched-candidate-snapshots/ow14-s0121.json,4,4,True
1743,ow14-1-r01743,gpt_minimal,minimal,ow14-s0122,1,model-facing/minimal-candidate-snapshots/ow14-s0122.json,4,4,True
1744,ow14-1-r01744,gpt_enriched,enriched,ow14-s0122,1,model-facing/enriched-candidate-snapshots/ow14-s0122.json,4,4,True
1745,ow14-1-r01745,gpt_minimal,minimal,ow14-s0122,2,model-facing/minimal-candidate-snapshots/ow14-s0122.json,4,4,True
1746,ow14-1-r01746,gpt_enriched,enriched,ow14-s0122,2,model-facing/enriched-candidate-snapshots/ow14-s0122.json,4,4,True
1747,ow14-1-r01747,gpt_minimal,minimal,ow14-s0122,3,model-facing/minimal-candidate-snapshots/ow14-s0122.json,4,4,True
1748,ow14-1-r01748,gpt_enriched,enriched,ow14-s0122,3,model-facing/enriched-candidate-snapshots/ow14-s0122.json,4,4,True
1749,ow14-1-r01749,gpt_minimal,minimal,ow14-s0122,4,model-facing/minimal-candidate-snapshots/ow14-s0122.json,4,4,True
1750,ow14-1-r01750,gpt_enriched,enriched,ow14-s0122,4,model-facing/enriched-candidate-snapshots/ow14-s0122.json,4,4,True
1751,ow14-1-r01751,gpt_minimal,minimal,ow14-s0122,5,model-facing/minimal-candidate-snapshots/ow14-s0122.json,4,4,True
1752,ow14-1-r01752,gpt_enriched,enriched,ow14-s0122,5,model-facing/enriched-candidate-snapshots/ow14-s0122.json,4,4,True
1753,ow14-1-r01753,gpt_minimal,minimal,ow14-s0123,1,model-facing/minimal-candidate-snapshots/ow14-s0123.json,4,4,True
1754,ow14-1-r01754,gpt_enriched,enriched,ow14-s0123,1,model-facing/enriched-candidate-snapshots/ow14-s0123.json,4,4,True
1755,ow14-1-r01755,gpt_minimal,minimal,ow14-s0123,2,model-facing/minimal-candidate-snapshots/ow14-s0123.json,4,4,True
1756,ow14-1-r01756,gpt_enriched,enriched,ow14-s0123,2,model-facing/enriched-candidate-snapshots/ow14-s0123.json,4,4,True
1757,ow14-1-r01757,gpt_minimal,minimal,ow14-s0123,3,model-facing/minimal-candidate-snapshots/ow14-s0123.json,4,4,True
1758,ow14-1-r01758,gpt_enriched,enriched,ow14-s0123,3,model-facing/enriched-candidate-snapshots/ow14-s0123.json,4,4,True
1759,ow14-1-r01759,gpt_minimal,minimal,ow14-s0123,4,model-facing/minimal-candidate-snapshots/ow14-s0123.json,4,4,True
1760,ow14-1-r01760,gpt_enriched,enriched,ow14-s0123,4,model-facing/enriched-candidate-snapshots/ow14-s0123.json,4,4,True
1761,ow14-1-r01761,gpt_minimal,minimal,ow14-s0123,5,model-facing/minimal-candidate-snapshots/ow14-s0123.json,4,4,True
1762,ow14-1-r01762,gpt_enriched,enriched,ow14-s0123,5,model-facing/enriched-candidate-snapshots/ow14-s0123.json,4,4,True
1763,ow14-1-r01763,gpt_minimal,minimal,ow14-s0124,1,model-facing/minimal-candidate-snapshots/ow14-s0124.json,4,4,True
1764,ow14-1-r01764,gpt_enriched,enriched,ow14-s0124,1,model-facing/enriched-candidate-snapshots/ow14-s0124.json,4,4,True
1765,ow14-1-r01765,gpt_minimal,minimal,ow14-s0124,2,model-facing/minimal-candidate-snapshots/ow14-s0124.json,4,4,True
1766,ow14-1-r01766,gpt_enriched,enriched,ow14-s0124,2,model-facing/enriched-candidate-snapshots/ow14-s0124.json,4,4,True
1767,ow14-1-r01767,gpt_minimal,minimal,ow14-s0124,3,model-facing/minimal-candidate-snapshots/ow14-s0124.json,4,4,True
1768,ow14-1-r01768,gpt_enriched,enriched,ow14-s0124,3,model-facing/enriched-candidate-snapshots/ow14-s0124.json,4,4,True
1769,ow14-1-r01769,gpt_minimal,minimal,ow14-s0124,4,model-facing/minimal-candidate-snapshots/ow14-s0124.json,4,4,True
1770,ow14-1-r01770,gpt_enriched,enriched,ow14-s0124,4,model-facing/enriched-candidate-snapshots/ow14-s0124.json,4,4,True
1771,ow14-1-r01771,gpt_minimal,minimal,ow14-s0124,5,model-facing/minimal-candidate-snapshots/ow14-s0124.json,4,4,True
1772,ow14-1-r01772,gpt_enriched,enriched,ow14-s0124,5,model-facing/enriched-candidate-snapshots/ow14-s0124.json,4,4,True
1773,ow14-1-r01773,gpt_minimal,minimal,ow14-s0125,1,model-facing/minimal-candidate-snapshots/ow14-s0125.json,4,4,True
1774,ow14-1-r01774,gpt_enriched,enriched,ow14-s0125,1,model-facing/enriched-candidate-snapshots/ow14-s0125.json,4,4,True
1775,ow14-1-r01775,gpt_minimal,minimal,ow14-s0125,2,model-facing/minimal-candidate-snapshots/ow14-s0125.json,4,4,True
1776,ow14-1-r01776,gpt_enriched,enriched,ow14-s0125,2,model-facing/enriched-candidate-snapshots/ow14-s0125.json,4,4,True
1777,ow14-1-r01777,gpt_minimal,minimal,ow14-s0125,3,model-facing/minimal-candidate-snapshots/ow14-s0125.json,4,4,True
1778,ow14-1-r01778,gpt_enriched,enriched,ow14-s0125,3,model-facing/enriched-candidate-snapshots/ow14-s0125.json,4,4,True
1779,ow14-1-r01779,gpt_minimal,minimal,ow14-s0125,4,model-facing/minimal-candidate-snapshots/ow14-s0125.json,4,4,True
1780,ow14-1-r01780,gpt_enriched,enriched,ow14-s0125,4,model-facing/enriched-candidate-snapshots/ow14-s0125.json,4,4,True
1781,ow14-1-r01781,gpt_minimal,minimal,ow14-s0125,5,model-facing/minimal-candidate-snapshots/ow14-s0125.json,4,4,True
1782,ow14-1-r01782,gpt_enriched,enriched,ow14-s0125,5,model-facing/enriched-candidate-snapshots/ow14-s0125.json,4,4,True
1783,ow14-1-r01783,gpt_minimal,minimal,ow14-s0126,1,model-facing/minimal-candidate-snapshots/ow14-s0126.json,4,4,True
1784,ow14-1-r01784,gpt_enriched,enriched,ow14-s0126,1,model-facing/enriched-candidate-snapshots/ow14-s0126.json,4,4,True
1785,ow14-1-r01785,gpt_minimal,minimal,ow14-s0126,2,model-facing/minimal-candidate-snapshots/ow14-s0126.json,4,4,True
1786,ow14-1-r01786,gpt_enriched,enriched,ow14-s0126,2,model-facing/enriched-candidate-snapshots/ow14-s0126.json,4,4,True
1787,ow14-1-r01787,gpt_minimal,minimal,ow14-s0126,3,model-facing/minimal-candidate-snapshots/ow14-s0126.json,4,4,True
1788,ow14-1-r01788,gpt_enriched,enriched,ow14-s0126,3,model-facing/enriched-candidate-snapshots/ow14-s0126.json,4,4,True
1789,ow14-1-r01789,gpt_minimal,minimal,ow14-s0126,4,model-facing/minimal-candidate-snapshots/ow14-s0126.json,4,4,True
1790,ow14-1-r01790,gpt_enriched,enriched,ow14-s0126,4,model-facing/enriched-candidate-snapshots/ow14-s0126.json,4,4,True
1791,ow14-1-r01791,gpt_minimal,minimal,ow14-s0126,5,model-facing/minimal-candidate-snapshots/ow14-s0126.json,4,4,True
1792,ow14-1-r01792,gpt_enriched,enriched,ow14-s0126,5,model-facing/enriched-candidate-snapshots/ow14-s0126.json,4,4,True
1793,ow14-1-r01793,gpt_minimal,minimal,ow14-s0127,1,model-facing/minimal-candidate-snapshots/ow14-s0127.json,4,4,True
1794,ow14-1-r01794,gpt_enriched,enriched,ow14-s0127,1,model-facing/enriched-candidate-snapshots/ow14-s0127.json,4,4,True
1795,ow14-1-r01795,gpt_minimal,minimal,ow14-s0127,2,model-facing/minimal-candidate-snapshots/ow14-s0127.json,4,4,True
1796,ow14-1-r01796,gpt_enriched,enriched,ow14-s0127,2,model-facing/enriched-candidate-snapshots/ow14-s0127.json,4,4,True
1797,ow14-1-r01797,gpt_minimal,minimal,ow14-s0127,3,model-facing/minimal-candidate-snapshots/ow14-s0127.json,4,4,True
1798,ow14-1-r01798,gpt_enriched,enriched,ow14-s0127,3,model-facing/enriched-candidate-snapshots/ow14-s0127.json,4,4,True
1799,ow14-1-r01799,gpt_minimal,minimal,ow14-s0127,4,model-facing/minimal-candidate-snapshots/ow14-s0127.json,4,4,True
1800,ow14-1-r01800,gpt_enriched,enriched,ow14-s0127,4,model-facing/enriched-candidate-snapshots/ow14-s0127.json,4,4,True
1801,ow14-1-r01801,gpt_minimal,minimal,ow14-s0127,5,model-facing/minimal-candidate-snapshots/ow14-s0127.json,4,4,True
1802,ow14-1-r01802,gpt_enriched,enriched,ow14-s0127,5,model-facing/enriched-candidate-snapshots/ow14-s0127.json,4,4,True
1803,ow14-1-r01803,gpt_minimal,minimal,ow14-s0128,1,model-facing/minimal-candidate-snapshots/ow14-s0128.json,4,4,True
1804,ow14-1-r01804,gpt_enriched,enriched,ow14-s0128,1,model-facing/enriched-candidate-snapshots/ow14-s0128.json,4,4,True
1805,ow14-1-r01805,gpt_minimal,minimal,ow14-s0128,2,model-facing/minimal-candidate-snapshots/ow14-s0128.json,4,4,True
1806,ow14-1-r01806,gpt_enriched,enriched,ow14-s0128,2,model-facing/enriched-candidate-snapshots/ow14-s0128.json,4,4,True
1807,ow14-1-r01807,gpt_minimal,minimal,ow14-s0128,3,model-facing/minimal-candidate-snapshots/ow14-s0128.json,4,4,True
1808,ow14-1-r01808,gpt_enriched,enriched,ow14-s0128,3,model-facing/enriched-candidate-snapshots/ow14-s0128.json,4,4,True
1809,ow14-1-r01809,gpt_minimal,minimal,ow14-s0128,4,model-facing/minimal-candidate-snapshots/ow14-s0128.json,4,4,True
1810,ow14-1-r01810,gpt_enriched,enriched,ow14-s0128,4,model-facing/enriched-candidate-snapshots/ow14-s0128.json,4,4,True
1811,ow14-1-r01811,gpt_minimal,minimal,ow14-s0128,5,model-facing/minimal-candidate-snapshots/ow14-s0128.json,4,4,True
1812,ow14-1-r01812,gpt_enriched,enriched,ow14-s0128,5,model-facing/enriched-candidate-snapshots/ow14-s0128.json,4,4,True
1813,ow14-1-r01813,gpt_minimal,minimal,ow14-s0129,1,model-facing/minimal-candidate-snapshots/ow14-s0129.json,4,4,True
1814,ow14-1-r01814,gpt_enriched,enriched,ow14-s0129,1,model-facing/enriched-candidate-snapshots/ow14-s0129.json,4,4,True
1815,ow14-1-r01815,gpt_minimal,minimal,ow14-s0129,2,model-facing/minimal-candidate-snapshots/ow14-s0129.json,4,4,True
1816,ow14-1-r01816,gpt_enriched,enriched,ow14-s0129,2,model-facing/enriched-candidate-snapshots/ow14-s0129.json,4,4,True
1817,ow14-1-r01817,gpt_minimal,minimal,ow14-s0129,3,model-facing/minimal-candidate-snapshots/ow14-s0129.json,4,4,True
1818,ow14-1-r01818,gpt_enriched,enriched,ow14-s0129,3,model-facing/enriched-candidate-snapshots/ow14-s0129.json,4,4,True
1819,ow14-1-r01819,gpt_minimal,minimal,ow14-s0129,4,model-facing/minimal-candidate-snapshots/ow14-s0129.json,4,4,True
1820,ow14-1-r01820,gpt_enriched,enriched,ow14-s0129,4,model-facing/enriched-candidate-snapshots/ow14-s0129.json,4,4,True
1821,ow14-1-r01821,gpt_minimal,minimal,ow14-s0129,5,model-facing/minimal-candidate-snapshots/ow14-s0129.json,4,4,True
1822,ow14-1-r01822,gpt_enriched,enriched,ow14-s0129,5,model-facing/enriched-candidate-snapshots/ow14-s0129.json,4,4,True
1823,ow14-1-r01823,gpt_minimal,minimal,ow14-s0130,1,model-facing/minimal-candidate-snapshots/ow14-s0130.json,4,4,True
1824,ow14-1-r01824,gpt_enriched,enriched,ow14-s0130,1,model-facing/enriched-candidate-snapshots/ow14-s0130.json,4,4,True
1825,ow14-1-r01825,gpt_minimal,minimal,ow14-s0130,2,model-facing/minimal-candidate-snapshots/ow14-s0130.json,4,4,True
1826,ow14-1-r01826,gpt_enriched,enriched,ow14-s0130,2,model-facing/enriched-candidate-snapshots/ow14-s0130.json,4,4,True
1827,ow14-1-r01827,gpt_minimal,minimal,ow14-s0130,3,model-facing/minimal-candidate-snapshots/ow14-s0130.json,4,4,True
1828,ow14-1-r01828,gpt_enriched,enriched,ow14-s0130,3,model-facing/enriched-candidate-snapshots/ow14-s0130.json,4,4,True
1829,ow14-1-r01829,gpt_minimal,minimal,ow14-s0130,4,model-facing/minimal-candidate-snapshots/ow14-s0130.json,4,4,True
1830,ow14-1-r01830,gpt_enriched,enriched,ow14-s0130,4,model-facing/enriched-candidate-snapshots/ow14-s0130.json,4,4,True
1831,ow14-1-r01831,gpt_minimal,minimal,ow14-s0130,5,model-facing/minimal-candidate-snapshots/ow14-s0130.json,4,4,True
1832,ow14-1-r01832,gpt_enriched,enriched,ow14-s0130,5,model-facing/enriched-candidate-snapshots/ow14-s0130.json,4,4,True
1833,ow14-1-r01833,gpt_minimal,minimal,ow14-s0131,1,model-facing/minimal-candidate-snapshots/ow14-s0131.json,4,4,True
1834,ow14-1-r01834,gpt_enriched,enriched,ow14-s0131,1,model-facing/enriched-candidate-snapshots/ow14-s0131.json,4,4,True
1835,ow14-1-r01835,gpt_minimal,minimal,ow14-s0131,2,model-facing/minimal-candidate-snapshots/ow14-s0131.json,4,4,True
1836,ow14-1-r01836,gpt_enriched,enriched,ow14-s0131,2,model-facing/enriched-candidate-snapshots/ow14-s0131.json,4,4,True
1837,ow14-1-r01837,gpt_minimal,minimal,ow14-s0131,3,model-facing/minimal-candidate-snapshots/ow14-s0131.json,4,4,True
1838,ow14-1-r01838,gpt_enriched,enriched,ow14-s0131,3,model-facing/enriched-candidate-snapshots/ow14-s0131.json,4,4,True
1839,ow14-1-r01839,gpt_minimal,minimal,ow14-s0131,4,model-facing/minimal-candidate-snapshots/ow14-s0131.json,4,4,True
1840,ow14-1-r01840,gpt_enriched,enriched,ow14-s0131,4,model-facing/enriched-candidate-snapshots/ow14-s0131.json,4,4,True
1841,ow14-1-r01841,gpt_minimal,minimal,ow14-s0131,5,model-facing/minimal-candidate-snapshots/ow14-s0131.json,4,4,True
1842,ow14-1-r01842,gpt_enriched,enriched,ow14-s0131,5,model-facing/enriched-candidate-snapshots/ow14-s0131.json,4,4,True
1843,ow14-1-r01843,gpt_minimal,minimal,ow14-s0132,1,model-facing/minimal-candidate-snapshots/ow14-s0132.json,4,4,True
1844,ow14-1-r01844,gpt_enriched,enriched,ow14-s0132,1,model-facing/enriched-candidate-snapshots/ow14-s0132.json,4,4,True
1845,ow14-1-r01845,gpt_minimal,minimal,ow14-s0132,2,model-facing/minimal-candidate-snapshots/ow14-s0132.json,4,4,True
1846,ow14-1-r01846,gpt_enriched,enriched,ow14-s0132,2,model-facing/enriched-candidate-snapshots/ow14-s0132.json,4,4,True
1847,ow14-1-r01847,gpt_minimal,minimal,ow14-s0132,3,model-facing/minimal-candidate-snapshots/ow14-s0132.json,4,4,True
1848,ow14-1-r01848,gpt_enriched,enriched,ow14-s0132,3,model-facing/enriched-candidate-snapshots/ow14-s0132.json,4,4,True
1849,ow14-1-r01849,gpt_minimal,minimal,ow14-s0132,4,model-facing/minimal-candidate-snapshots/ow14-s0132.json,4,4,True
1850,ow14-1-r01850,gpt_enriched,enriched,ow14-s0132,4,model-facing/enriched-candidate-snapshots/ow14-s0132.json,4,4,True
1851,ow14-1-r01851,gpt_minimal,minimal,ow14-s0132,5,model-facing/minimal-candidate-snapshots/ow14-s0132.json,4,4,True
1852,ow14-1-r01852,gpt_enriched,enriched,ow14-s0132,5,model-facing/enriched-candidate-snapshots/ow14-s0132.json,4,4,True
1853,ow14-1-r01853,gpt_minimal,minimal,ow14-s0133,1,model-facing/minimal-candidate-snapshots/ow14-s0133.json,4,4,True
1854,ow14-1-r01854,gpt_enriched,enriched,ow14-s0133,1,model-facing/enriched-candidate-snapshots/ow14-s0133.json,4,4,True
1855,ow14-1-r01855,gpt_minimal,minimal,ow14-s0133,2,model-facing/minimal-candidate-snapshots/ow14-s0133.json,4,4,True
1856,ow14-1-r01856,gpt_enriched,enriched,ow14-s0133,2,model-facing/enriched-candidate-snapshots/ow14-s0133.json,4,4,True
1857,ow14-1-r01857,gpt_minimal,minimal,ow14-s0133,3,model-facing/minimal-candidate-snapshots/ow14-s0133.json,4,4,True
1858,ow14-1-r01858,gpt_enriched,enriched,ow14-s0133,3,model-facing/enriched-candidate-snapshots/ow14-s0133.json,4,4,True
1859,ow14-1-r01859,gpt_minimal,minimal,ow14-s0133,4,model-facing/minimal-candidate-snapshots/ow14-s0133.json,4,4,True
1860,ow14-1-r01860,gpt_enriched,enriched,ow14-s0133,4,model-facing/enriched-candidate-snapshots/ow14-s0133.json,4,4,True
1861,ow14-1-r01861,gpt_minimal,minimal,ow14-s0133,5,model-facing/minimal-candidate-snapshots/ow14-s0133.json,4,4,True
1862,ow14-1-r01862,gpt_enriched,enriched,ow14-s0133,5,model-facing/enriched-candidate-snapshots/ow14-s0133.json,4,4,True
1863,ow14-1-r01863,gpt_minimal,minimal,ow14-s0134,1,model-facing/minimal-candidate-snapshots/ow14-s0134.json,4,4,True
1864,ow14-1-r01864,gpt_enriched,enriched,ow14-s0134,1,model-facing/enriched-candidate-snapshots/ow14-s0134.json,4,4,True
1865,ow14-1-r01865,gpt_minimal,minimal,ow14-s0134,2,model-facing/minimal-candidate-snapshots/ow14-s0134.json,4,4,True
1866,ow14-1-r01866,gpt_enriched,enriched,ow14-s0134,2,model-facing/enriched-candidate-snapshots/ow14-s0134.json,4,4,True
1867,ow14-1-r01867,gpt_minimal,minimal,ow14-s0134,3,model-facing/minimal-candidate-snapshots/ow14-s0134.json,4,4,True
1868,ow14-1-r01868,gpt_enriched,enriched,ow14-s0134,3,model-facing/enriched-candidate-snapshots/ow14-s0134.json,4,4,True
1869,ow14-1-r01869,gpt_minimal,minimal,ow14-s0134,4,model-facing/minimal-candidate-snapshots/ow14-s0134.json,4,4,True
1870,ow14-1-r01870,gpt_enriched,enriched,ow14-s0134,4,model-facing/enriched-candidate-snapshots/ow14-s0134.json,4,4,True
1871,ow14-1-r01871,gpt_minimal,minimal,ow14-s0134,5,model-facing/minimal-candidate-snapshots/ow14-s0134.json,4,4,True
1872,ow14-1-r01872,gpt_enriched,enriched,ow14-s0134,5,model-facing/enriched-candidate-snapshots/ow14-s0134.json,4,4,True
1873,ow14-1-r01873,gpt_minimal,minimal,ow14-s0135,1,model-facing/minimal-candidate-snapshots/ow14-s0135.json,4,4,True
1874,ow14-1-r01874,gpt_enriched,enriched,ow14-s0135,1,model-facing/enriched-candidate-snapshots/ow14-s0135.json,4,4,True
1875,ow14-1-r01875,gpt_minimal,minimal,ow14-s0135,2,model-facing/minimal-candidate-snapshots/ow14-s0135.json,4,4,True
1876,ow14-1-r01876,gpt_enriched,enriched,ow14-s0135,2,model-facing/enriched-candidate-snapshots/ow14-s0135.json,4,4,True
1877,ow14-1-r01877,gpt_minimal,minimal,ow14-s0135,3,model-facing/minimal-candidate-snapshots/ow14-s0135.json,4,4,True
1878,ow14-1-r01878,gpt_enriched,enriched,ow14-s0135,3,model-facing/enriched-candidate-snapshots/ow14-s0135.json,4,4,True
1879,ow14-1-r01879,gpt_minimal,minimal,ow14-s0135,4,model-facing/minimal-candidate-snapshots/ow14-s0135.json,4,4,True
1880,ow14-1-r01880,gpt_enriched,enriched,ow14-s0135,4,model-facing/enriched-candidate-snapshots/ow14-s0135.json,4,4,True
1881,ow14-1-r01881,gpt_minimal,minimal,ow14-s0135,5,model-facing/minimal-candidate-snapshots/ow14-s0135.json,4,4,True
1882,ow14-1-r01882,gpt_enriched,enriched,ow14-s0135,5,model-facing/enriched-candidate-snapshots/ow14-s0135.json,4,4,True
1883,ow14-1-r01883,gpt_minimal,minimal,ow14-s0136,1,model-facing/minimal-candidate-snapshots/ow14-s0136.json,4,4,True
1884,ow14-1-r01884,gpt_enriched,enriched,ow14-s0136,1,model-facing/enriched-candidate-snapshots/ow14-s0136.json,4,4,True
1885,ow14-1-r01885,gpt_minimal,minimal,ow14-s0136,2,model-facing/minimal-candidate-snapshots/ow14-s0136.json,4,4,True
1886,ow14-1-r01886,gpt_enriched,enriched,ow14-s0136,2,model-facing/enriched-candidate-snapshots/ow14-s0136.json,4,4,True
1887,ow14-1-r01887,gpt_minimal,minimal,ow14-s0136,3,model-facing/minimal-candidate-snapshots/ow14-s0136.json,4,4,True
1888,ow14-1-r01888,gpt_enriched,enriched,ow14-s0136,3,model-facing/enriched-candidate-snapshots/ow14-s0136.json,4,4,True
1889,ow14-1-r01889,gpt_minimal,minimal,ow14-s0136,4,model-facing/minimal-candidate-snapshots/ow14-s0136.json,4,4,True
1890,ow14-1-r01890,gpt_enriched,enriched,ow14-s0136,4,model-facing/enriched-candidate-snapshots/ow14-s0136.json,4,4,True
1891,ow14-1-r01891,gpt_minimal,minimal,ow14-s0136,5,model-facing/minimal-candidate-snapshots/ow14-s0136.json,4,4,True
1892,ow14-1-r01892,gpt_enriched,enriched,ow14-s0136,5,model-facing/enriched-candidate-snapshots/ow14-s0136.json,4,4,True
1893,ow14-1-r01893,gpt_minimal,minimal,ow14-s0137,1,model-facing/minimal-candidate-snapshots/ow14-s0137.json,4,4,True
1894,ow14-1-r01894,gpt_enriched,enriched,ow14-s0137,1,model-facing/enriched-candidate-snapshots/ow14-s0137.json,4,4,True
1895,ow14-1-r01895,gpt_minimal,minimal,ow14-s0137,2,model-facing/minimal-candidate-snapshots/ow14-s0137.json,4,4,True
1896,ow14-1-r01896,gpt_enriched,enriched,ow14-s0137,2,model-facing/enriched-candidate-snapshots/ow14-s0137.json,4,4,True
1897,ow14-1-r01897,gpt_minimal,minimal,ow14-s0137,3,model-facing/minimal-candidate-snapshots/ow14-s0137.json,4,4,True
1898,ow14-1-r01898,gpt_enriched,enriched,ow14-s0137,3,model-facing/enriched-candidate-snapshots/ow14-s0137.json,4,4,True
1899,ow14-1-r01899,gpt_minimal,minimal,ow14-s0137,4,model-facing/minimal-candidate-snapshots/ow14-s0137.json,4,4,True
1900,ow14-1-r01900,gpt_enriched,enriched,ow14-s0137,4,model-facing/enriched-candidate-snapshots/ow14-s0137.json,4,4,True
1901,ow14-1-r01901,gpt_minimal,minimal,ow14-s0137,5,model-facing/minimal-candidate-snapshots/ow14-s0137.json,4,4,True
1902,ow14-1-r01902,gpt_enriched,enriched,ow14-s0137,5,model-facing/enriched-candidate-snapshots/ow14-s0137.json,4,4,True
1903,ow14-1-r01903,gpt_minimal,minimal,ow14-s0138,1,model-facing/minimal-candidate-snapshots/ow14-s0138.json,4,4,True
1904,ow14-1-r01904,gpt_enriched,enriched,ow14-s0138,1,model-facing/enriched-candidate-snapshots/ow14-s0138.json,4,4,True
1905,ow14-1-r01905,gpt_minimal,minimal,ow14-s0138,2,model-facing/minimal-candidate-snapshots/ow14-s0138.json,4,4,True
1906,ow14-1-r01906,gpt_enriched,enriched,ow14-s0138,2,model-facing/enriched-candidate-snapshots/ow14-s0138.json,4,4,True
1907,ow14-1-r01907,gpt_minimal,minimal,ow14-s0138,3,model-facing/minimal-candidate-snapshots/ow14-s0138.json,4,4,True
1908,ow14-1-r01908,gpt_enriched,enriched,ow14-s0138,3,model-facing/enriched-candidate-snapshots/ow14-s0138.json,4,4,True
1909,ow14-1-r01909,gpt_minimal,minimal,ow14-s0138,4,model-facing/minimal-candidate-snapshots/ow14-s0138.json,4,4,True
1910,ow14-1-r01910,gpt_enriched,enriched,ow14-s0138,4,model-facing/enriched-candidate-snapshots/ow14-s0138.json,4,4,True
1911,ow14-1-r01911,gpt_minimal,minimal,ow14-s0138,5,model-facing/minimal-candidate-snapshots/ow14-s0138.json,4,4,True
1912,ow14-1-r01912,gpt_enriched,enriched,ow14-s0138,5,model-facing/enriched-candidate-snapshots/ow14-s0138.json,4,4,True
1913,ow14-1-r01913,gpt_minimal,minimal,ow14-s0139,1,model-facing/minimal-candidate-snapshots/ow14-s0139.json,4,4,True
1914,ow14-1-r01914,gpt_enriched,enriched,ow14-s0139,1,model-facing/enriched-candidate-snapshots/ow14-s0139.json,4,4,True
1915,ow14-1-r01915,gpt_minimal,minimal,ow14-s0139,2,model-facing/minimal-candidate-snapshots/ow14-s0139.json,4,4,True
1916,ow14-1-r01916,gpt_enriched,enriched,ow14-s0139,2,model-facing/enriched-candidate-snapshots/ow14-s0139.json,4,4,True
1917,ow14-1-r01917,gpt_minimal,minimal,ow14-s0139,3,model-facing/minimal-candidate-snapshots/ow14-s0139.json,4,4,True
1918,ow14-1-r01918,gpt_enriched,enriched,ow14-s0139,3,model-facing/enriched-candidate-snapshots/ow14-s0139.json,4,4,True
1919,ow14-1-r01919,gpt_minimal,minimal,ow14-s0139,4,model-facing/minimal-candidate-snapshots/ow14-s0139.json,4,4,True
1920,ow14-1-r01920,gpt_enriched,enriched,ow14-s0139,4,model-facing/enriched-candidate-snapshots/ow14-s0139.json,4,4,True
1921,ow14-1-r01921,gpt_minimal,minimal,ow14-s0139,5,model-facing/minimal-candidate-snapshots/ow14-s0139.json,4,4,True
1922,ow14-1-r01922,gpt_enriched,enriched,ow14-s0139,5,model-facing/enriched-candidate-snapshots/ow14-s0139.json,4,4,True
1923,ow14-1-r01923,gpt_minimal,minimal,ow14-s0140,1,model-facing/minimal-candidate-snapshots/ow14-s0140.json,4,4,True
1924,ow14-1-r01924,gpt_enriched,enriched,ow14-s0140,1,model-facing/enriched-candidate-snapshots/ow14-s0140.json,4,4,True
1925,ow14-1-r01925,gpt_minimal,minimal,ow14-s0140,2,model-facing/minimal-candidate-snapshots/ow14-s0140.json,4,4,True
1926,ow14-1-r01926,gpt_enriched,enriched,ow14-s0140,2,model-facing/enriched-candidate-snapshots/ow14-s0140.json,4,4,True
1927,ow14-1-r01927,gpt_minimal,minimal,ow14-s0140,3,model-facing/minimal-candidate-snapshots/ow14-s0140.json,4,4,True
1928,ow14-1-r01928,gpt_enriched,enriched,ow14-s0140,3,model-facing/enriched-candidate-snapshots/ow14-s0140.json,4,4,True
1929,ow14-1-r01929,gpt_minimal,minimal,ow14-s0140,4,model-facing/minimal-candidate-snapshots/ow14-s0140.json,4,4,True
1930,ow14-1-r01930,gpt_enriched,enriched,ow14-s0140,4,model-facing/enriched-candidate-snapshots/ow14-s0140.json,4,4,True
1931,ow14-1-r01931,gpt_minimal,minimal,ow14-s0140,5,model-facing/minimal-candidate-snapshots/ow14-s0140.json,4,4,True
1932,ow14-1-r01932,gpt_enriched,enriched,ow14-s0140,5,model-facing/enriched-candidate-snapshots/ow14-s0140.json,4,4,True
1933,ow14-1-r01933,gpt_minimal,minimal,ow14-s0141,1,model-facing/minimal-candidate-snapshots/ow14-s0141.json,4,4,True
1934,ow14-1-r01934,gpt_enriched,enriched,ow14-s0141,1,model-facing/enriched-candidate-snapshots/ow14-s0141.json,4,4,True
1935,ow14-1-r01935,gpt_minimal,minimal,ow14-s0141,2,model-facing/minimal-candidate-snapshots/ow14-s0141.json,4,4,True
1936,ow14-1-r01936,gpt_enriched,enriched,ow14-s0141,2,model-facing/enriched-candidate-snapshots/ow14-s0141.json,4,4,True
1937,ow14-1-r01937,gpt_minimal,minimal,ow14-s0141,3,model-facing/minimal-candidate-snapshots/ow14-s0141.json,4,4,True
1938,ow14-1-r01938,gpt_enriched,enriched,ow14-s0141,3,model-facing/enriched-candidate-snapshots/ow14-s0141.json,4,4,True
1939,ow14-1-r01939,gpt_minimal,minimal,ow14-s0141,4,model-facing/minimal-candidate-snapshots/ow14-s0141.json,4,4,True
1940,ow14-1-r01940,gpt_enriched,enriched,ow14-s0141,4,model-facing/enriched-candidate-snapshots/ow14-s0141.json,4,4,True
1941,ow14-1-r01941,gpt_minimal,minimal,ow14-s0141,5,model-facing/minimal-candidate-snapshots/ow14-s0141.json,4,4,True
1942,ow14-1-r01942,gpt_enriched,enriched,ow14-s0141,5,model-facing/enriched-candidate-snapshots/ow14-s0141.json,4,4,True
1943,ow14-1-r01943,gpt_minimal,minimal,ow14-s0142,1,model-facing/minimal-candidate-snapshots/ow14-s0142.json,4,4,True
1944,ow14-1-r01944,gpt_enriched,enriched,ow14-s0142,1,model-facing/enriched-candidate-snapshots/ow14-s0142.json,4,4,True
1945,ow14-1-r01945,gpt_minimal,minimal,ow14-s0142,2,model-facing/minimal-candidate-snapshots/ow14-s0142.json,4,4,True
1946,ow14-1-r01946,gpt_enriched,enriched,ow14-s0142,2,model-facing/enriched-candidate-snapshots/ow14-s0142.json,4,4,True
1947,ow14-1-r01947,gpt_minimal,minimal,ow14-s0142,3,model-facing/minimal-candidate-snapshots/ow14-s0142.json,4,4,True
1948,ow14-1-r01948,gpt_enriched,enriched,ow14-s0142,3,model-facing/enriched-candidate-snapshots/ow14-s0142.json,4,4,True
1949,ow14-1-r01949,gpt_minimal,minimal,ow14-s0142,4,model-facing/minimal-candidate-snapshots/ow14-s0142.json,4,4,True
1950,ow14-1-r01950,gpt_enriched,enriched,ow14-s0142,4,model-facing/enriched-candidate-snapshots/ow14-s0142.json,4,4,True
1951,ow14-1-r01951,gpt_minimal,minimal,ow14-s0142,5,model-facing/minimal-candidate-snapshots/ow14-s0142.json,4,4,True
1952,ow14-1-r01952,gpt_enriched,enriched,ow14-s0142,5,model-facing/enriched-candidate-snapshots/ow14-s0142.json,4,4,True
1953,ow14-1-r01953,gpt_minimal,minimal,ow14-s0143,1,model-facing/minimal-candidate-snapshots/ow14-s0143.json,4,4,True
1954,ow14-1-r01954,gpt_enriched,enriched,ow14-s0143,1,model-facing/enriched-candidate-snapshots/ow14-s0143.json,4,4,True
1955,ow14-1-r01955,gpt_minimal,minimal,ow14-s0143,2,model-facing/minimal-candidate-snapshots/ow14-s0143.json,4,4,True
1956,ow14-1-r01956,gpt_enriched,enriched,ow14-s0143,2,model-facing/enriched-candidate-snapshots/ow14-s0143.json,4,4,True
1957,ow14-1-r01957,gpt_minimal,minimal,ow14-s0143,3,model-facing/minimal-candidate-snapshots/ow14-s0143.json,4,4,True
1958,ow14-1-r01958,gpt_enriched,enriched,ow14-s0143,3,model-facing/enriched-candidate-snapshots/ow14-s0143.json,4,4,True
1959,ow14-1-r01959,gpt_minimal,minimal,ow14-s0143,4,model-facing/minimal-candidate-snapshots/ow14-s0143.json,4,4,True
1960,ow14-1-r01960,gpt_enriched,enriched,ow14-s0143,4,model-facing/enriched-candidate-snapshots/ow14-s0143.json,4,4,True
1961,ow14-1-r01961,gpt_minimal,minimal,ow14-s0143,5,model-facing/minimal-candidate-snapshots/ow14-s0143.json,4,4,True
1962,ow14-1-r01962,gpt_enriched,enriched,ow14-s0143,5,model-facing/enriched-candidate-snapshots/ow14-s0143.json,4,4,True
1963,ow14-1-r01963,gpt_minimal,minimal,ow14-s0144,1,model-facing/minimal-candidate-snapshots/ow14-s0144.json,4,4,True
1964,ow14-1-r01964,gpt_enriched,enriched,ow14-s0144,1,model-facing/enriched-candidate-snapshots/ow14-s0144.json,4,4,True
1965,ow14-1-r01965,gpt_minimal,minimal,ow14-s0144,2,model-facing/minimal-candidate-snapshots/ow14-s0144.json,4,4,True
1966,ow14-1-r01966,gpt_enriched,enriched,ow14-s0144,2,model-facing/enriched-candidate-snapshots/ow14-s0144.json,4,4,True
1967,ow14-1-r01967,gpt_minimal,minimal,ow14-s0144,3,model-facing/minimal-candidate-snapshots/ow14-s0144.json,4,4,True
1968,ow14-1-r01968,gpt_enriched,enriched,ow14-s0144,3,model-facing/enriched-candidate-snapshots/ow14-s0144.json,4,4,True
1969,ow14-1-r01969,gpt_minimal,minimal,ow14-s0144,4,model-facing/minimal-candidate-snapshots/ow14-s0144.json,4,4,True
1970,ow14-1-r01970,gpt_enriched,enriched,ow14-s0144,4,model-facing/enriched-candidate-snapshots/ow14-s0144.json,4,4,True
1971,ow14-1-r01971,gpt_minimal,minimal,ow14-s0144,5,model-facing/minimal-candidate-snapshots/ow14-s0144.json,4,4,True
1972,ow14-1-r01972,gpt_enriched,enriched,ow14-s0144,5,model-facing/enriched-candidate-snapshots/ow14-s0144.json,4,4,True
1973,ow14-1-r01973,gpt_minimal,minimal,ow14-s0145,1,model-facing/minimal-candidate-snapshots/ow14-s0145.json,4,4,True
1974,ow14-1-r01974,gpt_enriched,enriched,ow14-s0145,1,model-facing/enriched-candidate-snapshots/ow14-s0145.json,4,4,True
1975,ow14-1-r01975,gpt_minimal,minimal,ow14-s0145,2,model-facing/minimal-candidate-snapshots/ow14-s0145.json,4,4,True
1976,ow14-1-r01976,gpt_enriched,enriched,ow14-s0145,2,model-facing/enriched-candidate-snapshots/ow14-s0145.json,4,4,True
1977,ow14-1-r01977,gpt_minimal,minimal,ow14-s0145,3,model-facing/minimal-candidate-snapshots/ow14-s0145.json,4,4,True
1978,ow14-1-r01978,gpt_enriched,enriched,ow14-s0145,3,model-facing/enriched-candidate-snapshots/ow14-s0145.json,4,4,True
1979,ow14-1-r01979,gpt_minimal,minimal,ow14-s0145,4,model-facing/minimal-candidate-snapshots/ow14-s0145.json,4,4,True
1980,ow14-1-r01980,gpt_enriched,enriched,ow14-s0145,4,model-facing/enriched-candidate-snapshots/ow14-s0145.json,4,4,True
1981,ow14-1-r01981,gpt_minimal,minimal,ow14-s0145,5,model-facing/minimal-candidate-snapshots/ow14-s0145.json,4,4,True
1982,ow14-1-r01982,gpt_enriched,enriched,ow14-s0145,5,model-facing/enriched-candidate-snapshots/ow14-s0145.json,4,4,True
1983,ow14-1-r01983,gpt_minimal,minimal,ow14-s0146,1,model-facing/minimal-candidate-snapshots/ow14-s0146.json,4,4,True
1984,ow14-1-r01984,gpt_enriched,enriched,ow14-s0146,1,model-facing/enriched-candidate-snapshots/ow14-s0146.json,4,4,True
1985,ow14-1-r01985,gpt_minimal,minimal,ow14-s0146,2,model-facing/minimal-candidate-snapshots/ow14-s0146.json,4,4,True
1986,ow14-1-r01986,gpt_enriched,enriched,ow14-s0146,2,model-facing/enriched-candidate-snapshots/ow14-s0146.json,4,4,True
1987,ow14-1-r01987,gpt_minimal,minimal,ow14-s0146,3,model-facing/minimal-candidate-snapshots/ow14-s0146.json,4,4,True
1988,ow14-1-r01988,gpt_enriched,enriched,ow14-s0146,3,model-facing/enriched-candidate-snapshots/ow14-s0146.json,4,4,True
1989,ow14-1-r01989,gpt_minimal,minimal,ow14-s0146,4,model-facing/minimal-candidate-snapshots/ow14-s0146.json,4,4,True
1990,ow14-1-r01990,gpt_enriched,enriched,ow14-s0146,4,model-facing/enriched-candidate-snapshots/ow14-s0146.json,4,4,True
1991,ow14-1-r01991,gpt_minimal,minimal,ow14-s0146,5,model-facing/minimal-candidate-snapshots/ow14-s0146.json,4,4,True
1992,ow14-1-r01992,gpt_enriched,enriched,ow14-s0146,5,model-facing/enriched-candidate-snapshots/ow14-s0146.json,4,4,True
1993,ow14-1-r01993,gpt_minimal,minimal,ow14-s0147,1,model-facing/minimal-candidate-snapshots/ow14-s0147.json,4,4,True
1994,ow14-1-r01994,gpt_enriched,enriched,ow14-s0147,1,model-facing/enriched-candidate-snapshots/ow14-s0147.json,4,4,True
1995,ow14-1-r01995,gpt_minimal,minimal,ow14-s0147,2,model-facing/minimal-candidate-snapshots/ow14-s0147.json,4,4,True
1996,ow14-1-r01996,gpt_enriched,enriched,ow14-s0147,2,model-facing/enriched-candidate-snapshots/ow14-s0147.json,4,4,True
1997,ow14-1-r01997,gpt_minimal,minimal,ow14-s0147,3,model-facing/minimal-candidate-snapshots/ow14-s0147.json,4,4,True
1998,ow14-1-r01998,gpt_enriched,enriched,ow14-s0147,3,model-facing/enriched-candidate-snapshots/ow14-s0147.json,4,4,True
1999,ow14-1-r01999,gpt_minimal,minimal,ow14-s0147,4,model-facing/minimal-candidate-snapshots/ow14-s0147.json,4,4,True
2000,ow14-1-r02000,gpt_enriched,enriched,ow14-s0147,4,model-facing/enriched-candidate-snapshots/ow14-s0147.json,4,4,True
2001,ow14-1-r02001,gpt_minimal,minimal,ow14-s0147,5,model-facing/minimal-candidate-snapshots/ow14-s0147.json,4,4,True
2002,ow14-1-r02002,gpt_enriched,enriched,ow14-s0147,5,model-facing/enriched-candidate-snapshots/ow14-s0147.json,4,4,True
2003,ow14-1-r02003,gpt_minimal,minimal,ow14-s0148,1,model-facing/minimal-candidate-snapshots/ow14-s0148.json,4,4,True
2004,ow14-1-r02004,gpt_enriched,enriched,ow14-s0148,1,model-facing/enriched-candidate-snapshots/ow14-s0148.json,4,4,True
2005,ow14-1-r02005,gpt_minimal,minimal,ow14-s0148,2,model-facing/minimal-candidate-snapshots/ow14-s0148.json,4,4,True
2006,ow14-1-r02006,gpt_enriched,enriched,ow14-s0148,2,model-facing/enriched-candidate-snapshots/ow14-s0148.json,4,4,True
2007,ow14-1-r02007,gpt_minimal,minimal,ow14-s0148,3,model-facing/minimal-candidate-snapshots/ow14-s0148.json,4,4,True
2008,ow14-1-r02008,gpt_enriched,enriched,ow14-s0148,3,model-facing/enriched-candidate-snapshots/ow14-s0148.json,4,4,True
2009,ow14-1-r02009,gpt_minimal,minimal,ow14-s0148,4,model-facing/minimal-candidate-snapshots/ow14-s0148.json,4,4,True
2010,ow14-1-r02010,gpt_enriched,enriched,ow14-s0148,4,model-facing/enriched-candidate-snapshots/ow14-s0148.json,4,4,True
2011,ow14-1-r02011,gpt_minimal,minimal,ow14-s0148,5,model-facing/minimal-candidate-snapshots/ow14-s0148.json,4,4,True
2012,ow14-1-r02012,gpt_enriched,enriched,ow14-s0148,5,model-facing/enriched-candidate-snapshots/ow14-s0148.json,4,4,True
2013,ow14-1-r02013,gpt_minimal,minimal,ow14-s0149,1,model-facing/minimal-candidate-snapshots/ow14-s0149.json,4,4,True
2014,ow14-1-r02014,gpt_enriched,enriched,ow14-s0149,1,model-facing/enriched-candidate-snapshots/ow14-s0149.json,4,4,True
2015,ow14-1-r02015,gpt_minimal,minimal,ow14-s0149,2,model-facing/minimal-candidate-snapshots/ow14-s0149.json,4,4,True
2016,ow14-1-r02016,gpt_enriched,enriched,ow14-s0149,2,model-facing/enriched-candidate-snapshots/ow14-s0149.json,4,4,True
2017,ow14-1-r02017,gpt_minimal,minimal,ow14-s0149,3,model-facing/minimal-candidate-snapshots/ow14-s0149.json,4,4,True
2018,ow14-1-r02018,gpt_enriched,enriched,ow14-s0149,3,model-facing/enriched-candidate-snapshots/ow14-s0149.json,4,4,True
2019,ow14-1-r02019,gpt_minimal,minimal,ow14-s0149,4,model-facing/minimal-candidate-snapshots/ow14-s0149.json,4,4,True
2020,ow14-1-r02020,gpt_enriched,enriched,ow14-s0149,4,model-facing/enriched-candidate-snapshots/ow14-s0149.json,4,4,True
2021,ow14-1-r02021,gpt_minimal,minimal,ow14-s0149,5,model-facing/minimal-candidate-snapshots/ow14-s0149.json,4,4,True
2022,ow14-1-r02022,gpt_enriched,enriched,ow14-s0149,5,model-facing/enriched-candidate-snapshots/ow14-s0149.json,4,4,True
2023,ow14-1-r02023,gpt_minimal,minimal,ow14-s0150,1,model-facing/minimal-candidate-snapshots/ow14-s0150.json,4,4,True
2024,ow14-1-r02024,gpt_enriched,enriched,ow14-s0150,1,model-facing/enriched-candidate-snapshots/ow14-s0150.json,4,4,True
2025,ow14-1-r02025,gpt_minimal,minimal,ow14-s0150,2,model-facing/minimal-candidate-snapshots/ow14-s0150.json,4,4,True
2026,ow14-1-r02026,gpt_enriched,enriched,ow14-s0150,2,model-facing/enriched-candidate-snapshots/ow14-s0150.json,4,4,True
2027,ow14-1-r02027,gpt_minimal,minimal,ow14-s0150,3,model-facing/minimal-candidate-snapshots/ow14-s0150.json,4,4,True
2028,ow14-1-r02028,gpt_enriched,enriched,ow14-s0150,3,model-facing/enriched-candidate-snapshots/ow14-s0150.json,4,4,True
2029,ow14-1-r02029,gpt_minimal,minimal,ow14-s0150,4,model-facing/minimal-candidate-snapshots/ow14-s0150.json,4,4,True
2030,ow14-1-r02030,gpt_enriched,enriched,ow14-s0150,4,model-facing/enriched-candidate-snapshots/ow14-s0150.json,4,4,True
2031,ow14-1-r02031,gpt_minimal,minimal,ow14-s0150,5,model-facing/minimal-candidate-snapshots/ow14-s0150.json,4,4,True
2032,ow14-1-r02032,gpt_enriched,enriched,ow14-s0150,5,model-facing/enriched-candidate-snapshots/ow14-s0150.json,4,4,True
2033,ow14-1-r02033,gpt_minimal,minimal,ow14-s0151,1,model-facing/minimal-candidate-snapshots/ow14-s0151.json,4,4,True
2034,ow14-1-r02034,gpt_enriched,enriched,ow14-s0151,1,model-facing/enriched-candidate-snapshots/ow14-s0151.json,4,4,True
2035,ow14-1-r02035,gpt_minimal,minimal,ow14-s0151,2,model-facing/minimal-candidate-snapshots/ow14-s0151.json,4,4,True
2036,ow14-1-r02036,gpt_enriched,enriched,ow14-s0151,2,model-facing/enriched-candidate-snapshots/ow14-s0151.json,4,4,True
2037,ow14-1-r02037,gpt_minimal,minimal,ow14-s0151,3,model-facing/minimal-candidate-snapshots/ow14-s0151.json,4,4,True
2038,ow14-1-r02038,gpt_enriched,enriched,ow14-s0151,3,model-facing/enriched-candidate-snapshots/ow14-s0151.json,4,4,True
2039,ow14-1-r02039,gpt_minimal,minimal,ow14-s0151,4,model-facing/minimal-candidate-snapshots/ow14-s0151.json,4,4,True
2040,ow14-1-r02040,gpt_enriched,enriched,ow14-s0151,4,model-facing/enriched-candidate-snapshots/ow14-s0151.json,4,4,True
2041,ow14-1-r02041,gpt_minimal,minimal,ow14-s0151,5,model-facing/minimal-candidate-snapshots/ow14-s0151.json,4,4,True
2042,ow14-1-r02042,gpt_enriched,enriched,ow14-s0151,5,model-facing/enriched-candidate-snapshots/ow14-s0151.json,4,4,True
2043,ow14-1-r02043,gpt_minimal,minimal,ow14-s0152,1,model-facing/minimal-candidate-snapshots/ow14-s0152.json,4,4,True
2044,ow14-1-r02044,gpt_enriched,enriched,ow14-s0152,1,model-facing/enriched-candidate-snapshots/ow14-s0152.json,4,4,True
2045,ow14-1-r02045,gpt_minimal,minimal,ow14-s0152,2,model-facing/minimal-candidate-snapshots/ow14-s0152.json,4,4,True
2046,ow14-1-r02046,gpt_enriched,enriched,ow14-s0152,2,model-facing/enriched-candidate-snapshots/ow14-s0152.json,4,4,True
2047,ow14-1-r02047,gpt_minimal,minimal,ow14-s0152,3,model-facing/minimal-candidate-snapshots/ow14-s0152.json,4,4,True
2048,ow14-1-r02048,gpt_enriched,enriched,ow14-s0152,3,model-facing/enriched-candidate-snapshots/ow14-s0152.json,4,4,True
2049,ow14-1-r02049,gpt_minimal,minimal,ow14-s0152,4,model-facing/minimal-candidate-snapshots/ow14-s0152.json,4,4,True
2050,ow14-1-r02050,gpt_enriched,enriched,ow14-s0152,4,model-facing/enriched-candidate-snapshots/ow14-s0152.json,4,4,True
2051,ow14-1-r02051,gpt_minimal,minimal,ow14-s0152,5,model-facing/minimal-candidate-snapshots/ow14-s0152.json,4,4,True
2052,ow14-1-r02052,gpt_enriched,enriched,ow14-s0152,5,model-facing/enriched-candidate-snapshots/ow14-s0152.json,4,4,True
2053,ow14-1-r02053,gpt_minimal,minimal,ow14-s0153,1,model-facing/minimal-candidate-snapshots/ow14-s0153.json,4,4,True
2054,ow14-1-r02054,gpt_enriched,enriched,ow14-s0153,1,model-facing/enriched-candidate-snapshots/ow14-s0153.json,4,4,True
2055,ow14-1-r02055,gpt_minimal,minimal,ow14-s0153,2,model-facing/minimal-candidate-snapshots/ow14-s0153.json,4,4,True
2056,ow14-1-r02056,gpt_enriched,enriched,ow14-s0153,2,model-facing/enriched-candidate-snapshots/ow14-s0153.json,4,4,True
2057,ow14-1-r02057,gpt_minimal,minimal,ow14-s0153,3,model-facing/minimal-candidate-snapshots/ow14-s0153.json,4,4,True
2058,ow14-1-r02058,gpt_enriched,enriched,ow14-s0153,3,model-facing/enriched-candidate-snapshots/ow14-s0153.json,4,4,True
2059,ow14-1-r02059,gpt_minimal,minimal,ow14-s0153,4,model-facing/minimal-candidate-snapshots/ow14-s0153.json,4,4,True
2060,ow14-1-r02060,gpt_enriched,enriched,ow14-s0153,4,model-facing/enriched-candidate-snapshots/ow14-s0153.json,4,4,True
2061,ow14-1-r02061,gpt_minimal,minimal,ow14-s0153,5,model-facing/minimal-candidate-snapshots/ow14-s0153.json,4,4,True
2062,ow14-1-r02062,gpt_enriched,enriched,ow14-s0153,5,model-facing/enriched-candidate-snapshots/ow14-s0153.json,4,4,True
2063,ow14-1-r02063,gpt_minimal,minimal,ow14-s0154,1,model-facing/minimal-candidate-snapshots/ow14-s0154.json,4,4,True
2064,ow14-1-r02064,gpt_enriched,enriched,ow14-s0154,1,model-facing/enriched-candidate-snapshots/ow14-s0154.json,4,4,True
2065,ow14-1-r02065,gpt_minimal,minimal,ow14-s0154,2,model-facing/minimal-candidate-snapshots/ow14-s0154.json,4,4,True
2066,ow14-1-r02066,gpt_enriched,enriched,ow14-s0154,2,model-facing/enriched-candidate-snapshots/ow14-s0154.json,4,4,True
2067,ow14-1-r02067,gpt_minimal,minimal,ow14-s0154,3,model-facing/minimal-candidate-snapshots/ow14-s0154.json,4,4,True
2068,ow14-1-r02068,gpt_enriched,enriched,ow14-s0154,3,model-facing/enriched-candidate-snapshots/ow14-s0154.json,4,4,True
2069,ow14-1-r02069,gpt_minimal,minimal,ow14-s0154,4,model-facing/minimal-candidate-snapshots/ow14-s0154.json,4,4,True
2070,ow14-1-r02070,gpt_enriched,enriched,ow14-s0154,4,model-facing/enriched-candidate-snapshots/ow14-s0154.json,4,4,True
2071,ow14-1-r02071,gpt_minimal,minimal,ow14-s0154,5,model-facing/minimal-candidate-snapshots/ow14-s0154.json,4,4,True
2072,ow14-1-r02072,gpt_enriched,enriched,ow14-s0154,5,model-facing/enriched-candidate-snapshots/ow14-s0154.json,4,4,True
2073,ow14-1-r02073,gpt_minimal,minimal,ow14-s0155,1,model-facing/minimal-candidate-snapshots/ow14-s0155.json,4,4,True
2074,ow14-1-r02074,gpt_enriched,enriched,ow14-s0155,1,model-facing/enriched-candidate-snapshots/ow14-s0155.json,4,4,True
2075,ow14-1-r02075,gpt_minimal,minimal,ow14-s0155,2,model-facing/minimal-candidate-snapshots/ow14-s0155.json,4,4,True
2076,ow14-1-r02076,gpt_enriched,enriched,ow14-s0155,2,model-facing/enriched-candidate-snapshots/ow14-s0155.json,4,4,True
2077,ow14-1-r02077,gpt_minimal,minimal,ow14-s0155,3,model-facing/minimal-candidate-snapshots/ow14-s0155.json,4,4,True
2078,ow14-1-r02078,gpt_enriched,enriched,ow14-s0155,3,model-facing/enriched-candidate-snapshots/ow14-s0155.json,4,4,True
2079,ow14-1-r02079,gpt_minimal,minimal,ow14-s0155,4,model-facing/minimal-candidate-snapshots/ow14-s0155.json,4,4,True
2080,ow14-1-r02080,gpt_enriched,enriched,ow14-s0155,4,model-facing/enriched-candidate-snapshots/ow14-s0155.json,4,4,True
2081,ow14-1-r02081,gpt_minimal,minimal,ow14-s0155,5,model-facing/minimal-candidate-snapshots/ow14-s0155.json,4,4,True
2082,ow14-1-r02082,gpt_enriched,enriched,ow14-s0155,5,model-facing/enriched-candidate-snapshots/ow14-s0155.json,4,4,True
2083,ow14-1-r02083,gpt_minimal,minimal,ow14-s0156,1,model-facing/minimal-candidate-snapshots/ow14-s0156.json,4,4,True
2084,ow14-1-r02084,gpt_enriched,enriched,ow14-s0156,1,model-facing/enriched-candidate-snapshots/ow14-s0156.json,4,4,True
2085,ow14-1-r02085,gpt_minimal,minimal,ow14-s0156,2,model-facing/minimal-candidate-snapshots/ow14-s0156.json,4,4,True
2086,ow14-1-r02086,gpt_enriched,enriched,ow14-s0156,2,model-facing/enriched-candidate-snapshots/ow14-s0156.json,4,4,True
2087,ow14-1-r02087,gpt_minimal,minimal,ow14-s0156,3,model-facing/minimal-candidate-snapshots/ow14-s0156.json,4,4,True
2088,ow14-1-r02088,gpt_enriched,enriched,ow14-s0156,3,model-facing/enriched-candidate-snapshots/ow14-s0156.json,4,4,True
2089,ow14-1-r02089,gpt_minimal,minimal,ow14-s0156,4,model-facing/minimal-candidate-snapshots/ow14-s0156.json,4,4,True
2090,ow14-1-r02090,gpt_enriched,enriched,ow14-s0156,4,model-facing/enriched-candidate-snapshots/ow14-s0156.json,4,4,True
2091,ow14-1-r02091,gpt_minimal,minimal,ow14-s0156,5,model-facing/minimal-candidate-snapshots/ow14-s0156.json,4,4,True
2092,ow14-1-r02092,gpt_enriched,enriched,ow14-s0156,5,model-facing/enriched-candidate-snapshots/ow14-s0156.json,4,4,True
2093,ow14-1-r02093,gpt_minimal,minimal,ow14-s0157,1,model-facing/minimal-candidate-snapshots/ow14-s0157.json,4,4,True
2094,ow14-1-r02094,gpt_enriched,enriched,ow14-s0157,1,model-facing/enriched-candidate-snapshots/ow14-s0157.json,4,4,True
2095,ow14-1-r02095,gpt_minimal,minimal,ow14-s0157,2,model-facing/minimal-candidate-snapshots/ow14-s0157.json,4,4,True
2096,ow14-1-r02096,gpt_enriched,enriched,ow14-s0157,2,model-facing/enriched-candidate-snapshots/ow14-s0157.json,4,4,True
2097,ow14-1-r02097,gpt_minimal,minimal,ow14-s0157,3,model-facing/minimal-candidate-snapshots/ow14-s0157.json,4,4,True
2098,ow14-1-r02098,gpt_enriched,enriched,ow14-s0157,3,model-facing/enriched-candidate-snapshots/ow14-s0157.json,4,4,True
2099,ow14-1-r02099,gpt_minimal,minimal,ow14-s0157,4,model-facing/minimal-candidate-snapshots/ow14-s0157.json,4,4,True
2100,ow14-1-r02100,gpt_enriched,enriched,ow14-s0157,4,model-facing/enriched-candidate-snapshots/ow14-s0157.json,4,4,True
2101,ow14-1-r02101,gpt_minimal,minimal,ow14-s0157,5,model-facing/minimal-candidate-snapshots/ow14-s0157.json,4,4,True
2102,ow14-1-r02102,gpt_enriched,enriched,ow14-s0157,5,model-facing/enriched-candidate-snapshots/ow14-s0157.json,4,4,True
2103,ow14-1-r02103,gpt_minimal,minimal,ow14-s0158,1,model-facing/minimal-candidate-snapshots/ow14-s0158.json,4,4,True
2104,ow14-1-r02104,gpt_enriched,enriched,ow14-s0158,1,model-facing/enriched-candidate-snapshots/ow14-s0158.json,4,4,True
2105,ow14-1-r02105,gpt_minimal,minimal,ow14-s0158,2,model-facing/minimal-candidate-snapshots/ow14-s0158.json,4,4,True
2106,ow14-1-r02106,gpt_enriched,enriched,ow14-s0158,2,model-facing/enriched-candidate-snapshots/ow14-s0158.json,4,4,True
2107,ow14-1-r02107,gpt_minimal,minimal,ow14-s0158,3,model-facing/minimal-candidate-snapshots/ow14-s0158.json,4,4,True
2108,ow14-1-r02108,gpt_enriched,enriched,ow14-s0158,3,model-facing/enriched-candidate-snapshots/ow14-s0158.json,4,4,True
2109,ow14-1-r02109,gpt_minimal,minimal,ow14-s0158,4,model-facing/minimal-candidate-snapshots/ow14-s0158.json,4,4,True
2110,ow14-1-r02110,gpt_enriched,enriched,ow14-s0158,4,model-facing/enriched-candidate-snapshots/ow14-s0158.json,4,4,True
2111,ow14-1-r02111,gpt_minimal,minimal,ow14-s0158,5,model-facing/minimal-candidate-snapshots/ow14-s0158.json,4,4,True
2112,ow14-1-r02112,gpt_enriched,enriched,ow14-s0158,5,model-facing/enriched-candidate-snapshots/ow14-s0158.json,4,4,True
2113,ow14-1-r02113,gpt_minimal,minimal,ow14-s0159,1,model-facing/minimal-candidate-snapshots/ow14-s0159.json,4,4,True
2114,ow14-1-r02114,gpt_enriched,enriched,ow14-s0159,1,model-facing/enriched-candidate-snapshots/ow14-s0159.json,4,4,True
2115,ow14-1-r02115,gpt_minimal,minimal,ow14-s0159,2,model-facing/minimal-candidate-snapshots/ow14-s0159.json,4,4,True
2116,ow14-1-r02116,gpt_enriched,enriched,ow14-s0159,2,model-facing/enriched-candidate-snapshots/ow14-s0159.json,4,4,True
2117,ow14-1-r02117,gpt_minimal,minimal,ow14-s0159,3,model-facing/minimal-candidate-snapshots/ow14-s0159.json,4,4,True
2118,ow14-1-r02118,gpt_enriched,enriched,ow14-s0159,3,model-facing/enriched-candidate-snapshots/ow14-s0159.json,4,4,True
2119,ow14-1-r02119,gpt_minimal,minimal,ow14-s0159,4,model-facing/minimal-candidate-snapshots/ow14-s0159.json,4,4,True
2120,ow14-1-r02120,gpt_enriched,enriched,ow14-s0159,4,model-facing/enriched-candidate-snapshots/ow14-s0159.json,4,4,True
2121,ow14-1-r02121,gpt_minimal,minimal,ow14-s0159,5,model-facing/minimal-candidate-snapshots/ow14-s0159.json,4,4,True
2122,ow14-1-r02122,gpt_enriched,enriched,ow14-s0159,5,model-facing/enriched-candidate-snapshots/ow14-s0159.json,4,4,True
2123,ow14-1-r02123,gpt_minimal,minimal,ow14-s0160,1,model-facing/minimal-candidate-snapshots/ow14-s0160.json,4,4,True
2124,ow14-1-r02124,gpt_enriched,enriched,ow14-s0160,1,model-facing/enriched-candidate-snapshots/ow14-s0160.json,4,4,True
2125,ow14-1-r02125,gpt_minimal,minimal,ow14-s0160,2,model-facing/minimal-candidate-snapshots/ow14-s0160.json,4,4,True
2126,ow14-1-r02126,gpt_enriched,enriched,ow14-s0160,2,model-facing/enriched-candidate-snapshots/ow14-s0160.json,4,4,True
2127,ow14-1-r02127,gpt_minimal,minimal,ow14-s0160,3,model-facing/minimal-candidate-snapshots/ow14-s0160.json,4,4,True
2128,ow14-1-r02128,gpt_enriched,enriched,ow14-s0160,3,model-facing/enriched-candidate-snapshots/ow14-s0160.json,4,4,True
2129,ow14-1-r02129,gpt_minimal,minimal,ow14-s0160,4,model-facing/minimal-candidate-snapshots/ow14-s0160.json,4,4,True
2130,ow14-1-r02130,gpt_enriched,enriched,ow14-s0160,4,model-facing/enriched-candidate-snapshots/ow14-s0160.json,4,4,True
2131,ow14-1-r02131,gpt_minimal,minimal,ow14-s0160,5,model-facing/minimal-candidate-snapshots/ow14-s0160.json,4,4,True
2132,ow14-1-r02132,gpt_enriched,enriched,ow14-s0160,5,model-facing/enriched-candidate-snapshots/ow14-s0160.json,4,4,True
2133,ow14-1-r02133,gpt_minimal,minimal,ow14-s0161,1,model-facing/minimal-candidate-snapshots/ow14-s0161.json,4,4,True
2134,ow14-1-r02134,gpt_enriched,enriched,ow14-s0161,1,model-facing/enriched-candidate-snapshots/ow14-s0161.json,4,4,True
2135,ow14-1-r02135,gpt_minimal,minimal,ow14-s0161,2,model-facing/minimal-candidate-snapshots/ow14-s0161.json,4,4,True
2136,ow14-1-r02136,gpt_enriched,enriched,ow14-s0161,2,model-facing/enriched-candidate-snapshots/ow14-s0161.json,4,4,True
2137,ow14-1-r02137,gpt_minimal,minimal,ow14-s0161,3,model-facing/minimal-candidate-snapshots/ow14-s0161.json,4,4,True
2138,ow14-1-r02138,gpt_enriched,enriched,ow14-s0161,3,model-facing/enriched-candidate-snapshots/ow14-s0161.json,4,4,True
2139,ow14-1-r02139,gpt_minimal,minimal,ow14-s0161,4,model-facing/minimal-candidate-snapshots/ow14-s0161.json,4,4,True
2140,ow14-1-r02140,gpt_enriched,enriched,ow14-s0161,4,model-facing/enriched-candidate-snapshots/ow14-s0161.json,4,4,True
2141,ow14-1-r02141,gpt_minimal,minimal,ow14-s0161,5,model-facing/minimal-candidate-snapshots/ow14-s0161.json,4,4,True
2142,ow14-1-r02142,gpt_enriched,enriched,ow14-s0161,5,model-facing/enriched-candidate-snapshots/ow14-s0161.json,4,4,True
2143,ow14-1-r02143,gpt_minimal,minimal,ow14-s0162,1,model-facing/minimal-candidate-snapshots/ow14-s0162.json,4,4,True
2144,ow14-1-r02144,gpt_enriched,enriched,ow14-s0162,1,model-facing/enriched-candidate-snapshots/ow14-s0162.json,4,4,True
2145,ow14-1-r02145,gpt_minimal,minimal,ow14-s0162,2,model-facing/minimal-candidate-snapshots/ow14-s0162.json,4,4,True
2146,ow14-1-r02146,gpt_enriched,enriched,ow14-s0162,2,model-facing/enriched-candidate-snapshots/ow14-s0162.json,4,4,True
2147,ow14-1-r02147,gpt_minimal,minimal,ow14-s0162,3,model-facing/minimal-candidate-snapshots/ow14-s0162.json,4,4,True
2148,ow14-1-r02148,gpt_enriched,enriched,ow14-s0162,3,model-facing/enriched-candidate-snapshots/ow14-s0162.json,4,4,True
2149,ow14-1-r02149,gpt_minimal,minimal,ow14-s0162,4,model-facing/minimal-candidate-snapshots/ow14-s0162.json,4,4,True
2150,ow14-1-r02150,gpt_enriched,enriched,ow14-s0162,4,model-facing/enriched-candidate-snapshots/ow14-s0162.json,4,4,True
2151,ow14-1-r02151,gpt_minimal,minimal,ow14-s0162,5,model-facing/minimal-candidate-snapshots/ow14-s0162.json,4,4,True
2152,ow14-1-r02152,gpt_enriched,enriched,ow14-s0162,5,model-facing/enriched-candidate-snapshots/ow14-s0162.json,4,4,True
2153,ow14-1-r02153,gpt_minimal,minimal,ow14-s0163,1,model-facing/minimal-candidate-snapshots/ow14-s0163.json,4,4,True
2154,ow14-1-r02154,gpt_enriched,enriched,ow14-s0163,1,model-facing/enriched-candidate-snapshots/ow14-s0163.json,4,4,True
2155,ow14-1-r02155,gpt_minimal,minimal,ow14-s0163,2,model-facing/minimal-candidate-snapshots/ow14-s0163.json,4,4,True
2156,ow14-1-r02156,gpt_enriched,enriched,ow14-s0163,2,model-facing/enriched-candidate-snapshots/ow14-s0163.json,4,4,True
2157,ow14-1-r02157,gpt_minimal,minimal,ow14-s0163,3,model-facing/minimal-candidate-snapshots/ow14-s0163.json,4,4,True
2158,ow14-1-r02158,gpt_enriched,enriched,ow14-s0163,3,model-facing/enriched-candidate-snapshots/ow14-s0163.json,4,4,True
2159,ow14-1-r02159,gpt_minimal,minimal,ow14-s0163,4,model-facing/minimal-candidate-snapshots/ow14-s0163.json,4,4,True
2160,ow14-1-r02160,gpt_enriched,enriched,ow14-s0163,4,model-facing/enriched-candidate-snapshots/ow14-s0163.json,4,4,True
2161,ow14-1-r02161,gpt_minimal,minimal,ow14-s0163,5,model-facing/minimal-candidate-snapshots/ow14-s0163.json,4,4,True
2162,ow14-1-r02162,gpt_enriched,enriched,ow14-s0163,5,model-facing/enriched-candidate-snapshots/ow14-s0163.json,4,4,True
2163,ow14-1-r02163,gpt_minimal,minimal,ow14-s0164,1,model-facing/minimal-candidate-snapshots/ow14-s0164.json,4,4,True
2164,ow14-1-r02164,gpt_enriched,enriched,ow14-s0164,1,model-facing/enriched-candidate-snapshots/ow14-s0164.json,4,4,True
2165,ow14-1-r02165,gpt_minimal,minimal,ow14-s0164,2,model-facing/minimal-candidate-snapshots/ow14-s0164.json,4,4,True
2166,ow14-1-r02166,gpt_enriched,enriched,ow14-s0164,2,model-facing/enriched-candidate-snapshots/ow14-s0164.json,4,4,True
2167,ow14-1-r02167,gpt_minimal,minimal,ow14-s0164,3,model-facing/minimal-candidate-snapshots/ow14-s0164.json,4,4,True
2168,ow14-1-r02168,gpt_enriched,enriched,ow14-s0164,3,model-facing/enriched-candidate-snapshots/ow14-s0164.json,4,4,True
2169,ow14-1-r02169,gpt_minimal,minimal,ow14-s0164,4,model-facing/minimal-candidate-snapshots/ow14-s0164.json,4,4,True
2170,ow14-1-r02170,gpt_enriched,enriched,ow14-s0164,4,model-facing/enriched-candidate-snapshots/ow14-s0164.json,4,4,True
2171,ow14-1-r02171,gpt_minimal,minimal,ow14-s0164,5,model-facing/minimal-candidate-snapshots/ow14-s0164.json,4,4,True
2172,ow14-1-r02172,gpt_enriched,enriched,ow14-s0164,5,model-facing/enriched-candidate-snapshots/ow14-s0164.json,4,4,True
2173,ow14-1-r02173,gpt_minimal,minimal,ow14-s0165,1,model-facing/minimal-candidate-snapshots/ow14-s0165.json,4,4,True
2174,ow14-1-r02174,gpt_enriched,enriched,ow14-s0165,1,model-facing/enriched-candidate-snapshots/ow14-s0165.json,4,4,True
2175,ow14-1-r02175,gpt_minimal,minimal,ow14-s0165,2,model-facing/minimal-candidate-snapshots/ow14-s0165.json,4,4,True
2176,ow14-1-r02176,gpt_enriched,enriched,ow14-s0165,2,model-facing/enriched-candidate-snapshots/ow14-s0165.json,4,4,True
2177,ow14-1-r02177,gpt_minimal,minimal,ow14-s0165,3,model-facing/minimal-candidate-snapshots/ow14-s0165.json,4,4,True
2178,ow14-1-r02178,gpt_enriched,enriched,ow14-s0165,3,model-facing/enriched-candidate-snapshots/ow14-s0165.json,4,4,True
2179,ow14-1-r02179,gpt_minimal,minimal,ow14-s0165,4,model-facing/minimal-candidate-snapshots/ow14-s0165.json,4,4,True
2180,ow14-1-r02180,gpt_enriched,enriched,ow14-s0165,4,model-facing/enriched-candidate-snapshots/ow14-s0165.json,4,4,True
2181,ow14-1-r02181,gpt_minimal,minimal,ow14-s0165,5,model-facing/minimal-candidate-snapshots/ow14-s0165.json,4,4,True
2182,ow14-1-r02182,gpt_enriched,enriched,ow14-s0165,5,model-facing/enriched-candidate-snapshots/ow14-s0165.json,4,4,True
2183,ow14-1-r02183,gpt_minimal,minimal,ow14-s0166,1,model-facing/minimal-candidate-snapshots/ow14-s0166.json,4,4,True
2184,ow14-1-r02184,gpt_enriched,enriched,ow14-s0166,1,model-facing/enriched-candidate-snapshots/ow14-s0166.json,4,4,True
2185,ow14-1-r02185,gpt_minimal,minimal,ow14-s0166,2,model-facing/minimal-candidate-snapshots/ow14-s0166.json,4,4,True
2186,ow14-1-r02186,gpt_enriched,enriched,ow14-s0166,2,model-facing/enriched-candidate-snapshots/ow14-s0166.json,4,4,True
2187,ow14-1-r02187,gpt_minimal,minimal,ow14-s0166,3,model-facing/minimal-candidate-snapshots/ow14-s0166.json,4,4,True
2188,ow14-1-r02188,gpt_enriched,enriched,ow14-s0166,3,model-facing/enriched-candidate-snapshots/ow14-s0166.json,4,4,True
2189,ow14-1-r02189,gpt_minimal,minimal,ow14-s0166,4,model-facing/minimal-candidate-snapshots/ow14-s0166.json,4,4,True
2190,ow14-1-r02190,gpt_enriched,enriched,ow14-s0166,4,model-facing/enriched-candidate-snapshots/ow14-s0166.json,4,4,True
2191,ow14-1-r02191,gpt_minimal,minimal,ow14-s0166,5,model-facing/minimal-candidate-snapshots/ow14-s0166.json,4,4,True
2192,ow14-1-r02192,gpt_enriched,enriched,ow14-s0166,5,model-facing/enriched-candidate-snapshots/ow14-s0166.json,4,4,True
2193,ow14-1-r02193,gpt_minimal,minimal,ow14-s0167,1,model-facing/minimal-candidate-snapshots/ow14-s0167.json,4,4,True
2194,ow14-1-r02194,gpt_enriched,enriched,ow14-s0167,1,model-facing/enriched-candidate-snapshots/ow14-s0167.json,4,4,True
2195,ow14-1-r02195,gpt_minimal,minimal,ow14-s0167,2,model-facing/minimal-candidate-snapshots/ow14-s0167.json,4,4,True
2196,ow14-1-r02196,gpt_enriched,enriched,ow14-s0167,2,model-facing/enriched-candidate-snapshots/ow14-s0167.json,4,4,True
2197,ow14-1-r02197,gpt_minimal,minimal,ow14-s0167,3,model-facing/minimal-candidate-snapshots/ow14-s0167.json,4,4,True
2198,ow14-1-r02198,gpt_enriched,enriched,ow14-s0167,3,model-facing/enriched-candidate-snapshots/ow14-s0167.json,4,4,True
2199,ow14-1-r02199,gpt_minimal,minimal,ow14-s0167,4,model-facing/minimal-candidate-snapshots/ow14-s0167.json,4,4,True
2200,ow14-1-r02200,gpt_enriched,enriched,ow14-s0167,4,model-facing/enriched-candidate-snapshots/ow14-s0167.json,4,4,True
2201,ow14-1-r02201,gpt_minimal,minimal,ow14-s0167,5,model-facing/minimal-candidate-snapshots/ow14-s0167.json,4,4,True
2202,ow14-1-r02202,gpt_enriched,enriched,ow14-s0167,5,model-facing/enriched-candidate-snapshots/ow14-s0167.json,4,4,True
2203,ow14-1-r02203,gpt_minimal,minimal,ow14-s0168,1,model-facing/minimal-candidate-snapshots/ow14-s0168.json,4,4,True
2204,ow14-1-r02204,gpt_enriched,enriched,ow14-s0168,1,model-facing/enriched-candidate-snapshots/ow14-s0168.json,4,4,True
2205,ow14-1-r02205,gpt_minimal,minimal,ow14-s0168,2,model-facing/minimal-candidate-snapshots/ow14-s0168.json,4,4,True
2206,ow14-1-r02206,gpt_enriched,enriched,ow14-s0168,2,model-facing/enriched-candidate-snapshots/ow14-s0168.json,4,4,True
2207,ow14-1-r02207,gpt_minimal,minimal,ow14-s0168,3,model-facing/minimal-candidate-snapshots/ow14-s0168.json,4,4,True
2208,ow14-1-r02208,gpt_enriched,enriched,ow14-s0168,3,model-facing/enriched-candidate-snapshots/ow14-s0168.json,4,4,True
2209,ow14-1-r02209,gpt_minimal,minimal,ow14-s0168,4,model-facing/minimal-candidate-snapshots/ow14-s0168.json,4,4,True
2210,ow14-1-r02210,gpt_enriched,enriched,ow14-s0168,4,model-facing/enriched-candidate-snapshots/ow14-s0168.json,4,4,True
2211,ow14-1-r02211,gpt_minimal,minimal,ow14-s0168,5,model-facing/minimal-candidate-snapshots/ow14-s0168.json,4,4,True
2212,ow14-1-r02212,gpt_enriched,enriched,ow14-s0168,5,model-facing/enriched-candidate-snapshots/ow14-s0168.json,4,4,True
2213,ow14-1-r02213,gpt_minimal,minimal,ow14-s0169,1,model-facing/minimal-candidate-snapshots/ow14-s0169.json,4,4,True
2214,ow14-1-r02214,gpt_enriched,enriched,ow14-s0169,1,model-facing/enriched-candidate-snapshots/ow14-s0169.json,4,4,True
2215,ow14-1-r02215,gpt_minimal,minimal,ow14-s0169,2,model-facing/minimal-candidate-snapshots/ow14-s0169.json,4,4,True
2216,ow14-1-r02216,gpt_enriched,enriched,ow14-s0169,2,model-facing/enriched-candidate-snapshots/ow14-s0169.json,4,4,True
2217,ow14-1-r02217,gpt_minimal,minimal,ow14-s0169,3,model-facing/minimal-candidate-snapshots/ow14-s0169.json,4,4,True
2218,ow14-1-r02218,gpt_enriched,enriched,ow14-s0169,3,model-facing/enriched-candidate-snapshots/ow14-s0169.json,4,4,True
2219,ow14-1-r02219,gpt_minimal,minimal,ow14-s0169,4,model-facing/minimal-candidate-snapshots/ow14-s0169.json,4,4,True
2220,ow14-1-r02220,gpt_enriched,enriched,ow14-s0169,4,model-facing/enriched-candidate-snapshots/ow14-s0169.json,4,4,True
2221,ow14-1-r02221,gpt_minimal,minimal,ow14-s0169,5,model-facing/minimal-candidate-snapshots/ow14-s0169.json,4,4,True
2222,ow14-1-r02222,gpt_enriched,enriched,ow14-s0169,5,model-facing/enriched-candidate-snapshots/ow14-s0169.json,4,4,True
2223,ow14-1-r02223,gpt_minimal,minimal,ow14-s0170,1,model-facing/minimal-candidate-snapshots/ow14-s0170.json,4,4,True
2224,ow14-1-r02224,gpt_enriched,enriched,ow14-s0170,1,model-facing/enriched-candidate-snapshots/ow14-s0170.json,4,4,True
2225,ow14-1-r02225,gpt_minimal,minimal,ow14-s0170,2,model-facing/minimal-candidate-snapshots/ow14-s0170.json,4,4,True
2226,ow14-1-r02226,gpt_enriched,enriched,ow14-s0170,2,model-facing/enriched-candidate-snapshots/ow14-s0170.json,4,4,True
2227,ow14-1-r02227,gpt_minimal,minimal,ow14-s0170,3,model-facing/minimal-candidate-snapshots/ow14-s0170.json,4,4,True
2228,ow14-1-r02228,gpt_enriched,enriched,ow14-s0170,3,model-facing/enriched-candidate-snapshots/ow14-s0170.json,4,4,True
2229,ow14-1-r02229,gpt_minimal,minimal,ow14-s0170,4,model-facing/minimal-candidate-snapshots/ow14-s0170.json,4,4,True
2230,ow14-1-r02230,gpt_enriched,enriched,ow14-s0170,4,model-facing/enriched-candidate-snapshots/ow14-s0170.json,4,4,True
2231,ow14-1-r02231,gpt_minimal,minimal,ow14-s0170,5,model-facing/minimal-candidate-snapshots/ow14-s0170.json,4,4,True
2232,ow14-1-r02232,gpt_enriched,enriched,ow14-s0170,5,model-facing/enriched-candidate-snapshots/ow14-s0170.json,4,4,True
2233,ow14-1-r02233,gpt_minimal,minimal,ow14-s0171,1,model-facing/minimal-candidate-snapshots/ow14-s0171.json,4,4,True
2234,ow14-1-r02234,gpt_enriched,enriched,ow14-s0171,1,model-facing/enriched-candidate-snapshots/ow14-s0171.json,4,4,True
2235,ow14-1-r02235,gpt_minimal,minimal,ow14-s0171,2,model-facing/minimal-candidate-snapshots/ow14-s0171.json,4,4,True
2236,ow14-1-r02236,gpt_enriched,enriched,ow14-s0171,2,model-facing/enriched-candidate-snapshots/ow14-s0171.json,4,4,True
2237,ow14-1-r02237,gpt_minimal,minimal,ow14-s0171,3,model-facing/minimal-candidate-snapshots/ow14-s0171.json,4,4,True
2238,ow14-1-r02238,gpt_enriched,enriched,ow14-s0171,3,model-facing/enriched-candidate-snapshots/ow14-s0171.json,4,4,True
2239,ow14-1-r02239,gpt_minimal,minimal,ow14-s0171,4,model-facing/minimal-candidate-snapshots/ow14-s0171.json,4,4,True
2240,ow14-1-r02240,gpt_enriched,enriched,ow14-s0171,4,model-facing/enriched-candidate-snapshots/ow14-s0171.json,4,4,True
2241,ow14-1-r02241,gpt_minimal,minimal,ow14-s0171,5,model-facing/minimal-candidate-snapshots/ow14-s0171.json,4,4,True
2242,ow14-1-r02242,gpt_enriched,enriched,ow14-s0171,5,model-facing/enriched-candidate-snapshots/ow14-s0171.json,4,4,True
2243,ow14-1-r02243,gpt_minimal,minimal,ow14-s0172,1,model-facing/minimal-candidate-snapshots/ow14-s0172.json,4,4,True
2244,ow14-1-r02244,gpt_enriched,enriched,ow14-s0172,1,model-facing/enriched-candidate-snapshots/ow14-s0172.json,4,4,True
2245,ow14-1-r02245,gpt_minimal,minimal,ow14-s0172,2,model-facing/minimal-candidate-snapshots/ow14-s0172.json,4,4,True
2246,ow14-1-r02246,gpt_enriched,enriched,ow14-s0172,2,model-facing/enriched-candidate-snapshots/ow14-s0172.json,4,4,True
2247,ow14-1-r02247,gpt_minimal,minimal,ow14-s0172,3,model-facing/minimal-candidate-snapshots/ow14-s0172.json,4,4,True
2248,ow14-1-r02248,gpt_enriched,enriched,ow14-s0172,3,model-facing/enriched-candidate-snapshots/ow14-s0172.json,4,4,True
2249,ow14-1-r02249,gpt_minimal,minimal,ow14-s0172,4,model-facing/minimal-candidate-snapshots/ow14-s0172.json,4,4,True
2250,ow14-1-r02250,gpt_enriched,enriched,ow14-s0172,4,model-facing/enriched-candidate-snapshots/ow14-s0172.json,4,4,True
2251,ow14-1-r02251,gpt_minimal,minimal,ow14-s0172,5,model-facing/minimal-candidate-snapshots/ow14-s0172.json,4,4,True
2252,ow14-1-r02252,gpt_enriched,enriched,ow14-s0172,5,model-facing/enriched-candidate-snapshots/ow14-s0172.json,4,4,True
2253,ow14-1-r02253,gpt_minimal,minimal,ow14-s0173,1,model-facing/minimal-candidate-snapshots/ow14-s0173.json,4,4,True
2254,ow14-1-r02254,gpt_enriched,enriched,ow14-s0173,1,model-facing/enriched-candidate-snapshots/ow14-s0173.json,4,4,True
2255,ow14-1-r02255,gpt_minimal,minimal,ow14-s0173,2,model-facing/minimal-candidate-snapshots/ow14-s0173.json,4,4,True
2256,ow14-1-r02256,gpt_enriched,enriched,ow14-s0173,2,model-facing/enriched-candidate-snapshots/ow14-s0173.json,4,4,True
2257,ow14-1-r02257,gpt_minimal,minimal,ow14-s0173,3,model-facing/minimal-candidate-snapshots/ow14-s0173.json,4,4,True
2258,ow14-1-r02258,gpt_enriched,enriched,ow14-s0173,3,model-facing/enriched-candidate-snapshots/ow14-s0173.json,4,4,True
2259,ow14-1-r02259,gpt_minimal,minimal,ow14-s0173,4,model-facing/minimal-candidate-snapshots/ow14-s0173.json,4,4,True
2260,ow14-1-r02260,gpt_enriched,enriched,ow14-s0173,4,model-facing/enriched-candidate-snapshots/ow14-s0173.json,4,4,True
2261,ow14-1-r02261,gpt_minimal,minimal,ow14-s0173,5,model-facing/minimal-candidate-snapshots/ow14-s0173.json,4,4,True
2262,ow14-1-r02262,gpt_enriched,enriched,ow14-s0173,5,model-facing/enriched-candidate-snapshots/ow14-s0173.json,4,4,True
2263,ow14-1-r02263,gpt_minimal,minimal,ow14-s0174,1,model-facing/minimal-candidate-snapshots/ow14-s0174.json,4,4,True
2264,ow14-1-r02264,gpt_enriched,enriched,ow14-s0174,1,model-facing/enriched-candidate-snapshots/ow14-s0174.json,4,4,True
2265,ow14-1-r02265,gpt_minimal,minimal,ow14-s0174,2,model-facing/minimal-candidate-snapshots/ow14-s0174.json,4,4,True
2266,ow14-1-r02266,gpt_enriched,enriched,ow14-s0174,2,model-facing/enriched-candidate-snapshots/ow14-s0174.json,4,4,True
2267,ow14-1-r02267,gpt_minimal,minimal,ow14-s0174,3,model-facing/minimal-candidate-snapshots/ow14-s0174.json,4,4,True
2268,ow14-1-r02268,gpt_enriched,enriched,ow14-s0174,3,model-facing/enriched-candidate-snapshots/ow14-s0174.json,4,4,True
2269,ow14-1-r02269,gpt_minimal,minimal,ow14-s0174,4,model-facing/minimal-candidate-snapshots/ow14-s0174.json,4,4,True
2270,ow14-1-r02270,gpt_enriched,enriched,ow14-s0174,4,model-facing/enriched-candidate-snapshots/ow14-s0174.json,4,4,True
2271,ow14-1-r02271,gpt_minimal,minimal,ow14-s0174,5,model-facing/minimal-candidate-snapshots/ow14-s0174.json,4,4,True
2272,ow14-1-r02272,gpt_enriched,enriched,ow14-s0174,5,model-facing/enriched-candidate-snapshots/ow14-s0174.json,4,4,True
2273,ow14-1-r02273,gpt_minimal,minimal,ow14-s0175,1,model-facing/minimal-candidate-snapshots/ow14-s0175.json,4,4,True
2274,ow14-1-r02274,gpt_enriched,enriched,ow14-s0175,1,model-facing/enriched-candidate-snapshots/ow14-s0175.json,4,4,True
2275,ow14-1-r02275,gpt_minimal,minimal,ow14-s0175,2,model-facing/minimal-candidate-snapshots/ow14-s0175.json,4,4,True
2276,ow14-1-r02276,gpt_enriched,enriched,ow14-s0175,2,model-facing/enriched-candidate-snapshots/ow14-s0175.json,4,4,True
2277,ow14-1-r02277,gpt_minimal,minimal,ow14-s0175,3,model-facing/minimal-candidate-snapshots/ow14-s0175.json,4,4,True
2278,ow14-1-r02278,gpt_enriched,enriched,ow14-s0175,3,model-facing/enriched-candidate-snapshots/ow14-s0175.json,4,4,True
2279,ow14-1-r02279,gpt_minimal,minimal,ow14-s0175,4,model-facing/minimal-candidate-snapshots/ow14-s0175.json,4,4,True
2280,ow14-1-r02280,gpt_enriched,enriched,ow14-s0175,4,model-facing/enriched-candidate-snapshots/ow14-s0175.json,4,4,True
2281,ow14-1-r02281,gpt_minimal,minimal,ow14-s0175,5,model-facing/minimal-candidate-snapshots/ow14-s0175.json,4,4,True
2282,ow14-1-r02282,gpt_enriched,enriched,ow14-s0175,5,model-facing/enriched-candidate-snapshots/ow14-s0175.json,4,4,True
2283,ow14-1-r02283,gpt_minimal,minimal,ow14-s0176,1,model-facing/minimal-candidate-snapshots/ow14-s0176.json,4,4,True
2284,ow14-1-r02284,gpt_enriched,enriched,ow14-s0176,1,model-facing/enriched-candidate-snapshots/ow14-s0176.json,4,4,True
2285,ow14-1-r02285,gpt_minimal,minimal,ow14-s0176,2,model-facing/minimal-candidate-snapshots/ow14-s0176.json,4,4,True
2286,ow14-1-r02286,gpt_enriched,enriched,ow14-s0176,2,model-facing/enriched-candidate-snapshots/ow14-s0176.json,4,4,True
2287,ow14-1-r02287,gpt_minimal,minimal,ow14-s0176,3,model-facing/minimal-candidate-snapshots/ow14-s0176.json,4,4,True
2288,ow14-1-r02288,gpt_enriched,enriched,ow14-s0176,3,model-facing/enriched-candidate-snapshots/ow14-s0176.json,4,4,True
2289,ow14-1-r02289,gpt_minimal,minimal,ow14-s0176,4,model-facing/minimal-candidate-snapshots/ow14-s0176.json,4,4,True
2290,ow14-1-r02290,gpt_enriched,enriched,ow14-s0176,4,model-facing/enriched-candidate-snapshots/ow14-s0176.json,4,4,True
2291,ow14-1-r02291,gpt_minimal,minimal,ow14-s0176,5,model-facing/minimal-candidate-snapshots/ow14-s0176.json,4,4,True
2292,ow14-1-r02292,gpt_enriched,enriched,ow14-s0176,5,model-facing/enriched-candidate-snapshots/ow14-s0176.json,4,4,True
2293,ow14-1-r02293,gpt_minimal,minimal,ow14-s0177,1,model-facing/minimal-candidate-snapshots/ow14-s0177.json,4,4,True
2294,ow14-1-r02294,gpt_enriched,enriched,ow14-s0177,1,model-facing/enriched-candidate-snapshots/ow14-s0177.json,4,4,True
2295,ow14-1-r02295,gpt_minimal,minimal,ow14-s0177,2,model-facing/minimal-candidate-snapshots/ow14-s0177.json,4,4,True
2296,ow14-1-r02296,gpt_enriched,enriched,ow14-s0177,2,model-facing/enriched-candidate-snapshots/ow14-s0177.json,4,4,True
2297,ow14-1-r02297,gpt_minimal,minimal,ow14-s0177,3,model-facing/minimal-candidate-snapshots/ow14-s0177.json,4,4,True
2298,ow14-1-r02298,gpt_enriched,enriched,ow14-s0177,3,model-facing/enriched-candidate-snapshots/ow14-s0177.json,4,4,True
2299,ow14-1-r02299,gpt_minimal,minimal,ow14-s0177,4,model-facing/minimal-candidate-snapshots/ow14-s0177.json,4,4,True
2300,ow14-1-r02300,gpt_enriched,enriched,ow14-s0177,4,model-facing/enriched-candidate-snapshots/ow14-s0177.json,4,4,True
2301,ow14-1-r02301,gpt_minimal,minimal,ow14-s0177,5,model-facing/minimal-candidate-snapshots/ow14-s0177.json,4,4,True
2302,ow14-1-r02302,gpt_enriched,enriched,ow14-s0177,5,model-facing/enriched-candidate-snapshots/ow14-s0177.json,4,4,True
2303,ow14-1-r02303,gpt_minimal,minimal,ow14-s0178,1,model-facing/minimal-candidate-snapshots/ow14-s0178.json,4,4,True
2304,ow14-1-r02304,gpt_enriched,enriched,ow14-s0178,1,model-facing/enriched-candidate-snapshots/ow14-s0178.json,4,4,True
2305,ow14-1-r02305,gpt_minimal,minimal,ow14-s0178,2,model-facing/minimal-candidate-snapshots/ow14-s0178.json,4,4,True
2306,ow14-1-r02306,gpt_enriched,enriched,ow14-s0178,2,model-facing/enriched-candidate-snapshots/ow14-s0178.json,4,4,True
2307,ow14-1-r02307,gpt_minimal,minimal,ow14-s0178,3,model-facing/minimal-candidate-snapshots/ow14-s0178.json,4,4,True
2308,ow14-1-r02308,gpt_enriched,enriched,ow14-s0178,3,model-facing/enriched-candidate-snapshots/ow14-s0178.json,4,4,True
2309,ow14-1-r02309,gpt_minimal,minimal,ow14-s0178,4,model-facing/minimal-candidate-snapshots/ow14-s0178.json,4,4,True
2310,ow14-1-r02310,gpt_enriched,enriched,ow14-s0178,4,model-facing/enriched-candidate-snapshots/ow14-s0178.json,4,4,True
2311,ow14-1-r02311,gpt_minimal,minimal,ow14-s0178,5,model-facing/minimal-candidate-snapshots/ow14-s0178.json,4,4,True
2312,ow14-1-r02312,gpt_enriched,enriched,ow14-s0178,5,model-facing/enriched-candidate-snapshots/ow14-s0178.json,4,4,True
2313,ow14-1-r02313,gpt_minimal,minimal,ow14-s0179,1,model-facing/minimal-candidate-snapshots/ow14-s0179.json,4,4,True
2314,ow14-1-r02314,gpt_enriched,enriched,ow14-s0179,1,model-facing/enriched-candidate-snapshots/ow14-s0179.json,4,4,True
2315,ow14-1-r02315,gpt_minimal,minimal,ow14-s0179,2,model-facing/minimal-candidate-snapshots/ow14-s0179.json,4,4,True
2316,ow14-1-r02316,gpt_enriched,enriched,ow14-s0179,2,model-facing/enriched-candidate-snapshots/ow14-s0179.json,4,4,True
2317,ow14-1-r02317,gpt_minimal,minimal,ow14-s0179,3,model-facing/minimal-candidate-snapshots/ow14-s0179.json,4,4,True
2318,ow14-1-r02318,gpt_enriched,enriched,ow14-s0179,3,model-facing/enriched-candidate-snapshots/ow14-s0179.json,4,4,True
2319,ow14-1-r02319,gpt_minimal,minimal,ow14-s0179,4,model-facing/minimal-candidate-snapshots/ow14-s0179.json,4,4,True
2320,ow14-1-r02320,gpt_enriched,enriched,ow14-s0179,4,model-facing/enriched-candidate-snapshots/ow14-s0179.json,4,4,True
2321,ow14-1-r02321,gpt_minimal,minimal,ow14-s0179,5,model-facing/minimal-candidate-snapshots/ow14-s0179.json,4,4,True
2322,ow14-1-r02322,gpt_enriched,enriched,ow14-s0179,5,model-facing/enriched-candidate-snapshots/ow14-s0179.json,4,4,True
2323,ow14-1-r02323,gpt_minimal,minimal,ow14-s0180,1,model-facing/minimal-candidate-snapshots/ow14-s0180.json,4,4,True
2324,ow14-1-r02324,gpt_enriched,enriched,ow14-s0180,1,model-facing/enriched-candidate-snapshots/ow14-s0180.json,4,4,True
2325,ow14-1-r02325,gpt_minimal,minimal,ow14-s0180,2,model-facing/minimal-candidate-snapshots/ow14-s0180.json,4,4,True
2326,ow14-1-r02326,gpt_enriched,enriched,ow14-s0180,2,model-facing/enriched-candidate-snapshots/ow14-s0180.json,4,4,True
2327,ow14-1-r02327,gpt_minimal,minimal,ow14-s0180,3,model-facing/minimal-candidate-snapshots/ow14-s0180.json,4,4,True
2328,ow14-1-r02328,gpt_enriched,enriched,ow14-s0180,3,model-facing/enriched-candidate-snapshots/ow14-s0180.json,4,4,True
2329,ow14-1-r02329,gpt_minimal,minimal,ow14-s0180,4,model-facing/minimal-candidate-snapshots/ow14-s0180.json,4,4,True
2330,ow14-1-r02330,gpt_enriched,enriched,ow14-s0180,4,model-facing/enriched-candidate-snapshots/ow14-s0180.json,4,4,True
2331,ow14-1-r02331,gpt_minimal,minimal,ow14-s0180,5,model-facing/minimal-candidate-snapshots/ow14-s0180.json,4,4,True
2332,ow14-1-r02332,gpt_enriched,enriched,ow14-s0180,5,model-facing/enriched-candidate-snapshots/ow14-s0180.json,4,4,True
2333,ow14-1-r02333,gpt_minimal,minimal,ow14-s0181,1,model-facing/minimal-candidate-snapshots/ow14-s0181.json,4,4,True
2334,ow14-1-r02334,gpt_enriched,enriched,ow14-s0181,1,model-facing/enriched-candidate-snapshots/ow14-s0181.json,4,4,True
2335,ow14-1-r02335,gpt_minimal,minimal,ow14-s0181,2,model-facing/minimal-candidate-snapshots/ow14-s0181.json,4,4,True
2336,ow14-1-r02336,gpt_enriched,enriched,ow14-s0181,2,model-facing/enriched-candidate-snapshots/ow14-s0181.json,4,4,True
2337,ow14-1-r02337,gpt_minimal,minimal,ow14-s0181,3,model-facing/minimal-candidate-snapshots/ow14-s0181.json,4,4,True
2338,ow14-1-r02338,gpt_enriched,enriched,ow14-s0181,3,model-facing/enriched-candidate-snapshots/ow14-s0181.json,4,4,True
2339,ow14-1-r02339,gpt_minimal,minimal,ow14-s0181,4,model-facing/minimal-candidate-snapshots/ow14-s0181.json,4,4,True
2340,ow14-1-r02340,gpt_enriched,enriched,ow14-s0181,4,model-facing/enriched-candidate-snapshots/ow14-s0181.json,4,4,True
2341,ow14-1-r02341,gpt_minimal,minimal,ow14-s0181,5,model-facing/minimal-candidate-snapshots/ow14-s0181.json,4,4,True
2342,ow14-1-r02342,gpt_enriched,enriched,ow14-s0181,5,model-facing/enriched-candidate-snapshots/ow14-s0181.json,4,4,True
2343,ow14-1-r02343,gpt_minimal,minimal,ow14-s0182,1,model-facing/minimal-candidate-snapshots/ow14-s0182.json,4,4,True
2344,ow14-1-r02344,gpt_enriched,enriched,ow14-s0182,1,model-facing/enriched-candidate-snapshots/ow14-s0182.json,4,4,True
2345,ow14-1-r02345,gpt_minimal,minimal,ow14-s0182,2,model-facing/minimal-candidate-snapshots/ow14-s0182.json,4,4,True
2346,ow14-1-r02346,gpt_enriched,enriched,ow14-s0182,2,model-facing/enriched-candidate-snapshots/ow14-s0182.json,4,4,True
2347,ow14-1-r02347,gpt_minimal,minimal,ow14-s0182,3,model-facing/minimal-candidate-snapshots/ow14-s0182.json,4,4,True
2348,ow14-1-r02348,gpt_enriched,enriched,ow14-s0182,3,model-facing/enriched-candidate-snapshots/ow14-s0182.json,4,4,True
2349,ow14-1-r02349,gpt_minimal,minimal,ow14-s0182,4,model-facing/minimal-candidate-snapshots/ow14-s0182.json,4,4,True
2350,ow14-1-r02350,gpt_enriched,enriched,ow14-s0182,4,model-facing/enriched-candidate-snapshots/ow14-s0182.json,4,4,True
2351,ow14-1-r02351,gpt_minimal,minimal,ow14-s0182,5,model-facing/minimal-candidate-snapshots/ow14-s0182.json,4,4,True
2352,ow14-1-r02352,gpt_enriched,enriched,ow14-s0182,5,model-facing/enriched-candidate-snapshots/ow14-s0182.json,4,4,True
2353,ow14-1-r02353,gpt_minimal,minimal,ow14-s0183,1,model-facing/minimal-candidate-snapshots/ow14-s0183.json,4,4,True
2354,ow14-1-r02354,gpt_enriched,enriched,ow14-s0183,1,model-facing/enriched-candidate-snapshots/ow14-s0183.json,4,4,True
2355,ow14-1-r02355,gpt_minimal,minimal,ow14-s0183,2,model-facing/minimal-candidate-snapshots/ow14-s0183.json,4,4,True
2356,ow14-1-r02356,gpt_enriched,enriched,ow14-s0183,2,model-facing/enriched-candidate-snapshots/ow14-s0183.json,4,4,True
2357,ow14-1-r02357,gpt_minimal,minimal,ow14-s0183,3,model-facing/minimal-candidate-snapshots/ow14-s0183.json,4,4,True
2358,ow14-1-r02358,gpt_enriched,enriched,ow14-s0183,3,model-facing/enriched-candidate-snapshots/ow14-s0183.json,4,4,True
2359,ow14-1-r02359,gpt_minimal,minimal,ow14-s0183,4,model-facing/minimal-candidate-snapshots/ow14-s0183.json,4,4,True
2360,ow14-1-r02360,gpt_enriched,enriched,ow14-s0183,4,model-facing/enriched-candidate-snapshots/ow14-s0183.json,4,4,True
2361,ow14-1-r02361,gpt_minimal,minimal,ow14-s0183,5,model-facing/minimal-candidate-snapshots/ow14-s0183.json,4,4,True
2362,ow14-1-r02362,gpt_enriched,enriched,ow14-s0183,5,model-facing/enriched-candidate-snapshots/ow14-s0183.json,4,4,True
2363,ow14-1-r02363,gpt_minimal,minimal,ow14-s0184,1,model-facing/minimal-candidate-snapshots/ow14-s0184.json,4,4,True
2364,ow14-1-r02364,gpt_enriched,enriched,ow14-s0184,1,model-facing/enriched-candidate-snapshots/ow14-s0184.json,4,4,True
2365,ow14-1-r02365,gpt_minimal,minimal,ow14-s0184,2,model-facing/minimal-candidate-snapshots/ow14-s0184.json,4,4,True
2366,ow14-1-r02366,gpt_enriched,enriched,ow14-s0184,2,model-facing/enriched-candidate-snapshots/ow14-s0184.json,4,4,True
2367,ow14-1-r02367,gpt_minimal,minimal,ow14-s0184,3,model-facing/minimal-candidate-snapshots/ow14-s0184.json,4,4,True
2368,ow14-1-r02368,gpt_enriched,enriched,ow14-s0184,3,model-facing/enriched-candidate-snapshots/ow14-s0184.json,4,4,True
2369,ow14-1-r02369,gpt_minimal,minimal,ow14-s0184,4,model-facing/minimal-candidate-snapshots/ow14-s0184.json,4,4,True
2370,ow14-1-r02370,gpt_enriched,enriched,ow14-s0184,4,model-facing/enriched-candidate-snapshots/ow14-s0184.json,4,4,True
2371,ow14-1-r02371,gpt_minimal,minimal,ow14-s0184,5,model-facing/minimal-candidate-snapshots/ow14-s0184.json,4,4,True
2372,ow14-1-r02372,gpt_enriched,enriched,ow14-s0184,5,model-facing/enriched-candidate-snapshots/ow14-s0184.json,4,4,True
2373,ow14-1-r02373,gpt_minimal,minimal,ow14-s0185,1,model-facing/minimal-candidate-snapshots/ow14-s0185.json,4,4,True
2374,ow14-1-r02374,gpt_enriched,enriched,ow14-s0185,1,model-facing/enriched-candidate-snapshots/ow14-s0185.json,4,4,True
2375,ow14-1-r02375,gpt_minimal,minimal,ow14-s0185,2,model-facing/minimal-candidate-snapshots/ow14-s0185.json,4,4,True
2376,ow14-1-r02376,gpt_enriched,enriched,ow14-s0185,2,model-facing/enriched-candidate-snapshots/ow14-s0185.json,4,4,True
2377,ow14-1-r02377,gpt_minimal,minimal,ow14-s0185,3,model-facing/minimal-candidate-snapshots/ow14-s0185.json,4,4,True
2378,ow14-1-r02378,gpt_enriched,enriched,ow14-s0185,3,model-facing/enriched-candidate-snapshots/ow14-s0185.json,4,4,True
2379,ow14-1-r02379,gpt_minimal,minimal,ow14-s0185,4,model-facing/minimal-candidate-snapshots/ow14-s0185.json,4,4,True
2380,ow14-1-r02380,gpt_enriched,enriched,ow14-s0185,4,model-facing/enriched-candidate-snapshots/ow14-s0185.json,4,4,True
2381,ow14-1-r02381,gpt_minimal,minimal,ow14-s0185,5,model-facing/minimal-candidate-snapshots/ow14-s0185.json,4,4,True
2382,ow14-1-r02382,gpt_enriched,enriched,ow14-s0185,5,model-facing/enriched-candidate-snapshots/ow14-s0185.json,4,4,True
2383,ow14-1-r02383,gpt_minimal,minimal,ow14-s0186,1,model-facing/minimal-candidate-snapshots/ow14-s0186.json,4,4,True
2384,ow14-1-r02384,gpt_enriched,enriched,ow14-s0186,1,model-facing/enriched-candidate-snapshots/ow14-s0186.json,4,4,True
2385,ow14-1-r02385,gpt_minimal,minimal,ow14-s0186,2,model-facing/minimal-candidate-snapshots/ow14-s0186.json,4,4,True
2386,ow14-1-r02386,gpt_enriched,enriched,ow14-s0186,2,model-facing/enriched-candidate-snapshots/ow14-s0186.json,4,4,True
2387,ow14-1-r02387,gpt_minimal,minimal,ow14-s0186,3,model-facing/minimal-candidate-snapshots/ow14-s0186.json,4,4,True
2388,ow14-1-r02388,gpt_enriched,enriched,ow14-s0186,3,model-facing/enriched-candidate-snapshots/ow14-s0186.json,4,4,True
2389,ow14-1-r02389,gpt_minimal,minimal,ow14-s0186,4,model-facing/minimal-candidate-snapshots/ow14-s0186.json,4,4,True
2390,ow14-1-r02390,gpt_enriched,enriched,ow14-s0186,4,model-facing/enriched-candidate-snapshots/ow14-s0186.json,4,4,True
2391,ow14-1-r02391,gpt_minimal,minimal,ow14-s0186,5,model-facing/minimal-candidate-snapshots/ow14-s0186.json,4,4,True
2392,ow14-1-r02392,gpt_enriched,enriched,ow14-s0186,5,model-facing/enriched-candidate-snapshots/ow14-s0186.json,4,4,True
2393,ow14-1-r02393,gpt_minimal,minimal,ow14-s0187,1,model-facing/minimal-candidate-snapshots/ow14-s0187.json,4,4,True
2394,ow14-1-r02394,gpt_enriched,enriched,ow14-s0187,1,model-facing/enriched-candidate-snapshots/ow14-s0187.json,4,4,True
2395,ow14-1-r02395,gpt_minimal,minimal,ow14-s0187,2,model-facing/minimal-candidate-snapshots/ow14-s0187.json,4,4,True
2396,ow14-1-r02396,gpt_enriched,enriched,ow14-s0187,2,model-facing/enriched-candidate-snapshots/ow14-s0187.json,4,4,True
2397,ow14-1-r02397,gpt_minimal,minimal,ow14-s0187,3,model-facing/minimal-candidate-snapshots/ow14-s0187.json,4,4,True
2398,ow14-1-r02398,gpt_enriched,enriched,ow14-s0187,3,model-facing/enriched-candidate-snapshots/ow14-s0187.json,4,4,True
2399,ow14-1-r02399,gpt_minimal,minimal,ow14-s0187,4,model-facing/minimal-candidate-snapshots/ow14-s0187.json,4,4,True
2400,ow14-1-r02400,gpt_enriched,enriched,ow14-s0187,4,model-facing/enriched-candidate-snapshots/ow14-s0187.json,4,4,True
2401,ow14-1-r02401,gpt_minimal,minimal,ow14-s0187,5,model-facing/minimal-candidate-snapshots/ow14-s0187.json,4,4,True
2402,ow14-1-r02402,gpt_enriched,enriched,ow14-s0187,5,model-facing/enriched-candidate-snapshots/ow14-s0187.json,4,4,True
2403,ow14-1-r02403,gpt_minimal,minimal,ow14-s0188,1,model-facing/minimal-candidate-snapshots/ow14-s0188.json,4,4,True
2404,ow14-1-r02404,gpt_enriched,enriched,ow14-s0188,1,model-facing/enriched-candidate-snapshots/ow14-s0188.json,4,4,True
2405,ow14-1-r02405,gpt_minimal,minimal,ow14-s0188,2,model-facing/minimal-candidate-snapshots/ow14-s0188.json,4,4,True
2406,ow14-1-r02406,gpt_enriched,enriched,ow14-s0188,2,model-facing/enriched-candidate-snapshots/ow14-s0188.json,4,4,True
2407,ow14-1-r02407,gpt_minimal,minimal,ow14-s0188,3,model-facing/minimal-candidate-snapshots/ow14-s0188.json,4,4,True
2408,ow14-1-r02408,gpt_enriched,enriched,ow14-s0188,3,model-facing/enriched-candidate-snapshots/ow14-s0188.json,4,4,True
2409,ow14-1-r02409,gpt_minimal,minimal,ow14-s0188,4,model-facing/minimal-candidate-snapshots/ow14-s0188.json,4,4,True
2410,ow14-1-r02410,gpt_enriched,enriched,ow14-s0188,4,model-facing/enriched-candidate-snapshots/ow14-s0188.json,4,4,True
2411,ow14-1-r02411,gpt_minimal,minimal,ow14-s0188,5,model-facing/minimal-candidate-snapshots/ow14-s0188.json,4,4,True
2412,ow14-1-r02412,gpt_enriched,enriched,ow14-s0188,5,model-facing/enriched-candidate-snapshots/ow14-s0188.json,4,4,True
2413,ow14-1-r02413,gpt_minimal,minimal,ow14-s0189,1,model-facing/minimal-candidate-snapshots/ow14-s0189.json,4,4,True
2414,ow14-1-r02414,gpt_enriched,enriched,ow14-s0189,1,model-facing/enriched-candidate-snapshots/ow14-s0189.json,4,4,True
2415,ow14-1-r02415,gpt_minimal,minimal,ow14-s0189,2,model-facing/minimal-candidate-snapshots/ow14-s0189.json,4,4,True
2416,ow14-1-r02416,gpt_enriched,enriched,ow14-s0189,2,model-facing/enriched-candidate-snapshots/ow14-s0189.json,4,4,True
2417,ow14-1-r02417,gpt_minimal,minimal,ow14-s0189,3,model-facing/minimal-candidate-snapshots/ow14-s0189.json,4,4,True
2418,ow14-1-r02418,gpt_enriched,enriched,ow14-s0189,3,model-facing/enriched-candidate-snapshots/ow14-s0189.json,4,4,True
2419,ow14-1-r02419,gpt_minimal,minimal,ow14-s0189,4,model-facing/minimal-candidate-snapshots/ow14-s0189.json,4,4,True
2420,ow14-1-r02420,gpt_enriched,enriched,ow14-s0189,4,model-facing/enriched-candidate-snapshots/ow14-s0189.json,4,4,True
2421,ow14-1-r02421,gpt_minimal,minimal,ow14-s0189,5,model-facing/minimal-candidate-snapshots/ow14-s0189.json,4,4,True
2422,ow14-1-r02422,gpt_enriched,enriched,ow14-s0189,5,model-facing/enriched-candidate-snapshots/ow14-s0189.json,4,4,True
2423,ow14-1-r02423,gpt_minimal,minimal,ow14-s0190,1,model-facing/minimal-candidate-snapshots/ow14-s0190.json,4,4,True
2424,ow14-1-r02424,gpt_enriched,enriched,ow14-s0190,1,model-facing/enriched-candidate-snapshots/ow14-s0190.json,4,4,True
2425,ow14-1-r02425,gpt_minimal,minimal,ow14-s0190,2,model-facing/minimal-candidate-snapshots/ow14-s0190.json,4,4,True
2426,ow14-1-r02426,gpt_enriched,enriched,ow14-s0190,2,model-facing/enriched-candidate-snapshots/ow14-s0190.json,4,4,True
2427,ow14-1-r02427,gpt_minimal,minimal,ow14-s0190,3,model-facing/minimal-candidate-snapshots/ow14-s0190.json,4,4,True
2428,ow14-1-r02428,gpt_enriched,enriched,ow14-s0190,3,model-facing/enriched-candidate-snapshots/ow14-s0190.json,4,4,True
2429,ow14-1-r02429,gpt_minimal,minimal,ow14-s0190,4,model-facing/minimal-candidate-snapshots/ow14-s0190.json,4,4,True
2430,ow14-1-r02430,gpt_enriched,enriched,ow14-s0190,4,model-facing/enriched-candidate-snapshots/ow14-s0190.json,4,4,True
2431,ow14-1-r02431,gpt_minimal,minimal,ow14-s0190,5,model-facing/minimal-candidate-snapshots/ow14-s0190.json,4,4,True
2432,ow14-1-r02432,gpt_enriched,enriched,ow14-s0190,5,model-facing/enriched-candidate-snapshots/ow14-s0190.json,4,4,True
2433,ow14-1-r02433,gpt_minimal,minimal,ow14-s0191,1,model-facing/minimal-candidate-snapshots/ow14-s0191.json,4,4,True
2434,ow14-1-r02434,gpt_enriched,enriched,ow14-s0191,1,model-facing/enriched-candidate-snapshots/ow14-s0191.json,4,4,True
2435,ow14-1-r02435,gpt_minimal,minimal,ow14-s0191,2,model-facing/minimal-candidate-snapshots/ow14-s0191.json,4,4,True
2436,ow14-1-r02436,gpt_enriched,enriched,ow14-s0191,2,model-facing/enriched-candidate-snapshots/ow14-s0191.json,4,4,True
2437,ow14-1-r02437,gpt_minimal,minimal,ow14-s0191,3,model-facing/minimal-candidate-snapshots/ow14-s0191.json,4,4,True
2438,ow14-1-r02438,gpt_enriched,enriched,ow14-s0191,3,model-facing/enriched-candidate-snapshots/ow14-s0191.json,4,4,True
2439,ow14-1-r02439,gpt_minimal,minimal,ow14-s0191,4,model-facing/minimal-candidate-snapshots/ow14-s0191.json,4,4,True
2440,ow14-1-r02440,gpt_enriched,enriched,ow14-s0191,4,model-facing/enriched-candidate-snapshots/ow14-s0191.json,4,4,True
2441,ow14-1-r02441,gpt_minimal,minimal,ow14-s0191,5,model-facing/minimal-candidate-snapshots/ow14-s0191.json,4,4,True
2442,ow14-1-r02442,gpt_enriched,enriched,ow14-s0191,5,model-facing/enriched-candidate-snapshots/ow14-s0191.json,4,4,True
2443,ow14-1-r02443,gpt_minimal,minimal,ow14-s0192,1,model-facing/minimal-candidate-snapshots/ow14-s0192.json,4,4,True
2444,ow14-1-r02444,gpt_enriched,enriched,ow14-s0192,1,model-facing/enriched-candidate-snapshots/ow14-s0192.json,4,4,True
2445,ow14-1-r02445,gpt_minimal,minimal,ow14-s0192,2,model-facing/minimal-candidate-snapshots/ow14-s0192.json,4,4,True
2446,ow14-1-r02446,gpt_enriched,enriched,ow14-s0192,2,model-facing/enriched-candidate-snapshots/ow14-s0192.json,4,4,True
2447,ow14-1-r02447,gpt_minimal,minimal,ow14-s0192,3,model-facing/minimal-candidate-snapshots/ow14-s0192.json,4,4,True
2448,ow14-1-r02448,gpt_enriched,enriched,ow14-s0192,3,model-facing/enriched-candidate-snapshots/ow14-s0192.json,4,4,True
2449,ow14-1-r02449,gpt_minimal,minimal,ow14-s0192,4,model-facing/minimal-candidate-snapshots/ow14-s0192.json,4,4,True
2450,ow14-1-r02450,gpt_enriched,enriched,ow14-s0192,4,model-facing/enriched-candidate-snapshots/ow14-s0192.json,4,4,True
2451,ow14-1-r02451,gpt_minimal,minimal,ow14-s0192,5,model-facing/minimal-candidate-snapshots/ow14-s0192.json,4,4,True
2452,ow14-1-r02452,gpt_enriched,enriched,ow14-s0192,5,model-facing/enriched-candidate-snapshots/ow14-s0192.json,4,4,True
2453,ow14-1-r02453,gpt_minimal,minimal,ow14-s0193,1,model-facing/minimal-candidate-snapshots/ow14-s0193.json,4,4,True
2454,ow14-1-r02454,gpt_enriched,enriched,ow14-s0193,1,model-facing/enriched-candidate-snapshots/ow14-s0193.json,4,4,True
2455,ow14-1-r02455,gpt_minimal,minimal,ow14-s0193,2,model-facing/minimal-candidate-snapshots/ow14-s0193.json,4,4,True
2456,ow14-1-r02456,gpt_enriched,enriched,ow14-s0193,2,model-facing/enriched-candidate-snapshots/ow14-s0193.json,4,4,True
2457,ow14-1-r02457,gpt_minimal,minimal,ow14-s0193,3,model-facing/minimal-candidate-snapshots/ow14-s0193.json,4,4,True
2458,ow14-1-r02458,gpt_enriched,enriched,ow14-s0193,3,model-facing/enriched-candidate-snapshots/ow14-s0193.json,4,4,True
2459,ow14-1-r02459,gpt_minimal,minimal,ow14-s0193,4,model-facing/minimal-candidate-snapshots/ow14-s0193.json,4,4,True
2460,ow14-1-r02460,gpt_enriched,enriched,ow14-s0193,4,model-facing/enriched-candidate-snapshots/ow14-s0193.json,4,4,True
2461,ow14-1-r02461,gpt_minimal,minimal,ow14-s0193,5,model-facing/minimal-candidate-snapshots/ow14-s0193.json,4,4,True
2462,ow14-1-r02462,gpt_enriched,enriched,ow14-s0193,5,model-facing/enriched-candidate-snapshots/ow14-s0193.json,4,4,True
2463,ow14-1-r02463,gpt_minimal,minimal,ow14-s0194,1,model-facing/minimal-candidate-snapshots/ow14-s0194.json,4,4,True
2464,ow14-1-r02464,gpt_enriched,enriched,ow14-s0194,1,model-facing/enriched-candidate-snapshots/ow14-s0194.json,4,4,True
2465,ow14-1-r02465,gpt_minimal,minimal,ow14-s0194,2,model-facing/minimal-candidate-snapshots/ow14-s0194.json,4,4,True
2466,ow14-1-r02466,gpt_enriched,enriched,ow14-s0194,2,model-facing/enriched-candidate-snapshots/ow14-s0194.json,4,4,True
2467,ow14-1-r02467,gpt_minimal,minimal,ow14-s0194,3,model-facing/minimal-candidate-snapshots/ow14-s0194.json,4,4,True
2468,ow14-1-r02468,gpt_enriched,enriched,ow14-s0194,3,model-facing/enriched-candidate-snapshots/ow14-s0194.json,4,4,True
2469,ow14-1-r02469,gpt_minimal,minimal,ow14-s0194,4,model-facing/minimal-candidate-snapshots/ow14-s0194.json,4,4,True
2470,ow14-1-r02470,gpt_enriched,enriched,ow14-s0194,4,model-facing/enriched-candidate-snapshots/ow14-s0194.json,4,4,True
2471,ow14-1-r02471,gpt_minimal,minimal,ow14-s0194,5,model-facing/minimal-candidate-snapshots/ow14-s0194.json,4,4,True
2472,ow14-1-r02472,gpt_enriched,enriched,ow14-s0194,5,model-facing/enriched-candidate-snapshots/ow14-s0194.json,4,4,True
2473,ow14-1-r02473,gpt_minimal,minimal,ow14-s0195,1,model-facing/minimal-candidate-snapshots/ow14-s0195.json,4,4,True
2474,ow14-1-r02474,gpt_enriched,enriched,ow14-s0195,1,model-facing/enriched-candidate-snapshots/ow14-s0195.json,4,4,True
2475,ow14-1-r02475,gpt_minimal,minimal,ow14-s0195,2,model-facing/minimal-candidate-snapshots/ow14-s0195.json,4,4,True
2476,ow14-1-r02476,gpt_enriched,enriched,ow14-s0195,2,model-facing/enriched-candidate-snapshots/ow14-s0195.json,4,4,True
2477,ow14-1-r02477,gpt_minimal,minimal,ow14-s0195,3,model-facing/minimal-candidate-snapshots/ow14-s0195.json,4,4,True
2478,ow14-1-r02478,gpt_enriched,enriched,ow14-s0195,3,model-facing/enriched-candidate-snapshots/ow14-s0195.json,4,4,True
2479,ow14-1-r02479,gpt_minimal,minimal,ow14-s0195,4,model-facing/minimal-candidate-snapshots/ow14-s0195.json,4,4,True
2480,ow14-1-r02480,gpt_enriched,enriched,ow14-s0195,4,model-facing/enriched-candidate-snapshots/ow14-s0195.json,4,4,True
2481,ow14-1-r02481,gpt_minimal,minimal,ow14-s0195,5,model-facing/minimal-candidate-snapshots/ow14-s0195.json,4,4,True
2482,ow14-1-r02482,gpt_enriched,enriched,ow14-s0195,5,model-facing/enriched-candidate-snapshots/ow14-s0195.json,4,4,True
2483,ow14-1-r02483,gpt_minimal,minimal,ow14-s0196,1,model-facing/minimal-candidate-snapshots/ow14-s0196.json,4,4,True
2484,ow14-1-r02484,gpt_enriched,enriched,ow14-s0196,1,model-facing/enriched-candidate-snapshots/ow14-s0196.json,4,4,True
2485,ow14-1-r02485,gpt_minimal,minimal,ow14-s0196,2,model-facing/minimal-candidate-snapshots/ow14-s0196.json,4,4,True
2486,ow14-1-r02486,gpt_enriched,enriched,ow14-s0196,2,model-facing/enriched-candidate-snapshots/ow14-s0196.json,4,4,True
2487,ow14-1-r02487,gpt_minimal,minimal,ow14-s0196,3,model-facing/minimal-candidate-snapshots/ow14-s0196.json,4,4,True
2488,ow14-1-r02488,gpt_enriched,enriched,ow14-s0196,3,model-facing/enriched-candidate-snapshots/ow14-s0196.json,4,4,True
2489,ow14-1-r02489,gpt_minimal,minimal,ow14-s0196,4,model-facing/minimal-candidate-snapshots/ow14-s0196.json,4,4,True
2490,ow14-1-r02490,gpt_enriched,enriched,ow14-s0196,4,model-facing/enriched-candidate-snapshots/ow14-s0196.json,4,4,True
2491,ow14-1-r02491,gpt_minimal,minimal,ow14-s0196,5,model-facing/minimal-candidate-snapshots/ow14-s0196.json,4,4,True
2492,ow14-1-r02492,gpt_enriched,enriched,ow14-s0196,5,model-facing/enriched-candidate-snapshots/ow14-s0196.json,4,4,True
2493,ow14-1-r02493,gpt_minimal,minimal,ow14-s0197,1,model-facing/minimal-candidate-snapshots/ow14-s0197.json,4,4,True
2494,ow14-1-r02494,gpt_enriched,enriched,ow14-s0197,1,model-facing/enriched-candidate-snapshots/ow14-s0197.json,4,4,True
2495,ow14-1-r02495,gpt_minimal,minimal,ow14-s0197,2,model-facing/minimal-candidate-snapshots/ow14-s0197.json,4,4,True
2496,ow14-1-r02496,gpt_enriched,enriched,ow14-s0197,2,model-facing/enriched-candidate-snapshots/ow14-s0197.json,4,4,True
2497,ow14-1-r02497,gpt_minimal,minimal,ow14-s0197,3,model-facing/minimal-candidate-snapshots/ow14-s0197.json,4,4,True
2498,ow14-1-r02498,gpt_enriched,enriched,ow14-s0197,3,model-facing/enriched-candidate-snapshots/ow14-s0197.json,4,4,True
2499,ow14-1-r02499,gpt_minimal,minimal,ow14-s0197,4,model-facing/minimal-candidate-snapshots/ow14-s0197.json,4,4,True
2500,ow14-1-r02500,gpt_enriched,enriched,ow14-s0197,4,model-facing/enriched-candidate-snapshots/ow14-s0197.json,4,4,True
2501,ow14-1-r02501,gpt_minimal,minimal,ow14-s0197,5,model-facing/minimal-candidate-snapshots/ow14-s0197.json,4,4,True
2502,ow14-1-r02502,gpt_enriched,enriched,ow14-s0197,5,model-facing/enriched-candidate-snapshots/ow14-s0197.json,4,4,True
2503,ow14-1-r02503,gpt_minimal,minimal,ow14-s0198,1,model-facing/minimal-candidate-snapshots/ow14-s0198.json,4,4,True
2504,ow14-1-r02504,gpt_enriched,enriched,ow14-s0198,1,model-facing/enriched-candidate-snapshots/ow14-s0198.json,4,4,True
2505,ow14-1-r02505,gpt_minimal,minimal,ow14-s0198,2,model-facing/minimal-candidate-snapshots/ow14-s0198.json,4,4,True
2506,ow14-1-r02506,gpt_enriched,enriched,ow14-s0198,2,model-facing/enriched-candidate-snapshots/ow14-s0198.json,4,4,True
2507,ow14-1-r02507,gpt_minimal,minimal,ow14-s0198,3,model-facing/minimal-candidate-snapshots/ow14-s0198.json,4,4,True
2508,ow14-1-r02508,gpt_enriched,enriched,ow14-s0198,3,model-facing/enriched-candidate-snapshots/ow14-s0198.json,4,4,True
2509,ow14-1-r02509,gpt_minimal,minimal,ow14-s0198,4,model-facing/minimal-candidate-snapshots/ow14-s0198.json,4,4,True
2510,ow14-1-r02510,gpt_enriched,enriched,ow14-s0198,4,model-facing/enriched-candidate-snapshots/ow14-s0198.json,4,4,True
2511,ow14-1-r02511,gpt_minimal,minimal,ow14-s0198,5,model-facing/minimal-candidate-snapshots/ow14-s0198.json,4,4,True
2512,ow14-1-r02512,gpt_enriched,enriched,ow14-s0198,5,model-facing/enriched-candidate-snapshots/ow14-s0198.json,4,4,True
2513,ow14-1-r02513,gpt_minimal,minimal,ow14-s0199,1,model-facing/minimal-candidate-snapshots/ow14-s0199.json,4,4,True
2514,ow14-1-r02514,gpt_enriched,enriched,ow14-s0199,1,model-facing/enriched-candidate-snapshots/ow14-s0199.json,4,4,True
2515,ow14-1-r02515,gpt_minimal,minimal,ow14-s0199,2,model-facing/minimal-candidate-snapshots/ow14-s0199.json,4,4,True
2516,ow14-1-r02516,gpt_enriched,enriched,ow14-s0199,2,model-facing/enriched-candidate-snapshots/ow14-s0199.json,4,4,True
2517,ow14-1-r02517,gpt_minimal,minimal,ow14-s0199,3,model-facing/minimal-candidate-snapshots/ow14-s0199.json,4,4,True
2518,ow14-1-r02518,gpt_enriched,enriched,ow14-s0199,3,model-facing/enriched-candidate-snapshots/ow14-s0199.json,4,4,True
2519,ow14-1-r02519,gpt_minimal,minimal,ow14-s0199,4,model-facing/minimal-candidate-snapshots/ow14-s0199.json,4,4,True
2520,ow14-1-r02520,gpt_enriched,enriched,ow14-s0199,4,model-facing/enriched-candidate-snapshots/ow14-s0199.json,4,4,True
2521,ow14-1-r02521,gpt_minimal,minimal,ow14-s0199,5,model-facing/minimal-candidate-snapshots/ow14-s0199.json,4,4,True
2522,ow14-1-r02522,gpt_enriched,enriched,ow14-s0199,5,model-facing/enriched-candidate-snapshots/ow14-s0199.json,4,4,True
2523,ow14-1-r02523,gpt_minimal,minimal,ow14-s0200,1,model-facing/minimal-candidate-snapshots/ow14-s0200.json,4,4,True
2524,ow14-1-r02524,gpt_enriched,enriched,ow14-s0200,1,model-facing/enriched-candidate-snapshots/ow14-s0200.json,4,4,True
2525,ow14-1-r02525,gpt_minimal,minimal,ow14-s0200,2,model-facing/minimal-candidate-snapshots/ow14-s0200.json,4,4,True
2526,ow14-1-r02526,gpt_enriched,enriched,ow14-s0200,2,model-facing/enriched-candidate-snapshots/ow14-s0200.json,4,4,True
2527,ow14-1-r02527,gpt_minimal,minimal,ow14-s0200,3,model-facing/minimal-candidate-snapshots/ow14-s0200.json,4,4,True
2528,ow14-1-r02528,gpt_enriched,enriched,ow14-s0200,3,model-facing/enriched-candidate-snapshots/ow14-s0200.json,4,4,True
2529,ow14-1-r02529,gpt_minimal,minimal,ow14-s0200,4,model-facing/minimal-candidate-snapshots/ow14-s0200.json,4,4,True
2530,ow14-1-r02530,gpt_enriched,enriched,ow14-s0200,4,model-facing/enriched-candidate-snapshots/ow14-s0200.json,4,4,True
2531,ow14-1-r02531,gpt_minimal,minimal,ow14-s0200,5,model-facing/minimal-candidate-snapshots/ow14-s0200.json,4,4,True
2532,ow14-1-r02532,gpt_enriched,enriched,ow14-s0200,5,model-facing/enriched-candidate-snapshots/ow14-s0200.json,4,4,True
2533,ow14-1-r02533,gpt_minimal,minimal,ow14-s0201,1,model-facing/minimal-candidate-snapshots/ow14-s0201.json,4,4,True
2534,ow14-1-r02534,gpt_enriched,enriched,ow14-s0201,1,model-facing/enriched-candidate-snapshots/ow14-s0201.json,4,4,True
2535,ow14-1-r02535,gpt_minimal,minimal,ow14-s0201,2,model-facing/minimal-candidate-snapshots/ow14-s0201.json,4,4,True
2536,ow14-1-r02536,gpt_enriched,enriched,ow14-s0201,2,model-facing/enriched-candidate-snapshots/ow14-s0201.json,4,4,True
2537,ow14-1-r02537,gpt_minimal,minimal,ow14-s0201,3,model-facing/minimal-candidate-snapshots/ow14-s0201.json,4,4,True
2538,ow14-1-r02538,gpt_enriched,enriched,ow14-s0201,3,model-facing/enriched-candidate-snapshots/ow14-s0201.json,4,4,True
2539,ow14-1-r02539,gpt_minimal,minimal,ow14-s0201,4,model-facing/minimal-candidate-snapshots/ow14-s0201.json,4,4,True
2540,ow14-1-r02540,gpt_enriched,enriched,ow14-s0201,4,model-facing/enriched-candidate-snapshots/ow14-s0201.json,4,4,True
2541,ow14-1-r02541,gpt_minimal,minimal,ow14-s0201,5,model-facing/minimal-candidate-snapshots/ow14-s0201.json,4,4,True
2542,ow14-1-r02542,gpt_enriched,enriched,ow14-s0201,5,model-facing/enriched-candidate-snapshots/ow14-s0201.json,4,4,True
2543,ow14-1-r02543,gpt_minimal,minimal,ow14-s0202,1,model-facing/minimal-candidate-snapshots/ow14-s0202.json,4,4,True
2544,ow14-1-r02544,gpt_enriched,enriched,ow14-s0202,1,model-facing/enriched-candidate-snapshots/ow14-s0202.json,4,4,True
2545,ow14-1-r02545,gpt_minimal,minimal,ow14-s0202,2,model-facing/minimal-candidate-snapshots/ow14-s0202.json,4,4,True
2546,ow14-1-r02546,gpt_enriched,enriched,ow14-s0202,2,model-facing/enriched-candidate-snapshots/ow14-s0202.json,4,4,True
2547,ow14-1-r02547,gpt_minimal,minimal,ow14-s0202,3,model-facing/minimal-candidate-snapshots/ow14-s0202.json,4,4,True
2548,ow14-1-r02548,gpt_enriched,enriched,ow14-s0202,3,model-facing/enriched-candidate-snapshots/ow14-s0202.json,4,4,True
2549,ow14-1-r02549,gpt_minimal,minimal,ow14-s0202,4,model-facing/minimal-candidate-snapshots/ow14-s0202.json,4,4,True
2550,ow14-1-r02550,gpt_enriched,enriched,ow14-s0202,4,model-facing/enriched-candidate-snapshots/ow14-s0202.json,4,4,True
2551,ow14-1-r02551,gpt_minimal,minimal,ow14-s0202,5,model-facing/minimal-candidate-snapshots/ow14-s0202.json,4,4,True
2552,ow14-1-r02552,gpt_enriched,enriched,ow14-s0202,5,model-facing/enriched-candidate-snapshots/ow14-s0202.json,4,4,True
2553,ow14-1-r02553,gpt_minimal,minimal,ow14-s0203,1,model-facing/minimal-candidate-snapshots/ow14-s0203.json,4,4,True
2554,ow14-1-r02554,gpt_enriched,enriched,ow14-s0203,1,model-facing/enriched-candidate-snapshots/ow14-s0203.json,4,4,True
2555,ow14-1-r02555,gpt_minimal,minimal,ow14-s0203,2,model-facing/minimal-candidate-snapshots/ow14-s0203.json,4,4,True
2556,ow14-1-r02556,gpt_enriched,enriched,ow14-s0203,2,model-facing/enriched-candidate-snapshots/ow14-s0203.json,4,4,True
2557,ow14-1-r02557,gpt_minimal,minimal,ow14-s0203,3,model-facing/minimal-candidate-snapshots/ow14-s0203.json,4,4,True
2558,ow14-1-r02558,gpt_enriched,enriched,ow14-s0203,3,model-facing/enriched-candidate-snapshots/ow14-s0203.json,4,4,True
2559,ow14-1-r02559,gpt_minimal,minimal,ow14-s0203,4,model-facing/minimal-candidate-snapshots/ow14-s0203.json,4,4,True
2560,ow14-1-r02560,gpt_enriched,enriched,ow14-s0203,4,model-facing/enriched-candidate-snapshots/ow14-s0203.json,4,4,True
2561,ow14-1-r02561,gpt_minimal,minimal,ow14-s0203,5,model-facing/minimal-candidate-snapshots/ow14-s0203.json,4,4,True
2562,ow14-1-r02562,gpt_enriched,enriched,ow14-s0203,5,model-facing/enriched-candidate-snapshots/ow14-s0203.json,4,4,True
2563,ow14-1-r02563,gpt_minimal,minimal,ow14-s0204,1,model-facing/minimal-candidate-snapshots/ow14-s0204.json,4,4,True
2564,ow14-1-r02564,gpt_enriched,enriched,ow14-s0204,1,model-facing/enriched-candidate-snapshots/ow14-s0204.json,4,4,True
2565,ow14-1-r02565,gpt_minimal,minimal,ow14-s0204,2,model-facing/minimal-candidate-snapshots/ow14-s0204.json,4,4,True
2566,ow14-1-r02566,gpt_enriched,enriched,ow14-s0204,2,model-facing/enriched-candidate-snapshots/ow14-s0204.json,4,4,True
2567,ow14-1-r02567,gpt_minimal,minimal,ow14-s0204,3,model-facing/minimal-candidate-snapshots/ow14-s0204.json,4,4,True
2568,ow14-1-r02568,gpt_enriched,enriched,ow14-s0204,3,model-facing/enriched-candidate-snapshots/ow14-s0204.json,4,4,True
2569,ow14-1-r02569,gpt_minimal,minimal,ow14-s0204,4,model-facing/minimal-candidate-snapshots/ow14-s0204.json,4,4,True
2570,ow14-1-r02570,gpt_enriched,enriched,ow14-s0204,4,model-facing/enriched-candidate-snapshots/ow14-s0204.json,4,4,True
2571,ow14-1-r02571,gpt_minimal,minimal,ow14-s0204,5,model-facing/minimal-candidate-snapshots/ow14-s0204.json,4,4,True
2572,ow14-1-r02572,gpt_enriched,enriched,ow14-s0204,5,model-facing/enriched-candidate-snapshots/ow14-s0204.json,4,4,True
2573,ow14-1-r02573,gpt_minimal,minimal,ow14-s0205,1,model-facing/minimal-candidate-snapshots/ow14-s0205.json,4,4,True
2574,ow14-1-r02574,gpt_enriched,enriched,ow14-s0205,1,model-facing/enriched-candidate-snapshots/ow14-s0205.json,4,4,True
2575,ow14-1-r02575,gpt_minimal,minimal,ow14-s0205,2,model-facing/minimal-candidate-snapshots/ow14-s0205.json,4,4,True
2576,ow14-1-r02576,gpt_enriched,enriched,ow14-s0205,2,model-facing/enriched-candidate-snapshots/ow14-s0205.json,4,4,True
2577,ow14-1-r02577,gpt_minimal,minimal,ow14-s0205,3,model-facing/minimal-candidate-snapshots/ow14-s0205.json,4,4,True
2578,ow14-1-r02578,gpt_enriched,enriched,ow14-s0205,3,model-facing/enriched-candidate-snapshots/ow14-s0205.json,4,4,True
2579,ow14-1-r02579,gpt_minimal,minimal,ow14-s0205,4,model-facing/minimal-candidate-snapshots/ow14-s0205.json,4,4,True
2580,ow14-1-r02580,gpt_enriched,enriched,ow14-s0205,4,model-facing/enriched-candidate-snapshots/ow14-s0205.json,4,4,True
2581,ow14-1-r02581,gpt_minimal,minimal,ow14-s0205,5,model-facing/minimal-candidate-snapshots/ow14-s0205.json,4,4,True
2582,ow14-1-r02582,gpt_enriched,enriched,ow14-s0205,5,model-facing/enriched-candidate-snapshots/ow14-s0205.json,4,4,True
2583,ow14-1-r02583,gpt_minimal,minimal,ow14-s0206,1,model-facing/minimal-candidate-snapshots/ow14-s0206.json,4,4,True
2584,ow14-1-r02584,gpt_enriched,enriched,ow14-s0206,1,model-facing/enriched-candidate-snapshots/ow14-s0206.json,4,4,True
2585,ow14-1-r02585,gpt_minimal,minimal,ow14-s0206,2,model-facing/minimal-candidate-snapshots/ow14-s0206.json,4,4,True
2586,ow14-1-r02586,gpt_enriched,enriched,ow14-s0206,2,model-facing/enriched-candidate-snapshots/ow14-s0206.json,4,4,True
2587,ow14-1-r02587,gpt_minimal,minimal,ow14-s0206,3,model-facing/minimal-candidate-snapshots/ow14-s0206.json,4,4,True
2588,ow14-1-r02588,gpt_enriched,enriched,ow14-s0206,3,model-facing/enriched-candidate-snapshots/ow14-s0206.json,4,4,True
2589,ow14-1-r02589,gpt_minimal,minimal,ow14-s0206,4,model-facing/minimal-candidate-snapshots/ow14-s0206.json,4,4,True
2590,ow14-1-r02590,gpt_enriched,enriched,ow14-s0206,4,model-facing/enriched-candidate-snapshots/ow14-s0206.json,4,4,True
2591,ow14-1-r02591,gpt_minimal,minimal,ow14-s0206,5,model-facing/minimal-candidate-snapshots/ow14-s0206.json,4,4,True
2592,ow14-1-r02592,gpt_enriched,enriched,ow14-s0206,5,model-facing/enriched-candidate-snapshots/ow14-s0206.json,4,4,True
2593,ow14-1-r02593,gpt_minimal,minimal,ow14-s0207,1,model-facing/minimal-candidate-snapshots/ow14-s0207.json,4,4,True
2594,ow14-1-r02594,gpt_enriched,enriched,ow14-s0207,1,model-facing/enriched-candidate-snapshots/ow14-s0207.json,4,4,True
2595,ow14-1-r02595,gpt_minimal,minimal,ow14-s0207,2,model-facing/minimal-candidate-snapshots/ow14-s0207.json,4,4,True
2596,ow14-1-r02596,gpt_enriched,enriched,ow14-s0207,2,model-facing/enriched-candidate-snapshots/ow14-s0207.json,4,4,True
2597,ow14-1-r02597,gpt_minimal,minimal,ow14-s0207,3,model-facing/minimal-candidate-snapshots/ow14-s0207.json,4,4,True
2598,ow14-1-r02598,gpt_enriched,enriched,ow14-s0207,3,model-facing/enriched-candidate-snapshots/ow14-s0207.json,4,4,True
2599,ow14-1-r02599,gpt_minimal,minimal,ow14-s0207,4,model-facing/minimal-candidate-snapshots/ow14-s0207.json,4,4,True
2600,ow14-1-r02600,gpt_enriched,enriched,ow14-s0207,4,model-facing/enriched-candidate-snapshots/ow14-s0207.json,4,4,True
2601,ow14-1-r02601,gpt_minimal,minimal,ow14-s0207,5,model-facing/minimal-candidate-snapshots/ow14-s0207.json,4,4,True
2602,ow14-1-r02602,gpt_enriched,enriched,ow14-s0207,5,model-facing/enriched-candidate-snapshots/ow14-s0207.json,4,4,True
2603,ow14-1-r02603,gpt_minimal,minimal,ow14-s0208,1,model-facing/minimal-candidate-snapshots/ow14-s0208.json,4,4,True
2604,ow14-1-r02604,gpt_enriched,enriched,ow14-s0208,1,model-facing/enriched-candidate-snapshots/ow14-s0208.json,4,4,True
2605,ow14-1-r02605,gpt_minimal,minimal,ow14-s0208,2,model-facing/minimal-candidate-snapshots/ow14-s0208.json,4,4,True
2606,ow14-1-r02606,gpt_enriched,enriched,ow14-s0208,2,model-facing/enriched-candidate-snapshots/ow14-s0208.json,4,4,True
2607,ow14-1-r02607,gpt_minimal,minimal,ow14-s0208,3,model-facing/minimal-candidate-snapshots/ow14-s0208.json,4,4,True
2608,ow14-1-r02608,gpt_enriched,enriched,ow14-s0208,3,model-facing/enriched-candidate-snapshots/ow14-s0208.json,4,4,True
2609,ow14-1-r02609,gpt_minimal,minimal,ow14-s0208,4,model-facing/minimal-candidate-snapshots/ow14-s0208.json,4,4,True
2610,ow14-1-r02610,gpt_enriched,enriched,ow14-s0208,4,model-facing/enriched-candidate-snapshots/ow14-s0208.json,4,4,True
2611,ow14-1-r02611,gpt_minimal,minimal,ow14-s0208,5,model-facing/minimal-candidate-snapshots/ow14-s0208.json,4,4,True
2612,ow14-1-r02612,gpt_enriched,enriched,ow14-s0208,5,model-facing/enriched-candidate-snapshots/ow14-s0208.json,4,4,True
2613,ow14-1-r02613,gpt_minimal,minimal,ow14-s0209,1,model-facing/minimal-candidate-snapshots/ow14-s0209.json,4,4,True
2614,ow14-1-r02614,gpt_enriched,enriched,ow14-s0209,1,model-facing/enriched-candidate-snapshots/ow14-s0209.json,4,4,True
2615,ow14-1-r02615,gpt_minimal,minimal,ow14-s0209,2,model-facing/minimal-candidate-snapshots/ow14-s0209.json,4,4,True
2616,ow14-1-r02616,gpt_enriched,enriched,ow14-s0209,2,model-facing/enriched-candidate-snapshots/ow14-s0209.json,4,4,True
2617,ow14-1-r02617,gpt_minimal,minimal,ow14-s0209,3,model-facing/minimal-candidate-snapshots/ow14-s0209.json,4,4,True
2618,ow14-1-r02618,gpt_enriched,enriched,ow14-s0209,3,model-facing/enriched-candidate-snapshots/ow14-s0209.json,4,4,True
2619,ow14-1-r02619,gpt_minimal,minimal,ow14-s0209,4,model-facing/minimal-candidate-snapshots/ow14-s0209.json,4,4,True
2620,ow14-1-r02620,gpt_enriched,enriched,ow14-s0209,4,model-facing/enriched-candidate-snapshots/ow14-s0209.json,4,4,True
2621,ow14-1-r02621,gpt_minimal,minimal,ow14-s0209,5,model-facing/minimal-candidate-snapshots/ow14-s0209.json,4,4,True
2622,ow14-1-r02622,gpt_enriched,enriched,ow14-s0209,5,model-facing/enriched-candidate-snapshots/ow14-s0209.json,4,4,True
2623,ow14-1-r02623,gpt_minimal,minimal,ow14-s0210,1,model-facing/minimal-candidate-snapshots/ow14-s0210.json,4,4,True
2624,ow14-1-r02624,gpt_enriched,enriched,ow14-s0210,1,model-facing/enriched-candidate-snapshots/ow14-s0210.json,4,4,True
2625,ow14-1-r02625,gpt_minimal,minimal,ow14-s0210,2,model-facing/minimal-candidate-snapshots/ow14-s0210.json,4,4,True
2626,ow14-1-r02626,gpt_enriched,enriched,ow14-s0210,2,model-facing/enriched-candidate-snapshots/ow14-s0210.json,4,4,True
2627,ow14-1-r02627,gpt_minimal,minimal,ow14-s0210,3,model-facing/minimal-candidate-snapshots/ow14-s0210.json,4,4,True
2628,ow14-1-r02628,gpt_enriched,enriched,ow14-s0210,3,model-facing/enriched-candidate-snapshots/ow14-s0210.json,4,4,True
2629,ow14-1-r02629,gpt_minimal,minimal,ow14-s0210,4,model-facing/minimal-candidate-snapshots/ow14-s0210.json,4,4,True
2630,ow14-1-r02630,gpt_enriched,enriched,ow14-s0210,4,model-facing/enriched-candidate-snapshots/ow14-s0210.json,4,4,True
2631,ow14-1-r02631,gpt_minimal,minimal,ow14-s0210,5,model-facing/minimal-candidate-snapshots/ow14-s0210.json,4,4,True
2632,ow14-1-r02632,gpt_enriched,enriched,ow14-s0210,5,model-facing/enriched-candidate-snapshots/ow14-s0210.json,4,4,True
2633,ow14-1-r02633,gpt_minimal,minimal,ow14-s0211,1,model-facing/minimal-candidate-snapshots/ow14-s0211.json,4,4,True
2634,ow14-1-r02634,gpt_enriched,enriched,ow14-s0211,1,model-facing/enriched-candidate-snapshots/ow14-s0211.json,4,4,True
2635,ow14-1-r02635,gpt_minimal,minimal,ow14-s0211,2,model-facing/minimal-candidate-snapshots/ow14-s0211.json,4,4,True
2636,ow14-1-r02636,gpt_enriched,enriched,ow14-s0211,2,model-facing/enriched-candidate-snapshots/ow14-s0211.json,4,4,True
2637,ow14-1-r02637,gpt_minimal,minimal,ow14-s0211,3,model-facing/minimal-candidate-snapshots/ow14-s0211.json,4,4,True
2638,ow14-1-r02638,gpt_enriched,enriched,ow14-s0211,3,model-facing/enriched-candidate-snapshots/ow14-s0211.json,4,4,True
2639,ow14-1-r02639,gpt_minimal,minimal,ow14-s0211,4,model-facing/minimal-candidate-snapshots/ow14-s0211.json,4,4,True
2640,ow14-1-r02640,gpt_enriched,enriched,ow14-s0211,4,model-facing/enriched-candidate-snapshots/ow14-s0211.json,4,4,True
2641,ow14-1-r02641,gpt_minimal,minimal,ow14-s0211,5,model-facing/minimal-candidate-snapshots/ow14-s0211.json,4,4,True
2642,ow14-1-r02642,gpt_enriched,enriched,ow14-s0211,5,model-facing/enriched-candidate-snapshots/ow14-s0211.json,4,4,True
2643,ow14-1-r02643,gpt_minimal,minimal,ow14-s0212,1,model-facing/minimal-candidate-snapshots/ow14-s0212.json,4,4,True
2644,ow14-1-r02644,gpt_enriched,enriched,ow14-s0212,1,model-facing/enriched-candidate-snapshots/ow14-s0212.json,4,4,True
2645,ow14-1-r02645,gpt_minimal,minimal,ow14-s0212,2,model-facing/minimal-candidate-snapshots/ow14-s0212.json,4,4,True
2646,ow14-1-r02646,gpt_enriched,enriched,ow14-s0212,2,model-facing/enriched-candidate-snapshots/ow14-s0212.json,4,4,True
2647,ow14-1-r02647,gpt_minimal,minimal,ow14-s0212,3,model-facing/minimal-candidate-snapshots/ow14-s0212.json,4,4,True
2648,ow14-1-r02648,gpt_enriched,enriched,ow14-s0212,3,model-facing/enriched-candidate-snapshots/ow14-s0212.json,4,4,True
2649,ow14-1-r02649,gpt_minimal,minimal,ow14-s0212,4,model-facing/minimal-candidate-snapshots/ow14-s0212.json,4,4,True
2650,ow14-1-r02650,gpt_enriched,enriched,ow14-s0212,4,model-facing/enriched-candidate-snapshots/ow14-s0212.json,4,4,True
2651,ow14-1-r02651,gpt_minimal,minimal,ow14-s0212,5,model-facing/minimal-candidate-snapshots/ow14-s0212.json,4,4,True
2652,ow14-1-r02652,gpt_enriched,enriched,ow14-s0212,5,model-facing/enriched-candidate-snapshots/ow14-s0212.json,4,4,True
2653,ow14-1-r02653,gpt_minimal,minimal,ow14-s0213,1,model-facing/minimal-candidate-snapshots/ow14-s0213.json,4,4,True
2654,ow14-1-r02654,gpt_enriched,enriched,ow14-s0213,1,model-facing/enriched-candidate-snapshots/ow14-s0213.json,4,4,True
2655,ow14-1-r02655,gpt_minimal,minimal,ow14-s0213,2,model-facing/minimal-candidate-snapshots/ow14-s0213.json,4,4,True
2656,ow14-1-r02656,gpt_enriched,enriched,ow14-s0213,2,model-facing/enriched-candidate-snapshots/ow14-s0213.json,4,4,True
2657,ow14-1-r02657,gpt_minimal,minimal,ow14-s0213,3,model-facing/minimal-candidate-snapshots/ow14-s0213.json,4,4,True
2658,ow14-1-r02658,gpt_enriched,enriched,ow14-s0213,3,model-facing/enriched-candidate-snapshots/ow14-s0213.json,4,4,True
2659,ow14-1-r02659,gpt_minimal,minimal,ow14-s0213,4,model-facing/minimal-candidate-snapshots/ow14-s0213.json,4,4,True
2660,ow14-1-r02660,gpt_enriched,enriched,ow14-s0213,4,model-facing/enriched-candidate-snapshots/ow14-s0213.json,4,4,True
2661,ow14-1-r02661,gpt_minimal,minimal,ow14-s0213,5,model-facing/minimal-candidate-snapshots/ow14-s0213.json,4,4,True
2662,ow14-1-r02662,gpt_enriched,enriched,ow14-s0213,5,model-facing/enriched-candidate-snapshots/ow14-s0213.json,4,4,True
2663,ow14-1-r02663,gpt_minimal,minimal,ow14-s0214,1,model-facing/minimal-candidate-snapshots/ow14-s0214.json,4,4,True
2664,ow14-1-r02664,gpt_enriched,enriched,ow14-s0214,1,model-facing/enriched-candidate-snapshots/ow14-s0214.json,4,4,True
2665,ow14-1-r02665,gpt_minimal,minimal,ow14-s0214,2,model-facing/minimal-candidate-snapshots/ow14-s0214.json,4,4,True
2666,ow14-1-r02666,gpt_enriched,enriched,ow14-s0214,2,model-facing/enriched-candidate-snapshots/ow14-s0214.json,4,4,True
2667,ow14-1-r02667,gpt_minimal,minimal,ow14-s0214,3,model-facing/minimal-candidate-snapshots/ow14-s0214.json,4,4,True
2668,ow14-1-r02668,gpt_enriched,enriched,ow14-s0214,3,model-facing/enriched-candidate-snapshots/ow14-s0214.json,4,4,True
2669,ow14-1-r02669,gpt_minimal,minimal,ow14-s0214,4,model-facing/minimal-candidate-snapshots/ow14-s0214.json,4,4,True
2670,ow14-1-r02670,gpt_enriched,enriched,ow14-s0214,4,model-facing/enriched-candidate-snapshots/ow14-s0214.json,4,4,True
2671,ow14-1-r02671,gpt_minimal,minimal,ow14-s0214,5,model-facing/minimal-candidate-snapshots/ow14-s0214.json,4,4,True
2672,ow14-1-r02672,gpt_enriched,enriched,ow14-s0214,5,model-facing/enriched-candidate-snapshots/ow14-s0214.json,4,4,True
2673,ow14-1-r02673,gpt_minimal,minimal,ow14-s0215,1,model-facing/minimal-candidate-snapshots/ow14-s0215.json,4,4,True
2674,ow14-1-r02674,gpt_enriched,enriched,ow14-s0215,1,model-facing/enriched-candidate-snapshots/ow14-s0215.json,4,4,True
2675,ow14-1-r02675,gpt_minimal,minimal,ow14-s0215,2,model-facing/minimal-candidate-snapshots/ow14-s0215.json,4,4,True
2676,ow14-1-r02676,gpt_enriched,enriched,ow14-s0215,2,model-facing/enriched-candidate-snapshots/ow14-s0215.json,4,4,True
2677,ow14-1-r02677,gpt_minimal,minimal,ow14-s0215,3,model-facing/minimal-candidate-snapshots/ow14-s0215.json,4,4,True
2678,ow14-1-r02678,gpt_enriched,enriched,ow14-s0215,3,model-facing/enriched-candidate-snapshots/ow14-s0215.json,4,4,True
2679,ow14-1-r02679,gpt_minimal,minimal,ow14-s0215,4,model-facing/minimal-candidate-snapshots/ow14-s0215.json,4,4,True
2680,ow14-1-r02680,gpt_enriched,enriched,ow14-s0215,4,model-facing/enriched-candidate-snapshots/ow14-s0215.json,4,4,True
2681,ow14-1-r02681,gpt_minimal,minimal,ow14-s0215,5,model-facing/minimal-candidate-snapshots/ow14-s0215.json,4,4,True
2682,ow14-1-r02682,gpt_enriched,enriched,ow14-s0215,5,model-facing/enriched-candidate-snapshots/ow14-s0215.json,4,4,True
2683,ow14-1-r02683,gpt_minimal,minimal,ow14-s0216,1,model-facing/minimal-candidate-snapshots/ow14-s0216.json,4,4,True
2684,ow14-1-r02684,gpt_enriched,enriched,ow14-s0216,1,model-facing/enriched-candidate-snapshots/ow14-s0216.json,4,4,True
2685,ow14-1-r02685,gpt_minimal,minimal,ow14-s0216,2,model-facing/minimal-candidate-snapshots/ow14-s0216.json,4,4,True
2686,ow14-1-r02686,gpt_enriched,enriched,ow14-s0216,2,model-facing/enriched-candidate-snapshots/ow14-s0216.json,4,4,True
2687,ow14-1-r02687,gpt_minimal,minimal,ow14-s0216,3,model-facing/minimal-candidate-snapshots/ow14-s0216.json,4,4,True
2688,ow14-1-r02688,gpt_enriched,enriched,ow14-s0216,3,model-facing/enriched-candidate-snapshots/ow14-s0216.json,4,4,True
2689,ow14-1-r02689,gpt_minimal,minimal,ow14-s0216,4,model-facing/minimal-candidate-snapshots/ow14-s0216.json,4,4,True
2690,ow14-1-r02690,gpt_enriched,enriched,ow14-s0216,4,model-facing/enriched-candidate-snapshots/ow14-s0216.json,4,4,True
2691,ow14-1-r02691,gpt_minimal,minimal,ow14-s0216,5,model-facing/minimal-candidate-snapshots/ow14-s0216.json,4,4,True
2692,ow14-1-r02692,gpt_enriched,enriched,ow14-s0216,5,model-facing/enriched-candidate-snapshots/ow14-s0216.json,4,4,True
2693,ow14-1-r02693,gpt_minimal,minimal,ow14-s0217,1,model-facing/minimal-candidate-snapshots/ow14-s0217.json,4,4,True
2694,ow14-1-r02694,gpt_enriched,enriched,ow14-s0217,1,model-facing/enriched-candidate-snapshots/ow14-s0217.json,4,4,True
2695,ow14-1-r02695,gpt_minimal,minimal,ow14-s0217,2,model-facing/minimal-candidate-snapshots/ow14-s0217.json,4,4,True
2696,ow14-1-r02696,gpt_enriched,enriched,ow14-s0217,2,model-facing/enriched-candidate-snapshots/ow14-s0217.json,4,4,True
2697,ow14-1-r02697,gpt_minimal,minimal,ow14-s0217,3,model-facing/minimal-candidate-snapshots/ow14-s0217.json,4,4,True
2698,ow14-1-r02698,gpt_enriched,enriched,ow14-s0217,3,model-facing/enriched-candidate-snapshots/ow14-s0217.json,4,4,True
2699,ow14-1-r02699,gpt_minimal,minimal,ow14-s0217,4,model-facing/minimal-candidate-snapshots/ow14-s0217.json,4,4,True
2700,ow14-1-r02700,gpt_enriched,enriched,ow14-s0217,4,model-facing/enriched-candidate-snapshots/ow14-s0217.json,4,4,True
2701,ow14-1-r02701,gpt_minimal,minimal,ow14-s0217,5,model-facing/minimal-candidate-snapshots/ow14-s0217.json,4,4,True
2702,ow14-1-r02702,gpt_enriched,enriched,ow14-s0217,5,model-facing/enriched-candidate-snapshots/ow14-s0217.json,4,4,True
2703,ow14-1-r02703,gpt_minimal,minimal,ow14-s0218,1,model-facing/minimal-candidate-snapshots/ow14-s0218.json,4,4,True
2704,ow14-1-r02704,gpt_enriched,enriched,ow14-s0218,1,model-facing/enriched-candidate-snapshots/ow14-s0218.json,4,4,True
2705,ow14-1-r02705,gpt_minimal,minimal,ow14-s0218,2,model-facing/minimal-candidate-snapshots/ow14-s0218.json,4,4,True
2706,ow14-1-r02706,gpt_enriched,enriched,ow14-s0218,2,model-facing/enriched-candidate-snapshots/ow14-s0218.json,4,4,True
2707,ow14-1-r02707,gpt_minimal,minimal,ow14-s0218,3,model-facing/minimal-candidate-snapshots/ow14-s0218.json,4,4,True
2708,ow14-1-r02708,gpt_enriched,enriched,ow14-s0218,3,model-facing/enriched-candidate-snapshots/ow14-s0218.json,4,4,True
2709,ow14-1-r02709,gpt_minimal,minimal,ow14-s0218,4,model-facing/minimal-candidate-snapshots/ow14-s0218.json,4,4,True
2710,ow14-1-r02710,gpt_enriched,enriched,ow14-s0218,4,model-facing/enriched-candidate-snapshots/ow14-s0218.json,4,4,True
2711,ow14-1-r02711,gpt_minimal,minimal,ow14-s0218,5,model-facing/minimal-candidate-snapshots/ow14-s0218.json,4,4,True
2712,ow14-1-r02712,gpt_enriched,enriched,ow14-s0218,5,model-facing/enriched-candidate-snapshots/ow14-s0218.json,4,4,True
2713,ow14-1-r02713,gpt_minimal,minimal,ow14-s0219,1,model-facing/minimal-candidate-snapshots/ow14-s0219.json,4,4,True
2714,ow14-1-r02714,gpt_enriched,enriched,ow14-s0219,1,model-facing/enriched-candidate-snapshots/ow14-s0219.json,4,4,True
2715,ow14-1-r02715,gpt_minimal,minimal,ow14-s0219,2,model-facing/minimal-candidate-snapshots/ow14-s0219.json,4,4,True
2716,ow14-1-r02716,gpt_enriched,enriched,ow14-s0219,2,model-facing/enriched-candidate-snapshots/ow14-s0219.json,4,4,True
2717,ow14-1-r02717,gpt_minimal,minimal,ow14-s0219,3,model-facing/minimal-candidate-snapshots/ow14-s0219.json,4,4,True
2718,ow14-1-r02718,gpt_enriched,enriched,ow14-s0219,3,model-facing/enriched-candidate-snapshots/ow14-s0219.json,4,4,True
2719,ow14-1-r02719,gpt_minimal,minimal,ow14-s0219,4,model-facing/minimal-candidate-snapshots/ow14-s0219.json,4,4,True
2720,ow14-1-r02720,gpt_enriched,enriched,ow14-s0219,4,model-facing/enriched-candidate-snapshots/ow14-s0219.json,4,4,True
2721,ow14-1-r02721,gpt_minimal,minimal,ow14-s0219,5,model-facing/minimal-candidate-snapshots/ow14-s0219.json,4,4,True
2722,ow14-1-r02722,gpt_enriched,enriched,ow14-s0219,5,model-facing/enriched-candidate-snapshots/ow14-s0219.json,4,4,True
2723,ow14-1-r02723,gpt_minimal,minimal,ow14-s0220,1,model-facing/minimal-candidate-snapshots/ow14-s0220.json,4,4,True
2724,ow14-1-r02724,gpt_enriched,enriched,ow14-s0220,1,model-facing/enriched-candidate-snapshots/ow14-s0220.json,4,4,True
2725,ow14-1-r02725,gpt_minimal,minimal,ow14-s0220,2,model-facing/minimal-candidate-snapshots/ow14-s0220.json,4,4,True
2726,ow14-1-r02726,gpt_enriched,enriched,ow14-s0220,2,model-facing/enriched-candidate-snapshots/ow14-s0220.json,4,4,True
2727,ow14-1-r02727,gpt_minimal,minimal,ow14-s0220,3,model-facing/minimal-candidate-snapshots/ow14-s0220.json,4,4,True
2728,ow14-1-r02728,gpt_enriched,enriched,ow14-s0220,3,model-facing/enriched-candidate-snapshots/ow14-s0220.json,4,4,True
2729,ow14-1-r02729,gpt_minimal,minimal,ow14-s0220,4,model-facing/minimal-candidate-snapshots/ow14-s0220.json,4,4,True
2730,ow14-1-r02730,gpt_enriched,enriched,ow14-s0220,4,model-facing/enriched-candidate-snapshots/ow14-s0220.json,4,4,True
2731,ow14-1-r02731,gpt_minimal,minimal,ow14-s0220,5,model-facing/minimal-candidate-snapshots/ow14-s0220.json,4,4,True
2732,ow14-1-r02732,gpt_enriched,enriched,ow14-s0220,5,model-facing/enriched-candidate-snapshots/ow14-s0220.json,4,4,True
2733,ow14-1-r02733,gpt_minimal,minimal,ow14-s0221,1,model-facing/minimal-candidate-snapshots/ow14-s0221.json,4,4,True
2734,ow14-1-r02734,gpt_enriched,enriched,ow14-s0221,1,model-facing/enriched-candidate-snapshots/ow14-s0221.json,4,4,True
2735,ow14-1-r02735,gpt_minimal,minimal,ow14-s0221,2,model-facing/minimal-candidate-snapshots/ow14-s0221.json,4,4,True
2736,ow14-1-r02736,gpt_enriched,enriched,ow14-s0221,2,model-facing/enriched-candidate-snapshots/ow14-s0221.json,4,4,True
2737,ow14-1-r02737,gpt_minimal,minimal,ow14-s0221,3,model-facing/minimal-candidate-snapshots/ow14-s0221.json,4,4,True
2738,ow14-1-r02738,gpt_enriched,enriched,ow14-s0221,3,model-facing/enriched-candidate-snapshots/ow14-s0221.json,4,4,True
2739,ow14-1-r02739,gpt_minimal,minimal,ow14-s0221,4,model-facing/minimal-candidate-snapshots/ow14-s0221.json,4,4,True
2740,ow14-1-r02740,gpt_enriched,enriched,ow14-s0221,4,model-facing/enriched-candidate-snapshots/ow14-s0221.json,4,4,True
2741,ow14-1-r02741,gpt_minimal,minimal,ow14-s0221,5,model-facing/minimal-candidate-snapshots/ow14-s0221.json,4,4,True
2742,ow14-1-r02742,gpt_enriched,enriched,ow14-s0221,5,model-facing/enriched-candidate-snapshots/ow14-s0221.json,4,4,True
2743,ow14-1-r02743,gpt_minimal,minimal,ow14-s0222,1,model-facing/minimal-candidate-snapshots/ow14-s0222.json,4,4,True
2744,ow14-1-r02744,gpt_enriched,enriched,ow14-s0222,1,model-facing/enriched-candidate-snapshots/ow14-s0222.json,4,4,True
2745,ow14-1-r02745,gpt_minimal,minimal,ow14-s0222,2,model-facing/minimal-candidate-snapshots/ow14-s0222.json,4,4,True
2746,ow14-1-r02746,gpt_enriched,enriched,ow14-s0222,2,model-facing/enriched-candidate-snapshots/ow14-s0222.json,4,4,True
2747,ow14-1-r02747,gpt_minimal,minimal,ow14-s0222,3,model-facing/minimal-candidate-snapshots/ow14-s0222.json,4,4,True
2748,ow14-1-r02748,gpt_enriched,enriched,ow14-s0222,3,model-facing/enriched-candidate-snapshots/ow14-s0222.json,4,4,True
2749,ow14-1-r02749,gpt_minimal,minimal,ow14-s0222,4,model-facing/minimal-candidate-snapshots/ow14-s0222.json,4,4,True
2750,ow14-1-r02750,gpt_enriched,enriched,ow14-s0222,4,model-facing/enriched-candidate-snapshots/ow14-s0222.json,4,4,True
2751,ow14-1-r02751,gpt_minimal,minimal,ow14-s0222,5,model-facing/minimal-candidate-snapshots/ow14-s0222.json,4,4,True
2752,ow14-1-r02752,gpt_enriched,enriched,ow14-s0222,5,model-facing/enriched-candidate-snapshots/ow14-s0222.json,4,4,True
2753,ow14-1-r02753,gpt_minimal,minimal,ow14-s0223,1,model-facing/minimal-candidate-snapshots/ow14-s0223.json,4,4,True
2754,ow14-1-r02754,gpt_enriched,enriched,ow14-s0223,1,model-facing/enriched-candidate-snapshots/ow14-s0223.json,4,4,True
2755,ow14-1-r02755,gpt_minimal,minimal,ow14-s0223,2,model-facing/minimal-candidate-snapshots/ow14-s0223.json,4,4,True
2756,ow14-1-r02756,gpt_enriched,enriched,ow14-s0223,2,model-facing/enriched-candidate-snapshots/ow14-s0223.json,4,4,True
2757,ow14-1-r02757,gpt_minimal,minimal,ow14-s0223,3,model-facing/minimal-candidate-snapshots/ow14-s0223.json,4,4,True
2758,ow14-1-r02758,gpt_enriched,enriched,ow14-s0223,3,model-facing/enriched-candidate-snapshots/ow14-s0223.json,4,4,True
2759,ow14-1-r02759,gpt_minimal,minimal,ow14-s0223,4,model-facing/minimal-candidate-snapshots/ow14-s0223.json,4,4,True
2760,ow14-1-r02760,gpt_enriched,enriched,ow14-s0223,4,model-facing/enriched-candidate-snapshots/ow14-s0223.json,4,4,True
2761,ow14-1-r02761,gpt_minimal,minimal,ow14-s0223,5,model-facing/minimal-candidate-snapshots/ow14-s0223.json,4,4,True
2762,ow14-1-r02762,gpt_enriched,enriched,ow14-s0223,5,model-facing/enriched-candidate-snapshots/ow14-s0223.json,4,4,True
2763,ow14-1-r02763,gpt_minimal,minimal,ow14-s0224,1,model-facing/minimal-candidate-snapshots/ow14-s0224.json,4,4,True
2764,ow14-1-r02764,gpt_enriched,enriched,ow14-s0224,1,model-facing/enriched-candidate-snapshots/ow14-s0224.json,4,4,True
2765,ow14-1-r02765,gpt_minimal,minimal,ow14-s0224,2,model-facing/minimal-candidate-snapshots/ow14-s0224.json,4,4,True
2766,ow14-1-r02766,gpt_enriched,enriched,ow14-s0224,2,model-facing/enriched-candidate-snapshots/ow14-s0224.json,4,4,True
2767,ow14-1-r02767,gpt_minimal,minimal,ow14-s0224,3,model-facing/minimal-candidate-snapshots/ow14-s0224.json,4,4,True
2768,ow14-1-r02768,gpt_enriched,enriched,ow14-s0224,3,model-facing/enriched-candidate-snapshots/ow14-s0224.json,4,4,True
2769,ow14-1-r02769,gpt_minimal,minimal,ow14-s0224,4,model-facing/minimal-candidate-snapshots/ow14-s0224.json,4,4,True
2770,ow14-1-r02770,gpt_enriched,enriched,ow14-s0224,4,model-facing/enriched-candidate-snapshots/ow14-s0224.json,4,4,True
2771,ow14-1-r02771,gpt_minimal,minimal,ow14-s0224,5,model-facing/minimal-candidate-snapshots/ow14-s0224.json,4,4,True
2772,ow14-1-r02772,gpt_enriched,enriched,ow14-s0224,5,model-facing/enriched-candidate-snapshots/ow14-s0224.json,4,4,True
2773,ow14-1-r02773,gpt_minimal,minimal,ow14-s0225,1,model-facing/minimal-candidate-snapshots/ow14-s0225.json,4,4,True
2774,ow14-1-r02774,gpt_enriched,enriched,ow14-s0225,1,model-facing/enriched-candidate-snapshots/ow14-s0225.json,4,4,True
2775,ow14-1-r02775,gpt_minimal,minimal,ow14-s0225,2,model-facing/minimal-candidate-snapshots/ow14-s0225.json,4,4,True
2776,ow14-1-r02776,gpt_enriched,enriched,ow14-s0225,2,model-facing/enriched-candidate-snapshots/ow14-s0225.json,4,4,True
2777,ow14-1-r02777,gpt_minimal,minimal,ow14-s0225,3,model-facing/minimal-candidate-snapshots/ow14-s0225.json,4,4,True
2778,ow14-1-r02778,gpt_enriched,enriched,ow14-s0225,3,model-facing/enriched-candidate-snapshots/ow14-s0225.json,4,4,True
2779,ow14-1-r02779,gpt_minimal,minimal,ow14-s0225,4,model-facing/minimal-candidate-snapshots/ow14-s0225.json,4,4,True
2780,ow14-1-r02780,gpt_enriched,enriched,ow14-s0225,4,model-facing/enriched-candidate-snapshots/ow14-s0225.json,4,4,True
2781,ow14-1-r02781,gpt_minimal,minimal,ow14-s0225,5,model-facing/minimal-candidate-snapshots/ow14-s0225.json,4,4,True
2782,ow14-1-r02782,gpt_enriched,enriched,ow14-s0225,5,model-facing/enriched-candidate-snapshots/ow14-s0225.json,4,4,True
2783,ow14-1-r02783,gpt_minimal,minimal,ow14-s0226,1,model-facing/minimal-candidate-snapshots/ow14-s0226.json,4,4,True
2784,ow14-1-r02784,gpt_enriched,enriched,ow14-s0226,1,model-facing/enriched-candidate-snapshots/ow14-s0226.json,4,4,True
2785,ow14-1-r02785,gpt_minimal,minimal,ow14-s0226,2,model-facing/minimal-candidate-snapshots/ow14-s0226.json,4,4,True
2786,ow14-1-r02786,gpt_enriched,enriched,ow14-s0226,2,model-facing/enriched-candidate-snapshots/ow14-s0226.json,4,4,True
2787,ow14-1-r02787,gpt_minimal,minimal,ow14-s0226,3,model-facing/minimal-candidate-snapshots/ow14-s0226.json,4,4,True
2788,ow14-1-r02788,gpt_enriched,enriched,ow14-s0226,3,model-facing/enriched-candidate-snapshots/ow14-s0226.json,4,4,True
2789,ow14-1-r02789,gpt_minimal,minimal,ow14-s0226,4,model-facing/minimal-candidate-snapshots/ow14-s0226.json,4,4,True
2790,ow14-1-r02790,gpt_enriched,enriched,ow14-s0226,4,model-facing/enriched-candidate-snapshots/ow14-s0226.json,4,4,True
2791,ow14-1-r02791,gpt_minimal,minimal,ow14-s0226,5,model-facing/minimal-candidate-snapshots/ow14-s0226.json,4,4,True
2792,ow14-1-r02792,gpt_enriched,enriched,ow14-s0226,5,model-facing/enriched-candidate-snapshots/ow14-s0226.json,4,4,True
2793,ow14-1-r02793,gpt_minimal,minimal,ow14-s0227,1,model-facing/minimal-candidate-snapshots/ow14-s0227.json,4,4,True
2794,ow14-1-r02794,gpt_enriched,enriched,ow14-s0227,1,model-facing/enriched-candidate-snapshots/ow14-s0227.json,4,4,True
2795,ow14-1-r02795,gpt_minimal,minimal,ow14-s0227,2,model-facing/minimal-candidate-snapshots/ow14-s0227.json,4,4,True
2796,ow14-1-r02796,gpt_enriched,enriched,ow14-s0227,2,model-facing/enriched-candidate-snapshots/ow14-s0227.json,4,4,True
2797,ow14-1-r02797,gpt_minimal,minimal,ow14-s0227,3,model-facing/minimal-candidate-snapshots/ow14-s0227.json,4,4,True
2798,ow14-1-r02798,gpt_enriched,enriched,ow14-s0227,3,model-facing/enriched-candidate-snapshots/ow14-s0227.json,4,4,True
2799,ow14-1-r02799,gpt_minimal,minimal,ow14-s0227,4,model-facing/minimal-candidate-snapshots/ow14-s0227.json,4,4,True
2800,ow14-1-r02800,gpt_enriched,enriched,ow14-s0227,4,model-facing/enriched-candidate-snapshots/ow14-s0227.json,4,4,True
2801,ow14-1-r02801,gpt_minimal,minimal,ow14-s0227,5,model-facing/minimal-candidate-snapshots/ow14-s0227.json,4,4,True
2802,ow14-1-r02802,gpt_enriched,enriched,ow14-s0227,5,model-facing/enriched-candidate-snapshots/ow14-s0227.json,4,4,True
2803,ow14-1-r02803,gpt_minimal,minimal,ow14-s0228,1,model-facing/minimal-candidate-snapshots/ow14-s0228.json,4,4,True
2804,ow14-1-r02804,gpt_enriched,enriched,ow14-s0228,1,model-facing/enriched-candidate-snapshots/ow14-s0228.json,4,4,True
2805,ow14-1-r02805,gpt_minimal,minimal,ow14-s0228,2,model-facing/minimal-candidate-snapshots/ow14-s0228.json,4,4,True
2806,ow14-1-r02806,gpt_enriched,enriched,ow14-s0228,2,model-facing/enriched-candidate-snapshots/ow14-s0228.json,4,4,True
2807,ow14-1-r02807,gpt_minimal,minimal,ow14-s0228,3,model-facing/minimal-candidate-snapshots/ow14-s0228.json,4,4,True
2808,ow14-1-r02808,gpt_enriched,enriched,ow14-s0228,3,model-facing/enriched-candidate-snapshots/ow14-s0228.json,4,4,True
2809,ow14-1-r02809,gpt_minimal,minimal,ow14-s0228,4,model-facing/minimal-candidate-snapshots/ow14-s0228.json,4,4,True
2810,ow14-1-r02810,gpt_enriched,enriched,ow14-s0228,4,model-facing/enriched-candidate-snapshots/ow14-s0228.json,4,4,True
2811,ow14-1-r02811,gpt_minimal,minimal,ow14-s0228,5,model-facing/minimal-candidate-snapshots/ow14-s0228.json,4,4,True
2812,ow14-1-r02812,gpt_enriched,enriched,ow14-s0228,5,model-facing/enriched-candidate-snapshots/ow14-s0228.json,4,4,True
2813,ow14-1-r02813,gpt_minimal,minimal,ow14-s0229,1,model-facing/minimal-candidate-snapshots/ow14-s0229.json,4,4,True
2814,ow14-1-r02814,gpt_enriched,enriched,ow14-s0229,1,model-facing/enriched-candidate-snapshots/ow14-s0229.json,4,4,True
2815,ow14-1-r02815,gpt_minimal,minimal,ow14-s0229,2,model-facing/minimal-candidate-snapshots/ow14-s0229.json,4,4,True
2816,ow14-1-r02816,gpt_enriched,enriched,ow14-s0229,2,model-facing/enriched-candidate-snapshots/ow14-s0229.json,4,4,True
2817,ow14-1-r02817,gpt_minimal,minimal,ow14-s0229,3,model-facing/minimal-candidate-snapshots/ow14-s0229.json,4,4,True
2818,ow14-1-r02818,gpt_enriched,enriched,ow14-s0229,3,model-facing/enriched-candidate-snapshots/ow14-s0229.json,4,4,True
2819,ow14-1-r02819,gpt_minimal,minimal,ow14-s0229,4,model-facing/minimal-candidate-snapshots/ow14-s0229.json,4,4,True
2820,ow14-1-r02820,gpt_enriched,enriched,ow14-s0229,4,model-facing/enriched-candidate-snapshots/ow14-s0229.json,4,4,True
2821,ow14-1-r02821,gpt_minimal,minimal,ow14-s0229,5,model-facing/minimal-candidate-snapshots/ow14-s0229.json,4,4,True
2822,ow14-1-r02822,gpt_enriched,enriched,ow14-s0229,5,model-facing/enriched-candidate-snapshots/ow14-s0229.json,4,4,True
2823,ow14-1-r02823,gpt_minimal,minimal,ow14-s0230,1,model-facing/minimal-candidate-snapshots/ow14-s0230.json,4,4,True
2824,ow14-1-r02824,gpt_enriched,enriched,ow14-s0230,1,model-facing/enriched-candidate-snapshots/ow14-s0230.json,4,4,True
2825,ow14-1-r02825,gpt_minimal,minimal,ow14-s0230,2,model-facing/minimal-candidate-snapshots/ow14-s0230.json,4,4,True
2826,ow14-1-r02826,gpt_enriched,enriched,ow14-s0230,2,model-facing/enriched-candidate-snapshots/ow14-s0230.json,4,4,True
2827,ow14-1-r02827,gpt_minimal,minimal,ow14-s0230,3,model-facing/minimal-candidate-snapshots/ow14-s0230.json,4,4,True
2828,ow14-1-r02828,gpt_enriched,enriched,ow14-s0230,3,model-facing/enriched-candidate-snapshots/ow14-s0230.json,4,4,True
2829,ow14-1-r02829,gpt_minimal,minimal,ow14-s0230,4,model-facing/minimal-candidate-snapshots/ow14-s0230.json,4,4,True
2830,ow14-1-r02830,gpt_enriched,enriched,ow14-s0230,4,model-facing/enriched-candidate-snapshots/ow14-s0230.json,4,4,True
2831,ow14-1-r02831,gpt_minimal,minimal,ow14-s0230,5,model-facing/minimal-candidate-snapshots/ow14-s0230.json,4,4,True
2832,ow14-1-r02832,gpt_enriched,enriched,ow14-s0230,5,model-facing/enriched-candidate-snapshots/ow14-s0230.json,4,4,True
2833,ow14-1-r02833,gpt_minimal,minimal,ow14-s0231,1,model-facing/minimal-candidate-snapshots/ow14-s0231.json,4,4,True
2834,ow14-1-r02834,gpt_enriched,enriched,ow14-s0231,1,model-facing/enriched-candidate-snapshots/ow14-s0231.json,4,4,True
2835,ow14-1-r02835,gpt_minimal,minimal,ow14-s0231,2,model-facing/minimal-candidate-snapshots/ow14-s0231.json,4,4,True
2836,ow14-1-r02836,gpt_enriched,enriched,ow14-s0231,2,model-facing/enriched-candidate-snapshots/ow14-s0231.json,4,4,True
2837,ow14-1-r02837,gpt_minimal,minimal,ow14-s0231,3,model-facing/minimal-candidate-snapshots/ow14-s0231.json,4,4,True
2838,ow14-1-r02838,gpt_enriched,enriched,ow14-s0231,3,model-facing/enriched-candidate-snapshots/ow14-s0231.json,4,4,True
2839,ow14-1-r02839,gpt_minimal,minimal,ow14-s0231,4,model-facing/minimal-candidate-snapshots/ow14-s0231.json,4,4,True
2840,ow14-1-r02840,gpt_enriched,enriched,ow14-s0231,4,model-facing/enriched-candidate-snapshots/ow14-s0231.json,4,4,True
2841,ow14-1-r02841,gpt_minimal,minimal,ow14-s0231,5,model-facing/minimal-candidate-snapshots/ow14-s0231.json,4,4,True
2842,ow14-1-r02842,gpt_enriched,enriched,ow14-s0231,5,model-facing/enriched-candidate-snapshots/ow14-s0231.json,4,4,True
2843,ow14-1-r02843,gpt_minimal,minimal,ow14-s0232,1,model-facing/minimal-candidate-snapshots/ow14-s0232.json,4,4,True
2844,ow14-1-r02844,gpt_enriched,enriched,ow14-s0232,1,model-facing/enriched-candidate-snapshots/ow14-s0232.json,4,4,True
2845,ow14-1-r02845,gpt_minimal,minimal,ow14-s0232,2,model-facing/minimal-candidate-snapshots/ow14-s0232.json,4,4,True
2846,ow14-1-r02846,gpt_enriched,enriched,ow14-s0232,2,model-facing/enriched-candidate-snapshots/ow14-s0232.json,4,4,True
2847,ow14-1-r02847,gpt_minimal,minimal,ow14-s0232,3,model-facing/minimal-candidate-snapshots/ow14-s0232.json,4,4,True
2848,ow14-1-r02848,gpt_enriched,enriched,ow14-s0232,3,model-facing/enriched-candidate-snapshots/ow14-s0232.json,4,4,True
2849,ow14-1-r02849,gpt_minimal,minimal,ow14-s0232,4,model-facing/minimal-candidate-snapshots/ow14-s0232.json,4,4,True
2850,ow14-1-r02850,gpt_enriched,enriched,ow14-s0232,4,model-facing/enriched-candidate-snapshots/ow14-s0232.json,4,4,True
2851,ow14-1-r02851,gpt_minimal,minimal,ow14-s0232,5,model-facing/minimal-candidate-snapshots/ow14-s0232.json,4,4,True
2852,ow14-1-r02852,gpt_enriched,enriched,ow14-s0232,5,model-facing/enriched-candidate-snapshots/ow14-s0232.json,4,4,True
2853,ow14-1-r02853,gpt_minimal,minimal,ow14-s0233,1,model-facing/minimal-candidate-snapshots/ow14-s0233.json,4,4,True
2854,ow14-1-r02854,gpt_enriched,enriched,ow14-s0233,1,model-facing/enriched-candidate-snapshots/ow14-s0233.json,4,4,True
2855,ow14-1-r02855,gpt_minimal,minimal,ow14-s0233,2,model-facing/minimal-candidate-snapshots/ow14-s0233.json,4,4,True
2856,ow14-1-r02856,gpt_enriched,enriched,ow14-s0233,2,model-facing/enriched-candidate-snapshots/ow14-s0233.json,4,4,True
2857,ow14-1-r02857,gpt_minimal,minimal,ow14-s0233,3,model-facing/minimal-candidate-snapshots/ow14-s0233.json,4,4,True
2858,ow14-1-r02858,gpt_enriched,enriched,ow14-s0233,3,model-facing/enriched-candidate-snapshots/ow14-s0233.json,4,4,True
2859,ow14-1-r02859,gpt_minimal,minimal,ow14-s0233,4,model-facing/minimal-candidate-snapshots/ow14-s0233.json,4,4,True
2860,ow14-1-r02860,gpt_enriched,enriched,ow14-s0233,4,model-facing/enriched-candidate-snapshots/ow14-s0233.json,4,4,True
2861,ow14-1-r02861,gpt_minimal,minimal,ow14-s0233,5,model-facing/minimal-candidate-snapshots/ow14-s0233.json,4,4,True
2862,ow14-1-r02862,gpt_enriched,enriched,ow14-s0233,5,model-facing/enriched-candidate-snapshots/ow14-s0233.json,4,4,True
2863,ow14-1-r02863,gpt_minimal,minimal,ow14-s0234,1,model-facing/minimal-candidate-snapshots/ow14-s0234.json,4,4,True
2864,ow14-1-r02864,gpt_enriched,enriched,ow14-s0234,1,model-facing/enriched-candidate-snapshots/ow14-s0234.json,4,4,True
2865,ow14-1-r02865,gpt_minimal,minimal,ow14-s0234,2,model-facing/minimal-candidate-snapshots/ow14-s0234.json,4,4,True
2866,ow14-1-r02866,gpt_enriched,enriched,ow14-s0234,2,model-facing/enriched-candidate-snapshots/ow14-s0234.json,4,4,True
2867,ow14-1-r02867,gpt_minimal,minimal,ow14-s0234,3,model-facing/minimal-candidate-snapshots/ow14-s0234.json,4,4,True
2868,ow14-1-r02868,gpt_enriched,enriched,ow14-s0234,3,model-facing/enriched-candidate-snapshots/ow14-s0234.json,4,4,True
2869,ow14-1-r02869,gpt_minimal,minimal,ow14-s0234,4,model-facing/minimal-candidate-snapshots/ow14-s0234.json,4,4,True
2870,ow14-1-r02870,gpt_enriched,enriched,ow14-s0234,4,model-facing/enriched-candidate-snapshots/ow14-s0234.json,4,4,True
2871,ow14-1-r02871,gpt_minimal,minimal,ow14-s0234,5,model-facing/minimal-candidate-snapshots/ow14-s0234.json,4,4,True
2872,ow14-1-r02872,gpt_enriched,enriched,ow14-s0234,5,model-facing/enriched-candidate-snapshots/ow14-s0234.json,4,4,True
2873,ow14-1-r02873,gpt_minimal,minimal,ow14-s0235,1,model-facing/minimal-candidate-snapshots/ow14-s0235.json,4,4,True
2874,ow14-1-r02874,gpt_enriched,enriched,ow14-s0235,1,model-facing/enriched-candidate-snapshots/ow14-s0235.json,4,4,True
2875,ow14-1-r02875,gpt_minimal,minimal,ow14-s0235,2,model-facing/minimal-candidate-snapshots/ow14-s0235.json,4,4,True
2876,ow14-1-r02876,gpt_enriched,enriched,ow14-s0235,2,model-facing/enriched-candidate-snapshots/ow14-s0235.json,4,4,True
2877,ow14-1-r02877,gpt_minimal,minimal,ow14-s0235,3,model-facing/minimal-candidate-snapshots/ow14-s0235.json,4,4,True
2878,ow14-1-r02878,gpt_enriched,enriched,ow14-s0235,3,model-facing/enriched-candidate-snapshots/ow14-s0235.json,4,4,True
2879,ow14-1-r02879,gpt_minimal,minimal,ow14-s0235,4,model-facing/minimal-candidate-snapshots/ow14-s0235.json,4,4,True
2880,ow14-1-r02880,gpt_enriched,enriched,ow14-s0235,4,model-facing/enriched-candidate-snapshots/ow14-s0235.json,4,4,True
2881,ow14-1-r02881,gpt_minimal,minimal,ow14-s0235,5,model-facing/minimal-candidate-snapshots/ow14-s0235.json,4,4,True
2882,ow14-1-r02882,gpt_enriched,enriched,ow14-s0235,5,model-facing/enriched-candidate-snapshots/ow14-s0235.json,4,4,True
2883,ow14-1-r02883,gpt_minimal,minimal,ow14-s0236,1,model-facing/minimal-candidate-snapshots/ow14-s0236.json,4,4,True
2884,ow14-1-r02884,gpt_enriched,enriched,ow14-s0236,1,model-facing/enriched-candidate-snapshots/ow14-s0236.json,4,4,True
2885,ow14-1-r02885,gpt_minimal,minimal,ow14-s0236,2,model-facing/minimal-candidate-snapshots/ow14-s0236.json,4,4,True
2886,ow14-1-r02886,gpt_enriched,enriched,ow14-s0236,2,model-facing/enriched-candidate-snapshots/ow14-s0236.json,4,4,True
2887,ow14-1-r02887,gpt_minimal,minimal,ow14-s0236,3,model-facing/minimal-candidate-snapshots/ow14-s0236.json,4,4,True
2888,ow14-1-r02888,gpt_enriched,enriched,ow14-s0236,3,model-facing/enriched-candidate-snapshots/ow14-s0236.json,4,4,True
2889,ow14-1-r02889,gpt_minimal,minimal,ow14-s0236,4,model-facing/minimal-candidate-snapshots/ow14-s0236.json,4,4,True
2890,ow14-1-r02890,gpt_enriched,enriched,ow14-s0236,4,model-facing/enriched-candidate-snapshots/ow14-s0236.json,4,4,True
2891,ow14-1-r02891,gpt_minimal,minimal,ow14-s0236,5,model-facing/minimal-candidate-snapshots/ow14-s0236.json,4,4,True
2892,ow14-1-r02892,gpt_enriched,enriched,ow14-s0236,5,model-facing/enriched-candidate-snapshots/ow14-s0236.json,4,4,True
2893,ow14-1-r02893,gpt_minimal,minimal,ow14-s0237,1,model-facing/minimal-candidate-snapshots/ow14-s0237.json,4,4,True
2894,ow14-1-r02894,gpt_enriched,enriched,ow14-s0237,1,model-facing/enriched-candidate-snapshots/ow14-s0237.json,4,4,True
2895,ow14-1-r02895,gpt_minimal,minimal,ow14-s0237,2,model-facing/minimal-candidate-snapshots/ow14-s0237.json,4,4,True
2896,ow14-1-r02896,gpt_enriched,enriched,ow14-s0237,2,model-facing/enriched-candidate-snapshots/ow14-s0237.json,4,4,True
2897,ow14-1-r02897,gpt_minimal,minimal,ow14-s0237,3,model-facing/minimal-candidate-snapshots/ow14-s0237.json,4,4,True
2898,ow14-1-r02898,gpt_enriched,enriched,ow14-s0237,3,model-facing/enriched-candidate-snapshots/ow14-s0237.json,4,4,True
2899,ow14-1-r02899,gpt_minimal,minimal,ow14-s0237,4,model-facing/minimal-candidate-snapshots/ow14-s0237.json,4,4,True
2900,ow14-1-r02900,gpt_enriched,enriched,ow14-s0237,4,model-facing/enriched-candidate-snapshots/ow14-s0237.json,4,4,True
2901,ow14-1-r02901,gpt_minimal,minimal,ow14-s0237,5,model-facing/minimal-candidate-snapshots/ow14-s0237.json,4,4,True
2902,ow14-1-r02902,gpt_enriched,enriched,ow14-s0237,5,model-facing/enriched-candidate-snapshots/ow14-s0237.json,4,4,True
2903,ow14-1-r02903,gpt_minimal,minimal,ow14-s0238,1,model-facing/minimal-candidate-snapshots/ow14-s0238.json,4,4,True
2904,ow14-1-r02904,gpt_enriched,enriched,ow14-s0238,1,model-facing/enriched-candidate-snapshots/ow14-s0238.json,4,4,True
2905,ow14-1-r02905,gpt_minimal,minimal,ow14-s0238,2,model-facing/minimal-candidate-snapshots/ow14-s0238.json,4,4,True
2906,ow14-1-r02906,gpt_enriched,enriched,ow14-s0238,2,model-facing/enriched-candidate-snapshots/ow14-s0238.json,4,4,True
2907,ow14-1-r02907,gpt_minimal,minimal,ow14-s0238,3,model-facing/minimal-candidate-snapshots/ow14-s0238.json,4,4,True
2908,ow14-1-r02908,gpt_enriched,enriched,ow14-s0238,3,model-facing/enriched-candidate-snapshots/ow14-s0238.json,4,4,True
2909,ow14-1-r02909,gpt_minimal,minimal,ow14-s0238,4,model-facing/minimal-candidate-snapshots/ow14-s0238.json,4,4,True
2910,ow14-1-r02910,gpt_enriched,enriched,ow14-s0238,4,model-facing/enriched-candidate-snapshots/ow14-s0238.json,4,4,True
2911,ow14-1-r02911,gpt_minimal,minimal,ow14-s0238,5,model-facing/minimal-candidate-snapshots/ow14-s0238.json,4,4,True
2912,ow14-1-r02912,gpt_enriched,enriched,ow14-s0238,5,model-facing/enriched-candidate-snapshots/ow14-s0238.json,4,4,True
2913,ow14-1-r02913,gpt_minimal,minimal,ow14-s0239,1,model-facing/minimal-candidate-snapshots/ow14-s0239.json,4,4,True
2914,ow14-1-r02914,gpt_enriched,enriched,ow14-s0239,1,model-facing/enriched-candidate-snapshots/ow14-s0239.json,4,4,True
2915,ow14-1-r02915,gpt_minimal,minimal,ow14-s0239,2,model-facing/minimal-candidate-snapshots/ow14-s0239.json,4,4,True
2916,ow14-1-r02916,gpt_enriched,enriched,ow14-s0239,2,model-facing/enriched-candidate-snapshots/ow14-s0239.json,4,4,True
2917,ow14-1-r02917,gpt_minimal,minimal,ow14-s0239,3,model-facing/minimal-candidate-snapshots/ow14-s0239.json,4,4,True
2918,ow14-1-r02918,gpt_enriched,enriched,ow14-s0239,3,model-facing/enriched-candidate-snapshots/ow14-s0239.json,4,4,True
2919,ow14-1-r02919,gpt_minimal,minimal,ow14-s0239,4,model-facing/minimal-candidate-snapshots/ow14-s0239.json,4,4,True
2920,ow14-1-r02920,gpt_enriched,enriched,ow14-s0239,4,model-facing/enriched-candidate-snapshots/ow14-s0239.json,4,4,True
2921,ow14-1-r02921,gpt_minimal,minimal,ow14-s0239,5,model-facing/minimal-candidate-snapshots/ow14-s0239.json,4,4,True
2922,ow14-1-r02922,gpt_enriched,enriched,ow14-s0239,5,model-facing/enriched-candidate-snapshots/ow14-s0239.json,4,4,True
2923,ow14-1-r02923,gpt_minimal,minimal,ow14-s0240,1,model-facing/minimal-candidate-snapshots/ow14-s0240.json,4,4,True
2924,ow14-1-r02924,gpt_enriched,enriched,ow14-s0240,1,model-facing/enriched-candidate-snapshots/ow14-s0240.json,4,4,True
2925,ow14-1-r02925,gpt_minimal,minimal,ow14-s0240,2,model-facing/minimal-candidate-snapshots/ow14-s0240.json,4,4,True
2926,ow14-1-r02926,gpt_enriched,enriched,ow14-s0240,2,model-facing/enriched-candidate-snapshots/ow14-s0240.json,4,4,True
2927,ow14-1-r02927,gpt_minimal,minimal,ow14-s0240,3,model-facing/minimal-candidate-snapshots/ow14-s0240.json,4,4,True
2928,ow14-1-r02928,gpt_enriched,enriched,ow14-s0240,3,model-facing/enriched-candidate-snapshots/ow14-s0240.json,4,4,True
2929,ow14-1-r02929,gpt_minimal,minimal,ow14-s0240,4,model-facing/minimal-candidate-snapshots/ow14-s0240.json,4,4,True
2930,ow14-1-r02930,gpt_enriched,enriched,ow14-s0240,4,model-facing/enriched-candidate-snapshots/ow14-s0240.json,4,4,True
2931,ow14-1-r02931,gpt_minimal,minimal,ow14-s0240,5,model-facing/minimal-candidate-snapshots/ow14-s0240.json,4,4,True
2932,ow14-1-r02932,gpt_enriched,enriched,ow14-s0240,5,model-facing/enriched-candidate-snapshots/ow14-s0240.json,4,4,True
2933,ow14-1-r02933,gpt_minimal,minimal,ow14-s0241,1,model-facing/minimal-candidate-snapshots/ow14-s0241.json,4,4,True
2934,ow14-1-r02934,gpt_enriched,enriched,ow14-s0241,1,model-facing/enriched-candidate-snapshots/ow14-s0241.json,4,4,True
2935,ow14-1-r02935,gpt_minimal,minimal,ow14-s0241,2,model-facing/minimal-candidate-snapshots/ow14-s0241.json,4,4,True
2936,ow14-1-r02936,gpt_enriched,enriched,ow14-s0241,2,model-facing/enriched-candidate-snapshots/ow14-s0241.json,4,4,True
2937,ow14-1-r02937,gpt_minimal,minimal,ow14-s0241,3,model-facing/minimal-candidate-snapshots/ow14-s0241.json,4,4,True
2938,ow14-1-r02938,gpt_enriched,enriched,ow14-s0241,3,model-facing/enriched-candidate-snapshots/ow14-s0241.json,4,4,True
2939,ow14-1-r02939,gpt_minimal,minimal,ow14-s0241,4,model-facing/minimal-candidate-snapshots/ow14-s0241.json,4,4,True
2940,ow14-1-r02940,gpt_enriched,enriched,ow14-s0241,4,model-facing/enriched-candidate-snapshots/ow14-s0241.json,4,4,True
2941,ow14-1-r02941,gpt_minimal,minimal,ow14-s0241,5,model-facing/minimal-candidate-snapshots/ow14-s0241.json,4,4,True
2942,ow14-1-r02942,gpt_enriched,enriched,ow14-s0241,5,model-facing/enriched-candidate-snapshots/ow14-s0241.json,4,4,True
2943,ow14-1-r02943,gpt_minimal,minimal,ow14-s0242,1,model-facing/minimal-candidate-snapshots/ow14-s0242.json,4,4,True
2944,ow14-1-r02944,gpt_enriched,enriched,ow14-s0242,1,model-facing/enriched-candidate-snapshots/ow14-s0242.json,4,4,True
2945,ow14-1-r02945,gpt_minimal,minimal,ow14-s0242,2,model-facing/minimal-candidate-snapshots/ow14-s0242.json,4,4,True
2946,ow14-1-r02946,gpt_enriched,enriched,ow14-s0242,2,model-facing/enriched-candidate-snapshots/ow14-s0242.json,4,4,True
2947,ow14-1-r02947,gpt_minimal,minimal,ow14-s0242,3,model-facing/minimal-candidate-snapshots/ow14-s0242.json,4,4,True
2948,ow14-1-r02948,gpt_enriched,enriched,ow14-s0242,3,model-facing/enriched-candidate-snapshots/ow14-s0242.json,4,4,True
2949,ow14-1-r02949,gpt_minimal,minimal,ow14-s0242,4,model-facing/minimal-candidate-snapshots/ow14-s0242.json,4,4,True
2950,ow14-1-r02950,gpt_enriched,enriched,ow14-s0242,4,model-facing/enriched-candidate-snapshots/ow14-s0242.json,4,4,True
2951,ow14-1-r02951,gpt_minimal,minimal,ow14-s0242,5,model-facing/minimal-candidate-snapshots/ow14-s0242.json,4,4,True
2952,ow14-1-r02952,gpt_enriched,enriched,ow14-s0242,5,model-facing/enriched-candidate-snapshots/ow14-s0242.json,4,4,True
2953,ow14-1-r02953,gpt_minimal,minimal,ow14-s0243,1,model-facing/minimal-candidate-snapshots/ow14-s0243.json,4,4,True
2954,ow14-1-r02954,gpt_enriched,enriched,ow14-s0243,1,model-facing/enriched-candidate-snapshots/ow14-s0243.json,4,4,True
2955,ow14-1-r02955,gpt_minimal,minimal,ow14-s0243,2,model-facing/minimal-candidate-snapshots/ow14-s0243.json,4,4,True
2956,ow14-1-r02956,gpt_enriched,enriched,ow14-s0243,2,model-facing/enriched-candidate-snapshots/ow14-s0243.json,4,4,True
2957,ow14-1-r02957,gpt_minimal,minimal,ow14-s0243,3,model-facing/minimal-candidate-snapshots/ow14-s0243.json,4,4,True
2958,ow14-1-r02958,gpt_enriched,enriched,ow14-s0243,3,model-facing/enriched-candidate-snapshots/ow14-s0243.json,4,4,True
2959,ow14-1-r02959,gpt_minimal,minimal,ow14-s0243,4,model-facing/minimal-candidate-snapshots/ow14-s0243.json,4,4,True
2960,ow14-1-r02960,gpt_enriched,enriched,ow14-s0243,4,model-facing/enriched-candidate-snapshots/ow14-s0243.json,4,4,True
2961,ow14-1-r02961,gpt_minimal,minimal,ow14-s0243,5,model-facing/minimal-candidate-snapshots/ow14-s0243.json,4,4,True
2962,ow14-1-r02962,gpt_enriched,enriched,ow14-s0243,5,model-facing/enriched-candidate-snapshots/ow14-s0243.json,4,4,True
2963,ow14-1-r02963,gpt_minimal,minimal,ow14-s0244,1,model-facing/minimal-candidate-snapshots/ow14-s0244.json,4,4,True
2964,ow14-1-r02964,gpt_enriched,enriched,ow14-s0244,1,model-facing/enriched-candidate-snapshots/ow14-s0244.json,4,4,True
2965,ow14-1-r02965,gpt_minimal,minimal,ow14-s0244,2,model-facing/minimal-candidate-snapshots/ow14-s0244.json,4,4,True
2966,ow14-1-r02966,gpt_enriched,enriched,ow14-s0244,2,model-facing/enriched-candidate-snapshots/ow14-s0244.json,4,4,True
2967,ow14-1-r02967,gpt_minimal,minimal,ow14-s0244,3,model-facing/minimal-candidate-snapshots/ow14-s0244.json,4,4,True
2968,ow14-1-r02968,gpt_enriched,enriched,ow14-s0244,3,model-facing/enriched-candidate-snapshots/ow14-s0244.json,4,4,True
2969,ow14-1-r02969,gpt_minimal,minimal,ow14-s0244,4,model-facing/minimal-candidate-snapshots/ow14-s0244.json,4,4,True
2970,ow14-1-r02970,gpt_enriched,enriched,ow14-s0244,4,model-facing/enriched-candidate-snapshots/ow14-s0244.json,4,4,True
2971,ow14-1-r02971,gpt_minimal,minimal,ow14-s0244,5,model-facing/minimal-candidate-snapshots/ow14-s0244.json,4,4,True
2972,ow14-1-r02972,gpt_enriched,enriched,ow14-s0244,5,model-facing/enriched-candidate-snapshots/ow14-s0244.json,4,4,True
2973,ow14-1-r02973,gpt_minimal,minimal,ow14-s0245,1,model-facing/minimal-candidate-snapshots/ow14-s0245.json,4,4,True
2974,ow14-1-r02974,gpt_enriched,enriched,ow14-s0245,1,model-facing/enriched-candidate-snapshots/ow14-s0245.json,4,4,True
2975,ow14-1-r02975,gpt_minimal,minimal,ow14-s0245,2,model-facing/minimal-candidate-snapshots/ow14-s0245.json,4,4,True
2976,ow14-1-r02976,gpt_enriched,enriched,ow14-s0245,2,model-facing/enriched-candidate-snapshots/ow14-s0245.json,4,4,True
2977,ow14-1-r02977,gpt_minimal,minimal,ow14-s0245,3,model-facing/minimal-candidate-snapshots/ow14-s0245.json,4,4,True
2978,ow14-1-r02978,gpt_enriched,enriched,ow14-s0245,3,model-facing/enriched-candidate-snapshots/ow14-s0245.json,4,4,True
2979,ow14-1-r02979,gpt_minimal,minimal,ow14-s0245,4,model-facing/minimal-candidate-snapshots/ow14-s0245.json,4,4,True
2980,ow14-1-r02980,gpt_enriched,enriched,ow14-s0245,4,model-facing/enriched-candidate-snapshots/ow14-s0245.json,4,4,True
2981,ow14-1-r02981,gpt_minimal,minimal,ow14-s0245,5,model-facing/minimal-candidate-snapshots/ow14-s0245.json,4,4,True
2982,ow14-1-r02982,gpt_enriched,enriched,ow14-s0245,5,model-facing/enriched-candidate-snapshots/ow14-s0245.json,4,4,True
2983,ow14-1-r02983,gpt_minimal,minimal,ow14-s0246,1,model-facing/minimal-candidate-snapshots/ow14-s0246.json,4,4,True
2984,ow14-1-r02984,gpt_enriched,enriched,ow14-s0246,1,model-facing/enriched-candidate-snapshots/ow14-s0246.json,4,4,True
2985,ow14-1-r02985,gpt_minimal,minimal,ow14-s0246,2,model-facing/minimal-candidate-snapshots/ow14-s0246.json,4,4,True
2986,ow14-1-r02986,gpt_enriched,enriched,ow14-s0246,2,model-facing/enriched-candidate-snapshots/ow14-s0246.json,4,4,True
2987,ow14-1-r02987,gpt_minimal,minimal,ow14-s0246,3,model-facing/minimal-candidate-snapshots/ow14-s0246.json,4,4,True
2988,ow14-1-r02988,gpt_enriched,enriched,ow14-s0246,3,model-facing/enriched-candidate-snapshots/ow14-s0246.json,4,4,True
2989,ow14-1-r02989,gpt_minimal,minimal,ow14-s0246,4,model-facing/minimal-candidate-snapshots/ow14-s0246.json,4,4,True
2990,ow14-1-r02990,gpt_enriched,enriched,ow14-s0246,4,model-facing/enriched-candidate-snapshots/ow14-s0246.json,4,4,True
2991,ow14-1-r02991,gpt_minimal,minimal,ow14-s0246,5,model-facing/minimal-candidate-snapshots/ow14-s0246.json,4,4,True
2992,ow14-1-r02992,gpt_enriched,enriched,ow14-s0246,5,model-facing/enriched-candidate-snapshots/ow14-s0246.json,4,4,True
2993,ow14-1-r02993,gpt_minimal,minimal,ow14-s0247,1,model-facing/minimal-candidate-snapshots/ow14-s0247.json,4,4,True
2994,ow14-1-r02994,gpt_enriched,enriched,ow14-s0247,1,model-facing/enriched-candidate-snapshots/ow14-s0247.json,4,4,True
2995,ow14-1-r02995,gpt_minimal,minimal,ow14-s0247,2,model-facing/minimal-candidate-snapshots/ow14-s0247.json,4,4,True
2996,ow14-1-r02996,gpt_enriched,enriched,ow14-s0247,2,model-facing/enriched-candidate-snapshots/ow14-s0247.json,4,4,True
2997,ow14-1-r02997,gpt_minimal,minimal,ow14-s0247,3,model-facing/minimal-candidate-snapshots/ow14-s0247.json,4,4,True
2998,ow14-1-r02998,gpt_enriched,enriched,ow14-s0247,3,model-facing/enriched-candidate-snapshots/ow14-s0247.json,4,4,True
2999,ow14-1-r02999,gpt_minimal,minimal,ow14-s0247,4,model-facing/minimal-candidate-snapshots/ow14-s0247.json,4,4,True
3000,ow14-1-r03000,gpt_enriched,enriched,ow14-s0247,4,model-facing/enriched-candidate-snapshots/ow14-s0247.json,4,4,True
3001,ow14-1-r03001,gpt_minimal,minimal,ow14-s0247,5,model-facing/minimal-candidate-snapshots/ow14-s0247.json,4,4,True
3002,ow14-1-r03002,gpt_enriched,enriched,ow14-s0247,5,model-facing/enriched-candidate-snapshots/ow14-s0247.json,4,4,True
3003,ow14-1-r03003,gpt_minimal,minimal,ow14-s0248,1,model-facing/minimal-candidate-snapshots/ow14-s0248.json,4,4,True
3004,ow14-1-r03004,gpt_enriched,enriched,ow14-s0248,1,model-facing/enriched-candidate-snapshots/ow14-s0248.json,4,4,True
3005,ow14-1-r03005,gpt_minimal,minimal,ow14-s0248,2,model-facing/minimal-candidate-snapshots/ow14-s0248.json,4,4,True
3006,ow14-1-r03006,gpt_enriched,enriched,ow14-s0248,2,model-facing/enriched-candidate-snapshots/ow14-s0248.json,4,4,True
3007,ow14-1-r03007,gpt_minimal,minimal,ow14-s0248,3,model-facing/minimal-candidate-snapshots/ow14-s0248.json,4,4,True
3008,ow14-1-r03008,gpt_enriched,enriched,ow14-s0248,3,model-facing/enriched-candidate-snapshots/ow14-s0248.json,4,4,True
3009,ow14-1-r03009,gpt_minimal,minimal,ow14-s0248,4,model-facing/minimal-candidate-snapshots/ow14-s0248.json,4,4,True
3010,ow14-1-r03010,gpt_enriched,enriched,ow14-s0248,4,model-facing/enriched-candidate-snapshots/ow14-s0248.json,4,4,True
3011,ow14-1-r03011,gpt_minimal,minimal,ow14-s0248,5,model-facing/minimal-candidate-snapshots/ow14-s0248.json,4,4,True
3012,ow14-1-r03012,gpt_enriched,enriched,ow14-s0248,5,model-facing/enriched-candidate-snapshots/ow14-s0248.json,4,4,True
3013,ow14-1-r03013,gpt_minimal,minimal,ow14-s0249,1,model-facing/minimal-candidate-snapshots/ow14-s0249.json,4,4,True
3014,ow14-1-r03014,gpt_enriched,enriched,ow14-s0249,1,model-facing/enriched-candidate-snapshots/ow14-s0249.json,4,4,True
3015,ow14-1-r03015,gpt_minimal,minimal,ow14-s0249,2,model-facing/minimal-candidate-snapshots/ow14-s0249.json,4,4,True
3016,ow14-1-r03016,gpt_enriched,enriched,ow14-s0249,2,model-facing/enriched-candidate-snapshots/ow14-s0249.json,4,4,True
3017,ow14-1-r03017,gpt_minimal,minimal,ow14-s0249,3,model-facing/minimal-candidate-snapshots/ow14-s0249.json,4,4,True
3018,ow14-1-r03018,gpt_enriched,enriched,ow14-s0249,3,model-facing/enriched-candidate-snapshots/ow14-s0249.json,4,4,True
3019,ow14-1-r03019,gpt_minimal,minimal,ow14-s0249,4,model-facing/minimal-candidate-snapshots/ow14-s0249.json,4,4,True
3020,ow14-1-r03020,gpt_enriched,enriched,ow14-s0249,4,model-facing/enriched-candidate-snapshots/ow14-s0249.json,4,4,True
3021,ow14-1-r03021,gpt_minimal,minimal,ow14-s0249,5,model-facing/minimal-candidate-snapshots/ow14-s0249.json,4,4,True
3022,ow14-1-r03022,gpt_enriched,enriched,ow14-s0249,5,model-facing/enriched-candidate-snapshots/ow14-s0249.json,4,4,True
3023,ow14-1-r03023,gpt_minimal,minimal,ow14-s0250,1,model-facing/minimal-candidate-snapshots/ow14-s0250.json,4,4,True
3024,ow14-1-r03024,gpt_enriched,enriched,ow14-s0250,1,model-facing/enriched-candidate-snapshots/ow14-s0250.json,4,4,True
3025,ow14-1-r03025,gpt_minimal,minimal,ow14-s0250,2,model-facing/minimal-candidate-snapshots/ow14-s0250.json,4,4,True
3026,ow14-1-r03026,gpt_enriched,enriched,ow14-s0250,2,model-facing/enriched-candidate-snapshots/ow14-s0250.json,4,4,True
3027,ow14-1-r03027,gpt_minimal,minimal,ow14-s0250,3,model-facing/minimal-candidate-snapshots/ow14-s0250.json,4,4,True
3028,ow14-1-r03028,gpt_enriched,enriched,ow14-s0250,3,model-facing/enriched-candidate-snapshots/ow14-s0250.json,4,4,True
3029,ow14-1-r03029,gpt_minimal,minimal,ow14-s0250,4,model-facing/minimal-candidate-snapshots/ow14-s0250.json,4,4,True
3030,ow14-1-r03030,gpt_enriched,enriched,ow14-s0250,4,model-facing/enriched-candidate-snapshots/ow14-s0250.json,4,4,True
3031,ow14-1-r03031,gpt_minimal,minimal,ow14-s0250,5,model-facing/minimal-candidate-snapshots/ow14-s0250.json,4,4,True
3032,ow14-1-r03032,gpt_enriched,enriched,ow14-s0250,5,model-facing/enriched-candidate-snapshots/ow14-s0250.json,4,4,True
3033,ow14-1-r03033,gpt_minimal,minimal,ow14-s0251,1,model-facing/minimal-candidate-snapshots/ow14-s0251.json,4,4,True
3034,ow14-1-r03034,gpt_enriched,enriched,ow14-s0251,1,model-facing/enriched-candidate-snapshots/ow14-s0251.json,4,4,True
3035,ow14-1-r03035,gpt_minimal,minimal,ow14-s0251,2,model-facing/minimal-candidate-snapshots/ow14-s0251.json,4,4,True
3036,ow14-1-r03036,gpt_enriched,enriched,ow14-s0251,2,model-facing/enriched-candidate-snapshots/ow14-s0251.json,4,4,True
3037,ow14-1-r03037,gpt_minimal,minimal,ow14-s0251,3,model-facing/minimal-candidate-snapshots/ow14-s0251.json,4,4,True
3038,ow14-1-r03038,gpt_enriched,enriched,ow14-s0251,3,model-facing/enriched-candidate-snapshots/ow14-s0251.json,4,4,True
3039,ow14-1-r03039,gpt_minimal,minimal,ow14-s0251,4,model-facing/minimal-candidate-snapshots/ow14-s0251.json,4,4,True
3040,ow14-1-r03040,gpt_enriched,enriched,ow14-s0251,4,model-facing/enriched-candidate-snapshots/ow14-s0251.json,4,4,True
3041,ow14-1-r03041,gpt_minimal,minimal,ow14-s0251,5,model-facing/minimal-candidate-snapshots/ow14-s0251.json,4,4,True
3042,ow14-1-r03042,gpt_enriched,enriched,ow14-s0251,5,model-facing/enriched-candidate-snapshots/ow14-s0251.json,4,4,True
3043,ow14-1-r03043,gpt_minimal,minimal,ow14-s0252,1,model-facing/minimal-candidate-snapshots/ow14-s0252.json,4,4,True
3044,ow14-1-r03044,gpt_enriched,enriched,ow14-s0252,1,model-facing/enriched-candidate-snapshots/ow14-s0252.json,4,4,True
3045,ow14-1-r03045,gpt_minimal,minimal,ow14-s0252,2,model-facing/minimal-candidate-snapshots/ow14-s0252.json,4,4,True
3046,ow14-1-r03046,gpt_enriched,enriched,ow14-s0252,2,model-facing/enriched-candidate-snapshots/ow14-s0252.json,4,4,True
3047,ow14-1-r03047,gpt_minimal,minimal,ow14-s0252,3,model-facing/minimal-candidate-snapshots/ow14-s0252.json,4,4,True
3048,ow14-1-r03048,gpt_enriched,enriched,ow14-s0252,3,model-facing/enriched-candidate-snapshots/ow14-s0252.json,4,4,True
3049,ow14-1-r03049,gpt_minimal,minimal,ow14-s0252,4,model-facing/minimal-candidate-snapshots/ow14-s0252.json,4,4,True
3050,ow14-1-r03050,gpt_enriched,enriched,ow14-s0252,4,model-facing/enriched-candidate-snapshots/ow14-s0252.json,4,4,True
3051,ow14-1-r03051,gpt_minimal,minimal,ow14-s0252,5,model-facing/minimal-candidate-snapshots/ow14-s0252.json,4,4,True
3052,ow14-1-r03052,gpt_enriched,enriched,ow14-s0252,5,model-facing/enriched-candidate-snapshots/ow14-s0252.json,4,4,True
3053,ow14-1-r03053,gpt_minimal,minimal,ow14-s0253,1,model-facing/minimal-candidate-snapshots/ow14-s0253.json,4,4,True
3054,ow14-1-r03054,gpt_enriched,enriched,ow14-s0253,1,model-facing/enriched-candidate-snapshots/ow14-s0253.json,4,4,True
3055,ow14-1-r03055,gpt_minimal,minimal,ow14-s0253,2,model-facing/minimal-candidate-snapshots/ow14-s0253.json,4,4,True
3056,ow14-1-r03056,gpt_enriched,enriched,ow14-s0253,2,model-facing/enriched-candidate-snapshots/ow14-s0253.json,4,4,True
3057,ow14-1-r03057,gpt_minimal,minimal,ow14-s0253,3,model-facing/minimal-candidate-snapshots/ow14-s0253.json,4,4,True
3058,ow14-1-r03058,gpt_enriched,enriched,ow14-s0253,3,model-facing/enriched-candidate-snapshots/ow14-s0253.json,4,4,True
3059,ow14-1-r03059,gpt_minimal,minimal,ow14-s0253,4,model-facing/minimal-candidate-snapshots/ow14-s0253.json,4,4,True
3060,ow14-1-r03060,gpt_enriched,enriched,ow14-s0253,4,model-facing/enriched-candidate-snapshots/ow14-s0253.json,4,4,True
3061,ow14-1-r03061,gpt_minimal,minimal,ow14-s0253,5,model-facing/minimal-candidate-snapshots/ow14-s0253.json,4,4,True
3062,ow14-1-r03062,gpt_enriched,enriched,ow14-s0253,5,model-facing/enriched-candidate-snapshots/ow14-s0253.json,4,4,True
3063,ow14-1-r03063,gpt_minimal,minimal,ow14-s0254,1,model-facing/minimal-candidate-snapshots/ow14-s0254.json,4,4,True
3064,ow14-1-r03064,gpt_enriched,enriched,ow14-s0254,1,model-facing/enriched-candidate-snapshots/ow14-s0254.json,4,4,True
3065,ow14-1-r03065,gpt_minimal,minimal,ow14-s0254,2,model-facing/minimal-candidate-snapshots/ow14-s0254.json,4,4,True
3066,ow14-1-r03066,gpt_enriched,enriched,ow14-s0254,2,model-facing/enriched-candidate-snapshots/ow14-s0254.json,4,4,True
3067,ow14-1-r03067,gpt_minimal,minimal,ow14-s0254,3,model-facing/minimal-candidate-snapshots/ow14-s0254.json,4,4,True
3068,ow14-1-r03068,gpt_enriched,enriched,ow14-s0254,3,model-facing/enriched-candidate-snapshots/ow14-s0254.json,4,4,True
3069,ow14-1-r03069,gpt_minimal,minimal,ow14-s0254,4,model-facing/minimal-candidate-snapshots/ow14-s0254.json,4,4,True
3070,ow14-1-r03070,gpt_enriched,enriched,ow14-s0254,4,model-facing/enriched-candidate-snapshots/ow14-s0254.json,4,4,True
3071,ow14-1-r03071,gpt_minimal,minimal,ow14-s0254,5,model-facing/minimal-candidate-snapshots/ow14-s0254.json,4,4,True
3072,ow14-1-r03072,gpt_enriched,enriched,ow14-s0254,5,model-facing/enriched-candidate-snapshots/ow14-s0254.json,4,4,True
3073,ow14-1-r03073,gpt_minimal,minimal,ow14-s0255,1,model-facing/minimal-candidate-snapshots/ow14-s0255.json,4,4,True
3074,ow14-1-r03074,gpt_enriched,enriched,ow14-s0255,1,model-facing/enriched-candidate-snapshots/ow14-s0255.json,4,4,True
3075,ow14-1-r03075,gpt_minimal,minimal,ow14-s0255,2,model-facing/minimal-candidate-snapshots/ow14-s0255.json,4,4,True
3076,ow14-1-r03076,gpt_enriched,enriched,ow14-s0255,2,model-facing/enriched-candidate-snapshots/ow14-s0255.json,4,4,True
3077,ow14-1-r03077,gpt_minimal,minimal,ow14-s0255,3,model-facing/minimal-candidate-snapshots/ow14-s0255.json,4,4,True
3078,ow14-1-r03078,gpt_enriched,enriched,ow14-s0255,3,model-facing/enriched-candidate-snapshots/ow14-s0255.json,4,4,True
3079,ow14-1-r03079,gpt_minimal,minimal,ow14-s0255,4,model-facing/minimal-candidate-snapshots/ow14-s0255.json,4,4,True
3080,ow14-1-r03080,gpt_enriched,enriched,ow14-s0255,4,model-facing/enriched-candidate-snapshots/ow14-s0255.json,4,4,True
3081,ow14-1-r03081,gpt_minimal,minimal,ow14-s0255,5,model-facing/minimal-candidate-snapshots/ow14-s0255.json,4,4,True
3082,ow14-1-r03082,gpt_enriched,enriched,ow14-s0255,5,model-facing/enriched-candidate-snapshots/ow14-s0255.json,4,4,True
3083,ow14-1-r03083,gpt_minimal,minimal,ow14-s0256,1,model-facing/minimal-candidate-snapshots/ow14-s0256.json,4,4,True
3084,ow14-1-r03084,gpt_enriched,enriched,ow14-s0256,1,model-facing/enriched-candidate-snapshots/ow14-s0256.json,4,4,True
3085,ow14-1-r03085,gpt_minimal,minimal,ow14-s0256,2,model-facing/minimal-candidate-snapshots/ow14-s0256.json,4,4,True
3086,ow14-1-r03086,gpt_enriched,enriched,ow14-s0256,2,model-facing/enriched-candidate-snapshots/ow14-s0256.json,4,4,True
3087,ow14-1-r03087,gpt_minimal,minimal,ow14-s0256,3,model-facing/minimal-candidate-snapshots/ow14-s0256.json,4,4,True
3088,ow14-1-r03088,gpt_enriched,enriched,ow14-s0256,3,model-facing/enriched-candidate-snapshots/ow14-s0256.json,4,4,True
3089,ow14-1-r03089,gpt_minimal,minimal,ow14-s0256,4,model-facing/minimal-candidate-snapshots/ow14-s0256.json,4,4,True
3090,ow14-1-r03090,gpt_enriched,enriched,ow14-s0256,4,model-facing/enriched-candidate-snapshots/ow14-s0256.json,4,4,True
3091,ow14-1-r03091,gpt_minimal,minimal,ow14-s0256,5,model-facing/minimal-candidate-snapshots/ow14-s0256.json,4,4,True
3092,ow14-1-r03092,gpt_enriched,enriched,ow14-s0256,5,model-facing/enriched-candidate-snapshots/ow14-s0256.json,4,4,True
3093,ow14-1-r03093,gpt_minimal,minimal,ow14-s0257,1,model-facing/minimal-candidate-snapshots/ow14-s0257.json,4,4,True
3094,ow14-1-r03094,gpt_enriched,enriched,ow14-s0257,1,model-facing/enriched-candidate-snapshots/ow14-s0257.json,4,4,True
3095,ow14-1-r03095,gpt_minimal,minimal,ow14-s0257,2,model-facing/minimal-candidate-snapshots/ow14-s0257.json,4,4,True
3096,ow14-1-r03096,gpt_enriched,enriched,ow14-s0257,2,model-facing/enriched-candidate-snapshots/ow14-s0257.json,4,4,True
3097,ow14-1-r03097,gpt_minimal,minimal,ow14-s0257,3,model-facing/minimal-candidate-snapshots/ow14-s0257.json,4,4,True
3098,ow14-1-r03098,gpt_enriched,enriched,ow14-s0257,3,model-facing/enriched-candidate-snapshots/ow14-s0257.json,4,4,True
3099,ow14-1-r03099,gpt_minimal,minimal,ow14-s0257,4,model-facing/minimal-candidate-snapshots/ow14-s0257.json,4,4,True
3100,ow14-1-r03100,gpt_enriched,enriched,ow14-s0257,4,model-facing/enriched-candidate-snapshots/ow14-s0257.json,4,4,True
3101,ow14-1-r03101,gpt_minimal,minimal,ow14-s0257,5,model-facing/minimal-candidate-snapshots/ow14-s0257.json,4,4,True
3102,ow14-1-r03102,gpt_enriched,enriched,ow14-s0257,5,model-facing/enriched-candidate-snapshots/ow14-s0257.json,4,4,True
3103,ow14-1-r03103,gpt_minimal,minimal,ow14-s0258,1,model-facing/minimal-candidate-snapshots/ow14-s0258.json,4,4,True
3104,ow14-1-r03104,gpt_enriched,enriched,ow14-s0258,1,model-facing/enriched-candidate-snapshots/ow14-s0258.json,4,4,True
3105,ow14-1-r03105,gpt_minimal,minimal,ow14-s0258,2,model-facing/minimal-candidate-snapshots/ow14-s0258.json,4,4,True
3106,ow14-1-r03106,gpt_enriched,enriched,ow14-s0258,2,model-facing/enriched-candidate-snapshots/ow14-s0258.json,4,4,True
3107,ow14-1-r03107,gpt_minimal,minimal,ow14-s0258,3,model-facing/minimal-candidate-snapshots/ow14-s0258.json,4,4,True
3108,ow14-1-r03108,gpt_enriched,enriched,ow14-s0258,3,model-facing/enriched-candidate-snapshots/ow14-s0258.json,4,4,True
3109,ow14-1-r03109,gpt_minimal,minimal,ow14-s0258,4,model-facing/minimal-candidate-snapshots/ow14-s0258.json,4,4,True
3110,ow14-1-r03110,gpt_enriched,enriched,ow14-s0258,4,model-facing/enriched-candidate-snapshots/ow14-s0258.json,4,4,True
3111,ow14-1-r03111,gpt_minimal,minimal,ow14-s0258,5,model-facing/minimal-candidate-snapshots/ow14-s0258.json,4,4,True
3112,ow14-1-r03112,gpt_enriched,enriched,ow14-s0258,5,model-facing/enriched-candidate-snapshots/ow14-s0258.json,4,4,True
3113,ow14-1-r03113,gpt_minimal,minimal,ow14-s0259,1,model-facing/minimal-candidate-snapshots/ow14-s0259.json,4,4,True
3114,ow14-1-r03114,gpt_enriched,enriched,ow14-s0259,1,model-facing/enriched-candidate-snapshots/ow14-s0259.json,4,4,True
3115,ow14-1-r03115,gpt_minimal,minimal,ow14-s0259,2,model-facing/minimal-candidate-snapshots/ow14-s0259.json,4,4,True
3116,ow14-1-r03116,gpt_enriched,enriched,ow14-s0259,2,model-facing/enriched-candidate-snapshots/ow14-s0259.json,4,4,True
3117,ow14-1-r03117,gpt_minimal,minimal,ow14-s0259,3,model-facing/minimal-candidate-snapshots/ow14-s0259.json,4,4,True
3118,ow14-1-r03118,gpt_enriched,enriched,ow14-s0259,3,model-facing/enriched-candidate-snapshots/ow14-s0259.json,4,4,True
3119,ow14-1-r03119,gpt_minimal,minimal,ow14-s0259,4,model-facing/minimal-candidate-snapshots/ow14-s0259.json,4,4,True
3120,ow14-1-r03120,gpt_enriched,enriched,ow14-s0259,4,model-facing/enriched-candidate-snapshots/ow14-s0259.json,4,4,True
3121,ow14-1-r03121,gpt_minimal,minimal,ow14-s0259,5,model-facing/minimal-candidate-snapshots/ow14-s0259.json,4,4,True
3122,ow14-1-r03122,gpt_enriched,enriched,ow14-s0259,5,model-facing/enriched-candidate-snapshots/ow14-s0259.json,4,4,True
3123,ow14-1-r03123,gpt_minimal,minimal,ow14-s0260,1,model-facing/minimal-candidate-snapshots/ow14-s0260.json,4,4,True
3124,ow14-1-r03124,gpt_enriched,enriched,ow14-s0260,1,model-facing/enriched-candidate-snapshots/ow14-s0260.json,4,4,True
3125,ow14-1-r03125,gpt_minimal,minimal,ow14-s0260,2,model-facing/minimal-candidate-snapshots/ow14-s0260.json,4,4,True
3126,ow14-1-r03126,gpt_enriched,enriched,ow14-s0260,2,model-facing/enriched-candidate-snapshots/ow14-s0260.json,4,4,True
3127,ow14-1-r03127,gpt_minimal,minimal,ow14-s0260,3,model-facing/minimal-candidate-snapshots/ow14-s0260.json,4,4,True
3128,ow14-1-r03128,gpt_enriched,enriched,ow14-s0260,3,model-facing/enriched-candidate-snapshots/ow14-s0260.json,4,4,True
3129,ow14-1-r03129,gpt_minimal,minimal,ow14-s0260,4,model-facing/minimal-candidate-snapshots/ow14-s0260.json,4,4,True
3130,ow14-1-r03130,gpt_enriched,enriched,ow14-s0260,4,model-facing/enriched-candidate-snapshots/ow14-s0260.json,4,4,True
3131,ow14-1-r03131,gpt_minimal,minimal,ow14-s0260,5,model-facing/minimal-candidate-snapshots/ow14-s0260.json,4,4,True
3132,ow14-1-r03132,gpt_enriched,enriched,ow14-s0260,5,model-facing/enriched-candidate-snapshots/ow14-s0260.json,4,4,True
3133,ow14-1-r03133,gpt_minimal,minimal,ow14-s0261,1,model-facing/minimal-candidate-snapshots/ow14-s0261.json,4,4,True
3134,ow14-1-r03134,gpt_enriched,enriched,ow14-s0261,1,model-facing/enriched-candidate-snapshots/ow14-s0261.json,4,4,True
3135,ow14-1-r03135,gpt_minimal,minimal,ow14-s0261,2,model-facing/minimal-candidate-snapshots/ow14-s0261.json,4,4,True
3136,ow14-1-r03136,gpt_enriched,enriched,ow14-s0261,2,model-facing/enriched-candidate-snapshots/ow14-s0261.json,4,4,True
3137,ow14-1-r03137,gpt_minimal,minimal,ow14-s0261,3,model-facing/minimal-candidate-snapshots/ow14-s0261.json,4,4,True
3138,ow14-1-r03138,gpt_enriched,enriched,ow14-s0261,3,model-facing/enriched-candidate-snapshots/ow14-s0261.json,4,4,True
3139,ow14-1-r03139,gpt_minimal,minimal,ow14-s0261,4,model-facing/minimal-candidate-snapshots/ow14-s0261.json,4,4,True
3140,ow14-1-r03140,gpt_enriched,enriched,ow14-s0261,4,model-facing/enriched-candidate-snapshots/ow14-s0261.json,4,4,True
3141,ow14-1-r03141,gpt_minimal,minimal,ow14-s0261,5,model-facing/minimal-candidate-snapshots/ow14-s0261.json,4,4,True
3142,ow14-1-r03142,gpt_enriched,enriched,ow14-s0261,5,model-facing/enriched-candidate-snapshots/ow14-s0261.json,4,4,True
3143,ow14-1-r03143,gpt_minimal,minimal,ow14-s0262,1,model-facing/minimal-candidate-snapshots/ow14-s0262.json,4,4,True
3144,ow14-1-r03144,gpt_enriched,enriched,ow14-s0262,1,model-facing/enriched-candidate-snapshots/ow14-s0262.json,4,4,True
3145,ow14-1-r03145,gpt_minimal,minimal,ow14-s0262,2,model-facing/minimal-candidate-snapshots/ow14-s0262.json,4,4,True
3146,ow14-1-r03146,gpt_enriched,enriched,ow14-s0262,2,model-facing/enriched-candidate-snapshots/ow14-s0262.json,4,4,True
3147,ow14-1-r03147,gpt_minimal,minimal,ow14-s0262,3,model-facing/minimal-candidate-snapshots/ow14-s0262.json,4,4,True
3148,ow14-1-r03148,gpt_enriched,enriched,ow14-s0262,3,model-facing/enriched-candidate-snapshots/ow14-s0262.json,4,4,True
3149,ow14-1-r03149,gpt_minimal,minimal,ow14-s0262,4,model-facing/minimal-candidate-snapshots/ow14-s0262.json,4,4,True
3150,ow14-1-r03150,gpt_enriched,enriched,ow14-s0262,4,model-facing/enriched-candidate-snapshots/ow14-s0262.json,4,4,True
3151,ow14-1-r03151,gpt_minimal,minimal,ow14-s0262,5,model-facing/minimal-candidate-snapshots/ow14-s0262.json,4,4,True
3152,ow14-1-r03152,gpt_enriched,enriched,ow14-s0262,5,model-facing/enriched-candidate-snapshots/ow14-s0262.json,4,4,True
3153,ow14-1-r03153,gpt_minimal,minimal,ow14-s0263,1,model-facing/minimal-candidate-snapshots/ow14-s0263.json,4,4,True
3154,ow14-1-r03154,gpt_enriched,enriched,ow14-s0263,1,model-facing/enriched-candidate-snapshots/ow14-s0263.json,4,4,True
3155,ow14-1-r03155,gpt_minimal,minimal,ow14-s0263,2,model-facing/minimal-candidate-snapshots/ow14-s0263.json,4,4,True
3156,ow14-1-r03156,gpt_enriched,enriched,ow14-s0263,2,model-facing/enriched-candidate-snapshots/ow14-s0263.json,4,4,True
3157,ow14-1-r03157,gpt_minimal,minimal,ow14-s0263,3,model-facing/minimal-candidate-snapshots/ow14-s0263.json,4,4,True
3158,ow14-1-r03158,gpt_enriched,enriched,ow14-s0263,3,model-facing/enriched-candidate-snapshots/ow14-s0263.json,4,4,True
3159,ow14-1-r03159,gpt_minimal,minimal,ow14-s0263,4,model-facing/minimal-candidate-snapshots/ow14-s0263.json,4,4,True
3160,ow14-1-r03160,gpt_enriched,enriched,ow14-s0263,4,model-facing/enriched-candidate-snapshots/ow14-s0263.json,4,4,True
3161,ow14-1-r03161,gpt_minimal,minimal,ow14-s0263,5,model-facing/minimal-candidate-snapshots/ow14-s0263.json,4,4,True
3162,ow14-1-r03162,gpt_enriched,enriched,ow14-s0263,5,model-facing/enriched-candidate-snapshots/ow14-s0263.json,4,4,True
3163,ow14-1-r03163,gpt_minimal,minimal,ow14-s0264,1,model-facing/minimal-candidate-snapshots/ow14-s0264.json,4,4,True
3164,ow14-1-r03164,gpt_enriched,enriched,ow14-s0264,1,model-facing/enriched-candidate-snapshots/ow14-s0264.json,4,4,True
3165,ow14-1-r03165,gpt_minimal,minimal,ow14-s0264,2,model-facing/minimal-candidate-snapshots/ow14-s0264.json,4,4,True
3166,ow14-1-r03166,gpt_enriched,enriched,ow14-s0264,2,model-facing/enriched-candidate-snapshots/ow14-s0264.json,4,4,True
3167,ow14-1-r03167,gpt_minimal,minimal,ow14-s0264,3,model-facing/minimal-candidate-snapshots/ow14-s0264.json,4,4,True
3168,ow14-1-r03168,gpt_enriched,enriched,ow14-s0264,3,model-facing/enriched-candidate-snapshots/ow14-s0264.json,4,4,True
3169,ow14-1-r03169,gpt_minimal,minimal,ow14-s0264,4,model-facing/minimal-candidate-snapshots/ow14-s0264.json,4,4,True
3170,ow14-1-r03170,gpt_enriched,enriched,ow14-s0264,4,model-facing/enriched-candidate-snapshots/ow14-s0264.json,4,4,True
3171,ow14-1-r03171,gpt_minimal,minimal,ow14-s0264,5,model-facing/minimal-candidate-snapshots/ow14-s0264.json,4,4,True
3172,ow14-1-r03172,gpt_enriched,enriched,ow14-s0264,5,model-facing/enriched-candidate-snapshots/ow14-s0264.json,4,4,True
3173,ow14-1-r03173,gpt_minimal,minimal,ow14-s0265,1,model-facing/minimal-candidate-snapshots/ow14-s0265.json,4,4,True
3174,ow14-1-r03174,gpt_enriched,enriched,ow14-s0265,1,model-facing/enriched-candidate-snapshots/ow14-s0265.json,4,4,True
3175,ow14-1-r03175,gpt_minimal,minimal,ow14-s0265,2,model-facing/minimal-candidate-snapshots/ow14-s0265.json,4,4,True
3176,ow14-1-r03176,gpt_enriched,enriched,ow14-s0265,2,model-facing/enriched-candidate-snapshots/ow14-s0265.json,4,4,True
3177,ow14-1-r03177,gpt_minimal,minimal,ow14-s0265,3,model-facing/minimal-candidate-snapshots/ow14-s0265.json,4,4,True
3178,ow14-1-r03178,gpt_enriched,enriched,ow14-s0265,3,model-facing/enriched-candidate-snapshots/ow14-s0265.json,4,4,True
3179,ow14-1-r03179,gpt_minimal,minimal,ow14-s0265,4,model-facing/minimal-candidate-snapshots/ow14-s0265.json,4,4,True
3180,ow14-1-r03180,gpt_enriched,enriched,ow14-s0265,4,model-facing/enriched-candidate-snapshots/ow14-s0265.json,4,4,True
3181,ow14-1-r03181,gpt_minimal,minimal,ow14-s0265,5,model-facing/minimal-candidate-snapshots/ow14-s0265.json,4,4,True
3182,ow14-1-r03182,gpt_enriched,enriched,ow14-s0265,5,model-facing/enriched-candidate-snapshots/ow14-s0265.json,4,4,True
3183,ow14-1-r03183,gpt_minimal,minimal,ow14-s0266,1,model-facing/minimal-candidate-snapshots/ow14-s0266.json,4,4,True
3184,ow14-1-r03184,gpt_enriched,enriched,ow14-s0266,1,model-facing/enriched-candidate-snapshots/ow14-s0266.json,4,4,True
3185,ow14-1-r03185,gpt_minimal,minimal,ow14-s0266,2,model-facing/minimal-candidate-snapshots/ow14-s0266.json,4,4,True
3186,ow14-1-r03186,gpt_enriched,enriched,ow14-s0266,2,model-facing/enriched-candidate-snapshots/ow14-s0266.json,4,4,True
3187,ow14-1-r03187,gpt_minimal,minimal,ow14-s0266,3,model-facing/minimal-candidate-snapshots/ow14-s0266.json,4,4,True
3188,ow14-1-r03188,gpt_enriched,enriched,ow14-s0266,3,model-facing/enriched-candidate-snapshots/ow14-s0266.json,4,4,True
3189,ow14-1-r03189,gpt_minimal,minimal,ow14-s0266,4,model-facing/minimal-candidate-snapshots/ow14-s0266.json,4,4,True
3190,ow14-1-r03190,gpt_enriched,enriched,ow14-s0266,4,model-facing/enriched-candidate-snapshots/ow14-s0266.json,4,4,True
3191,ow14-1-r03191,gpt_minimal,minimal,ow14-s0266,5,model-facing/minimal-candidate-snapshots/ow14-s0266.json,4,4,True
3192,ow14-1-r03192,gpt_enriched,enriched,ow14-s0266,5,model-facing/enriched-candidate-snapshots/ow14-s0266.json,4,4,True
3193,ow14-1-r03193,qwen_minimal,minimal,ow14-s0001,1,model-facing/minimal-candidate-snapshots/ow14-s0001.json,4,4,True
3194,ow14-1-r03194,qwen_enriched,enriched,ow14-s0001,1,model-facing/enriched-candidate-snapshots/ow14-s0001.json,4,4,True
3195,ow14-1-r03195,qwen_minimal,minimal,ow14-s0001,2,model-facing/minimal-candidate-snapshots/ow14-s0001.json,4,4,True
3196,ow14-1-r03196,qwen_enriched,enriched,ow14-s0001,2,model-facing/enriched-candidate-snapshots/ow14-s0001.json,4,4,True
3197,ow14-1-r03197,qwen_minimal,minimal,ow14-s0001,3,model-facing/minimal-candidate-snapshots/ow14-s0001.json,4,4,True
3198,ow14-1-r03198,qwen_enriched,enriched,ow14-s0001,3,model-facing/enriched-candidate-snapshots/ow14-s0001.json,4,4,True
3199,ow14-1-r03199,qwen_minimal,minimal,ow14-s0001,4,model-facing/minimal-candidate-snapshots/ow14-s0001.json,4,4,True
3200,ow14-1-r03200,qwen_enriched,enriched,ow14-s0001,4,model-facing/enriched-candidate-snapshots/ow14-s0001.json,4,4,True
3201,ow14-1-r03201,qwen_minimal,minimal,ow14-s0001,5,model-facing/minimal-candidate-snapshots/ow14-s0001.json,4,4,True
3202,ow14-1-r03202,qwen_enriched,enriched,ow14-s0001,5,model-facing/enriched-candidate-snapshots/ow14-s0001.json,4,4,True
3203,ow14-1-r03203,qwen_minimal,minimal,ow14-s0002,1,model-facing/minimal-candidate-snapshots/ow14-s0002.json,4,4,True
3204,ow14-1-r03204,qwen_enriched,enriched,ow14-s0002,1,model-facing/enriched-candidate-snapshots/ow14-s0002.json,4,4,True
3205,ow14-1-r03205,qwen_minimal,minimal,ow14-s0002,2,model-facing/minimal-candidate-snapshots/ow14-s0002.json,4,4,True
3206,ow14-1-r03206,qwen_enriched,enriched,ow14-s0002,2,model-facing/enriched-candidate-snapshots/ow14-s0002.json,4,4,True
3207,ow14-1-r03207,qwen_minimal,minimal,ow14-s0002,3,model-facing/minimal-candidate-snapshots/ow14-s0002.json,4,4,True
3208,ow14-1-r03208,qwen_enriched,enriched,ow14-s0002,3,model-facing/enriched-candidate-snapshots/ow14-s0002.json,4,4,True
3209,ow14-1-r03209,qwen_minimal,minimal,ow14-s0002,4,model-facing/minimal-candidate-snapshots/ow14-s0002.json,4,4,True
3210,ow14-1-r03210,qwen_enriched,enriched,ow14-s0002,4,model-facing/enriched-candidate-snapshots/ow14-s0002.json,4,4,True
3211,ow14-1-r03211,qwen_minimal,minimal,ow14-s0002,5,model-facing/minimal-candidate-snapshots/ow14-s0002.json,4,4,True
3212,ow14-1-r03212,qwen_enriched,enriched,ow14-s0002,5,model-facing/enriched-candidate-snapshots/ow14-s0002.json,4,4,True
3213,ow14-1-r03213,qwen_minimal,minimal,ow14-s0003,1,model-facing/minimal-candidate-snapshots/ow14-s0003.json,4,4,True
3214,ow14-1-r03214,qwen_enriched,enriched,ow14-s0003,1,model-facing/enriched-candidate-snapshots/ow14-s0003.json,4,4,True
3215,ow14-1-r03215,qwen_minimal,minimal,ow14-s0003,2,model-facing/minimal-candidate-snapshots/ow14-s0003.json,4,4,True
3216,ow14-1-r03216,qwen_enriched,enriched,ow14-s0003,2,model-facing/enriched-candidate-snapshots/ow14-s0003.json,4,4,True
3217,ow14-1-r03217,qwen_minimal,minimal,ow14-s0003,3,model-facing/minimal-candidate-snapshots/ow14-s0003.json,4,4,True
3218,ow14-1-r03218,qwen_enriched,enriched,ow14-s0003,3,model-facing/enriched-candidate-snapshots/ow14-s0003.json,4,4,True
3219,ow14-1-r03219,qwen_minimal,minimal,ow14-s0003,4,model-facing/minimal-candidate-snapshots/ow14-s0003.json,4,4,True
3220,ow14-1-r03220,qwen_enriched,enriched,ow14-s0003,4,model-facing/enriched-candidate-snapshots/ow14-s0003.json,4,4,True
3221,ow14-1-r03221,qwen_minimal,minimal,ow14-s0003,5,model-facing/minimal-candidate-snapshots/ow14-s0003.json,4,4,True
3222,ow14-1-r03222,qwen_enriched,enriched,ow14-s0003,5,model-facing/enriched-candidate-snapshots/ow14-s0003.json,4,4,True
3223,ow14-1-r03223,qwen_minimal,minimal,ow14-s0004,1,model-facing/minimal-candidate-snapshots/ow14-s0004.json,4,4,True
3224,ow14-1-r03224,qwen_enriched,enriched,ow14-s0004,1,model-facing/enriched-candidate-snapshots/ow14-s0004.json,4,4,True
3225,ow14-1-r03225,qwen_minimal,minimal,ow14-s0004,2,model-facing/minimal-candidate-snapshots/ow14-s0004.json,4,4,True
3226,ow14-1-r03226,qwen_enriched,enriched,ow14-s0004,2,model-facing/enriched-candidate-snapshots/ow14-s0004.json,4,4,True
3227,ow14-1-r03227,qwen_minimal,minimal,ow14-s0004,3,model-facing/minimal-candidate-snapshots/ow14-s0004.json,4,4,True
3228,ow14-1-r03228,qwen_enriched,enriched,ow14-s0004,3,model-facing/enriched-candidate-snapshots/ow14-s0004.json,4,4,True
3229,ow14-1-r03229,qwen_minimal,minimal,ow14-s0004,4,model-facing/minimal-candidate-snapshots/ow14-s0004.json,4,4,True
3230,ow14-1-r03230,qwen_enriched,enriched,ow14-s0004,4,model-facing/enriched-candidate-snapshots/ow14-s0004.json,4,4,True
3231,ow14-1-r03231,qwen_minimal,minimal,ow14-s0004,5,model-facing/minimal-candidate-snapshots/ow14-s0004.json,4,4,True
3232,ow14-1-r03232,qwen_enriched,enriched,ow14-s0004,5,model-facing/enriched-candidate-snapshots/ow14-s0004.json,4,4,True
3233,ow14-1-r03233,qwen_minimal,minimal,ow14-s0005,1,model-facing/minimal-candidate-snapshots/ow14-s0005.json,4,4,True
3234,ow14-1-r03234,qwen_enriched,enriched,ow14-s0005,1,model-facing/enriched-candidate-snapshots/ow14-s0005.json,4,4,True
3235,ow14-1-r03235,qwen_minimal,minimal,ow14-s0005,2,model-facing/minimal-candidate-snapshots/ow14-s0005.json,4,4,True
3236,ow14-1-r03236,qwen_enriched,enriched,ow14-s0005,2,model-facing/enriched-candidate-snapshots/ow14-s0005.json,4,4,True
3237,ow14-1-r03237,qwen_minimal,minimal,ow14-s0005,3,model-facing/minimal-candidate-snapshots/ow14-s0005.json,4,4,True
3238,ow14-1-r03238,qwen_enriched,enriched,ow14-s0005,3,model-facing/enriched-candidate-snapshots/ow14-s0005.json,4,4,True
3239,ow14-1-r03239,qwen_minimal,minimal,ow14-s0005,4,model-facing/minimal-candidate-snapshots/ow14-s0005.json,4,4,True
3240,ow14-1-r03240,qwen_enriched,enriched,ow14-s0005,4,model-facing/enriched-candidate-snapshots/ow14-s0005.json,4,4,True
3241,ow14-1-r03241,qwen_minimal,minimal,ow14-s0005,5,model-facing/minimal-candidate-snapshots/ow14-s0005.json,4,4,True
3242,ow14-1-r03242,qwen_enriched,enriched,ow14-s0005,5,model-facing/enriched-candidate-snapshots/ow14-s0005.json,4,4,True
3243,ow14-1-r03243,qwen_minimal,minimal,ow14-s0006,1,model-facing/minimal-candidate-snapshots/ow14-s0006.json,4,4,True
3244,ow14-1-r03244,qwen_enriched,enriched,ow14-s0006,1,model-facing/enriched-candidate-snapshots/ow14-s0006.json,4,4,True
3245,ow14-1-r03245,qwen_minimal,minimal,ow14-s0006,2,model-facing/minimal-candidate-snapshots/ow14-s0006.json,4,4,True
3246,ow14-1-r03246,qwen_enriched,enriched,ow14-s0006,2,model-facing/enriched-candidate-snapshots/ow14-s0006.json,4,4,True
3247,ow14-1-r03247,qwen_minimal,minimal,ow14-s0006,3,model-facing/minimal-candidate-snapshots/ow14-s0006.json,4,4,True
3248,ow14-1-r03248,qwen_enriched,enriched,ow14-s0006,3,model-facing/enriched-candidate-snapshots/ow14-s0006.json,4,4,True
3249,ow14-1-r03249,qwen_minimal,minimal,ow14-s0006,4,model-facing/minimal-candidate-snapshots/ow14-s0006.json,4,4,True
3250,ow14-1-r03250,qwen_enriched,enriched,ow14-s0006,4,model-facing/enriched-candidate-snapshots/ow14-s0006.json,4,4,True
3251,ow14-1-r03251,qwen_minimal,minimal,ow14-s0006,5,model-facing/minimal-candidate-snapshots/ow14-s0006.json,4,4,True
3252,ow14-1-r03252,qwen_enriched,enriched,ow14-s0006,5,model-facing/enriched-candidate-snapshots/ow14-s0006.json,4,4,True
3253,ow14-1-r03253,qwen_minimal,minimal,ow14-s0007,1,model-facing/minimal-candidate-snapshots/ow14-s0007.json,4,4,True
3254,ow14-1-r03254,qwen_enriched,enriched,ow14-s0007,1,model-facing/enriched-candidate-snapshots/ow14-s0007.json,4,4,True
3255,ow14-1-r03255,qwen_minimal,minimal,ow14-s0007,2,model-facing/minimal-candidate-snapshots/ow14-s0007.json,4,4,True
3256,ow14-1-r03256,qwen_enriched,enriched,ow14-s0007,2,model-facing/enriched-candidate-snapshots/ow14-s0007.json,4,4,True
3257,ow14-1-r03257,qwen_minimal,minimal,ow14-s0007,3,model-facing/minimal-candidate-snapshots/ow14-s0007.json,4,4,True
3258,ow14-1-r03258,qwen_enriched,enriched,ow14-s0007,3,model-facing/enriched-candidate-snapshots/ow14-s0007.json,4,4,True
3259,ow14-1-r03259,qwen_minimal,minimal,ow14-s0007,4,model-facing/minimal-candidate-snapshots/ow14-s0007.json,4,4,True
3260,ow14-1-r03260,qwen_enriched,enriched,ow14-s0007,4,model-facing/enriched-candidate-snapshots/ow14-s0007.json,4,4,True
3261,ow14-1-r03261,qwen_minimal,minimal,ow14-s0007,5,model-facing/minimal-candidate-snapshots/ow14-s0007.json,4,4,True
3262,ow14-1-r03262,qwen_enriched,enriched,ow14-s0007,5,model-facing/enriched-candidate-snapshots/ow14-s0007.json,4,4,True
3263,ow14-1-r03263,qwen_minimal,minimal,ow14-s0008,1,model-facing/minimal-candidate-snapshots/ow14-s0008.json,4,4,True
3264,ow14-1-r03264,qwen_enriched,enriched,ow14-s0008,1,model-facing/enriched-candidate-snapshots/ow14-s0008.json,4,4,True
3265,ow14-1-r03265,qwen_minimal,minimal,ow14-s0008,2,model-facing/minimal-candidate-snapshots/ow14-s0008.json,4,4,True
3266,ow14-1-r03266,qwen_enriched,enriched,ow14-s0008,2,model-facing/enriched-candidate-snapshots/ow14-s0008.json,4,4,True
3267,ow14-1-r03267,qwen_minimal,minimal,ow14-s0008,3,model-facing/minimal-candidate-snapshots/ow14-s0008.json,4,4,True
3268,ow14-1-r03268,qwen_enriched,enriched,ow14-s0008,3,model-facing/enriched-candidate-snapshots/ow14-s0008.json,4,4,True
3269,ow14-1-r03269,qwen_minimal,minimal,ow14-s0008,4,model-facing/minimal-candidate-snapshots/ow14-s0008.json,4,4,True
3270,ow14-1-r03270,qwen_enriched,enriched,ow14-s0008,4,model-facing/enriched-candidate-snapshots/ow14-s0008.json,4,4,True
3271,ow14-1-r03271,qwen_minimal,minimal,ow14-s0008,5,model-facing/minimal-candidate-snapshots/ow14-s0008.json,4,4,True
3272,ow14-1-r03272,qwen_enriched,enriched,ow14-s0008,5,model-facing/enriched-candidate-snapshots/ow14-s0008.json,4,4,True
3273,ow14-1-r03273,qwen_minimal,minimal,ow14-s0009,1,model-facing/minimal-candidate-snapshots/ow14-s0009.json,4,4,True
3274,ow14-1-r03274,qwen_enriched,enriched,ow14-s0009,1,model-facing/enriched-candidate-snapshots/ow14-s0009.json,4,4,True
3275,ow14-1-r03275,qwen_minimal,minimal,ow14-s0009,2,model-facing/minimal-candidate-snapshots/ow14-s0009.json,4,4,True
3276,ow14-1-r03276,qwen_enriched,enriched,ow14-s0009,2,model-facing/enriched-candidate-snapshots/ow14-s0009.json,4,4,True
3277,ow14-1-r03277,qwen_minimal,minimal,ow14-s0009,3,model-facing/minimal-candidate-snapshots/ow14-s0009.json,4,4,True
3278,ow14-1-r03278,qwen_enriched,enriched,ow14-s0009,3,model-facing/enriched-candidate-snapshots/ow14-s0009.json,4,4,True
3279,ow14-1-r03279,qwen_minimal,minimal,ow14-s0009,4,model-facing/minimal-candidate-snapshots/ow14-s0009.json,4,4,True
3280,ow14-1-r03280,qwen_enriched,enriched,ow14-s0009,4,model-facing/enriched-candidate-snapshots/ow14-s0009.json,4,4,True
3281,ow14-1-r03281,qwen_minimal,minimal,ow14-s0009,5,model-facing/minimal-candidate-snapshots/ow14-s0009.json,4,4,True
3282,ow14-1-r03282,qwen_enriched,enriched,ow14-s0009,5,model-facing/enriched-candidate-snapshots/ow14-s0009.json,4,4,True
3283,ow14-1-r03283,qwen_minimal,minimal,ow14-s0010,1,model-facing/minimal-candidate-snapshots/ow14-s0010.json,4,4,True
3284,ow14-1-r03284,qwen_enriched,enriched,ow14-s0010,1,model-facing/enriched-candidate-snapshots/ow14-s0010.json,4,4,True
3285,ow14-1-r03285,qwen_minimal,minimal,ow14-s0010,2,model-facing/minimal-candidate-snapshots/ow14-s0010.json,4,4,True
3286,ow14-1-r03286,qwen_enriched,enriched,ow14-s0010,2,model-facing/enriched-candidate-snapshots/ow14-s0010.json,4,4,True
3287,ow14-1-r03287,qwen_minimal,minimal,ow14-s0010,3,model-facing/minimal-candidate-snapshots/ow14-s0010.json,4,4,True
3288,ow14-1-r03288,qwen_enriched,enriched,ow14-s0010,3,model-facing/enriched-candidate-snapshots/ow14-s0010.json,4,4,True
3289,ow14-1-r03289,qwen_minimal,minimal,ow14-s0010,4,model-facing/minimal-candidate-snapshots/ow14-s0010.json,4,4,True
3290,ow14-1-r03290,qwen_enriched,enriched,ow14-s0010,4,model-facing/enriched-candidate-snapshots/ow14-s0010.json,4,4,True
3291,ow14-1-r03291,qwen_minimal,minimal,ow14-s0010,5,model-facing/minimal-candidate-snapshots/ow14-s0010.json,4,4,True
3292,ow14-1-r03292,qwen_enriched,enriched,ow14-s0010,5,model-facing/enriched-candidate-snapshots/ow14-s0010.json,4,4,True
3293,ow14-1-r03293,qwen_minimal,minimal,ow14-s0011,1,model-facing/minimal-candidate-snapshots/ow14-s0011.json,4,4,True
3294,ow14-1-r03294,qwen_enriched,enriched,ow14-s0011,1,model-facing/enriched-candidate-snapshots/ow14-s0011.json,4,4,True
3295,ow14-1-r03295,qwen_minimal,minimal,ow14-s0011,2,model-facing/minimal-candidate-snapshots/ow14-s0011.json,4,4,True
3296,ow14-1-r03296,qwen_enriched,enriched,ow14-s0011,2,model-facing/enriched-candidate-snapshots/ow14-s0011.json,4,4,True
3297,ow14-1-r03297,qwen_minimal,minimal,ow14-s0011,3,model-facing/minimal-candidate-snapshots/ow14-s0011.json,4,4,True
3298,ow14-1-r03298,qwen_enriched,enriched,ow14-s0011,3,model-facing/enriched-candidate-snapshots/ow14-s0011.json,4,4,True
3299,ow14-1-r03299,qwen_minimal,minimal,ow14-s0011,4,model-facing/minimal-candidate-snapshots/ow14-s0011.json,4,4,True
3300,ow14-1-r03300,qwen_enriched,enriched,ow14-s0011,4,model-facing/enriched-candidate-snapshots/ow14-s0011.json,4,4,True
3301,ow14-1-r03301,qwen_minimal,minimal,ow14-s0011,5,model-facing/minimal-candidate-snapshots/ow14-s0011.json,4,4,True
3302,ow14-1-r03302,qwen_enriched,enriched,ow14-s0011,5,model-facing/enriched-candidate-snapshots/ow14-s0011.json,4,4,True
3303,ow14-1-r03303,qwen_minimal,minimal,ow14-s0012,1,model-facing/minimal-candidate-snapshots/ow14-s0012.json,4,4,True
3304,ow14-1-r03304,qwen_enriched,enriched,ow14-s0012,1,model-facing/enriched-candidate-snapshots/ow14-s0012.json,4,4,True
3305,ow14-1-r03305,qwen_minimal,minimal,ow14-s0012,2,model-facing/minimal-candidate-snapshots/ow14-s0012.json,4,4,True
3306,ow14-1-r03306,qwen_enriched,enriched,ow14-s0012,2,model-facing/enriched-candidate-snapshots/ow14-s0012.json,4,4,True
3307,ow14-1-r03307,qwen_minimal,minimal,ow14-s0012,3,model-facing/minimal-candidate-snapshots/ow14-s0012.json,4,4,True
3308,ow14-1-r03308,qwen_enriched,enriched,ow14-s0012,3,model-facing/enriched-candidate-snapshots/ow14-s0012.json,4,4,True
3309,ow14-1-r03309,qwen_minimal,minimal,ow14-s0012,4,model-facing/minimal-candidate-snapshots/ow14-s0012.json,4,4,True
3310,ow14-1-r03310,qwen_enriched,enriched,ow14-s0012,4,model-facing/enriched-candidate-snapshots/ow14-s0012.json,4,4,True
3311,ow14-1-r03311,qwen_minimal,minimal,ow14-s0012,5,model-facing/minimal-candidate-snapshots/ow14-s0012.json,4,4,True
3312,ow14-1-r03312,qwen_enriched,enriched,ow14-s0012,5,model-facing/enriched-candidate-snapshots/ow14-s0012.json,4,4,True
3313,ow14-1-r03313,qwen_minimal,minimal,ow14-s0013,1,model-facing/minimal-candidate-snapshots/ow14-s0013.json,4,4,True
3314,ow14-1-r03314,qwen_enriched,enriched,ow14-s0013,1,model-facing/enriched-candidate-snapshots/ow14-s0013.json,4,4,True
3315,ow14-1-r03315,qwen_minimal,minimal,ow14-s0013,2,model-facing/minimal-candidate-snapshots/ow14-s0013.json,4,4,True
3316,ow14-1-r03316,qwen_enriched,enriched,ow14-s0013,2,model-facing/enriched-candidate-snapshots/ow14-s0013.json,4,4,True
3317,ow14-1-r03317,qwen_minimal,minimal,ow14-s0013,3,model-facing/minimal-candidate-snapshots/ow14-s0013.json,4,4,True
3318,ow14-1-r03318,qwen_enriched,enriched,ow14-s0013,3,model-facing/enriched-candidate-snapshots/ow14-s0013.json,4,4,True
3319,ow14-1-r03319,qwen_minimal,minimal,ow14-s0013,4,model-facing/minimal-candidate-snapshots/ow14-s0013.json,4,4,True
3320,ow14-1-r03320,qwen_enriched,enriched,ow14-s0013,4,model-facing/enriched-candidate-snapshots/ow14-s0013.json,4,4,True
3321,ow14-1-r03321,qwen_minimal,minimal,ow14-s0013,5,model-facing/minimal-candidate-snapshots/ow14-s0013.json,4,4,True
3322,ow14-1-r03322,qwen_enriched,enriched,ow14-s0013,5,model-facing/enriched-candidate-snapshots/ow14-s0013.json,4,4,True
3323,ow14-1-r03323,qwen_minimal,minimal,ow14-s0014,1,model-facing/minimal-candidate-snapshots/ow14-s0014.json,4,4,True
3324,ow14-1-r03324,qwen_enriched,enriched,ow14-s0014,1,model-facing/enriched-candidate-snapshots/ow14-s0014.json,4,4,True
3325,ow14-1-r03325,qwen_minimal,minimal,ow14-s0014,2,model-facing/minimal-candidate-snapshots/ow14-s0014.json,4,4,True
3326,ow14-1-r03326,qwen_enriched,enriched,ow14-s0014,2,model-facing/enriched-candidate-snapshots/ow14-s0014.json,4,4,True
3327,ow14-1-r03327,qwen_minimal,minimal,ow14-s0014,3,model-facing/minimal-candidate-snapshots/ow14-s0014.json,4,4,True
3328,ow14-1-r03328,qwen_enriched,enriched,ow14-s0014,3,model-facing/enriched-candidate-snapshots/ow14-s0014.json,4,4,True
3329,ow14-1-r03329,qwen_minimal,minimal,ow14-s0014,4,model-facing/minimal-candidate-snapshots/ow14-s0014.json,4,4,True
3330,ow14-1-r03330,qwen_enriched,enriched,ow14-s0014,4,model-facing/enriched-candidate-snapshots/ow14-s0014.json,4,4,True
3331,ow14-1-r03331,qwen_minimal,minimal,ow14-s0014,5,model-facing/minimal-candidate-snapshots/ow14-s0014.json,4,4,True
3332,ow14-1-r03332,qwen_enriched,enriched,ow14-s0014,5,model-facing/enriched-candidate-snapshots/ow14-s0014.json,4,4,True
3333,ow14-1-r03333,qwen_minimal,minimal,ow14-s0015,1,model-facing/minimal-candidate-snapshots/ow14-s0015.json,4,4,True
3334,ow14-1-r03334,qwen_enriched,enriched,ow14-s0015,1,model-facing/enriched-candidate-snapshots/ow14-s0015.json,4,4,True
3335,ow14-1-r03335,qwen_minimal,minimal,ow14-s0015,2,model-facing/minimal-candidate-snapshots/ow14-s0015.json,4,4,True
3336,ow14-1-r03336,qwen_enriched,enriched,ow14-s0015,2,model-facing/enriched-candidate-snapshots/ow14-s0015.json,4,4,True
3337,ow14-1-r03337,qwen_minimal,minimal,ow14-s0015,3,model-facing/minimal-candidate-snapshots/ow14-s0015.json,4,4,True
3338,ow14-1-r03338,qwen_enriched,enriched,ow14-s0015,3,model-facing/enriched-candidate-snapshots/ow14-s0015.json,4,4,True
3339,ow14-1-r03339,qwen_minimal,minimal,ow14-s0015,4,model-facing/minimal-candidate-snapshots/ow14-s0015.json,4,4,True
3340,ow14-1-r03340,qwen_enriched,enriched,ow14-s0015,4,model-facing/enriched-candidate-snapshots/ow14-s0015.json,4,4,True
3341,ow14-1-r03341,qwen_minimal,minimal,ow14-s0015,5,model-facing/minimal-candidate-snapshots/ow14-s0015.json,4,4,True
3342,ow14-1-r03342,qwen_enriched,enriched,ow14-s0015,5,model-facing/enriched-candidate-snapshots/ow14-s0015.json,4,4,True
3343,ow14-1-r03343,qwen_minimal,minimal,ow14-s0016,1,model-facing/minimal-candidate-snapshots/ow14-s0016.json,4,4,True
3344,ow14-1-r03344,qwen_enriched,enriched,ow14-s0016,1,model-facing/enriched-candidate-snapshots/ow14-s0016.json,4,4,True
3345,ow14-1-r03345,qwen_minimal,minimal,ow14-s0016,2,model-facing/minimal-candidate-snapshots/ow14-s0016.json,4,4,True
3346,ow14-1-r03346,qwen_enriched,enriched,ow14-s0016,2,model-facing/enriched-candidate-snapshots/ow14-s0016.json,4,4,True
3347,ow14-1-r03347,qwen_minimal,minimal,ow14-s0016,3,model-facing/minimal-candidate-snapshots/ow14-s0016.json,4,4,True
3348,ow14-1-r03348,qwen_enriched,enriched,ow14-s0016,3,model-facing/enriched-candidate-snapshots/ow14-s0016.json,4,4,True
3349,ow14-1-r03349,qwen_minimal,minimal,ow14-s0016,4,model-facing/minimal-candidate-snapshots/ow14-s0016.json,4,4,True
3350,ow14-1-r03350,qwen_enriched,enriched,ow14-s0016,4,model-facing/enriched-candidate-snapshots/ow14-s0016.json,4,4,True
3351,ow14-1-r03351,qwen_minimal,minimal,ow14-s0016,5,model-facing/minimal-candidate-snapshots/ow14-s0016.json,4,4,True
3352,ow14-1-r03352,qwen_enriched,enriched,ow14-s0016,5,model-facing/enriched-candidate-snapshots/ow14-s0016.json,4,4,True
3353,ow14-1-r03353,qwen_minimal,minimal,ow14-s0017,1,model-facing/minimal-candidate-snapshots/ow14-s0017.json,4,4,True
3354,ow14-1-r03354,qwen_enriched,enriched,ow14-s0017,1,model-facing/enriched-candidate-snapshots/ow14-s0017.json,4,4,True
3355,ow14-1-r03355,qwen_minimal,minimal,ow14-s0017,2,model-facing/minimal-candidate-snapshots/ow14-s0017.json,4,4,True
3356,ow14-1-r03356,qwen_enriched,enriched,ow14-s0017,2,model-facing/enriched-candidate-snapshots/ow14-s0017.json,4,4,True
3357,ow14-1-r03357,qwen_minimal,minimal,ow14-s0017,3,model-facing/minimal-candidate-snapshots/ow14-s0017.json,4,4,True
3358,ow14-1-r03358,qwen_enriched,enriched,ow14-s0017,3,model-facing/enriched-candidate-snapshots/ow14-s0017.json,4,4,True
3359,ow14-1-r03359,qwen_minimal,minimal,ow14-s0017,4,model-facing/minimal-candidate-snapshots/ow14-s0017.json,4,4,True
3360,ow14-1-r03360,qwen_enriched,enriched,ow14-s0017,4,model-facing/enriched-candidate-snapshots/ow14-s0017.json,4,4,True
3361,ow14-1-r03361,qwen_minimal,minimal,ow14-s0017,5,model-facing/minimal-candidate-snapshots/ow14-s0017.json,4,4,True
3362,ow14-1-r03362,qwen_enriched,enriched,ow14-s0017,5,model-facing/enriched-candidate-snapshots/ow14-s0017.json,4,4,True
3363,ow14-1-r03363,qwen_minimal,minimal,ow14-s0018,1,model-facing/minimal-candidate-snapshots/ow14-s0018.json,4,4,True
3364,ow14-1-r03364,qwen_enriched,enriched,ow14-s0018,1,model-facing/enriched-candidate-snapshots/ow14-s0018.json,4,4,True
3365,ow14-1-r03365,qwen_minimal,minimal,ow14-s0018,2,model-facing/minimal-candidate-snapshots/ow14-s0018.json,4,4,True
3366,ow14-1-r03366,qwen_enriched,enriched,ow14-s0018,2,model-facing/enriched-candidate-snapshots/ow14-s0018.json,4,4,True
3367,ow14-1-r03367,qwen_minimal,minimal,ow14-s0018,3,model-facing/minimal-candidate-snapshots/ow14-s0018.json,4,4,True
3368,ow14-1-r03368,qwen_enriched,enriched,ow14-s0018,3,model-facing/enriched-candidate-snapshots/ow14-s0018.json,4,4,True
3369,ow14-1-r03369,qwen_minimal,minimal,ow14-s0018,4,model-facing/minimal-candidate-snapshots/ow14-s0018.json,4,4,True
3370,ow14-1-r03370,qwen_enriched,enriched,ow14-s0018,4,model-facing/enriched-candidate-snapshots/ow14-s0018.json,4,4,True
3371,ow14-1-r03371,qwen_minimal,minimal,ow14-s0018,5,model-facing/minimal-candidate-snapshots/ow14-s0018.json,4,4,True
3372,ow14-1-r03372,qwen_enriched,enriched,ow14-s0018,5,model-facing/enriched-candidate-snapshots/ow14-s0018.json,4,4,True
3373,ow14-1-r03373,qwen_minimal,minimal,ow14-s0019,1,model-facing/minimal-candidate-snapshots/ow14-s0019.json,4,4,True
3374,ow14-1-r03374,qwen_enriched,enriched,ow14-s0019,1,model-facing/enriched-candidate-snapshots/ow14-s0019.json,4,4,True
3375,ow14-1-r03375,qwen_minimal,minimal,ow14-s0019,2,model-facing/minimal-candidate-snapshots/ow14-s0019.json,4,4,True
3376,ow14-1-r03376,qwen_enriched,enriched,ow14-s0019,2,model-facing/enriched-candidate-snapshots/ow14-s0019.json,4,4,True
3377,ow14-1-r03377,qwen_minimal,minimal,ow14-s0019,3,model-facing/minimal-candidate-snapshots/ow14-s0019.json,4,4,True
3378,ow14-1-r03378,qwen_enriched,enriched,ow14-s0019,3,model-facing/enriched-candidate-snapshots/ow14-s0019.json,4,4,True
3379,ow14-1-r03379,qwen_minimal,minimal,ow14-s0019,4,model-facing/minimal-candidate-snapshots/ow14-s0019.json,4,4,True
3380,ow14-1-r03380,qwen_enriched,enriched,ow14-s0019,4,model-facing/enriched-candidate-snapshots/ow14-s0019.json,4,4,True
3381,ow14-1-r03381,qwen_minimal,minimal,ow14-s0019,5,model-facing/minimal-candidate-snapshots/ow14-s0019.json,4,4,True
3382,ow14-1-r03382,qwen_enriched,enriched,ow14-s0019,5,model-facing/enriched-candidate-snapshots/ow14-s0019.json,4,4,True
3383,ow14-1-r03383,qwen_minimal,minimal,ow14-s0020,1,model-facing/minimal-candidate-snapshots/ow14-s0020.json,4,4,True
3384,ow14-1-r03384,qwen_enriched,enriched,ow14-s0020,1,model-facing/enriched-candidate-snapshots/ow14-s0020.json,4,4,True
3385,ow14-1-r03385,qwen_minimal,minimal,ow14-s0020,2,model-facing/minimal-candidate-snapshots/ow14-s0020.json,4,4,True
3386,ow14-1-r03386,qwen_enriched,enriched,ow14-s0020,2,model-facing/enriched-candidate-snapshots/ow14-s0020.json,4,4,True
3387,ow14-1-r03387,qwen_minimal,minimal,ow14-s0020,3,model-facing/minimal-candidate-snapshots/ow14-s0020.json,4,4,True
3388,ow14-1-r03388,qwen_enriched,enriched,ow14-s0020,3,model-facing/enriched-candidate-snapshots/ow14-s0020.json,4,4,True
3389,ow14-1-r03389,qwen_minimal,minimal,ow14-s0020,4,model-facing/minimal-candidate-snapshots/ow14-s0020.json,4,4,True
3390,ow14-1-r03390,qwen_enriched,enriched,ow14-s0020,4,model-facing/enriched-candidate-snapshots/ow14-s0020.json,4,4,True
3391,ow14-1-r03391,qwen_minimal,minimal,ow14-s0020,5,model-facing/minimal-candidate-snapshots/ow14-s0020.json,4,4,True
3392,ow14-1-r03392,qwen_enriched,enriched,ow14-s0020,5,model-facing/enriched-candidate-snapshots/ow14-s0020.json,4,4,True
3393,ow14-1-r03393,qwen_minimal,minimal,ow14-s0021,1,model-facing/minimal-candidate-snapshots/ow14-s0021.json,4,4,True
3394,ow14-1-r03394,qwen_enriched,enriched,ow14-s0021,1,model-facing/enriched-candidate-snapshots/ow14-s0021.json,4,4,True
3395,ow14-1-r03395,qwen_minimal,minimal,ow14-s0021,2,model-facing/minimal-candidate-snapshots/ow14-s0021.json,4,4,True
3396,ow14-1-r03396,qwen_enriched,enriched,ow14-s0021,2,model-facing/enriched-candidate-snapshots/ow14-s0021.json,4,4,True
3397,ow14-1-r03397,qwen_minimal,minimal,ow14-s0021,3,model-facing/minimal-candidate-snapshots/ow14-s0021.json,4,4,True
3398,ow14-1-r03398,qwen_enriched,enriched,ow14-s0021,3,model-facing/enriched-candidate-snapshots/ow14-s0021.json,4,4,True
3399,ow14-1-r03399,qwen_minimal,minimal,ow14-s0021,4,model-facing/minimal-candidate-snapshots/ow14-s0021.json,4,4,True
3400,ow14-1-r03400,qwen_enriched,enriched,ow14-s0021,4,model-facing/enriched-candidate-snapshots/ow14-s0021.json,4,4,True
3401,ow14-1-r03401,qwen_minimal,minimal,ow14-s0021,5,model-facing/minimal-candidate-snapshots/ow14-s0021.json,4,4,True
3402,ow14-1-r03402,qwen_enriched,enriched,ow14-s0021,5,model-facing/enriched-candidate-snapshots/ow14-s0021.json,4,4,True
3403,ow14-1-r03403,qwen_minimal,minimal,ow14-s0022,1,model-facing/minimal-candidate-snapshots/ow14-s0022.json,4,4,True
3404,ow14-1-r03404,qwen_enriched,enriched,ow14-s0022,1,model-facing/enriched-candidate-snapshots/ow14-s0022.json,4,4,True
3405,ow14-1-r03405,qwen_minimal,minimal,ow14-s0022,2,model-facing/minimal-candidate-snapshots/ow14-s0022.json,4,4,True
3406,ow14-1-r03406,qwen_enriched,enriched,ow14-s0022,2,model-facing/enriched-candidate-snapshots/ow14-s0022.json,4,4,True
3407,ow14-1-r03407,qwen_minimal,minimal,ow14-s0022,3,model-facing/minimal-candidate-snapshots/ow14-s0022.json,4,4,True
3408,ow14-1-r03408,qwen_enriched,enriched,ow14-s0022,3,model-facing/enriched-candidate-snapshots/ow14-s0022.json,4,4,True
3409,ow14-1-r03409,qwen_minimal,minimal,ow14-s0022,4,model-facing/minimal-candidate-snapshots/ow14-s0022.json,4,4,True
3410,ow14-1-r03410,qwen_enriched,enriched,ow14-s0022,4,model-facing/enriched-candidate-snapshots/ow14-s0022.json,4,4,True
3411,ow14-1-r03411,qwen_minimal,minimal,ow14-s0022,5,model-facing/minimal-candidate-snapshots/ow14-s0022.json,4,4,True
3412,ow14-1-r03412,qwen_enriched,enriched,ow14-s0022,5,model-facing/enriched-candidate-snapshots/ow14-s0022.json,4,4,True
3413,ow14-1-r03413,qwen_minimal,minimal,ow14-s0023,1,model-facing/minimal-candidate-snapshots/ow14-s0023.json,4,4,True
3414,ow14-1-r03414,qwen_enriched,enriched,ow14-s0023,1,model-facing/enriched-candidate-snapshots/ow14-s0023.json,4,4,True
3415,ow14-1-r03415,qwen_minimal,minimal,ow14-s0023,2,model-facing/minimal-candidate-snapshots/ow14-s0023.json,4,4,True
3416,ow14-1-r03416,qwen_enriched,enriched,ow14-s0023,2,model-facing/enriched-candidate-snapshots/ow14-s0023.json,4,4,True
3417,ow14-1-r03417,qwen_minimal,minimal,ow14-s0023,3,model-facing/minimal-candidate-snapshots/ow14-s0023.json,4,4,True
3418,ow14-1-r03418,qwen_enriched,enriched,ow14-s0023,3,model-facing/enriched-candidate-snapshots/ow14-s0023.json,4,4,True
3419,ow14-1-r03419,qwen_minimal,minimal,ow14-s0023,4,model-facing/minimal-candidate-snapshots/ow14-s0023.json,4,4,True
3420,ow14-1-r03420,qwen_enriched,enriched,ow14-s0023,4,model-facing/enriched-candidate-snapshots/ow14-s0023.json,4,4,True
3421,ow14-1-r03421,qwen_minimal,minimal,ow14-s0023,5,model-facing/minimal-candidate-snapshots/ow14-s0023.json,4,4,True
3422,ow14-1-r03422,qwen_enriched,enriched,ow14-s0023,5,model-facing/enriched-candidate-snapshots/ow14-s0023.json,4,4,True
3423,ow14-1-r03423,qwen_minimal,minimal,ow14-s0024,1,model-facing/minimal-candidate-snapshots/ow14-s0024.json,4,4,True
3424,ow14-1-r03424,qwen_enriched,enriched,ow14-s0024,1,model-facing/enriched-candidate-snapshots/ow14-s0024.json,4,4,True
3425,ow14-1-r03425,qwen_minimal,minimal,ow14-s0024,2,model-facing/minimal-candidate-snapshots/ow14-s0024.json,4,4,True
3426,ow14-1-r03426,qwen_enriched,enriched,ow14-s0024,2,model-facing/enriched-candidate-snapshots/ow14-s0024.json,4,4,True
3427,ow14-1-r03427,qwen_minimal,minimal,ow14-s0024,3,model-facing/minimal-candidate-snapshots/ow14-s0024.json,4,4,True
3428,ow14-1-r03428,qwen_enriched,enriched,ow14-s0024,3,model-facing/enriched-candidate-snapshots/ow14-s0024.json,4,4,True
3429,ow14-1-r03429,qwen_minimal,minimal,ow14-s0024,4,model-facing/minimal-candidate-snapshots/ow14-s0024.json,4,4,True
3430,ow14-1-r03430,qwen_enriched,enriched,ow14-s0024,4,model-facing/enriched-candidate-snapshots/ow14-s0024.json,4,4,True
3431,ow14-1-r03431,qwen_minimal,minimal,ow14-s0024,5,model-facing/minimal-candidate-snapshots/ow14-s0024.json,4,4,True
3432,ow14-1-r03432,qwen_enriched,enriched,ow14-s0024,5,model-facing/enriched-candidate-snapshots/ow14-s0024.json,4,4,True
3433,ow14-1-r03433,qwen_minimal,minimal,ow14-s0025,1,model-facing/minimal-candidate-snapshots/ow14-s0025.json,4,4,True
3434,ow14-1-r03434,qwen_enriched,enriched,ow14-s0025,1,model-facing/enriched-candidate-snapshots/ow14-s0025.json,4,4,True
3435,ow14-1-r03435,qwen_minimal,minimal,ow14-s0025,2,model-facing/minimal-candidate-snapshots/ow14-s0025.json,4,4,True
3436,ow14-1-r03436,qwen_enriched,enriched,ow14-s0025,2,model-facing/enriched-candidate-snapshots/ow14-s0025.json,4,4,True
3437,ow14-1-r03437,qwen_minimal,minimal,ow14-s0025,3,model-facing/minimal-candidate-snapshots/ow14-s0025.json,4,4,True
3438,ow14-1-r03438,qwen_enriched,enriched,ow14-s0025,3,model-facing/enriched-candidate-snapshots/ow14-s0025.json,4,4,True
3439,ow14-1-r03439,qwen_minimal,minimal,ow14-s0025,4,model-facing/minimal-candidate-snapshots/ow14-s0025.json,4,4,True
3440,ow14-1-r03440,qwen_enriched,enriched,ow14-s0025,4,model-facing/enriched-candidate-snapshots/ow14-s0025.json,4,4,True
3441,ow14-1-r03441,qwen_minimal,minimal,ow14-s0025,5,model-facing/minimal-candidate-snapshots/ow14-s0025.json,4,4,True
3442,ow14-1-r03442,qwen_enriched,enriched,ow14-s0025,5,model-facing/enriched-candidate-snapshots/ow14-s0025.json,4,4,True
3443,ow14-1-r03443,qwen_minimal,minimal,ow14-s0026,1,model-facing/minimal-candidate-snapshots/ow14-s0026.json,4,4,True
3444,ow14-1-r03444,qwen_enriched,enriched,ow14-s0026,1,model-facing/enriched-candidate-snapshots/ow14-s0026.json,4,4,True
3445,ow14-1-r03445,qwen_minimal,minimal,ow14-s0026,2,model-facing/minimal-candidate-snapshots/ow14-s0026.json,4,4,True
3446,ow14-1-r03446,qwen_enriched,enriched,ow14-s0026,2,model-facing/enriched-candidate-snapshots/ow14-s0026.json,4,4,True
3447,ow14-1-r03447,qwen_minimal,minimal,ow14-s0026,3,model-facing/minimal-candidate-snapshots/ow14-s0026.json,4,4,True
3448,ow14-1-r03448,qwen_enriched,enriched,ow14-s0026,3,model-facing/enriched-candidate-snapshots/ow14-s0026.json,4,4,True
3449,ow14-1-r03449,qwen_minimal,minimal,ow14-s0026,4,model-facing/minimal-candidate-snapshots/ow14-s0026.json,4,4,True
3450,ow14-1-r03450,qwen_enriched,enriched,ow14-s0026,4,model-facing/enriched-candidate-snapshots/ow14-s0026.json,4,4,True
3451,ow14-1-r03451,qwen_minimal,minimal,ow14-s0026,5,model-facing/minimal-candidate-snapshots/ow14-s0026.json,4,4,True
3452,ow14-1-r03452,qwen_enriched,enriched,ow14-s0026,5,model-facing/enriched-candidate-snapshots/ow14-s0026.json,4,4,True
3453,ow14-1-r03453,qwen_minimal,minimal,ow14-s0027,1,model-facing/minimal-candidate-snapshots/ow14-s0027.json,4,4,True
3454,ow14-1-r03454,qwen_enriched,enriched,ow14-s0027,1,model-facing/enriched-candidate-snapshots/ow14-s0027.json,4,4,True
3455,ow14-1-r03455,qwen_minimal,minimal,ow14-s0027,2,model-facing/minimal-candidate-snapshots/ow14-s0027.json,4,4,True
3456,ow14-1-r03456,qwen_enriched,enriched,ow14-s0027,2,model-facing/enriched-candidate-snapshots/ow14-s0027.json,4,4,True
3457,ow14-1-r03457,qwen_minimal,minimal,ow14-s0027,3,model-facing/minimal-candidate-snapshots/ow14-s0027.json,4,4,True
3458,ow14-1-r03458,qwen_enriched,enriched,ow14-s0027,3,model-facing/enriched-candidate-snapshots/ow14-s0027.json,4,4,True
3459,ow14-1-r03459,qwen_minimal,minimal,ow14-s0027,4,model-facing/minimal-candidate-snapshots/ow14-s0027.json,4,4,True
3460,ow14-1-r03460,qwen_enriched,enriched,ow14-s0027,4,model-facing/enriched-candidate-snapshots/ow14-s0027.json,4,4,True
3461,ow14-1-r03461,qwen_minimal,minimal,ow14-s0027,5,model-facing/minimal-candidate-snapshots/ow14-s0027.json,4,4,True
3462,ow14-1-r03462,qwen_enriched,enriched,ow14-s0027,5,model-facing/enriched-candidate-snapshots/ow14-s0027.json,4,4,True
3463,ow14-1-r03463,qwen_minimal,minimal,ow14-s0028,1,model-facing/minimal-candidate-snapshots/ow14-s0028.json,4,4,True
3464,ow14-1-r03464,qwen_enriched,enriched,ow14-s0028,1,model-facing/enriched-candidate-snapshots/ow14-s0028.json,4,4,True
3465,ow14-1-r03465,qwen_minimal,minimal,ow14-s0028,2,model-facing/minimal-candidate-snapshots/ow14-s0028.json,4,4,True
3466,ow14-1-r03466,qwen_enriched,enriched,ow14-s0028,2,model-facing/enriched-candidate-snapshots/ow14-s0028.json,4,4,True
3467,ow14-1-r03467,qwen_minimal,minimal,ow14-s0028,3,model-facing/minimal-candidate-snapshots/ow14-s0028.json,4,4,True
3468,ow14-1-r03468,qwen_enriched,enriched,ow14-s0028,3,model-facing/enriched-candidate-snapshots/ow14-s0028.json,4,4,True
3469,ow14-1-r03469,qwen_minimal,minimal,ow14-s0028,4,model-facing/minimal-candidate-snapshots/ow14-s0028.json,4,4,True
3470,ow14-1-r03470,qwen_enriched,enriched,ow14-s0028,4,model-facing/enriched-candidate-snapshots/ow14-s0028.json,4,4,True
3471,ow14-1-r03471,qwen_minimal,minimal,ow14-s0028,5,model-facing/minimal-candidate-snapshots/ow14-s0028.json,4,4,True
3472,ow14-1-r03472,qwen_enriched,enriched,ow14-s0028,5,model-facing/enriched-candidate-snapshots/ow14-s0028.json,4,4,True
3473,ow14-1-r03473,qwen_minimal,minimal,ow14-s0029,1,model-facing/minimal-candidate-snapshots/ow14-s0029.json,4,4,True
3474,ow14-1-r03474,qwen_enriched,enriched,ow14-s0029,1,model-facing/enriched-candidate-snapshots/ow14-s0029.json,4,4,True
3475,ow14-1-r03475,qwen_minimal,minimal,ow14-s0029,2,model-facing/minimal-candidate-snapshots/ow14-s0029.json,4,4,True
3476,ow14-1-r03476,qwen_enriched,enriched,ow14-s0029,2,model-facing/enriched-candidate-snapshots/ow14-s0029.json,4,4,True
3477,ow14-1-r03477,qwen_minimal,minimal,ow14-s0029,3,model-facing/minimal-candidate-snapshots/ow14-s0029.json,4,4,True
3478,ow14-1-r03478,qwen_enriched,enriched,ow14-s0029,3,model-facing/enriched-candidate-snapshots/ow14-s0029.json,4,4,True
3479,ow14-1-r03479,qwen_minimal,minimal,ow14-s0029,4,model-facing/minimal-candidate-snapshots/ow14-s0029.json,4,4,True
3480,ow14-1-r03480,qwen_enriched,enriched,ow14-s0029,4,model-facing/enriched-candidate-snapshots/ow14-s0029.json,4,4,True
3481,ow14-1-r03481,qwen_minimal,minimal,ow14-s0029,5,model-facing/minimal-candidate-snapshots/ow14-s0029.json,4,4,True
3482,ow14-1-r03482,qwen_enriched,enriched,ow14-s0029,5,model-facing/enriched-candidate-snapshots/ow14-s0029.json,4,4,True
3483,ow14-1-r03483,qwen_minimal,minimal,ow14-s0030,1,model-facing/minimal-candidate-snapshots/ow14-s0030.json,4,4,True
3484,ow14-1-r03484,qwen_enriched,enriched,ow14-s0030,1,model-facing/enriched-candidate-snapshots/ow14-s0030.json,4,4,True
3485,ow14-1-r03485,qwen_minimal,minimal,ow14-s0030,2,model-facing/minimal-candidate-snapshots/ow14-s0030.json,4,4,True
3486,ow14-1-r03486,qwen_enriched,enriched,ow14-s0030,2,model-facing/enriched-candidate-snapshots/ow14-s0030.json,4,4,True
3487,ow14-1-r03487,qwen_minimal,minimal,ow14-s0030,3,model-facing/minimal-candidate-snapshots/ow14-s0030.json,4,4,True
3488,ow14-1-r03488,qwen_enriched,enriched,ow14-s0030,3,model-facing/enriched-candidate-snapshots/ow14-s0030.json,4,4,True
3489,ow14-1-r03489,qwen_minimal,minimal,ow14-s0030,4,model-facing/minimal-candidate-snapshots/ow14-s0030.json,4,4,True
3490,ow14-1-r03490,qwen_enriched,enriched,ow14-s0030,4,model-facing/enriched-candidate-snapshots/ow14-s0030.json,4,4,True
3491,ow14-1-r03491,qwen_minimal,minimal,ow14-s0030,5,model-facing/minimal-candidate-snapshots/ow14-s0030.json,4,4,True
3492,ow14-1-r03492,qwen_enriched,enriched,ow14-s0030,5,model-facing/enriched-candidate-snapshots/ow14-s0030.json,4,4,True
3493,ow14-1-r03493,qwen_minimal,minimal,ow14-s0031,1,model-facing/minimal-candidate-snapshots/ow14-s0031.json,4,4,True
3494,ow14-1-r03494,qwen_enriched,enriched,ow14-s0031,1,model-facing/enriched-candidate-snapshots/ow14-s0031.json,4,4,True
3495,ow14-1-r03495,qwen_minimal,minimal,ow14-s0031,2,model-facing/minimal-candidate-snapshots/ow14-s0031.json,4,4,True
3496,ow14-1-r03496,qwen_enriched,enriched,ow14-s0031,2,model-facing/enriched-candidate-snapshots/ow14-s0031.json,4,4,True
3497,ow14-1-r03497,qwen_minimal,minimal,ow14-s0031,3,model-facing/minimal-candidate-snapshots/ow14-s0031.json,4,4,True
3498,ow14-1-r03498,qwen_enriched,enriched,ow14-s0031,3,model-facing/enriched-candidate-snapshots/ow14-s0031.json,4,4,True
3499,ow14-1-r03499,qwen_minimal,minimal,ow14-s0031,4,model-facing/minimal-candidate-snapshots/ow14-s0031.json,4,4,True
3500,ow14-1-r03500,qwen_enriched,enriched,ow14-s0031,4,model-facing/enriched-candidate-snapshots/ow14-s0031.json,4,4,True
3501,ow14-1-r03501,qwen_minimal,minimal,ow14-s0031,5,model-facing/minimal-candidate-snapshots/ow14-s0031.json,4,4,True
3502,ow14-1-r03502,qwen_enriched,enriched,ow14-s0031,5,model-facing/enriched-candidate-snapshots/ow14-s0031.json,4,4,True
3503,ow14-1-r03503,qwen_minimal,minimal,ow14-s0032,1,model-facing/minimal-candidate-snapshots/ow14-s0032.json,4,4,True
3504,ow14-1-r03504,qwen_enriched,enriched,ow14-s0032,1,model-facing/enriched-candidate-snapshots/ow14-s0032.json,4,4,True
3505,ow14-1-r03505,qwen_minimal,minimal,ow14-s0032,2,model-facing/minimal-candidate-snapshots/ow14-s0032.json,4,4,True
3506,ow14-1-r03506,qwen_enriched,enriched,ow14-s0032,2,model-facing/enriched-candidate-snapshots/ow14-s0032.json,4,4,True
3507,ow14-1-r03507,qwen_minimal,minimal,ow14-s0032,3,model-facing/minimal-candidate-snapshots/ow14-s0032.json,4,4,True
3508,ow14-1-r03508,qwen_enriched,enriched,ow14-s0032,3,model-facing/enriched-candidate-snapshots/ow14-s0032.json,4,4,True
3509,ow14-1-r03509,qwen_minimal,minimal,ow14-s0032,4,model-facing/minimal-candidate-snapshots/ow14-s0032.json,4,4,True
3510,ow14-1-r03510,qwen_enriched,enriched,ow14-s0032,4,model-facing/enriched-candidate-snapshots/ow14-s0032.json,4,4,True
3511,ow14-1-r03511,qwen_minimal,minimal,ow14-s0032,5,model-facing/minimal-candidate-snapshots/ow14-s0032.json,4,4,True
3512,ow14-1-r03512,qwen_enriched,enriched,ow14-s0032,5,model-facing/enriched-candidate-snapshots/ow14-s0032.json,4,4,True
3513,ow14-1-r03513,qwen_minimal,minimal,ow14-s0033,1,model-facing/minimal-candidate-snapshots/ow14-s0033.json,4,4,True
3514,ow14-1-r03514,qwen_enriched,enriched,ow14-s0033,1,model-facing/enriched-candidate-snapshots/ow14-s0033.json,4,4,True
3515,ow14-1-r03515,qwen_minimal,minimal,ow14-s0033,2,model-facing/minimal-candidate-snapshots/ow14-s0033.json,4,4,True
3516,ow14-1-r03516,qwen_enriched,enriched,ow14-s0033,2,model-facing/enriched-candidate-snapshots/ow14-s0033.json,4,4,True
3517,ow14-1-r03517,qwen_minimal,minimal,ow14-s0033,3,model-facing/minimal-candidate-snapshots/ow14-s0033.json,4,4,True
3518,ow14-1-r03518,qwen_enriched,enriched,ow14-s0033,3,model-facing/enriched-candidate-snapshots/ow14-s0033.json,4,4,True
3519,ow14-1-r03519,qwen_minimal,minimal,ow14-s0033,4,model-facing/minimal-candidate-snapshots/ow14-s0033.json,4,4,True
3520,ow14-1-r03520,qwen_enriched,enriched,ow14-s0033,4,model-facing/enriched-candidate-snapshots/ow14-s0033.json,4,4,True
3521,ow14-1-r03521,qwen_minimal,minimal,ow14-s0033,5,model-facing/minimal-candidate-snapshots/ow14-s0033.json,4,4,True
3522,ow14-1-r03522,qwen_enriched,enriched,ow14-s0033,5,model-facing/enriched-candidate-snapshots/ow14-s0033.json,4,4,True
3523,ow14-1-r03523,qwen_minimal,minimal,ow14-s0034,1,model-facing/minimal-candidate-snapshots/ow14-s0034.json,4,4,True
3524,ow14-1-r03524,qwen_enriched,enriched,ow14-s0034,1,model-facing/enriched-candidate-snapshots/ow14-s0034.json,4,4,True
3525,ow14-1-r03525,qwen_minimal,minimal,ow14-s0034,2,model-facing/minimal-candidate-snapshots/ow14-s0034.json,4,4,True
3526,ow14-1-r03526,qwen_enriched,enriched,ow14-s0034,2,model-facing/enriched-candidate-snapshots/ow14-s0034.json,4,4,True
3527,ow14-1-r03527,qwen_minimal,minimal,ow14-s0034,3,model-facing/minimal-candidate-snapshots/ow14-s0034.json,4,4,True
3528,ow14-1-r03528,qwen_enriched,enriched,ow14-s0034,3,model-facing/enriched-candidate-snapshots/ow14-s0034.json,4,4,True
3529,ow14-1-r03529,qwen_minimal,minimal,ow14-s0034,4,model-facing/minimal-candidate-snapshots/ow14-s0034.json,4,4,True
3530,ow14-1-r03530,qwen_enriched,enriched,ow14-s0034,4,model-facing/enriched-candidate-snapshots/ow14-s0034.json,4,4,True
3531,ow14-1-r03531,qwen_minimal,minimal,ow14-s0034,5,model-facing/minimal-candidate-snapshots/ow14-s0034.json,4,4,True
3532,ow14-1-r03532,qwen_enriched,enriched,ow14-s0034,5,model-facing/enriched-candidate-snapshots/ow14-s0034.json,4,4,True
3533,ow14-1-r03533,qwen_minimal,minimal,ow14-s0035,1,model-facing/minimal-candidate-snapshots/ow14-s0035.json,4,4,True
3534,ow14-1-r03534,qwen_enriched,enriched,ow14-s0035,1,model-facing/enriched-candidate-snapshots/ow14-s0035.json,4,4,True
3535,ow14-1-r03535,qwen_minimal,minimal,ow14-s0035,2,model-facing/minimal-candidate-snapshots/ow14-s0035.json,4,4,True
3536,ow14-1-r03536,qwen_enriched,enriched,ow14-s0035,2,model-facing/enriched-candidate-snapshots/ow14-s0035.json,4,4,True
3537,ow14-1-r03537,qwen_minimal,minimal,ow14-s0035,3,model-facing/minimal-candidate-snapshots/ow14-s0035.json,4,4,True
3538,ow14-1-r03538,qwen_enriched,enriched,ow14-s0035,3,model-facing/enriched-candidate-snapshots/ow14-s0035.json,4,4,True
3539,ow14-1-r03539,qwen_minimal,minimal,ow14-s0035,4,model-facing/minimal-candidate-snapshots/ow14-s0035.json,4,4,True
3540,ow14-1-r03540,qwen_enriched,enriched,ow14-s0035,4,model-facing/enriched-candidate-snapshots/ow14-s0035.json,4,4,True
3541,ow14-1-r03541,qwen_minimal,minimal,ow14-s0035,5,model-facing/minimal-candidate-snapshots/ow14-s0035.json,4,4,True
3542,ow14-1-r03542,qwen_enriched,enriched,ow14-s0035,5,model-facing/enriched-candidate-snapshots/ow14-s0035.json,4,4,True
3543,ow14-1-r03543,qwen_minimal,minimal,ow14-s0036,1,model-facing/minimal-candidate-snapshots/ow14-s0036.json,4,4,True
3544,ow14-1-r03544,qwen_enriched,enriched,ow14-s0036,1,model-facing/enriched-candidate-snapshots/ow14-s0036.json,4,4,True
3545,ow14-1-r03545,qwen_minimal,minimal,ow14-s0036,2,model-facing/minimal-candidate-snapshots/ow14-s0036.json,4,4,True
3546,ow14-1-r03546,qwen_enriched,enriched,ow14-s0036,2,model-facing/enriched-candidate-snapshots/ow14-s0036.json,4,4,True
3547,ow14-1-r03547,qwen_minimal,minimal,ow14-s0036,3,model-facing/minimal-candidate-snapshots/ow14-s0036.json,4,4,True
3548,ow14-1-r03548,qwen_enriched,enriched,ow14-s0036,3,model-facing/enriched-candidate-snapshots/ow14-s0036.json,4,4,True
3549,ow14-1-r03549,qwen_minimal,minimal,ow14-s0036,4,model-facing/minimal-candidate-snapshots/ow14-s0036.json,4,4,True
3550,ow14-1-r03550,qwen_enriched,enriched,ow14-s0036,4,model-facing/enriched-candidate-snapshots/ow14-s0036.json,4,4,True
3551,ow14-1-r03551,qwen_minimal,minimal,ow14-s0036,5,model-facing/minimal-candidate-snapshots/ow14-s0036.json,4,4,True
3552,ow14-1-r03552,qwen_enriched,enriched,ow14-s0036,5,model-facing/enriched-candidate-snapshots/ow14-s0036.json,4,4,True
3553,ow14-1-r03553,qwen_minimal,minimal,ow14-s0037,1,model-facing/minimal-candidate-snapshots/ow14-s0037.json,4,4,True
3554,ow14-1-r03554,qwen_enriched,enriched,ow14-s0037,1,model-facing/enriched-candidate-snapshots/ow14-s0037.json,4,4,True
3555,ow14-1-r03555,qwen_minimal,minimal,ow14-s0037,2,model-facing/minimal-candidate-snapshots/ow14-s0037.json,4,4,True
3556,ow14-1-r03556,qwen_enriched,enriched,ow14-s0037,2,model-facing/enriched-candidate-snapshots/ow14-s0037.json,4,4,True
3557,ow14-1-r03557,qwen_minimal,minimal,ow14-s0037,3,model-facing/minimal-candidate-snapshots/ow14-s0037.json,4,4,True
3558,ow14-1-r03558,qwen_enriched,enriched,ow14-s0037,3,model-facing/enriched-candidate-snapshots/ow14-s0037.json,4,4,True
3559,ow14-1-r03559,qwen_minimal,minimal,ow14-s0037,4,model-facing/minimal-candidate-snapshots/ow14-s0037.json,4,4,True
3560,ow14-1-r03560,qwen_enriched,enriched,ow14-s0037,4,model-facing/enriched-candidate-snapshots/ow14-s0037.json,4,4,True
3561,ow14-1-r03561,qwen_minimal,minimal,ow14-s0037,5,model-facing/minimal-candidate-snapshots/ow14-s0037.json,4,4,True
3562,ow14-1-r03562,qwen_enriched,enriched,ow14-s0037,5,model-facing/enriched-candidate-snapshots/ow14-s0037.json,4,4,True
3563,ow14-1-r03563,qwen_minimal,minimal,ow14-s0038,1,model-facing/minimal-candidate-snapshots/ow14-s0038.json,4,4,True
3564,ow14-1-r03564,qwen_enriched,enriched,ow14-s0038,1,model-facing/enriched-candidate-snapshots/ow14-s0038.json,4,4,True
3565,ow14-1-r03565,qwen_minimal,minimal,ow14-s0038,2,model-facing/minimal-candidate-snapshots/ow14-s0038.json,4,4,True
3566,ow14-1-r03566,qwen_enriched,enriched,ow14-s0038,2,model-facing/enriched-candidate-snapshots/ow14-s0038.json,4,4,True
3567,ow14-1-r03567,qwen_minimal,minimal,ow14-s0038,3,model-facing/minimal-candidate-snapshots/ow14-s0038.json,4,4,True
3568,ow14-1-r03568,qwen_enriched,enriched,ow14-s0038,3,model-facing/enriched-candidate-snapshots/ow14-s0038.json,4,4,True
3569,ow14-1-r03569,qwen_minimal,minimal,ow14-s0038,4,model-facing/minimal-candidate-snapshots/ow14-s0038.json,4,4,True
3570,ow14-1-r03570,qwen_enriched,enriched,ow14-s0038,4,model-facing/enriched-candidate-snapshots/ow14-s0038.json,4,4,True
3571,ow14-1-r03571,qwen_minimal,minimal,ow14-s0038,5,model-facing/minimal-candidate-snapshots/ow14-s0038.json,4,4,True
3572,ow14-1-r03572,qwen_enriched,enriched,ow14-s0038,5,model-facing/enriched-candidate-snapshots/ow14-s0038.json,4,4,True
3573,ow14-1-r03573,qwen_minimal,minimal,ow14-s0039,1,model-facing/minimal-candidate-snapshots/ow14-s0039.json,4,4,True
3574,ow14-1-r03574,qwen_enriched,enriched,ow14-s0039,1,model-facing/enriched-candidate-snapshots/ow14-s0039.json,4,4,True
3575,ow14-1-r03575,qwen_minimal,minimal,ow14-s0039,2,model-facing/minimal-candidate-snapshots/ow14-s0039.json,4,4,True
3576,ow14-1-r03576,qwen_enriched,enriched,ow14-s0039,2,model-facing/enriched-candidate-snapshots/ow14-s0039.json,4,4,True
3577,ow14-1-r03577,qwen_minimal,minimal,ow14-s0039,3,model-facing/minimal-candidate-snapshots/ow14-s0039.json,4,4,True
3578,ow14-1-r03578,qwen_enriched,enriched,ow14-s0039,3,model-facing/enriched-candidate-snapshots/ow14-s0039.json,4,4,True
3579,ow14-1-r03579,qwen_minimal,minimal,ow14-s0039,4,model-facing/minimal-candidate-snapshots/ow14-s0039.json,4,4,True
3580,ow14-1-r03580,qwen_enriched,enriched,ow14-s0039,4,model-facing/enriched-candidate-snapshots/ow14-s0039.json,4,4,True
3581,ow14-1-r03581,qwen_minimal,minimal,ow14-s0039,5,model-facing/minimal-candidate-snapshots/ow14-s0039.json,4,4,True
3582,ow14-1-r03582,qwen_enriched,enriched,ow14-s0039,5,model-facing/enriched-candidate-snapshots/ow14-s0039.json,4,4,True
3583,ow14-1-r03583,qwen_minimal,minimal,ow14-s0040,1,model-facing/minimal-candidate-snapshots/ow14-s0040.json,4,4,True
3584,ow14-1-r03584,qwen_enriched,enriched,ow14-s0040,1,model-facing/enriched-candidate-snapshots/ow14-s0040.json,4,4,True
3585,ow14-1-r03585,qwen_minimal,minimal,ow14-s0040,2,model-facing/minimal-candidate-snapshots/ow14-s0040.json,4,4,True
3586,ow14-1-r03586,qwen_enriched,enriched,ow14-s0040,2,model-facing/enriched-candidate-snapshots/ow14-s0040.json,4,4,True
3587,ow14-1-r03587,qwen_minimal,minimal,ow14-s0040,3,model-facing/minimal-candidate-snapshots/ow14-s0040.json,4,4,True
3588,ow14-1-r03588,qwen_enriched,enriched,ow14-s0040,3,model-facing/enriched-candidate-snapshots/ow14-s0040.json,4,4,True
3589,ow14-1-r03589,qwen_minimal,minimal,ow14-s0040,4,model-facing/minimal-candidate-snapshots/ow14-s0040.json,4,4,True
3590,ow14-1-r03590,qwen_enriched,enriched,ow14-s0040,4,model-facing/enriched-candidate-snapshots/ow14-s0040.json,4,4,True
3591,ow14-1-r03591,qwen_minimal,minimal,ow14-s0040,5,model-facing/minimal-candidate-snapshots/ow14-s0040.json,4,4,True
3592,ow14-1-r03592,qwen_enriched,enriched,ow14-s0040,5,model-facing/enriched-candidate-snapshots/ow14-s0040.json,4,4,True
3593,ow14-1-r03593,qwen_minimal,minimal,ow14-s0041,1,model-facing/minimal-candidate-snapshots/ow14-s0041.json,4,4,True
3594,ow14-1-r03594,qwen_enriched,enriched,ow14-s0041,1,model-facing/enriched-candidate-snapshots/ow14-s0041.json,4,4,True
3595,ow14-1-r03595,qwen_minimal,minimal,ow14-s0041,2,model-facing/minimal-candidate-snapshots/ow14-s0041.json,4,4,True
3596,ow14-1-r03596,qwen_enriched,enriched,ow14-s0041,2,model-facing/enriched-candidate-snapshots/ow14-s0041.json,4,4,True
3597,ow14-1-r03597,qwen_minimal,minimal,ow14-s0041,3,model-facing/minimal-candidate-snapshots/ow14-s0041.json,4,4,True
3598,ow14-1-r03598,qwen_enriched,enriched,ow14-s0041,3,model-facing/enriched-candidate-snapshots/ow14-s0041.json,4,4,True
3599,ow14-1-r03599,qwen_minimal,minimal,ow14-s0041,4,model-facing/minimal-candidate-snapshots/ow14-s0041.json,4,4,True
3600,ow14-1-r03600,qwen_enriched,enriched,ow14-s0041,4,model-facing/enriched-candidate-snapshots/ow14-s0041.json,4,4,True
3601,ow14-1-r03601,qwen_minimal,minimal,ow14-s0041,5,model-facing/minimal-candidate-snapshots/ow14-s0041.json,4,4,True
3602,ow14-1-r03602,qwen_enriched,enriched,ow14-s0041,5,model-facing/enriched-candidate-snapshots/ow14-s0041.json,4,4,True
3603,ow14-1-r03603,qwen_minimal,minimal,ow14-s0042,1,model-facing/minimal-candidate-snapshots/ow14-s0042.json,4,4,True
3604,ow14-1-r03604,qwen_enriched,enriched,ow14-s0042,1,model-facing/enriched-candidate-snapshots/ow14-s0042.json,4,4,True
3605,ow14-1-r03605,qwen_minimal,minimal,ow14-s0042,2,model-facing/minimal-candidate-snapshots/ow14-s0042.json,4,4,True
3606,ow14-1-r03606,qwen_enriched,enriched,ow14-s0042,2,model-facing/enriched-candidate-snapshots/ow14-s0042.json,4,4,True
3607,ow14-1-r03607,qwen_minimal,minimal,ow14-s0042,3,model-facing/minimal-candidate-snapshots/ow14-s0042.json,4,4,True
3608,ow14-1-r03608,qwen_enriched,enriched,ow14-s0042,3,model-facing/enriched-candidate-snapshots/ow14-s0042.json,4,4,True
3609,ow14-1-r03609,qwen_minimal,minimal,ow14-s0042,4,model-facing/minimal-candidate-snapshots/ow14-s0042.json,4,4,True
3610,ow14-1-r03610,qwen_enriched,enriched,ow14-s0042,4,model-facing/enriched-candidate-snapshots/ow14-s0042.json,4,4,True
3611,ow14-1-r03611,qwen_minimal,minimal,ow14-s0042,5,model-facing/minimal-candidate-snapshots/ow14-s0042.json,4,4,True
3612,ow14-1-r03612,qwen_enriched,enriched,ow14-s0042,5,model-facing/enriched-candidate-snapshots/ow14-s0042.json,4,4,True
3613,ow14-1-r03613,qwen_minimal,minimal,ow14-s0043,1,model-facing/minimal-candidate-snapshots/ow14-s0043.json,4,4,True
3614,ow14-1-r03614,qwen_enriched,enriched,ow14-s0043,1,model-facing/enriched-candidate-snapshots/ow14-s0043.json,4,4,True
3615,ow14-1-r03615,qwen_minimal,minimal,ow14-s0043,2,model-facing/minimal-candidate-snapshots/ow14-s0043.json,4,4,True
3616,ow14-1-r03616,qwen_enriched,enriched,ow14-s0043,2,model-facing/enriched-candidate-snapshots/ow14-s0043.json,4,4,True
3617,ow14-1-r03617,qwen_minimal,minimal,ow14-s0043,3,model-facing/minimal-candidate-snapshots/ow14-s0043.json,4,4,True
3618,ow14-1-r03618,qwen_enriched,enriched,ow14-s0043,3,model-facing/enriched-candidate-snapshots/ow14-s0043.json,4,4,True
3619,ow14-1-r03619,qwen_minimal,minimal,ow14-s0043,4,model-facing/minimal-candidate-snapshots/ow14-s0043.json,4,4,True
3620,ow14-1-r03620,qwen_enriched,enriched,ow14-s0043,4,model-facing/enriched-candidate-snapshots/ow14-s0043.json,4,4,True
3621,ow14-1-r03621,qwen_minimal,minimal,ow14-s0043,5,model-facing/minimal-candidate-snapshots/ow14-s0043.json,4,4,True
3622,ow14-1-r03622,qwen_enriched,enriched,ow14-s0043,5,model-facing/enriched-candidate-snapshots/ow14-s0043.json,4,4,True
3623,ow14-1-r03623,qwen_minimal,minimal,ow14-s0044,1,model-facing/minimal-candidate-snapshots/ow14-s0044.json,4,4,True
3624,ow14-1-r03624,qwen_enriched,enriched,ow14-s0044,1,model-facing/enriched-candidate-snapshots/ow14-s0044.json,4,4,True
3625,ow14-1-r03625,qwen_minimal,minimal,ow14-s0044,2,model-facing/minimal-candidate-snapshots/ow14-s0044.json,4,4,True
3626,ow14-1-r03626,qwen_enriched,enriched,ow14-s0044,2,model-facing/enriched-candidate-snapshots/ow14-s0044.json,4,4,True
3627,ow14-1-r03627,qwen_minimal,minimal,ow14-s0044,3,model-facing/minimal-candidate-snapshots/ow14-s0044.json,4,4,True
3628,ow14-1-r03628,qwen_enriched,enriched,ow14-s0044,3,model-facing/enriched-candidate-snapshots/ow14-s0044.json,4,4,True
3629,ow14-1-r03629,qwen_minimal,minimal,ow14-s0044,4,model-facing/minimal-candidate-snapshots/ow14-s0044.json,4,4,True
3630,ow14-1-r03630,qwen_enriched,enriched,ow14-s0044,4,model-facing/enriched-candidate-snapshots/ow14-s0044.json,4,4,True
3631,ow14-1-r03631,qwen_minimal,minimal,ow14-s0044,5,model-facing/minimal-candidate-snapshots/ow14-s0044.json,4,4,True
3632,ow14-1-r03632,qwen_enriched,enriched,ow14-s0044,5,model-facing/enriched-candidate-snapshots/ow14-s0044.json,4,4,True
3633,ow14-1-r03633,qwen_minimal,minimal,ow14-s0045,1,model-facing/minimal-candidate-snapshots/ow14-s0045.json,4,4,True
3634,ow14-1-r03634,qwen_enriched,enriched,ow14-s0045,1,model-facing/enriched-candidate-snapshots/ow14-s0045.json,4,4,True
3635,ow14-1-r03635,qwen_minimal,minimal,ow14-s0045,2,model-facing/minimal-candidate-snapshots/ow14-s0045.json,4,4,True
3636,ow14-1-r03636,qwen_enriched,enriched,ow14-s0045,2,model-facing/enriched-candidate-snapshots/ow14-s0045.json,4,4,True
3637,ow14-1-r03637,qwen_minimal,minimal,ow14-s0045,3,model-facing/minimal-candidate-snapshots/ow14-s0045.json,4,4,True
3638,ow14-1-r03638,qwen_enriched,enriched,ow14-s0045,3,model-facing/enriched-candidate-snapshots/ow14-s0045.json,4,4,True
3639,ow14-1-r03639,qwen_minimal,minimal,ow14-s0045,4,model-facing/minimal-candidate-snapshots/ow14-s0045.json,4,4,True
3640,ow14-1-r03640,qwen_enriched,enriched,ow14-s0045,4,model-facing/enriched-candidate-snapshots/ow14-s0045.json,4,4,True
3641,ow14-1-r03641,qwen_minimal,minimal,ow14-s0045,5,model-facing/minimal-candidate-snapshots/ow14-s0045.json,4,4,True
3642,ow14-1-r03642,qwen_enriched,enriched,ow14-s0045,5,model-facing/enriched-candidate-snapshots/ow14-s0045.json,4,4,True
3643,ow14-1-r03643,qwen_minimal,minimal,ow14-s0046,1,model-facing/minimal-candidate-snapshots/ow14-s0046.json,4,4,True
3644,ow14-1-r03644,qwen_enriched,enriched,ow14-s0046,1,model-facing/enriched-candidate-snapshots/ow14-s0046.json,4,4,True
3645,ow14-1-r03645,qwen_minimal,minimal,ow14-s0046,2,model-facing/minimal-candidate-snapshots/ow14-s0046.json,4,4,True
3646,ow14-1-r03646,qwen_enriched,enriched,ow14-s0046,2,model-facing/enriched-candidate-snapshots/ow14-s0046.json,4,4,True
3647,ow14-1-r03647,qwen_minimal,minimal,ow14-s0046,3,model-facing/minimal-candidate-snapshots/ow14-s0046.json,4,4,True
3648,ow14-1-r03648,qwen_enriched,enriched,ow14-s0046,3,model-facing/enriched-candidate-snapshots/ow14-s0046.json,4,4,True
3649,ow14-1-r03649,qwen_minimal,minimal,ow14-s0046,4,model-facing/minimal-candidate-snapshots/ow14-s0046.json,4,4,True
3650,ow14-1-r03650,qwen_enriched,enriched,ow14-s0046,4,model-facing/enriched-candidate-snapshots/ow14-s0046.json,4,4,True
3651,ow14-1-r03651,qwen_minimal,minimal,ow14-s0046,5,model-facing/minimal-candidate-snapshots/ow14-s0046.json,4,4,True
3652,ow14-1-r03652,qwen_enriched,enriched,ow14-s0046,5,model-facing/enriched-candidate-snapshots/ow14-s0046.json,4,4,True
3653,ow14-1-r03653,qwen_minimal,minimal,ow14-s0047,1,model-facing/minimal-candidate-snapshots/ow14-s0047.json,4,4,True
3654,ow14-1-r03654,qwen_enriched,enriched,ow14-s0047,1,model-facing/enriched-candidate-snapshots/ow14-s0047.json,4,4,True
3655,ow14-1-r03655,qwen_minimal,minimal,ow14-s0047,2,model-facing/minimal-candidate-snapshots/ow14-s0047.json,4,4,True
3656,ow14-1-r03656,qwen_enriched,enriched,ow14-s0047,2,model-facing/enriched-candidate-snapshots/ow14-s0047.json,4,4,True
3657,ow14-1-r03657,qwen_minimal,minimal,ow14-s0047,3,model-facing/minimal-candidate-snapshots/ow14-s0047.json,4,4,True
3658,ow14-1-r03658,qwen_enriched,enriched,ow14-s0047,3,model-facing/enriched-candidate-snapshots/ow14-s0047.json,4,4,True
3659,ow14-1-r03659,qwen_minimal,minimal,ow14-s0047,4,model-facing/minimal-candidate-snapshots/ow14-s0047.json,4,4,True
3660,ow14-1-r03660,qwen_enriched,enriched,ow14-s0047,4,model-facing/enriched-candidate-snapshots/ow14-s0047.json,4,4,True
3661,ow14-1-r03661,qwen_minimal,minimal,ow14-s0047,5,model-facing/minimal-candidate-snapshots/ow14-s0047.json,4,4,True
3662,ow14-1-r03662,qwen_enriched,enriched,ow14-s0047,5,model-facing/enriched-candidate-snapshots/ow14-s0047.json,4,4,True
3663,ow14-1-r03663,qwen_minimal,minimal,ow14-s0048,1,model-facing/minimal-candidate-snapshots/ow14-s0048.json,4,4,True
3664,ow14-1-r03664,qwen_enriched,enriched,ow14-s0048,1,model-facing/enriched-candidate-snapshots/ow14-s0048.json,4,4,True
3665,ow14-1-r03665,qwen_minimal,minimal,ow14-s0048,2,model-facing/minimal-candidate-snapshots/ow14-s0048.json,4,4,True
3666,ow14-1-r03666,qwen_enriched,enriched,ow14-s0048,2,model-facing/enriched-candidate-snapshots/ow14-s0048.json,4,4,True
3667,ow14-1-r03667,qwen_minimal,minimal,ow14-s0048,3,model-facing/minimal-candidate-snapshots/ow14-s0048.json,4,4,True
3668,ow14-1-r03668,qwen_enriched,enriched,ow14-s0048,3,model-facing/enriched-candidate-snapshots/ow14-s0048.json,4,4,True
3669,ow14-1-r03669,qwen_minimal,minimal,ow14-s0048,4,model-facing/minimal-candidate-snapshots/ow14-s0048.json,4,4,True
3670,ow14-1-r03670,qwen_enriched,enriched,ow14-s0048,4,model-facing/enriched-candidate-snapshots/ow14-s0048.json,4,4,True
3671,ow14-1-r03671,qwen_minimal,minimal,ow14-s0048,5,model-facing/minimal-candidate-snapshots/ow14-s0048.json,4,4,True
3672,ow14-1-r03672,qwen_enriched,enriched,ow14-s0048,5,model-facing/enriched-candidate-snapshots/ow14-s0048.json,4,4,True
3673,ow14-1-r03673,qwen_minimal,minimal,ow14-s0049,1,model-facing/minimal-candidate-snapshots/ow14-s0049.json,4,4,True
3674,ow14-1-r03674,qwen_enriched,enriched,ow14-s0049,1,model-facing/enriched-candidate-snapshots/ow14-s0049.json,4,4,True
3675,ow14-1-r03675,qwen_minimal,minimal,ow14-s0049,2,model-facing/minimal-candidate-snapshots/ow14-s0049.json,4,4,True
3676,ow14-1-r03676,qwen_enriched,enriched,ow14-s0049,2,model-facing/enriched-candidate-snapshots/ow14-s0049.json,4,4,True
3677,ow14-1-r03677,qwen_minimal,minimal,ow14-s0049,3,model-facing/minimal-candidate-snapshots/ow14-s0049.json,4,4,True
3678,ow14-1-r03678,qwen_enriched,enriched,ow14-s0049,3,model-facing/enriched-candidate-snapshots/ow14-s0049.json,4,4,True
3679,ow14-1-r03679,qwen_minimal,minimal,ow14-s0049,4,model-facing/minimal-candidate-snapshots/ow14-s0049.json,4,4,True
3680,ow14-1-r03680,qwen_enriched,enriched,ow14-s0049,4,model-facing/enriched-candidate-snapshots/ow14-s0049.json,4,4,True
3681,ow14-1-r03681,qwen_minimal,minimal,ow14-s0049,5,model-facing/minimal-candidate-snapshots/ow14-s0049.json,4,4,True
3682,ow14-1-r03682,qwen_enriched,enriched,ow14-s0049,5,model-facing/enriched-candidate-snapshots/ow14-s0049.json,4,4,True
3683,ow14-1-r03683,qwen_minimal,minimal,ow14-s0050,1,model-facing/minimal-candidate-snapshots/ow14-s0050.json,4,4,True
3684,ow14-1-r03684,qwen_enriched,enriched,ow14-s0050,1,model-facing/enriched-candidate-snapshots/ow14-s0050.json,4,4,True
3685,ow14-1-r03685,qwen_minimal,minimal,ow14-s0050,2,model-facing/minimal-candidate-snapshots/ow14-s0050.json,4,4,True
3686,ow14-1-r03686,qwen_enriched,enriched,ow14-s0050,2,model-facing/enriched-candidate-snapshots/ow14-s0050.json,4,4,True
3687,ow14-1-r03687,qwen_minimal,minimal,ow14-s0050,3,model-facing/minimal-candidate-snapshots/ow14-s0050.json,4,4,True
3688,ow14-1-r03688,qwen_enriched,enriched,ow14-s0050,3,model-facing/enriched-candidate-snapshots/ow14-s0050.json,4,4,True
3689,ow14-1-r03689,qwen_minimal,minimal,ow14-s0050,4,model-facing/minimal-candidate-snapshots/ow14-s0050.json,4,4,True
3690,ow14-1-r03690,qwen_enriched,enriched,ow14-s0050,4,model-facing/enriched-candidate-snapshots/ow14-s0050.json,4,4,True
3691,ow14-1-r03691,qwen_minimal,minimal,ow14-s0050,5,model-facing/minimal-candidate-snapshots/ow14-s0050.json,4,4,True
3692,ow14-1-r03692,qwen_enriched,enriched,ow14-s0050,5,model-facing/enriched-candidate-snapshots/ow14-s0050.json,4,4,True
3693,ow14-1-r03693,qwen_minimal,minimal,ow14-s0051,1,model-facing/minimal-candidate-snapshots/ow14-s0051.json,4,4,True
3694,ow14-1-r03694,qwen_enriched,enriched,ow14-s0051,1,model-facing/enriched-candidate-snapshots/ow14-s0051.json,4,4,True
3695,ow14-1-r03695,qwen_minimal,minimal,ow14-s0051,2,model-facing/minimal-candidate-snapshots/ow14-s0051.json,4,4,True
3696,ow14-1-r03696,qwen_enriched,enriched,ow14-s0051,2,model-facing/enriched-candidate-snapshots/ow14-s0051.json,4,4,True
3697,ow14-1-r03697,qwen_minimal,minimal,ow14-s0051,3,model-facing/minimal-candidate-snapshots/ow14-s0051.json,4,4,True
3698,ow14-1-r03698,qwen_enriched,enriched,ow14-s0051,3,model-facing/enriched-candidate-snapshots/ow14-s0051.json,4,4,True
3699,ow14-1-r03699,qwen_minimal,minimal,ow14-s0051,4,model-facing/minimal-candidate-snapshots/ow14-s0051.json,4,4,True
3700,ow14-1-r03700,qwen_enriched,enriched,ow14-s0051,4,model-facing/enriched-candidate-snapshots/ow14-s0051.json,4,4,True
3701,ow14-1-r03701,qwen_minimal,minimal,ow14-s0051,5,model-facing/minimal-candidate-snapshots/ow14-s0051.json,4,4,True
3702,ow14-1-r03702,qwen_enriched,enriched,ow14-s0051,5,model-facing/enriched-candidate-snapshots/ow14-s0051.json,4,4,True
3703,ow14-1-r03703,qwen_minimal,minimal,ow14-s0052,1,model-facing/minimal-candidate-snapshots/ow14-s0052.json,4,4,True
3704,ow14-1-r03704,qwen_enriched,enriched,ow14-s0052,1,model-facing/enriched-candidate-snapshots/ow14-s0052.json,4,4,True
3705,ow14-1-r03705,qwen_minimal,minimal,ow14-s0052,2,model-facing/minimal-candidate-snapshots/ow14-s0052.json,4,4,True
3706,ow14-1-r03706,qwen_enriched,enriched,ow14-s0052,2,model-facing/enriched-candidate-snapshots/ow14-s0052.json,4,4,True
3707,ow14-1-r03707,qwen_minimal,minimal,ow14-s0052,3,model-facing/minimal-candidate-snapshots/ow14-s0052.json,4,4,True
3708,ow14-1-r03708,qwen_enriched,enriched,ow14-s0052,3,model-facing/enriched-candidate-snapshots/ow14-s0052.json,4,4,True
3709,ow14-1-r03709,qwen_minimal,minimal,ow14-s0052,4,model-facing/minimal-candidate-snapshots/ow14-s0052.json,4,4,True
3710,ow14-1-r03710,qwen_enriched,enriched,ow14-s0052,4,model-facing/enriched-candidate-snapshots/ow14-s0052.json,4,4,True
3711,ow14-1-r03711,qwen_minimal,minimal,ow14-s0052,5,model-facing/minimal-candidate-snapshots/ow14-s0052.json,4,4,True
3712,ow14-1-r03712,qwen_enriched,enriched,ow14-s0052,5,model-facing/enriched-candidate-snapshots/ow14-s0052.json,4,4,True
3713,ow14-1-r03713,qwen_minimal,minimal,ow14-s0053,1,model-facing/minimal-candidate-snapshots/ow14-s0053.json,4,4,True
3714,ow14-1-r03714,qwen_enriched,enriched,ow14-s0053,1,model-facing/enriched-candidate-snapshots/ow14-s0053.json,4,4,True
3715,ow14-1-r03715,qwen_minimal,minimal,ow14-s0053,2,model-facing/minimal-candidate-snapshots/ow14-s0053.json,4,4,True
3716,ow14-1-r03716,qwen_enriched,enriched,ow14-s0053,2,model-facing/enriched-candidate-snapshots/ow14-s0053.json,4,4,True
3717,ow14-1-r03717,qwen_minimal,minimal,ow14-s0053,3,model-facing/minimal-candidate-snapshots/ow14-s0053.json,4,4,True
3718,ow14-1-r03718,qwen_enriched,enriched,ow14-s0053,3,model-facing/enriched-candidate-snapshots/ow14-s0053.json,4,4,True
3719,ow14-1-r03719,qwen_minimal,minimal,ow14-s0053,4,model-facing/minimal-candidate-snapshots/ow14-s0053.json,4,4,True
3720,ow14-1-r03720,qwen_enriched,enriched,ow14-s0053,4,model-facing/enriched-candidate-snapshots/ow14-s0053.json,4,4,True
3721,ow14-1-r03721,qwen_minimal,minimal,ow14-s0053,5,model-facing/minimal-candidate-snapshots/ow14-s0053.json,4,4,True
3722,ow14-1-r03722,qwen_enriched,enriched,ow14-s0053,5,model-facing/enriched-candidate-snapshots/ow14-s0053.json,4,4,True
3723,ow14-1-r03723,qwen_minimal,minimal,ow14-s0054,1,model-facing/minimal-candidate-snapshots/ow14-s0054.json,4,4,True
3724,ow14-1-r03724,qwen_enriched,enriched,ow14-s0054,1,model-facing/enriched-candidate-snapshots/ow14-s0054.json,4,4,True
3725,ow14-1-r03725,qwen_minimal,minimal,ow14-s0054,2,model-facing/minimal-candidate-snapshots/ow14-s0054.json,4,4,True
3726,ow14-1-r03726,qwen_enriched,enriched,ow14-s0054,2,model-facing/enriched-candidate-snapshots/ow14-s0054.json,4,4,True
3727,ow14-1-r03727,qwen_minimal,minimal,ow14-s0054,3,model-facing/minimal-candidate-snapshots/ow14-s0054.json,4,4,True
3728,ow14-1-r03728,qwen_enriched,enriched,ow14-s0054,3,model-facing/enriched-candidate-snapshots/ow14-s0054.json,4,4,True
3729,ow14-1-r03729,qwen_minimal,minimal,ow14-s0054,4,model-facing/minimal-candidate-snapshots/ow14-s0054.json,4,4,True
3730,ow14-1-r03730,qwen_enriched,enriched,ow14-s0054,4,model-facing/enriched-candidate-snapshots/ow14-s0054.json,4,4,True
3731,ow14-1-r03731,qwen_minimal,minimal,ow14-s0054,5,model-facing/minimal-candidate-snapshots/ow14-s0054.json,4,4,True
3732,ow14-1-r03732,qwen_enriched,enriched,ow14-s0054,5,model-facing/enriched-candidate-snapshots/ow14-s0054.json,4,4,True
3733,ow14-1-r03733,qwen_minimal,minimal,ow14-s0055,1,model-facing/minimal-candidate-snapshots/ow14-s0055.json,4,4,True
3734,ow14-1-r03734,qwen_enriched,enriched,ow14-s0055,1,model-facing/enriched-candidate-snapshots/ow14-s0055.json,4,4,True
3735,ow14-1-r03735,qwen_minimal,minimal,ow14-s0055,2,model-facing/minimal-candidate-snapshots/ow14-s0055.json,4,4,True
3736,ow14-1-r03736,qwen_enriched,enriched,ow14-s0055,2,model-facing/enriched-candidate-snapshots/ow14-s0055.json,4,4,True
3737,ow14-1-r03737,qwen_minimal,minimal,ow14-s0055,3,model-facing/minimal-candidate-snapshots/ow14-s0055.json,4,4,True
3738,ow14-1-r03738,qwen_enriched,enriched,ow14-s0055,3,model-facing/enriched-candidate-snapshots/ow14-s0055.json,4,4,True
3739,ow14-1-r03739,qwen_minimal,minimal,ow14-s0055,4,model-facing/minimal-candidate-snapshots/ow14-s0055.json,4,4,True
3740,ow14-1-r03740,qwen_enriched,enriched,ow14-s0055,4,model-facing/enriched-candidate-snapshots/ow14-s0055.json,4,4,True
3741,ow14-1-r03741,qwen_minimal,minimal,ow14-s0055,5,model-facing/minimal-candidate-snapshots/ow14-s0055.json,4,4,True
3742,ow14-1-r03742,qwen_enriched,enriched,ow14-s0055,5,model-facing/enriched-candidate-snapshots/ow14-s0055.json,4,4,True
3743,ow14-1-r03743,qwen_minimal,minimal,ow14-s0056,1,model-facing/minimal-candidate-snapshots/ow14-s0056.json,4,4,True
3744,ow14-1-r03744,qwen_enriched,enriched,ow14-s0056,1,model-facing/enriched-candidate-snapshots/ow14-s0056.json,4,4,True
3745,ow14-1-r03745,qwen_minimal,minimal,ow14-s0056,2,model-facing/minimal-candidate-snapshots/ow14-s0056.json,4,4,True
3746,ow14-1-r03746,qwen_enriched,enriched,ow14-s0056,2,model-facing/enriched-candidate-snapshots/ow14-s0056.json,4,4,True
3747,ow14-1-r03747,qwen_minimal,minimal,ow14-s0056,3,model-facing/minimal-candidate-snapshots/ow14-s0056.json,4,4,True
3748,ow14-1-r03748,qwen_enriched,enriched,ow14-s0056,3,model-facing/enriched-candidate-snapshots/ow14-s0056.json,4,4,True
3749,ow14-1-r03749,qwen_minimal,minimal,ow14-s0056,4,model-facing/minimal-candidate-snapshots/ow14-s0056.json,4,4,True
3750,ow14-1-r03750,qwen_enriched,enriched,ow14-s0056,4,model-facing/enriched-candidate-snapshots/ow14-s0056.json,4,4,True
3751,ow14-1-r03751,qwen_minimal,minimal,ow14-s0056,5,model-facing/minimal-candidate-snapshots/ow14-s0056.json,4,4,True
3752,ow14-1-r03752,qwen_enriched,enriched,ow14-s0056,5,model-facing/enriched-candidate-snapshots/ow14-s0056.json,4,4,True
3753,ow14-1-r03753,qwen_minimal,minimal,ow14-s0057,1,model-facing/minimal-candidate-snapshots/ow14-s0057.json,4,4,True
3754,ow14-1-r03754,qwen_enriched,enriched,ow14-s0057,1,model-facing/enriched-candidate-snapshots/ow14-s0057.json,4,4,True
3755,ow14-1-r03755,qwen_minimal,minimal,ow14-s0057,2,model-facing/minimal-candidate-snapshots/ow14-s0057.json,4,4,True
3756,ow14-1-r03756,qwen_enriched,enriched,ow14-s0057,2,model-facing/enriched-candidate-snapshots/ow14-s0057.json,4,4,True
3757,ow14-1-r03757,qwen_minimal,minimal,ow14-s0057,3,model-facing/minimal-candidate-snapshots/ow14-s0057.json,4,4,True
3758,ow14-1-r03758,qwen_enriched,enriched,ow14-s0057,3,model-facing/enriched-candidate-snapshots/ow14-s0057.json,4,4,True
3759,ow14-1-r03759,qwen_minimal,minimal,ow14-s0057,4,model-facing/minimal-candidate-snapshots/ow14-s0057.json,4,4,True
3760,ow14-1-r03760,qwen_enriched,enriched,ow14-s0057,4,model-facing/enriched-candidate-snapshots/ow14-s0057.json,4,4,True
3761,ow14-1-r03761,qwen_minimal,minimal,ow14-s0057,5,model-facing/minimal-candidate-snapshots/ow14-s0057.json,4,4,True
3762,ow14-1-r03762,qwen_enriched,enriched,ow14-s0057,5,model-facing/enriched-candidate-snapshots/ow14-s0057.json,4,4,True
3763,ow14-1-r03763,qwen_minimal,minimal,ow14-s0058,1,model-facing/minimal-candidate-snapshots/ow14-s0058.json,4,4,True
3764,ow14-1-r03764,qwen_enriched,enriched,ow14-s0058,1,model-facing/enriched-candidate-snapshots/ow14-s0058.json,4,4,True
3765,ow14-1-r03765,qwen_minimal,minimal,ow14-s0058,2,model-facing/minimal-candidate-snapshots/ow14-s0058.json,4,4,True
3766,ow14-1-r03766,qwen_enriched,enriched,ow14-s0058,2,model-facing/enriched-candidate-snapshots/ow14-s0058.json,4,4,True
3767,ow14-1-r03767,qwen_minimal,minimal,ow14-s0058,3,model-facing/minimal-candidate-snapshots/ow14-s0058.json,4,4,True
3768,ow14-1-r03768,qwen_enriched,enriched,ow14-s0058,3,model-facing/enriched-candidate-snapshots/ow14-s0058.json,4,4,True
3769,ow14-1-r03769,qwen_minimal,minimal,ow14-s0058,4,model-facing/minimal-candidate-snapshots/ow14-s0058.json,4,4,True
3770,ow14-1-r03770,qwen_enriched,enriched,ow14-s0058,4,model-facing/enriched-candidate-snapshots/ow14-s0058.json,4,4,True
3771,ow14-1-r03771,qwen_minimal,minimal,ow14-s0058,5,model-facing/minimal-candidate-snapshots/ow14-s0058.json,4,4,True
3772,ow14-1-r03772,qwen_enriched,enriched,ow14-s0058,5,model-facing/enriched-candidate-snapshots/ow14-s0058.json,4,4,True
3773,ow14-1-r03773,qwen_minimal,minimal,ow14-s0059,1,model-facing/minimal-candidate-snapshots/ow14-s0059.json,4,4,True
3774,ow14-1-r03774,qwen_enriched,enriched,ow14-s0059,1,model-facing/enriched-candidate-snapshots/ow14-s0059.json,4,4,True
3775,ow14-1-r03775,qwen_minimal,minimal,ow14-s0059,2,model-facing/minimal-candidate-snapshots/ow14-s0059.json,4,4,True
3776,ow14-1-r03776,qwen_enriched,enriched,ow14-s0059,2,model-facing/enriched-candidate-snapshots/ow14-s0059.json,4,4,True
3777,ow14-1-r03777,qwen_minimal,minimal,ow14-s0059,3,model-facing/minimal-candidate-snapshots/ow14-s0059.json,4,4,True
3778,ow14-1-r03778,qwen_enriched,enriched,ow14-s0059,3,model-facing/enriched-candidate-snapshots/ow14-s0059.json,4,4,True
3779,ow14-1-r03779,qwen_minimal,minimal,ow14-s0059,4,model-facing/minimal-candidate-snapshots/ow14-s0059.json,4,4,True
3780,ow14-1-r03780,qwen_enriched,enriched,ow14-s0059,4,model-facing/enriched-candidate-snapshots/ow14-s0059.json,4,4,True
3781,ow14-1-r03781,qwen_minimal,minimal,ow14-s0059,5,model-facing/minimal-candidate-snapshots/ow14-s0059.json,4,4,True
3782,ow14-1-r03782,qwen_enriched,enriched,ow14-s0059,5,model-facing/enriched-candidate-snapshots/ow14-s0059.json,4,4,True
3783,ow14-1-r03783,qwen_minimal,minimal,ow14-s0060,1,model-facing/minimal-candidate-snapshots/ow14-s0060.json,4,4,True
3784,ow14-1-r03784,qwen_enriched,enriched,ow14-s0060,1,model-facing/enriched-candidate-snapshots/ow14-s0060.json,4,4,True
3785,ow14-1-r03785,qwen_minimal,minimal,ow14-s0060,2,model-facing/minimal-candidate-snapshots/ow14-s0060.json,4,4,True
3786,ow14-1-r03786,qwen_enriched,enriched,ow14-s0060,2,model-facing/enriched-candidate-snapshots/ow14-s0060.json,4,4,True
3787,ow14-1-r03787,qwen_minimal,minimal,ow14-s0060,3,model-facing/minimal-candidate-snapshots/ow14-s0060.json,4,4,True
3788,ow14-1-r03788,qwen_enriched,enriched,ow14-s0060,3,model-facing/enriched-candidate-snapshots/ow14-s0060.json,4,4,True
3789,ow14-1-r03789,qwen_minimal,minimal,ow14-s0060,4,model-facing/minimal-candidate-snapshots/ow14-s0060.json,4,4,True
3790,ow14-1-r03790,qwen_enriched,enriched,ow14-s0060,4,model-facing/enriched-candidate-snapshots/ow14-s0060.json,4,4,True
3791,ow14-1-r03791,qwen_minimal,minimal,ow14-s0060,5,model-facing/minimal-candidate-snapshots/ow14-s0060.json,4,4,True
3792,ow14-1-r03792,qwen_enriched,enriched,ow14-s0060,5,model-facing/enriched-candidate-snapshots/ow14-s0060.json,4,4,True
3793,ow14-1-r03793,qwen_minimal,minimal,ow14-s0061,1,model-facing/minimal-candidate-snapshots/ow14-s0061.json,4,4,True
3794,ow14-1-r03794,qwen_enriched,enriched,ow14-s0061,1,model-facing/enriched-candidate-snapshots/ow14-s0061.json,4,4,True
3795,ow14-1-r03795,qwen_minimal,minimal,ow14-s0061,2,model-facing/minimal-candidate-snapshots/ow14-s0061.json,4,4,True
3796,ow14-1-r03796,qwen_enriched,enriched,ow14-s0061,2,model-facing/enriched-candidate-snapshots/ow14-s0061.json,4,4,True
3797,ow14-1-r03797,qwen_minimal,minimal,ow14-s0061,3,model-facing/minimal-candidate-snapshots/ow14-s0061.json,4,4,True
3798,ow14-1-r03798,qwen_enriched,enriched,ow14-s0061,3,model-facing/enriched-candidate-snapshots/ow14-s0061.json,4,4,True
3799,ow14-1-r03799,qwen_minimal,minimal,ow14-s0061,4,model-facing/minimal-candidate-snapshots/ow14-s0061.json,4,4,True
3800,ow14-1-r03800,qwen_enriched,enriched,ow14-s0061,4,model-facing/enriched-candidate-snapshots/ow14-s0061.json,4,4,True
3801,ow14-1-r03801,qwen_minimal,minimal,ow14-s0061,5,model-facing/minimal-candidate-snapshots/ow14-s0061.json,4,4,True
3802,ow14-1-r03802,qwen_enriched,enriched,ow14-s0061,5,model-facing/enriched-candidate-snapshots/ow14-s0061.json,4,4,True
3803,ow14-1-r03803,qwen_minimal,minimal,ow14-s0062,1,model-facing/minimal-candidate-snapshots/ow14-s0062.json,4,4,True
3804,ow14-1-r03804,qwen_enriched,enriched,ow14-s0062,1,model-facing/enriched-candidate-snapshots/ow14-s0062.json,4,4,True
3805,ow14-1-r03805,qwen_minimal,minimal,ow14-s0062,2,model-facing/minimal-candidate-snapshots/ow14-s0062.json,4,4,True
3806,ow14-1-r03806,qwen_enriched,enriched,ow14-s0062,2,model-facing/enriched-candidate-snapshots/ow14-s0062.json,4,4,True
3807,ow14-1-r03807,qwen_minimal,minimal,ow14-s0062,3,model-facing/minimal-candidate-snapshots/ow14-s0062.json,4,4,True
3808,ow14-1-r03808,qwen_enriched,enriched,ow14-s0062,3,model-facing/enriched-candidate-snapshots/ow14-s0062.json,4,4,True
3809,ow14-1-r03809,qwen_minimal,minimal,ow14-s0062,4,model-facing/minimal-candidate-snapshots/ow14-s0062.json,4,4,True
3810,ow14-1-r03810,qwen_enriched,enriched,ow14-s0062,4,model-facing/enriched-candidate-snapshots/ow14-s0062.json,4,4,True
3811,ow14-1-r03811,qwen_minimal,minimal,ow14-s0062,5,model-facing/minimal-candidate-snapshots/ow14-s0062.json,4,4,True
3812,ow14-1-r03812,qwen_enriched,enriched,ow14-s0062,5,model-facing/enriched-candidate-snapshots/ow14-s0062.json,4,4,True
3813,ow14-1-r03813,qwen_minimal,minimal,ow14-s0063,1,model-facing/minimal-candidate-snapshots/ow14-s0063.json,4,4,True
3814,ow14-1-r03814,qwen_enriched,enriched,ow14-s0063,1,model-facing/enriched-candidate-snapshots/ow14-s0063.json,4,4,True
3815,ow14-1-r03815,qwen_minimal,minimal,ow14-s0063,2,model-facing/minimal-candidate-snapshots/ow14-s0063.json,4,4,True
3816,ow14-1-r03816,qwen_enriched,enriched,ow14-s0063,2,model-facing/enriched-candidate-snapshots/ow14-s0063.json,4,4,True
3817,ow14-1-r03817,qwen_minimal,minimal,ow14-s0063,3,model-facing/minimal-candidate-snapshots/ow14-s0063.json,4,4,True
3818,ow14-1-r03818,qwen_enriched,enriched,ow14-s0063,3,model-facing/enriched-candidate-snapshots/ow14-s0063.json,4,4,True
3819,ow14-1-r03819,qwen_minimal,minimal,ow14-s0063,4,model-facing/minimal-candidate-snapshots/ow14-s0063.json,4,4,True
3820,ow14-1-r03820,qwen_enriched,enriched,ow14-s0063,4,model-facing/enriched-candidate-snapshots/ow14-s0063.json,4,4,True
3821,ow14-1-r03821,qwen_minimal,minimal,ow14-s0063,5,model-facing/minimal-candidate-snapshots/ow14-s0063.json,4,4,True
3822,ow14-1-r03822,qwen_enriched,enriched,ow14-s0063,5,model-facing/enriched-candidate-snapshots/ow14-s0063.json,4,4,True
3823,ow14-1-r03823,qwen_minimal,minimal,ow14-s0064,1,model-facing/minimal-candidate-snapshots/ow14-s0064.json,4,4,True
3824,ow14-1-r03824,qwen_enriched,enriched,ow14-s0064,1,model-facing/enriched-candidate-snapshots/ow14-s0064.json,4,4,True
3825,ow14-1-r03825,qwen_minimal,minimal,ow14-s0064,2,model-facing/minimal-candidate-snapshots/ow14-s0064.json,4,4,True
3826,ow14-1-r03826,qwen_enriched,enriched,ow14-s0064,2,model-facing/enriched-candidate-snapshots/ow14-s0064.json,4,4,True
3827,ow14-1-r03827,qwen_minimal,minimal,ow14-s0064,3,model-facing/minimal-candidate-snapshots/ow14-s0064.json,4,4,True
3828,ow14-1-r03828,qwen_enriched,enriched,ow14-s0064,3,model-facing/enriched-candidate-snapshots/ow14-s0064.json,4,4,True
3829,ow14-1-r03829,qwen_minimal,minimal,ow14-s0064,4,model-facing/minimal-candidate-snapshots/ow14-s0064.json,4,4,True
3830,ow14-1-r03830,qwen_enriched,enriched,ow14-s0064,4,model-facing/enriched-candidate-snapshots/ow14-s0064.json,4,4,True
3831,ow14-1-r03831,qwen_minimal,minimal,ow14-s0064,5,model-facing/minimal-candidate-snapshots/ow14-s0064.json,4,4,True
3832,ow14-1-r03832,qwen_enriched,enriched,ow14-s0064,5,model-facing/enriched-candidate-snapshots/ow14-s0064.json,4,4,True
3833,ow14-1-r03833,qwen_minimal,minimal,ow14-s0065,1,model-facing/minimal-candidate-snapshots/ow14-s0065.json,4,4,True
3834,ow14-1-r03834,qwen_enriched,enriched,ow14-s0065,1,model-facing/enriched-candidate-snapshots/ow14-s0065.json,4,4,True
3835,ow14-1-r03835,qwen_minimal,minimal,ow14-s0065,2,model-facing/minimal-candidate-snapshots/ow14-s0065.json,4,4,True
3836,ow14-1-r03836,qwen_enriched,enriched,ow14-s0065,2,model-facing/enriched-candidate-snapshots/ow14-s0065.json,4,4,True
3837,ow14-1-r03837,qwen_minimal,minimal,ow14-s0065,3,model-facing/minimal-candidate-snapshots/ow14-s0065.json,4,4,True
3838,ow14-1-r03838,qwen_enriched,enriched,ow14-s0065,3,model-facing/enriched-candidate-snapshots/ow14-s0065.json,4,4,True
3839,ow14-1-r03839,qwen_minimal,minimal,ow14-s0065,4,model-facing/minimal-candidate-snapshots/ow14-s0065.json,4,4,True
3840,ow14-1-r03840,qwen_enriched,enriched,ow14-s0065,4,model-facing/enriched-candidate-snapshots/ow14-s0065.json,4,4,True
3841,ow14-1-r03841,qwen_minimal,minimal,ow14-s0065,5,model-facing/minimal-candidate-snapshots/ow14-s0065.json,4,4,True
3842,ow14-1-r03842,qwen_enriched,enriched,ow14-s0065,5,model-facing/enriched-candidate-snapshots/ow14-s0065.json,4,4,True
3843,ow14-1-r03843,qwen_minimal,minimal,ow14-s0066,1,model-facing/minimal-candidate-snapshots/ow14-s0066.json,4,4,True
3844,ow14-1-r03844,qwen_enriched,enriched,ow14-s0066,1,model-facing/enriched-candidate-snapshots/ow14-s0066.json,4,4,True
3845,ow14-1-r03845,qwen_minimal,minimal,ow14-s0066,2,model-facing/minimal-candidate-snapshots/ow14-s0066.json,4,4,True
3846,ow14-1-r03846,qwen_enriched,enriched,ow14-s0066,2,model-facing/enriched-candidate-snapshots/ow14-s0066.json,4,4,True
3847,ow14-1-r03847,qwen_minimal,minimal,ow14-s0066,3,model-facing/minimal-candidate-snapshots/ow14-s0066.json,4,4,True
3848,ow14-1-r03848,qwen_enriched,enriched,ow14-s0066,3,model-facing/enriched-candidate-snapshots/ow14-s0066.json,4,4,True
3849,ow14-1-r03849,qwen_minimal,minimal,ow14-s0066,4,model-facing/minimal-candidate-snapshots/ow14-s0066.json,4,4,True
3850,ow14-1-r03850,qwen_enriched,enriched,ow14-s0066,4,model-facing/enriched-candidate-snapshots/ow14-s0066.json,4,4,True
3851,ow14-1-r03851,qwen_minimal,minimal,ow14-s0066,5,model-facing/minimal-candidate-snapshots/ow14-s0066.json,4,4,True
3852,ow14-1-r03852,qwen_enriched,enriched,ow14-s0066,5,model-facing/enriched-candidate-snapshots/ow14-s0066.json,4,4,True
3853,ow14-1-r03853,qwen_minimal,minimal,ow14-s0067,1,model-facing/minimal-candidate-snapshots/ow14-s0067.json,4,4,True
3854,ow14-1-r03854,qwen_enriched,enriched,ow14-s0067,1,model-facing/enriched-candidate-snapshots/ow14-s0067.json,4,4,True
3855,ow14-1-r03855,qwen_minimal,minimal,ow14-s0067,2,model-facing/minimal-candidate-snapshots/ow14-s0067.json,4,4,True
3856,ow14-1-r03856,qwen_enriched,enriched,ow14-s0067,2,model-facing/enriched-candidate-snapshots/ow14-s0067.json,4,4,True
3857,ow14-1-r03857,qwen_minimal,minimal,ow14-s0067,3,model-facing/minimal-candidate-snapshots/ow14-s0067.json,4,4,True
3858,ow14-1-r03858,qwen_enriched,enriched,ow14-s0067,3,model-facing/enriched-candidate-snapshots/ow14-s0067.json,4,4,True
3859,ow14-1-r03859,qwen_minimal,minimal,ow14-s0067,4,model-facing/minimal-candidate-snapshots/ow14-s0067.json,4,4,True
3860,ow14-1-r03860,qwen_enriched,enriched,ow14-s0067,4,model-facing/enriched-candidate-snapshots/ow14-s0067.json,4,4,True
3861,ow14-1-r03861,qwen_minimal,minimal,ow14-s0067,5,model-facing/minimal-candidate-snapshots/ow14-s0067.json,4,4,True
3862,ow14-1-r03862,qwen_enriched,enriched,ow14-s0067,5,model-facing/enriched-candidate-snapshots/ow14-s0067.json,4,4,True
3863,ow14-1-r03863,qwen_minimal,minimal,ow14-s0068,1,model-facing/minimal-candidate-snapshots/ow14-s0068.json,4,4,True
3864,ow14-1-r03864,qwen_enriched,enriched,ow14-s0068,1,model-facing/enriched-candidate-snapshots/ow14-s0068.json,4,4,True
3865,ow14-1-r03865,qwen_minimal,minimal,ow14-s0068,2,model-facing/minimal-candidate-snapshots/ow14-s0068.json,4,4,True
3866,ow14-1-r03866,qwen_enriched,enriched,ow14-s0068,2,model-facing/enriched-candidate-snapshots/ow14-s0068.json,4,4,True
3867,ow14-1-r03867,qwen_minimal,minimal,ow14-s0068,3,model-facing/minimal-candidate-snapshots/ow14-s0068.json,4,4,True
3868,ow14-1-r03868,qwen_enriched,enriched,ow14-s0068,3,model-facing/enriched-candidate-snapshots/ow14-s0068.json,4,4,True
3869,ow14-1-r03869,qwen_minimal,minimal,ow14-s0068,4,model-facing/minimal-candidate-snapshots/ow14-s0068.json,4,4,True
3870,ow14-1-r03870,qwen_enriched,enriched,ow14-s0068,4,model-facing/enriched-candidate-snapshots/ow14-s0068.json,4,4,True
3871,ow14-1-r03871,qwen_minimal,minimal,ow14-s0068,5,model-facing/minimal-candidate-snapshots/ow14-s0068.json,4,4,True
3872,ow14-1-r03872,qwen_enriched,enriched,ow14-s0068,5,model-facing/enriched-candidate-snapshots/ow14-s0068.json,4,4,True
3873,ow14-1-r03873,qwen_minimal,minimal,ow14-s0069,1,model-facing/minimal-candidate-snapshots/ow14-s0069.json,4,4,True
3874,ow14-1-r03874,qwen_enriched,enriched,ow14-s0069,1,model-facing/enriched-candidate-snapshots/ow14-s0069.json,4,4,True
3875,ow14-1-r03875,qwen_minimal,minimal,ow14-s0069,2,model-facing/minimal-candidate-snapshots/ow14-s0069.json,4,4,True
3876,ow14-1-r03876,qwen_enriched,enriched,ow14-s0069,2,model-facing/enriched-candidate-snapshots/ow14-s0069.json,4,4,True
3877,ow14-1-r03877,qwen_minimal,minimal,ow14-s0069,3,model-facing/minimal-candidate-snapshots/ow14-s0069.json,4,4,True
3878,ow14-1-r03878,qwen_enriched,enriched,ow14-s0069,3,model-facing/enriched-candidate-snapshots/ow14-s0069.json,4,4,True
3879,ow14-1-r03879,qwen_minimal,minimal,ow14-s0069,4,model-facing/minimal-candidate-snapshots/ow14-s0069.json,4,4,True
3880,ow14-1-r03880,qwen_enriched,enriched,ow14-s0069,4,model-facing/enriched-candidate-snapshots/ow14-s0069.json,4,4,True
3881,ow14-1-r03881,qwen_minimal,minimal,ow14-s0069,5,model-facing/minimal-candidate-snapshots/ow14-s0069.json,4,4,True
3882,ow14-1-r03882,qwen_enriched,enriched,ow14-s0069,5,model-facing/enriched-candidate-snapshots/ow14-s0069.json,4,4,True
3883,ow14-1-r03883,qwen_minimal,minimal,ow14-s0070,1,model-facing/minimal-candidate-snapshots/ow14-s0070.json,4,4,True
3884,ow14-1-r03884,qwen_enriched,enriched,ow14-s0070,1,model-facing/enriched-candidate-snapshots/ow14-s0070.json,4,4,True
3885,ow14-1-r03885,qwen_minimal,minimal,ow14-s0070,2,model-facing/minimal-candidate-snapshots/ow14-s0070.json,4,4,True
3886,ow14-1-r03886,qwen_enriched,enriched,ow14-s0070,2,model-facing/enriched-candidate-snapshots/ow14-s0070.json,4,4,True
3887,ow14-1-r03887,qwen_minimal,minimal,ow14-s0070,3,model-facing/minimal-candidate-snapshots/ow14-s0070.json,4,4,True
3888,ow14-1-r03888,qwen_enriched,enriched,ow14-s0070,3,model-facing/enriched-candidate-snapshots/ow14-s0070.json,4,4,True
3889,ow14-1-r03889,qwen_minimal,minimal,ow14-s0070,4,model-facing/minimal-candidate-snapshots/ow14-s0070.json,4,4,True
3890,ow14-1-r03890,qwen_enriched,enriched,ow14-s0070,4,model-facing/enriched-candidate-snapshots/ow14-s0070.json,4,4,True
3891,ow14-1-r03891,qwen_minimal,minimal,ow14-s0070,5,model-facing/minimal-candidate-snapshots/ow14-s0070.json,4,4,True
3892,ow14-1-r03892,qwen_enriched,enriched,ow14-s0070,5,model-facing/enriched-candidate-snapshots/ow14-s0070.json,4,4,True
3893,ow14-1-r03893,qwen_minimal,minimal,ow14-s0071,1,model-facing/minimal-candidate-snapshots/ow14-s0071.json,4,4,True
3894,ow14-1-r03894,qwen_enriched,enriched,ow14-s0071,1,model-facing/enriched-candidate-snapshots/ow14-s0071.json,4,4,True
3895,ow14-1-r03895,qwen_minimal,minimal,ow14-s0071,2,model-facing/minimal-candidate-snapshots/ow14-s0071.json,4,4,True
3896,ow14-1-r03896,qwen_enriched,enriched,ow14-s0071,2,model-facing/enriched-candidate-snapshots/ow14-s0071.json,4,4,True
3897,ow14-1-r03897,qwen_minimal,minimal,ow14-s0071,3,model-facing/minimal-candidate-snapshots/ow14-s0071.json,4,4,True
3898,ow14-1-r03898,qwen_enriched,enriched,ow14-s0071,3,model-facing/enriched-candidate-snapshots/ow14-s0071.json,4,4,True
3899,ow14-1-r03899,qwen_minimal,minimal,ow14-s0071,4,model-facing/minimal-candidate-snapshots/ow14-s0071.json,4,4,True
3900,ow14-1-r03900,qwen_enriched,enriched,ow14-s0071,4,model-facing/enriched-candidate-snapshots/ow14-s0071.json,4,4,True
3901,ow14-1-r03901,qwen_minimal,minimal,ow14-s0071,5,model-facing/minimal-candidate-snapshots/ow14-s0071.json,4,4,True
3902,ow14-1-r03902,qwen_enriched,enriched,ow14-s0071,5,model-facing/enriched-candidate-snapshots/ow14-s0071.json,4,4,True
3903,ow14-1-r03903,qwen_minimal,minimal,ow14-s0072,1,model-facing/minimal-candidate-snapshots/ow14-s0072.json,4,4,True
3904,ow14-1-r03904,qwen_enriched,enriched,ow14-s0072,1,model-facing/enriched-candidate-snapshots/ow14-s0072.json,4,4,True
3905,ow14-1-r03905,qwen_minimal,minimal,ow14-s0072,2,model-facing/minimal-candidate-snapshots/ow14-s0072.json,4,4,True
3906,ow14-1-r03906,qwen_enriched,enriched,ow14-s0072,2,model-facing/enriched-candidate-snapshots/ow14-s0072.json,4,4,True
3907,ow14-1-r03907,qwen_minimal,minimal,ow14-s0072,3,model-facing/minimal-candidate-snapshots/ow14-s0072.json,4,4,True
3908,ow14-1-r03908,qwen_enriched,enriched,ow14-s0072,3,model-facing/enriched-candidate-snapshots/ow14-s0072.json,4,4,True
3909,ow14-1-r03909,qwen_minimal,minimal,ow14-s0072,4,model-facing/minimal-candidate-snapshots/ow14-s0072.json,4,4,True
3910,ow14-1-r03910,qwen_enriched,enriched,ow14-s0072,4,model-facing/enriched-candidate-snapshots/ow14-s0072.json,4,4,True
3911,ow14-1-r03911,qwen_minimal,minimal,ow14-s0072,5,model-facing/minimal-candidate-snapshots/ow14-s0072.json,4,4,True
3912,ow14-1-r03912,qwen_enriched,enriched,ow14-s0072,5,model-facing/enriched-candidate-snapshots/ow14-s0072.json,4,4,True
3913,ow14-1-r03913,qwen_minimal,minimal,ow14-s0073,1,model-facing/minimal-candidate-snapshots/ow14-s0073.json,4,4,True
3914,ow14-1-r03914,qwen_enriched,enriched,ow14-s0073,1,model-facing/enriched-candidate-snapshots/ow14-s0073.json,4,4,True
3915,ow14-1-r03915,qwen_minimal,minimal,ow14-s0073,2,model-facing/minimal-candidate-snapshots/ow14-s0073.json,4,4,True
3916,ow14-1-r03916,qwen_enriched,enriched,ow14-s0073,2,model-facing/enriched-candidate-snapshots/ow14-s0073.json,4,4,True
3917,ow14-1-r03917,qwen_minimal,minimal,ow14-s0073,3,model-facing/minimal-candidate-snapshots/ow14-s0073.json,4,4,True
3918,ow14-1-r03918,qwen_enriched,enriched,ow14-s0073,3,model-facing/enriched-candidate-snapshots/ow14-s0073.json,4,4,True
3919,ow14-1-r03919,qwen_minimal,minimal,ow14-s0073,4,model-facing/minimal-candidate-snapshots/ow14-s0073.json,4,4,True
3920,ow14-1-r03920,qwen_enriched,enriched,ow14-s0073,4,model-facing/enriched-candidate-snapshots/ow14-s0073.json,4,4,True
3921,ow14-1-r03921,qwen_minimal,minimal,ow14-s0073,5,model-facing/minimal-candidate-snapshots/ow14-s0073.json,4,4,True
3922,ow14-1-r03922,qwen_enriched,enriched,ow14-s0073,5,model-facing/enriched-candidate-snapshots/ow14-s0073.json,4,4,True
3923,ow14-1-r03923,qwen_minimal,minimal,ow14-s0074,1,model-facing/minimal-candidate-snapshots/ow14-s0074.json,4,4,True
3924,ow14-1-r03924,qwen_enriched,enriched,ow14-s0074,1,model-facing/enriched-candidate-snapshots/ow14-s0074.json,4,4,True
3925,ow14-1-r03925,qwen_minimal,minimal,ow14-s0074,2,model-facing/minimal-candidate-snapshots/ow14-s0074.json,4,4,True
3926,ow14-1-r03926,qwen_enriched,enriched,ow14-s0074,2,model-facing/enriched-candidate-snapshots/ow14-s0074.json,4,4,True
3927,ow14-1-r03927,qwen_minimal,minimal,ow14-s0074,3,model-facing/minimal-candidate-snapshots/ow14-s0074.json,4,4,True
3928,ow14-1-r03928,qwen_enriched,enriched,ow14-s0074,3,model-facing/enriched-candidate-snapshots/ow14-s0074.json,4,4,True
3929,ow14-1-r03929,qwen_minimal,minimal,ow14-s0074,4,model-facing/minimal-candidate-snapshots/ow14-s0074.json,4,4,True
3930,ow14-1-r03930,qwen_enriched,enriched,ow14-s0074,4,model-facing/enriched-candidate-snapshots/ow14-s0074.json,4,4,True
3931,ow14-1-r03931,qwen_minimal,minimal,ow14-s0074,5,model-facing/minimal-candidate-snapshots/ow14-s0074.json,4,4,True
3932,ow14-1-r03932,qwen_enriched,enriched,ow14-s0074,5,model-facing/enriched-candidate-snapshots/ow14-s0074.json,4,4,True
3933,ow14-1-r03933,qwen_minimal,minimal,ow14-s0075,1,model-facing/minimal-candidate-snapshots/ow14-s0075.json,4,4,True
3934,ow14-1-r03934,qwen_enriched,enriched,ow14-s0075,1,model-facing/enriched-candidate-snapshots/ow14-s0075.json,4,4,True
3935,ow14-1-r03935,qwen_minimal,minimal,ow14-s0075,2,model-facing/minimal-candidate-snapshots/ow14-s0075.json,4,4,True
3936,ow14-1-r03936,qwen_enriched,enriched,ow14-s0075,2,model-facing/enriched-candidate-snapshots/ow14-s0075.json,4,4,True
3937,ow14-1-r03937,qwen_minimal,minimal,ow14-s0075,3,model-facing/minimal-candidate-snapshots/ow14-s0075.json,4,4,True
3938,ow14-1-r03938,qwen_enriched,enriched,ow14-s0075,3,model-facing/enriched-candidate-snapshots/ow14-s0075.json,4,4,True
3939,ow14-1-r03939,qwen_minimal,minimal,ow14-s0075,4,model-facing/minimal-candidate-snapshots/ow14-s0075.json,4,4,True
3940,ow14-1-r03940,qwen_enriched,enriched,ow14-s0075,4,model-facing/enriched-candidate-snapshots/ow14-s0075.json,4,4,True
3941,ow14-1-r03941,qwen_minimal,minimal,ow14-s0075,5,model-facing/minimal-candidate-snapshots/ow14-s0075.json,4,4,True
3942,ow14-1-r03942,qwen_enriched,enriched,ow14-s0075,5,model-facing/enriched-candidate-snapshots/ow14-s0075.json,4,4,True
3943,ow14-1-r03943,qwen_minimal,minimal,ow14-s0076,1,model-facing/minimal-candidate-snapshots/ow14-s0076.json,4,4,True
3944,ow14-1-r03944,qwen_enriched,enriched,ow14-s0076,1,model-facing/enriched-candidate-snapshots/ow14-s0076.json,4,4,True
3945,ow14-1-r03945,qwen_minimal,minimal,ow14-s0076,2,model-facing/minimal-candidate-snapshots/ow14-s0076.json,4,4,True
3946,ow14-1-r03946,qwen_enriched,enriched,ow14-s0076,2,model-facing/enriched-candidate-snapshots/ow14-s0076.json,4,4,True
3947,ow14-1-r03947,qwen_minimal,minimal,ow14-s0076,3,model-facing/minimal-candidate-snapshots/ow14-s0076.json,4,4,True
3948,ow14-1-r03948,qwen_enriched,enriched,ow14-s0076,3,model-facing/enriched-candidate-snapshots/ow14-s0076.json,4,4,True
3949,ow14-1-r03949,qwen_minimal,minimal,ow14-s0076,4,model-facing/minimal-candidate-snapshots/ow14-s0076.json,4,4,True
3950,ow14-1-r03950,qwen_enriched,enriched,ow14-s0076,4,model-facing/enriched-candidate-snapshots/ow14-s0076.json,4,4,True
3951,ow14-1-r03951,qwen_minimal,minimal,ow14-s0076,5,model-facing/minimal-candidate-snapshots/ow14-s0076.json,4,4,True
3952,ow14-1-r03952,qwen_enriched,enriched,ow14-s0076,5,model-facing/enriched-candidate-snapshots/ow14-s0076.json,4,4,True
3953,ow14-1-r03953,qwen_minimal,minimal,ow14-s0077,1,model-facing/minimal-candidate-snapshots/ow14-s0077.json,4,4,True
3954,ow14-1-r03954,qwen_enriched,enriched,ow14-s0077,1,model-facing/enriched-candidate-snapshots/ow14-s0077.json,4,4,True
3955,ow14-1-r03955,qwen_minimal,minimal,ow14-s0077,2,model-facing/minimal-candidate-snapshots/ow14-s0077.json,4,4,True
3956,ow14-1-r03956,qwen_enriched,enriched,ow14-s0077,2,model-facing/enriched-candidate-snapshots/ow14-s0077.json,4,4,True
3957,ow14-1-r03957,qwen_minimal,minimal,ow14-s0077,3,model-facing/minimal-candidate-snapshots/ow14-s0077.json,4,4,True
3958,ow14-1-r03958,qwen_enriched,enriched,ow14-s0077,3,model-facing/enriched-candidate-snapshots/ow14-s0077.json,4,4,True
3959,ow14-1-r03959,qwen_minimal,minimal,ow14-s0077,4,model-facing/minimal-candidate-snapshots/ow14-s0077.json,4,4,True
3960,ow14-1-r03960,qwen_enriched,enriched,ow14-s0077,4,model-facing/enriched-candidate-snapshots/ow14-s0077.json,4,4,True
3961,ow14-1-r03961,qwen_minimal,minimal,ow14-s0077,5,model-facing/minimal-candidate-snapshots/ow14-s0077.json,4,4,True
3962,ow14-1-r03962,qwen_enriched,enriched,ow14-s0077,5,model-facing/enriched-candidate-snapshots/ow14-s0077.json,4,4,True
3963,ow14-1-r03963,qwen_minimal,minimal,ow14-s0078,1,model-facing/minimal-candidate-snapshots/ow14-s0078.json,4,4,True
3964,ow14-1-r03964,qwen_enriched,enriched,ow14-s0078,1,model-facing/enriched-candidate-snapshots/ow14-s0078.json,4,4,True
3965,ow14-1-r03965,qwen_minimal,minimal,ow14-s0078,2,model-facing/minimal-candidate-snapshots/ow14-s0078.json,4,4,True
3966,ow14-1-r03966,qwen_enriched,enriched,ow14-s0078,2,model-facing/enriched-candidate-snapshots/ow14-s0078.json,4,4,True
3967,ow14-1-r03967,qwen_minimal,minimal,ow14-s0078,3,model-facing/minimal-candidate-snapshots/ow14-s0078.json,4,4,True
3968,ow14-1-r03968,qwen_enriched,enriched,ow14-s0078,3,model-facing/enriched-candidate-snapshots/ow14-s0078.json,4,4,True
3969,ow14-1-r03969,qwen_minimal,minimal,ow14-s0078,4,model-facing/minimal-candidate-snapshots/ow14-s0078.json,4,4,True
3970,ow14-1-r03970,qwen_enriched,enriched,ow14-s0078,4,model-facing/enriched-candidate-snapshots/ow14-s0078.json,4,4,True
3971,ow14-1-r03971,qwen_minimal,minimal,ow14-s0078,5,model-facing/minimal-candidate-snapshots/ow14-s0078.json,4,4,True
3972,ow14-1-r03972,qwen_enriched,enriched,ow14-s0078,5,model-facing/enriched-candidate-snapshots/ow14-s0078.json,4,4,True
3973,ow14-1-r03973,qwen_minimal,minimal,ow14-s0079,1,model-facing/minimal-candidate-snapshots/ow14-s0079.json,4,4,True
3974,ow14-1-r03974,qwen_enriched,enriched,ow14-s0079,1,model-facing/enriched-candidate-snapshots/ow14-s0079.json,4,4,True
3975,ow14-1-r03975,qwen_minimal,minimal,ow14-s0079,2,model-facing/minimal-candidate-snapshots/ow14-s0079.json,4,4,True
3976,ow14-1-r03976,qwen_enriched,enriched,ow14-s0079,2,model-facing/enriched-candidate-snapshots/ow14-s0079.json,4,4,True
3977,ow14-1-r03977,qwen_minimal,minimal,ow14-s0079,3,model-facing/minimal-candidate-snapshots/ow14-s0079.json,4,4,True
3978,ow14-1-r03978,qwen_enriched,enriched,ow14-s0079,3,model-facing/enriched-candidate-snapshots/ow14-s0079.json,4,4,True
3979,ow14-1-r03979,qwen_minimal,minimal,ow14-s0079,4,model-facing/minimal-candidate-snapshots/ow14-s0079.json,4,4,True
3980,ow14-1-r03980,qwen_enriched,enriched,ow14-s0079,4,model-facing/enriched-candidate-snapshots/ow14-s0079.json,4,4,True
3981,ow14-1-r03981,qwen_minimal,minimal,ow14-s0079,5,model-facing/minimal-candidate-snapshots/ow14-s0079.json,4,4,True
3982,ow14-1-r03982,qwen_enriched,enriched,ow14-s0079,5,model-facing/enriched-candidate-snapshots/ow14-s0079.json,4,4,True
3983,ow14-1-r03983,qwen_minimal,minimal,ow14-s0080,1,model-facing/minimal-candidate-snapshots/ow14-s0080.json,4,4,True
3984,ow14-1-r03984,qwen_enriched,enriched,ow14-s0080,1,model-facing/enriched-candidate-snapshots/ow14-s0080.json,4,4,True
3985,ow14-1-r03985,qwen_minimal,minimal,ow14-s0080,2,model-facing/minimal-candidate-snapshots/ow14-s0080.json,4,4,True
3986,ow14-1-r03986,qwen_enriched,enriched,ow14-s0080,2,model-facing/enriched-candidate-snapshots/ow14-s0080.json,4,4,True
3987,ow14-1-r03987,qwen_minimal,minimal,ow14-s0080,3,model-facing/minimal-candidate-snapshots/ow14-s0080.json,4,4,True
3988,ow14-1-r03988,qwen_enriched,enriched,ow14-s0080,3,model-facing/enriched-candidate-snapshots/ow14-s0080.json,4,4,True
3989,ow14-1-r03989,qwen_minimal,minimal,ow14-s0080,4,model-facing/minimal-candidate-snapshots/ow14-s0080.json,4,4,True
3990,ow14-1-r03990,qwen_enriched,enriched,ow14-s0080,4,model-facing/enriched-candidate-snapshots/ow14-s0080.json,4,4,True
3991,ow14-1-r03991,qwen_minimal,minimal,ow14-s0080,5,model-facing/minimal-candidate-snapshots/ow14-s0080.json,4,4,True
3992,ow14-1-r03992,qwen_enriched,enriched,ow14-s0080,5,model-facing/enriched-candidate-snapshots/ow14-s0080.json,4,4,True
3993,ow14-1-r03993,qwen_minimal,minimal,ow14-s0081,1,model-facing/minimal-candidate-snapshots/ow14-s0081.json,4,4,True
3994,ow14-1-r03994,qwen_enriched,enriched,ow14-s0081,1,model-facing/enriched-candidate-snapshots/ow14-s0081.json,4,4,True
3995,ow14-1-r03995,qwen_minimal,minimal,ow14-s0081,2,model-facing/minimal-candidate-snapshots/ow14-s0081.json,4,4,True
3996,ow14-1-r03996,qwen_enriched,enriched,ow14-s0081,2,model-facing/enriched-candidate-snapshots/ow14-s0081.json,4,4,True
3997,ow14-1-r03997,qwen_minimal,minimal,ow14-s0081,3,model-facing/minimal-candidate-snapshots/ow14-s0081.json,4,4,True
3998,ow14-1-r03998,qwen_enriched,enriched,ow14-s0081,3,model-facing/enriched-candidate-snapshots/ow14-s0081.json,4,4,True
3999,ow14-1-r03999,qwen_minimal,minimal,ow14-s0081,4,model-facing/minimal-candidate-snapshots/ow14-s0081.json,4,4,True
4000,ow14-1-r04000,qwen_enriched,enriched,ow14-s0081,4,model-facing/enriched-candidate-snapshots/ow14-s0081.json,4,4,True
4001,ow14-1-r04001,qwen_minimal,minimal,ow14-s0081,5,model-facing/minimal-candidate-snapshots/ow14-s0081.json,4,4,True
4002,ow14-1-r04002,qwen_enriched,enriched,ow14-s0081,5,model-facing/enriched-candidate-snapshots/ow14-s0081.json,4,4,True
4003,ow14-1-r04003,qwen_minimal,minimal,ow14-s0082,1,model-facing/minimal-candidate-snapshots/ow14-s0082.json,4,4,True
4004,ow14-1-r04004,qwen_enriched,enriched,ow14-s0082,1,model-facing/enriched-candidate-snapshots/ow14-s0082.json,4,4,True
4005,ow14-1-r04005,qwen_minimal,minimal,ow14-s0082,2,model-facing/minimal-candidate-snapshots/ow14-s0082.json,4,4,True
4006,ow14-1-r04006,qwen_enriched,enriched,ow14-s0082,2,model-facing/enriched-candidate-snapshots/ow14-s0082.json,4,4,True
4007,ow14-1-r04007,qwen_minimal,minimal,ow14-s0082,3,model-facing/minimal-candidate-snapshots/ow14-s0082.json,4,4,True
4008,ow14-1-r04008,qwen_enriched,enriched,ow14-s0082,3,model-facing/enriched-candidate-snapshots/ow14-s0082.json,4,4,True
4009,ow14-1-r04009,qwen_minimal,minimal,ow14-s0082,4,model-facing/minimal-candidate-snapshots/ow14-s0082.json,4,4,True
4010,ow14-1-r04010,qwen_enriched,enriched,ow14-s0082,4,model-facing/enriched-candidate-snapshots/ow14-s0082.json,4,4,True
4011,ow14-1-r04011,qwen_minimal,minimal,ow14-s0082,5,model-facing/minimal-candidate-snapshots/ow14-s0082.json,4,4,True
4012,ow14-1-r04012,qwen_enriched,enriched,ow14-s0082,5,model-facing/enriched-candidate-snapshots/ow14-s0082.json,4,4,True
4013,ow14-1-r04013,qwen_minimal,minimal,ow14-s0083,1,model-facing/minimal-candidate-snapshots/ow14-s0083.json,4,4,True
4014,ow14-1-r04014,qwen_enriched,enriched,ow14-s0083,1,model-facing/enriched-candidate-snapshots/ow14-s0083.json,4,4,True
4015,ow14-1-r04015,qwen_minimal,minimal,ow14-s0083,2,model-facing/minimal-candidate-snapshots/ow14-s0083.json,4,4,True
4016,ow14-1-r04016,qwen_enriched,enriched,ow14-s0083,2,model-facing/enriched-candidate-snapshots/ow14-s0083.json,4,4,True
4017,ow14-1-r04017,qwen_minimal,minimal,ow14-s0083,3,model-facing/minimal-candidate-snapshots/ow14-s0083.json,4,4,True
4018,ow14-1-r04018,qwen_enriched,enriched,ow14-s0083,3,model-facing/enriched-candidate-snapshots/ow14-s0083.json,4,4,True
4019,ow14-1-r04019,qwen_minimal,minimal,ow14-s0083,4,model-facing/minimal-candidate-snapshots/ow14-s0083.json,4,4,True
4020,ow14-1-r04020,qwen_enriched,enriched,ow14-s0083,4,model-facing/enriched-candidate-snapshots/ow14-s0083.json,4,4,True
4021,ow14-1-r04021,qwen_minimal,minimal,ow14-s0083,5,model-facing/minimal-candidate-snapshots/ow14-s0083.json,4,4,True
4022,ow14-1-r04022,qwen_enriched,enriched,ow14-s0083,5,model-facing/enriched-candidate-snapshots/ow14-s0083.json,4,4,True
4023,ow14-1-r04023,qwen_minimal,minimal,ow14-s0084,1,model-facing/minimal-candidate-snapshots/ow14-s0084.json,4,4,True
4024,ow14-1-r04024,qwen_enriched,enriched,ow14-s0084,1,model-facing/enriched-candidate-snapshots/ow14-s0084.json,4,4,True
4025,ow14-1-r04025,qwen_minimal,minimal,ow14-s0084,2,model-facing/minimal-candidate-snapshots/ow14-s0084.json,4,4,True
4026,ow14-1-r04026,qwen_enriched,enriched,ow14-s0084,2,model-facing/enriched-candidate-snapshots/ow14-s0084.json,4,4,True
4027,ow14-1-r04027,qwen_minimal,minimal,ow14-s0084,3,model-facing/minimal-candidate-snapshots/ow14-s0084.json,4,4,True
4028,ow14-1-r04028,qwen_enriched,enriched,ow14-s0084,3,model-facing/enriched-candidate-snapshots/ow14-s0084.json,4,4,True
4029,ow14-1-r04029,qwen_minimal,minimal,ow14-s0084,4,model-facing/minimal-candidate-snapshots/ow14-s0084.json,4,4,True
4030,ow14-1-r04030,qwen_enriched,enriched,ow14-s0084,4,model-facing/enriched-candidate-snapshots/ow14-s0084.json,4,4,True
4031,ow14-1-r04031,qwen_minimal,minimal,ow14-s0084,5,model-facing/minimal-candidate-snapshots/ow14-s0084.json,4,4,True
4032,ow14-1-r04032,qwen_enriched,enriched,ow14-s0084,5,model-facing/enriched-candidate-snapshots/ow14-s0084.json,4,4,True
4033,ow14-1-r04033,qwen_minimal,minimal,ow14-s0085,1,model-facing/minimal-candidate-snapshots/ow14-s0085.json,4,4,True
4034,ow14-1-r04034,qwen_enriched,enriched,ow14-s0085,1,model-facing/enriched-candidate-snapshots/ow14-s0085.json,4,4,True
4035,ow14-1-r04035,qwen_minimal,minimal,ow14-s0085,2,model-facing/minimal-candidate-snapshots/ow14-s0085.json,4,4,True
4036,ow14-1-r04036,qwen_enriched,enriched,ow14-s0085,2,model-facing/enriched-candidate-snapshots/ow14-s0085.json,4,4,True
4037,ow14-1-r04037,qwen_minimal,minimal,ow14-s0085,3,model-facing/minimal-candidate-snapshots/ow14-s0085.json,4,4,True
4038,ow14-1-r04038,qwen_enriched,enriched,ow14-s0085,3,model-facing/enriched-candidate-snapshots/ow14-s0085.json,4,4,True
4039,ow14-1-r04039,qwen_minimal,minimal,ow14-s0085,4,model-facing/minimal-candidate-snapshots/ow14-s0085.json,4,4,True
4040,ow14-1-r04040,qwen_enriched,enriched,ow14-s0085,4,model-facing/enriched-candidate-snapshots/ow14-s0085.json,4,4,True
4041,ow14-1-r04041,qwen_minimal,minimal,ow14-s0085,5,model-facing/minimal-candidate-snapshots/ow14-s0085.json,4,4,True
4042,ow14-1-r04042,qwen_enriched,enriched,ow14-s0085,5,model-facing/enriched-candidate-snapshots/ow14-s0085.json,4,4,True
4043,ow14-1-r04043,qwen_minimal,minimal,ow14-s0086,1,model-facing/minimal-candidate-snapshots/ow14-s0086.json,4,4,True
4044,ow14-1-r04044,qwen_enriched,enriched,ow14-s0086,1,model-facing/enriched-candidate-snapshots/ow14-s0086.json,4,4,True
4045,ow14-1-r04045,qwen_minimal,minimal,ow14-s0086,2,model-facing/minimal-candidate-snapshots/ow14-s0086.json,4,4,True
4046,ow14-1-r04046,qwen_enriched,enriched,ow14-s0086,2,model-facing/enriched-candidate-snapshots/ow14-s0086.json,4,4,True
4047,ow14-1-r04047,qwen_minimal,minimal,ow14-s0086,3,model-facing/minimal-candidate-snapshots/ow14-s0086.json,4,4,True
4048,ow14-1-r04048,qwen_enriched,enriched,ow14-s0086,3,model-facing/enriched-candidate-snapshots/ow14-s0086.json,4,4,True
4049,ow14-1-r04049,qwen_minimal,minimal,ow14-s0086,4,model-facing/minimal-candidate-snapshots/ow14-s0086.json,4,4,True
4050,ow14-1-r04050,qwen_enriched,enriched,ow14-s0086,4,model-facing/enriched-candidate-snapshots/ow14-s0086.json,4,4,True
4051,ow14-1-r04051,qwen_minimal,minimal,ow14-s0086,5,model-facing/minimal-candidate-snapshots/ow14-s0086.json,4,4,True
4052,ow14-1-r04052,qwen_enriched,enriched,ow14-s0086,5,model-facing/enriched-candidate-snapshots/ow14-s0086.json,4,4,True
4053,ow14-1-r04053,qwen_minimal,minimal,ow14-s0087,1,model-facing/minimal-candidate-snapshots/ow14-s0087.json,4,4,True
4054,ow14-1-r04054,qwen_enriched,enriched,ow14-s0087,1,model-facing/enriched-candidate-snapshots/ow14-s0087.json,4,4,True
4055,ow14-1-r04055,qwen_minimal,minimal,ow14-s0087,2,model-facing/minimal-candidate-snapshots/ow14-s0087.json,4,4,True
4056,ow14-1-r04056,qwen_enriched,enriched,ow14-s0087,2,model-facing/enriched-candidate-snapshots/ow14-s0087.json,4,4,True
4057,ow14-1-r04057,qwen_minimal,minimal,ow14-s0087,3,model-facing/minimal-candidate-snapshots/ow14-s0087.json,4,4,True
4058,ow14-1-r04058,qwen_enriched,enriched,ow14-s0087,3,model-facing/enriched-candidate-snapshots/ow14-s0087.json,4,4,True
4059,ow14-1-r04059,qwen_minimal,minimal,ow14-s0087,4,model-facing/minimal-candidate-snapshots/ow14-s0087.json,4,4,True
4060,ow14-1-r04060,qwen_enriched,enriched,ow14-s0087,4,model-facing/enriched-candidate-snapshots/ow14-s0087.json,4,4,True
4061,ow14-1-r04061,qwen_minimal,minimal,ow14-s0087,5,model-facing/minimal-candidate-snapshots/ow14-s0087.json,4,4,True
4062,ow14-1-r04062,qwen_enriched,enriched,ow14-s0087,5,model-facing/enriched-candidate-snapshots/ow14-s0087.json,4,4,True
4063,ow14-1-r04063,qwen_minimal,minimal,ow14-s0088,1,model-facing/minimal-candidate-snapshots/ow14-s0088.json,4,4,True
4064,ow14-1-r04064,qwen_enriched,enriched,ow14-s0088,1,model-facing/enriched-candidate-snapshots/ow14-s0088.json,4,4,True
4065,ow14-1-r04065,qwen_minimal,minimal,ow14-s0088,2,model-facing/minimal-candidate-snapshots/ow14-s0088.json,4,4,True
4066,ow14-1-r04066,qwen_enriched,enriched,ow14-s0088,2,model-facing/enriched-candidate-snapshots/ow14-s0088.json,4,4,True
4067,ow14-1-r04067,qwen_minimal,minimal,ow14-s0088,3,model-facing/minimal-candidate-snapshots/ow14-s0088.json,4,4,True
4068,ow14-1-r04068,qwen_enriched,enriched,ow14-s0088,3,model-facing/enriched-candidate-snapshots/ow14-s0088.json,4,4,True
4069,ow14-1-r04069,qwen_minimal,minimal,ow14-s0088,4,model-facing/minimal-candidate-snapshots/ow14-s0088.json,4,4,True
4070,ow14-1-r04070,qwen_enriched,enriched,ow14-s0088,4,model-facing/enriched-candidate-snapshots/ow14-s0088.json,4,4,True
4071,ow14-1-r04071,qwen_minimal,minimal,ow14-s0088,5,model-facing/minimal-candidate-snapshots/ow14-s0088.json,4,4,True
4072,ow14-1-r04072,qwen_enriched,enriched,ow14-s0088,5,model-facing/enriched-candidate-snapshots/ow14-s0088.json,4,4,True
4073,ow14-1-r04073,qwen_minimal,minimal,ow14-s0089,1,model-facing/minimal-candidate-snapshots/ow14-s0089.json,4,4,True
4074,ow14-1-r04074,qwen_enriched,enriched,ow14-s0089,1,model-facing/enriched-candidate-snapshots/ow14-s0089.json,4,4,True
4075,ow14-1-r04075,qwen_minimal,minimal,ow14-s0089,2,model-facing/minimal-candidate-snapshots/ow14-s0089.json,4,4,True
4076,ow14-1-r04076,qwen_enriched,enriched,ow14-s0089,2,model-facing/enriched-candidate-snapshots/ow14-s0089.json,4,4,True
4077,ow14-1-r04077,qwen_minimal,minimal,ow14-s0089,3,model-facing/minimal-candidate-snapshots/ow14-s0089.json,4,4,True
4078,ow14-1-r04078,qwen_enriched,enriched,ow14-s0089,3,model-facing/enriched-candidate-snapshots/ow14-s0089.json,4,4,True
4079,ow14-1-r04079,qwen_minimal,minimal,ow14-s0089,4,model-facing/minimal-candidate-snapshots/ow14-s0089.json,4,4,True
4080,ow14-1-r04080,qwen_enriched,enriched,ow14-s0089,4,model-facing/enriched-candidate-snapshots/ow14-s0089.json,4,4,True
4081,ow14-1-r04081,qwen_minimal,minimal,ow14-s0089,5,model-facing/minimal-candidate-snapshots/ow14-s0089.json,4,4,True
4082,ow14-1-r04082,qwen_enriched,enriched,ow14-s0089,5,model-facing/enriched-candidate-snapshots/ow14-s0089.json,4,4,True
4083,ow14-1-r04083,qwen_minimal,minimal,ow14-s0090,1,model-facing/minimal-candidate-snapshots/ow14-s0090.json,4,4,True
4084,ow14-1-r04084,qwen_enriched,enriched,ow14-s0090,1,model-facing/enriched-candidate-snapshots/ow14-s0090.json,4,4,True
4085,ow14-1-r04085,qwen_minimal,minimal,ow14-s0090,2,model-facing/minimal-candidate-snapshots/ow14-s0090.json,4,4,True
4086,ow14-1-r04086,qwen_enriched,enriched,ow14-s0090,2,model-facing/enriched-candidate-snapshots/ow14-s0090.json,4,4,True
4087,ow14-1-r04087,qwen_minimal,minimal,ow14-s0090,3,model-facing/minimal-candidate-snapshots/ow14-s0090.json,4,4,True
4088,ow14-1-r04088,qwen_enriched,enriched,ow14-s0090,3,model-facing/enriched-candidate-snapshots/ow14-s0090.json,4,4,True
4089,ow14-1-r04089,qwen_minimal,minimal,ow14-s0090,4,model-facing/minimal-candidate-snapshots/ow14-s0090.json,4,4,True
4090,ow14-1-r04090,qwen_enriched,enriched,ow14-s0090,4,model-facing/enriched-candidate-snapshots/ow14-s0090.json,4,4,True
4091,ow14-1-r04091,qwen_minimal,minimal,ow14-s0090,5,model-facing/minimal-candidate-snapshots/ow14-s0090.json,4,4,True
4092,ow14-1-r04092,qwen_enriched,enriched,ow14-s0090,5,model-facing/enriched-candidate-snapshots/ow14-s0090.json,4,4,True
4093,ow14-1-r04093,qwen_minimal,minimal,ow14-s0091,1,model-facing/minimal-candidate-snapshots/ow14-s0091.json,4,4,True
4094,ow14-1-r04094,qwen_enriched,enriched,ow14-s0091,1,model-facing/enriched-candidate-snapshots/ow14-s0091.json,4,4,True
4095,ow14-1-r04095,qwen_minimal,minimal,ow14-s0091,2,model-facing/minimal-candidate-snapshots/ow14-s0091.json,4,4,True
4096,ow14-1-r04096,qwen_enriched,enriched,ow14-s0091,2,model-facing/enriched-candidate-snapshots/ow14-s0091.json,4,4,True
4097,ow14-1-r04097,qwen_minimal,minimal,ow14-s0091,3,model-facing/minimal-candidate-snapshots/ow14-s0091.json,4,4,True
4098,ow14-1-r04098,qwen_enriched,enriched,ow14-s0091,3,model-facing/enriched-candidate-snapshots/ow14-s0091.json,4,4,True
4099,ow14-1-r04099,qwen_minimal,minimal,ow14-s0091,4,model-facing/minimal-candidate-snapshots/ow14-s0091.json,4,4,True
4100,ow14-1-r04100,qwen_enriched,enriched,ow14-s0091,4,model-facing/enriched-candidate-snapshots/ow14-s0091.json,4,4,True
4101,ow14-1-r04101,qwen_minimal,minimal,ow14-s0091,5,model-facing/minimal-candidate-snapshots/ow14-s0091.json,4,4,True
4102,ow14-1-r04102,qwen_enriched,enriched,ow14-s0091,5,model-facing/enriched-candidate-snapshots/ow14-s0091.json,4,4,True
4103,ow14-1-r04103,qwen_minimal,minimal,ow14-s0092,1,model-facing/minimal-candidate-snapshots/ow14-s0092.json,4,4,True
4104,ow14-1-r04104,qwen_enriched,enriched,ow14-s0092,1,model-facing/enriched-candidate-snapshots/ow14-s0092.json,4,4,True
4105,ow14-1-r04105,qwen_minimal,minimal,ow14-s0092,2,model-facing/minimal-candidate-snapshots/ow14-s0092.json,4,4,True
4106,ow14-1-r04106,qwen_enriched,enriched,ow14-s0092,2,model-facing/enriched-candidate-snapshots/ow14-s0092.json,4,4,True
4107,ow14-1-r04107,qwen_minimal,minimal,ow14-s0092,3,model-facing/minimal-candidate-snapshots/ow14-s0092.json,4,4,True
4108,ow14-1-r04108,qwen_enriched,enriched,ow14-s0092,3,model-facing/enriched-candidate-snapshots/ow14-s0092.json,4,4,True
4109,ow14-1-r04109,qwen_minimal,minimal,ow14-s0092,4,model-facing/minimal-candidate-snapshots/ow14-s0092.json,4,4,True
4110,ow14-1-r04110,qwen_enriched,enriched,ow14-s0092,4,model-facing/enriched-candidate-snapshots/ow14-s0092.json,4,4,True
4111,ow14-1-r04111,qwen_minimal,minimal,ow14-s0092,5,model-facing/minimal-candidate-snapshots/ow14-s0092.json,4,4,True
4112,ow14-1-r04112,qwen_enriched,enriched,ow14-s0092,5,model-facing/enriched-candidate-snapshots/ow14-s0092.json,4,4,True
4113,ow14-1-r04113,qwen_minimal,minimal,ow14-s0093,1,model-facing/minimal-candidate-snapshots/ow14-s0093.json,4,4,True
4114,ow14-1-r04114,qwen_enriched,enriched,ow14-s0093,1,model-facing/enriched-candidate-snapshots/ow14-s0093.json,4,4,True
4115,ow14-1-r04115,qwen_minimal,minimal,ow14-s0093,2,model-facing/minimal-candidate-snapshots/ow14-s0093.json,4,4,True
4116,ow14-1-r04116,qwen_enriched,enriched,ow14-s0093,2,model-facing/enriched-candidate-snapshots/ow14-s0093.json,4,4,True
4117,ow14-1-r04117,qwen_minimal,minimal,ow14-s0093,3,model-facing/minimal-candidate-snapshots/ow14-s0093.json,4,4,True
4118,ow14-1-r04118,qwen_enriched,enriched,ow14-s0093,3,model-facing/enriched-candidate-snapshots/ow14-s0093.json,4,4,True
4119,ow14-1-r04119,qwen_minimal,minimal,ow14-s0093,4,model-facing/minimal-candidate-snapshots/ow14-s0093.json,4,4,True
4120,ow14-1-r04120,qwen_enriched,enriched,ow14-s0093,4,model-facing/enriched-candidate-snapshots/ow14-s0093.json,4,4,True
4121,ow14-1-r04121,qwen_minimal,minimal,ow14-s0093,5,model-facing/minimal-candidate-snapshots/ow14-s0093.json,4,4,True
4122,ow14-1-r04122,qwen_enriched,enriched,ow14-s0093,5,model-facing/enriched-candidate-snapshots/ow14-s0093.json,4,4,True
4123,ow14-1-r04123,qwen_minimal,minimal,ow14-s0094,1,model-facing/minimal-candidate-snapshots/ow14-s0094.json,4,4,True
4124,ow14-1-r04124,qwen_enriched,enriched,ow14-s0094,1,model-facing/enriched-candidate-snapshots/ow14-s0094.json,4,4,True
4125,ow14-1-r04125,qwen_minimal,minimal,ow14-s0094,2,model-facing/minimal-candidate-snapshots/ow14-s0094.json,4,4,True
4126,ow14-1-r04126,qwen_enriched,enriched,ow14-s0094,2,model-facing/enriched-candidate-snapshots/ow14-s0094.json,4,4,True
4127,ow14-1-r04127,qwen_minimal,minimal,ow14-s0094,3,model-facing/minimal-candidate-snapshots/ow14-s0094.json,4,4,True
4128,ow14-1-r04128,qwen_enriched,enriched,ow14-s0094,3,model-facing/enriched-candidate-snapshots/ow14-s0094.json,4,4,True
4129,ow14-1-r04129,qwen_minimal,minimal,ow14-s0094,4,model-facing/minimal-candidate-snapshots/ow14-s0094.json,4,4,True
4130,ow14-1-r04130,qwen_enriched,enriched,ow14-s0094,4,model-facing/enriched-candidate-snapshots/ow14-s0094.json,4,4,True
4131,ow14-1-r04131,qwen_minimal,minimal,ow14-s0094,5,model-facing/minimal-candidate-snapshots/ow14-s0094.json,4,4,True
4132,ow14-1-r04132,qwen_enriched,enriched,ow14-s0094,5,model-facing/enriched-candidate-snapshots/ow14-s0094.json,4,4,True
4133,ow14-1-r04133,qwen_minimal,minimal,ow14-s0095,1,model-facing/minimal-candidate-snapshots/ow14-s0095.json,4,4,True
4134,ow14-1-r04134,qwen_enriched,enriched,ow14-s0095,1,model-facing/enriched-candidate-snapshots/ow14-s0095.json,4,4,True
4135,ow14-1-r04135,qwen_minimal,minimal,ow14-s0095,2,model-facing/minimal-candidate-snapshots/ow14-s0095.json,4,4,True
4136,ow14-1-r04136,qwen_enriched,enriched,ow14-s0095,2,model-facing/enriched-candidate-snapshots/ow14-s0095.json,4,4,True
4137,ow14-1-r04137,qwen_minimal,minimal,ow14-s0095,3,model-facing/minimal-candidate-snapshots/ow14-s0095.json,4,4,True
4138,ow14-1-r04138,qwen_enriched,enriched,ow14-s0095,3,model-facing/enriched-candidate-snapshots/ow14-s0095.json,4,4,True
4139,ow14-1-r04139,qwen_minimal,minimal,ow14-s0095,4,model-facing/minimal-candidate-snapshots/ow14-s0095.json,4,4,True
4140,ow14-1-r04140,qwen_enriched,enriched,ow14-s0095,4,model-facing/enriched-candidate-snapshots/ow14-s0095.json,4,4,True
4141,ow14-1-r04141,qwen_minimal,minimal,ow14-s0095,5,model-facing/minimal-candidate-snapshots/ow14-s0095.json,4,4,True
4142,ow14-1-r04142,qwen_enriched,enriched,ow14-s0095,5,model-facing/enriched-candidate-snapshots/ow14-s0095.json,4,4,True
4143,ow14-1-r04143,qwen_minimal,minimal,ow14-s0096,1,model-facing/minimal-candidate-snapshots/ow14-s0096.json,4,4,True
4144,ow14-1-r04144,qwen_enriched,enriched,ow14-s0096,1,model-facing/enriched-candidate-snapshots/ow14-s0096.json,4,4,True
4145,ow14-1-r04145,qwen_minimal,minimal,ow14-s0096,2,model-facing/minimal-candidate-snapshots/ow14-s0096.json,4,4,True
4146,ow14-1-r04146,qwen_enriched,enriched,ow14-s0096,2,model-facing/enriched-candidate-snapshots/ow14-s0096.json,4,4,True
4147,ow14-1-r04147,qwen_minimal,minimal,ow14-s0096,3,model-facing/minimal-candidate-snapshots/ow14-s0096.json,4,4,True
4148,ow14-1-r04148,qwen_enriched,enriched,ow14-s0096,3,model-facing/enriched-candidate-snapshots/ow14-s0096.json,4,4,True
4149,ow14-1-r04149,qwen_minimal,minimal,ow14-s0096,4,model-facing/minimal-candidate-snapshots/ow14-s0096.json,4,4,True
4150,ow14-1-r04150,qwen_enriched,enriched,ow14-s0096,4,model-facing/enriched-candidate-snapshots/ow14-s0096.json,4,4,True
4151,ow14-1-r04151,qwen_minimal,minimal,ow14-s0096,5,model-facing/minimal-candidate-snapshots/ow14-s0096.json,4,4,True
4152,ow14-1-r04152,qwen_enriched,enriched,ow14-s0096,5,model-facing/enriched-candidate-snapshots/ow14-s0096.json,4,4,True
4153,ow14-1-r04153,qwen_minimal,minimal,ow14-s0097,1,model-facing/minimal-candidate-snapshots/ow14-s0097.json,4,4,True
4154,ow14-1-r04154,qwen_enriched,enriched,ow14-s0097,1,model-facing/enriched-candidate-snapshots/ow14-s0097.json,4,4,True
4155,ow14-1-r04155,qwen_minimal,minimal,ow14-s0097,2,model-facing/minimal-candidate-snapshots/ow14-s0097.json,4,4,True
4156,ow14-1-r04156,qwen_enriched,enriched,ow14-s0097,2,model-facing/enriched-candidate-snapshots/ow14-s0097.json,4,4,True
4157,ow14-1-r04157,qwen_minimal,minimal,ow14-s0097,3,model-facing/minimal-candidate-snapshots/ow14-s0097.json,4,4,True
4158,ow14-1-r04158,qwen_enriched,enriched,ow14-s0097,3,model-facing/enriched-candidate-snapshots/ow14-s0097.json,4,4,True
4159,ow14-1-r04159,qwen_minimal,minimal,ow14-s0097,4,model-facing/minimal-candidate-snapshots/ow14-s0097.json,4,4,True
4160,ow14-1-r04160,qwen_enriched,enriched,ow14-s0097,4,model-facing/enriched-candidate-snapshots/ow14-s0097.json,4,4,True
4161,ow14-1-r04161,qwen_minimal,minimal,ow14-s0097,5,model-facing/minimal-candidate-snapshots/ow14-s0097.json,4,4,True
4162,ow14-1-r04162,qwen_enriched,enriched,ow14-s0097,5,model-facing/enriched-candidate-snapshots/ow14-s0097.json,4,4,True
4163,ow14-1-r04163,qwen_minimal,minimal,ow14-s0098,1,model-facing/minimal-candidate-snapshots/ow14-s0098.json,4,4,True
4164,ow14-1-r04164,qwen_enriched,enriched,ow14-s0098,1,model-facing/enriched-candidate-snapshots/ow14-s0098.json,4,4,True
4165,ow14-1-r04165,qwen_minimal,minimal,ow14-s0098,2,model-facing/minimal-candidate-snapshots/ow14-s0098.json,4,4,True
4166,ow14-1-r04166,qwen_enriched,enriched,ow14-s0098,2,model-facing/enriched-candidate-snapshots/ow14-s0098.json,4,4,True
4167,ow14-1-r04167,qwen_minimal,minimal,ow14-s0098,3,model-facing/minimal-candidate-snapshots/ow14-s0098.json,4,4,True
4168,ow14-1-r04168,qwen_enriched,enriched,ow14-s0098,3,model-facing/enriched-candidate-snapshots/ow14-s0098.json,4,4,True
4169,ow14-1-r04169,qwen_minimal,minimal,ow14-s0098,4,model-facing/minimal-candidate-snapshots/ow14-s0098.json,4,4,True
4170,ow14-1-r04170,qwen_enriched,enriched,ow14-s0098,4,model-facing/enriched-candidate-snapshots/ow14-s0098.json,4,4,True
4171,ow14-1-r04171,qwen_minimal,minimal,ow14-s0098,5,model-facing/minimal-candidate-snapshots/ow14-s0098.json,4,4,True
4172,ow14-1-r04172,qwen_enriched,enriched,ow14-s0098,5,model-facing/enriched-candidate-snapshots/ow14-s0098.json,4,4,True
4173,ow14-1-r04173,qwen_minimal,minimal,ow14-s0099,1,model-facing/minimal-candidate-snapshots/ow14-s0099.json,4,4,True
4174,ow14-1-r04174,qwen_enriched,enriched,ow14-s0099,1,model-facing/enriched-candidate-snapshots/ow14-s0099.json,4,4,True
4175,ow14-1-r04175,qwen_minimal,minimal,ow14-s0099,2,model-facing/minimal-candidate-snapshots/ow14-s0099.json,4,4,True
4176,ow14-1-r04176,qwen_enriched,enriched,ow14-s0099,2,model-facing/enriched-candidate-snapshots/ow14-s0099.json,4,4,True
4177,ow14-1-r04177,qwen_minimal,minimal,ow14-s0099,3,model-facing/minimal-candidate-snapshots/ow14-s0099.json,4,4,True
4178,ow14-1-r04178,qwen_enriched,enriched,ow14-s0099,3,model-facing/enriched-candidate-snapshots/ow14-s0099.json,4,4,True
4179,ow14-1-r04179,qwen_minimal,minimal,ow14-s0099,4,model-facing/minimal-candidate-snapshots/ow14-s0099.json,4,4,True
4180,ow14-1-r04180,qwen_enriched,enriched,ow14-s0099,4,model-facing/enriched-candidate-snapshots/ow14-s0099.json,4,4,True
4181,ow14-1-r04181,qwen_minimal,minimal,ow14-s0099,5,model-facing/minimal-candidate-snapshots/ow14-s0099.json,4,4,True
4182,ow14-1-r04182,qwen_enriched,enriched,ow14-s0099,5,model-facing/enriched-candidate-snapshots/ow14-s0099.json,4,4,True
4183,ow14-1-r04183,qwen_minimal,minimal,ow14-s0100,1,model-facing/minimal-candidate-snapshots/ow14-s0100.json,4,4,True
4184,ow14-1-r04184,qwen_enriched,enriched,ow14-s0100,1,model-facing/enriched-candidate-snapshots/ow14-s0100.json,4,4,True
4185,ow14-1-r04185,qwen_minimal,minimal,ow14-s0100,2,model-facing/minimal-candidate-snapshots/ow14-s0100.json,4,4,True
4186,ow14-1-r04186,qwen_enriched,enriched,ow14-s0100,2,model-facing/enriched-candidate-snapshots/ow14-s0100.json,4,4,True
4187,ow14-1-r04187,qwen_minimal,minimal,ow14-s0100,3,model-facing/minimal-candidate-snapshots/ow14-s0100.json,4,4,True
4188,ow14-1-r04188,qwen_enriched,enriched,ow14-s0100,3,model-facing/enriched-candidate-snapshots/ow14-s0100.json,4,4,True
4189,ow14-1-r04189,qwen_minimal,minimal,ow14-s0100,4,model-facing/minimal-candidate-snapshots/ow14-s0100.json,4,4,True
4190,ow14-1-r04190,qwen_enriched,enriched,ow14-s0100,4,model-facing/enriched-candidate-snapshots/ow14-s0100.json,4,4,True
4191,ow14-1-r04191,qwen_minimal,minimal,ow14-s0100,5,model-facing/minimal-candidate-snapshots/ow14-s0100.json,4,4,True
4192,ow14-1-r04192,qwen_enriched,enriched,ow14-s0100,5,model-facing/enriched-candidate-snapshots/ow14-s0100.json,4,4,True
4193,ow14-1-r04193,qwen_minimal,minimal,ow14-s0101,1,model-facing/minimal-candidate-snapshots/ow14-s0101.json,4,4,True
4194,ow14-1-r04194,qwen_enriched,enriched,ow14-s0101,1,model-facing/enriched-candidate-snapshots/ow14-s0101.json,4,4,True
4195,ow14-1-r04195,qwen_minimal,minimal,ow14-s0101,2,model-facing/minimal-candidate-snapshots/ow14-s0101.json,4,4,True
4196,ow14-1-r04196,qwen_enriched,enriched,ow14-s0101,2,model-facing/enriched-candidate-snapshots/ow14-s0101.json,4,4,True
4197,ow14-1-r04197,qwen_minimal,minimal,ow14-s0101,3,model-facing/minimal-candidate-snapshots/ow14-s0101.json,4,4,True
4198,ow14-1-r04198,qwen_enriched,enriched,ow14-s0101,3,model-facing/enriched-candidate-snapshots/ow14-s0101.json,4,4,True
4199,ow14-1-r04199,qwen_minimal,minimal,ow14-s0101,4,model-facing/minimal-candidate-snapshots/ow14-s0101.json,4,4,True
4200,ow14-1-r04200,qwen_enriched,enriched,ow14-s0101,4,model-facing/enriched-candidate-snapshots/ow14-s0101.json,4,4,True
4201,ow14-1-r04201,qwen_minimal,minimal,ow14-s0101,5,model-facing/minimal-candidate-snapshots/ow14-s0101.json,4,4,True
4202,ow14-1-r04202,qwen_enriched,enriched,ow14-s0101,5,model-facing/enriched-candidate-snapshots/ow14-s0101.json,4,4,True
4203,ow14-1-r04203,qwen_minimal,minimal,ow14-s0102,1,model-facing/minimal-candidate-snapshots/ow14-s0102.json,4,4,True
4204,ow14-1-r04204,qwen_enriched,enriched,ow14-s0102,1,model-facing/enriched-candidate-snapshots/ow14-s0102.json,4,4,True
4205,ow14-1-r04205,qwen_minimal,minimal,ow14-s0102,2,model-facing/minimal-candidate-snapshots/ow14-s0102.json,4,4,True
4206,ow14-1-r04206,qwen_enriched,enriched,ow14-s0102,2,model-facing/enriched-candidate-snapshots/ow14-s0102.json,4,4,True
4207,ow14-1-r04207,qwen_minimal,minimal,ow14-s0102,3,model-facing/minimal-candidate-snapshots/ow14-s0102.json,4,4,True
4208,ow14-1-r04208,qwen_enriched,enriched,ow14-s0102,3,model-facing/enriched-candidate-snapshots/ow14-s0102.json,4,4,True
4209,ow14-1-r04209,qwen_minimal,minimal,ow14-s0102,4,model-facing/minimal-candidate-snapshots/ow14-s0102.json,4,4,True
4210,ow14-1-r04210,qwen_enriched,enriched,ow14-s0102,4,model-facing/enriched-candidate-snapshots/ow14-s0102.json,4,4,True
4211,ow14-1-r04211,qwen_minimal,minimal,ow14-s0102,5,model-facing/minimal-candidate-snapshots/ow14-s0102.json,4,4,True
4212,ow14-1-r04212,qwen_enriched,enriched,ow14-s0102,5,model-facing/enriched-candidate-snapshots/ow14-s0102.json,4,4,True
4213,ow14-1-r04213,qwen_minimal,minimal,ow14-s0103,1,model-facing/minimal-candidate-snapshots/ow14-s0103.json,4,4,True
4214,ow14-1-r04214,qwen_enriched,enriched,ow14-s0103,1,model-facing/enriched-candidate-snapshots/ow14-s0103.json,4,4,True
4215,ow14-1-r04215,qwen_minimal,minimal,ow14-s0103,2,model-facing/minimal-candidate-snapshots/ow14-s0103.json,4,4,True
4216,ow14-1-r04216,qwen_enriched,enriched,ow14-s0103,2,model-facing/enriched-candidate-snapshots/ow14-s0103.json,4,4,True
4217,ow14-1-r04217,qwen_minimal,minimal,ow14-s0103,3,model-facing/minimal-candidate-snapshots/ow14-s0103.json,4,4,True
4218,ow14-1-r04218,qwen_enriched,enriched,ow14-s0103,3,model-facing/enriched-candidate-snapshots/ow14-s0103.json,4,4,True
4219,ow14-1-r04219,qwen_minimal,minimal,ow14-s0103,4,model-facing/minimal-candidate-snapshots/ow14-s0103.json,4,4,True
4220,ow14-1-r04220,qwen_enriched,enriched,ow14-s0103,4,model-facing/enriched-candidate-snapshots/ow14-s0103.json,4,4,True
4221,ow14-1-r04221,qwen_minimal,minimal,ow14-s0103,5,model-facing/minimal-candidate-snapshots/ow14-s0103.json,4,4,True
4222,ow14-1-r04222,qwen_enriched,enriched,ow14-s0103,5,model-facing/enriched-candidate-snapshots/ow14-s0103.json,4,4,True
4223,ow14-1-r04223,qwen_minimal,minimal,ow14-s0104,1,model-facing/minimal-candidate-snapshots/ow14-s0104.json,4,4,True
4224,ow14-1-r04224,qwen_enriched,enriched,ow14-s0104,1,model-facing/enriched-candidate-snapshots/ow14-s0104.json,4,4,True
4225,ow14-1-r04225,qwen_minimal,minimal,ow14-s0104,2,model-facing/minimal-candidate-snapshots/ow14-s0104.json,4,4,True
4226,ow14-1-r04226,qwen_enriched,enriched,ow14-s0104,2,model-facing/enriched-candidate-snapshots/ow14-s0104.json,4,4,True
4227,ow14-1-r04227,qwen_minimal,minimal,ow14-s0104,3,model-facing/minimal-candidate-snapshots/ow14-s0104.json,4,4,True
4228,ow14-1-r04228,qwen_enriched,enriched,ow14-s0104,3,model-facing/enriched-candidate-snapshots/ow14-s0104.json,4,4,True
4229,ow14-1-r04229,qwen_minimal,minimal,ow14-s0104,4,model-facing/minimal-candidate-snapshots/ow14-s0104.json,4,4,True
4230,ow14-1-r04230,qwen_enriched,enriched,ow14-s0104,4,model-facing/enriched-candidate-snapshots/ow14-s0104.json,4,4,True
4231,ow14-1-r04231,qwen_minimal,minimal,ow14-s0104,5,model-facing/minimal-candidate-snapshots/ow14-s0104.json,4,4,True
4232,ow14-1-r04232,qwen_enriched,enriched,ow14-s0104,5,model-facing/enriched-candidate-snapshots/ow14-s0104.json,4,4,True
4233,ow14-1-r04233,qwen_minimal,minimal,ow14-s0105,1,model-facing/minimal-candidate-snapshots/ow14-s0105.json,4,4,True
4234,ow14-1-r04234,qwen_enriched,enriched,ow14-s0105,1,model-facing/enriched-candidate-snapshots/ow14-s0105.json,4,4,True
4235,ow14-1-r04235,qwen_minimal,minimal,ow14-s0105,2,model-facing/minimal-candidate-snapshots/ow14-s0105.json,4,4,True
4236,ow14-1-r04236,qwen_enriched,enriched,ow14-s0105,2,model-facing/enriched-candidate-snapshots/ow14-s0105.json,4,4,True
4237,ow14-1-r04237,qwen_minimal,minimal,ow14-s0105,3,model-facing/minimal-candidate-snapshots/ow14-s0105.json,4,4,True
4238,ow14-1-r04238,qwen_enriched,enriched,ow14-s0105,3,model-facing/enriched-candidate-snapshots/ow14-s0105.json,4,4,True
4239,ow14-1-r04239,qwen_minimal,minimal,ow14-s0105,4,model-facing/minimal-candidate-snapshots/ow14-s0105.json,4,4,True
4240,ow14-1-r04240,qwen_enriched,enriched,ow14-s0105,4,model-facing/enriched-candidate-snapshots/ow14-s0105.json,4,4,True
4241,ow14-1-r04241,qwen_minimal,minimal,ow14-s0105,5,model-facing/minimal-candidate-snapshots/ow14-s0105.json,4,4,True
4242,ow14-1-r04242,qwen_enriched,enriched,ow14-s0105,5,model-facing/enriched-candidate-snapshots/ow14-s0105.json,4,4,True
4243,ow14-1-r04243,qwen_minimal,minimal,ow14-s0106,1,model-facing/minimal-candidate-snapshots/ow14-s0106.json,4,4,True
4244,ow14-1-r04244,qwen_enriched,enriched,ow14-s0106,1,model-facing/enriched-candidate-snapshots/ow14-s0106.json,4,4,True
4245,ow14-1-r04245,qwen_minimal,minimal,ow14-s0106,2,model-facing/minimal-candidate-snapshots/ow14-s0106.json,4,4,True
4246,ow14-1-r04246,qwen_enriched,enriched,ow14-s0106,2,model-facing/enriched-candidate-snapshots/ow14-s0106.json,4,4,True
4247,ow14-1-r04247,qwen_minimal,minimal,ow14-s0106,3,model-facing/minimal-candidate-snapshots/ow14-s0106.json,4,4,True
4248,ow14-1-r04248,qwen_enriched,enriched,ow14-s0106,3,model-facing/enriched-candidate-snapshots/ow14-s0106.json,4,4,True
4249,ow14-1-r04249,qwen_minimal,minimal,ow14-s0106,4,model-facing/minimal-candidate-snapshots/ow14-s0106.json,4,4,True
4250,ow14-1-r04250,qwen_enriched,enriched,ow14-s0106,4,model-facing/enriched-candidate-snapshots/ow14-s0106.json,4,4,True
4251,ow14-1-r04251,qwen_minimal,minimal,ow14-s0106,5,model-facing/minimal-candidate-snapshots/ow14-s0106.json,4,4,True
4252,ow14-1-r04252,qwen_enriched,enriched,ow14-s0106,5,model-facing/enriched-candidate-snapshots/ow14-s0106.json,4,4,True
4253,ow14-1-r04253,qwen_minimal,minimal,ow14-s0107,1,model-facing/minimal-candidate-snapshots/ow14-s0107.json,4,4,True
4254,ow14-1-r04254,qwen_enriched,enriched,ow14-s0107,1,model-facing/enriched-candidate-snapshots/ow14-s0107.json,4,4,True
4255,ow14-1-r04255,qwen_minimal,minimal,ow14-s0107,2,model-facing/minimal-candidate-snapshots/ow14-s0107.json,4,4,True
4256,ow14-1-r04256,qwen_enriched,enriched,ow14-s0107,2,model-facing/enriched-candidate-snapshots/ow14-s0107.json,4,4,True
4257,ow14-1-r04257,qwen_minimal,minimal,ow14-s0107,3,model-facing/minimal-candidate-snapshots/ow14-s0107.json,4,4,True
4258,ow14-1-r04258,qwen_enriched,enriched,ow14-s0107,3,model-facing/enriched-candidate-snapshots/ow14-s0107.json,4,4,True
4259,ow14-1-r04259,qwen_minimal,minimal,ow14-s0107,4,model-facing/minimal-candidate-snapshots/ow14-s0107.json,4,4,True
4260,ow14-1-r04260,qwen_enriched,enriched,ow14-s0107,4,model-facing/enriched-candidate-snapshots/ow14-s0107.json,4,4,True
4261,ow14-1-r04261,qwen_minimal,minimal,ow14-s0107,5,model-facing/minimal-candidate-snapshots/ow14-s0107.json,4,4,True
4262,ow14-1-r04262,qwen_enriched,enriched,ow14-s0107,5,model-facing/enriched-candidate-snapshots/ow14-s0107.json,4,4,True
4263,ow14-1-r04263,qwen_minimal,minimal,ow14-s0108,1,model-facing/minimal-candidate-snapshots/ow14-s0108.json,4,4,True
4264,ow14-1-r04264,qwen_enriched,enriched,ow14-s0108,1,model-facing/enriched-candidate-snapshots/ow14-s0108.json,4,4,True
4265,ow14-1-r04265,qwen_minimal,minimal,ow14-s0108,2,model-facing/minimal-candidate-snapshots/ow14-s0108.json,4,4,True
4266,ow14-1-r04266,qwen_enriched,enriched,ow14-s0108,2,model-facing/enriched-candidate-snapshots/ow14-s0108.json,4,4,True
4267,ow14-1-r04267,qwen_minimal,minimal,ow14-s0108,3,model-facing/minimal-candidate-snapshots/ow14-s0108.json,4,4,True
4268,ow14-1-r04268,qwen_enriched,enriched,ow14-s0108,3,model-facing/enriched-candidate-snapshots/ow14-s0108.json,4,4,True
4269,ow14-1-r04269,qwen_minimal,minimal,ow14-s0108,4,model-facing/minimal-candidate-snapshots/ow14-s0108.json,4,4,True
4270,ow14-1-r04270,qwen_enriched,enriched,ow14-s0108,4,model-facing/enriched-candidate-snapshots/ow14-s0108.json,4,4,True
4271,ow14-1-r04271,qwen_minimal,minimal,ow14-s0108,5,model-facing/minimal-candidate-snapshots/ow14-s0108.json,4,4,True
4272,ow14-1-r04272,qwen_enriched,enriched,ow14-s0108,5,model-facing/enriched-candidate-snapshots/ow14-s0108.json,4,4,True
4273,ow14-1-r04273,qwen_minimal,minimal,ow14-s0109,1,model-facing/minimal-candidate-snapshots/ow14-s0109.json,4,4,True
4274,ow14-1-r04274,qwen_enriched,enriched,ow14-s0109,1,model-facing/enriched-candidate-snapshots/ow14-s0109.json,4,4,True
4275,ow14-1-r04275,qwen_minimal,minimal,ow14-s0109,2,model-facing/minimal-candidate-snapshots/ow14-s0109.json,4,4,True
4276,ow14-1-r04276,qwen_enriched,enriched,ow14-s0109,2,model-facing/enriched-candidate-snapshots/ow14-s0109.json,4,4,True
4277,ow14-1-r04277,qwen_minimal,minimal,ow14-s0109,3,model-facing/minimal-candidate-snapshots/ow14-s0109.json,4,4,True
4278,ow14-1-r04278,qwen_enriched,enriched,ow14-s0109,3,model-facing/enriched-candidate-snapshots/ow14-s0109.json,4,4,True
4279,ow14-1-r04279,qwen_minimal,minimal,ow14-s0109,4,model-facing/minimal-candidate-snapshots/ow14-s0109.json,4,4,True
4280,ow14-1-r04280,qwen_enriched,enriched,ow14-s0109,4,model-facing/enriched-candidate-snapshots/ow14-s0109.json,4,4,True
4281,ow14-1-r04281,qwen_minimal,minimal,ow14-s0109,5,model-facing/minimal-candidate-snapshots/ow14-s0109.json,4,4,True
4282,ow14-1-r04282,qwen_enriched,enriched,ow14-s0109,5,model-facing/enriched-candidate-snapshots/ow14-s0109.json,4,4,True
4283,ow14-1-r04283,qwen_minimal,minimal,ow14-s0110,1,model-facing/minimal-candidate-snapshots/ow14-s0110.json,4,4,True
4284,ow14-1-r04284,qwen_enriched,enriched,ow14-s0110,1,model-facing/enriched-candidate-snapshots/ow14-s0110.json,4,4,True
4285,ow14-1-r04285,qwen_minimal,minimal,ow14-s0110,2,model-facing/minimal-candidate-snapshots/ow14-s0110.json,4,4,True
4286,ow14-1-r04286,qwen_enriched,enriched,ow14-s0110,2,model-facing/enriched-candidate-snapshots/ow14-s0110.json,4,4,True
4287,ow14-1-r04287,qwen_minimal,minimal,ow14-s0110,3,model-facing/minimal-candidate-snapshots/ow14-s0110.json,4,4,True
4288,ow14-1-r04288,qwen_enriched,enriched,ow14-s0110,3,model-facing/enriched-candidate-snapshots/ow14-s0110.json,4,4,True
4289,ow14-1-r04289,qwen_minimal,minimal,ow14-s0110,4,model-facing/minimal-candidate-snapshots/ow14-s0110.json,4,4,True
4290,ow14-1-r04290,qwen_enriched,enriched,ow14-s0110,4,model-facing/enriched-candidate-snapshots/ow14-s0110.json,4,4,True
4291,ow14-1-r04291,qwen_minimal,minimal,ow14-s0110,5,model-facing/minimal-candidate-snapshots/ow14-s0110.json,4,4,True
4292,ow14-1-r04292,qwen_enriched,enriched,ow14-s0110,5,model-facing/enriched-candidate-snapshots/ow14-s0110.json,4,4,True
4293,ow14-1-r04293,qwen_minimal,minimal,ow14-s0111,1,model-facing/minimal-candidate-snapshots/ow14-s0111.json,4,4,True
4294,ow14-1-r04294,qwen_enriched,enriched,ow14-s0111,1,model-facing/enriched-candidate-snapshots/ow14-s0111.json,4,4,True
4295,ow14-1-r04295,qwen_minimal,minimal,ow14-s0111,2,model-facing/minimal-candidate-snapshots/ow14-s0111.json,4,4,True
4296,ow14-1-r04296,qwen_enriched,enriched,ow14-s0111,2,model-facing/enriched-candidate-snapshots/ow14-s0111.json,4,4,True
4297,ow14-1-r04297,qwen_minimal,minimal,ow14-s0111,3,model-facing/minimal-candidate-snapshots/ow14-s0111.json,4,4,True
4298,ow14-1-r04298,qwen_enriched,enriched,ow14-s0111,3,model-facing/enriched-candidate-snapshots/ow14-s0111.json,4,4,True
4299,ow14-1-r04299,qwen_minimal,minimal,ow14-s0111,4,model-facing/minimal-candidate-snapshots/ow14-s0111.json,4,4,True
4300,ow14-1-r04300,qwen_enriched,enriched,ow14-s0111,4,model-facing/enriched-candidate-snapshots/ow14-s0111.json,4,4,True
4301,ow14-1-r04301,qwen_minimal,minimal,ow14-s0111,5,model-facing/minimal-candidate-snapshots/ow14-s0111.json,4,4,True
4302,ow14-1-r04302,qwen_enriched,enriched,ow14-s0111,5,model-facing/enriched-candidate-snapshots/ow14-s0111.json,4,4,True
4303,ow14-1-r04303,qwen_minimal,minimal,ow14-s0112,1,model-facing/minimal-candidate-snapshots/ow14-s0112.json,4,4,True
4304,ow14-1-r04304,qwen_enriched,enriched,ow14-s0112,1,model-facing/enriched-candidate-snapshots/ow14-s0112.json,4,4,True
4305,ow14-1-r04305,qwen_minimal,minimal,ow14-s0112,2,model-facing/minimal-candidate-snapshots/ow14-s0112.json,4,4,True
4306,ow14-1-r04306,qwen_enriched,enriched,ow14-s0112,2,model-facing/enriched-candidate-snapshots/ow14-s0112.json,4,4,True
4307,ow14-1-r04307,qwen_minimal,minimal,ow14-s0112,3,model-facing/minimal-candidate-snapshots/ow14-s0112.json,4,4,True
4308,ow14-1-r04308,qwen_enriched,enriched,ow14-s0112,3,model-facing/enriched-candidate-snapshots/ow14-s0112.json,4,4,True
4309,ow14-1-r04309,qwen_minimal,minimal,ow14-s0112,4,model-facing/minimal-candidate-snapshots/ow14-s0112.json,4,4,True
4310,ow14-1-r04310,qwen_enriched,enriched,ow14-s0112,4,model-facing/enriched-candidate-snapshots/ow14-s0112.json,4,4,True
4311,ow14-1-r04311,qwen_minimal,minimal,ow14-s0112,5,model-facing/minimal-candidate-snapshots/ow14-s0112.json,4,4,True
4312,ow14-1-r04312,qwen_enriched,enriched,ow14-s0112,5,model-facing/enriched-candidate-snapshots/ow14-s0112.json,4,4,True
4313,ow14-1-r04313,qwen_minimal,minimal,ow14-s0113,1,model-facing/minimal-candidate-snapshots/ow14-s0113.json,4,4,True
4314,ow14-1-r04314,qwen_enriched,enriched,ow14-s0113,1,model-facing/enriched-candidate-snapshots/ow14-s0113.json,4,4,True
4315,ow14-1-r04315,qwen_minimal,minimal,ow14-s0113,2,model-facing/minimal-candidate-snapshots/ow14-s0113.json,4,4,True
4316,ow14-1-r04316,qwen_enriched,enriched,ow14-s0113,2,model-facing/enriched-candidate-snapshots/ow14-s0113.json,4,4,True
4317,ow14-1-r04317,qwen_minimal,minimal,ow14-s0113,3,model-facing/minimal-candidate-snapshots/ow14-s0113.json,4,4,True
4318,ow14-1-r04318,qwen_enriched,enriched,ow14-s0113,3,model-facing/enriched-candidate-snapshots/ow14-s0113.json,4,4,True
4319,ow14-1-r04319,qwen_minimal,minimal,ow14-s0113,4,model-facing/minimal-candidate-snapshots/ow14-s0113.json,4,4,True
4320,ow14-1-r04320,qwen_enriched,enriched,ow14-s0113,4,model-facing/enriched-candidate-snapshots/ow14-s0113.json,4,4,True
4321,ow14-1-r04321,qwen_minimal,minimal,ow14-s0113,5,model-facing/minimal-candidate-snapshots/ow14-s0113.json,4,4,True
4322,ow14-1-r04322,qwen_enriched,enriched,ow14-s0113,5,model-facing/enriched-candidate-snapshots/ow14-s0113.json,4,4,True
4323,ow14-1-r04323,qwen_minimal,minimal,ow14-s0114,1,model-facing/minimal-candidate-snapshots/ow14-s0114.json,4,4,True
4324,ow14-1-r04324,qwen_enriched,enriched,ow14-s0114,1,model-facing/enriched-candidate-snapshots/ow14-s0114.json,4,4,True
4325,ow14-1-r04325,qwen_minimal,minimal,ow14-s0114,2,model-facing/minimal-candidate-snapshots/ow14-s0114.json,4,4,True
4326,ow14-1-r04326,qwen_enriched,enriched,ow14-s0114,2,model-facing/enriched-candidate-snapshots/ow14-s0114.json,4,4,True
4327,ow14-1-r04327,qwen_minimal,minimal,ow14-s0114,3,model-facing/minimal-candidate-snapshots/ow14-s0114.json,4,4,True
4328,ow14-1-r04328,qwen_enriched,enriched,ow14-s0114,3,model-facing/enriched-candidate-snapshots/ow14-s0114.json,4,4,True
4329,ow14-1-r04329,qwen_minimal,minimal,ow14-s0114,4,model-facing/minimal-candidate-snapshots/ow14-s0114.json,4,4,True
4330,ow14-1-r04330,qwen_enriched,enriched,ow14-s0114,4,model-facing/enriched-candidate-snapshots/ow14-s0114.json,4,4,True
4331,ow14-1-r04331,qwen_minimal,minimal,ow14-s0114,5,model-facing/minimal-candidate-snapshots/ow14-s0114.json,4,4,True
4332,ow14-1-r04332,qwen_enriched,enriched,ow14-s0114,5,model-facing/enriched-candidate-snapshots/ow14-s0114.json,4,4,True
4333,ow14-1-r04333,qwen_minimal,minimal,ow14-s0115,1,model-facing/minimal-candidate-snapshots/ow14-s0115.json,4,4,True
4334,ow14-1-r04334,qwen_enriched,enriched,ow14-s0115,1,model-facing/enriched-candidate-snapshots/ow14-s0115.json,4,4,True
4335,ow14-1-r04335,qwen_minimal,minimal,ow14-s0115,2,model-facing/minimal-candidate-snapshots/ow14-s0115.json,4,4,True
4336,ow14-1-r04336,qwen_enriched,enriched,ow14-s0115,2,model-facing/enriched-candidate-snapshots/ow14-s0115.json,4,4,True
4337,ow14-1-r04337,qwen_minimal,minimal,ow14-s0115,3,model-facing/minimal-candidate-snapshots/ow14-s0115.json,4,4,True
4338,ow14-1-r04338,qwen_enriched,enriched,ow14-s0115,3,model-facing/enriched-candidate-snapshots/ow14-s0115.json,4,4,True
4339,ow14-1-r04339,qwen_minimal,minimal,ow14-s0115,4,model-facing/minimal-candidate-snapshots/ow14-s0115.json,4,4,True
4340,ow14-1-r04340,qwen_enriched,enriched,ow14-s0115,4,model-facing/enriched-candidate-snapshots/ow14-s0115.json,4,4,True
4341,ow14-1-r04341,qwen_minimal,minimal,ow14-s0115,5,model-facing/minimal-candidate-snapshots/ow14-s0115.json,4,4,True
4342,ow14-1-r04342,qwen_enriched,enriched,ow14-s0115,5,model-facing/enriched-candidate-snapshots/ow14-s0115.json,4,4,True
4343,ow14-1-r04343,qwen_minimal,minimal,ow14-s0116,1,model-facing/minimal-candidate-snapshots/ow14-s0116.json,4,4,True
4344,ow14-1-r04344,qwen_enriched,enriched,ow14-s0116,1,model-facing/enriched-candidate-snapshots/ow14-s0116.json,4,4,True
4345,ow14-1-r04345,qwen_minimal,minimal,ow14-s0116,2,model-facing/minimal-candidate-snapshots/ow14-s0116.json,4,4,True
4346,ow14-1-r04346,qwen_enriched,enriched,ow14-s0116,2,model-facing/enriched-candidate-snapshots/ow14-s0116.json,4,4,True
4347,ow14-1-r04347,qwen_minimal,minimal,ow14-s0116,3,model-facing/minimal-candidate-snapshots/ow14-s0116.json,4,4,True
4348,ow14-1-r04348,qwen_enriched,enriched,ow14-s0116,3,model-facing/enriched-candidate-snapshots/ow14-s0116.json,4,4,True
4349,ow14-1-r04349,qwen_minimal,minimal,ow14-s0116,4,model-facing/minimal-candidate-snapshots/ow14-s0116.json,4,4,True
4350,ow14-1-r04350,qwen_enriched,enriched,ow14-s0116,4,model-facing/enriched-candidate-snapshots/ow14-s0116.json,4,4,True
4351,ow14-1-r04351,qwen_minimal,minimal,ow14-s0116,5,model-facing/minimal-candidate-snapshots/ow14-s0116.json,4,4,True
4352,ow14-1-r04352,qwen_enriched,enriched,ow14-s0116,5,model-facing/enriched-candidate-snapshots/ow14-s0116.json,4,4,True
4353,ow14-1-r04353,qwen_minimal,minimal,ow14-s0117,1,model-facing/minimal-candidate-snapshots/ow14-s0117.json,4,4,True
4354,ow14-1-r04354,qwen_enriched,enriched,ow14-s0117,1,model-facing/enriched-candidate-snapshots/ow14-s0117.json,4,4,True
4355,ow14-1-r04355,qwen_minimal,minimal,ow14-s0117,2,model-facing/minimal-candidate-snapshots/ow14-s0117.json,4,4,True
4356,ow14-1-r04356,qwen_enriched,enriched,ow14-s0117,2,model-facing/enriched-candidate-snapshots/ow14-s0117.json,4,4,True
4357,ow14-1-r04357,qwen_minimal,minimal,ow14-s0117,3,model-facing/minimal-candidate-snapshots/ow14-s0117.json,4,4,True
4358,ow14-1-r04358,qwen_enriched,enriched,ow14-s0117,3,model-facing/enriched-candidate-snapshots/ow14-s0117.json,4,4,True
4359,ow14-1-r04359,qwen_minimal,minimal,ow14-s0117,4,model-facing/minimal-candidate-snapshots/ow14-s0117.json,4,4,True
4360,ow14-1-r04360,qwen_enriched,enriched,ow14-s0117,4,model-facing/enriched-candidate-snapshots/ow14-s0117.json,4,4,True
4361,ow14-1-r04361,qwen_minimal,minimal,ow14-s0117,5,model-facing/minimal-candidate-snapshots/ow14-s0117.json,4,4,True
4362,ow14-1-r04362,qwen_enriched,enriched,ow14-s0117,5,model-facing/enriched-candidate-snapshots/ow14-s0117.json,4,4,True
4363,ow14-1-r04363,qwen_minimal,minimal,ow14-s0118,1,model-facing/minimal-candidate-snapshots/ow14-s0118.json,4,4,True
4364,ow14-1-r04364,qwen_enriched,enriched,ow14-s0118,1,model-facing/enriched-candidate-snapshots/ow14-s0118.json,4,4,True
4365,ow14-1-r04365,qwen_minimal,minimal,ow14-s0118,2,model-facing/minimal-candidate-snapshots/ow14-s0118.json,4,4,True
4366,ow14-1-r04366,qwen_enriched,enriched,ow14-s0118,2,model-facing/enriched-candidate-snapshots/ow14-s0118.json,4,4,True
4367,ow14-1-r04367,qwen_minimal,minimal,ow14-s0118,3,model-facing/minimal-candidate-snapshots/ow14-s0118.json,4,4,True
4368,ow14-1-r04368,qwen_enriched,enriched,ow14-s0118,3,model-facing/enriched-candidate-snapshots/ow14-s0118.json,4,4,True
4369,ow14-1-r04369,qwen_minimal,minimal,ow14-s0118,4,model-facing/minimal-candidate-snapshots/ow14-s0118.json,4,4,True
4370,ow14-1-r04370,qwen_enriched,enriched,ow14-s0118,4,model-facing/enriched-candidate-snapshots/ow14-s0118.json,4,4,True
4371,ow14-1-r04371,qwen_minimal,minimal,ow14-s0118,5,model-facing/minimal-candidate-snapshots/ow14-s0118.json,4,4,True
4372,ow14-1-r04372,qwen_enriched,enriched,ow14-s0118,5,model-facing/enriched-candidate-snapshots/ow14-s0118.json,4,4,True
4373,ow14-1-r04373,qwen_minimal,minimal,ow14-s0119,1,model-facing/minimal-candidate-snapshots/ow14-s0119.json,4,4,True
4374,ow14-1-r04374,qwen_enriched,enriched,ow14-s0119,1,model-facing/enriched-candidate-snapshots/ow14-s0119.json,4,4,True
4375,ow14-1-r04375,qwen_minimal,minimal,ow14-s0119,2,model-facing/minimal-candidate-snapshots/ow14-s0119.json,4,4,True
4376,ow14-1-r04376,qwen_enriched,enriched,ow14-s0119,2,model-facing/enriched-candidate-snapshots/ow14-s0119.json,4,4,True
4377,ow14-1-r04377,qwen_minimal,minimal,ow14-s0119,3,model-facing/minimal-candidate-snapshots/ow14-s0119.json,4,4,True
4378,ow14-1-r04378,qwen_enriched,enriched,ow14-s0119,3,model-facing/enriched-candidate-snapshots/ow14-s0119.json,4,4,True
4379,ow14-1-r04379,qwen_minimal,minimal,ow14-s0119,4,model-facing/minimal-candidate-snapshots/ow14-s0119.json,4,4,True
4380,ow14-1-r04380,qwen_enriched,enriched,ow14-s0119,4,model-facing/enriched-candidate-snapshots/ow14-s0119.json,4,4,True
4381,ow14-1-r04381,qwen_minimal,minimal,ow14-s0119,5,model-facing/minimal-candidate-snapshots/ow14-s0119.json,4,4,True
4382,ow14-1-r04382,qwen_enriched,enriched,ow14-s0119,5,model-facing/enriched-candidate-snapshots/ow14-s0119.json,4,4,True
4383,ow14-1-r04383,qwen_minimal,minimal,ow14-s0120,1,model-facing/minimal-candidate-snapshots/ow14-s0120.json,4,4,True
4384,ow14-1-r04384,qwen_enriched,enriched,ow14-s0120,1,model-facing/enriched-candidate-snapshots/ow14-s0120.json,4,4,True
4385,ow14-1-r04385,qwen_minimal,minimal,ow14-s0120,2,model-facing/minimal-candidate-snapshots/ow14-s0120.json,4,4,True
4386,ow14-1-r04386,qwen_enriched,enriched,ow14-s0120,2,model-facing/enriched-candidate-snapshots/ow14-s0120.json,4,4,True
4387,ow14-1-r04387,qwen_minimal,minimal,ow14-s0120,3,model-facing/minimal-candidate-snapshots/ow14-s0120.json,4,4,True
4388,ow14-1-r04388,qwen_enriched,enriched,ow14-s0120,3,model-facing/enriched-candidate-snapshots/ow14-s0120.json,4,4,True
4389,ow14-1-r04389,qwen_minimal,minimal,ow14-s0120,4,model-facing/minimal-candidate-snapshots/ow14-s0120.json,4,4,True
4390,ow14-1-r04390,qwen_enriched,enriched,ow14-s0120,4,model-facing/enriched-candidate-snapshots/ow14-s0120.json,4,4,True
4391,ow14-1-r04391,qwen_minimal,minimal,ow14-s0120,5,model-facing/minimal-candidate-snapshots/ow14-s0120.json,4,4,True
4392,ow14-1-r04392,qwen_enriched,enriched,ow14-s0120,5,model-facing/enriched-candidate-snapshots/ow14-s0120.json,4,4,True
4393,ow14-1-r04393,qwen_minimal,minimal,ow14-s0121,1,model-facing/minimal-candidate-snapshots/ow14-s0121.json,4,4,True
4394,ow14-1-r04394,qwen_enriched,enriched,ow14-s0121,1,model-facing/enriched-candidate-snapshots/ow14-s0121.json,4,4,True
4395,ow14-1-r04395,qwen_minimal,minimal,ow14-s0121,2,model-facing/minimal-candidate-snapshots/ow14-s0121.json,4,4,True
4396,ow14-1-r04396,qwen_enriched,enriched,ow14-s0121,2,model-facing/enriched-candidate-snapshots/ow14-s0121.json,4,4,True
4397,ow14-1-r04397,qwen_minimal,minimal,ow14-s0121,3,model-facing/minimal-candidate-snapshots/ow14-s0121.json,4,4,True
4398,ow14-1-r04398,qwen_enriched,enriched,ow14-s0121,3,model-facing/enriched-candidate-snapshots/ow14-s0121.json,4,4,True
4399,ow14-1-r04399,qwen_minimal,minimal,ow14-s0121,4,model-facing/minimal-candidate-snapshots/ow14-s0121.json,4,4,True
4400,ow14-1-r04400,qwen_enriched,enriched,ow14-s0121,4,model-facing/enriched-candidate-snapshots/ow14-s0121.json,4,4,True
4401,ow14-1-r04401,qwen_minimal,minimal,ow14-s0121,5,model-facing/minimal-candidate-snapshots/ow14-s0121.json,4,4,True
4402,ow14-1-r04402,qwen_enriched,enriched,ow14-s0121,5,model-facing/enriched-candidate-snapshots/ow14-s0121.json,4,4,True
4403,ow14-1-r04403,qwen_minimal,minimal,ow14-s0122,1,model-facing/minimal-candidate-snapshots/ow14-s0122.json,4,4,True
4404,ow14-1-r04404,qwen_enriched,enriched,ow14-s0122,1,model-facing/enriched-candidate-snapshots/ow14-s0122.json,4,4,True
4405,ow14-1-r04405,qwen_minimal,minimal,ow14-s0122,2,model-facing/minimal-candidate-snapshots/ow14-s0122.json,4,4,True
4406,ow14-1-r04406,qwen_enriched,enriched,ow14-s0122,2,model-facing/enriched-candidate-snapshots/ow14-s0122.json,4,4,True
4407,ow14-1-r04407,qwen_minimal,minimal,ow14-s0122,3,model-facing/minimal-candidate-snapshots/ow14-s0122.json,4,4,True
4408,ow14-1-r04408,qwen_enriched,enriched,ow14-s0122,3,model-facing/enriched-candidate-snapshots/ow14-s0122.json,4,4,True
4409,ow14-1-r04409,qwen_minimal,minimal,ow14-s0122,4,model-facing/minimal-candidate-snapshots/ow14-s0122.json,4,4,True
4410,ow14-1-r04410,qwen_enriched,enriched,ow14-s0122,4,model-facing/enriched-candidate-snapshots/ow14-s0122.json,4,4,True
4411,ow14-1-r04411,qwen_minimal,minimal,ow14-s0122,5,model-facing/minimal-candidate-snapshots/ow14-s0122.json,4,4,True
4412,ow14-1-r04412,qwen_enriched,enriched,ow14-s0122,5,model-facing/enriched-candidate-snapshots/ow14-s0122.json,4,4,True
4413,ow14-1-r04413,qwen_minimal,minimal,ow14-s0123,1,model-facing/minimal-candidate-snapshots/ow14-s0123.json,4,4,True
4414,ow14-1-r04414,qwen_enriched,enriched,ow14-s0123,1,model-facing/enriched-candidate-snapshots/ow14-s0123.json,4,4,True
4415,ow14-1-r04415,qwen_minimal,minimal,ow14-s0123,2,model-facing/minimal-candidate-snapshots/ow14-s0123.json,4,4,True
4416,ow14-1-r04416,qwen_enriched,enriched,ow14-s0123,2,model-facing/enriched-candidate-snapshots/ow14-s0123.json,4,4,True
4417,ow14-1-r04417,qwen_minimal,minimal,ow14-s0123,3,model-facing/minimal-candidate-snapshots/ow14-s0123.json,4,4,True
4418,ow14-1-r04418,qwen_enriched,enriched,ow14-s0123,3,model-facing/enriched-candidate-snapshots/ow14-s0123.json,4,4,True
4419,ow14-1-r04419,qwen_minimal,minimal,ow14-s0123,4,model-facing/minimal-candidate-snapshots/ow14-s0123.json,4,4,True
4420,ow14-1-r04420,qwen_enriched,enriched,ow14-s0123,4,model-facing/enriched-candidate-snapshots/ow14-s0123.json,4,4,True
4421,ow14-1-r04421,qwen_minimal,minimal,ow14-s0123,5,model-facing/minimal-candidate-snapshots/ow14-s0123.json,4,4,True
4422,ow14-1-r04422,qwen_enriched,enriched,ow14-s0123,5,model-facing/enriched-candidate-snapshots/ow14-s0123.json,4,4,True
4423,ow14-1-r04423,qwen_minimal,minimal,ow14-s0124,1,model-facing/minimal-candidate-snapshots/ow14-s0124.json,4,4,True
4424,ow14-1-r04424,qwen_enriched,enriched,ow14-s0124,1,model-facing/enriched-candidate-snapshots/ow14-s0124.json,4,4,True
4425,ow14-1-r04425,qwen_minimal,minimal,ow14-s0124,2,model-facing/minimal-candidate-snapshots/ow14-s0124.json,4,4,True
4426,ow14-1-r04426,qwen_enriched,enriched,ow14-s0124,2,model-facing/enriched-candidate-snapshots/ow14-s0124.json,4,4,True
4427,ow14-1-r04427,qwen_minimal,minimal,ow14-s0124,3,model-facing/minimal-candidate-snapshots/ow14-s0124.json,4,4,True
4428,ow14-1-r04428,qwen_enriched,enriched,ow14-s0124,3,model-facing/enriched-candidate-snapshots/ow14-s0124.json,4,4,True
4429,ow14-1-r04429,qwen_minimal,minimal,ow14-s0124,4,model-facing/minimal-candidate-snapshots/ow14-s0124.json,4,4,True
4430,ow14-1-r04430,qwen_enriched,enriched,ow14-s0124,4,model-facing/enriched-candidate-snapshots/ow14-s0124.json,4,4,True
4431,ow14-1-r04431,qwen_minimal,minimal,ow14-s0124,5,model-facing/minimal-candidate-snapshots/ow14-s0124.json,4,4,True
4432,ow14-1-r04432,qwen_enriched,enriched,ow14-s0124,5,model-facing/enriched-candidate-snapshots/ow14-s0124.json,4,4,True
4433,ow14-1-r04433,qwen_minimal,minimal,ow14-s0125,1,model-facing/minimal-candidate-snapshots/ow14-s0125.json,4,4,True
4434,ow14-1-r04434,qwen_enriched,enriched,ow14-s0125,1,model-facing/enriched-candidate-snapshots/ow14-s0125.json,4,4,True
4435,ow14-1-r04435,qwen_minimal,minimal,ow14-s0125,2,model-facing/minimal-candidate-snapshots/ow14-s0125.json,4,4,True
4436,ow14-1-r04436,qwen_enriched,enriched,ow14-s0125,2,model-facing/enriched-candidate-snapshots/ow14-s0125.json,4,4,True
4437,ow14-1-r04437,qwen_minimal,minimal,ow14-s0125,3,model-facing/minimal-candidate-snapshots/ow14-s0125.json,4,4,True
4438,ow14-1-r04438,qwen_enriched,enriched,ow14-s0125,3,model-facing/enriched-candidate-snapshots/ow14-s0125.json,4,4,True
4439,ow14-1-r04439,qwen_minimal,minimal,ow14-s0125,4,model-facing/minimal-candidate-snapshots/ow14-s0125.json,4,4,True
4440,ow14-1-r04440,qwen_enriched,enriched,ow14-s0125,4,model-facing/enriched-candidate-snapshots/ow14-s0125.json,4,4,True
4441,ow14-1-r04441,qwen_minimal,minimal,ow14-s0125,5,model-facing/minimal-candidate-snapshots/ow14-s0125.json,4,4,True
4442,ow14-1-r04442,qwen_enriched,enriched,ow14-s0125,5,model-facing/enriched-candidate-snapshots/ow14-s0125.json,4,4,True
4443,ow14-1-r04443,qwen_minimal,minimal,ow14-s0126,1,model-facing/minimal-candidate-snapshots/ow14-s0126.json,4,4,True
4444,ow14-1-r04444,qwen_enriched,enriched,ow14-s0126,1,model-facing/enriched-candidate-snapshots/ow14-s0126.json,4,4,True
4445,ow14-1-r04445,qwen_minimal,minimal,ow14-s0126,2,model-facing/minimal-candidate-snapshots/ow14-s0126.json,4,4,True
4446,ow14-1-r04446,qwen_enriched,enriched,ow14-s0126,2,model-facing/enriched-candidate-snapshots/ow14-s0126.json,4,4,True
4447,ow14-1-r04447,qwen_minimal,minimal,ow14-s0126,3,model-facing/minimal-candidate-snapshots/ow14-s0126.json,4,4,True
4448,ow14-1-r04448,qwen_enriched,enriched,ow14-s0126,3,model-facing/enriched-candidate-snapshots/ow14-s0126.json,4,4,True
4449,ow14-1-r04449,qwen_minimal,minimal,ow14-s0126,4,model-facing/minimal-candidate-snapshots/ow14-s0126.json,4,4,True
4450,ow14-1-r04450,qwen_enriched,enriched,ow14-s0126,4,model-facing/enriched-candidate-snapshots/ow14-s0126.json,4,4,True
4451,ow14-1-r04451,qwen_minimal,minimal,ow14-s0126,5,model-facing/minimal-candidate-snapshots/ow14-s0126.json,4,4,True
4452,ow14-1-r04452,qwen_enriched,enriched,ow14-s0126,5,model-facing/enriched-candidate-snapshots/ow14-s0126.json,4,4,True
4453,ow14-1-r04453,qwen_minimal,minimal,ow14-s0127,1,model-facing/minimal-candidate-snapshots/ow14-s0127.json,4,4,True
4454,ow14-1-r04454,qwen_enriched,enriched,ow14-s0127,1,model-facing/enriched-candidate-snapshots/ow14-s0127.json,4,4,True
4455,ow14-1-r04455,qwen_minimal,minimal,ow14-s0127,2,model-facing/minimal-candidate-snapshots/ow14-s0127.json,4,4,True
4456,ow14-1-r04456,qwen_enriched,enriched,ow14-s0127,2,model-facing/enriched-candidate-snapshots/ow14-s0127.json,4,4,True
4457,ow14-1-r04457,qwen_minimal,minimal,ow14-s0127,3,model-facing/minimal-candidate-snapshots/ow14-s0127.json,4,4,True
4458,ow14-1-r04458,qwen_enriched,enriched,ow14-s0127,3,model-facing/enriched-candidate-snapshots/ow14-s0127.json,4,4,True
4459,ow14-1-r04459,qwen_minimal,minimal,ow14-s0127,4,model-facing/minimal-candidate-snapshots/ow14-s0127.json,4,4,True
4460,ow14-1-r04460,qwen_enriched,enriched,ow14-s0127,4,model-facing/enriched-candidate-snapshots/ow14-s0127.json,4,4,True
4461,ow14-1-r04461,qwen_minimal,minimal,ow14-s0127,5,model-facing/minimal-candidate-snapshots/ow14-s0127.json,4,4,True
4462,ow14-1-r04462,qwen_enriched,enriched,ow14-s0127,5,model-facing/enriched-candidate-snapshots/ow14-s0127.json,4,4,True
4463,ow14-1-r04463,qwen_minimal,minimal,ow14-s0128,1,model-facing/minimal-candidate-snapshots/ow14-s0128.json,4,4,True
4464,ow14-1-r04464,qwen_enriched,enriched,ow14-s0128,1,model-facing/enriched-candidate-snapshots/ow14-s0128.json,4,4,True
4465,ow14-1-r04465,qwen_minimal,minimal,ow14-s0128,2,model-facing/minimal-candidate-snapshots/ow14-s0128.json,4,4,True
4466,ow14-1-r04466,qwen_enriched,enriched,ow14-s0128,2,model-facing/enriched-candidate-snapshots/ow14-s0128.json,4,4,True
4467,ow14-1-r04467,qwen_minimal,minimal,ow14-s0128,3,model-facing/minimal-candidate-snapshots/ow14-s0128.json,4,4,True
4468,ow14-1-r04468,qwen_enriched,enriched,ow14-s0128,3,model-facing/enriched-candidate-snapshots/ow14-s0128.json,4,4,True
4469,ow14-1-r04469,qwen_minimal,minimal,ow14-s0128,4,model-facing/minimal-candidate-snapshots/ow14-s0128.json,4,4,True
4470,ow14-1-r04470,qwen_enriched,enriched,ow14-s0128,4,model-facing/enriched-candidate-snapshots/ow14-s0128.json,4,4,True
4471,ow14-1-r04471,qwen_minimal,minimal,ow14-s0128,5,model-facing/minimal-candidate-snapshots/ow14-s0128.json,4,4,True
4472,ow14-1-r04472,qwen_enriched,enriched,ow14-s0128,5,model-facing/enriched-candidate-snapshots/ow14-s0128.json,4,4,True
4473,ow14-1-r04473,qwen_minimal,minimal,ow14-s0129,1,model-facing/minimal-candidate-snapshots/ow14-s0129.json,4,4,True
4474,ow14-1-r04474,qwen_enriched,enriched,ow14-s0129,1,model-facing/enriched-candidate-snapshots/ow14-s0129.json,4,4,True
4475,ow14-1-r04475,qwen_minimal,minimal,ow14-s0129,2,model-facing/minimal-candidate-snapshots/ow14-s0129.json,4,4,True
4476,ow14-1-r04476,qwen_enriched,enriched,ow14-s0129,2,model-facing/enriched-candidate-snapshots/ow14-s0129.json,4,4,True
4477,ow14-1-r04477,qwen_minimal,minimal,ow14-s0129,3,model-facing/minimal-candidate-snapshots/ow14-s0129.json,4,4,True
4478,ow14-1-r04478,qwen_enriched,enriched,ow14-s0129,3,model-facing/enriched-candidate-snapshots/ow14-s0129.json,4,4,True
4479,ow14-1-r04479,qwen_minimal,minimal,ow14-s0129,4,model-facing/minimal-candidate-snapshots/ow14-s0129.json,4,4,True
4480,ow14-1-r04480,qwen_enriched,enriched,ow14-s0129,4,model-facing/enriched-candidate-snapshots/ow14-s0129.json,4,4,True
4481,ow14-1-r04481,qwen_minimal,minimal,ow14-s0129,5,model-facing/minimal-candidate-snapshots/ow14-s0129.json,4,4,True
4482,ow14-1-r04482,qwen_enriched,enriched,ow14-s0129,5,model-facing/enriched-candidate-snapshots/ow14-s0129.json,4,4,True
4483,ow14-1-r04483,qwen_minimal,minimal,ow14-s0130,1,model-facing/minimal-candidate-snapshots/ow14-s0130.json,4,4,True
4484,ow14-1-r04484,qwen_enriched,enriched,ow14-s0130,1,model-facing/enriched-candidate-snapshots/ow14-s0130.json,4,4,True
4485,ow14-1-r04485,qwen_minimal,minimal,ow14-s0130,2,model-facing/minimal-candidate-snapshots/ow14-s0130.json,4,4,True
4486,ow14-1-r04486,qwen_enriched,enriched,ow14-s0130,2,model-facing/enriched-candidate-snapshots/ow14-s0130.json,4,4,True
4487,ow14-1-r04487,qwen_minimal,minimal,ow14-s0130,3,model-facing/minimal-candidate-snapshots/ow14-s0130.json,4,4,True
4488,ow14-1-r04488,qwen_enriched,enriched,ow14-s0130,3,model-facing/enriched-candidate-snapshots/ow14-s0130.json,4,4,True
4489,ow14-1-r04489,qwen_minimal,minimal,ow14-s0130,4,model-facing/minimal-candidate-snapshots/ow14-s0130.json,4,4,True
4490,ow14-1-r04490,qwen_enriched,enriched,ow14-s0130,4,model-facing/enriched-candidate-snapshots/ow14-s0130.json,4,4,True
4491,ow14-1-r04491,qwen_minimal,minimal,ow14-s0130,5,model-facing/minimal-candidate-snapshots/ow14-s0130.json,4,4,True
4492,ow14-1-r04492,qwen_enriched,enriched,ow14-s0130,5,model-facing/enriched-candidate-snapshots/ow14-s0130.json,4,4,True
4493,ow14-1-r04493,qwen_minimal,minimal,ow14-s0131,1,model-facing/minimal-candidate-snapshots/ow14-s0131.json,4,4,True
4494,ow14-1-r04494,qwen_enriched,enriched,ow14-s0131,1,model-facing/enriched-candidate-snapshots/ow14-s0131.json,4,4,True
4495,ow14-1-r04495,qwen_minimal,minimal,ow14-s0131,2,model-facing/minimal-candidate-snapshots/ow14-s0131.json,4,4,True
4496,ow14-1-r04496,qwen_enriched,enriched,ow14-s0131,2,model-facing/enriched-candidate-snapshots/ow14-s0131.json,4,4,True
4497,ow14-1-r04497,qwen_minimal,minimal,ow14-s0131,3,model-facing/minimal-candidate-snapshots/ow14-s0131.json,4,4,True
4498,ow14-1-r04498,qwen_enriched,enriched,ow14-s0131,3,model-facing/enriched-candidate-snapshots/ow14-s0131.json,4,4,True
4499,ow14-1-r04499,qwen_minimal,minimal,ow14-s0131,4,model-facing/minimal-candidate-snapshots/ow14-s0131.json,4,4,True
4500,ow14-1-r04500,qwen_enriched,enriched,ow14-s0131,4,model-facing/enriched-candidate-snapshots/ow14-s0131.json,4,4,True
4501,ow14-1-r04501,qwen_minimal,minimal,ow14-s0131,5,model-facing/minimal-candidate-snapshots/ow14-s0131.json,4,4,True
4502,ow14-1-r04502,qwen_enriched,enriched,ow14-s0131,5,model-facing/enriched-candidate-snapshots/ow14-s0131.json,4,4,True
4503,ow14-1-r04503,qwen_minimal,minimal,ow14-s0132,1,model-facing/minimal-candidate-snapshots/ow14-s0132.json,4,4,True
4504,ow14-1-r04504,qwen_enriched,enriched,ow14-s0132,1,model-facing/enriched-candidate-snapshots/ow14-s0132.json,4,4,True
4505,ow14-1-r04505,qwen_minimal,minimal,ow14-s0132,2,model-facing/minimal-candidate-snapshots/ow14-s0132.json,4,4,True
4506,ow14-1-r04506,qwen_enriched,enriched,ow14-s0132,2,model-facing/enriched-candidate-snapshots/ow14-s0132.json,4,4,True
4507,ow14-1-r04507,qwen_minimal,minimal,ow14-s0132,3,model-facing/minimal-candidate-snapshots/ow14-s0132.json,4,4,True
4508,ow14-1-r04508,qwen_enriched,enriched,ow14-s0132,3,model-facing/enriched-candidate-snapshots/ow14-s0132.json,4,4,True
4509,ow14-1-r04509,qwen_minimal,minimal,ow14-s0132,4,model-facing/minimal-candidate-snapshots/ow14-s0132.json,4,4,True
4510,ow14-1-r04510,qwen_enriched,enriched,ow14-s0132,4,model-facing/enriched-candidate-snapshots/ow14-s0132.json,4,4,True
4511,ow14-1-r04511,qwen_minimal,minimal,ow14-s0132,5,model-facing/minimal-candidate-snapshots/ow14-s0132.json,4,4,True
4512,ow14-1-r04512,qwen_enriched,enriched,ow14-s0132,5,model-facing/enriched-candidate-snapshots/ow14-s0132.json,4,4,True
4513,ow14-1-r04513,qwen_minimal,minimal,ow14-s0133,1,model-facing/minimal-candidate-snapshots/ow14-s0133.json,4,4,True
4514,ow14-1-r04514,qwen_enriched,enriched,ow14-s0133,1,model-facing/enriched-candidate-snapshots/ow14-s0133.json,4,4,True
4515,ow14-1-r04515,qwen_minimal,minimal,ow14-s0133,2,model-facing/minimal-candidate-snapshots/ow14-s0133.json,4,4,True
4516,ow14-1-r04516,qwen_enriched,enriched,ow14-s0133,2,model-facing/enriched-candidate-snapshots/ow14-s0133.json,4,4,True
4517,ow14-1-r04517,qwen_minimal,minimal,ow14-s0133,3,model-facing/minimal-candidate-snapshots/ow14-s0133.json,4,4,True
4518,ow14-1-r04518,qwen_enriched,enriched,ow14-s0133,3,model-facing/enriched-candidate-snapshots/ow14-s0133.json,4,4,True
4519,ow14-1-r04519,qwen_minimal,minimal,ow14-s0133,4,model-facing/minimal-candidate-snapshots/ow14-s0133.json,4,4,True
4520,ow14-1-r04520,qwen_enriched,enriched,ow14-s0133,4,model-facing/enriched-candidate-snapshots/ow14-s0133.json,4,4,True
4521,ow14-1-r04521,qwen_minimal,minimal,ow14-s0133,5,model-facing/minimal-candidate-snapshots/ow14-s0133.json,4,4,True
4522,ow14-1-r04522,qwen_enriched,enriched,ow14-s0133,5,model-facing/enriched-candidate-snapshots/ow14-s0133.json,4,4,True
4523,ow14-1-r04523,qwen_minimal,minimal,ow14-s0134,1,model-facing/minimal-candidate-snapshots/ow14-s0134.json,4,4,True
4524,ow14-1-r04524,qwen_enriched,enriched,ow14-s0134,1,model-facing/enriched-candidate-snapshots/ow14-s0134.json,4,4,True
4525,ow14-1-r04525,qwen_minimal,minimal,ow14-s0134,2,model-facing/minimal-candidate-snapshots/ow14-s0134.json,4,4,True
4526,ow14-1-r04526,qwen_enriched,enriched,ow14-s0134,2,model-facing/enriched-candidate-snapshots/ow14-s0134.json,4,4,True
4527,ow14-1-r04527,qwen_minimal,minimal,ow14-s0134,3,model-facing/minimal-candidate-snapshots/ow14-s0134.json,4,4,True
4528,ow14-1-r04528,qwen_enriched,enriched,ow14-s0134,3,model-facing/enriched-candidate-snapshots/ow14-s0134.json,4,4,True
4529,ow14-1-r04529,qwen_minimal,minimal,ow14-s0134,4,model-facing/minimal-candidate-snapshots/ow14-s0134.json,4,4,True
4530,ow14-1-r04530,qwen_enriched,enriched,ow14-s0134,4,model-facing/enriched-candidate-snapshots/ow14-s0134.json,4,4,True
4531,ow14-1-r04531,qwen_minimal,minimal,ow14-s0134,5,model-facing/minimal-candidate-snapshots/ow14-s0134.json,4,4,True
4532,ow14-1-r04532,qwen_enriched,enriched,ow14-s0134,5,model-facing/enriched-candidate-snapshots/ow14-s0134.json,4,4,True
4533,ow14-1-r04533,qwen_minimal,minimal,ow14-s0135,1,model-facing/minimal-candidate-snapshots/ow14-s0135.json,4,4,True
4534,ow14-1-r04534,qwen_enriched,enriched,ow14-s0135,1,model-facing/enriched-candidate-snapshots/ow14-s0135.json,4,4,True
4535,ow14-1-r04535,qwen_minimal,minimal,ow14-s0135,2,model-facing/minimal-candidate-snapshots/ow14-s0135.json,4,4,True
4536,ow14-1-r04536,qwen_enriched,enriched,ow14-s0135,2,model-facing/enriched-candidate-snapshots/ow14-s0135.json,4,4,True
4537,ow14-1-r04537,qwen_minimal,minimal,ow14-s0135,3,model-facing/minimal-candidate-snapshots/ow14-s0135.json,4,4,True
4538,ow14-1-r04538,qwen_enriched,enriched,ow14-s0135,3,model-facing/enriched-candidate-snapshots/ow14-s0135.json,4,4,True
4539,ow14-1-r04539,qwen_minimal,minimal,ow14-s0135,4,model-facing/minimal-candidate-snapshots/ow14-s0135.json,4,4,True
4540,ow14-1-r04540,qwen_enriched,enriched,ow14-s0135,4,model-facing/enriched-candidate-snapshots/ow14-s0135.json,4,4,True
4541,ow14-1-r04541,qwen_minimal,minimal,ow14-s0135,5,model-facing/minimal-candidate-snapshots/ow14-s0135.json,4,4,True
4542,ow14-1-r04542,qwen_enriched,enriched,ow14-s0135,5,model-facing/enriched-candidate-snapshots/ow14-s0135.json,4,4,True
4543,ow14-1-r04543,qwen_minimal,minimal,ow14-s0136,1,model-facing/minimal-candidate-snapshots/ow14-s0136.json,4,4,True
4544,ow14-1-r04544,qwen_enriched,enriched,ow14-s0136,1,model-facing/enriched-candidate-snapshots/ow14-s0136.json,4,4,True
4545,ow14-1-r04545,qwen_minimal,minimal,ow14-s0136,2,model-facing/minimal-candidate-snapshots/ow14-s0136.json,4,4,True
4546,ow14-1-r04546,qwen_enriched,enriched,ow14-s0136,2,model-facing/enriched-candidate-snapshots/ow14-s0136.json,4,4,True
4547,ow14-1-r04547,qwen_minimal,minimal,ow14-s0136,3,model-facing/minimal-candidate-snapshots/ow14-s0136.json,4,4,True
4548,ow14-1-r04548,qwen_enriched,enriched,ow14-s0136,3,model-facing/enriched-candidate-snapshots/ow14-s0136.json,4,4,True
4549,ow14-1-r04549,qwen_minimal,minimal,ow14-s0136,4,model-facing/minimal-candidate-snapshots/ow14-s0136.json,4,4,True
4550,ow14-1-r04550,qwen_enriched,enriched,ow14-s0136,4,model-facing/enriched-candidate-snapshots/ow14-s0136.json,4,4,True
4551,ow14-1-r04551,qwen_minimal,minimal,ow14-s0136,5,model-facing/minimal-candidate-snapshots/ow14-s0136.json,4,4,True
4552,ow14-1-r04552,qwen_enriched,enriched,ow14-s0136,5,model-facing/enriched-candidate-snapshots/ow14-s0136.json,4,4,True
4553,ow14-1-r04553,qwen_minimal,minimal,ow14-s0137,1,model-facing/minimal-candidate-snapshots/ow14-s0137.json,4,4,True
4554,ow14-1-r04554,qwen_enriched,enriched,ow14-s0137,1,model-facing/enriched-candidate-snapshots/ow14-s0137.json,4,4,True
4555,ow14-1-r04555,qwen_minimal,minimal,ow14-s0137,2,model-facing/minimal-candidate-snapshots/ow14-s0137.json,4,4,True
4556,ow14-1-r04556,qwen_enriched,enriched,ow14-s0137,2,model-facing/enriched-candidate-snapshots/ow14-s0137.json,4,4,True
4557,ow14-1-r04557,qwen_minimal,minimal,ow14-s0137,3,model-facing/minimal-candidate-snapshots/ow14-s0137.json,4,4,True
4558,ow14-1-r04558,qwen_enriched,enriched,ow14-s0137,3,model-facing/enriched-candidate-snapshots/ow14-s0137.json,4,4,True
4559,ow14-1-r04559,qwen_minimal,minimal,ow14-s0137,4,model-facing/minimal-candidate-snapshots/ow14-s0137.json,4,4,True
4560,ow14-1-r04560,qwen_enriched,enriched,ow14-s0137,4,model-facing/enriched-candidate-snapshots/ow14-s0137.json,4,4,True
4561,ow14-1-r04561,qwen_minimal,minimal,ow14-s0137,5,model-facing/minimal-candidate-snapshots/ow14-s0137.json,4,4,True
4562,ow14-1-r04562,qwen_enriched,enriched,ow14-s0137,5,model-facing/enriched-candidate-snapshots/ow14-s0137.json,4,4,True
4563,ow14-1-r04563,qwen_minimal,minimal,ow14-s0138,1,model-facing/minimal-candidate-snapshots/ow14-s0138.json,4,4,True
4564,ow14-1-r04564,qwen_enriched,enriched,ow14-s0138,1,model-facing/enriched-candidate-snapshots/ow14-s0138.json,4,4,True
4565,ow14-1-r04565,qwen_minimal,minimal,ow14-s0138,2,model-facing/minimal-candidate-snapshots/ow14-s0138.json,4,4,True
4566,ow14-1-r04566,qwen_enriched,enriched,ow14-s0138,2,model-facing/enriched-candidate-snapshots/ow14-s0138.json,4,4,True
4567,ow14-1-r04567,qwen_minimal,minimal,ow14-s0138,3,model-facing/minimal-candidate-snapshots/ow14-s0138.json,4,4,True
4568,ow14-1-r04568,qwen_enriched,enriched,ow14-s0138,3,model-facing/enriched-candidate-snapshots/ow14-s0138.json,4,4,True
4569,ow14-1-r04569,qwen_minimal,minimal,ow14-s0138,4,model-facing/minimal-candidate-snapshots/ow14-s0138.json,4,4,True
4570,ow14-1-r04570,qwen_enriched,enriched,ow14-s0138,4,model-facing/enriched-candidate-snapshots/ow14-s0138.json,4,4,True
4571,ow14-1-r04571,qwen_minimal,minimal,ow14-s0138,5,model-facing/minimal-candidate-snapshots/ow14-s0138.json,4,4,True
4572,ow14-1-r04572,qwen_enriched,enriched,ow14-s0138,5,model-facing/enriched-candidate-snapshots/ow14-s0138.json,4,4,True
4573,ow14-1-r04573,qwen_minimal,minimal,ow14-s0139,1,model-facing/minimal-candidate-snapshots/ow14-s0139.json,4,4,True
4574,ow14-1-r04574,qwen_enriched,enriched,ow14-s0139,1,model-facing/enriched-candidate-snapshots/ow14-s0139.json,4,4,True
4575,ow14-1-r04575,qwen_minimal,minimal,ow14-s0139,2,model-facing/minimal-candidate-snapshots/ow14-s0139.json,4,4,True
4576,ow14-1-r04576,qwen_enriched,enriched,ow14-s0139,2,model-facing/enriched-candidate-snapshots/ow14-s0139.json,4,4,True
4577,ow14-1-r04577,qwen_minimal,minimal,ow14-s0139,3,model-facing/minimal-candidate-snapshots/ow14-s0139.json,4,4,True
4578,ow14-1-r04578,qwen_enriched,enriched,ow14-s0139,3,model-facing/enriched-candidate-snapshots/ow14-s0139.json,4,4,True
4579,ow14-1-r04579,qwen_minimal,minimal,ow14-s0139,4,model-facing/minimal-candidate-snapshots/ow14-s0139.json,4,4,True
4580,ow14-1-r04580,qwen_enriched,enriched,ow14-s0139,4,model-facing/enriched-candidate-snapshots/ow14-s0139.json,4,4,True
4581,ow14-1-r04581,qwen_minimal,minimal,ow14-s0139,5,model-facing/minimal-candidate-snapshots/ow14-s0139.json,4,4,True
4582,ow14-1-r04582,qwen_enriched,enriched,ow14-s0139,5,model-facing/enriched-candidate-snapshots/ow14-s0139.json,4,4,True
4583,ow14-1-r04583,qwen_minimal,minimal,ow14-s0140,1,model-facing/minimal-candidate-snapshots/ow14-s0140.json,4,4,True
4584,ow14-1-r04584,qwen_enriched,enriched,ow14-s0140,1,model-facing/enriched-candidate-snapshots/ow14-s0140.json,4,4,True
4585,ow14-1-r04585,qwen_minimal,minimal,ow14-s0140,2,model-facing/minimal-candidate-snapshots/ow14-s0140.json,4,4,True
4586,ow14-1-r04586,qwen_enriched,enriched,ow14-s0140,2,model-facing/enriched-candidate-snapshots/ow14-s0140.json,4,4,True
4587,ow14-1-r04587,qwen_minimal,minimal,ow14-s0140,3,model-facing/minimal-candidate-snapshots/ow14-s0140.json,4,4,True
4588,ow14-1-r04588,qwen_enriched,enriched,ow14-s0140,3,model-facing/enriched-candidate-snapshots/ow14-s0140.json,4,4,True
4589,ow14-1-r04589,qwen_minimal,minimal,ow14-s0140,4,model-facing/minimal-candidate-snapshots/ow14-s0140.json,4,4,True
4590,ow14-1-r04590,qwen_enriched,enriched,ow14-s0140,4,model-facing/enriched-candidate-snapshots/ow14-s0140.json,4,4,True
4591,ow14-1-r04591,qwen_minimal,minimal,ow14-s0140,5,model-facing/minimal-candidate-snapshots/ow14-s0140.json,4,4,True
4592,ow14-1-r04592,qwen_enriched,enriched,ow14-s0140,5,model-facing/enriched-candidate-snapshots/ow14-s0140.json,4,4,True
4593,ow14-1-r04593,qwen_minimal,minimal,ow14-s0141,1,model-facing/minimal-candidate-snapshots/ow14-s0141.json,4,4,True
4594,ow14-1-r04594,qwen_enriched,enriched,ow14-s0141,1,model-facing/enriched-candidate-snapshots/ow14-s0141.json,4,4,True
4595,ow14-1-r04595,qwen_minimal,minimal,ow14-s0141,2,model-facing/minimal-candidate-snapshots/ow14-s0141.json,4,4,True
4596,ow14-1-r04596,qwen_enriched,enriched,ow14-s0141,2,model-facing/enriched-candidate-snapshots/ow14-s0141.json,4,4,True
4597,ow14-1-r04597,qwen_minimal,minimal,ow14-s0141,3,model-facing/minimal-candidate-snapshots/ow14-s0141.json,4,4,True
4598,ow14-1-r04598,qwen_enriched,enriched,ow14-s0141,3,model-facing/enriched-candidate-snapshots/ow14-s0141.json,4,4,True
4599,ow14-1-r04599,qwen_minimal,minimal,ow14-s0141,4,model-facing/minimal-candidate-snapshots/ow14-s0141.json,4,4,True
4600,ow14-1-r04600,qwen_enriched,enriched,ow14-s0141,4,model-facing/enriched-candidate-snapshots/ow14-s0141.json,4,4,True
4601,ow14-1-r04601,qwen_minimal,minimal,ow14-s0141,5,model-facing/minimal-candidate-snapshots/ow14-s0141.json,4,4,True
4602,ow14-1-r04602,qwen_enriched,enriched,ow14-s0141,5,model-facing/enriched-candidate-snapshots/ow14-s0141.json,4,4,True
4603,ow14-1-r04603,qwen_minimal,minimal,ow14-s0142,1,model-facing/minimal-candidate-snapshots/ow14-s0142.json,4,4,True
4604,ow14-1-r04604,qwen_enriched,enriched,ow14-s0142,1,model-facing/enriched-candidate-snapshots/ow14-s0142.json,4,4,True
4605,ow14-1-r04605,qwen_minimal,minimal,ow14-s0142,2,model-facing/minimal-candidate-snapshots/ow14-s0142.json,4,4,True
4606,ow14-1-r04606,qwen_enriched,enriched,ow14-s0142,2,model-facing/enriched-candidate-snapshots/ow14-s0142.json,4,4,True
4607,ow14-1-r04607,qwen_minimal,minimal,ow14-s0142,3,model-facing/minimal-candidate-snapshots/ow14-s0142.json,4,4,True
4608,ow14-1-r04608,qwen_enriched,enriched,ow14-s0142,3,model-facing/enriched-candidate-snapshots/ow14-s0142.json,4,4,True
4609,ow14-1-r04609,qwen_minimal,minimal,ow14-s0142,4,model-facing/minimal-candidate-snapshots/ow14-s0142.json,4,4,True
4610,ow14-1-r04610,qwen_enriched,enriched,ow14-s0142,4,model-facing/enriched-candidate-snapshots/ow14-s0142.json,4,4,True
4611,ow14-1-r04611,qwen_minimal,minimal,ow14-s0142,5,model-facing/minimal-candidate-snapshots/ow14-s0142.json,4,4,True
4612,ow14-1-r04612,qwen_enriched,enriched,ow14-s0142,5,model-facing/enriched-candidate-snapshots/ow14-s0142.json,4,4,True
4613,ow14-1-r04613,qwen_minimal,minimal,ow14-s0143,1,model-facing/minimal-candidate-snapshots/ow14-s0143.json,4,4,True
4614,ow14-1-r04614,qwen_enriched,enriched,ow14-s0143,1,model-facing/enriched-candidate-snapshots/ow14-s0143.json,4,4,True
4615,ow14-1-r04615,qwen_minimal,minimal,ow14-s0143,2,model-facing/minimal-candidate-snapshots/ow14-s0143.json,4,4,True
4616,ow14-1-r04616,qwen_enriched,enriched,ow14-s0143,2,model-facing/enriched-candidate-snapshots/ow14-s0143.json,4,4,True
4617,ow14-1-r04617,qwen_minimal,minimal,ow14-s0143,3,model-facing/minimal-candidate-snapshots/ow14-s0143.json,4,4,True
4618,ow14-1-r04618,qwen_enriched,enriched,ow14-s0143,3,model-facing/enriched-candidate-snapshots/ow14-s0143.json,4,4,True
4619,ow14-1-r04619,qwen_minimal,minimal,ow14-s0143,4,model-facing/minimal-candidate-snapshots/ow14-s0143.json,4,4,True
4620,ow14-1-r04620,qwen_enriched,enriched,ow14-s0143,4,model-facing/enriched-candidate-snapshots/ow14-s0143.json,4,4,True
4621,ow14-1-r04621,qwen_minimal,minimal,ow14-s0143,5,model-facing/minimal-candidate-snapshots/ow14-s0143.json,4,4,True
4622,ow14-1-r04622,qwen_enriched,enriched,ow14-s0143,5,model-facing/enriched-candidate-snapshots/ow14-s0143.json,4,4,True
4623,ow14-1-r04623,qwen_minimal,minimal,ow14-s0144,1,model-facing/minimal-candidate-snapshots/ow14-s0144.json,4,4,True
4624,ow14-1-r04624,qwen_enriched,enriched,ow14-s0144,1,model-facing/enriched-candidate-snapshots/ow14-s0144.json,4,4,True
4625,ow14-1-r04625,qwen_minimal,minimal,ow14-s0144,2,model-facing/minimal-candidate-snapshots/ow14-s0144.json,4,4,True
4626,ow14-1-r04626,qwen_enriched,enriched,ow14-s0144,2,model-facing/enriched-candidate-snapshots/ow14-s0144.json,4,4,True
4627,ow14-1-r04627,qwen_minimal,minimal,ow14-s0144,3,model-facing/minimal-candidate-snapshots/ow14-s0144.json,4,4,True
4628,ow14-1-r04628,qwen_enriched,enriched,ow14-s0144,3,model-facing/enriched-candidate-snapshots/ow14-s0144.json,4,4,True
4629,ow14-1-r04629,qwen_minimal,minimal,ow14-s0144,4,model-facing/minimal-candidate-snapshots/ow14-s0144.json,4,4,True
4630,ow14-1-r04630,qwen_enriched,enriched,ow14-s0144,4,model-facing/enriched-candidate-snapshots/ow14-s0144.json,4,4,True
4631,ow14-1-r04631,qwen_minimal,minimal,ow14-s0144,5,model-facing/minimal-candidate-snapshots/ow14-s0144.json,4,4,True
4632,ow14-1-r04632,qwen_enriched,enriched,ow14-s0144,5,model-facing/enriched-candidate-snapshots/ow14-s0144.json,4,4,True
4633,ow14-1-r04633,qwen_minimal,minimal,ow14-s0145,1,model-facing/minimal-candidate-snapshots/ow14-s0145.json,4,4,True
4634,ow14-1-r04634,qwen_enriched,enriched,ow14-s0145,1,model-facing/enriched-candidate-snapshots/ow14-s0145.json,4,4,True
4635,ow14-1-r04635,qwen_minimal,minimal,ow14-s0145,2,model-facing/minimal-candidate-snapshots/ow14-s0145.json,4,4,True
4636,ow14-1-r04636,qwen_enriched,enriched,ow14-s0145,2,model-facing/enriched-candidate-snapshots/ow14-s0145.json,4,4,True
4637,ow14-1-r04637,qwen_minimal,minimal,ow14-s0145,3,model-facing/minimal-candidate-snapshots/ow14-s0145.json,4,4,True
4638,ow14-1-r04638,qwen_enriched,enriched,ow14-s0145,3,model-facing/enriched-candidate-snapshots/ow14-s0145.json,4,4,True
4639,ow14-1-r04639,qwen_minimal,minimal,ow14-s0145,4,model-facing/minimal-candidate-snapshots/ow14-s0145.json,4,4,True
4640,ow14-1-r04640,qwen_enriched,enriched,ow14-s0145,4,model-facing/enriched-candidate-snapshots/ow14-s0145.json,4,4,True
4641,ow14-1-r04641,qwen_minimal,minimal,ow14-s0145,5,model-facing/minimal-candidate-snapshots/ow14-s0145.json,4,4,True
4642,ow14-1-r04642,qwen_enriched,enriched,ow14-s0145,5,model-facing/enriched-candidate-snapshots/ow14-s0145.json,4,4,True
4643,ow14-1-r04643,qwen_minimal,minimal,ow14-s0146,1,model-facing/minimal-candidate-snapshots/ow14-s0146.json,4,4,True
4644,ow14-1-r04644,qwen_enriched,enriched,ow14-s0146,1,model-facing/enriched-candidate-snapshots/ow14-s0146.json,4,4,True
4645,ow14-1-r04645,qwen_minimal,minimal,ow14-s0146,2,model-facing/minimal-candidate-snapshots/ow14-s0146.json,4,4,True
4646,ow14-1-r04646,qwen_enriched,enriched,ow14-s0146,2,model-facing/enriched-candidate-snapshots/ow14-s0146.json,4,4,True
4647,ow14-1-r04647,qwen_minimal,minimal,ow14-s0146,3,model-facing/minimal-candidate-snapshots/ow14-s0146.json,4,4,True
4648,ow14-1-r04648,qwen_enriched,enriched,ow14-s0146,3,model-facing/enriched-candidate-snapshots/ow14-s0146.json,4,4,True
4649,ow14-1-r04649,qwen_minimal,minimal,ow14-s0146,4,model-facing/minimal-candidate-snapshots/ow14-s0146.json,4,4,True
4650,ow14-1-r04650,qwen_enriched,enriched,ow14-s0146,4,model-facing/enriched-candidate-snapshots/ow14-s0146.json,4,4,True
4651,ow14-1-r04651,qwen_minimal,minimal,ow14-s0146,5,model-facing/minimal-candidate-snapshots/ow14-s0146.json,4,4,True
4652,ow14-1-r04652,qwen_enriched,enriched,ow14-s0146,5,model-facing/enriched-candidate-snapshots/ow14-s0146.json,4,4,True
4653,ow14-1-r04653,qwen_minimal,minimal,ow14-s0147,1,model-facing/minimal-candidate-snapshots/ow14-s0147.json,4,4,True
4654,ow14-1-r04654,qwen_enriched,enriched,ow14-s0147,1,model-facing/enriched-candidate-snapshots/ow14-s0147.json,4,4,True
4655,ow14-1-r04655,qwen_minimal,minimal,ow14-s0147,2,model-facing/minimal-candidate-snapshots/ow14-s0147.json,4,4,True
4656,ow14-1-r04656,qwen_enriched,enriched,ow14-s0147,2,model-facing/enriched-candidate-snapshots/ow14-s0147.json,4,4,True
4657,ow14-1-r04657,qwen_minimal,minimal,ow14-s0147,3,model-facing/minimal-candidate-snapshots/ow14-s0147.json,4,4,True
4658,ow14-1-r04658,qwen_enriched,enriched,ow14-s0147,3,model-facing/enriched-candidate-snapshots/ow14-s0147.json,4,4,True
4659,ow14-1-r04659,qwen_minimal,minimal,ow14-s0147,4,model-facing/minimal-candidate-snapshots/ow14-s0147.json,4,4,True
4660,ow14-1-r04660,qwen_enriched,enriched,ow14-s0147,4,model-facing/enriched-candidate-snapshots/ow14-s0147.json,4,4,True
4661,ow14-1-r04661,qwen_minimal,minimal,ow14-s0147,5,model-facing/minimal-candidate-snapshots/ow14-s0147.json,4,4,True
4662,ow14-1-r04662,qwen_enriched,enriched,ow14-s0147,5,model-facing/enriched-candidate-snapshots/ow14-s0147.json,4,4,True
4663,ow14-1-r04663,qwen_minimal,minimal,ow14-s0148,1,model-facing/minimal-candidate-snapshots/ow14-s0148.json,4,4,True
4664,ow14-1-r04664,qwen_enriched,enriched,ow14-s0148,1,model-facing/enriched-candidate-snapshots/ow14-s0148.json,4,4,True
4665,ow14-1-r04665,qwen_minimal,minimal,ow14-s0148,2,model-facing/minimal-candidate-snapshots/ow14-s0148.json,4,4,True
4666,ow14-1-r04666,qwen_enriched,enriched,ow14-s0148,2,model-facing/enriched-candidate-snapshots/ow14-s0148.json,4,4,True
4667,ow14-1-r04667,qwen_minimal,minimal,ow14-s0148,3,model-facing/minimal-candidate-snapshots/ow14-s0148.json,4,4,True
4668,ow14-1-r04668,qwen_enriched,enriched,ow14-s0148,3,model-facing/enriched-candidate-snapshots/ow14-s0148.json,4,4,True
4669,ow14-1-r04669,qwen_minimal,minimal,ow14-s0148,4,model-facing/minimal-candidate-snapshots/ow14-s0148.json,4,4,True
4670,ow14-1-r04670,qwen_enriched,enriched,ow14-s0148,4,model-facing/enriched-candidate-snapshots/ow14-s0148.json,4,4,True
4671,ow14-1-r04671,qwen_minimal,minimal,ow14-s0148,5,model-facing/minimal-candidate-snapshots/ow14-s0148.json,4,4,True
4672,ow14-1-r04672,qwen_enriched,enriched,ow14-s0148,5,model-facing/enriched-candidate-snapshots/ow14-s0148.json,4,4,True
4673,ow14-1-r04673,qwen_minimal,minimal,ow14-s0149,1,model-facing/minimal-candidate-snapshots/ow14-s0149.json,4,4,True
4674,ow14-1-r04674,qwen_enriched,enriched,ow14-s0149,1,model-facing/enriched-candidate-snapshots/ow14-s0149.json,4,4,True
4675,ow14-1-r04675,qwen_minimal,minimal,ow14-s0149,2,model-facing/minimal-candidate-snapshots/ow14-s0149.json,4,4,True
4676,ow14-1-r04676,qwen_enriched,enriched,ow14-s0149,2,model-facing/enriched-candidate-snapshots/ow14-s0149.json,4,4,True
4677,ow14-1-r04677,qwen_minimal,minimal,ow14-s0149,3,model-facing/minimal-candidate-snapshots/ow14-s0149.json,4,4,True
4678,ow14-1-r04678,qwen_enriched,enriched,ow14-s0149,3,model-facing/enriched-candidate-snapshots/ow14-s0149.json,4,4,True
4679,ow14-1-r04679,qwen_minimal,minimal,ow14-s0149,4,model-facing/minimal-candidate-snapshots/ow14-s0149.json,4,4,True
4680,ow14-1-r04680,qwen_enriched,enriched,ow14-s0149,4,model-facing/enriched-candidate-snapshots/ow14-s0149.json,4,4,True
4681,ow14-1-r04681,qwen_minimal,minimal,ow14-s0149,5,model-facing/minimal-candidate-snapshots/ow14-s0149.json,4,4,True
4682,ow14-1-r04682,qwen_enriched,enriched,ow14-s0149,5,model-facing/enriched-candidate-snapshots/ow14-s0149.json,4,4,True
4683,ow14-1-r04683,qwen_minimal,minimal,ow14-s0150,1,model-facing/minimal-candidate-snapshots/ow14-s0150.json,4,4,True
4684,ow14-1-r04684,qwen_enriched,enriched,ow14-s0150,1,model-facing/enriched-candidate-snapshots/ow14-s0150.json,4,4,True
4685,ow14-1-r04685,qwen_minimal,minimal,ow14-s0150,2,model-facing/minimal-candidate-snapshots/ow14-s0150.json,4,4,True
4686,ow14-1-r04686,qwen_enriched,enriched,ow14-s0150,2,model-facing/enriched-candidate-snapshots/ow14-s0150.json,4,4,True
4687,ow14-1-r04687,qwen_minimal,minimal,ow14-s0150,3,model-facing/minimal-candidate-snapshots/ow14-s0150.json,4,4,True
4688,ow14-1-r04688,qwen_enriched,enriched,ow14-s0150,3,model-facing/enriched-candidate-snapshots/ow14-s0150.json,4,4,True
4689,ow14-1-r04689,qwen_minimal,minimal,ow14-s0150,4,model-facing/minimal-candidate-snapshots/ow14-s0150.json,4,4,True
4690,ow14-1-r04690,qwen_enriched,enriched,ow14-s0150,4,model-facing/enriched-candidate-snapshots/ow14-s0150.json,4,4,True
4691,ow14-1-r04691,qwen_minimal,minimal,ow14-s0150,5,model-facing/minimal-candidate-snapshots/ow14-s0150.json,4,4,True
4692,ow14-1-r04692,qwen_enriched,enriched,ow14-s0150,5,model-facing/enriched-candidate-snapshots/ow14-s0150.json,4,4,True
4693,ow14-1-r04693,qwen_minimal,minimal,ow14-s0151,1,model-facing/minimal-candidate-snapshots/ow14-s0151.json,4,4,True
4694,ow14-1-r04694,qwen_enriched,enriched,ow14-s0151,1,model-facing/enriched-candidate-snapshots/ow14-s0151.json,4,4,True
4695,ow14-1-r04695,qwen_minimal,minimal,ow14-s0151,2,model-facing/minimal-candidate-snapshots/ow14-s0151.json,4,4,True
4696,ow14-1-r04696,qwen_enriched,enriched,ow14-s0151,2,model-facing/enriched-candidate-snapshots/ow14-s0151.json,4,4,True
4697,ow14-1-r04697,qwen_minimal,minimal,ow14-s0151,3,model-facing/minimal-candidate-snapshots/ow14-s0151.json,4,4,True
4698,ow14-1-r04698,qwen_enriched,enriched,ow14-s0151,3,model-facing/enriched-candidate-snapshots/ow14-s0151.json,4,4,True
4699,ow14-1-r04699,qwen_minimal,minimal,ow14-s0151,4,model-facing/minimal-candidate-snapshots/ow14-s0151.json,4,4,True
4700,ow14-1-r04700,qwen_enriched,enriched,ow14-s0151,4,model-facing/enriched-candidate-snapshots/ow14-s0151.json,4,4,True
4701,ow14-1-r04701,qwen_minimal,minimal,ow14-s0151,5,model-facing/minimal-candidate-snapshots/ow14-s0151.json,4,4,True
4702,ow14-1-r04702,qwen_enriched,enriched,ow14-s0151,5,model-facing/enriched-candidate-snapshots/ow14-s0151.json,4,4,True
4703,ow14-1-r04703,qwen_minimal,minimal,ow14-s0152,1,model-facing/minimal-candidate-snapshots/ow14-s0152.json,4,4,True
4704,ow14-1-r04704,qwen_enriched,enriched,ow14-s0152,1,model-facing/enriched-candidate-snapshots/ow14-s0152.json,4,4,True
4705,ow14-1-r04705,qwen_minimal,minimal,ow14-s0152,2,model-facing/minimal-candidate-snapshots/ow14-s0152.json,4,4,True
4706,ow14-1-r04706,qwen_enriched,enriched,ow14-s0152,2,model-facing/enriched-candidate-snapshots/ow14-s0152.json,4,4,True
4707,ow14-1-r04707,qwen_minimal,minimal,ow14-s0152,3,model-facing/minimal-candidate-snapshots/ow14-s0152.json,4,4,True
4708,ow14-1-r04708,qwen_enriched,enriched,ow14-s0152,3,model-facing/enriched-candidate-snapshots/ow14-s0152.json,4,4,True
4709,ow14-1-r04709,qwen_minimal,minimal,ow14-s0152,4,model-facing/minimal-candidate-snapshots/ow14-s0152.json,4,4,True
4710,ow14-1-r04710,qwen_enriched,enriched,ow14-s0152,4,model-facing/enriched-candidate-snapshots/ow14-s0152.json,4,4,True
4711,ow14-1-r04711,qwen_minimal,minimal,ow14-s0152,5,model-facing/minimal-candidate-snapshots/ow14-s0152.json,4,4,True
4712,ow14-1-r04712,qwen_enriched,enriched,ow14-s0152,5,model-facing/enriched-candidate-snapshots/ow14-s0152.json,4,4,True
4713,ow14-1-r04713,qwen_minimal,minimal,ow14-s0153,1,model-facing/minimal-candidate-snapshots/ow14-s0153.json,4,4,True
4714,ow14-1-r04714,qwen_enriched,enriched,ow14-s0153,1,model-facing/enriched-candidate-snapshots/ow14-s0153.json,4,4,True
4715,ow14-1-r04715,qwen_minimal,minimal,ow14-s0153,2,model-facing/minimal-candidate-snapshots/ow14-s0153.json,4,4,True
4716,ow14-1-r04716,qwen_enriched,enriched,ow14-s0153,2,model-facing/enriched-candidate-snapshots/ow14-s0153.json,4,4,True
4717,ow14-1-r04717,qwen_minimal,minimal,ow14-s0153,3,model-facing/minimal-candidate-snapshots/ow14-s0153.json,4,4,True
4718,ow14-1-r04718,qwen_enriched,enriched,ow14-s0153,3,model-facing/enriched-candidate-snapshots/ow14-s0153.json,4,4,True
4719,ow14-1-r04719,qwen_minimal,minimal,ow14-s0153,4,model-facing/minimal-candidate-snapshots/ow14-s0153.json,4,4,True
4720,ow14-1-r04720,qwen_enriched,enriched,ow14-s0153,4,model-facing/enriched-candidate-snapshots/ow14-s0153.json,4,4,True
4721,ow14-1-r04721,qwen_minimal,minimal,ow14-s0153,5,model-facing/minimal-candidate-snapshots/ow14-s0153.json,4,4,True
4722,ow14-1-r04722,qwen_enriched,enriched,ow14-s0153,5,model-facing/enriched-candidate-snapshots/ow14-s0153.json,4,4,True
4723,ow14-1-r04723,qwen_minimal,minimal,ow14-s0154,1,model-facing/minimal-candidate-snapshots/ow14-s0154.json,4,4,True
4724,ow14-1-r04724,qwen_enriched,enriched,ow14-s0154,1,model-facing/enriched-candidate-snapshots/ow14-s0154.json,4,4,True
4725,ow14-1-r04725,qwen_minimal,minimal,ow14-s0154,2,model-facing/minimal-candidate-snapshots/ow14-s0154.json,4,4,True
4726,ow14-1-r04726,qwen_enriched,enriched,ow14-s0154,2,model-facing/enriched-candidate-snapshots/ow14-s0154.json,4,4,True
4727,ow14-1-r04727,qwen_minimal,minimal,ow14-s0154,3,model-facing/minimal-candidate-snapshots/ow14-s0154.json,4,4,True
4728,ow14-1-r04728,qwen_enriched,enriched,ow14-s0154,3,model-facing/enriched-candidate-snapshots/ow14-s0154.json,4,4,True
4729,ow14-1-r04729,qwen_minimal,minimal,ow14-s0154,4,model-facing/minimal-candidate-snapshots/ow14-s0154.json,4,4,True
4730,ow14-1-r04730,qwen_enriched,enriched,ow14-s0154,4,model-facing/enriched-candidate-snapshots/ow14-s0154.json,4,4,True
4731,ow14-1-r04731,qwen_minimal,minimal,ow14-s0154,5,model-facing/minimal-candidate-snapshots/ow14-s0154.json,4,4,True
4732,ow14-1-r04732,qwen_enriched,enriched,ow14-s0154,5,model-facing/enriched-candidate-snapshots/ow14-s0154.json,4,4,True
4733,ow14-1-r04733,qwen_minimal,minimal,ow14-s0155,1,model-facing/minimal-candidate-snapshots/ow14-s0155.json,4,4,True
4734,ow14-1-r04734,qwen_enriched,enriched,ow14-s0155,1,model-facing/enriched-candidate-snapshots/ow14-s0155.json,4,4,True
4735,ow14-1-r04735,qwen_minimal,minimal,ow14-s0155,2,model-facing/minimal-candidate-snapshots/ow14-s0155.json,4,4,True
4736,ow14-1-r04736,qwen_enriched,enriched,ow14-s0155,2,model-facing/enriched-candidate-snapshots/ow14-s0155.json,4,4,True
4737,ow14-1-r04737,qwen_minimal,minimal,ow14-s0155,3,model-facing/minimal-candidate-snapshots/ow14-s0155.json,4,4,True
4738,ow14-1-r04738,qwen_enriched,enriched,ow14-s0155,3,model-facing/enriched-candidate-snapshots/ow14-s0155.json,4,4,True
4739,ow14-1-r04739,qwen_minimal,minimal,ow14-s0155,4,model-facing/minimal-candidate-snapshots/ow14-s0155.json,4,4,True
4740,ow14-1-r04740,qwen_enriched,enriched,ow14-s0155,4,model-facing/enriched-candidate-snapshots/ow14-s0155.json,4,4,True
4741,ow14-1-r04741,qwen_minimal,minimal,ow14-s0155,5,model-facing/minimal-candidate-snapshots/ow14-s0155.json,4,4,True
4742,ow14-1-r04742,qwen_enriched,enriched,ow14-s0155,5,model-facing/enriched-candidate-snapshots/ow14-s0155.json,4,4,True
4743,ow14-1-r04743,qwen_minimal,minimal,ow14-s0156,1,model-facing/minimal-candidate-snapshots/ow14-s0156.json,4,4,True
4744,ow14-1-r04744,qwen_enriched,enriched,ow14-s0156,1,model-facing/enriched-candidate-snapshots/ow14-s0156.json,4,4,True
4745,ow14-1-r04745,qwen_minimal,minimal,ow14-s0156,2,model-facing/minimal-candidate-snapshots/ow14-s0156.json,4,4,True
4746,ow14-1-r04746,qwen_enriched,enriched,ow14-s0156,2,model-facing/enriched-candidate-snapshots/ow14-s0156.json,4,4,True
4747,ow14-1-r04747,qwen_minimal,minimal,ow14-s0156,3,model-facing/minimal-candidate-snapshots/ow14-s0156.json,4,4,True
4748,ow14-1-r04748,qwen_enriched,enriched,ow14-s0156,3,model-facing/enriched-candidate-snapshots/ow14-s0156.json,4,4,True
4749,ow14-1-r04749,qwen_minimal,minimal,ow14-s0156,4,model-facing/minimal-candidate-snapshots/ow14-s0156.json,4,4,True
4750,ow14-1-r04750,qwen_enriched,enriched,ow14-s0156,4,model-facing/enriched-candidate-snapshots/ow14-s0156.json,4,4,True
4751,ow14-1-r04751,qwen_minimal,minimal,ow14-s0156,5,model-facing/minimal-candidate-snapshots/ow14-s0156.json,4,4,True
4752,ow14-1-r04752,qwen_enriched,enriched,ow14-s0156,5,model-facing/enriched-candidate-snapshots/ow14-s0156.json,4,4,True
4753,ow14-1-r04753,qwen_minimal,minimal,ow14-s0157,1,model-facing/minimal-candidate-snapshots/ow14-s0157.json,4,4,True
4754,ow14-1-r04754,qwen_enriched,enriched,ow14-s0157,1,model-facing/enriched-candidate-snapshots/ow14-s0157.json,4,4,True
4755,ow14-1-r04755,qwen_minimal,minimal,ow14-s0157,2,model-facing/minimal-candidate-snapshots/ow14-s0157.json,4,4,True
4756,ow14-1-r04756,qwen_enriched,enriched,ow14-s0157,2,model-facing/enriched-candidate-snapshots/ow14-s0157.json,4,4,True
4757,ow14-1-r04757,qwen_minimal,minimal,ow14-s0157,3,model-facing/minimal-candidate-snapshots/ow14-s0157.json,4,4,True
4758,ow14-1-r04758,qwen_enriched,enriched,ow14-s0157,3,model-facing/enriched-candidate-snapshots/ow14-s0157.json,4,4,True
4759,ow14-1-r04759,qwen_minimal,minimal,ow14-s0157,4,model-facing/minimal-candidate-snapshots/ow14-s0157.json,4,4,True
4760,ow14-1-r04760,qwen_enriched,enriched,ow14-s0157,4,model-facing/enriched-candidate-snapshots/ow14-s0157.json,4,4,True
4761,ow14-1-r04761,qwen_minimal,minimal,ow14-s0157,5,model-facing/minimal-candidate-snapshots/ow14-s0157.json,4,4,True
4762,ow14-1-r04762,qwen_enriched,enriched,ow14-s0157,5,model-facing/enriched-candidate-snapshots/ow14-s0157.json,4,4,True
4763,ow14-1-r04763,qwen_minimal,minimal,ow14-s0158,1,model-facing/minimal-candidate-snapshots/ow14-s0158.json,4,4,True
4764,ow14-1-r04764,qwen_enriched,enriched,ow14-s0158,1,model-facing/enriched-candidate-snapshots/ow14-s0158.json,4,4,True
4765,ow14-1-r04765,qwen_minimal,minimal,ow14-s0158,2,model-facing/minimal-candidate-snapshots/ow14-s0158.json,4,4,True
4766,ow14-1-r04766,qwen_enriched,enriched,ow14-s0158,2,model-facing/enriched-candidate-snapshots/ow14-s0158.json,4,4,True
4767,ow14-1-r04767,qwen_minimal,minimal,ow14-s0158,3,model-facing/minimal-candidate-snapshots/ow14-s0158.json,4,4,True
4768,ow14-1-r04768,qwen_enriched,enriched,ow14-s0158,3,model-facing/enriched-candidate-snapshots/ow14-s0158.json,4,4,True
4769,ow14-1-r04769,qwen_minimal,minimal,ow14-s0158,4,model-facing/minimal-candidate-snapshots/ow14-s0158.json,4,4,True
4770,ow14-1-r04770,qwen_enriched,enriched,ow14-s0158,4,model-facing/enriched-candidate-snapshots/ow14-s0158.json,4,4,True
4771,ow14-1-r04771,qwen_minimal,minimal,ow14-s0158,5,model-facing/minimal-candidate-snapshots/ow14-s0158.json,4,4,True
4772,ow14-1-r04772,qwen_enriched,enriched,ow14-s0158,5,model-facing/enriched-candidate-snapshots/ow14-s0158.json,4,4,True
4773,ow14-1-r04773,qwen_minimal,minimal,ow14-s0159,1,model-facing/minimal-candidate-snapshots/ow14-s0159.json,4,4,True
4774,ow14-1-r04774,qwen_enriched,enriched,ow14-s0159,1,model-facing/enriched-candidate-snapshots/ow14-s0159.json,4,4,True
4775,ow14-1-r04775,qwen_minimal,minimal,ow14-s0159,2,model-facing/minimal-candidate-snapshots/ow14-s0159.json,4,4,True
4776,ow14-1-r04776,qwen_enriched,enriched,ow14-s0159,2,model-facing/enriched-candidate-snapshots/ow14-s0159.json,4,4,True
4777,ow14-1-r04777,qwen_minimal,minimal,ow14-s0159,3,model-facing/minimal-candidate-snapshots/ow14-s0159.json,4,4,True
4778,ow14-1-r04778,qwen_enriched,enriched,ow14-s0159,3,model-facing/enriched-candidate-snapshots/ow14-s0159.json,4,4,True
4779,ow14-1-r04779,qwen_minimal,minimal,ow14-s0159,4,model-facing/minimal-candidate-snapshots/ow14-s0159.json,4,4,True
4780,ow14-1-r04780,qwen_enriched,enriched,ow14-s0159,4,model-facing/enriched-candidate-snapshots/ow14-s0159.json,4,4,True
4781,ow14-1-r04781,qwen_minimal,minimal,ow14-s0159,5,model-facing/minimal-candidate-snapshots/ow14-s0159.json,4,4,True
4782,ow14-1-r04782,qwen_enriched,enriched,ow14-s0159,5,model-facing/enriched-candidate-snapshots/ow14-s0159.json,4,4,True
4783,ow14-1-r04783,qwen_minimal,minimal,ow14-s0160,1,model-facing/minimal-candidate-snapshots/ow14-s0160.json,4,4,True
4784,ow14-1-r04784,qwen_enriched,enriched,ow14-s0160,1,model-facing/enriched-candidate-snapshots/ow14-s0160.json,4,4,True
4785,ow14-1-r04785,qwen_minimal,minimal,ow14-s0160,2,model-facing/minimal-candidate-snapshots/ow14-s0160.json,4,4,True
4786,ow14-1-r04786,qwen_enriched,enriched,ow14-s0160,2,model-facing/enriched-candidate-snapshots/ow14-s0160.json,4,4,True
4787,ow14-1-r04787,qwen_minimal,minimal,ow14-s0160,3,model-facing/minimal-candidate-snapshots/ow14-s0160.json,4,4,True
4788,ow14-1-r04788,qwen_enriched,enriched,ow14-s0160,3,model-facing/enriched-candidate-snapshots/ow14-s0160.json,4,4,True
4789,ow14-1-r04789,qwen_minimal,minimal,ow14-s0160,4,model-facing/minimal-candidate-snapshots/ow14-s0160.json,4,4,True
4790,ow14-1-r04790,qwen_enriched,enriched,ow14-s0160,4,model-facing/enriched-candidate-snapshots/ow14-s0160.json,4,4,True
4791,ow14-1-r04791,qwen_minimal,minimal,ow14-s0160,5,model-facing/minimal-candidate-snapshots/ow14-s0160.json,4,4,True
4792,ow14-1-r04792,qwen_enriched,enriched,ow14-s0160,5,model-facing/enriched-candidate-snapshots/ow14-s0160.json,4,4,True
4793,ow14-1-r04793,qwen_minimal,minimal,ow14-s0161,1,model-facing/minimal-candidate-snapshots/ow14-s0161.json,4,4,True
4794,ow14-1-r04794,qwen_enriched,enriched,ow14-s0161,1,model-facing/enriched-candidate-snapshots/ow14-s0161.json,4,4,True
4795,ow14-1-r04795,qwen_minimal,minimal,ow14-s0161,2,model-facing/minimal-candidate-snapshots/ow14-s0161.json,4,4,True
4796,ow14-1-r04796,qwen_enriched,enriched,ow14-s0161,2,model-facing/enriched-candidate-snapshots/ow14-s0161.json,4,4,True
4797,ow14-1-r04797,qwen_minimal,minimal,ow14-s0161,3,model-facing/minimal-candidate-snapshots/ow14-s0161.json,4,4,True
4798,ow14-1-r04798,qwen_enriched,enriched,ow14-s0161,3,model-facing/enriched-candidate-snapshots/ow14-s0161.json,4,4,True
4799,ow14-1-r04799,qwen_minimal,minimal,ow14-s0161,4,model-facing/minimal-candidate-snapshots/ow14-s0161.json,4,4,True
4800,ow14-1-r04800,qwen_enriched,enriched,ow14-s0161,4,model-facing/enriched-candidate-snapshots/ow14-s0161.json,4,4,True
4801,ow14-1-r04801,qwen_minimal,minimal,ow14-s0161,5,model-facing/minimal-candidate-snapshots/ow14-s0161.json,4,4,True
4802,ow14-1-r04802,qwen_enriched,enriched,ow14-s0161,5,model-facing/enriched-candidate-snapshots/ow14-s0161.json,4,4,True
4803,ow14-1-r04803,qwen_minimal,minimal,ow14-s0162,1,model-facing/minimal-candidate-snapshots/ow14-s0162.json,4,4,True
4804,ow14-1-r04804,qwen_enriched,enriched,ow14-s0162,1,model-facing/enriched-candidate-snapshots/ow14-s0162.json,4,4,True
4805,ow14-1-r04805,qwen_minimal,minimal,ow14-s0162,2,model-facing/minimal-candidate-snapshots/ow14-s0162.json,4,4,True
4806,ow14-1-r04806,qwen_enriched,enriched,ow14-s0162,2,model-facing/enriched-candidate-snapshots/ow14-s0162.json,4,4,True
4807,ow14-1-r04807,qwen_minimal,minimal,ow14-s0162,3,model-facing/minimal-candidate-snapshots/ow14-s0162.json,4,4,True
4808,ow14-1-r04808,qwen_enriched,enriched,ow14-s0162,3,model-facing/enriched-candidate-snapshots/ow14-s0162.json,4,4,True
4809,ow14-1-r04809,qwen_minimal,minimal,ow14-s0162,4,model-facing/minimal-candidate-snapshots/ow14-s0162.json,4,4,True
4810,ow14-1-r04810,qwen_enriched,enriched,ow14-s0162,4,model-facing/enriched-candidate-snapshots/ow14-s0162.json,4,4,True
4811,ow14-1-r04811,qwen_minimal,minimal,ow14-s0162,5,model-facing/minimal-candidate-snapshots/ow14-s0162.json,4,4,True
4812,ow14-1-r04812,qwen_enriched,enriched,ow14-s0162,5,model-facing/enriched-candidate-snapshots/ow14-s0162.json,4,4,True
4813,ow14-1-r04813,qwen_minimal,minimal,ow14-s0163,1,model-facing/minimal-candidate-snapshots/ow14-s0163.json,4,4,True
4814,ow14-1-r04814,qwen_enriched,enriched,ow14-s0163,1,model-facing/enriched-candidate-snapshots/ow14-s0163.json,4,4,True
4815,ow14-1-r04815,qwen_minimal,minimal,ow14-s0163,2,model-facing/minimal-candidate-snapshots/ow14-s0163.json,4,4,True
4816,ow14-1-r04816,qwen_enriched,enriched,ow14-s0163,2,model-facing/enriched-candidate-snapshots/ow14-s0163.json,4,4,True
4817,ow14-1-r04817,qwen_minimal,minimal,ow14-s0163,3,model-facing/minimal-candidate-snapshots/ow14-s0163.json,4,4,True
4818,ow14-1-r04818,qwen_enriched,enriched,ow14-s0163,3,model-facing/enriched-candidate-snapshots/ow14-s0163.json,4,4,True
4819,ow14-1-r04819,qwen_minimal,minimal,ow14-s0163,4,model-facing/minimal-candidate-snapshots/ow14-s0163.json,4,4,True
4820,ow14-1-r04820,qwen_enriched,enriched,ow14-s0163,4,model-facing/enriched-candidate-snapshots/ow14-s0163.json,4,4,True
4821,ow14-1-r04821,qwen_minimal,minimal,ow14-s0163,5,model-facing/minimal-candidate-snapshots/ow14-s0163.json,4,4,True
4822,ow14-1-r04822,qwen_enriched,enriched,ow14-s0163,5,model-facing/enriched-candidate-snapshots/ow14-s0163.json,4,4,True
4823,ow14-1-r04823,qwen_minimal,minimal,ow14-s0164,1,model-facing/minimal-candidate-snapshots/ow14-s0164.json,4,4,True
4824,ow14-1-r04824,qwen_enriched,enriched,ow14-s0164,1,model-facing/enriched-candidate-snapshots/ow14-s0164.json,4,4,True
4825,ow14-1-r04825,qwen_minimal,minimal,ow14-s0164,2,model-facing/minimal-candidate-snapshots/ow14-s0164.json,4,4,True
4826,ow14-1-r04826,qwen_enriched,enriched,ow14-s0164,2,model-facing/enriched-candidate-snapshots/ow14-s0164.json,4,4,True
4827,ow14-1-r04827,qwen_minimal,minimal,ow14-s0164,3,model-facing/minimal-candidate-snapshots/ow14-s0164.json,4,4,True
4828,ow14-1-r04828,qwen_enriched,enriched,ow14-s0164,3,model-facing/enriched-candidate-snapshots/ow14-s0164.json,4,4,True
4829,ow14-1-r04829,qwen_minimal,minimal,ow14-s0164,4,model-facing/minimal-candidate-snapshots/ow14-s0164.json,4,4,True
4830,ow14-1-r04830,qwen_enriched,enriched,ow14-s0164,4,model-facing/enriched-candidate-snapshots/ow14-s0164.json,4,4,True
4831,ow14-1-r04831,qwen_minimal,minimal,ow14-s0164,5,model-facing/minimal-candidate-snapshots/ow14-s0164.json,4,4,True
4832,ow14-1-r04832,qwen_enriched,enriched,ow14-s0164,5,model-facing/enriched-candidate-snapshots/ow14-s0164.json,4,4,True
4833,ow14-1-r04833,qwen_minimal,minimal,ow14-s0165,1,model-facing/minimal-candidate-snapshots/ow14-s0165.json,4,4,True
4834,ow14-1-r04834,qwen_enriched,enriched,ow14-s0165,1,model-facing/enriched-candidate-snapshots/ow14-s0165.json,4,4,True
4835,ow14-1-r04835,qwen_minimal,minimal,ow14-s0165,2,model-facing/minimal-candidate-snapshots/ow14-s0165.json,4,4,True
4836,ow14-1-r04836,qwen_enriched,enriched,ow14-s0165,2,model-facing/enriched-candidate-snapshots/ow14-s0165.json,4,4,True
4837,ow14-1-r04837,qwen_minimal,minimal,ow14-s0165,3,model-facing/minimal-candidate-snapshots/ow14-s0165.json,4,4,True
4838,ow14-1-r04838,qwen_enriched,enriched,ow14-s0165,3,model-facing/enriched-candidate-snapshots/ow14-s0165.json,4,4,True
4839,ow14-1-r04839,qwen_minimal,minimal,ow14-s0165,4,model-facing/minimal-candidate-snapshots/ow14-s0165.json,4,4,True
4840,ow14-1-r04840,qwen_enriched,enriched,ow14-s0165,4,model-facing/enriched-candidate-snapshots/ow14-s0165.json,4,4,True
4841,ow14-1-r04841,qwen_minimal,minimal,ow14-s0165,5,model-facing/minimal-candidate-snapshots/ow14-s0165.json,4,4,True
4842,ow14-1-r04842,qwen_enriched,enriched,ow14-s0165,5,model-facing/enriched-candidate-snapshots/ow14-s0165.json,4,4,True
4843,ow14-1-r04843,qwen_minimal,minimal,ow14-s0166,1,model-facing/minimal-candidate-snapshots/ow14-s0166.json,4,4,True
4844,ow14-1-r04844,qwen_enriched,enriched,ow14-s0166,1,model-facing/enriched-candidate-snapshots/ow14-s0166.json,4,4,True
4845,ow14-1-r04845,qwen_minimal,minimal,ow14-s0166,2,model-facing/minimal-candidate-snapshots/ow14-s0166.json,4,4,True
4846,ow14-1-r04846,qwen_enriched,enriched,ow14-s0166,2,model-facing/enriched-candidate-snapshots/ow14-s0166.json,4,4,True
4847,ow14-1-r04847,qwen_minimal,minimal,ow14-s0166,3,model-facing/minimal-candidate-snapshots/ow14-s0166.json,4,4,True
4848,ow14-1-r04848,qwen_enriched,enriched,ow14-s0166,3,model-facing/enriched-candidate-snapshots/ow14-s0166.json,4,4,True
4849,ow14-1-r04849,qwen_minimal,minimal,ow14-s0166,4,model-facing/minimal-candidate-snapshots/ow14-s0166.json,4,4,True
4850,ow14-1-r04850,qwen_enriched,enriched,ow14-s0166,4,model-facing/enriched-candidate-snapshots/ow14-s0166.json,4,4,True
4851,ow14-1-r04851,qwen_minimal,minimal,ow14-s0166,5,model-facing/minimal-candidate-snapshots/ow14-s0166.json,4,4,True
4852,ow14-1-r04852,qwen_enriched,enriched,ow14-s0166,5,model-facing/enriched-candidate-snapshots/ow14-s0166.json,4,4,True
4853,ow14-1-r04853,qwen_minimal,minimal,ow14-s0167,1,model-facing/minimal-candidate-snapshots/ow14-s0167.json,4,4,True
4854,ow14-1-r04854,qwen_enriched,enriched,ow14-s0167,1,model-facing/enriched-candidate-snapshots/ow14-s0167.json,4,4,True
4855,ow14-1-r04855,qwen_minimal,minimal,ow14-s0167,2,model-facing/minimal-candidate-snapshots/ow14-s0167.json,4,4,True
4856,ow14-1-r04856,qwen_enriched,enriched,ow14-s0167,2,model-facing/enriched-candidate-snapshots/ow14-s0167.json,4,4,True
4857,ow14-1-r04857,qwen_minimal,minimal,ow14-s0167,3,model-facing/minimal-candidate-snapshots/ow14-s0167.json,4,4,True
4858,ow14-1-r04858,qwen_enriched,enriched,ow14-s0167,3,model-facing/enriched-candidate-snapshots/ow14-s0167.json,4,4,True
4859,ow14-1-r04859,qwen_minimal,minimal,ow14-s0167,4,model-facing/minimal-candidate-snapshots/ow14-s0167.json,4,4,True
4860,ow14-1-r04860,qwen_enriched,enriched,ow14-s0167,4,model-facing/enriched-candidate-snapshots/ow14-s0167.json,4,4,True
4861,ow14-1-r04861,qwen_minimal,minimal,ow14-s0167,5,model-facing/minimal-candidate-snapshots/ow14-s0167.json,4,4,True
4862,ow14-1-r04862,qwen_enriched,enriched,ow14-s0167,5,model-facing/enriched-candidate-snapshots/ow14-s0167.json,4,4,True
4863,ow14-1-r04863,qwen_minimal,minimal,ow14-s0168,1,model-facing/minimal-candidate-snapshots/ow14-s0168.json,4,4,True
4864,ow14-1-r04864,qwen_enriched,enriched,ow14-s0168,1,model-facing/enriched-candidate-snapshots/ow14-s0168.json,4,4,True
4865,ow14-1-r04865,qwen_minimal,minimal,ow14-s0168,2,model-facing/minimal-candidate-snapshots/ow14-s0168.json,4,4,True
4866,ow14-1-r04866,qwen_enriched,enriched,ow14-s0168,2,model-facing/enriched-candidate-snapshots/ow14-s0168.json,4,4,True
4867,ow14-1-r04867,qwen_minimal,minimal,ow14-s0168,3,model-facing/minimal-candidate-snapshots/ow14-s0168.json,4,4,True
4868,ow14-1-r04868,qwen_enriched,enriched,ow14-s0168,3,model-facing/enriched-candidate-snapshots/ow14-s0168.json,4,4,True
4869,ow14-1-r04869,qwen_minimal,minimal,ow14-s0168,4,model-facing/minimal-candidate-snapshots/ow14-s0168.json,4,4,True
4870,ow14-1-r04870,qwen_enriched,enriched,ow14-s0168,4,model-facing/enriched-candidate-snapshots/ow14-s0168.json,4,4,True
4871,ow14-1-r04871,qwen_minimal,minimal,ow14-s0168,5,model-facing/minimal-candidate-snapshots/ow14-s0168.json,4,4,True
4872,ow14-1-r04872,qwen_enriched,enriched,ow14-s0168,5,model-facing/enriched-candidate-snapshots/ow14-s0168.json,4,4,True
4873,ow14-1-r04873,qwen_minimal,minimal,ow14-s0169,1,model-facing/minimal-candidate-snapshots/ow14-s0169.json,4,4,True
4874,ow14-1-r04874,qwen_enriched,enriched,ow14-s0169,1,model-facing/enriched-candidate-snapshots/ow14-s0169.json,4,4,True
4875,ow14-1-r04875,qwen_minimal,minimal,ow14-s0169,2,model-facing/minimal-candidate-snapshots/ow14-s0169.json,4,4,True
4876,ow14-1-r04876,qwen_enriched,enriched,ow14-s0169,2,model-facing/enriched-candidate-snapshots/ow14-s0169.json,4,4,True
4877,ow14-1-r04877,qwen_minimal,minimal,ow14-s0169,3,model-facing/minimal-candidate-snapshots/ow14-s0169.json,4,4,True
4878,ow14-1-r04878,qwen_enriched,enriched,ow14-s0169,3,model-facing/enriched-candidate-snapshots/ow14-s0169.json,4,4,True
4879,ow14-1-r04879,qwen_minimal,minimal,ow14-s0169,4,model-facing/minimal-candidate-snapshots/ow14-s0169.json,4,4,True
4880,ow14-1-r04880,qwen_enriched,enriched,ow14-s0169,4,model-facing/enriched-candidate-snapshots/ow14-s0169.json,4,4,True
4881,ow14-1-r04881,qwen_minimal,minimal,ow14-s0169,5,model-facing/minimal-candidate-snapshots/ow14-s0169.json,4,4,True
4882,ow14-1-r04882,qwen_enriched,enriched,ow14-s0169,5,model-facing/enriched-candidate-snapshots/ow14-s0169.json,4,4,True
4883,ow14-1-r04883,qwen_minimal,minimal,ow14-s0170,1,model-facing/minimal-candidate-snapshots/ow14-s0170.json,4,4,True
4884,ow14-1-r04884,qwen_enriched,enriched,ow14-s0170,1,model-facing/enriched-candidate-snapshots/ow14-s0170.json,4,4,True
4885,ow14-1-r04885,qwen_minimal,minimal,ow14-s0170,2,model-facing/minimal-candidate-snapshots/ow14-s0170.json,4,4,True
4886,ow14-1-r04886,qwen_enriched,enriched,ow14-s0170,2,model-facing/enriched-candidate-snapshots/ow14-s0170.json,4,4,True
4887,ow14-1-r04887,qwen_minimal,minimal,ow14-s0170,3,model-facing/minimal-candidate-snapshots/ow14-s0170.json,4,4,True
4888,ow14-1-r04888,qwen_enriched,enriched,ow14-s0170,3,model-facing/enriched-candidate-snapshots/ow14-s0170.json,4,4,True
4889,ow14-1-r04889,qwen_minimal,minimal,ow14-s0170,4,model-facing/minimal-candidate-snapshots/ow14-s0170.json,4,4,True
4890,ow14-1-r04890,qwen_enriched,enriched,ow14-s0170,4,model-facing/enriched-candidate-snapshots/ow14-s0170.json,4,4,True
4891,ow14-1-r04891,qwen_minimal,minimal,ow14-s0170,5,model-facing/minimal-candidate-snapshots/ow14-s0170.json,4,4,True
4892,ow14-1-r04892,qwen_enriched,enriched,ow14-s0170,5,model-facing/enriched-candidate-snapshots/ow14-s0170.json,4,4,True
4893,ow14-1-r04893,qwen_minimal,minimal,ow14-s0171,1,model-facing/minimal-candidate-snapshots/ow14-s0171.json,4,4,True
4894,ow14-1-r04894,qwen_enriched,enriched,ow14-s0171,1,model-facing/enriched-candidate-snapshots/ow14-s0171.json,4,4,True
4895,ow14-1-r04895,qwen_minimal,minimal,ow14-s0171,2,model-facing/minimal-candidate-snapshots/ow14-s0171.json,4,4,True
4896,ow14-1-r04896,qwen_enriched,enriched,ow14-s0171,2,model-facing/enriched-candidate-snapshots/ow14-s0171.json,4,4,True
4897,ow14-1-r04897,qwen_minimal,minimal,ow14-s0171,3,model-facing/minimal-candidate-snapshots/ow14-s0171.json,4,4,True
4898,ow14-1-r04898,qwen_enriched,enriched,ow14-s0171,3,model-facing/enriched-candidate-snapshots/ow14-s0171.json,4,4,True
4899,ow14-1-r04899,qwen_minimal,minimal,ow14-s0171,4,model-facing/minimal-candidate-snapshots/ow14-s0171.json,4,4,True
4900,ow14-1-r04900,qwen_enriched,enriched,ow14-s0171,4,model-facing/enriched-candidate-snapshots/ow14-s0171.json,4,4,True
4901,ow14-1-r04901,qwen_minimal,minimal,ow14-s0171,5,model-facing/minimal-candidate-snapshots/ow14-s0171.json,4,4,True
4902,ow14-1-r04902,qwen_enriched,enriched,ow14-s0171,5,model-facing/enriched-candidate-snapshots/ow14-s0171.json,4,4,True
4903,ow14-1-r04903,qwen_minimal,minimal,ow14-s0172,1,model-facing/minimal-candidate-snapshots/ow14-s0172.json,4,4,True
4904,ow14-1-r04904,qwen_enriched,enriched,ow14-s0172,1,model-facing/enriched-candidate-snapshots/ow14-s0172.json,4,4,True
4905,ow14-1-r04905,qwen_minimal,minimal,ow14-s0172,2,model-facing/minimal-candidate-snapshots/ow14-s0172.json,4,4,True
4906,ow14-1-r04906,qwen_enriched,enriched,ow14-s0172,2,model-facing/enriched-candidate-snapshots/ow14-s0172.json,4,4,True
4907,ow14-1-r04907,qwen_minimal,minimal,ow14-s0172,3,model-facing/minimal-candidate-snapshots/ow14-s0172.json,4,4,True
4908,ow14-1-r04908,qwen_enriched,enriched,ow14-s0172,3,model-facing/enriched-candidate-snapshots/ow14-s0172.json,4,4,True
4909,ow14-1-r04909,qwen_minimal,minimal,ow14-s0172,4,model-facing/minimal-candidate-snapshots/ow14-s0172.json,4,4,True
4910,ow14-1-r04910,qwen_enriched,enriched,ow14-s0172,4,model-facing/enriched-candidate-snapshots/ow14-s0172.json,4,4,True
4911,ow14-1-r04911,qwen_minimal,minimal,ow14-s0172,5,model-facing/minimal-candidate-snapshots/ow14-s0172.json,4,4,True
4912,ow14-1-r04912,qwen_enriched,enriched,ow14-s0172,5,model-facing/enriched-candidate-snapshots/ow14-s0172.json,4,4,True
4913,ow14-1-r04913,qwen_minimal,minimal,ow14-s0173,1,model-facing/minimal-candidate-snapshots/ow14-s0173.json,4,4,True
4914,ow14-1-r04914,qwen_enriched,enriched,ow14-s0173,1,model-facing/enriched-candidate-snapshots/ow14-s0173.json,4,4,True
4915,ow14-1-r04915,qwen_minimal,minimal,ow14-s0173,2,model-facing/minimal-candidate-snapshots/ow14-s0173.json,4,4,True
4916,ow14-1-r04916,qwen_enriched,enriched,ow14-s0173,2,model-facing/enriched-candidate-snapshots/ow14-s0173.json,4,4,True
4917,ow14-1-r04917,qwen_minimal,minimal,ow14-s0173,3,model-facing/minimal-candidate-snapshots/ow14-s0173.json,4,4,True
4918,ow14-1-r04918,qwen_enriched,enriched,ow14-s0173,3,model-facing/enriched-candidate-snapshots/ow14-s0173.json,4,4,True
4919,ow14-1-r04919,qwen_minimal,minimal,ow14-s0173,4,model-facing/minimal-candidate-snapshots/ow14-s0173.json,4,4,True
4920,ow14-1-r04920,qwen_enriched,enriched,ow14-s0173,4,model-facing/enriched-candidate-snapshots/ow14-s0173.json,4,4,True
4921,ow14-1-r04921,qwen_minimal,minimal,ow14-s0173,5,model-facing/minimal-candidate-snapshots/ow14-s0173.json,4,4,True
4922,ow14-1-r04922,qwen_enriched,enriched,ow14-s0173,5,model-facing/enriched-candidate-snapshots/ow14-s0173.json,4,4,True
4923,ow14-1-r04923,qwen_minimal,minimal,ow14-s0174,1,model-facing/minimal-candidate-snapshots/ow14-s0174.json,4,4,True
4924,ow14-1-r04924,qwen_enriched,enriched,ow14-s0174,1,model-facing/enriched-candidate-snapshots/ow14-s0174.json,4,4,True
4925,ow14-1-r04925,qwen_minimal,minimal,ow14-s0174,2,model-facing/minimal-candidate-snapshots/ow14-s0174.json,4,4,True
4926,ow14-1-r04926,qwen_enriched,enriched,ow14-s0174,2,model-facing/enriched-candidate-snapshots/ow14-s0174.json,4,4,True
4927,ow14-1-r04927,qwen_minimal,minimal,ow14-s0174,3,model-facing/minimal-candidate-snapshots/ow14-s0174.json,4,4,True
4928,ow14-1-r04928,qwen_enriched,enriched,ow14-s0174,3,model-facing/enriched-candidate-snapshots/ow14-s0174.json,4,4,True
4929,ow14-1-r04929,qwen_minimal,minimal,ow14-s0174,4,model-facing/minimal-candidate-snapshots/ow14-s0174.json,4,4,True
4930,ow14-1-r04930,qwen_enriched,enriched,ow14-s0174,4,model-facing/enriched-candidate-snapshots/ow14-s0174.json,4,4,True
4931,ow14-1-r04931,qwen_minimal,minimal,ow14-s0174,5,model-facing/minimal-candidate-snapshots/ow14-s0174.json,4,4,True
4932,ow14-1-r04932,qwen_enriched,enriched,ow14-s0174,5,model-facing/enriched-candidate-snapshots/ow14-s0174.json,4,4,True
4933,ow14-1-r04933,qwen_minimal,minimal,ow14-s0175,1,model-facing/minimal-candidate-snapshots/ow14-s0175.json,4,4,True
4934,ow14-1-r04934,qwen_enriched,enriched,ow14-s0175,1,model-facing/enriched-candidate-snapshots/ow14-s0175.json,4,4,True
4935,ow14-1-r04935,qwen_minimal,minimal,ow14-s0175,2,model-facing/minimal-candidate-snapshots/ow14-s0175.json,4,4,True
4936,ow14-1-r04936,qwen_enriched,enriched,ow14-s0175,2,model-facing/enriched-candidate-snapshots/ow14-s0175.json,4,4,True
4937,ow14-1-r04937,qwen_minimal,minimal,ow14-s0175,3,model-facing/minimal-candidate-snapshots/ow14-s0175.json,4,4,True
4938,ow14-1-r04938,qwen_enriched,enriched,ow14-s0175,3,model-facing/enriched-candidate-snapshots/ow14-s0175.json,4,4,True
4939,ow14-1-r04939,qwen_minimal,minimal,ow14-s0175,4,model-facing/minimal-candidate-snapshots/ow14-s0175.json,4,4,True
4940,ow14-1-r04940,qwen_enriched,enriched,ow14-s0175,4,model-facing/enriched-candidate-snapshots/ow14-s0175.json,4,4,True
4941,ow14-1-r04941,qwen_minimal,minimal,ow14-s0175,5,model-facing/minimal-candidate-snapshots/ow14-s0175.json,4,4,True
4942,ow14-1-r04942,qwen_enriched,enriched,ow14-s0175,5,model-facing/enriched-candidate-snapshots/ow14-s0175.json,4,4,True
4943,ow14-1-r04943,qwen_minimal,minimal,ow14-s0176,1,model-facing/minimal-candidate-snapshots/ow14-s0176.json,4,4,True
4944,ow14-1-r04944,qwen_enriched,enriched,ow14-s0176,1,model-facing/enriched-candidate-snapshots/ow14-s0176.json,4,4,True
4945,ow14-1-r04945,qwen_minimal,minimal,ow14-s0176,2,model-facing/minimal-candidate-snapshots/ow14-s0176.json,4,4,True
4946,ow14-1-r04946,qwen_enriched,enriched,ow14-s0176,2,model-facing/enriched-candidate-snapshots/ow14-s0176.json,4,4,True
4947,ow14-1-r04947,qwen_minimal,minimal,ow14-s0176,3,model-facing/minimal-candidate-snapshots/ow14-s0176.json,4,4,True
4948,ow14-1-r04948,qwen_enriched,enriched,ow14-s0176,3,model-facing/enriched-candidate-snapshots/ow14-s0176.json,4,4,True
4949,ow14-1-r04949,qwen_minimal,minimal,ow14-s0176,4,model-facing/minimal-candidate-snapshots/ow14-s0176.json,4,4,True
4950,ow14-1-r04950,qwen_enriched,enriched,ow14-s0176,4,model-facing/enriched-candidate-snapshots/ow14-s0176.json,4,4,True
4951,ow14-1-r04951,qwen_minimal,minimal,ow14-s0176,5,model-facing/minimal-candidate-snapshots/ow14-s0176.json,4,4,True
4952,ow14-1-r04952,qwen_enriched,enriched,ow14-s0176,5,model-facing/enriched-candidate-snapshots/ow14-s0176.json,4,4,True
4953,ow14-1-r04953,qwen_minimal,minimal,ow14-s0177,1,model-facing/minimal-candidate-snapshots/ow14-s0177.json,4,4,True
4954,ow14-1-r04954,qwen_enriched,enriched,ow14-s0177,1,model-facing/enriched-candidate-snapshots/ow14-s0177.json,4,4,True
4955,ow14-1-r04955,qwen_minimal,minimal,ow14-s0177,2,model-facing/minimal-candidate-snapshots/ow14-s0177.json,4,4,True
4956,ow14-1-r04956,qwen_enriched,enriched,ow14-s0177,2,model-facing/enriched-candidate-snapshots/ow14-s0177.json,4,4,True
4957,ow14-1-r04957,qwen_minimal,minimal,ow14-s0177,3,model-facing/minimal-candidate-snapshots/ow14-s0177.json,4,4,True
4958,ow14-1-r04958,qwen_enriched,enriched,ow14-s0177,3,model-facing/enriched-candidate-snapshots/ow14-s0177.json,4,4,True
4959,ow14-1-r04959,qwen_minimal,minimal,ow14-s0177,4,model-facing/minimal-candidate-snapshots/ow14-s0177.json,4,4,True
4960,ow14-1-r04960,qwen_enriched,enriched,ow14-s0177,4,model-facing/enriched-candidate-snapshots/ow14-s0177.json,4,4,True
4961,ow14-1-r04961,qwen_minimal,minimal,ow14-s0177,5,model-facing/minimal-candidate-snapshots/ow14-s0177.json,4,4,True
4962,ow14-1-r04962,qwen_enriched,enriched,ow14-s0177,5,model-facing/enriched-candidate-snapshots/ow14-s0177.json,4,4,True
4963,ow14-1-r04963,qwen_minimal,minimal,ow14-s0178,1,model-facing/minimal-candidate-snapshots/ow14-s0178.json,4,4,True
4964,ow14-1-r04964,qwen_enriched,enriched,ow14-s0178,1,model-facing/enriched-candidate-snapshots/ow14-s0178.json,4,4,True
4965,ow14-1-r04965,qwen_minimal,minimal,ow14-s0178,2,model-facing/minimal-candidate-snapshots/ow14-s0178.json,4,4,True
4966,ow14-1-r04966,qwen_enriched,enriched,ow14-s0178,2,model-facing/enriched-candidate-snapshots/ow14-s0178.json,4,4,True
4967,ow14-1-r04967,qwen_minimal,minimal,ow14-s0178,3,model-facing/minimal-candidate-snapshots/ow14-s0178.json,4,4,True
4968,ow14-1-r04968,qwen_enriched,enriched,ow14-s0178,3,model-facing/enriched-candidate-snapshots/ow14-s0178.json,4,4,True
4969,ow14-1-r04969,qwen_minimal,minimal,ow14-s0178,4,model-facing/minimal-candidate-snapshots/ow14-s0178.json,4,4,True
4970,ow14-1-r04970,qwen_enriched,enriched,ow14-s0178,4,model-facing/enriched-candidate-snapshots/ow14-s0178.json,4,4,True
4971,ow14-1-r04971,qwen_minimal,minimal,ow14-s0178,5,model-facing/minimal-candidate-snapshots/ow14-s0178.json,4,4,True
4972,ow14-1-r04972,qwen_enriched,enriched,ow14-s0178,5,model-facing/enriched-candidate-snapshots/ow14-s0178.json,4,4,True
4973,ow14-1-r04973,qwen_minimal,minimal,ow14-s0179,1,model-facing/minimal-candidate-snapshots/ow14-s0179.json,4,4,True
4974,ow14-1-r04974,qwen_enriched,enriched,ow14-s0179,1,model-facing/enriched-candidate-snapshots/ow14-s0179.json,4,4,True
4975,ow14-1-r04975,qwen_minimal,minimal,ow14-s0179,2,model-facing/minimal-candidate-snapshots/ow14-s0179.json,4,4,True
4976,ow14-1-r04976,qwen_enriched,enriched,ow14-s0179,2,model-facing/enriched-candidate-snapshots/ow14-s0179.json,4,4,True
4977,ow14-1-r04977,qwen_minimal,minimal,ow14-s0179,3,model-facing/minimal-candidate-snapshots/ow14-s0179.json,4,4,True
4978,ow14-1-r04978,qwen_enriched,enriched,ow14-s0179,3,model-facing/enriched-candidate-snapshots/ow14-s0179.json,4,4,True
4979,ow14-1-r04979,qwen_minimal,minimal,ow14-s0179,4,model-facing/minimal-candidate-snapshots/ow14-s0179.json,4,4,True
4980,ow14-1-r04980,qwen_enriched,enriched,ow14-s0179,4,model-facing/enriched-candidate-snapshots/ow14-s0179.json,4,4,True
4981,ow14-1-r04981,qwen_minimal,minimal,ow14-s0179,5,model-facing/minimal-candidate-snapshots/ow14-s0179.json,4,4,True
4982,ow14-1-r04982,qwen_enriched,enriched,ow14-s0179,5,model-facing/enriched-candidate-snapshots/ow14-s0179.json,4,4,True
4983,ow14-1-r04983,qwen_minimal,minimal,ow14-s0180,1,model-facing/minimal-candidate-snapshots/ow14-s0180.json,4,4,True
4984,ow14-1-r04984,qwen_enriched,enriched,ow14-s0180,1,model-facing/enriched-candidate-snapshots/ow14-s0180.json,4,4,True
4985,ow14-1-r04985,qwen_minimal,minimal,ow14-s0180,2,model-facing/minimal-candidate-snapshots/ow14-s0180.json,4,4,True
4986,ow14-1-r04986,qwen_enriched,enriched,ow14-s0180,2,model-facing/enriched-candidate-snapshots/ow14-s0180.json,4,4,True
4987,ow14-1-r04987,qwen_minimal,minimal,ow14-s0180,3,model-facing/minimal-candidate-snapshots/ow14-s0180.json,4,4,True
4988,ow14-1-r04988,qwen_enriched,enriched,ow14-s0180,3,model-facing/enriched-candidate-snapshots/ow14-s0180.json,4,4,True
4989,ow14-1-r04989,qwen_minimal,minimal,ow14-s0180,4,model-facing/minimal-candidate-snapshots/ow14-s0180.json,4,4,True
4990,ow14-1-r04990,qwen_enriched,enriched,ow14-s0180,4,model-facing/enriched-candidate-snapshots/ow14-s0180.json,4,4,True
4991,ow14-1-r04991,qwen_minimal,minimal,ow14-s0180,5,model-facing/minimal-candidate-snapshots/ow14-s0180.json,4,4,True
4992,ow14-1-r04992,qwen_enriched,enriched,ow14-s0180,5,model-facing/enriched-candidate-snapshots/ow14-s0180.json,4,4,True
4993,ow14-1-r04993,qwen_minimal,minimal,ow14-s0181,1,model-facing/minimal-candidate-snapshots/ow14-s0181.json,4,4,True
4994,ow14-1-r04994,qwen_enriched,enriched,ow14-s0181,1,model-facing/enriched-candidate-snapshots/ow14-s0181.json,4,4,True
4995,ow14-1-r04995,qwen_minimal,minimal,ow14-s0181,2,model-facing/minimal-candidate-snapshots/ow14-s0181.json,4,4,True
4996,ow14-1-r04996,qwen_enriched,enriched,ow14-s0181,2,model-facing/enriched-candidate-snapshots/ow14-s0181.json,4,4,True
4997,ow14-1-r04997,qwen_minimal,minimal,ow14-s0181,3,model-facing/minimal-candidate-snapshots/ow14-s0181.json,4,4,True
4998,ow14-1-r04998,qwen_enriched,enriched,ow14-s0181,3,model-facing/enriched-candidate-snapshots/ow14-s0181.json,4,4,True
4999,ow14-1-r04999,qwen_minimal,minimal,ow14-s0181,4,model-facing/minimal-candidate-snapshots/ow14-s0181.json,4,4,True
5000,ow14-1-r05000,qwen_enriched,enriched,ow14-s0181,4,model-facing/enriched-candidate-snapshots/ow14-s0181.json,4,4,True
5001,ow14-1-r05001,qwen_minimal,minimal,ow14-s0181,5,model-facing/minimal-candidate-snapshots/ow14-s0181.json,4,4,True
5002,ow14-1-r05002,qwen_enriched,enriched,ow14-s0181,5,model-facing/enriched-candidate-snapshots/ow14-s0181.json,4,4,True
5003,ow14-1-r05003,qwen_minimal,minimal,ow14-s0182,1,model-facing/minimal-candidate-snapshots/ow14-s0182.json,4,4,True
5004,ow14-1-r05004,qwen_enriched,enriched,ow14-s0182,1,model-facing/enriched-candidate-snapshots/ow14-s0182.json,4,4,True
5005,ow14-1-r05005,qwen_minimal,minimal,ow14-s0182,2,model-facing/minimal-candidate-snapshots/ow14-s0182.json,4,4,True
5006,ow14-1-r05006,qwen_enriched,enriched,ow14-s0182,2,model-facing/enriched-candidate-snapshots/ow14-s0182.json,4,4,True
5007,ow14-1-r05007,qwen_minimal,minimal,ow14-s0182,3,model-facing/minimal-candidate-snapshots/ow14-s0182.json,4,4,True
5008,ow14-1-r05008,qwen_enriched,enriched,ow14-s0182,3,model-facing/enriched-candidate-snapshots/ow14-s0182.json,4,4,True
5009,ow14-1-r05009,qwen_minimal,minimal,ow14-s0182,4,model-facing/minimal-candidate-snapshots/ow14-s0182.json,4,4,True
5010,ow14-1-r05010,qwen_enriched,enriched,ow14-s0182,4,model-facing/enriched-candidate-snapshots/ow14-s0182.json,4,4,True
5011,ow14-1-r05011,qwen_minimal,minimal,ow14-s0182,5,model-facing/minimal-candidate-snapshots/ow14-s0182.json,4,4,True
5012,ow14-1-r05012,qwen_enriched,enriched,ow14-s0182,5,model-facing/enriched-candidate-snapshots/ow14-s0182.json,4,4,True
5013,ow14-1-r05013,qwen_minimal,minimal,ow14-s0183,1,model-facing/minimal-candidate-snapshots/ow14-s0183.json,4,4,True
5014,ow14-1-r05014,qwen_enriched,enriched,ow14-s0183,1,model-facing/enriched-candidate-snapshots/ow14-s0183.json,4,4,True
5015,ow14-1-r05015,qwen_minimal,minimal,ow14-s0183,2,model-facing/minimal-candidate-snapshots/ow14-s0183.json,4,4,True
5016,ow14-1-r05016,qwen_enriched,enriched,ow14-s0183,2,model-facing/enriched-candidate-snapshots/ow14-s0183.json,4,4,True
5017,ow14-1-r05017,qwen_minimal,minimal,ow14-s0183,3,model-facing/minimal-candidate-snapshots/ow14-s0183.json,4,4,True
5018,ow14-1-r05018,qwen_enriched,enriched,ow14-s0183,3,model-facing/enriched-candidate-snapshots/ow14-s0183.json,4,4,True
5019,ow14-1-r05019,qwen_minimal,minimal,ow14-s0183,4,model-facing/minimal-candidate-snapshots/ow14-s0183.json,4,4,True
5020,ow14-1-r05020,qwen_enriched,enriched,ow14-s0183,4,model-facing/enriched-candidate-snapshots/ow14-s0183.json,4,4,True
5021,ow14-1-r05021,qwen_minimal,minimal,ow14-s0183,5,model-facing/minimal-candidate-snapshots/ow14-s0183.json,4,4,True
5022,ow14-1-r05022,qwen_enriched,enriched,ow14-s0183,5,model-facing/enriched-candidate-snapshots/ow14-s0183.json,4,4,True
5023,ow14-1-r05023,qwen_minimal,minimal,ow14-s0184,1,model-facing/minimal-candidate-snapshots/ow14-s0184.json,4,4,True
5024,ow14-1-r05024,qwen_enriched,enriched,ow14-s0184,1,model-facing/enriched-candidate-snapshots/ow14-s0184.json,4,4,True
5025,ow14-1-r05025,qwen_minimal,minimal,ow14-s0184,2,model-facing/minimal-candidate-snapshots/ow14-s0184.json,4,4,True
5026,ow14-1-r05026,qwen_enriched,enriched,ow14-s0184,2,model-facing/enriched-candidate-snapshots/ow14-s0184.json,4,4,True
5027,ow14-1-r05027,qwen_minimal,minimal,ow14-s0184,3,model-facing/minimal-candidate-snapshots/ow14-s0184.json,4,4,True
5028,ow14-1-r05028,qwen_enriched,enriched,ow14-s0184,3,model-facing/enriched-candidate-snapshots/ow14-s0184.json,4,4,True
5029,ow14-1-r05029,qwen_minimal,minimal,ow14-s0184,4,model-facing/minimal-candidate-snapshots/ow14-s0184.json,4,4,True
5030,ow14-1-r05030,qwen_enriched,enriched,ow14-s0184,4,model-facing/enriched-candidate-snapshots/ow14-s0184.json,4,4,True
5031,ow14-1-r05031,qwen_minimal,minimal,ow14-s0184,5,model-facing/minimal-candidate-snapshots/ow14-s0184.json,4,4,True
5032,ow14-1-r05032,qwen_enriched,enriched,ow14-s0184,5,model-facing/enriched-candidate-snapshots/ow14-s0184.json,4,4,True
5033,ow14-1-r05033,qwen_minimal,minimal,ow14-s0185,1,model-facing/minimal-candidate-snapshots/ow14-s0185.json,4,4,True
5034,ow14-1-r05034,qwen_enriched,enriched,ow14-s0185,1,model-facing/enriched-candidate-snapshots/ow14-s0185.json,4,4,True
5035,ow14-1-r05035,qwen_minimal,minimal,ow14-s0185,2,model-facing/minimal-candidate-snapshots/ow14-s0185.json,4,4,True
5036,ow14-1-r05036,qwen_enriched,enriched,ow14-s0185,2,model-facing/enriched-candidate-snapshots/ow14-s0185.json,4,4,True
5037,ow14-1-r05037,qwen_minimal,minimal,ow14-s0185,3,model-facing/minimal-candidate-snapshots/ow14-s0185.json,4,4,True
5038,ow14-1-r05038,qwen_enriched,enriched,ow14-s0185,3,model-facing/enriched-candidate-snapshots/ow14-s0185.json,4,4,True
5039,ow14-1-r05039,qwen_minimal,minimal,ow14-s0185,4,model-facing/minimal-candidate-snapshots/ow14-s0185.json,4,4,True
5040,ow14-1-r05040,qwen_enriched,enriched,ow14-s0185,4,model-facing/enriched-candidate-snapshots/ow14-s0185.json,4,4,True
5041,ow14-1-r05041,qwen_minimal,minimal,ow14-s0185,5,model-facing/minimal-candidate-snapshots/ow14-s0185.json,4,4,True
5042,ow14-1-r05042,qwen_enriched,enriched,ow14-s0185,5,model-facing/enriched-candidate-snapshots/ow14-s0185.json,4,4,True
5043,ow14-1-r05043,qwen_minimal,minimal,ow14-s0186,1,model-facing/minimal-candidate-snapshots/ow14-s0186.json,4,4,True
5044,ow14-1-r05044,qwen_enriched,enriched,ow14-s0186,1,model-facing/enriched-candidate-snapshots/ow14-s0186.json,4,4,True
5045,ow14-1-r05045,qwen_minimal,minimal,ow14-s0186,2,model-facing/minimal-candidate-snapshots/ow14-s0186.json,4,4,True
5046,ow14-1-r05046,qwen_enriched,enriched,ow14-s0186,2,model-facing/enriched-candidate-snapshots/ow14-s0186.json,4,4,True
5047,ow14-1-r05047,qwen_minimal,minimal,ow14-s0186,3,model-facing/minimal-candidate-snapshots/ow14-s0186.json,4,4,True
5048,ow14-1-r05048,qwen_enriched,enriched,ow14-s0186,3,model-facing/enriched-candidate-snapshots/ow14-s0186.json,4,4,True
5049,ow14-1-r05049,qwen_minimal,minimal,ow14-s0186,4,model-facing/minimal-candidate-snapshots/ow14-s0186.json,4,4,True
5050,ow14-1-r05050,qwen_enriched,enriched,ow14-s0186,4,model-facing/enriched-candidate-snapshots/ow14-s0186.json,4,4,True
5051,ow14-1-r05051,qwen_minimal,minimal,ow14-s0186,5,model-facing/minimal-candidate-snapshots/ow14-s0186.json,4,4,True
5052,ow14-1-r05052,qwen_enriched,enriched,ow14-s0186,5,model-facing/enriched-candidate-snapshots/ow14-s0186.json,4,4,True
5053,ow14-1-r05053,qwen_minimal,minimal,ow14-s0187,1,model-facing/minimal-candidate-snapshots/ow14-s0187.json,4,4,True
5054,ow14-1-r05054,qwen_enriched,enriched,ow14-s0187,1,model-facing/enriched-candidate-snapshots/ow14-s0187.json,4,4,True
5055,ow14-1-r05055,qwen_minimal,minimal,ow14-s0187,2,model-facing/minimal-candidate-snapshots/ow14-s0187.json,4,4,True
5056,ow14-1-r05056,qwen_enriched,enriched,ow14-s0187,2,model-facing/enriched-candidate-snapshots/ow14-s0187.json,4,4,True
5057,ow14-1-r05057,qwen_minimal,minimal,ow14-s0187,3,model-facing/minimal-candidate-snapshots/ow14-s0187.json,4,4,True
5058,ow14-1-r05058,qwen_enriched,enriched,ow14-s0187,3,model-facing/enriched-candidate-snapshots/ow14-s0187.json,4,4,True
5059,ow14-1-r05059,qwen_minimal,minimal,ow14-s0187,4,model-facing/minimal-candidate-snapshots/ow14-s0187.json,4,4,True
5060,ow14-1-r05060,qwen_enriched,enriched,ow14-s0187,4,model-facing/enriched-candidate-snapshots/ow14-s0187.json,4,4,True
5061,ow14-1-r05061,qwen_minimal,minimal,ow14-s0187,5,model-facing/minimal-candidate-snapshots/ow14-s0187.json,4,4,True
5062,ow14-1-r05062,qwen_enriched,enriched,ow14-s0187,5,model-facing/enriched-candidate-snapshots/ow14-s0187.json,4,4,True
5063,ow14-1-r05063,qwen_minimal,minimal,ow14-s0188,1,model-facing/minimal-candidate-snapshots/ow14-s0188.json,4,4,True
5064,ow14-1-r05064,qwen_enriched,enriched,ow14-s0188,1,model-facing/enriched-candidate-snapshots/ow14-s0188.json,4,4,True
5065,ow14-1-r05065,qwen_minimal,minimal,ow14-s0188,2,model-facing/minimal-candidate-snapshots/ow14-s0188.json,4,4,True
5066,ow14-1-r05066,qwen_enriched,enriched,ow14-s0188,2,model-facing/enriched-candidate-snapshots/ow14-s0188.json,4,4,True
5067,ow14-1-r05067,qwen_minimal,minimal,ow14-s0188,3,model-facing/minimal-candidate-snapshots/ow14-s0188.json,4,4,True
5068,ow14-1-r05068,qwen_enriched,enriched,ow14-s0188,3,model-facing/enriched-candidate-snapshots/ow14-s0188.json,4,4,True
5069,ow14-1-r05069,qwen_minimal,minimal,ow14-s0188,4,model-facing/minimal-candidate-snapshots/ow14-s0188.json,4,4,True
5070,ow14-1-r05070,qwen_enriched,enriched,ow14-s0188,4,model-facing/enriched-candidate-snapshots/ow14-s0188.json,4,4,True
5071,ow14-1-r05071,qwen_minimal,minimal,ow14-s0188,5,model-facing/minimal-candidate-snapshots/ow14-s0188.json,4,4,True
5072,ow14-1-r05072,qwen_enriched,enriched,ow14-s0188,5,model-facing/enriched-candidate-snapshots/ow14-s0188.json,4,4,True
5073,ow14-1-r05073,qwen_minimal,minimal,ow14-s0189,1,model-facing/minimal-candidate-snapshots/ow14-s0189.json,4,4,True
5074,ow14-1-r05074,qwen_enriched,enriched,ow14-s0189,1,model-facing/enriched-candidate-snapshots/ow14-s0189.json,4,4,True
5075,ow14-1-r05075,qwen_minimal,minimal,ow14-s0189,2,model-facing/minimal-candidate-snapshots/ow14-s0189.json,4,4,True
5076,ow14-1-r05076,qwen_enriched,enriched,ow14-s0189,2,model-facing/enriched-candidate-snapshots/ow14-s0189.json,4,4,True
5077,ow14-1-r05077,qwen_minimal,minimal,ow14-s0189,3,model-facing/minimal-candidate-snapshots/ow14-s0189.json,4,4,True
5078,ow14-1-r05078,qwen_enriched,enriched,ow14-s0189,3,model-facing/enriched-candidate-snapshots/ow14-s0189.json,4,4,True
5079,ow14-1-r05079,qwen_minimal,minimal,ow14-s0189,4,model-facing/minimal-candidate-snapshots/ow14-s0189.json,4,4,True
5080,ow14-1-r05080,qwen_enriched,enriched,ow14-s0189,4,model-facing/enriched-candidate-snapshots/ow14-s0189.json,4,4,True
5081,ow14-1-r05081,qwen_minimal,minimal,ow14-s0189,5,model-facing/minimal-candidate-snapshots/ow14-s0189.json,4,4,True
5082,ow14-1-r05082,qwen_enriched,enriched,ow14-s0189,5,model-facing/enriched-candidate-snapshots/ow14-s0189.json,4,4,True
5083,ow14-1-r05083,qwen_minimal,minimal,ow14-s0190,1,model-facing/minimal-candidate-snapshots/ow14-s0190.json,4,4,True
5084,ow14-1-r05084,qwen_enriched,enriched,ow14-s0190,1,model-facing/enriched-candidate-snapshots/ow14-s0190.json,4,4,True
5085,ow14-1-r05085,qwen_minimal,minimal,ow14-s0190,2,model-facing/minimal-candidate-snapshots/ow14-s0190.json,4,4,True
5086,ow14-1-r05086,qwen_enriched,enriched,ow14-s0190,2,model-facing/enriched-candidate-snapshots/ow14-s0190.json,4,4,True
5087,ow14-1-r05087,qwen_minimal,minimal,ow14-s0190,3,model-facing/minimal-candidate-snapshots/ow14-s0190.json,4,4,True
5088,ow14-1-r05088,qwen_enriched,enriched,ow14-s0190,3,model-facing/enriched-candidate-snapshots/ow14-s0190.json,4,4,True
5089,ow14-1-r05089,qwen_minimal,minimal,ow14-s0190,4,model-facing/minimal-candidate-snapshots/ow14-s0190.json,4,4,True
5090,ow14-1-r05090,qwen_enriched,enriched,ow14-s0190,4,model-facing/enriched-candidate-snapshots/ow14-s0190.json,4,4,True
5091,ow14-1-r05091,qwen_minimal,minimal,ow14-s0190,5,model-facing/minimal-candidate-snapshots/ow14-s0190.json,4,4,True
5092,ow14-1-r05092,qwen_enriched,enriched,ow14-s0190,5,model-facing/enriched-candidate-snapshots/ow14-s0190.json,4,4,True
5093,ow14-1-r05093,qwen_minimal,minimal,ow14-s0191,1,model-facing/minimal-candidate-snapshots/ow14-s0191.json,4,4,True
5094,ow14-1-r05094,qwen_enriched,enriched,ow14-s0191,1,model-facing/enriched-candidate-snapshots/ow14-s0191.json,4,4,True
5095,ow14-1-r05095,qwen_minimal,minimal,ow14-s0191,2,model-facing/minimal-candidate-snapshots/ow14-s0191.json,4,4,True
5096,ow14-1-r05096,qwen_enriched,enriched,ow14-s0191,2,model-facing/enriched-candidate-snapshots/ow14-s0191.json,4,4,True
5097,ow14-1-r05097,qwen_minimal,minimal,ow14-s0191,3,model-facing/minimal-candidate-snapshots/ow14-s0191.json,4,4,True
5098,ow14-1-r05098,qwen_enriched,enriched,ow14-s0191,3,model-facing/enriched-candidate-snapshots/ow14-s0191.json,4,4,True
5099,ow14-1-r05099,qwen_minimal,minimal,ow14-s0191,4,model-facing/minimal-candidate-snapshots/ow14-s0191.json,4,4,True
5100,ow14-1-r05100,qwen_enriched,enriched,ow14-s0191,4,model-facing/enriched-candidate-snapshots/ow14-s0191.json,4,4,True
5101,ow14-1-r05101,qwen_minimal,minimal,ow14-s0191,5,model-facing/minimal-candidate-snapshots/ow14-s0191.json,4,4,True
5102,ow14-1-r05102,qwen_enriched,enriched,ow14-s0191,5,model-facing/enriched-candidate-snapshots/ow14-s0191.json,4,4,True
5103,ow14-1-r05103,qwen_minimal,minimal,ow14-s0192,1,model-facing/minimal-candidate-snapshots/ow14-s0192.json,4,4,True
5104,ow14-1-r05104,qwen_enriched,enriched,ow14-s0192,1,model-facing/enriched-candidate-snapshots/ow14-s0192.json,4,4,True
5105,ow14-1-r05105,qwen_minimal,minimal,ow14-s0192,2,model-facing/minimal-candidate-snapshots/ow14-s0192.json,4,4,True
5106,ow14-1-r05106,qwen_enriched,enriched,ow14-s0192,2,model-facing/enriched-candidate-snapshots/ow14-s0192.json,4,4,True
5107,ow14-1-r05107,qwen_minimal,minimal,ow14-s0192,3,model-facing/minimal-candidate-snapshots/ow14-s0192.json,4,4,True
5108,ow14-1-r05108,qwen_enriched,enriched,ow14-s0192,3,model-facing/enriched-candidate-snapshots/ow14-s0192.json,4,4,True
5109,ow14-1-r05109,qwen_minimal,minimal,ow14-s0192,4,model-facing/minimal-candidate-snapshots/ow14-s0192.json,4,4,True
5110,ow14-1-r05110,qwen_enriched,enriched,ow14-s0192,4,model-facing/enriched-candidate-snapshots/ow14-s0192.json,4,4,True
5111,ow14-1-r05111,qwen_minimal,minimal,ow14-s0192,5,model-facing/minimal-candidate-snapshots/ow14-s0192.json,4,4,True
5112,ow14-1-r05112,qwen_enriched,enriched,ow14-s0192,5,model-facing/enriched-candidate-snapshots/ow14-s0192.json,4,4,True
5113,ow14-1-r05113,qwen_minimal,minimal,ow14-s0193,1,model-facing/minimal-candidate-snapshots/ow14-s0193.json,4,4,True
5114,ow14-1-r05114,qwen_enriched,enriched,ow14-s0193,1,model-facing/enriched-candidate-snapshots/ow14-s0193.json,4,4,True
5115,ow14-1-r05115,qwen_minimal,minimal,ow14-s0193,2,model-facing/minimal-candidate-snapshots/ow14-s0193.json,4,4,True
5116,ow14-1-r05116,qwen_enriched,enriched,ow14-s0193,2,model-facing/enriched-candidate-snapshots/ow14-s0193.json,4,4,True
5117,ow14-1-r05117,qwen_minimal,minimal,ow14-s0193,3,model-facing/minimal-candidate-snapshots/ow14-s0193.json,4,4,True
5118,ow14-1-r05118,qwen_enriched,enriched,ow14-s0193,3,model-facing/enriched-candidate-snapshots/ow14-s0193.json,4,4,True
5119,ow14-1-r05119,qwen_minimal,minimal,ow14-s0193,4,model-facing/minimal-candidate-snapshots/ow14-s0193.json,4,4,True
5120,ow14-1-r05120,qwen_enriched,enriched,ow14-s0193,4,model-facing/enriched-candidate-snapshots/ow14-s0193.json,4,4,True
5121,ow14-1-r05121,qwen_minimal,minimal,ow14-s0193,5,model-facing/minimal-candidate-snapshots/ow14-s0193.json,4,4,True
5122,ow14-1-r05122,qwen_enriched,enriched,ow14-s0193,5,model-facing/enriched-candidate-snapshots/ow14-s0193.json,4,4,True
5123,ow14-1-r05123,qwen_minimal,minimal,ow14-s0194,1,model-facing/minimal-candidate-snapshots/ow14-s0194.json,4,4,True
5124,ow14-1-r05124,qwen_enriched,enriched,ow14-s0194,1,model-facing/enriched-candidate-snapshots/ow14-s0194.json,4,4,True
5125,ow14-1-r05125,qwen_minimal,minimal,ow14-s0194,2,model-facing/minimal-candidate-snapshots/ow14-s0194.json,4,4,True
5126,ow14-1-r05126,qwen_enriched,enriched,ow14-s0194,2,model-facing/enriched-candidate-snapshots/ow14-s0194.json,4,4,True
5127,ow14-1-r05127,qwen_minimal,minimal,ow14-s0194,3,model-facing/minimal-candidate-snapshots/ow14-s0194.json,4,4,True
5128,ow14-1-r05128,qwen_enriched,enriched,ow14-s0194,3,model-facing/enriched-candidate-snapshots/ow14-s0194.json,4,4,True
5129,ow14-1-r05129,qwen_minimal,minimal,ow14-s0194,4,model-facing/minimal-candidate-snapshots/ow14-s0194.json,4,4,True
5130,ow14-1-r05130,qwen_enriched,enriched,ow14-s0194,4,model-facing/enriched-candidate-snapshots/ow14-s0194.json,4,4,True
5131,ow14-1-r05131,qwen_minimal,minimal,ow14-s0194,5,model-facing/minimal-candidate-snapshots/ow14-s0194.json,4,4,True
5132,ow14-1-r05132,qwen_enriched,enriched,ow14-s0194,5,model-facing/enriched-candidate-snapshots/ow14-s0194.json,4,4,True
5133,ow14-1-r05133,qwen_minimal,minimal,ow14-s0195,1,model-facing/minimal-candidate-snapshots/ow14-s0195.json,4,4,True
5134,ow14-1-r05134,qwen_enriched,enriched,ow14-s0195,1,model-facing/enriched-candidate-snapshots/ow14-s0195.json,4,4,True
5135,ow14-1-r05135,qwen_minimal,minimal,ow14-s0195,2,model-facing/minimal-candidate-snapshots/ow14-s0195.json,4,4,True
5136,ow14-1-r05136,qwen_enriched,enriched,ow14-s0195,2,model-facing/enriched-candidate-snapshots/ow14-s0195.json,4,4,True
5137,ow14-1-r05137,qwen_minimal,minimal,ow14-s0195,3,model-facing/minimal-candidate-snapshots/ow14-s0195.json,4,4,True
5138,ow14-1-r05138,qwen_enriched,enriched,ow14-s0195,3,model-facing/enriched-candidate-snapshots/ow14-s0195.json,4,4,True
5139,ow14-1-r05139,qwen_minimal,minimal,ow14-s0195,4,model-facing/minimal-candidate-snapshots/ow14-s0195.json,4,4,True
5140,ow14-1-r05140,qwen_enriched,enriched,ow14-s0195,4,model-facing/enriched-candidate-snapshots/ow14-s0195.json,4,4,True
5141,ow14-1-r05141,qwen_minimal,minimal,ow14-s0195,5,model-facing/minimal-candidate-snapshots/ow14-s0195.json,4,4,True
5142,ow14-1-r05142,qwen_enriched,enriched,ow14-s0195,5,model-facing/enriched-candidate-snapshots/ow14-s0195.json,4,4,True
5143,ow14-1-r05143,qwen_minimal,minimal,ow14-s0196,1,model-facing/minimal-candidate-snapshots/ow14-s0196.json,4,4,True
5144,ow14-1-r05144,qwen_enriched,enriched,ow14-s0196,1,model-facing/enriched-candidate-snapshots/ow14-s0196.json,4,4,True
5145,ow14-1-r05145,qwen_minimal,minimal,ow14-s0196,2,model-facing/minimal-candidate-snapshots/ow14-s0196.json,4,4,True
5146,ow14-1-r05146,qwen_enriched,enriched,ow14-s0196,2,model-facing/enriched-candidate-snapshots/ow14-s0196.json,4,4,True
5147,ow14-1-r05147,qwen_minimal,minimal,ow14-s0196,3,model-facing/minimal-candidate-snapshots/ow14-s0196.json,4,4,True
5148,ow14-1-r05148,qwen_enriched,enriched,ow14-s0196,3,model-facing/enriched-candidate-snapshots/ow14-s0196.json,4,4,True
5149,ow14-1-r05149,qwen_minimal,minimal,ow14-s0196,4,model-facing/minimal-candidate-snapshots/ow14-s0196.json,4,4,True
5150,ow14-1-r05150,qwen_enriched,enriched,ow14-s0196,4,model-facing/enriched-candidate-snapshots/ow14-s0196.json,4,4,True
5151,ow14-1-r05151,qwen_minimal,minimal,ow14-s0196,5,model-facing/minimal-candidate-snapshots/ow14-s0196.json,4,4,True
5152,ow14-1-r05152,qwen_enriched,enriched,ow14-s0196,5,model-facing/enriched-candidate-snapshots/ow14-s0196.json,4,4,True
5153,ow14-1-r05153,qwen_minimal,minimal,ow14-s0197,1,model-facing/minimal-candidate-snapshots/ow14-s0197.json,4,4,True
5154,ow14-1-r05154,qwen_enriched,enriched,ow14-s0197,1,model-facing/enriched-candidate-snapshots/ow14-s0197.json,4,4,True
5155,ow14-1-r05155,qwen_minimal,minimal,ow14-s0197,2,model-facing/minimal-candidate-snapshots/ow14-s0197.json,4,4,True
5156,ow14-1-r05156,qwen_enriched,enriched,ow14-s0197,2,model-facing/enriched-candidate-snapshots/ow14-s0197.json,4,4,True
5157,ow14-1-r05157,qwen_minimal,minimal,ow14-s0197,3,model-facing/minimal-candidate-snapshots/ow14-s0197.json,4,4,True
5158,ow14-1-r05158,qwen_enriched,enriched,ow14-s0197,3,model-facing/enriched-candidate-snapshots/ow14-s0197.json,4,4,True
5159,ow14-1-r05159,qwen_minimal,minimal,ow14-s0197,4,model-facing/minimal-candidate-snapshots/ow14-s0197.json,4,4,True
5160,ow14-1-r05160,qwen_enriched,enriched,ow14-s0197,4,model-facing/enriched-candidate-snapshots/ow14-s0197.json,4,4,True
5161,ow14-1-r05161,qwen_minimal,minimal,ow14-s0197,5,model-facing/minimal-candidate-snapshots/ow14-s0197.json,4,4,True
5162,ow14-1-r05162,qwen_enriched,enriched,ow14-s0197,5,model-facing/enriched-candidate-snapshots/ow14-s0197.json,4,4,True
5163,ow14-1-r05163,qwen_minimal,minimal,ow14-s0198,1,model-facing/minimal-candidate-snapshots/ow14-s0198.json,4,4,True
5164,ow14-1-r05164,qwen_enriched,enriched,ow14-s0198,1,model-facing/enriched-candidate-snapshots/ow14-s0198.json,4,4,True
5165,ow14-1-r05165,qwen_minimal,minimal,ow14-s0198,2,model-facing/minimal-candidate-snapshots/ow14-s0198.json,4,4,True
5166,ow14-1-r05166,qwen_enriched,enriched,ow14-s0198,2,model-facing/enriched-candidate-snapshots/ow14-s0198.json,4,4,True
5167,ow14-1-r05167,qwen_minimal,minimal,ow14-s0198,3,model-facing/minimal-candidate-snapshots/ow14-s0198.json,4,4,True
5168,ow14-1-r05168,qwen_enriched,enriched,ow14-s0198,3,model-facing/enriched-candidate-snapshots/ow14-s0198.json,4,4,True
5169,ow14-1-r05169,qwen_minimal,minimal,ow14-s0198,4,model-facing/minimal-candidate-snapshots/ow14-s0198.json,4,4,True
5170,ow14-1-r05170,qwen_enriched,enriched,ow14-s0198,4,model-facing/enriched-candidate-snapshots/ow14-s0198.json,4,4,True
5171,ow14-1-r05171,qwen_minimal,minimal,ow14-s0198,5,model-facing/minimal-candidate-snapshots/ow14-s0198.json,4,4,True
5172,ow14-1-r05172,qwen_enriched,enriched,ow14-s0198,5,model-facing/enriched-candidate-snapshots/ow14-s0198.json,4,4,True
5173,ow14-1-r05173,qwen_minimal,minimal,ow14-s0199,1,model-facing/minimal-candidate-snapshots/ow14-s0199.json,4,4,True
5174,ow14-1-r05174,qwen_enriched,enriched,ow14-s0199,1,model-facing/enriched-candidate-snapshots/ow14-s0199.json,4,4,True
5175,ow14-1-r05175,qwen_minimal,minimal,ow14-s0199,2,model-facing/minimal-candidate-snapshots/ow14-s0199.json,4,4,True
5176,ow14-1-r05176,qwen_enriched,enriched,ow14-s0199,2,model-facing/enriched-candidate-snapshots/ow14-s0199.json,4,4,True
5177,ow14-1-r05177,qwen_minimal,minimal,ow14-s0199,3,model-facing/minimal-candidate-snapshots/ow14-s0199.json,4,4,True
5178,ow14-1-r05178,qwen_enriched,enriched,ow14-s0199,3,model-facing/enriched-candidate-snapshots/ow14-s0199.json,4,4,True
5179,ow14-1-r05179,qwen_minimal,minimal,ow14-s0199,4,model-facing/minimal-candidate-snapshots/ow14-s0199.json,4,4,True
5180,ow14-1-r05180,qwen_enriched,enriched,ow14-s0199,4,model-facing/enriched-candidate-snapshots/ow14-s0199.json,4,4,True
5181,ow14-1-r05181,qwen_minimal,minimal,ow14-s0199,5,model-facing/minimal-candidate-snapshots/ow14-s0199.json,4,4,True
5182,ow14-1-r05182,qwen_enriched,enriched,ow14-s0199,5,model-facing/enriched-candidate-snapshots/ow14-s0199.json,4,4,True
5183,ow14-1-r05183,qwen_minimal,minimal,ow14-s0200,1,model-facing/minimal-candidate-snapshots/ow14-s0200.json,4,4,True
5184,ow14-1-r05184,qwen_enriched,enriched,ow14-s0200,1,model-facing/enriched-candidate-snapshots/ow14-s0200.json,4,4,True
5185,ow14-1-r05185,qwen_minimal,minimal,ow14-s0200,2,model-facing/minimal-candidate-snapshots/ow14-s0200.json,4,4,True
5186,ow14-1-r05186,qwen_enriched,enriched,ow14-s0200,2,model-facing/enriched-candidate-snapshots/ow14-s0200.json,4,4,True
5187,ow14-1-r05187,qwen_minimal,minimal,ow14-s0200,3,model-facing/minimal-candidate-snapshots/ow14-s0200.json,4,4,True
5188,ow14-1-r05188,qwen_enriched,enriched,ow14-s0200,3,model-facing/enriched-candidate-snapshots/ow14-s0200.json,4,4,True
5189,ow14-1-r05189,qwen_minimal,minimal,ow14-s0200,4,model-facing/minimal-candidate-snapshots/ow14-s0200.json,4,4,True
5190,ow14-1-r05190,qwen_enriched,enriched,ow14-s0200,4,model-facing/enriched-candidate-snapshots/ow14-s0200.json,4,4,True
5191,ow14-1-r05191,qwen_minimal,minimal,ow14-s0200,5,model-facing/minimal-candidate-snapshots/ow14-s0200.json,4,4,True
5192,ow14-1-r05192,qwen_enriched,enriched,ow14-s0200,5,model-facing/enriched-candidate-snapshots/ow14-s0200.json,4,4,True
5193,ow14-1-r05193,qwen_minimal,minimal,ow14-s0201,1,model-facing/minimal-candidate-snapshots/ow14-s0201.json,4,4,True
5194,ow14-1-r05194,qwen_enriched,enriched,ow14-s0201,1,model-facing/enriched-candidate-snapshots/ow14-s0201.json,4,4,True
5195,ow14-1-r05195,qwen_minimal,minimal,ow14-s0201,2,model-facing/minimal-candidate-snapshots/ow14-s0201.json,4,4,True
5196,ow14-1-r05196,qwen_enriched,enriched,ow14-s0201,2,model-facing/enriched-candidate-snapshots/ow14-s0201.json,4,4,True
5197,ow14-1-r05197,qwen_minimal,minimal,ow14-s0201,3,model-facing/minimal-candidate-snapshots/ow14-s0201.json,4,4,True
5198,ow14-1-r05198,qwen_enriched,enriched,ow14-s0201,3,model-facing/enriched-candidate-snapshots/ow14-s0201.json,4,4,True
5199,ow14-1-r05199,qwen_minimal,minimal,ow14-s0201,4,model-facing/minimal-candidate-snapshots/ow14-s0201.json,4,4,True
5200,ow14-1-r05200,qwen_enriched,enriched,ow14-s0201,4,model-facing/enriched-candidate-snapshots/ow14-s0201.json,4,4,True
5201,ow14-1-r05201,qwen_minimal,minimal,ow14-s0201,5,model-facing/minimal-candidate-snapshots/ow14-s0201.json,4,4,True
5202,ow14-1-r05202,qwen_enriched,enriched,ow14-s0201,5,model-facing/enriched-candidate-snapshots/ow14-s0201.json,4,4,True
5203,ow14-1-r05203,qwen_minimal,minimal,ow14-s0202,1,model-facing/minimal-candidate-snapshots/ow14-s0202.json,4,4,True
5204,ow14-1-r05204,qwen_enriched,enriched,ow14-s0202,1,model-facing/enriched-candidate-snapshots/ow14-s0202.json,4,4,True
5205,ow14-1-r05205,qwen_minimal,minimal,ow14-s0202,2,model-facing/minimal-candidate-snapshots/ow14-s0202.json,4,4,True
5206,ow14-1-r05206,qwen_enriched,enriched,ow14-s0202,2,model-facing/enriched-candidate-snapshots/ow14-s0202.json,4,4,True
5207,ow14-1-r05207,qwen_minimal,minimal,ow14-s0202,3,model-facing/minimal-candidate-snapshots/ow14-s0202.json,4,4,True
5208,ow14-1-r05208,qwen_enriched,enriched,ow14-s0202,3,model-facing/enriched-candidate-snapshots/ow14-s0202.json,4,4,True
5209,ow14-1-r05209,qwen_minimal,minimal,ow14-s0202,4,model-facing/minimal-candidate-snapshots/ow14-s0202.json,4,4,True
5210,ow14-1-r05210,qwen_enriched,enriched,ow14-s0202,4,model-facing/enriched-candidate-snapshots/ow14-s0202.json,4,4,True
5211,ow14-1-r05211,qwen_minimal,minimal,ow14-s0202,5,model-facing/minimal-candidate-snapshots/ow14-s0202.json,4,4,True
5212,ow14-1-r05212,qwen_enriched,enriched,ow14-s0202,5,model-facing/enriched-candidate-snapshots/ow14-s0202.json,4,4,True
5213,ow14-1-r05213,qwen_minimal,minimal,ow14-s0203,1,model-facing/minimal-candidate-snapshots/ow14-s0203.json,4,4,True
5214,ow14-1-r05214,qwen_enriched,enriched,ow14-s0203,1,model-facing/enriched-candidate-snapshots/ow14-s0203.json,4,4,True
5215,ow14-1-r05215,qwen_minimal,minimal,ow14-s0203,2,model-facing/minimal-candidate-snapshots/ow14-s0203.json,4,4,True
5216,ow14-1-r05216,qwen_enriched,enriched,ow14-s0203,2,model-facing/enriched-candidate-snapshots/ow14-s0203.json,4,4,True
5217,ow14-1-r05217,qwen_minimal,minimal,ow14-s0203,3,model-facing/minimal-candidate-snapshots/ow14-s0203.json,4,4,True
5218,ow14-1-r05218,qwen_enriched,enriched,ow14-s0203,3,model-facing/enriched-candidate-snapshots/ow14-s0203.json,4,4,True
5219,ow14-1-r05219,qwen_minimal,minimal,ow14-s0203,4,model-facing/minimal-candidate-snapshots/ow14-s0203.json,4,4,True
5220,ow14-1-r05220,qwen_enriched,enriched,ow14-s0203,4,model-facing/enriched-candidate-snapshots/ow14-s0203.json,4,4,True
5221,ow14-1-r05221,qwen_minimal,minimal,ow14-s0203,5,model-facing/minimal-candidate-snapshots/ow14-s0203.json,4,4,True
5222,ow14-1-r05222,qwen_enriched,enriched,ow14-s0203,5,model-facing/enriched-candidate-snapshots/ow14-s0203.json,4,4,True
5223,ow14-1-r05223,qwen_minimal,minimal,ow14-s0204,1,model-facing/minimal-candidate-snapshots/ow14-s0204.json,4,4,True
5224,ow14-1-r05224,qwen_enriched,enriched,ow14-s0204,1,model-facing/enriched-candidate-snapshots/ow14-s0204.json,4,4,True
5225,ow14-1-r05225,qwen_minimal,minimal,ow14-s0204,2,model-facing/minimal-candidate-snapshots/ow14-s0204.json,4,4,True
5226,ow14-1-r05226,qwen_enriched,enriched,ow14-s0204,2,model-facing/enriched-candidate-snapshots/ow14-s0204.json,4,4,True
5227,ow14-1-r05227,qwen_minimal,minimal,ow14-s0204,3,model-facing/minimal-candidate-snapshots/ow14-s0204.json,4,4,True
5228,ow14-1-r05228,qwen_enriched,enriched,ow14-s0204,3,model-facing/enriched-candidate-snapshots/ow14-s0204.json,4,4,True
5229,ow14-1-r05229,qwen_minimal,minimal,ow14-s0204,4,model-facing/minimal-candidate-snapshots/ow14-s0204.json,4,4,True
5230,ow14-1-r05230,qwen_enriched,enriched,ow14-s0204,4,model-facing/enriched-candidate-snapshots/ow14-s0204.json,4,4,True
5231,ow14-1-r05231,qwen_minimal,minimal,ow14-s0204,5,model-facing/minimal-candidate-snapshots/ow14-s0204.json,4,4,True
5232,ow14-1-r05232,qwen_enriched,enriched,ow14-s0204,5,model-facing/enriched-candidate-snapshots/ow14-s0204.json,4,4,True
5233,ow14-1-r05233,qwen_minimal,minimal,ow14-s0205,1,model-facing/minimal-candidate-snapshots/ow14-s0205.json,4,4,True
5234,ow14-1-r05234,qwen_enriched,enriched,ow14-s0205,1,model-facing/enriched-candidate-snapshots/ow14-s0205.json,4,4,True
5235,ow14-1-r05235,qwen_minimal,minimal,ow14-s0205,2,model-facing/minimal-candidate-snapshots/ow14-s0205.json,4,4,True
5236,ow14-1-r05236,qwen_enriched,enriched,ow14-s0205,2,model-facing/enriched-candidate-snapshots/ow14-s0205.json,4,4,True
5237,ow14-1-r05237,qwen_minimal,minimal,ow14-s0205,3,model-facing/minimal-candidate-snapshots/ow14-s0205.json,4,4,True
5238,ow14-1-r05238,qwen_enriched,enriched,ow14-s0205,3,model-facing/enriched-candidate-snapshots/ow14-s0205.json,4,4,True
5239,ow14-1-r05239,qwen_minimal,minimal,ow14-s0205,4,model-facing/minimal-candidate-snapshots/ow14-s0205.json,4,4,True
5240,ow14-1-r05240,qwen_enriched,enriched,ow14-s0205,4,model-facing/enriched-candidate-snapshots/ow14-s0205.json,4,4,True
5241,ow14-1-r05241,qwen_minimal,minimal,ow14-s0205,5,model-facing/minimal-candidate-snapshots/ow14-s0205.json,4,4,True
5242,ow14-1-r05242,qwen_enriched,enriched,ow14-s0205,5,model-facing/enriched-candidate-snapshots/ow14-s0205.json,4,4,True
5243,ow14-1-r05243,qwen_minimal,minimal,ow14-s0206,1,model-facing/minimal-candidate-snapshots/ow14-s0206.json,4,4,True
5244,ow14-1-r05244,qwen_enriched,enriched,ow14-s0206,1,model-facing/enriched-candidate-snapshots/ow14-s0206.json,4,4,True
5245,ow14-1-r05245,qwen_minimal,minimal,ow14-s0206,2,model-facing/minimal-candidate-snapshots/ow14-s0206.json,4,4,True
5246,ow14-1-r05246,qwen_enriched,enriched,ow14-s0206,2,model-facing/enriched-candidate-snapshots/ow14-s0206.json,4,4,True
5247,ow14-1-r05247,qwen_minimal,minimal,ow14-s0206,3,model-facing/minimal-candidate-snapshots/ow14-s0206.json,4,4,True
5248,ow14-1-r05248,qwen_enriched,enriched,ow14-s0206,3,model-facing/enriched-candidate-snapshots/ow14-s0206.json,4,4,True
5249,ow14-1-r05249,qwen_minimal,minimal,ow14-s0206,4,model-facing/minimal-candidate-snapshots/ow14-s0206.json,4,4,True
5250,ow14-1-r05250,qwen_enriched,enriched,ow14-s0206,4,model-facing/enriched-candidate-snapshots/ow14-s0206.json,4,4,True
5251,ow14-1-r05251,qwen_minimal,minimal,ow14-s0206,5,model-facing/minimal-candidate-snapshots/ow14-s0206.json,4,4,True
5252,ow14-1-r05252,qwen_enriched,enriched,ow14-s0206,5,model-facing/enriched-candidate-snapshots/ow14-s0206.json,4,4,True
5253,ow14-1-r05253,qwen_minimal,minimal,ow14-s0207,1,model-facing/minimal-candidate-snapshots/ow14-s0207.json,4,4,True
5254,ow14-1-r05254,qwen_enriched,enriched,ow14-s0207,1,model-facing/enriched-candidate-snapshots/ow14-s0207.json,4,4,True
5255,ow14-1-r05255,qwen_minimal,minimal,ow14-s0207,2,model-facing/minimal-candidate-snapshots/ow14-s0207.json,4,4,True
5256,ow14-1-r05256,qwen_enriched,enriched,ow14-s0207,2,model-facing/enriched-candidate-snapshots/ow14-s0207.json,4,4,True
5257,ow14-1-r05257,qwen_minimal,minimal,ow14-s0207,3,model-facing/minimal-candidate-snapshots/ow14-s0207.json,4,4,True
5258,ow14-1-r05258,qwen_enriched,enriched,ow14-s0207,3,model-facing/enriched-candidate-snapshots/ow14-s0207.json,4,4,True
5259,ow14-1-r05259,qwen_minimal,minimal,ow14-s0207,4,model-facing/minimal-candidate-snapshots/ow14-s0207.json,4,4,True
5260,ow14-1-r05260,qwen_enriched,enriched,ow14-s0207,4,model-facing/enriched-candidate-snapshots/ow14-s0207.json,4,4,True
5261,ow14-1-r05261,qwen_minimal,minimal,ow14-s0207,5,model-facing/minimal-candidate-snapshots/ow14-s0207.json,4,4,True
5262,ow14-1-r05262,qwen_enriched,enriched,ow14-s0207,5,model-facing/enriched-candidate-snapshots/ow14-s0207.json,4,4,True
5263,ow14-1-r05263,qwen_minimal,minimal,ow14-s0208,1,model-facing/minimal-candidate-snapshots/ow14-s0208.json,4,4,True
5264,ow14-1-r05264,qwen_enriched,enriched,ow14-s0208,1,model-facing/enriched-candidate-snapshots/ow14-s0208.json,4,4,True
5265,ow14-1-r05265,qwen_minimal,minimal,ow14-s0208,2,model-facing/minimal-candidate-snapshots/ow14-s0208.json,4,4,True
5266,ow14-1-r05266,qwen_enriched,enriched,ow14-s0208,2,model-facing/enriched-candidate-snapshots/ow14-s0208.json,4,4,True
5267,ow14-1-r05267,qwen_minimal,minimal,ow14-s0208,3,model-facing/minimal-candidate-snapshots/ow14-s0208.json,4,4,True
5268,ow14-1-r05268,qwen_enriched,enriched,ow14-s0208,3,model-facing/enriched-candidate-snapshots/ow14-s0208.json,4,4,True
5269,ow14-1-r05269,qwen_minimal,minimal,ow14-s0208,4,model-facing/minimal-candidate-snapshots/ow14-s0208.json,4,4,True
5270,ow14-1-r05270,qwen_enriched,enriched,ow14-s0208,4,model-facing/enriched-candidate-snapshots/ow14-s0208.json,4,4,True
5271,ow14-1-r05271,qwen_minimal,minimal,ow14-s0208,5,model-facing/minimal-candidate-snapshots/ow14-s0208.json,4,4,True
5272,ow14-1-r05272,qwen_enriched,enriched,ow14-s0208,5,model-facing/enriched-candidate-snapshots/ow14-s0208.json,4,4,True
5273,ow14-1-r05273,qwen_minimal,minimal,ow14-s0209,1,model-facing/minimal-candidate-snapshots/ow14-s0209.json,4,4,True
5274,ow14-1-r05274,qwen_enriched,enriched,ow14-s0209,1,model-facing/enriched-candidate-snapshots/ow14-s0209.json,4,4,True
5275,ow14-1-r05275,qwen_minimal,minimal,ow14-s0209,2,model-facing/minimal-candidate-snapshots/ow14-s0209.json,4,4,True
5276,ow14-1-r05276,qwen_enriched,enriched,ow14-s0209,2,model-facing/enriched-candidate-snapshots/ow14-s0209.json,4,4,True
5277,ow14-1-r05277,qwen_minimal,minimal,ow14-s0209,3,model-facing/minimal-candidate-snapshots/ow14-s0209.json,4,4,True
5278,ow14-1-r05278,qwen_enriched,enriched,ow14-s0209,3,model-facing/enriched-candidate-snapshots/ow14-s0209.json,4,4,True
5279,ow14-1-r05279,qwen_minimal,minimal,ow14-s0209,4,model-facing/minimal-candidate-snapshots/ow14-s0209.json,4,4,True
5280,ow14-1-r05280,qwen_enriched,enriched,ow14-s0209,4,model-facing/enriched-candidate-snapshots/ow14-s0209.json,4,4,True
5281,ow14-1-r05281,qwen_minimal,minimal,ow14-s0209,5,model-facing/minimal-candidate-snapshots/ow14-s0209.json,4,4,True
5282,ow14-1-r05282,qwen_enriched,enriched,ow14-s0209,5,model-facing/enriched-candidate-snapshots/ow14-s0209.json,4,4,True
5283,ow14-1-r05283,qwen_minimal,minimal,ow14-s0210,1,model-facing/minimal-candidate-snapshots/ow14-s0210.json,4,4,True
5284,ow14-1-r05284,qwen_enriched,enriched,ow14-s0210,1,model-facing/enriched-candidate-snapshots/ow14-s0210.json,4,4,True
5285,ow14-1-r05285,qwen_minimal,minimal,ow14-s0210,2,model-facing/minimal-candidate-snapshots/ow14-s0210.json,4,4,True
5286,ow14-1-r05286,qwen_enriched,enriched,ow14-s0210,2,model-facing/enriched-candidate-snapshots/ow14-s0210.json,4,4,True
5287,ow14-1-r05287,qwen_minimal,minimal,ow14-s0210,3,model-facing/minimal-candidate-snapshots/ow14-s0210.json,4,4,True
5288,ow14-1-r05288,qwen_enriched,enriched,ow14-s0210,3,model-facing/enriched-candidate-snapshots/ow14-s0210.json,4,4,True
5289,ow14-1-r05289,qwen_minimal,minimal,ow14-s0210,4,model-facing/minimal-candidate-snapshots/ow14-s0210.json,4,4,True
5290,ow14-1-r05290,qwen_enriched,enriched,ow14-s0210,4,model-facing/enriched-candidate-snapshots/ow14-s0210.json,4,4,True
5291,ow14-1-r05291,qwen_minimal,minimal,ow14-s0210,5,model-facing/minimal-candidate-snapshots/ow14-s0210.json,4,4,True
5292,ow14-1-r05292,qwen_enriched,enriched,ow14-s0210,5,model-facing/enriched-candidate-snapshots/ow14-s0210.json,4,4,True
5293,ow14-1-r05293,qwen_minimal,minimal,ow14-s0211,1,model-facing/minimal-candidate-snapshots/ow14-s0211.json,4,4,True
5294,ow14-1-r05294,qwen_enriched,enriched,ow14-s0211,1,model-facing/enriched-candidate-snapshots/ow14-s0211.json,4,4,True
5295,ow14-1-r05295,qwen_minimal,minimal,ow14-s0211,2,model-facing/minimal-candidate-snapshots/ow14-s0211.json,4,4,True
5296,ow14-1-r05296,qwen_enriched,enriched,ow14-s0211,2,model-facing/enriched-candidate-snapshots/ow14-s0211.json,4,4,True
5297,ow14-1-r05297,qwen_minimal,minimal,ow14-s0211,3,model-facing/minimal-candidate-snapshots/ow14-s0211.json,4,4,True
5298,ow14-1-r05298,qwen_enriched,enriched,ow14-s0211,3,model-facing/enriched-candidate-snapshots/ow14-s0211.json,4,4,True
5299,ow14-1-r05299,qwen_minimal,minimal,ow14-s0211,4,model-facing/minimal-candidate-snapshots/ow14-s0211.json,4,4,True
5300,ow14-1-r05300,qwen_enriched,enriched,ow14-s0211,4,model-facing/enriched-candidate-snapshots/ow14-s0211.json,4,4,True
5301,ow14-1-r05301,qwen_minimal,minimal,ow14-s0211,5,model-facing/minimal-candidate-snapshots/ow14-s0211.json,4,4,True
5302,ow14-1-r05302,qwen_enriched,enriched,ow14-s0211,5,model-facing/enriched-candidate-snapshots/ow14-s0211.json,4,4,True
5303,ow14-1-r05303,qwen_minimal,minimal,ow14-s0212,1,model-facing/minimal-candidate-snapshots/ow14-s0212.json,4,4,True
5304,ow14-1-r05304,qwen_enriched,enriched,ow14-s0212,1,model-facing/enriched-candidate-snapshots/ow14-s0212.json,4,4,True
5305,ow14-1-r05305,qwen_minimal,minimal,ow14-s0212,2,model-facing/minimal-candidate-snapshots/ow14-s0212.json,4,4,True
5306,ow14-1-r05306,qwen_enriched,enriched,ow14-s0212,2,model-facing/enriched-candidate-snapshots/ow14-s0212.json,4,4,True
5307,ow14-1-r05307,qwen_minimal,minimal,ow14-s0212,3,model-facing/minimal-candidate-snapshots/ow14-s0212.json,4,4,True
5308,ow14-1-r05308,qwen_enriched,enriched,ow14-s0212,3,model-facing/enriched-candidate-snapshots/ow14-s0212.json,4,4,True
5309,ow14-1-r05309,qwen_minimal,minimal,ow14-s0212,4,model-facing/minimal-candidate-snapshots/ow14-s0212.json,4,4,True
5310,ow14-1-r05310,qwen_enriched,enriched,ow14-s0212,4,model-facing/enriched-candidate-snapshots/ow14-s0212.json,4,4,True
5311,ow14-1-r05311,qwen_minimal,minimal,ow14-s0212,5,model-facing/minimal-candidate-snapshots/ow14-s0212.json,4,4,True
5312,ow14-1-r05312,qwen_enriched,enriched,ow14-s0212,5,model-facing/enriched-candidate-snapshots/ow14-s0212.json,4,4,True
5313,ow14-1-r05313,qwen_minimal,minimal,ow14-s0213,1,model-facing/minimal-candidate-snapshots/ow14-s0213.json,4,4,True
5314,ow14-1-r05314,qwen_enriched,enriched,ow14-s0213,1,model-facing/enriched-candidate-snapshots/ow14-s0213.json,4,4,True
5315,ow14-1-r05315,qwen_minimal,minimal,ow14-s0213,2,model-facing/minimal-candidate-snapshots/ow14-s0213.json,4,4,True
5316,ow14-1-r05316,qwen_enriched,enriched,ow14-s0213,2,model-facing/enriched-candidate-snapshots/ow14-s0213.json,4,4,True
5317,ow14-1-r05317,qwen_minimal,minimal,ow14-s0213,3,model-facing/minimal-candidate-snapshots/ow14-s0213.json,4,4,True
5318,ow14-1-r05318,qwen_enriched,enriched,ow14-s0213,3,model-facing/enriched-candidate-snapshots/ow14-s0213.json,4,4,True
5319,ow14-1-r05319,qwen_minimal,minimal,ow14-s0213,4,model-facing/minimal-candidate-snapshots/ow14-s0213.json,4,4,True
5320,ow14-1-r05320,qwen_enriched,enriched,ow14-s0213,4,model-facing/enriched-candidate-snapshots/ow14-s0213.json,4,4,True
5321,ow14-1-r05321,qwen_minimal,minimal,ow14-s0213,5,model-facing/minimal-candidate-snapshots/ow14-s0213.json,4,4,True
5322,ow14-1-r05322,qwen_enriched,enriched,ow14-s0213,5,model-facing/enriched-candidate-snapshots/ow14-s0213.json,4,4,True
5323,ow14-1-r05323,qwen_minimal,minimal,ow14-s0214,1,model-facing/minimal-candidate-snapshots/ow14-s0214.json,4,4,True
5324,ow14-1-r05324,qwen_enriched,enriched,ow14-s0214,1,model-facing/enriched-candidate-snapshots/ow14-s0214.json,4,4,True
5325,ow14-1-r05325,qwen_minimal,minimal,ow14-s0214,2,model-facing/minimal-candidate-snapshots/ow14-s0214.json,4,4,True
5326,ow14-1-r05326,qwen_enriched,enriched,ow14-s0214,2,model-facing/enriched-candidate-snapshots/ow14-s0214.json,4,4,True
5327,ow14-1-r05327,qwen_minimal,minimal,ow14-s0214,3,model-facing/minimal-candidate-snapshots/ow14-s0214.json,4,4,True
5328,ow14-1-r05328,qwen_enriched,enriched,ow14-s0214,3,model-facing/enriched-candidate-snapshots/ow14-s0214.json,4,4,True
5329,ow14-1-r05329,qwen_minimal,minimal,ow14-s0214,4,model-facing/minimal-candidate-snapshots/ow14-s0214.json,4,4,True
5330,ow14-1-r05330,qwen_enriched,enriched,ow14-s0214,4,model-facing/enriched-candidate-snapshots/ow14-s0214.json,4,4,True
5331,ow14-1-r05331,qwen_minimal,minimal,ow14-s0214,5,model-facing/minimal-candidate-snapshots/ow14-s0214.json,4,4,True
5332,ow14-1-r05332,qwen_enriched,enriched,ow14-s0214,5,model-facing/enriched-candidate-snapshots/ow14-s0214.json,4,4,True
5333,ow14-1-r05333,qwen_minimal,minimal,ow14-s0215,1,model-facing/minimal-candidate-snapshots/ow14-s0215.json,4,4,True
5334,ow14-1-r05334,qwen_enriched,enriched,ow14-s0215,1,model-facing/enriched-candidate-snapshots/ow14-s0215.json,4,4,True
5335,ow14-1-r05335,qwen_minimal,minimal,ow14-s0215,2,model-facing/minimal-candidate-snapshots/ow14-s0215.json,4,4,True
5336,ow14-1-r05336,qwen_enriched,enriched,ow14-s0215,2,model-facing/enriched-candidate-snapshots/ow14-s0215.json,4,4,True
5337,ow14-1-r05337,qwen_minimal,minimal,ow14-s0215,3,model-facing/minimal-candidate-snapshots/ow14-s0215.json,4,4,True
5338,ow14-1-r05338,qwen_enriched,enriched,ow14-s0215,3,model-facing/enriched-candidate-snapshots/ow14-s0215.json,4,4,True
5339,ow14-1-r05339,qwen_minimal,minimal,ow14-s0215,4,model-facing/minimal-candidate-snapshots/ow14-s0215.json,4,4,True
5340,ow14-1-r05340,qwen_enriched,enriched,ow14-s0215,4,model-facing/enriched-candidate-snapshots/ow14-s0215.json,4,4,True
5341,ow14-1-r05341,qwen_minimal,minimal,ow14-s0215,5,model-facing/minimal-candidate-snapshots/ow14-s0215.json,4,4,True
5342,ow14-1-r05342,qwen_enriched,enriched,ow14-s0215,5,model-facing/enriched-candidate-snapshots/ow14-s0215.json,4,4,True
5343,ow14-1-r05343,qwen_minimal,minimal,ow14-s0216,1,model-facing/minimal-candidate-snapshots/ow14-s0216.json,4,4,True
5344,ow14-1-r05344,qwen_enriched,enriched,ow14-s0216,1,model-facing/enriched-candidate-snapshots/ow14-s0216.json,4,4,True
5345,ow14-1-r05345,qwen_minimal,minimal,ow14-s0216,2,model-facing/minimal-candidate-snapshots/ow14-s0216.json,4,4,True
5346,ow14-1-r05346,qwen_enriched,enriched,ow14-s0216,2,model-facing/enriched-candidate-snapshots/ow14-s0216.json,4,4,True
5347,ow14-1-r05347,qwen_minimal,minimal,ow14-s0216,3,model-facing/minimal-candidate-snapshots/ow14-s0216.json,4,4,True
5348,ow14-1-r05348,qwen_enriched,enriched,ow14-s0216,3,model-facing/enriched-candidate-snapshots/ow14-s0216.json,4,4,True
5349,ow14-1-r05349,qwen_minimal,minimal,ow14-s0216,4,model-facing/minimal-candidate-snapshots/ow14-s0216.json,4,4,True
5350,ow14-1-r05350,qwen_enriched,enriched,ow14-s0216,4,model-facing/enriched-candidate-snapshots/ow14-s0216.json,4,4,True
5351,ow14-1-r05351,qwen_minimal,minimal,ow14-s0216,5,model-facing/minimal-candidate-snapshots/ow14-s0216.json,4,4,True
5352,ow14-1-r05352,qwen_enriched,enriched,ow14-s0216,5,model-facing/enriched-candidate-snapshots/ow14-s0216.json,4,4,True
5353,ow14-1-r05353,qwen_minimal,minimal,ow14-s0217,1,model-facing/minimal-candidate-snapshots/ow14-s0217.json,4,4,True
5354,ow14-1-r05354,qwen_enriched,enriched,ow14-s0217,1,model-facing/enriched-candidate-snapshots/ow14-s0217.json,4,4,True
5355,ow14-1-r05355,qwen_minimal,minimal,ow14-s0217,2,model-facing/minimal-candidate-snapshots/ow14-s0217.json,4,4,True
5356,ow14-1-r05356,qwen_enriched,enriched,ow14-s0217,2,model-facing/enriched-candidate-snapshots/ow14-s0217.json,4,4,True
5357,ow14-1-r05357,qwen_minimal,minimal,ow14-s0217,3,model-facing/minimal-candidate-snapshots/ow14-s0217.json,4,4,True
5358,ow14-1-r05358,qwen_enriched,enriched,ow14-s0217,3,model-facing/enriched-candidate-snapshots/ow14-s0217.json,4,4,True
5359,ow14-1-r05359,qwen_minimal,minimal,ow14-s0217,4,model-facing/minimal-candidate-snapshots/ow14-s0217.json,4,4,True
5360,ow14-1-r05360,qwen_enriched,enriched,ow14-s0217,4,model-facing/enriched-candidate-snapshots/ow14-s0217.json,4,4,True
5361,ow14-1-r05361,qwen_minimal,minimal,ow14-s0217,5,model-facing/minimal-candidate-snapshots/ow14-s0217.json,4,4,True
5362,ow14-1-r05362,qwen_enriched,enriched,ow14-s0217,5,model-facing/enriched-candidate-snapshots/ow14-s0217.json,4,4,True
5363,ow14-1-r05363,qwen_minimal,minimal,ow14-s0218,1,model-facing/minimal-candidate-snapshots/ow14-s0218.json,4,4,True
5364,ow14-1-r05364,qwen_enriched,enriched,ow14-s0218,1,model-facing/enriched-candidate-snapshots/ow14-s0218.json,4,4,True
5365,ow14-1-r05365,qwen_minimal,minimal,ow14-s0218,2,model-facing/minimal-candidate-snapshots/ow14-s0218.json,4,4,True
5366,ow14-1-r05366,qwen_enriched,enriched,ow14-s0218,2,model-facing/enriched-candidate-snapshots/ow14-s0218.json,4,4,True
5367,ow14-1-r05367,qwen_minimal,minimal,ow14-s0218,3,model-facing/minimal-candidate-snapshots/ow14-s0218.json,4,4,True
5368,ow14-1-r05368,qwen_enriched,enriched,ow14-s0218,3,model-facing/enriched-candidate-snapshots/ow14-s0218.json,4,4,True
5369,ow14-1-r05369,qwen_minimal,minimal,ow14-s0218,4,model-facing/minimal-candidate-snapshots/ow14-s0218.json,4,4,True
5370,ow14-1-r05370,qwen_enriched,enriched,ow14-s0218,4,model-facing/enriched-candidate-snapshots/ow14-s0218.json,4,4,True
5371,ow14-1-r05371,qwen_minimal,minimal,ow14-s0218,5,model-facing/minimal-candidate-snapshots/ow14-s0218.json,4,4,True
5372,ow14-1-r05372,qwen_enriched,enriched,ow14-s0218,5,model-facing/enriched-candidate-snapshots/ow14-s0218.json,4,4,True
5373,ow14-1-r05373,qwen_minimal,minimal,ow14-s0219,1,model-facing/minimal-candidate-snapshots/ow14-s0219.json,4,4,True
5374,ow14-1-r05374,qwen_enriched,enriched,ow14-s0219,1,model-facing/enriched-candidate-snapshots/ow14-s0219.json,4,4,True
5375,ow14-1-r05375,qwen_minimal,minimal,ow14-s0219,2,model-facing/minimal-candidate-snapshots/ow14-s0219.json,4,4,True
5376,ow14-1-r05376,qwen_enriched,enriched,ow14-s0219,2,model-facing/enriched-candidate-snapshots/ow14-s0219.json,4,4,True
5377,ow14-1-r05377,qwen_minimal,minimal,ow14-s0219,3,model-facing/minimal-candidate-snapshots/ow14-s0219.json,4,4,True
5378,ow14-1-r05378,qwen_enriched,enriched,ow14-s0219,3,model-facing/enriched-candidate-snapshots/ow14-s0219.json,4,4,True
5379,ow14-1-r05379,qwen_minimal,minimal,ow14-s0219,4,model-facing/minimal-candidate-snapshots/ow14-s0219.json,4,4,True
5380,ow14-1-r05380,qwen_enriched,enriched,ow14-s0219,4,model-facing/enriched-candidate-snapshots/ow14-s0219.json,4,4,True
5381,ow14-1-r05381,qwen_minimal,minimal,ow14-s0219,5,model-facing/minimal-candidate-snapshots/ow14-s0219.json,4,4,True
5382,ow14-1-r05382,qwen_enriched,enriched,ow14-s0219,5,model-facing/enriched-candidate-snapshots/ow14-s0219.json,4,4,True
5383,ow14-1-r05383,qwen_minimal,minimal,ow14-s0220,1,model-facing/minimal-candidate-snapshots/ow14-s0220.json,4,4,True
5384,ow14-1-r05384,qwen_enriched,enriched,ow14-s0220,1,model-facing/enriched-candidate-snapshots/ow14-s0220.json,4,4,True
5385,ow14-1-r05385,qwen_minimal,minimal,ow14-s0220,2,model-facing/minimal-candidate-snapshots/ow14-s0220.json,4,4,True
5386,ow14-1-r05386,qwen_enriched,enriched,ow14-s0220,2,model-facing/enriched-candidate-snapshots/ow14-s0220.json,4,4,True
5387,ow14-1-r05387,qwen_minimal,minimal,ow14-s0220,3,model-facing/minimal-candidate-snapshots/ow14-s0220.json,4,4,True
5388,ow14-1-r05388,qwen_enriched,enriched,ow14-s0220,3,model-facing/enriched-candidate-snapshots/ow14-s0220.json,4,4,True
5389,ow14-1-r05389,qwen_minimal,minimal,ow14-s0220,4,model-facing/minimal-candidate-snapshots/ow14-s0220.json,4,4,True
5390,ow14-1-r05390,qwen_enriched,enriched,ow14-s0220,4,model-facing/enriched-candidate-snapshots/ow14-s0220.json,4,4,True
5391,ow14-1-r05391,qwen_minimal,minimal,ow14-s0220,5,model-facing/minimal-candidate-snapshots/ow14-s0220.json,4,4,True
5392,ow14-1-r05392,qwen_enriched,enriched,ow14-s0220,5,model-facing/enriched-candidate-snapshots/ow14-s0220.json,4,4,True
5393,ow14-1-r05393,qwen_minimal,minimal,ow14-s0221,1,model-facing/minimal-candidate-snapshots/ow14-s0221.json,4,4,True
5394,ow14-1-r05394,qwen_enriched,enriched,ow14-s0221,1,model-facing/enriched-candidate-snapshots/ow14-s0221.json,4,4,True
5395,ow14-1-r05395,qwen_minimal,minimal,ow14-s0221,2,model-facing/minimal-candidate-snapshots/ow14-s0221.json,4,4,True
5396,ow14-1-r05396,qwen_enriched,enriched,ow14-s0221,2,model-facing/enriched-candidate-snapshots/ow14-s0221.json,4,4,True
5397,ow14-1-r05397,qwen_minimal,minimal,ow14-s0221,3,model-facing/minimal-candidate-snapshots/ow14-s0221.json,4,4,True
5398,ow14-1-r05398,qwen_enriched,enriched,ow14-s0221,3,model-facing/enriched-candidate-snapshots/ow14-s0221.json,4,4,True
5399,ow14-1-r05399,qwen_minimal,minimal,ow14-s0221,4,model-facing/minimal-candidate-snapshots/ow14-s0221.json,4,4,True
5400,ow14-1-r05400,qwen_enriched,enriched,ow14-s0221,4,model-facing/enriched-candidate-snapshots/ow14-s0221.json,4,4,True
5401,ow14-1-r05401,qwen_minimal,minimal,ow14-s0221,5,model-facing/minimal-candidate-snapshots/ow14-s0221.json,4,4,True
5402,ow14-1-r05402,qwen_enriched,enriched,ow14-s0221,5,model-facing/enriched-candidate-snapshots/ow14-s0221.json,4,4,True
5403,ow14-1-r05403,qwen_minimal,minimal,ow14-s0222,1,model-facing/minimal-candidate-snapshots/ow14-s0222.json,4,4,True
5404,ow14-1-r05404,qwen_enriched,enriched,ow14-s0222,1,model-facing/enriched-candidate-snapshots/ow14-s0222.json,4,4,True
5405,ow14-1-r05405,qwen_minimal,minimal,ow14-s0222,2,model-facing/minimal-candidate-snapshots/ow14-s0222.json,4,4,True
5406,ow14-1-r05406,qwen_enriched,enriched,ow14-s0222,2,model-facing/enriched-candidate-snapshots/ow14-s0222.json,4,4,True
5407,ow14-1-r05407,qwen_minimal,minimal,ow14-s0222,3,model-facing/minimal-candidate-snapshots/ow14-s0222.json,4,4,True
5408,ow14-1-r05408,qwen_enriched,enriched,ow14-s0222,3,model-facing/enriched-candidate-snapshots/ow14-s0222.json,4,4,True
5409,ow14-1-r05409,qwen_minimal,minimal,ow14-s0222,4,model-facing/minimal-candidate-snapshots/ow14-s0222.json,4,4,True
5410,ow14-1-r05410,qwen_enriched,enriched,ow14-s0222,4,model-facing/enriched-candidate-snapshots/ow14-s0222.json,4,4,True
5411,ow14-1-r05411,qwen_minimal,minimal,ow14-s0222,5,model-facing/minimal-candidate-snapshots/ow14-s0222.json,4,4,True
5412,ow14-1-r05412,qwen_enriched,enriched,ow14-s0222,5,model-facing/enriched-candidate-snapshots/ow14-s0222.json,4,4,True
5413,ow14-1-r05413,qwen_minimal,minimal,ow14-s0223,1,model-facing/minimal-candidate-snapshots/ow14-s0223.json,4,4,True
5414,ow14-1-r05414,qwen_enriched,enriched,ow14-s0223,1,model-facing/enriched-candidate-snapshots/ow14-s0223.json,4,4,True
5415,ow14-1-r05415,qwen_minimal,minimal,ow14-s0223,2,model-facing/minimal-candidate-snapshots/ow14-s0223.json,4,4,True
5416,ow14-1-r05416,qwen_enriched,enriched,ow14-s0223,2,model-facing/enriched-candidate-snapshots/ow14-s0223.json,4,4,True
5417,ow14-1-r05417,qwen_minimal,minimal,ow14-s0223,3,model-facing/minimal-candidate-snapshots/ow14-s0223.json,4,4,True
5418,ow14-1-r05418,qwen_enriched,enriched,ow14-s0223,3,model-facing/enriched-candidate-snapshots/ow14-s0223.json,4,4,True
5419,ow14-1-r05419,qwen_minimal,minimal,ow14-s0223,4,model-facing/minimal-candidate-snapshots/ow14-s0223.json,4,4,True
5420,ow14-1-r05420,qwen_enriched,enriched,ow14-s0223,4,model-facing/enriched-candidate-snapshots/ow14-s0223.json,4,4,True
5421,ow14-1-r05421,qwen_minimal,minimal,ow14-s0223,5,model-facing/minimal-candidate-snapshots/ow14-s0223.json,4,4,True
5422,ow14-1-r05422,qwen_enriched,enriched,ow14-s0223,5,model-facing/enriched-candidate-snapshots/ow14-s0223.json,4,4,True
5423,ow14-1-r05423,qwen_minimal,minimal,ow14-s0224,1,model-facing/minimal-candidate-snapshots/ow14-s0224.json,4,4,True
5424,ow14-1-r05424,qwen_enriched,enriched,ow14-s0224,1,model-facing/enriched-candidate-snapshots/ow14-s0224.json,4,4,True
5425,ow14-1-r05425,qwen_minimal,minimal,ow14-s0224,2,model-facing/minimal-candidate-snapshots/ow14-s0224.json,4,4,True
5426,ow14-1-r05426,qwen_enriched,enriched,ow14-s0224,2,model-facing/enriched-candidate-snapshots/ow14-s0224.json,4,4,True
5427,ow14-1-r05427,qwen_minimal,minimal,ow14-s0224,3,model-facing/minimal-candidate-snapshots/ow14-s0224.json,4,4,True
5428,ow14-1-r05428,qwen_enriched,enriched,ow14-s0224,3,model-facing/enriched-candidate-snapshots/ow14-s0224.json,4,4,True
5429,ow14-1-r05429,qwen_minimal,minimal,ow14-s0224,4,model-facing/minimal-candidate-snapshots/ow14-s0224.json,4,4,True
5430,ow14-1-r05430,qwen_enriched,enriched,ow14-s0224,4,model-facing/enriched-candidate-snapshots/ow14-s0224.json,4,4,True
5431,ow14-1-r05431,qwen_minimal,minimal,ow14-s0224,5,model-facing/minimal-candidate-snapshots/ow14-s0224.json,4,4,True
5432,ow14-1-r05432,qwen_enriched,enriched,ow14-s0224,5,model-facing/enriched-candidate-snapshots/ow14-s0224.json,4,4,True
5433,ow14-1-r05433,qwen_minimal,minimal,ow14-s0225,1,model-facing/minimal-candidate-snapshots/ow14-s0225.json,4,4,True
5434,ow14-1-r05434,qwen_enriched,enriched,ow14-s0225,1,model-facing/enriched-candidate-snapshots/ow14-s0225.json,4,4,True
5435,ow14-1-r05435,qwen_minimal,minimal,ow14-s0225,2,model-facing/minimal-candidate-snapshots/ow14-s0225.json,4,4,True
5436,ow14-1-r05436,qwen_enriched,enriched,ow14-s0225,2,model-facing/enriched-candidate-snapshots/ow14-s0225.json,4,4,True
5437,ow14-1-r05437,qwen_minimal,minimal,ow14-s0225,3,model-facing/minimal-candidate-snapshots/ow14-s0225.json,4,4,True
5438,ow14-1-r05438,qwen_enriched,enriched,ow14-s0225,3,model-facing/enriched-candidate-snapshots/ow14-s0225.json,4,4,True
5439,ow14-1-r05439,qwen_minimal,minimal,ow14-s0225,4,model-facing/minimal-candidate-snapshots/ow14-s0225.json,4,4,True
5440,ow14-1-r05440,qwen_enriched,enriched,ow14-s0225,4,model-facing/enriched-candidate-snapshots/ow14-s0225.json,4,4,True
5441,ow14-1-r05441,qwen_minimal,minimal,ow14-s0225,5,model-facing/minimal-candidate-snapshots/ow14-s0225.json,4,4,True
5442,ow14-1-r05442,qwen_enriched,enriched,ow14-s0225,5,model-facing/enriched-candidate-snapshots/ow14-s0225.json,4,4,True
5443,ow14-1-r05443,qwen_minimal,minimal,ow14-s0226,1,model-facing/minimal-candidate-snapshots/ow14-s0226.json,4,4,True
5444,ow14-1-r05444,qwen_enriched,enriched,ow14-s0226,1,model-facing/enriched-candidate-snapshots/ow14-s0226.json,4,4,True
5445,ow14-1-r05445,qwen_minimal,minimal,ow14-s0226,2,model-facing/minimal-candidate-snapshots/ow14-s0226.json,4,4,True
5446,ow14-1-r05446,qwen_enriched,enriched,ow14-s0226,2,model-facing/enriched-candidate-snapshots/ow14-s0226.json,4,4,True
5447,ow14-1-r05447,qwen_minimal,minimal,ow14-s0226,3,model-facing/minimal-candidate-snapshots/ow14-s0226.json,4,4,True
5448,ow14-1-r05448,qwen_enriched,enriched,ow14-s0226,3,model-facing/enriched-candidate-snapshots/ow14-s0226.json,4,4,True
5449,ow14-1-r05449,qwen_minimal,minimal,ow14-s0226,4,model-facing/minimal-candidate-snapshots/ow14-s0226.json,4,4,True
5450,ow14-1-r05450,qwen_enriched,enriched,ow14-s0226,4,model-facing/enriched-candidate-snapshots/ow14-s0226.json,4,4,True
5451,ow14-1-r05451,qwen_minimal,minimal,ow14-s0226,5,model-facing/minimal-candidate-snapshots/ow14-s0226.json,4,4,True
5452,ow14-1-r05452,qwen_enriched,enriched,ow14-s0226,5,model-facing/enriched-candidate-snapshots/ow14-s0226.json,4,4,True
5453,ow14-1-r05453,qwen_minimal,minimal,ow14-s0227,1,model-facing/minimal-candidate-snapshots/ow14-s0227.json,4,4,True
5454,ow14-1-r05454,qwen_enriched,enriched,ow14-s0227,1,model-facing/enriched-candidate-snapshots/ow14-s0227.json,4,4,True
5455,ow14-1-r05455,qwen_minimal,minimal,ow14-s0227,2,model-facing/minimal-candidate-snapshots/ow14-s0227.json,4,4,True
5456,ow14-1-r05456,qwen_enriched,enriched,ow14-s0227,2,model-facing/enriched-candidate-snapshots/ow14-s0227.json,4,4,True
5457,ow14-1-r05457,qwen_minimal,minimal,ow14-s0227,3,model-facing/minimal-candidate-snapshots/ow14-s0227.json,4,4,True
5458,ow14-1-r05458,qwen_enriched,enriched,ow14-s0227,3,model-facing/enriched-candidate-snapshots/ow14-s0227.json,4,4,True
5459,ow14-1-r05459,qwen_minimal,minimal,ow14-s0227,4,model-facing/minimal-candidate-snapshots/ow14-s0227.json,4,4,True
5460,ow14-1-r05460,qwen_enriched,enriched,ow14-s0227,4,model-facing/enriched-candidate-snapshots/ow14-s0227.json,4,4,True
5461,ow14-1-r05461,qwen_minimal,minimal,ow14-s0227,5,model-facing/minimal-candidate-snapshots/ow14-s0227.json,4,4,True
5462,ow14-1-r05462,qwen_enriched,enriched,ow14-s0227,5,model-facing/enriched-candidate-snapshots/ow14-s0227.json,4,4,True
5463,ow14-1-r05463,qwen_minimal,minimal,ow14-s0228,1,model-facing/minimal-candidate-snapshots/ow14-s0228.json,4,4,True
5464,ow14-1-r05464,qwen_enriched,enriched,ow14-s0228,1,model-facing/enriched-candidate-snapshots/ow14-s0228.json,4,4,True
5465,ow14-1-r05465,qwen_minimal,minimal,ow14-s0228,2,model-facing/minimal-candidate-snapshots/ow14-s0228.json,4,4,True
5466,ow14-1-r05466,qwen_enriched,enriched,ow14-s0228,2,model-facing/enriched-candidate-snapshots/ow14-s0228.json,4,4,True
5467,ow14-1-r05467,qwen_minimal,minimal,ow14-s0228,3,model-facing/minimal-candidate-snapshots/ow14-s0228.json,4,4,True
5468,ow14-1-r05468,qwen_enriched,enriched,ow14-s0228,3,model-facing/enriched-candidate-snapshots/ow14-s0228.json,4,4,True
5469,ow14-1-r05469,qwen_minimal,minimal,ow14-s0228,4,model-facing/minimal-candidate-snapshots/ow14-s0228.json,4,4,True
5470,ow14-1-r05470,qwen_enriched,enriched,ow14-s0228,4,model-facing/enriched-candidate-snapshots/ow14-s0228.json,4,4,True
5471,ow14-1-r05471,qwen_minimal,minimal,ow14-s0228,5,model-facing/minimal-candidate-snapshots/ow14-s0228.json,4,4,True
5472,ow14-1-r05472,qwen_enriched,enriched,ow14-s0228,5,model-facing/enriched-candidate-snapshots/ow14-s0228.json,4,4,True
5473,ow14-1-r05473,qwen_minimal,minimal,ow14-s0229,1,model-facing/minimal-candidate-snapshots/ow14-s0229.json,4,4,True
5474,ow14-1-r05474,qwen_enriched,enriched,ow14-s0229,1,model-facing/enriched-candidate-snapshots/ow14-s0229.json,4,4,True
5475,ow14-1-r05475,qwen_minimal,minimal,ow14-s0229,2,model-facing/minimal-candidate-snapshots/ow14-s0229.json,4,4,True
5476,ow14-1-r05476,qwen_enriched,enriched,ow14-s0229,2,model-facing/enriched-candidate-snapshots/ow14-s0229.json,4,4,True
5477,ow14-1-r05477,qwen_minimal,minimal,ow14-s0229,3,model-facing/minimal-candidate-snapshots/ow14-s0229.json,4,4,True
5478,ow14-1-r05478,qwen_enriched,enriched,ow14-s0229,3,model-facing/enriched-candidate-snapshots/ow14-s0229.json,4,4,True
5479,ow14-1-r05479,qwen_minimal,minimal,ow14-s0229,4,model-facing/minimal-candidate-snapshots/ow14-s0229.json,4,4,True
5480,ow14-1-r05480,qwen_enriched,enriched,ow14-s0229,4,model-facing/enriched-candidate-snapshots/ow14-s0229.json,4,4,True
5481,ow14-1-r05481,qwen_minimal,minimal,ow14-s0229,5,model-facing/minimal-candidate-snapshots/ow14-s0229.json,4,4,True
5482,ow14-1-r05482,qwen_enriched,enriched,ow14-s0229,5,model-facing/enriched-candidate-snapshots/ow14-s0229.json,4,4,True
5483,ow14-1-r05483,qwen_minimal,minimal,ow14-s0230,1,model-facing/minimal-candidate-snapshots/ow14-s0230.json,4,4,True
5484,ow14-1-r05484,qwen_enriched,enriched,ow14-s0230,1,model-facing/enriched-candidate-snapshots/ow14-s0230.json,4,4,True
5485,ow14-1-r05485,qwen_minimal,minimal,ow14-s0230,2,model-facing/minimal-candidate-snapshots/ow14-s0230.json,4,4,True
5486,ow14-1-r05486,qwen_enriched,enriched,ow14-s0230,2,model-facing/enriched-candidate-snapshots/ow14-s0230.json,4,4,True
5487,ow14-1-r05487,qwen_minimal,minimal,ow14-s0230,3,model-facing/minimal-candidate-snapshots/ow14-s0230.json,4,4,True
5488,ow14-1-r05488,qwen_enriched,enriched,ow14-s0230,3,model-facing/enriched-candidate-snapshots/ow14-s0230.json,4,4,True
5489,ow14-1-r05489,qwen_minimal,minimal,ow14-s0230,4,model-facing/minimal-candidate-snapshots/ow14-s0230.json,4,4,True
5490,ow14-1-r05490,qwen_enriched,enriched,ow14-s0230,4,model-facing/enriched-candidate-snapshots/ow14-s0230.json,4,4,True
5491,ow14-1-r05491,qwen_minimal,minimal,ow14-s0230,5,model-facing/minimal-candidate-snapshots/ow14-s0230.json,4,4,True
5492,ow14-1-r05492,qwen_enriched,enriched,ow14-s0230,5,model-facing/enriched-candidate-snapshots/ow14-s0230.json,4,4,True
5493,ow14-1-r05493,qwen_minimal,minimal,ow14-s0231,1,model-facing/minimal-candidate-snapshots/ow14-s0231.json,4,4,True
5494,ow14-1-r05494,qwen_enriched,enriched,ow14-s0231,1,model-facing/enriched-candidate-snapshots/ow14-s0231.json,4,4,True
5495,ow14-1-r05495,qwen_minimal,minimal,ow14-s0231,2,model-facing/minimal-candidate-snapshots/ow14-s0231.json,4,4,True
5496,ow14-1-r05496,qwen_enriched,enriched,ow14-s0231,2,model-facing/enriched-candidate-snapshots/ow14-s0231.json,4,4,True
5497,ow14-1-r05497,qwen_minimal,minimal,ow14-s0231,3,model-facing/minimal-candidate-snapshots/ow14-s0231.json,4,4,True
5498,ow14-1-r05498,qwen_enriched,enriched,ow14-s0231,3,model-facing/enriched-candidate-snapshots/ow14-s0231.json,4,4,True
5499,ow14-1-r05499,qwen_minimal,minimal,ow14-s0231,4,model-facing/minimal-candidate-snapshots/ow14-s0231.json,4,4,True
5500,ow14-1-r05500,qwen_enriched,enriched,ow14-s0231,4,model-facing/enriched-candidate-snapshots/ow14-s0231.json,4,4,True
5501,ow14-1-r05501,qwen_minimal,minimal,ow14-s0231,5,model-facing/minimal-candidate-snapshots/ow14-s0231.json,4,4,True
5502,ow14-1-r05502,qwen_enriched,enriched,ow14-s0231,5,model-facing/enriched-candidate-snapshots/ow14-s0231.json,4,4,True
5503,ow14-1-r05503,qwen_minimal,minimal,ow14-s0232,1,model-facing/minimal-candidate-snapshots/ow14-s0232.json,4,4,True
5504,ow14-1-r05504,qwen_enriched,enriched,ow14-s0232,1,model-facing/enriched-candidate-snapshots/ow14-s0232.json,4,4,True
5505,ow14-1-r05505,qwen_minimal,minimal,ow14-s0232,2,model-facing/minimal-candidate-snapshots/ow14-s0232.json,4,4,True
5506,ow14-1-r05506,qwen_enriched,enriched,ow14-s0232,2,model-facing/enriched-candidate-snapshots/ow14-s0232.json,4,4,True
5507,ow14-1-r05507,qwen_minimal,minimal,ow14-s0232,3,model-facing/minimal-candidate-snapshots/ow14-s0232.json,4,4,True
5508,ow14-1-r05508,qwen_enriched,enriched,ow14-s0232,3,model-facing/enriched-candidate-snapshots/ow14-s0232.json,4,4,True
5509,ow14-1-r05509,qwen_minimal,minimal,ow14-s0232,4,model-facing/minimal-candidate-snapshots/ow14-s0232.json,4,4,True
5510,ow14-1-r05510,qwen_enriched,enriched,ow14-s0232,4,model-facing/enriched-candidate-snapshots/ow14-s0232.json,4,4,True
5511,ow14-1-r05511,qwen_minimal,minimal,ow14-s0232,5,model-facing/minimal-candidate-snapshots/ow14-s0232.json,4,4,True
5512,ow14-1-r05512,qwen_enriched,enriched,ow14-s0232,5,model-facing/enriched-candidate-snapshots/ow14-s0232.json,4,4,True
5513,ow14-1-r05513,qwen_minimal,minimal,ow14-s0233,1,model-facing/minimal-candidate-snapshots/ow14-s0233.json,4,4,True
5514,ow14-1-r05514,qwen_enriched,enriched,ow14-s0233,1,model-facing/enriched-candidate-snapshots/ow14-s0233.json,4,4,True
5515,ow14-1-r05515,qwen_minimal,minimal,ow14-s0233,2,model-facing/minimal-candidate-snapshots/ow14-s0233.json,4,4,True
5516,ow14-1-r05516,qwen_enriched,enriched,ow14-s0233,2,model-facing/enriched-candidate-snapshots/ow14-s0233.json,4,4,True
5517,ow14-1-r05517,qwen_minimal,minimal,ow14-s0233,3,model-facing/minimal-candidate-snapshots/ow14-s0233.json,4,4,True
5518,ow14-1-r05518,qwen_enriched,enriched,ow14-s0233,3,model-facing/enriched-candidate-snapshots/ow14-s0233.json,4,4,True
5519,ow14-1-r05519,qwen_minimal,minimal,ow14-s0233,4,model-facing/minimal-candidate-snapshots/ow14-s0233.json,4,4,True
5520,ow14-1-r05520,qwen_enriched,enriched,ow14-s0233,4,model-facing/enriched-candidate-snapshots/ow14-s0233.json,4,4,True
5521,ow14-1-r05521,qwen_minimal,minimal,ow14-s0233,5,model-facing/minimal-candidate-snapshots/ow14-s0233.json,4,4,True
5522,ow14-1-r05522,qwen_enriched,enriched,ow14-s0233,5,model-facing/enriched-candidate-snapshots/ow14-s0233.json,4,4,True
5523,ow14-1-r05523,qwen_minimal,minimal,ow14-s0234,1,model-facing/minimal-candidate-snapshots/ow14-s0234.json,4,4,True
5524,ow14-1-r05524,qwen_enriched,enriched,ow14-s0234,1,model-facing/enriched-candidate-snapshots/ow14-s0234.json,4,4,True
5525,ow14-1-r05525,qwen_minimal,minimal,ow14-s0234,2,model-facing/minimal-candidate-snapshots/ow14-s0234.json,4,4,True
5526,ow14-1-r05526,qwen_enriched,enriched,ow14-s0234,2,model-facing/enriched-candidate-snapshots/ow14-s0234.json,4,4,True
5527,ow14-1-r05527,qwen_minimal,minimal,ow14-s0234,3,model-facing/minimal-candidate-snapshots/ow14-s0234.json,4,4,True
5528,ow14-1-r05528,qwen_enriched,enriched,ow14-s0234,3,model-facing/enriched-candidate-snapshots/ow14-s0234.json,4,4,True
5529,ow14-1-r05529,qwen_minimal,minimal,ow14-s0234,4,model-facing/minimal-candidate-snapshots/ow14-s0234.json,4,4,True
5530,ow14-1-r05530,qwen_enriched,enriched,ow14-s0234,4,model-facing/enriched-candidate-snapshots/ow14-s0234.json,4,4,True
5531,ow14-1-r05531,qwen_minimal,minimal,ow14-s0234,5,model-facing/minimal-candidate-snapshots/ow14-s0234.json,4,4,True
5532,ow14-1-r05532,qwen_enriched,enriched,ow14-s0234,5,model-facing/enriched-candidate-snapshots/ow14-s0234.json,4,4,True
5533,ow14-1-r05533,qwen_minimal,minimal,ow14-s0235,1,model-facing/minimal-candidate-snapshots/ow14-s0235.json,4,4,True
5534,ow14-1-r05534,qwen_enriched,enriched,ow14-s0235,1,model-facing/enriched-candidate-snapshots/ow14-s0235.json,4,4,True
5535,ow14-1-r05535,qwen_minimal,minimal,ow14-s0235,2,model-facing/minimal-candidate-snapshots/ow14-s0235.json,4,4,True
5536,ow14-1-r05536,qwen_enriched,enriched,ow14-s0235,2,model-facing/enriched-candidate-snapshots/ow14-s0235.json,4,4,True
5537,ow14-1-r05537,qwen_minimal,minimal,ow14-s0235,3,model-facing/minimal-candidate-snapshots/ow14-s0235.json,4,4,True
5538,ow14-1-r05538,qwen_enriched,enriched,ow14-s0235,3,model-facing/enriched-candidate-snapshots/ow14-s0235.json,4,4,True
5539,ow14-1-r05539,qwen_minimal,minimal,ow14-s0235,4,model-facing/minimal-candidate-snapshots/ow14-s0235.json,4,4,True
5540,ow14-1-r05540,qwen_enriched,enriched,ow14-s0235,4,model-facing/enriched-candidate-snapshots/ow14-s0235.json,4,4,True
5541,ow14-1-r05541,qwen_minimal,minimal,ow14-s0235,5,model-facing/minimal-candidate-snapshots/ow14-s0235.json,4,4,True
5542,ow14-1-r05542,qwen_enriched,enriched,ow14-s0235,5,model-facing/enriched-candidate-snapshots/ow14-s0235.json,4,4,True
5543,ow14-1-r05543,qwen_minimal,minimal,ow14-s0236,1,model-facing/minimal-candidate-snapshots/ow14-s0236.json,4,4,True
5544,ow14-1-r05544,qwen_enriched,enriched,ow14-s0236,1,model-facing/enriched-candidate-snapshots/ow14-s0236.json,4,4,True
5545,ow14-1-r05545,qwen_minimal,minimal,ow14-s0236,2,model-facing/minimal-candidate-snapshots/ow14-s0236.json,4,4,True
5546,ow14-1-r05546,qwen_enriched,enriched,ow14-s0236,2,model-facing/enriched-candidate-snapshots/ow14-s0236.json,4,4,True
5547,ow14-1-r05547,qwen_minimal,minimal,ow14-s0236,3,model-facing/minimal-candidate-snapshots/ow14-s0236.json,4,4,True
5548,ow14-1-r05548,qwen_enriched,enriched,ow14-s0236,3,model-facing/enriched-candidate-snapshots/ow14-s0236.json,4,4,True
5549,ow14-1-r05549,qwen_minimal,minimal,ow14-s0236,4,model-facing/minimal-candidate-snapshots/ow14-s0236.json,4,4,True
5550,ow14-1-r05550,qwen_enriched,enriched,ow14-s0236,4,model-facing/enriched-candidate-snapshots/ow14-s0236.json,4,4,True
5551,ow14-1-r05551,qwen_minimal,minimal,ow14-s0236,5,model-facing/minimal-candidate-snapshots/ow14-s0236.json,4,4,True
5552,ow14-1-r05552,qwen_enriched,enriched,ow14-s0236,5,model-facing/enriched-candidate-snapshots/ow14-s0236.json,4,4,True
5553,ow14-1-r05553,qwen_minimal,minimal,ow14-s0237,1,model-facing/minimal-candidate-snapshots/ow14-s0237.json,4,4,True
5554,ow14-1-r05554,qwen_enriched,enriched,ow14-s0237,1,model-facing/enriched-candidate-snapshots/ow14-s0237.json,4,4,True
5555,ow14-1-r05555,qwen_minimal,minimal,ow14-s0237,2,model-facing/minimal-candidate-snapshots/ow14-s0237.json,4,4,True
5556,ow14-1-r05556,qwen_enriched,enriched,ow14-s0237,2,model-facing/enriched-candidate-snapshots/ow14-s0237.json,4,4,True
5557,ow14-1-r05557,qwen_minimal,minimal,ow14-s0237,3,model-facing/minimal-candidate-snapshots/ow14-s0237.json,4,4,True
5558,ow14-1-r05558,qwen_enriched,enriched,ow14-s0237,3,model-facing/enriched-candidate-snapshots/ow14-s0237.json,4,4,True
5559,ow14-1-r05559,qwen_minimal,minimal,ow14-s0237,4,model-facing/minimal-candidate-snapshots/ow14-s0237.json,4,4,True
5560,ow14-1-r05560,qwen_enriched,enriched,ow14-s0237,4,model-facing/enriched-candidate-snapshots/ow14-s0237.json,4,4,True
5561,ow14-1-r05561,qwen_minimal,minimal,ow14-s0237,5,model-facing/minimal-candidate-snapshots/ow14-s0237.json,4,4,True
5562,ow14-1-r05562,qwen_enriched,enriched,ow14-s0237,5,model-facing/enriched-candidate-snapshots/ow14-s0237.json,4,4,True
5563,ow14-1-r05563,qwen_minimal,minimal,ow14-s0238,1,model-facing/minimal-candidate-snapshots/ow14-s0238.json,4,4,True
5564,ow14-1-r05564,qwen_enriched,enriched,ow14-s0238,1,model-facing/enriched-candidate-snapshots/ow14-s0238.json,4,4,True
5565,ow14-1-r05565,qwen_minimal,minimal,ow14-s0238,2,model-facing/minimal-candidate-snapshots/ow14-s0238.json,4,4,True
5566,ow14-1-r05566,qwen_enriched,enriched,ow14-s0238,2,model-facing/enriched-candidate-snapshots/ow14-s0238.json,4,4,True
5567,ow14-1-r05567,qwen_minimal,minimal,ow14-s0238,3,model-facing/minimal-candidate-snapshots/ow14-s0238.json,4,4,True
5568,ow14-1-r05568,qwen_enriched,enriched,ow14-s0238,3,model-facing/enriched-candidate-snapshots/ow14-s0238.json,4,4,True
5569,ow14-1-r05569,qwen_minimal,minimal,ow14-s0238,4,model-facing/minimal-candidate-snapshots/ow14-s0238.json,4,4,True
5570,ow14-1-r05570,qwen_enriched,enriched,ow14-s0238,4,model-facing/enriched-candidate-snapshots/ow14-s0238.json,4,4,True
5571,ow14-1-r05571,qwen_minimal,minimal,ow14-s0238,5,model-facing/minimal-candidate-snapshots/ow14-s0238.json,4,4,True
5572,ow14-1-r05572,qwen_enriched,enriched,ow14-s0238,5,model-facing/enriched-candidate-snapshots/ow14-s0238.json,4,4,True
5573,ow14-1-r05573,qwen_minimal,minimal,ow14-s0239,1,model-facing/minimal-candidate-snapshots/ow14-s0239.json,4,4,True
5574,ow14-1-r05574,qwen_enriched,enriched,ow14-s0239,1,model-facing/enriched-candidate-snapshots/ow14-s0239.json,4,4,True
5575,ow14-1-r05575,qwen_minimal,minimal,ow14-s0239,2,model-facing/minimal-candidate-snapshots/ow14-s0239.json,4,4,True
5576,ow14-1-r05576,qwen_enriched,enriched,ow14-s0239,2,model-facing/enriched-candidate-snapshots/ow14-s0239.json,4,4,True
5577,ow14-1-r05577,qwen_minimal,minimal,ow14-s0239,3,model-facing/minimal-candidate-snapshots/ow14-s0239.json,4,4,True
5578,ow14-1-r05578,qwen_enriched,enriched,ow14-s0239,3,model-facing/enriched-candidate-snapshots/ow14-s0239.json,4,4,True
5579,ow14-1-r05579,qwen_minimal,minimal,ow14-s0239,4,model-facing/minimal-candidate-snapshots/ow14-s0239.json,4,4,True
5580,ow14-1-r05580,qwen_enriched,enriched,ow14-s0239,4,model-facing/enriched-candidate-snapshots/ow14-s0239.json,4,4,True
5581,ow14-1-r05581,qwen_minimal,minimal,ow14-s0239,5,model-facing/minimal-candidate-snapshots/ow14-s0239.json,4,4,True
5582,ow14-1-r05582,qwen_enriched,enriched,ow14-s0239,5,model-facing/enriched-candidate-snapshots/ow14-s0239.json,4,4,True
5583,ow14-1-r05583,qwen_minimal,minimal,ow14-s0240,1,model-facing/minimal-candidate-snapshots/ow14-s0240.json,4,4,True
5584,ow14-1-r05584,qwen_enriched,enriched,ow14-s0240,1,model-facing/enriched-candidate-snapshots/ow14-s0240.json,4,4,True
5585,ow14-1-r05585,qwen_minimal,minimal,ow14-s0240,2,model-facing/minimal-candidate-snapshots/ow14-s0240.json,4,4,True
5586,ow14-1-r05586,qwen_enriched,enriched,ow14-s0240,2,model-facing/enriched-candidate-snapshots/ow14-s0240.json,4,4,True
5587,ow14-1-r05587,qwen_minimal,minimal,ow14-s0240,3,model-facing/minimal-candidate-snapshots/ow14-s0240.json,4,4,True
5588,ow14-1-r05588,qwen_enriched,enriched,ow14-s0240,3,model-facing/enriched-candidate-snapshots/ow14-s0240.json,4,4,True
5589,ow14-1-r05589,qwen_minimal,minimal,ow14-s0240,4,model-facing/minimal-candidate-snapshots/ow14-s0240.json,4,4,True
5590,ow14-1-r05590,qwen_enriched,enriched,ow14-s0240,4,model-facing/enriched-candidate-snapshots/ow14-s0240.json,4,4,True
5591,ow14-1-r05591,qwen_minimal,minimal,ow14-s0240,5,model-facing/minimal-candidate-snapshots/ow14-s0240.json,4,4,True
5592,ow14-1-r05592,qwen_enriched,enriched,ow14-s0240,5,model-facing/enriched-candidate-snapshots/ow14-s0240.json,4,4,True
5593,ow14-1-r05593,qwen_minimal,minimal,ow14-s0241,1,model-facing/minimal-candidate-snapshots/ow14-s0241.json,4,4,True
5594,ow14-1-r05594,qwen_enriched,enriched,ow14-s0241,1,model-facing/enriched-candidate-snapshots/ow14-s0241.json,4,4,True
5595,ow14-1-r05595,qwen_minimal,minimal,ow14-s0241,2,model-facing/minimal-candidate-snapshots/ow14-s0241.json,4,4,True
5596,ow14-1-r05596,qwen_enriched,enriched,ow14-s0241,2,model-facing/enriched-candidate-snapshots/ow14-s0241.json,4,4,True
5597,ow14-1-r05597,qwen_minimal,minimal,ow14-s0241,3,model-facing/minimal-candidate-snapshots/ow14-s0241.json,4,4,True
5598,ow14-1-r05598,qwen_enriched,enriched,ow14-s0241,3,model-facing/enriched-candidate-snapshots/ow14-s0241.json,4,4,True
5599,ow14-1-r05599,qwen_minimal,minimal,ow14-s0241,4,model-facing/minimal-candidate-snapshots/ow14-s0241.json,4,4,True
5600,ow14-1-r05600,qwen_enriched,enriched,ow14-s0241,4,model-facing/enriched-candidate-snapshots/ow14-s0241.json,4,4,True
5601,ow14-1-r05601,qwen_minimal,minimal,ow14-s0241,5,model-facing/minimal-candidate-snapshots/ow14-s0241.json,4,4,True
5602,ow14-1-r05602,qwen_enriched,enriched,ow14-s0241,5,model-facing/enriched-candidate-snapshots/ow14-s0241.json,4,4,True
5603,ow14-1-r05603,qwen_minimal,minimal,ow14-s0242,1,model-facing/minimal-candidate-snapshots/ow14-s0242.json,4,4,True
5604,ow14-1-r05604,qwen_enriched,enriched,ow14-s0242,1,model-facing/enriched-candidate-snapshots/ow14-s0242.json,4,4,True
5605,ow14-1-r05605,qwen_minimal,minimal,ow14-s0242,2,model-facing/minimal-candidate-snapshots/ow14-s0242.json,4,4,True
5606,ow14-1-r05606,qwen_enriched,enriched,ow14-s0242,2,model-facing/enriched-candidate-snapshots/ow14-s0242.json,4,4,True
5607,ow14-1-r05607,qwen_minimal,minimal,ow14-s0242,3,model-facing/minimal-candidate-snapshots/ow14-s0242.json,4,4,True
5608,ow14-1-r05608,qwen_enriched,enriched,ow14-s0242,3,model-facing/enriched-candidate-snapshots/ow14-s0242.json,4,4,True
5609,ow14-1-r05609,qwen_minimal,minimal,ow14-s0242,4,model-facing/minimal-candidate-snapshots/ow14-s0242.json,4,4,True
5610,ow14-1-r05610,qwen_enriched,enriched,ow14-s0242,4,model-facing/enriched-candidate-snapshots/ow14-s0242.json,4,4,True
5611,ow14-1-r05611,qwen_minimal,minimal,ow14-s0242,5,model-facing/minimal-candidate-snapshots/ow14-s0242.json,4,4,True
5612,ow14-1-r05612,qwen_enriched,enriched,ow14-s0242,5,model-facing/enriched-candidate-snapshots/ow14-s0242.json,4,4,True
5613,ow14-1-r05613,qwen_minimal,minimal,ow14-s0243,1,model-facing/minimal-candidate-snapshots/ow14-s0243.json,4,4,True
5614,ow14-1-r05614,qwen_enriched,enriched,ow14-s0243,1,model-facing/enriched-candidate-snapshots/ow14-s0243.json,4,4,True
5615,ow14-1-r05615,qwen_minimal,minimal,ow14-s0243,2,model-facing/minimal-candidate-snapshots/ow14-s0243.json,4,4,True
5616,ow14-1-r05616,qwen_enriched,enriched,ow14-s0243,2,model-facing/enriched-candidate-snapshots/ow14-s0243.json,4,4,True
5617,ow14-1-r05617,qwen_minimal,minimal,ow14-s0243,3,model-facing/minimal-candidate-snapshots/ow14-s0243.json,4,4,True
5618,ow14-1-r05618,qwen_enriched,enriched,ow14-s0243,3,model-facing/enriched-candidate-snapshots/ow14-s0243.json,4,4,True
5619,ow14-1-r05619,qwen_minimal,minimal,ow14-s0243,4,model-facing/minimal-candidate-snapshots/ow14-s0243.json,4,4,True
5620,ow14-1-r05620,qwen_enriched,enriched,ow14-s0243,4,model-facing/enriched-candidate-snapshots/ow14-s0243.json,4,4,True
5621,ow14-1-r05621,qwen_minimal,minimal,ow14-s0243,5,model-facing/minimal-candidate-snapshots/ow14-s0243.json,4,4,True
5622,ow14-1-r05622,qwen_enriched,enriched,ow14-s0243,5,model-facing/enriched-candidate-snapshots/ow14-s0243.json,4,4,True
5623,ow14-1-r05623,qwen_minimal,minimal,ow14-s0244,1,model-facing/minimal-candidate-snapshots/ow14-s0244.json,4,4,True
5624,ow14-1-r05624,qwen_enriched,enriched,ow14-s0244,1,model-facing/enriched-candidate-snapshots/ow14-s0244.json,4,4,True
5625,ow14-1-r05625,qwen_minimal,minimal,ow14-s0244,2,model-facing/minimal-candidate-snapshots/ow14-s0244.json,4,4,True
5626,ow14-1-r05626,qwen_enriched,enriched,ow14-s0244,2,model-facing/enriched-candidate-snapshots/ow14-s0244.json,4,4,True
5627,ow14-1-r05627,qwen_minimal,minimal,ow14-s0244,3,model-facing/minimal-candidate-snapshots/ow14-s0244.json,4,4,True
5628,ow14-1-r05628,qwen_enriched,enriched,ow14-s0244,3,model-facing/enriched-candidate-snapshots/ow14-s0244.json,4,4,True
5629,ow14-1-r05629,qwen_minimal,minimal,ow14-s0244,4,model-facing/minimal-candidate-snapshots/ow14-s0244.json,4,4,True
5630,ow14-1-r05630,qwen_enriched,enriched,ow14-s0244,4,model-facing/enriched-candidate-snapshots/ow14-s0244.json,4,4,True
5631,ow14-1-r05631,qwen_minimal,minimal,ow14-s0244,5,model-facing/minimal-candidate-snapshots/ow14-s0244.json,4,4,True
5632,ow14-1-r05632,qwen_enriched,enriched,ow14-s0244,5,model-facing/enriched-candidate-snapshots/ow14-s0244.json,4,4,True
5633,ow14-1-r05633,qwen_minimal,minimal,ow14-s0245,1,model-facing/minimal-candidate-snapshots/ow14-s0245.json,4,4,True
5634,ow14-1-r05634,qwen_enriched,enriched,ow14-s0245,1,model-facing/enriched-candidate-snapshots/ow14-s0245.json,4,4,True
5635,ow14-1-r05635,qwen_minimal,minimal,ow14-s0245,2,model-facing/minimal-candidate-snapshots/ow14-s0245.json,4,4,True
5636,ow14-1-r05636,qwen_enriched,enriched,ow14-s0245,2,model-facing/enriched-candidate-snapshots/ow14-s0245.json,4,4,True
5637,ow14-1-r05637,qwen_minimal,minimal,ow14-s0245,3,model-facing/minimal-candidate-snapshots/ow14-s0245.json,4,4,True
5638,ow14-1-r05638,qwen_enriched,enriched,ow14-s0245,3,model-facing/enriched-candidate-snapshots/ow14-s0245.json,4,4,True
5639,ow14-1-r05639,qwen_minimal,minimal,ow14-s0245,4,model-facing/minimal-candidate-snapshots/ow14-s0245.json,4,4,True
5640,ow14-1-r05640,qwen_enriched,enriched,ow14-s0245,4,model-facing/enriched-candidate-snapshots/ow14-s0245.json,4,4,True
5641,ow14-1-r05641,qwen_minimal,minimal,ow14-s0245,5,model-facing/minimal-candidate-snapshots/ow14-s0245.json,4,4,True
5642,ow14-1-r05642,qwen_enriched,enriched,ow14-s0245,5,model-facing/enriched-candidate-snapshots/ow14-s0245.json,4,4,True
5643,ow14-1-r05643,qwen_minimal,minimal,ow14-s0246,1,model-facing/minimal-candidate-snapshots/ow14-s0246.json,4,4,True
5644,ow14-1-r05644,qwen_enriched,enriched,ow14-s0246,1,model-facing/enriched-candidate-snapshots/ow14-s0246.json,4,4,True
5645,ow14-1-r05645,qwen_minimal,minimal,ow14-s0246,2,model-facing/minimal-candidate-snapshots/ow14-s0246.json,4,4,True
5646,ow14-1-r05646,qwen_enriched,enriched,ow14-s0246,2,model-facing/enriched-candidate-snapshots/ow14-s0246.json,4,4,True
5647,ow14-1-r05647,qwen_minimal,minimal,ow14-s0246,3,model-facing/minimal-candidate-snapshots/ow14-s0246.json,4,4,True
5648,ow14-1-r05648,qwen_enriched,enriched,ow14-s0246,3,model-facing/enriched-candidate-snapshots/ow14-s0246.json,4,4,True
5649,ow14-1-r05649,qwen_minimal,minimal,ow14-s0246,4,model-facing/minimal-candidate-snapshots/ow14-s0246.json,4,4,True
5650,ow14-1-r05650,qwen_enriched,enriched,ow14-s0246,4,model-facing/enriched-candidate-snapshots/ow14-s0246.json,4,4,True
5651,ow14-1-r05651,qwen_minimal,minimal,ow14-s0246,5,model-facing/minimal-candidate-snapshots/ow14-s0246.json,4,4,True
5652,ow14-1-r05652,qwen_enriched,enriched,ow14-s0246,5,model-facing/enriched-candidate-snapshots/ow14-s0246.json,4,4,True
5653,ow14-1-r05653,qwen_minimal,minimal,ow14-s0247,1,model-facing/minimal-candidate-snapshots/ow14-s0247.json,4,4,True
5654,ow14-1-r05654,qwen_enriched,enriched,ow14-s0247,1,model-facing/enriched-candidate-snapshots/ow14-s0247.json,4,4,True
5655,ow14-1-r05655,qwen_minimal,minimal,ow14-s0247,2,model-facing/minimal-candidate-snapshots/ow14-s0247.json,4,4,True
5656,ow14-1-r05656,qwen_enriched,enriched,ow14-s0247,2,model-facing/enriched-candidate-snapshots/ow14-s0247.json,4,4,True
5657,ow14-1-r05657,qwen_minimal,minimal,ow14-s0247,3,model-facing/minimal-candidate-snapshots/ow14-s0247.json,4,4,True
5658,ow14-1-r05658,qwen_enriched,enriched,ow14-s0247,3,model-facing/enriched-candidate-snapshots/ow14-s0247.json,4,4,True
5659,ow14-1-r05659,qwen_minimal,minimal,ow14-s0247,4,model-facing/minimal-candidate-snapshots/ow14-s0247.json,4,4,True
5660,ow14-1-r05660,qwen_enriched,enriched,ow14-s0247,4,model-facing/enriched-candidate-snapshots/ow14-s0247.json,4,4,True
5661,ow14-1-r05661,qwen_minimal,minimal,ow14-s0247,5,model-facing/minimal-candidate-snapshots/ow14-s0247.json,4,4,True
5662,ow14-1-r05662,qwen_enriched,enriched,ow14-s0247,5,model-facing/enriched-candidate-snapshots/ow14-s0247.json,4,4,True
5663,ow14-1-r05663,qwen_minimal,minimal,ow14-s0248,1,model-facing/minimal-candidate-snapshots/ow14-s0248.json,4,4,True
5664,ow14-1-r05664,qwen_enriched,enriched,ow14-s0248,1,model-facing/enriched-candidate-snapshots/ow14-s0248.json,4,4,True
5665,ow14-1-r05665,qwen_minimal,minimal,ow14-s0248,2,model-facing/minimal-candidate-snapshots/ow14-s0248.json,4,4,True
5666,ow14-1-r05666,qwen_enriched,enriched,ow14-s0248,2,model-facing/enriched-candidate-snapshots/ow14-s0248.json,4,4,True
5667,ow14-1-r05667,qwen_minimal,minimal,ow14-s0248,3,model-facing/minimal-candidate-snapshots/ow14-s0248.json,4,4,True
5668,ow14-1-r05668,qwen_enriched,enriched,ow14-s0248,3,model-facing/enriched-candidate-snapshots/ow14-s0248.json,4,4,True
5669,ow14-1-r05669,qwen_minimal,minimal,ow14-s0248,4,model-facing/minimal-candidate-snapshots/ow14-s0248.json,4,4,True
5670,ow14-1-r05670,qwen_enriched,enriched,ow14-s0248,4,model-facing/enriched-candidate-snapshots/ow14-s0248.json,4,4,True
5671,ow14-1-r05671,qwen_minimal,minimal,ow14-s0248,5,model-facing/minimal-candidate-snapshots/ow14-s0248.json,4,4,True
5672,ow14-1-r05672,qwen_enriched,enriched,ow14-s0248,5,model-facing/enriched-candidate-snapshots/ow14-s0248.json,4,4,True
5673,ow14-1-r05673,qwen_minimal,minimal,ow14-s0249,1,model-facing/minimal-candidate-snapshots/ow14-s0249.json,4,4,True
5674,ow14-1-r05674,qwen_enriched,enriched,ow14-s0249,1,model-facing/enriched-candidate-snapshots/ow14-s0249.json,4,4,True
5675,ow14-1-r05675,qwen_minimal,minimal,ow14-s0249,2,model-facing/minimal-candidate-snapshots/ow14-s0249.json,4,4,True
5676,ow14-1-r05676,qwen_enriched,enriched,ow14-s0249,2,model-facing/enriched-candidate-snapshots/ow14-s0249.json,4,4,True
5677,ow14-1-r05677,qwen_minimal,minimal,ow14-s0249,3,model-facing/minimal-candidate-snapshots/ow14-s0249.json,4,4,True
5678,ow14-1-r05678,qwen_enriched,enriched,ow14-s0249,3,model-facing/enriched-candidate-snapshots/ow14-s0249.json,4,4,True
5679,ow14-1-r05679,qwen_minimal,minimal,ow14-s0249,4,model-facing/minimal-candidate-snapshots/ow14-s0249.json,4,4,True
5680,ow14-1-r05680,qwen_enriched,enriched,ow14-s0249,4,model-facing/enriched-candidate-snapshots/ow14-s0249.json,4,4,True
5681,ow14-1-r05681,qwen_minimal,minimal,ow14-s0249,5,model-facing/minimal-candidate-snapshots/ow14-s0249.json,4,4,True
5682,ow14-1-r05682,qwen_enriched,enriched,ow14-s0249,5,model-facing/enriched-candidate-snapshots/ow14-s0249.json,4,4,True
5683,ow14-1-r05683,qwen_minimal,minimal,ow14-s0250,1,model-facing/minimal-candidate-snapshots/ow14-s0250.json,4,4,True
5684,ow14-1-r05684,qwen_enriched,enriched,ow14-s0250,1,model-facing/enriched-candidate-snapshots/ow14-s0250.json,4,4,True
5685,ow14-1-r05685,qwen_minimal,minimal,ow14-s0250,2,model-facing/minimal-candidate-snapshots/ow14-s0250.json,4,4,True
5686,ow14-1-r05686,qwen_enriched,enriched,ow14-s0250,2,model-facing/enriched-candidate-snapshots/ow14-s0250.json,4,4,True
5687,ow14-1-r05687,qwen_minimal,minimal,ow14-s0250,3,model-facing/minimal-candidate-snapshots/ow14-s0250.json,4,4,True
5688,ow14-1-r05688,qwen_enriched,enriched,ow14-s0250,3,model-facing/enriched-candidate-snapshots/ow14-s0250.json,4,4,True
5689,ow14-1-r05689,qwen_minimal,minimal,ow14-s0250,4,model-facing/minimal-candidate-snapshots/ow14-s0250.json,4,4,True
5690,ow14-1-r05690,qwen_enriched,enriched,ow14-s0250,4,model-facing/enriched-candidate-snapshots/ow14-s0250.json,4,4,True
5691,ow14-1-r05691,qwen_minimal,minimal,ow14-s0250,5,model-facing/minimal-candidate-snapshots/ow14-s0250.json,4,4,True
5692,ow14-1-r05692,qwen_enriched,enriched,ow14-s0250,5,model-facing/enriched-candidate-snapshots/ow14-s0250.json,4,4,True
5693,ow14-1-r05693,qwen_minimal,minimal,ow14-s0251,1,model-facing/minimal-candidate-snapshots/ow14-s0251.json,4,4,True
5694,ow14-1-r05694,qwen_enriched,enriched,ow14-s0251,1,model-facing/enriched-candidate-snapshots/ow14-s0251.json,4,4,True
5695,ow14-1-r05695,qwen_minimal,minimal,ow14-s0251,2,model-facing/minimal-candidate-snapshots/ow14-s0251.json,4,4,True
5696,ow14-1-r05696,qwen_enriched,enriched,ow14-s0251,2,model-facing/enriched-candidate-snapshots/ow14-s0251.json,4,4,True
5697,ow14-1-r05697,qwen_minimal,minimal,ow14-s0251,3,model-facing/minimal-candidate-snapshots/ow14-s0251.json,4,4,True
5698,ow14-1-r05698,qwen_enriched,enriched,ow14-s0251,3,model-facing/enriched-candidate-snapshots/ow14-s0251.json,4,4,True
5699,ow14-1-r05699,qwen_minimal,minimal,ow14-s0251,4,model-facing/minimal-candidate-snapshots/ow14-s0251.json,4,4,True
5700,ow14-1-r05700,qwen_enriched,enriched,ow14-s0251,4,model-facing/enriched-candidate-snapshots/ow14-s0251.json,4,4,True
5701,ow14-1-r05701,qwen_minimal,minimal,ow14-s0251,5,model-facing/minimal-candidate-snapshots/ow14-s0251.json,4,4,True
5702,ow14-1-r05702,qwen_enriched,enriched,ow14-s0251,5,model-facing/enriched-candidate-snapshots/ow14-s0251.json,4,4,True
5703,ow14-1-r05703,qwen_minimal,minimal,ow14-s0252,1,model-facing/minimal-candidate-snapshots/ow14-s0252.json,4,4,True
5704,ow14-1-r05704,qwen_enriched,enriched,ow14-s0252,1,model-facing/enriched-candidate-snapshots/ow14-s0252.json,4,4,True
5705,ow14-1-r05705,qwen_minimal,minimal,ow14-s0252,2,model-facing/minimal-candidate-snapshots/ow14-s0252.json,4,4,True
5706,ow14-1-r05706,qwen_enriched,enriched,ow14-s0252,2,model-facing/enriched-candidate-snapshots/ow14-s0252.json,4,4,True
5707,ow14-1-r05707,qwen_minimal,minimal,ow14-s0252,3,model-facing/minimal-candidate-snapshots/ow14-s0252.json,4,4,True
5708,ow14-1-r05708,qwen_enriched,enriched,ow14-s0252,3,model-facing/enriched-candidate-snapshots/ow14-s0252.json,4,4,True
5709,ow14-1-r05709,qwen_minimal,minimal,ow14-s0252,4,model-facing/minimal-candidate-snapshots/ow14-s0252.json,4,4,True
5710,ow14-1-r05710,qwen_enriched,enriched,ow14-s0252,4,model-facing/enriched-candidate-snapshots/ow14-s0252.json,4,4,True
5711,ow14-1-r05711,qwen_minimal,minimal,ow14-s0252,5,model-facing/minimal-candidate-snapshots/ow14-s0252.json,4,4,True
5712,ow14-1-r05712,qwen_enriched,enriched,ow14-s0252,5,model-facing/enriched-candidate-snapshots/ow14-s0252.json,4,4,True
5713,ow14-1-r05713,qwen_minimal,minimal,ow14-s0253,1,model-facing/minimal-candidate-snapshots/ow14-s0253.json,4,4,True
5714,ow14-1-r05714,qwen_enriched,enriched,ow14-s0253,1,model-facing/enriched-candidate-snapshots/ow14-s0253.json,4,4,True
5715,ow14-1-r05715,qwen_minimal,minimal,ow14-s0253,2,model-facing/minimal-candidate-snapshots/ow14-s0253.json,4,4,True
5716,ow14-1-r05716,qwen_enriched,enriched,ow14-s0253,2,model-facing/enriched-candidate-snapshots/ow14-s0253.json,4,4,True
5717,ow14-1-r05717,qwen_minimal,minimal,ow14-s0253,3,model-facing/minimal-candidate-snapshots/ow14-s0253.json,4,4,True
5718,ow14-1-r05718,qwen_enriched,enriched,ow14-s0253,3,model-facing/enriched-candidate-snapshots/ow14-s0253.json,4,4,True
5719,ow14-1-r05719,qwen_minimal,minimal,ow14-s0253,4,model-facing/minimal-candidate-snapshots/ow14-s0253.json,4,4,True
5720,ow14-1-r05720,qwen_enriched,enriched,ow14-s0253,4,model-facing/enriched-candidate-snapshots/ow14-s0253.json,4,4,True
5721,ow14-1-r05721,qwen_minimal,minimal,ow14-s0253,5,model-facing/minimal-candidate-snapshots/ow14-s0253.json,4,4,True
5722,ow14-1-r05722,qwen_enriched,enriched,ow14-s0253,5,model-facing/enriched-candidate-snapshots/ow14-s0253.json,4,4,True
5723,ow14-1-r05723,qwen_minimal,minimal,ow14-s0254,1,model-facing/minimal-candidate-snapshots/ow14-s0254.json,4,4,True
5724,ow14-1-r05724,qwen_enriched,enriched,ow14-s0254,1,model-facing/enriched-candidate-snapshots/ow14-s0254.json,4,4,True
5725,ow14-1-r05725,qwen_minimal,minimal,ow14-s0254,2,model-facing/minimal-candidate-snapshots/ow14-s0254.json,4,4,True
5726,ow14-1-r05726,qwen_enriched,enriched,ow14-s0254,2,model-facing/enriched-candidate-snapshots/ow14-s0254.json,4,4,True
5727,ow14-1-r05727,qwen_minimal,minimal,ow14-s0254,3,model-facing/minimal-candidate-snapshots/ow14-s0254.json,4,4,True
5728,ow14-1-r05728,qwen_enriched,enriched,ow14-s0254,3,model-facing/enriched-candidate-snapshots/ow14-s0254.json,4,4,True
5729,ow14-1-r05729,qwen_minimal,minimal,ow14-s0254,4,model-facing/minimal-candidate-snapshots/ow14-s0254.json,4,4,True
5730,ow14-1-r05730,qwen_enriched,enriched,ow14-s0254,4,model-facing/enriched-candidate-snapshots/ow14-s0254.json,4,4,True
5731,ow14-1-r05731,qwen_minimal,minimal,ow14-s0254,5,model-facing/minimal-candidate-snapshots/ow14-s0254.json,4,4,True
5732,ow14-1-r05732,qwen_enriched,enriched,ow14-s0254,5,model-facing/enriched-candidate-snapshots/ow14-s0254.json,4,4,True
5733,ow14-1-r05733,qwen_minimal,minimal,ow14-s0255,1,model-facing/minimal-candidate-snapshots/ow14-s0255.json,4,4,True
5734,ow14-1-r05734,qwen_enriched,enriched,ow14-s0255,1,model-facing/enriched-candidate-snapshots/ow14-s0255.json,4,4,True
5735,ow14-1-r05735,qwen_minimal,minimal,ow14-s0255,2,model-facing/minimal-candidate-snapshots/ow14-s0255.json,4,4,True
5736,ow14-1-r05736,qwen_enriched,enriched,ow14-s0255,2,model-facing/enriched-candidate-snapshots/ow14-s0255.json,4,4,True
5737,ow14-1-r05737,qwen_minimal,minimal,ow14-s0255,3,model-facing/minimal-candidate-snapshots/ow14-s0255.json,4,4,True
5738,ow14-1-r05738,qwen_enriched,enriched,ow14-s0255,3,model-facing/enriched-candidate-snapshots/ow14-s0255.json,4,4,True
5739,ow14-1-r05739,qwen_minimal,minimal,ow14-s0255,4,model-facing/minimal-candidate-snapshots/ow14-s0255.json,4,4,True
5740,ow14-1-r05740,qwen_enriched,enriched,ow14-s0255,4,model-facing/enriched-candidate-snapshots/ow14-s0255.json,4,4,True
5741,ow14-1-r05741,qwen_minimal,minimal,ow14-s0255,5,model-facing/minimal-candidate-snapshots/ow14-s0255.json,4,4,True
5742,ow14-1-r05742,qwen_enriched,enriched,ow14-s0255,5,model-facing/enriched-candidate-snapshots/ow14-s0255.json,4,4,True
5743,ow14-1-r05743,qwen_minimal,minimal,ow14-s0256,1,model-facing/minimal-candidate-snapshots/ow14-s0256.json,4,4,True
5744,ow14-1-r05744,qwen_enriched,enriched,ow14-s0256,1,model-facing/enriched-candidate-snapshots/ow14-s0256.json,4,4,True
5745,ow14-1-r05745,qwen_minimal,minimal,ow14-s0256,2,model-facing/minimal-candidate-snapshots/ow14-s0256.json,4,4,True
5746,ow14-1-r05746,qwen_enriched,enriched,ow14-s0256,2,model-facing/enriched-candidate-snapshots/ow14-s0256.json,4,4,True
5747,ow14-1-r05747,qwen_minimal,minimal,ow14-s0256,3,model-facing/minimal-candidate-snapshots/ow14-s0256.json,4,4,True
5748,ow14-1-r05748,qwen_enriched,enriched,ow14-s0256,3,model-facing/enriched-candidate-snapshots/ow14-s0256.json,4,4,True
5749,ow14-1-r05749,qwen_minimal,minimal,ow14-s0256,4,model-facing/minimal-candidate-snapshots/ow14-s0256.json,4,4,True
5750,ow14-1-r05750,qwen_enriched,enriched,ow14-s0256,4,model-facing/enriched-candidate-snapshots/ow14-s0256.json,4,4,True
5751,ow14-1-r05751,qwen_minimal,minimal,ow14-s0256,5,model-facing/minimal-candidate-snapshots/ow14-s0256.json,4,4,True
5752,ow14-1-r05752,qwen_enriched,enriched,ow14-s0256,5,model-facing/enriched-candidate-snapshots/ow14-s0256.json,4,4,True
5753,ow14-1-r05753,qwen_minimal,minimal,ow14-s0257,1,model-facing/minimal-candidate-snapshots/ow14-s0257.json,4,4,True
5754,ow14-1-r05754,qwen_enriched,enriched,ow14-s0257,1,model-facing/enriched-candidate-snapshots/ow14-s0257.json,4,4,True
5755,ow14-1-r05755,qwen_minimal,minimal,ow14-s0257,2,model-facing/minimal-candidate-snapshots/ow14-s0257.json,4,4,True
5756,ow14-1-r05756,qwen_enriched,enriched,ow14-s0257,2,model-facing/enriched-candidate-snapshots/ow14-s0257.json,4,4,True
5757,ow14-1-r05757,qwen_minimal,minimal,ow14-s0257,3,model-facing/minimal-candidate-snapshots/ow14-s0257.json,4,4,True
5758,ow14-1-r05758,qwen_enriched,enriched,ow14-s0257,3,model-facing/enriched-candidate-snapshots/ow14-s0257.json,4,4,True
5759,ow14-1-r05759,qwen_minimal,minimal,ow14-s0257,4,model-facing/minimal-candidate-snapshots/ow14-s0257.json,4,4,True
5760,ow14-1-r05760,qwen_enriched,enriched,ow14-s0257,4,model-facing/enriched-candidate-snapshots/ow14-s0257.json,4,4,True
5761,ow14-1-r05761,qwen_minimal,minimal,ow14-s0257,5,model-facing/minimal-candidate-snapshots/ow14-s0257.json,4,4,True
5762,ow14-1-r05762,qwen_enriched,enriched,ow14-s0257,5,model-facing/enriched-candidate-snapshots/ow14-s0257.json,4,4,True
5763,ow14-1-r05763,qwen_minimal,minimal,ow14-s0258,1,model-facing/minimal-candidate-snapshots/ow14-s0258.json,4,4,True
5764,ow14-1-r05764,qwen_enriched,enriched,ow14-s0258,1,model-facing/enriched-candidate-snapshots/ow14-s0258.json,4,4,True
5765,ow14-1-r05765,qwen_minimal,minimal,ow14-s0258,2,model-facing/minimal-candidate-snapshots/ow14-s0258.json,4,4,True
5766,ow14-1-r05766,qwen_enriched,enriched,ow14-s0258,2,model-facing/enriched-candidate-snapshots/ow14-s0258.json,4,4,True
5767,ow14-1-r05767,qwen_minimal,minimal,ow14-s0258,3,model-facing/minimal-candidate-snapshots/ow14-s0258.json,4,4,True
5768,ow14-1-r05768,qwen_enriched,enriched,ow14-s0258,3,model-facing/enriched-candidate-snapshots/ow14-s0258.json,4,4,True
5769,ow14-1-r05769,qwen_minimal,minimal,ow14-s0258,4,model-facing/minimal-candidate-snapshots/ow14-s0258.json,4,4,True
5770,ow14-1-r05770,qwen_enriched,enriched,ow14-s0258,4,model-facing/enriched-candidate-snapshots/ow14-s0258.json,4,4,True
5771,ow14-1-r05771,qwen_minimal,minimal,ow14-s0258,5,model-facing/minimal-candidate-snapshots/ow14-s0258.json,4,4,True
5772,ow14-1-r05772,qwen_enriched,enriched,ow14-s0258,5,model-facing/enriched-candidate-snapshots/ow14-s0258.json,4,4,True
5773,ow14-1-r05773,qwen_minimal,minimal,ow14-s0259,1,model-facing/minimal-candidate-snapshots/ow14-s0259.json,4,4,True
5774,ow14-1-r05774,qwen_enriched,enriched,ow14-s0259,1,model-facing/enriched-candidate-snapshots/ow14-s0259.json,4,4,True
5775,ow14-1-r05775,qwen_minimal,minimal,ow14-s0259,2,model-facing/minimal-candidate-snapshots/ow14-s0259.json,4,4,True
5776,ow14-1-r05776,qwen_enriched,enriched,ow14-s0259,2,model-facing/enriched-candidate-snapshots/ow14-s0259.json,4,4,True
5777,ow14-1-r05777,qwen_minimal,minimal,ow14-s0259,3,model-facing/minimal-candidate-snapshots/ow14-s0259.json,4,4,True
5778,ow14-1-r05778,qwen_enriched,enriched,ow14-s0259,3,model-facing/enriched-candidate-snapshots/ow14-s0259.json,4,4,True
5779,ow14-1-r05779,qwen_minimal,minimal,ow14-s0259,4,model-facing/minimal-candidate-snapshots/ow14-s0259.json,4,4,True
5780,ow14-1-r05780,qwen_enriched,enriched,ow14-s0259,4,model-facing/enriched-candidate-snapshots/ow14-s0259.json,4,4,True
5781,ow14-1-r05781,qwen_minimal,minimal,ow14-s0259,5,model-facing/minimal-candidate-snapshots/ow14-s0259.json,4,4,True
5782,ow14-1-r05782,qwen_enriched,enriched,ow14-s0259,5,model-facing/enriched-candidate-snapshots/ow14-s0259.json,4,4,True
5783,ow14-1-r05783,qwen_minimal,minimal,ow14-s0260,1,model-facing/minimal-candidate-snapshots/ow14-s0260.json,4,4,True
5784,ow14-1-r05784,qwen_enriched,enriched,ow14-s0260,1,model-facing/enriched-candidate-snapshots/ow14-s0260.json,4,4,True
5785,ow14-1-r05785,qwen_minimal,minimal,ow14-s0260,2,model-facing/minimal-candidate-snapshots/ow14-s0260.json,4,4,True
5786,ow14-1-r05786,qwen_enriched,enriched,ow14-s0260,2,model-facing/enriched-candidate-snapshots/ow14-s0260.json,4,4,True
5787,ow14-1-r05787,qwen_minimal,minimal,ow14-s0260,3,model-facing/minimal-candidate-snapshots/ow14-s0260.json,4,4,True
5788,ow14-1-r05788,qwen_enriched,enriched,ow14-s0260,3,model-facing/enriched-candidate-snapshots/ow14-s0260.json,4,4,True
5789,ow14-1-r05789,qwen_minimal,minimal,ow14-s0260,4,model-facing/minimal-candidate-snapshots/ow14-s0260.json,4,4,True
5790,ow14-1-r05790,qwen_enriched,enriched,ow14-s0260,4,model-facing/enriched-candidate-snapshots/ow14-s0260.json,4,4,True
5791,ow14-1-r05791,qwen_minimal,minimal,ow14-s0260,5,model-facing/minimal-candidate-snapshots/ow14-s0260.json,4,4,True
5792,ow14-1-r05792,qwen_enriched,enriched,ow14-s0260,5,model-facing/enriched-candidate-snapshots/ow14-s0260.json,4,4,True
5793,ow14-1-r05793,qwen_minimal,minimal,ow14-s0261,1,model-facing/minimal-candidate-snapshots/ow14-s0261.json,4,4,True
5794,ow14-1-r05794,qwen_enriched,enriched,ow14-s0261,1,model-facing/enriched-candidate-snapshots/ow14-s0261.json,4,4,True
5795,ow14-1-r05795,qwen_minimal,minimal,ow14-s0261,2,model-facing/minimal-candidate-snapshots/ow14-s0261.json,4,4,True
5796,ow14-1-r05796,qwen_enriched,enriched,ow14-s0261,2,model-facing/enriched-candidate-snapshots/ow14-s0261.json,4,4,True
5797,ow14-1-r05797,qwen_minimal,minimal,ow14-s0261,3,model-facing/minimal-candidate-snapshots/ow14-s0261.json,4,4,True
5798,ow14-1-r05798,qwen_enriched,enriched,ow14-s0261,3,model-facing/enriched-candidate-snapshots/ow14-s0261.json,4,4,True
5799,ow14-1-r05799,qwen_minimal,minimal,ow14-s0261,4,model-facing/minimal-candidate-snapshots/ow14-s0261.json,4,4,True
5800,ow14-1-r05800,qwen_enriched,enriched,ow14-s0261,4,model-facing/enriched-candidate-snapshots/ow14-s0261.json,4,4,True
5801,ow14-1-r05801,qwen_minimal,minimal,ow14-s0261,5,model-facing/minimal-candidate-snapshots/ow14-s0261.json,4,4,True
5802,ow14-1-r05802,qwen_enriched,enriched,ow14-s0261,5,model-facing/enriched-candidate-snapshots/ow14-s0261.json,4,4,True
5803,ow14-1-r05803,qwen_minimal,minimal,ow14-s0262,1,model-facing/minimal-candidate-snapshots/ow14-s0262.json,4,4,True
5804,ow14-1-r05804,qwen_enriched,enriched,ow14-s0262,1,model-facing/enriched-candidate-snapshots/ow14-s0262.json,4,4,True
5805,ow14-1-r05805,qwen_minimal,minimal,ow14-s0262,2,model-facing/minimal-candidate-snapshots/ow14-s0262.json,4,4,True
5806,ow14-1-r05806,qwen_enriched,enriched,ow14-s0262,2,model-facing/enriched-candidate-snapshots/ow14-s0262.json,4,4,True
5807,ow14-1-r05807,qwen_minimal,minimal,ow14-s0262,3,model-facing/minimal-candidate-snapshots/ow14-s0262.json,4,4,True
5808,ow14-1-r05808,qwen_enriched,enriched,ow14-s0262,3,model-facing/enriched-candidate-snapshots/ow14-s0262.json,4,4,True
5809,ow14-1-r05809,qwen_minimal,minimal,ow14-s0262,4,model-facing/minimal-candidate-snapshots/ow14-s0262.json,4,4,True
5810,ow14-1-r05810,qwen_enriched,enriched,ow14-s0262,4,model-facing/enriched-candidate-snapshots/ow14-s0262.json,4,4,True
5811,ow14-1-r05811,qwen_minimal,minimal,ow14-s0262,5,model-facing/minimal-candidate-snapshots/ow14-s0262.json,4,4,True
5812,ow14-1-r05812,qwen_enriched,enriched,ow14-s0262,5,model-facing/enriched-candidate-snapshots/ow14-s0262.json,4,4,True
5813,ow14-1-r05813,qwen_minimal,minimal,ow14-s0263,1,model-facing/minimal-candidate-snapshots/ow14-s0263.json,4,4,True
5814,ow14-1-r05814,qwen_enriched,enriched,ow14-s0263,1,model-facing/enriched-candidate-snapshots/ow14-s0263.json,4,4,True
5815,ow14-1-r05815,qwen_minimal,minimal,ow14-s0263,2,model-facing/minimal-candidate-snapshots/ow14-s0263.json,4,4,True
5816,ow14-1-r05816,qwen_enriched,enriched,ow14-s0263,2,model-facing/enriched-candidate-snapshots/ow14-s0263.json,4,4,True
5817,ow14-1-r05817,qwen_minimal,minimal,ow14-s0263,3,model-facing/minimal-candidate-snapshots/ow14-s0263.json,4,4,True
5818,ow14-1-r05818,qwen_enriched,enriched,ow14-s0263,3,model-facing/enriched-candidate-snapshots/ow14-s0263.json,4,4,True
5819,ow14-1-r05819,qwen_minimal,minimal,ow14-s0263,4,model-facing/minimal-candidate-snapshots/ow14-s0263.json,4,4,True
5820,ow14-1-r05820,qwen_enriched,enriched,ow14-s0263,4,model-facing/enriched-candidate-snapshots/ow14-s0263.json,4,4,True
5821,ow14-1-r05821,qwen_minimal,minimal,ow14-s0263,5,model-facing/minimal-candidate-snapshots/ow14-s0263.json,4,4,True
5822,ow14-1-r05822,qwen_enriched,enriched,ow14-s0263,5,model-facing/enriched-candidate-snapshots/ow14-s0263.json,4,4,True
5823,ow14-1-r05823,qwen_minimal,minimal,ow14-s0264,1,model-facing/minimal-candidate-snapshots/ow14-s0264.json,4,4,True
5824,ow14-1-r05824,qwen_enriched,enriched,ow14-s0264,1,model-facing/enriched-candidate-snapshots/ow14-s0264.json,4,4,True
5825,ow14-1-r05825,qwen_minimal,minimal,ow14-s0264,2,model-facing/minimal-candidate-snapshots/ow14-s0264.json,4,4,True
5826,ow14-1-r05826,qwen_enriched,enriched,ow14-s0264,2,model-facing/enriched-candidate-snapshots/ow14-s0264.json,4,4,True
5827,ow14-1-r05827,qwen_minimal,minimal,ow14-s0264,3,model-facing/minimal-candidate-snapshots/ow14-s0264.json,4,4,True
5828,ow14-1-r05828,qwen_enriched,enriched,ow14-s0264,3,model-facing/enriched-candidate-snapshots/ow14-s0264.json,4,4,True
5829,ow14-1-r05829,qwen_minimal,minimal,ow14-s0264,4,model-facing/minimal-candidate-snapshots/ow14-s0264.json,4,4,True
5830,ow14-1-r05830,qwen_enriched,enriched,ow14-s0264,4,model-facing/enriched-candidate-snapshots/ow14-s0264.json,4,4,True
5831,ow14-1-r05831,qwen_minimal,minimal,ow14-s0264,5,model-facing/minimal-candidate-snapshots/ow14-s0264.json,4,4,True
5832,ow14-1-r05832,qwen_enriched,enriched,ow14-s0264,5,model-facing/enriched-candidate-snapshots/ow14-s0264.json,4,4,True
5833,ow14-1-r05833,qwen_minimal,minimal,ow14-s0265,1,model-facing/minimal-candidate-snapshots/ow14-s0265.json,4,4,True
5834,ow14-1-r05834,qwen_enriched,enriched,ow14-s0265,1,model-facing/enriched-candidate-snapshots/ow14-s0265.json,4,4,True
5835,ow14-1-r05835,qwen_minimal,minimal,ow14-s0265,2,model-facing/minimal-candidate-snapshots/ow14-s0265.json,4,4,True
5836,ow14-1-r05836,qwen_enriched,enriched,ow14-s0265,2,model-facing/enriched-candidate-snapshots/ow14-s0265.json,4,4,True
5837,ow14-1-r05837,qwen_minimal,minimal,ow14-s0265,3,model-facing/minimal-candidate-snapshots/ow14-s0265.json,4,4,True
5838,ow14-1-r05838,qwen_enriched,enriched,ow14-s0265,3,model-facing/enriched-candidate-snapshots/ow14-s0265.json,4,4,True
5839,ow14-1-r05839,qwen_minimal,minimal,ow14-s0265,4,model-facing/minimal-candidate-snapshots/ow14-s0265.json,4,4,True
5840,ow14-1-r05840,qwen_enriched,enriched,ow14-s0265,4,model-facing/enriched-candidate-snapshots/ow14-s0265.json,4,4,True
5841,ow14-1-r05841,qwen_minimal,minimal,ow14-s0265,5,model-facing/minimal-candidate-snapshots/ow14-s0265.json,4,4,True
5842,ow14-1-r05842,qwen_enriched,enriched,ow14-s0265,5,model-facing/enriched-candidate-snapshots/ow14-s0265.json,4,4,True
5843,ow14-1-r05843,qwen_minimal,minimal,ow14-s0266,1,model-facing/minimal-candidate-snapshots/ow14-s0266.json,4,4,True
5844,ow14-1-r05844,qwen_enriched,enriched,ow14-s0266,1,model-facing/enriched-candidate-snapshots/ow14-s0266.json,4,4,True
5845,ow14-1-r05845,qwen_minimal,minimal,ow14-s0266,2,model-facing/minimal-candidate-snapshots/ow14-s0266.json,4,4,True
5846,ow14-1-r05846,qwen_enriched,enriched,ow14-s0266,2,model-facing/enriched-candidate-snapshots/ow14-s0266.json,4,4,True
5847,ow14-1-r05847,qwen_minimal,minimal,ow14-s0266,3,model-facing/minimal-candidate-snapshots/ow14-s0266.json,4,4,True
5848,ow14-1-r05848,qwen_enriched,enriched,ow14-s0266,3,model-facing/enriched-candidate-snapshots/ow14-s0266.json,4,4,True
5849,ow14-1-r05849,qwen_minimal,minimal,ow14-s0266,4,model-facing/minimal-candidate-snapshots/ow14-s0266.json,4,4,True
5850,ow14-1-r05850,qwen_enriched,enriched,ow14-s0266,4,model-facing/enriched-candidate-snapshots/ow14-s0266.json,4,4,True
5851,ow14-1-r05851,qwen_minimal,minimal,ow14-s0266,5,model-facing/minimal-candidate-snapshots/ow14-s0266.json,4,4,True
5852,ow14-1-r05852,qwen_enriched,enriched,ow14-s0266,5,model-facing/enriched-candidate-snapshots/ow14-s0266.json,4,4,True
