sequence,arm_id,scenario_id,trial_number,snapshot_path,candidate_test_budget,top_k,scored
1,deterministic_structural,ow14-s0001,1,model-facing/candidate-snapshots/ow14-s0001.json,4,4,true
2,deterministic_structural,ow14-s0002,1,model-facing/candidate-snapshots/ow14-s0002.json,4,4,true
3,deterministic_structural,ow14-s0003,1,model-facing/candidate-snapshots/ow14-s0003.json,4,4,true
4,deterministic_structural,ow14-s0004,1,model-facing/candidate-snapshots/ow14-s0004.json,4,4,true
5,deterministic_structural,ow14-s0005,1,model-facing/candidate-snapshots/ow14-s0005.json,4,4,true
6,deterministic_structural,ow14-s0006,1,model-facing/candidate-snapshots/ow14-s0006.json,4,4,true
7,deterministic_structural,ow14-s0007,1,model-facing/candidate-snapshots/ow14-s0007.json,4,4,true
8,deterministic_structural,ow14-s0008,1,model-facing/candidate-snapshots/ow14-s0008.json,4,4,true
9,deterministic_structural,ow14-s0009,1,model-facing/candidate-snapshots/ow14-s0009.json,4,4,true
10,deterministic_structural,ow14-s0010,1,model-facing/candidate-snapshots/ow14-s0010.json,4,4,true
11,deterministic_structural,ow14-s0011,1,model-facing/candidate-snapshots/ow14-s0011.json,4,4,true
12,deterministic_structural,ow14-s0012,1,model-facing/candidate-snapshots/ow14-s0012.json,4,4,true
13,deterministic_structural,ow14-s0013,1,model-facing/candidate-snapshots/ow14-s0013.json,4,4,true
14,deterministic_structural,ow14-s0014,1,model-facing/candidate-snapshots/ow14-s0014.json,4,4,true
15,deterministic_structural,ow14-s0015,1,model-facing/candidate-snapshots/ow14-s0015.json,4,4,true
16,deterministic_structural,ow14-s0016,1,model-facing/candidate-snapshots/ow14-s0016.json,4,4,true
17,deterministic_structural,ow14-s0017,1,model-facing/candidate-snapshots/ow14-s0017.json,4,4,true
18,deterministic_structural,ow14-s0018,1,model-facing/candidate-snapshots/ow14-s0018.json,4,4,true
19,deterministic_structural,ow14-s0019,1,model-facing/candidate-snapshots/ow14-s0019.json,4,4,true
20,deterministic_structural,ow14-s0020,1,model-facing/candidate-snapshots/ow14-s0020.json,4,4,true
21,deterministic_structural,ow14-s0021,1,model-facing/candidate-snapshots/ow14-s0021.json,4,4,true
22,deterministic_structural,ow14-s0022,1,model-facing/candidate-snapshots/ow14-s0022.json,4,4,true
23,deterministic_structural,ow14-s0023,1,model-facing/candidate-snapshots/ow14-s0023.json,4,4,true
24,deterministic_structural,ow14-s0024,1,model-facing/candidate-snapshots/ow14-s0024.json,4,4,true
25,deterministic_structural,ow14-s0025,1,model-facing/candidate-snapshots/ow14-s0025.json,4,4,true
26,deterministic_structural,ow14-s0026,1,model-facing/candidate-snapshots/ow14-s0026.json,4,4,true
27,deterministic_structural,ow14-s0027,1,model-facing/candidate-snapshots/ow14-s0027.json,4,4,true
28,deterministic_structural,ow14-s0028,1,model-facing/candidate-snapshots/ow14-s0028.json,4,4,true
29,deterministic_structural,ow14-s0029,1,model-facing/candidate-snapshots/ow14-s0029.json,4,4,true
30,deterministic_structural,ow14-s0030,1,model-facing/candidate-snapshots/ow14-s0030.json,4,4,true
31,deterministic_structural,ow14-s0031,1,model-facing/candidate-snapshots/ow14-s0031.json,4,4,true
32,deterministic_structural,ow14-s0032,1,model-facing/candidate-snapshots/ow14-s0032.json,4,4,true
33,deterministic_structural,ow14-s0033,1,model-facing/candidate-snapshots/ow14-s0033.json,4,4,true
34,deterministic_structural,ow14-s0034,1,model-facing/candidate-snapshots/ow14-s0034.json,4,4,true
35,deterministic_structural,ow14-s0035,1,model-facing/candidate-snapshots/ow14-s0035.json,4,4,true
36,deterministic_structural,ow14-s0036,1,model-facing/candidate-snapshots/ow14-s0036.json,4,4,true
37,deterministic_structural,ow14-s0037,1,model-facing/candidate-snapshots/ow14-s0037.json,4,4,true
38,deterministic_structural,ow14-s0038,1,model-facing/candidate-snapshots/ow14-s0038.json,4,4,true
39,deterministic_structural,ow14-s0039,1,model-facing/candidate-snapshots/ow14-s0039.json,4,4,true
40,deterministic_structural,ow14-s0040,1,model-facing/candidate-snapshots/ow14-s0040.json,4,4,true
41,deterministic_structural,ow14-s0041,1,model-facing/candidate-snapshots/ow14-s0041.json,4,4,true
42,deterministic_structural,ow14-s0042,1,model-facing/candidate-snapshots/ow14-s0042.json,4,4,true
43,deterministic_structural,ow14-s0043,1,model-facing/candidate-snapshots/ow14-s0043.json,4,4,true
44,deterministic_structural,ow14-s0044,1,model-facing/candidate-snapshots/ow14-s0044.json,4,4,true
45,deterministic_structural,ow14-s0045,1,model-facing/candidate-snapshots/ow14-s0045.json,4,4,true
46,deterministic_structural,ow14-s0046,1,model-facing/candidate-snapshots/ow14-s0046.json,4,4,true
47,deterministic_structural,ow14-s0047,1,model-facing/candidate-snapshots/ow14-s0047.json,4,4,true
48,deterministic_structural,ow14-s0048,1,model-facing/candidate-snapshots/ow14-s0048.json,4,4,true
49,deterministic_structural,ow14-s0049,1,model-facing/candidate-snapshots/ow14-s0049.json,4,4,true
50,deterministic_structural,ow14-s0050,1,model-facing/candidate-snapshots/ow14-s0050.json,4,4,true
51,deterministic_structural,ow14-s0051,1,model-facing/candidate-snapshots/ow14-s0051.json,4,4,true
52,deterministic_structural,ow14-s0052,1,model-facing/candidate-snapshots/ow14-s0052.json,4,4,true
53,deterministic_structural,ow14-s0053,1,model-facing/candidate-snapshots/ow14-s0053.json,4,4,true
54,deterministic_structural,ow14-s0054,1,model-facing/candidate-snapshots/ow14-s0054.json,4,4,true
55,deterministic_structural,ow14-s0055,1,model-facing/candidate-snapshots/ow14-s0055.json,4,4,true
56,deterministic_structural,ow14-s0056,1,model-facing/candidate-snapshots/ow14-s0056.json,4,4,true
57,deterministic_structural,ow14-s0057,1,model-facing/candidate-snapshots/ow14-s0057.json,4,4,true
58,deterministic_structural,ow14-s0058,1,model-facing/candidate-snapshots/ow14-s0058.json,4,4,true
59,deterministic_structural,ow14-s0059,1,model-facing/candidate-snapshots/ow14-s0059.json,4,4,true
60,deterministic_structural,ow14-s0060,1,model-facing/candidate-snapshots/ow14-s0060.json,4,4,true
61,deterministic_structural,ow14-s0061,1,model-facing/candidate-snapshots/ow14-s0061.json,4,4,true
62,deterministic_structural,ow14-s0062,1,model-facing/candidate-snapshots/ow14-s0062.json,4,4,true
63,deterministic_structural,ow14-s0063,1,model-facing/candidate-snapshots/ow14-s0063.json,4,4,true
64,deterministic_structural,ow14-s0064,1,model-facing/candidate-snapshots/ow14-s0064.json,4,4,true
65,deterministic_structural,ow14-s0065,1,model-facing/candidate-snapshots/ow14-s0065.json,4,4,true
66,deterministic_structural,ow14-s0066,1,model-facing/candidate-snapshots/ow14-s0066.json,4,4,true
67,deterministic_structural,ow14-s0067,1,model-facing/candidate-snapshots/ow14-s0067.json,4,4,true
68,deterministic_structural,ow14-s0068,1,model-facing/candidate-snapshots/ow14-s0068.json,4,4,true
69,deterministic_structural,ow14-s0069,1,model-facing/candidate-snapshots/ow14-s0069.json,4,4,true
70,deterministic_structural,ow14-s0070,1,model-facing/candidate-snapshots/ow14-s0070.json,4,4,true
71,deterministic_structural,ow14-s0071,1,model-facing/candidate-snapshots/ow14-s0071.json,4,4,true
72,deterministic_structural,ow14-s0072,1,model-facing/candidate-snapshots/ow14-s0072.json,4,4,true
73,deterministic_structural,ow14-s0073,1,model-facing/candidate-snapshots/ow14-s0073.json,4,4,true
74,deterministic_structural,ow14-s0074,1,model-facing/candidate-snapshots/ow14-s0074.json,4,4,true
75,deterministic_structural,ow14-s0075,1,model-facing/candidate-snapshots/ow14-s0075.json,4,4,true
76,deterministic_structural,ow14-s0076,1,model-facing/candidate-snapshots/ow14-s0076.json,4,4,true
77,deterministic_structural,ow14-s0077,1,model-facing/candidate-snapshots/ow14-s0077.json,4,4,true
78,deterministic_structural,ow14-s0078,1,model-facing/candidate-snapshots/ow14-s0078.json,4,4,true
79,deterministic_structural,ow14-s0079,1,model-facing/candidate-snapshots/ow14-s0079.json,4,4,true
80,deterministic_structural,ow14-s0080,1,model-facing/candidate-snapshots/ow14-s0080.json,4,4,true
81,deterministic_structural,ow14-s0081,1,model-facing/candidate-snapshots/ow14-s0081.json,4,4,true
82,deterministic_structural,ow14-s0082,1,model-facing/candidate-snapshots/ow14-s0082.json,4,4,true
83,deterministic_structural,ow14-s0083,1,model-facing/candidate-snapshots/ow14-s0083.json,4,4,true
84,deterministic_structural,ow14-s0084,1,model-facing/candidate-snapshots/ow14-s0084.json,4,4,true
85,deterministic_structural,ow14-s0085,1,model-facing/candidate-snapshots/ow14-s0085.json,4,4,true
86,deterministic_structural,ow14-s0086,1,model-facing/candidate-snapshots/ow14-s0086.json,4,4,true
87,deterministic_structural,ow14-s0087,1,model-facing/candidate-snapshots/ow14-s0087.json,4,4,true
88,deterministic_structural,ow14-s0088,1,model-facing/candidate-snapshots/ow14-s0088.json,4,4,true
89,deterministic_structural,ow14-s0089,1,model-facing/candidate-snapshots/ow14-s0089.json,4,4,true
90,deterministic_structural,ow14-s0090,1,model-facing/candidate-snapshots/ow14-s0090.json,4,4,true
91,deterministic_structural,ow14-s0091,1,model-facing/candidate-snapshots/ow14-s0091.json,4,4,true
92,deterministic_structural,ow14-s0092,1,model-facing/candidate-snapshots/ow14-s0092.json,4,4,true
93,deterministic_structural,ow14-s0093,1,model-facing/candidate-snapshots/ow14-s0093.json,4,4,true
94,deterministic_structural,ow14-s0094,1,model-facing/candidate-snapshots/ow14-s0094.json,4,4,true
95,deterministic_structural,ow14-s0095,1,model-facing/candidate-snapshots/ow14-s0095.json,4,4,true
96,deterministic_structural,ow14-s0096,1,model-facing/candidate-snapshots/ow14-s0096.json,4,4,true
97,deterministic_structural,ow14-s0097,1,model-facing/candidate-snapshots/ow14-s0097.json,4,4,true
98,deterministic_structural,ow14-s0098,1,model-facing/candidate-snapshots/ow14-s0098.json,4,4,true
99,deterministic_structural,ow14-s0099,1,model-facing/candidate-snapshots/ow14-s0099.json,4,4,true
100,deterministic_structural,ow14-s0100,1,model-facing/candidate-snapshots/ow14-s0100.json,4,4,true
101,deterministic_structural,ow14-s0101,1,model-facing/candidate-snapshots/ow14-s0101.json,4,4,true
102,deterministic_structural,ow14-s0102,1,model-facing/candidate-snapshots/ow14-s0102.json,4,4,true
103,deterministic_structural,ow14-s0103,1,model-facing/candidate-snapshots/ow14-s0103.json,4,4,true
104,deterministic_structural,ow14-s0104,1,model-facing/candidate-snapshots/ow14-s0104.json,4,4,true
105,deterministic_structural,ow14-s0105,1,model-facing/candidate-snapshots/ow14-s0105.json,4,4,true
106,deterministic_structural,ow14-s0106,1,model-facing/candidate-snapshots/ow14-s0106.json,4,4,true
107,deterministic_structural,ow14-s0107,1,model-facing/candidate-snapshots/ow14-s0107.json,4,4,true
108,deterministic_structural,ow14-s0108,1,model-facing/candidate-snapshots/ow14-s0108.json,4,4,true
109,deterministic_structural,ow14-s0109,1,model-facing/candidate-snapshots/ow14-s0109.json,4,4,true
110,deterministic_structural,ow14-s0110,1,model-facing/candidate-snapshots/ow14-s0110.json,4,4,true
111,deterministic_structural,ow14-s0111,1,model-facing/candidate-snapshots/ow14-s0111.json,4,4,true
112,deterministic_structural,ow14-s0112,1,model-facing/candidate-snapshots/ow14-s0112.json,4,4,true
113,deterministic_structural,ow14-s0113,1,model-facing/candidate-snapshots/ow14-s0113.json,4,4,true
114,deterministic_structural,ow14-s0114,1,model-facing/candidate-snapshots/ow14-s0114.json,4,4,true
115,deterministic_structural,ow14-s0115,1,model-facing/candidate-snapshots/ow14-s0115.json,4,4,true
116,deterministic_structural,ow14-s0116,1,model-facing/candidate-snapshots/ow14-s0116.json,4,4,true
117,deterministic_structural,ow14-s0117,1,model-facing/candidate-snapshots/ow14-s0117.json,4,4,true
118,deterministic_structural,ow14-s0118,1,model-facing/candidate-snapshots/ow14-s0118.json,4,4,true
119,deterministic_structural,ow14-s0119,1,model-facing/candidate-snapshots/ow14-s0119.json,4,4,true
120,deterministic_structural,ow14-s0120,1,model-facing/candidate-snapshots/ow14-s0120.json,4,4,true
121,deterministic_structural,ow14-s0121,1,model-facing/candidate-snapshots/ow14-s0121.json,4,4,true
122,deterministic_structural,ow14-s0122,1,model-facing/candidate-snapshots/ow14-s0122.json,4,4,true
123,deterministic_structural,ow14-s0123,1,model-facing/candidate-snapshots/ow14-s0123.json,4,4,true
124,deterministic_structural,ow14-s0124,1,model-facing/candidate-snapshots/ow14-s0124.json,4,4,true
125,deterministic_structural,ow14-s0125,1,model-facing/candidate-snapshots/ow14-s0125.json,4,4,true
126,deterministic_structural,ow14-s0126,1,model-facing/candidate-snapshots/ow14-s0126.json,4,4,true
127,deterministic_structural,ow14-s0127,1,model-facing/candidate-snapshots/ow14-s0127.json,4,4,true
128,deterministic_structural,ow14-s0128,1,model-facing/candidate-snapshots/ow14-s0128.json,4,4,true
129,deterministic_structural,ow14-s0129,1,model-facing/candidate-snapshots/ow14-s0129.json,4,4,true
130,deterministic_structural,ow14-s0130,1,model-facing/candidate-snapshots/ow14-s0130.json,4,4,true
131,deterministic_structural,ow14-s0131,1,model-facing/candidate-snapshots/ow14-s0131.json,4,4,true
132,deterministic_structural,ow14-s0132,1,model-facing/candidate-snapshots/ow14-s0132.json,4,4,true
133,deterministic_structural,ow14-s0133,1,model-facing/candidate-snapshots/ow14-s0133.json,4,4,true
134,deterministic_structural,ow14-s0134,1,model-facing/candidate-snapshots/ow14-s0134.json,4,4,true
135,deterministic_structural,ow14-s0135,1,model-facing/candidate-snapshots/ow14-s0135.json,4,4,true
136,deterministic_structural,ow14-s0136,1,model-facing/candidate-snapshots/ow14-s0136.json,4,4,true
137,deterministic_structural,ow14-s0137,1,model-facing/candidate-snapshots/ow14-s0137.json,4,4,true
138,deterministic_structural,ow14-s0138,1,model-facing/candidate-snapshots/ow14-s0138.json,4,4,true
139,deterministic_structural,ow14-s0139,1,model-facing/candidate-snapshots/ow14-s0139.json,4,4,true
140,deterministic_structural,ow14-s0140,1,model-facing/candidate-snapshots/ow14-s0140.json,4,4,true
141,deterministic_structural,ow14-s0141,1,model-facing/candidate-snapshots/ow14-s0141.json,4,4,true
142,deterministic_structural,ow14-s0142,1,model-facing/candidate-snapshots/ow14-s0142.json,4,4,true
143,deterministic_structural,ow14-s0143,1,model-facing/candidate-snapshots/ow14-s0143.json,4,4,true
144,deterministic_structural,ow14-s0144,1,model-facing/candidate-snapshots/ow14-s0144.json,4,4,true
145,deterministic_structural,ow14-s0145,1,model-facing/candidate-snapshots/ow14-s0145.json,4,4,true
146,deterministic_structural,ow14-s0146,1,model-facing/candidate-snapshots/ow14-s0146.json,4,4,true
147,deterministic_structural,ow14-s0147,1,model-facing/candidate-snapshots/ow14-s0147.json,4,4,true
148,deterministic_structural,ow14-s0148,1,model-facing/candidate-snapshots/ow14-s0148.json,4,4,true
149,deterministic_structural,ow14-s0149,1,model-facing/candidate-snapshots/ow14-s0149.json,4,4,true
150,deterministic_structural,ow14-s0150,1,model-facing/candidate-snapshots/ow14-s0150.json,4,4,true
151,deterministic_structural,ow14-s0151,1,model-facing/candidate-snapshots/ow14-s0151.json,4,4,true
152,deterministic_structural,ow14-s0152,1,model-facing/candidate-snapshots/ow14-s0152.json,4,4,true
153,deterministic_structural,ow14-s0153,1,model-facing/candidate-snapshots/ow14-s0153.json,4,4,true
154,deterministic_structural,ow14-s0154,1,model-facing/candidate-snapshots/ow14-s0154.json,4,4,true
155,deterministic_structural,ow14-s0155,1,model-facing/candidate-snapshots/ow14-s0155.json,4,4,true
156,deterministic_structural,ow14-s0156,1,model-facing/candidate-snapshots/ow14-s0156.json,4,4,true
157,deterministic_structural,ow14-s0157,1,model-facing/candidate-snapshots/ow14-s0157.json,4,4,true
158,deterministic_structural,ow14-s0158,1,model-facing/candidate-snapshots/ow14-s0158.json,4,4,true
159,deterministic_structural,ow14-s0159,1,model-facing/candidate-snapshots/ow14-s0159.json,4,4,true
160,deterministic_structural,ow14-s0160,1,model-facing/candidate-snapshots/ow14-s0160.json,4,4,true
161,deterministic_structural,ow14-s0161,1,model-facing/candidate-snapshots/ow14-s0161.json,4,4,true
162,deterministic_structural,ow14-s0162,1,model-facing/candidate-snapshots/ow14-s0162.json,4,4,true
163,deterministic_structural,ow14-s0163,1,model-facing/candidate-snapshots/ow14-s0163.json,4,4,true
164,deterministic_structural,ow14-s0164,1,model-facing/candidate-snapshots/ow14-s0164.json,4,4,true
165,deterministic_structural,ow14-s0165,1,model-facing/candidate-snapshots/ow14-s0165.json,4,4,true
166,deterministic_structural,ow14-s0166,1,model-facing/candidate-snapshots/ow14-s0166.json,4,4,true
167,deterministic_structural,ow14-s0167,1,model-facing/candidate-snapshots/ow14-s0167.json,4,4,true
168,deterministic_structural,ow14-s0168,1,model-facing/candidate-snapshots/ow14-s0168.json,4,4,true
169,deterministic_structural,ow14-s0169,1,model-facing/candidate-snapshots/ow14-s0169.json,4,4,true
170,deterministic_structural,ow14-s0170,1,model-facing/candidate-snapshots/ow14-s0170.json,4,4,true
171,deterministic_structural,ow14-s0171,1,model-facing/candidate-snapshots/ow14-s0171.json,4,4,true
172,deterministic_structural,ow14-s0172,1,model-facing/candidate-snapshots/ow14-s0172.json,4,4,true
173,deterministic_structural,ow14-s0173,1,model-facing/candidate-snapshots/ow14-s0173.json,4,4,true
174,deterministic_structural,ow14-s0174,1,model-facing/candidate-snapshots/ow14-s0174.json,4,4,true
175,deterministic_structural,ow14-s0175,1,model-facing/candidate-snapshots/ow14-s0175.json,4,4,true
176,deterministic_structural,ow14-s0176,1,model-facing/candidate-snapshots/ow14-s0176.json,4,4,true
177,deterministic_structural,ow14-s0177,1,model-facing/candidate-snapshots/ow14-s0177.json,4,4,true
178,deterministic_structural,ow14-s0178,1,model-facing/candidate-snapshots/ow14-s0178.json,4,4,true
179,deterministic_structural,ow14-s0179,1,model-facing/candidate-snapshots/ow14-s0179.json,4,4,true
180,deterministic_structural,ow14-s0180,1,model-facing/candidate-snapshots/ow14-s0180.json,4,4,true
181,deterministic_structural,ow14-s0181,1,model-facing/candidate-snapshots/ow14-s0181.json,4,4,true
182,deterministic_structural,ow14-s0182,1,model-facing/candidate-snapshots/ow14-s0182.json,4,4,true
183,deterministic_structural,ow14-s0183,1,model-facing/candidate-snapshots/ow14-s0183.json,4,4,true
184,deterministic_structural,ow14-s0184,1,model-facing/candidate-snapshots/ow14-s0184.json,4,4,true
185,deterministic_structural,ow14-s0185,1,model-facing/candidate-snapshots/ow14-s0185.json,4,4,true
186,deterministic_structural,ow14-s0186,1,model-facing/candidate-snapshots/ow14-s0186.json,4,4,true
187,deterministic_structural,ow14-s0187,1,model-facing/candidate-snapshots/ow14-s0187.json,4,4,true
188,deterministic_structural,ow14-s0188,1,model-facing/candidate-snapshots/ow14-s0188.json,4,4,true
189,deterministic_structural,ow14-s0189,1,model-facing/candidate-snapshots/ow14-s0189.json,4,4,true
190,deterministic_structural,ow14-s0190,1,model-facing/candidate-snapshots/ow14-s0190.json,4,4,true
191,deterministic_structural,ow14-s0191,1,model-facing/candidate-snapshots/ow14-s0191.json,4,4,true
192,deterministic_structural,ow14-s0192,1,model-facing/candidate-snapshots/ow14-s0192.json,4,4,true
193,deterministic_structural,ow14-s0193,1,model-facing/candidate-snapshots/ow14-s0193.json,4,4,true
194,deterministic_structural,ow14-s0194,1,model-facing/candidate-snapshots/ow14-s0194.json,4,4,true
195,deterministic_structural,ow14-s0195,1,model-facing/candidate-snapshots/ow14-s0195.json,4,4,true
196,deterministic_structural,ow14-s0196,1,model-facing/candidate-snapshots/ow14-s0196.json,4,4,true
197,deterministic_structural,ow14-s0197,1,model-facing/candidate-snapshots/ow14-s0197.json,4,4,true
198,deterministic_structural,ow14-s0198,1,model-facing/candidate-snapshots/ow14-s0198.json,4,4,true
199,deterministic_structural,ow14-s0199,1,model-facing/candidate-snapshots/ow14-s0199.json,4,4,true
200,deterministic_structural,ow14-s0200,1,model-facing/candidate-snapshots/ow14-s0200.json,4,4,true
201,deterministic_structural,ow14-s0201,1,model-facing/candidate-snapshots/ow14-s0201.json,4,4,true
202,deterministic_structural,ow14-s0202,1,model-facing/candidate-snapshots/ow14-s0202.json,4,4,true
203,deterministic_structural,ow14-s0203,1,model-facing/candidate-snapshots/ow14-s0203.json,4,4,true
204,deterministic_structural,ow14-s0204,1,model-facing/candidate-snapshots/ow14-s0204.json,4,4,true
205,deterministic_structural,ow14-s0205,1,model-facing/candidate-snapshots/ow14-s0205.json,4,4,true
206,deterministic_structural,ow14-s0206,1,model-facing/candidate-snapshots/ow14-s0206.json,4,4,true
207,deterministic_structural,ow14-s0207,1,model-facing/candidate-snapshots/ow14-s0207.json,4,4,true
208,deterministic_structural,ow14-s0208,1,model-facing/candidate-snapshots/ow14-s0208.json,4,4,true
209,deterministic_structural,ow14-s0209,1,model-facing/candidate-snapshots/ow14-s0209.json,4,4,true
210,deterministic_structural,ow14-s0210,1,model-facing/candidate-snapshots/ow14-s0210.json,4,4,true
211,deterministic_structural,ow14-s0211,1,model-facing/candidate-snapshots/ow14-s0211.json,4,4,true
212,deterministic_structural,ow14-s0212,1,model-facing/candidate-snapshots/ow14-s0212.json,4,4,true
213,deterministic_structural,ow14-s0213,1,model-facing/candidate-snapshots/ow14-s0213.json,4,4,true
214,deterministic_structural,ow14-s0214,1,model-facing/candidate-snapshots/ow14-s0214.json,4,4,true
215,deterministic_structural,ow14-s0215,1,model-facing/candidate-snapshots/ow14-s0215.json,4,4,true
216,deterministic_structural,ow14-s0216,1,model-facing/candidate-snapshots/ow14-s0216.json,4,4,true
217,deterministic_structural,ow14-s0217,1,model-facing/candidate-snapshots/ow14-s0217.json,4,4,true
218,deterministic_structural,ow14-s0218,1,model-facing/candidate-snapshots/ow14-s0218.json,4,4,true
219,deterministic_structural,ow14-s0219,1,model-facing/candidate-snapshots/ow14-s0219.json,4,4,true
220,deterministic_structural,ow14-s0220,1,model-facing/candidate-snapshots/ow14-s0220.json,4,4,true
221,deterministic_structural,ow14-s0221,1,model-facing/candidate-snapshots/ow14-s0221.json,4,4,true
222,deterministic_structural,ow14-s0222,1,model-facing/candidate-snapshots/ow14-s0222.json,4,4,true
223,deterministic_structural,ow14-s0223,1,model-facing/candidate-snapshots/ow14-s0223.json,4,4,true
224,deterministic_structural,ow14-s0224,1,model-facing/candidate-snapshots/ow14-s0224.json,4,4,true
225,deterministic_structural,ow14-s0225,1,model-facing/candidate-snapshots/ow14-s0225.json,4,4,true
226,deterministic_structural,ow14-s0226,1,model-facing/candidate-snapshots/ow14-s0226.json,4,4,true
227,deterministic_structural,ow14-s0227,1,model-facing/candidate-snapshots/ow14-s0227.json,4,4,true
228,deterministic_structural,ow14-s0228,1,model-facing/candidate-snapshots/ow14-s0228.json,4,4,true
229,deterministic_structural,ow14-s0229,1,model-facing/candidate-snapshots/ow14-s0229.json,4,4,true
230,deterministic_structural,ow14-s0230,1,model-facing/candidate-snapshots/ow14-s0230.json,4,4,true
231,deterministic_structural,ow14-s0231,1,model-facing/candidate-snapshots/ow14-s0231.json,4,4,true
232,deterministic_structural,ow14-s0232,1,model-facing/candidate-snapshots/ow14-s0232.json,4,4,true
233,deterministic_structural,ow14-s0233,1,model-facing/candidate-snapshots/ow14-s0233.json,4,4,true
234,deterministic_structural,ow14-s0234,1,model-facing/candidate-snapshots/ow14-s0234.json,4,4,true
235,deterministic_structural,ow14-s0235,1,model-facing/candidate-snapshots/ow14-s0235.json,4,4,true
236,deterministic_structural,ow14-s0236,1,model-facing/candidate-snapshots/ow14-s0236.json,4,4,true
237,deterministic_structural,ow14-s0237,1,model-facing/candidate-snapshots/ow14-s0237.json,4,4,true
238,deterministic_structural,ow14-s0238,1,model-facing/candidate-snapshots/ow14-s0238.json,4,4,true
239,deterministic_structural,ow14-s0239,1,model-facing/candidate-snapshots/ow14-s0239.json,4,4,true
240,deterministic_structural,ow14-s0240,1,model-facing/candidate-snapshots/ow14-s0240.json,4,4,true
241,deterministic_structural,ow14-s0241,1,model-facing/candidate-snapshots/ow14-s0241.json,4,4,true
242,deterministic_structural,ow14-s0242,1,model-facing/candidate-snapshots/ow14-s0242.json,4,4,true
243,deterministic_structural,ow14-s0243,1,model-facing/candidate-snapshots/ow14-s0243.json,4,4,true
244,deterministic_structural,ow14-s0244,1,model-facing/candidate-snapshots/ow14-s0244.json,4,4,true
245,deterministic_structural,ow14-s0245,1,model-facing/candidate-snapshots/ow14-s0245.json,4,4,true
246,deterministic_structural,ow14-s0246,1,model-facing/candidate-snapshots/ow14-s0246.json,4,4,true
247,deterministic_structural,ow14-s0247,1,model-facing/candidate-snapshots/ow14-s0247.json,4,4,true
248,deterministic_structural,ow14-s0248,1,model-facing/candidate-snapshots/ow14-s0248.json,4,4,true
249,deterministic_structural,ow14-s0249,1,model-facing/candidate-snapshots/ow14-s0249.json,4,4,true
250,deterministic_structural,ow14-s0250,1,model-facing/candidate-snapshots/ow14-s0250.json,4,4,true
251,deterministic_structural,ow14-s0251,1,model-facing/candidate-snapshots/ow14-s0251.json,4,4,true
252,deterministic_structural,ow14-s0252,1,model-facing/candidate-snapshots/ow14-s0252.json,4,4,true
253,deterministic_structural,ow14-s0253,1,model-facing/candidate-snapshots/ow14-s0253.json,4,4,true
254,deterministic_structural,ow14-s0254,1,model-facing/candidate-snapshots/ow14-s0254.json,4,4,true
255,deterministic_structural,ow14-s0255,1,model-facing/candidate-snapshots/ow14-s0255.json,4,4,true
256,deterministic_structural,ow14-s0256,1,model-facing/candidate-snapshots/ow14-s0256.json,4,4,true
257,deterministic_structural,ow14-s0257,1,model-facing/candidate-snapshots/ow14-s0257.json,4,4,true
258,deterministic_structural,ow14-s0258,1,model-facing/candidate-snapshots/ow14-s0258.json,4,4,true
259,deterministic_structural,ow14-s0259,1,model-facing/candidate-snapshots/ow14-s0259.json,4,4,true
260,deterministic_structural,ow14-s0260,1,model-facing/candidate-snapshots/ow14-s0260.json,4,4,true
261,deterministic_structural,ow14-s0261,1,model-facing/candidate-snapshots/ow14-s0261.json,4,4,true
262,deterministic_structural,ow14-s0262,1,model-facing/candidate-snapshots/ow14-s0262.json,4,4,true
263,deterministic_structural,ow14-s0263,1,model-facing/candidate-snapshots/ow14-s0263.json,4,4,true
264,deterministic_structural,ow14-s0264,1,model-facing/candidate-snapshots/ow14-s0264.json,4,4,true
265,deterministic_structural,ow14-s0265,1,model-facing/candidate-snapshots/ow14-s0265.json,4,4,true
266,deterministic_structural,ow14-s0266,1,model-facing/candidate-snapshots/ow14-s0266.json,4,4,true
267,proprietary_gpt,ow14-s0001,1,model-facing/candidate-snapshots/ow14-s0001.json,4,4,true
268,proprietary_gpt,ow14-s0001,2,model-facing/candidate-snapshots/ow14-s0001.json,4,4,true
269,proprietary_gpt,ow14-s0001,3,model-facing/candidate-snapshots/ow14-s0001.json,4,4,true
270,proprietary_gpt,ow14-s0001,4,model-facing/candidate-snapshots/ow14-s0001.json,4,4,true
271,proprietary_gpt,ow14-s0001,5,model-facing/candidate-snapshots/ow14-s0001.json,4,4,true
272,proprietary_gpt,ow14-s0002,1,model-facing/candidate-snapshots/ow14-s0002.json,4,4,true
273,proprietary_gpt,ow14-s0002,2,model-facing/candidate-snapshots/ow14-s0002.json,4,4,true
274,proprietary_gpt,ow14-s0002,3,model-facing/candidate-snapshots/ow14-s0002.json,4,4,true
275,proprietary_gpt,ow14-s0002,4,model-facing/candidate-snapshots/ow14-s0002.json,4,4,true
276,proprietary_gpt,ow14-s0002,5,model-facing/candidate-snapshots/ow14-s0002.json,4,4,true
277,proprietary_gpt,ow14-s0003,1,model-facing/candidate-snapshots/ow14-s0003.json,4,4,true
278,proprietary_gpt,ow14-s0003,2,model-facing/candidate-snapshots/ow14-s0003.json,4,4,true
279,proprietary_gpt,ow14-s0003,3,model-facing/candidate-snapshots/ow14-s0003.json,4,4,true
280,proprietary_gpt,ow14-s0003,4,model-facing/candidate-snapshots/ow14-s0003.json,4,4,true
281,proprietary_gpt,ow14-s0003,5,model-facing/candidate-snapshots/ow14-s0003.json,4,4,true
282,proprietary_gpt,ow14-s0004,1,model-facing/candidate-snapshots/ow14-s0004.json,4,4,true
283,proprietary_gpt,ow14-s0004,2,model-facing/candidate-snapshots/ow14-s0004.json,4,4,true
284,proprietary_gpt,ow14-s0004,3,model-facing/candidate-snapshots/ow14-s0004.json,4,4,true
285,proprietary_gpt,ow14-s0004,4,model-facing/candidate-snapshots/ow14-s0004.json,4,4,true
286,proprietary_gpt,ow14-s0004,5,model-facing/candidate-snapshots/ow14-s0004.json,4,4,true
287,proprietary_gpt,ow14-s0005,1,model-facing/candidate-snapshots/ow14-s0005.json,4,4,true
288,proprietary_gpt,ow14-s0005,2,model-facing/candidate-snapshots/ow14-s0005.json,4,4,true
289,proprietary_gpt,ow14-s0005,3,model-facing/candidate-snapshots/ow14-s0005.json,4,4,true
290,proprietary_gpt,ow14-s0005,4,model-facing/candidate-snapshots/ow14-s0005.json,4,4,true
291,proprietary_gpt,ow14-s0005,5,model-facing/candidate-snapshots/ow14-s0005.json,4,4,true
292,proprietary_gpt,ow14-s0006,1,model-facing/candidate-snapshots/ow14-s0006.json,4,4,true
293,proprietary_gpt,ow14-s0006,2,model-facing/candidate-snapshots/ow14-s0006.json,4,4,true
294,proprietary_gpt,ow14-s0006,3,model-facing/candidate-snapshots/ow14-s0006.json,4,4,true
295,proprietary_gpt,ow14-s0006,4,model-facing/candidate-snapshots/ow14-s0006.json,4,4,true
296,proprietary_gpt,ow14-s0006,5,model-facing/candidate-snapshots/ow14-s0006.json,4,4,true
297,proprietary_gpt,ow14-s0007,1,model-facing/candidate-snapshots/ow14-s0007.json,4,4,true
298,proprietary_gpt,ow14-s0007,2,model-facing/candidate-snapshots/ow14-s0007.json,4,4,true
299,proprietary_gpt,ow14-s0007,3,model-facing/candidate-snapshots/ow14-s0007.json,4,4,true
300,proprietary_gpt,ow14-s0007,4,model-facing/candidate-snapshots/ow14-s0007.json,4,4,true
301,proprietary_gpt,ow14-s0007,5,model-facing/candidate-snapshots/ow14-s0007.json,4,4,true
302,proprietary_gpt,ow14-s0008,1,model-facing/candidate-snapshots/ow14-s0008.json,4,4,true
303,proprietary_gpt,ow14-s0008,2,model-facing/candidate-snapshots/ow14-s0008.json,4,4,true
304,proprietary_gpt,ow14-s0008,3,model-facing/candidate-snapshots/ow14-s0008.json,4,4,true
305,proprietary_gpt,ow14-s0008,4,model-facing/candidate-snapshots/ow14-s0008.json,4,4,true
306,proprietary_gpt,ow14-s0008,5,model-facing/candidate-snapshots/ow14-s0008.json,4,4,true
307,proprietary_gpt,ow14-s0009,1,model-facing/candidate-snapshots/ow14-s0009.json,4,4,true
308,proprietary_gpt,ow14-s0009,2,model-facing/candidate-snapshots/ow14-s0009.json,4,4,true
309,proprietary_gpt,ow14-s0009,3,model-facing/candidate-snapshots/ow14-s0009.json,4,4,true
310,proprietary_gpt,ow14-s0009,4,model-facing/candidate-snapshots/ow14-s0009.json,4,4,true
311,proprietary_gpt,ow14-s0009,5,model-facing/candidate-snapshots/ow14-s0009.json,4,4,true
312,proprietary_gpt,ow14-s0010,1,model-facing/candidate-snapshots/ow14-s0010.json,4,4,true
313,proprietary_gpt,ow14-s0010,2,model-facing/candidate-snapshots/ow14-s0010.json,4,4,true
314,proprietary_gpt,ow14-s0010,3,model-facing/candidate-snapshots/ow14-s0010.json,4,4,true
315,proprietary_gpt,ow14-s0010,4,model-facing/candidate-snapshots/ow14-s0010.json,4,4,true
316,proprietary_gpt,ow14-s0010,5,model-facing/candidate-snapshots/ow14-s0010.json,4,4,true
317,proprietary_gpt,ow14-s0011,1,model-facing/candidate-snapshots/ow14-s0011.json,4,4,true
318,proprietary_gpt,ow14-s0011,2,model-facing/candidate-snapshots/ow14-s0011.json,4,4,true
319,proprietary_gpt,ow14-s0011,3,model-facing/candidate-snapshots/ow14-s0011.json,4,4,true
320,proprietary_gpt,ow14-s0011,4,model-facing/candidate-snapshots/ow14-s0011.json,4,4,true
321,proprietary_gpt,ow14-s0011,5,model-facing/candidate-snapshots/ow14-s0011.json,4,4,true
322,proprietary_gpt,ow14-s0012,1,model-facing/candidate-snapshots/ow14-s0012.json,4,4,true
323,proprietary_gpt,ow14-s0012,2,model-facing/candidate-snapshots/ow14-s0012.json,4,4,true
324,proprietary_gpt,ow14-s0012,3,model-facing/candidate-snapshots/ow14-s0012.json,4,4,true
325,proprietary_gpt,ow14-s0012,4,model-facing/candidate-snapshots/ow14-s0012.json,4,4,true
326,proprietary_gpt,ow14-s0012,5,model-facing/candidate-snapshots/ow14-s0012.json,4,4,true
327,proprietary_gpt,ow14-s0013,1,model-facing/candidate-snapshots/ow14-s0013.json,4,4,true
328,proprietary_gpt,ow14-s0013,2,model-facing/candidate-snapshots/ow14-s0013.json,4,4,true
329,proprietary_gpt,ow14-s0013,3,model-facing/candidate-snapshots/ow14-s0013.json,4,4,true
330,proprietary_gpt,ow14-s0013,4,model-facing/candidate-snapshots/ow14-s0013.json,4,4,true
331,proprietary_gpt,ow14-s0013,5,model-facing/candidate-snapshots/ow14-s0013.json,4,4,true
332,proprietary_gpt,ow14-s0014,1,model-facing/candidate-snapshots/ow14-s0014.json,4,4,true
333,proprietary_gpt,ow14-s0014,2,model-facing/candidate-snapshots/ow14-s0014.json,4,4,true
334,proprietary_gpt,ow14-s0014,3,model-facing/candidate-snapshots/ow14-s0014.json,4,4,true
335,proprietary_gpt,ow14-s0014,4,model-facing/candidate-snapshots/ow14-s0014.json,4,4,true
336,proprietary_gpt,ow14-s0014,5,model-facing/candidate-snapshots/ow14-s0014.json,4,4,true
337,proprietary_gpt,ow14-s0015,1,model-facing/candidate-snapshots/ow14-s0015.json,4,4,true
338,proprietary_gpt,ow14-s0015,2,model-facing/candidate-snapshots/ow14-s0015.json,4,4,true
339,proprietary_gpt,ow14-s0015,3,model-facing/candidate-snapshots/ow14-s0015.json,4,4,true
340,proprietary_gpt,ow14-s0015,4,model-facing/candidate-snapshots/ow14-s0015.json,4,4,true
341,proprietary_gpt,ow14-s0015,5,model-facing/candidate-snapshots/ow14-s0015.json,4,4,true
342,proprietary_gpt,ow14-s0016,1,model-facing/candidate-snapshots/ow14-s0016.json,4,4,true
343,proprietary_gpt,ow14-s0016,2,model-facing/candidate-snapshots/ow14-s0016.json,4,4,true
344,proprietary_gpt,ow14-s0016,3,model-facing/candidate-snapshots/ow14-s0016.json,4,4,true
345,proprietary_gpt,ow14-s0016,4,model-facing/candidate-snapshots/ow14-s0016.json,4,4,true
346,proprietary_gpt,ow14-s0016,5,model-facing/candidate-snapshots/ow14-s0016.json,4,4,true
347,proprietary_gpt,ow14-s0017,1,model-facing/candidate-snapshots/ow14-s0017.json,4,4,true
348,proprietary_gpt,ow14-s0017,2,model-facing/candidate-snapshots/ow14-s0017.json,4,4,true
349,proprietary_gpt,ow14-s0017,3,model-facing/candidate-snapshots/ow14-s0017.json,4,4,true
350,proprietary_gpt,ow14-s0017,4,model-facing/candidate-snapshots/ow14-s0017.json,4,4,true
351,proprietary_gpt,ow14-s0017,5,model-facing/candidate-snapshots/ow14-s0017.json,4,4,true
352,proprietary_gpt,ow14-s0018,1,model-facing/candidate-snapshots/ow14-s0018.json,4,4,true
353,proprietary_gpt,ow14-s0018,2,model-facing/candidate-snapshots/ow14-s0018.json,4,4,true
354,proprietary_gpt,ow14-s0018,3,model-facing/candidate-snapshots/ow14-s0018.json,4,4,true
355,proprietary_gpt,ow14-s0018,4,model-facing/candidate-snapshots/ow14-s0018.json,4,4,true
356,proprietary_gpt,ow14-s0018,5,model-facing/candidate-snapshots/ow14-s0018.json,4,4,true
357,proprietary_gpt,ow14-s0019,1,model-facing/candidate-snapshots/ow14-s0019.json,4,4,true
358,proprietary_gpt,ow14-s0019,2,model-facing/candidate-snapshots/ow14-s0019.json,4,4,true
359,proprietary_gpt,ow14-s0019,3,model-facing/candidate-snapshots/ow14-s0019.json,4,4,true
360,proprietary_gpt,ow14-s0019,4,model-facing/candidate-snapshots/ow14-s0019.json,4,4,true
361,proprietary_gpt,ow14-s0019,5,model-facing/candidate-snapshots/ow14-s0019.json,4,4,true
362,proprietary_gpt,ow14-s0020,1,model-facing/candidate-snapshots/ow14-s0020.json,4,4,true
363,proprietary_gpt,ow14-s0020,2,model-facing/candidate-snapshots/ow14-s0020.json,4,4,true
364,proprietary_gpt,ow14-s0020,3,model-facing/candidate-snapshots/ow14-s0020.json,4,4,true
365,proprietary_gpt,ow14-s0020,4,model-facing/candidate-snapshots/ow14-s0020.json,4,4,true
366,proprietary_gpt,ow14-s0020,5,model-facing/candidate-snapshots/ow14-s0020.json,4,4,true
367,proprietary_gpt,ow14-s0021,1,model-facing/candidate-snapshots/ow14-s0021.json,4,4,true
368,proprietary_gpt,ow14-s0021,2,model-facing/candidate-snapshots/ow14-s0021.json,4,4,true
369,proprietary_gpt,ow14-s0021,3,model-facing/candidate-snapshots/ow14-s0021.json,4,4,true
370,proprietary_gpt,ow14-s0021,4,model-facing/candidate-snapshots/ow14-s0021.json,4,4,true
371,proprietary_gpt,ow14-s0021,5,model-facing/candidate-snapshots/ow14-s0021.json,4,4,true
372,proprietary_gpt,ow14-s0022,1,model-facing/candidate-snapshots/ow14-s0022.json,4,4,true
373,proprietary_gpt,ow14-s0022,2,model-facing/candidate-snapshots/ow14-s0022.json,4,4,true
374,proprietary_gpt,ow14-s0022,3,model-facing/candidate-snapshots/ow14-s0022.json,4,4,true
375,proprietary_gpt,ow14-s0022,4,model-facing/candidate-snapshots/ow14-s0022.json,4,4,true
376,proprietary_gpt,ow14-s0022,5,model-facing/candidate-snapshots/ow14-s0022.json,4,4,true
377,proprietary_gpt,ow14-s0023,1,model-facing/candidate-snapshots/ow14-s0023.json,4,4,true
378,proprietary_gpt,ow14-s0023,2,model-facing/candidate-snapshots/ow14-s0023.json,4,4,true
379,proprietary_gpt,ow14-s0023,3,model-facing/candidate-snapshots/ow14-s0023.json,4,4,true
380,proprietary_gpt,ow14-s0023,4,model-facing/candidate-snapshots/ow14-s0023.json,4,4,true
381,proprietary_gpt,ow14-s0023,5,model-facing/candidate-snapshots/ow14-s0023.json,4,4,true
382,proprietary_gpt,ow14-s0024,1,model-facing/candidate-snapshots/ow14-s0024.json,4,4,true
383,proprietary_gpt,ow14-s0024,2,model-facing/candidate-snapshots/ow14-s0024.json,4,4,true
384,proprietary_gpt,ow14-s0024,3,model-facing/candidate-snapshots/ow14-s0024.json,4,4,true
385,proprietary_gpt,ow14-s0024,4,model-facing/candidate-snapshots/ow14-s0024.json,4,4,true
386,proprietary_gpt,ow14-s0024,5,model-facing/candidate-snapshots/ow14-s0024.json,4,4,true
387,proprietary_gpt,ow14-s0025,1,model-facing/candidate-snapshots/ow14-s0025.json,4,4,true
388,proprietary_gpt,ow14-s0025,2,model-facing/candidate-snapshots/ow14-s0025.json,4,4,true
389,proprietary_gpt,ow14-s0025,3,model-facing/candidate-snapshots/ow14-s0025.json,4,4,true
390,proprietary_gpt,ow14-s0025,4,model-facing/candidate-snapshots/ow14-s0025.json,4,4,true
391,proprietary_gpt,ow14-s0025,5,model-facing/candidate-snapshots/ow14-s0025.json,4,4,true
392,proprietary_gpt,ow14-s0026,1,model-facing/candidate-snapshots/ow14-s0026.json,4,4,true
393,proprietary_gpt,ow14-s0026,2,model-facing/candidate-snapshots/ow14-s0026.json,4,4,true
394,proprietary_gpt,ow14-s0026,3,model-facing/candidate-snapshots/ow14-s0026.json,4,4,true
395,proprietary_gpt,ow14-s0026,4,model-facing/candidate-snapshots/ow14-s0026.json,4,4,true
396,proprietary_gpt,ow14-s0026,5,model-facing/candidate-snapshots/ow14-s0026.json,4,4,true
397,proprietary_gpt,ow14-s0027,1,model-facing/candidate-snapshots/ow14-s0027.json,4,4,true
398,proprietary_gpt,ow14-s0027,2,model-facing/candidate-snapshots/ow14-s0027.json,4,4,true
399,proprietary_gpt,ow14-s0027,3,model-facing/candidate-snapshots/ow14-s0027.json,4,4,true
400,proprietary_gpt,ow14-s0027,4,model-facing/candidate-snapshots/ow14-s0027.json,4,4,true
401,proprietary_gpt,ow14-s0027,5,model-facing/candidate-snapshots/ow14-s0027.json,4,4,true
402,proprietary_gpt,ow14-s0028,1,model-facing/candidate-snapshots/ow14-s0028.json,4,4,true
403,proprietary_gpt,ow14-s0028,2,model-facing/candidate-snapshots/ow14-s0028.json,4,4,true
404,proprietary_gpt,ow14-s0028,3,model-facing/candidate-snapshots/ow14-s0028.json,4,4,true
405,proprietary_gpt,ow14-s0028,4,model-facing/candidate-snapshots/ow14-s0028.json,4,4,true
406,proprietary_gpt,ow14-s0028,5,model-facing/candidate-snapshots/ow14-s0028.json,4,4,true
407,proprietary_gpt,ow14-s0029,1,model-facing/candidate-snapshots/ow14-s0029.json,4,4,true
408,proprietary_gpt,ow14-s0029,2,model-facing/candidate-snapshots/ow14-s0029.json,4,4,true
409,proprietary_gpt,ow14-s0029,3,model-facing/candidate-snapshots/ow14-s0029.json,4,4,true
410,proprietary_gpt,ow14-s0029,4,model-facing/candidate-snapshots/ow14-s0029.json,4,4,true
411,proprietary_gpt,ow14-s0029,5,model-facing/candidate-snapshots/ow14-s0029.json,4,4,true
412,proprietary_gpt,ow14-s0030,1,model-facing/candidate-snapshots/ow14-s0030.json,4,4,true
413,proprietary_gpt,ow14-s0030,2,model-facing/candidate-snapshots/ow14-s0030.json,4,4,true
414,proprietary_gpt,ow14-s0030,3,model-facing/candidate-snapshots/ow14-s0030.json,4,4,true
415,proprietary_gpt,ow14-s0030,4,model-facing/candidate-snapshots/ow14-s0030.json,4,4,true
416,proprietary_gpt,ow14-s0030,5,model-facing/candidate-snapshots/ow14-s0030.json,4,4,true
417,proprietary_gpt,ow14-s0031,1,model-facing/candidate-snapshots/ow14-s0031.json,4,4,true
418,proprietary_gpt,ow14-s0031,2,model-facing/candidate-snapshots/ow14-s0031.json,4,4,true
419,proprietary_gpt,ow14-s0031,3,model-facing/candidate-snapshots/ow14-s0031.json,4,4,true
420,proprietary_gpt,ow14-s0031,4,model-facing/candidate-snapshots/ow14-s0031.json,4,4,true
421,proprietary_gpt,ow14-s0031,5,model-facing/candidate-snapshots/ow14-s0031.json,4,4,true
422,proprietary_gpt,ow14-s0032,1,model-facing/candidate-snapshots/ow14-s0032.json,4,4,true
423,proprietary_gpt,ow14-s0032,2,model-facing/candidate-snapshots/ow14-s0032.json,4,4,true
424,proprietary_gpt,ow14-s0032,3,model-facing/candidate-snapshots/ow14-s0032.json,4,4,true
425,proprietary_gpt,ow14-s0032,4,model-facing/candidate-snapshots/ow14-s0032.json,4,4,true
426,proprietary_gpt,ow14-s0032,5,model-facing/candidate-snapshots/ow14-s0032.json,4,4,true
427,proprietary_gpt,ow14-s0033,1,model-facing/candidate-snapshots/ow14-s0033.json,4,4,true
428,proprietary_gpt,ow14-s0033,2,model-facing/candidate-snapshots/ow14-s0033.json,4,4,true
429,proprietary_gpt,ow14-s0033,3,model-facing/candidate-snapshots/ow14-s0033.json,4,4,true
430,proprietary_gpt,ow14-s0033,4,model-facing/candidate-snapshots/ow14-s0033.json,4,4,true
431,proprietary_gpt,ow14-s0033,5,model-facing/candidate-snapshots/ow14-s0033.json,4,4,true
432,proprietary_gpt,ow14-s0034,1,model-facing/candidate-snapshots/ow14-s0034.json,4,4,true
433,proprietary_gpt,ow14-s0034,2,model-facing/candidate-snapshots/ow14-s0034.json,4,4,true
434,proprietary_gpt,ow14-s0034,3,model-facing/candidate-snapshots/ow14-s0034.json,4,4,true
435,proprietary_gpt,ow14-s0034,4,model-facing/candidate-snapshots/ow14-s0034.json,4,4,true
436,proprietary_gpt,ow14-s0034,5,model-facing/candidate-snapshots/ow14-s0034.json,4,4,true
437,proprietary_gpt,ow14-s0035,1,model-facing/candidate-snapshots/ow14-s0035.json,4,4,true
438,proprietary_gpt,ow14-s0035,2,model-facing/candidate-snapshots/ow14-s0035.json,4,4,true
439,proprietary_gpt,ow14-s0035,3,model-facing/candidate-snapshots/ow14-s0035.json,4,4,true
440,proprietary_gpt,ow14-s0035,4,model-facing/candidate-snapshots/ow14-s0035.json,4,4,true
441,proprietary_gpt,ow14-s0035,5,model-facing/candidate-snapshots/ow14-s0035.json,4,4,true
442,proprietary_gpt,ow14-s0036,1,model-facing/candidate-snapshots/ow14-s0036.json,4,4,true
443,proprietary_gpt,ow14-s0036,2,model-facing/candidate-snapshots/ow14-s0036.json,4,4,true
444,proprietary_gpt,ow14-s0036,3,model-facing/candidate-snapshots/ow14-s0036.json,4,4,true
445,proprietary_gpt,ow14-s0036,4,model-facing/candidate-snapshots/ow14-s0036.json,4,4,true
446,proprietary_gpt,ow14-s0036,5,model-facing/candidate-snapshots/ow14-s0036.json,4,4,true
447,proprietary_gpt,ow14-s0037,1,model-facing/candidate-snapshots/ow14-s0037.json,4,4,true
448,proprietary_gpt,ow14-s0037,2,model-facing/candidate-snapshots/ow14-s0037.json,4,4,true
449,proprietary_gpt,ow14-s0037,3,model-facing/candidate-snapshots/ow14-s0037.json,4,4,true
450,proprietary_gpt,ow14-s0037,4,model-facing/candidate-snapshots/ow14-s0037.json,4,4,true
451,proprietary_gpt,ow14-s0037,5,model-facing/candidate-snapshots/ow14-s0037.json,4,4,true
452,proprietary_gpt,ow14-s0038,1,model-facing/candidate-snapshots/ow14-s0038.json,4,4,true
453,proprietary_gpt,ow14-s0038,2,model-facing/candidate-snapshots/ow14-s0038.json,4,4,true
454,proprietary_gpt,ow14-s0038,3,model-facing/candidate-snapshots/ow14-s0038.json,4,4,true
455,proprietary_gpt,ow14-s0038,4,model-facing/candidate-snapshots/ow14-s0038.json,4,4,true
456,proprietary_gpt,ow14-s0038,5,model-facing/candidate-snapshots/ow14-s0038.json,4,4,true
457,proprietary_gpt,ow14-s0039,1,model-facing/candidate-snapshots/ow14-s0039.json,4,4,true
458,proprietary_gpt,ow14-s0039,2,model-facing/candidate-snapshots/ow14-s0039.json,4,4,true
459,proprietary_gpt,ow14-s0039,3,model-facing/candidate-snapshots/ow14-s0039.json,4,4,true
460,proprietary_gpt,ow14-s0039,4,model-facing/candidate-snapshots/ow14-s0039.json,4,4,true
461,proprietary_gpt,ow14-s0039,5,model-facing/candidate-snapshots/ow14-s0039.json,4,4,true
462,proprietary_gpt,ow14-s0040,1,model-facing/candidate-snapshots/ow14-s0040.json,4,4,true
463,proprietary_gpt,ow14-s0040,2,model-facing/candidate-snapshots/ow14-s0040.json,4,4,true
464,proprietary_gpt,ow14-s0040,3,model-facing/candidate-snapshots/ow14-s0040.json,4,4,true
465,proprietary_gpt,ow14-s0040,4,model-facing/candidate-snapshots/ow14-s0040.json,4,4,true
466,proprietary_gpt,ow14-s0040,5,model-facing/candidate-snapshots/ow14-s0040.json,4,4,true
467,proprietary_gpt,ow14-s0041,1,model-facing/candidate-snapshots/ow14-s0041.json,4,4,true
468,proprietary_gpt,ow14-s0041,2,model-facing/candidate-snapshots/ow14-s0041.json,4,4,true
469,proprietary_gpt,ow14-s0041,3,model-facing/candidate-snapshots/ow14-s0041.json,4,4,true
470,proprietary_gpt,ow14-s0041,4,model-facing/candidate-snapshots/ow14-s0041.json,4,4,true
471,proprietary_gpt,ow14-s0041,5,model-facing/candidate-snapshots/ow14-s0041.json,4,4,true
472,proprietary_gpt,ow14-s0042,1,model-facing/candidate-snapshots/ow14-s0042.json,4,4,true
473,proprietary_gpt,ow14-s0042,2,model-facing/candidate-snapshots/ow14-s0042.json,4,4,true
474,proprietary_gpt,ow14-s0042,3,model-facing/candidate-snapshots/ow14-s0042.json,4,4,true
475,proprietary_gpt,ow14-s0042,4,model-facing/candidate-snapshots/ow14-s0042.json,4,4,true
476,proprietary_gpt,ow14-s0042,5,model-facing/candidate-snapshots/ow14-s0042.json,4,4,true
477,proprietary_gpt,ow14-s0043,1,model-facing/candidate-snapshots/ow14-s0043.json,4,4,true
478,proprietary_gpt,ow14-s0043,2,model-facing/candidate-snapshots/ow14-s0043.json,4,4,true
479,proprietary_gpt,ow14-s0043,3,model-facing/candidate-snapshots/ow14-s0043.json,4,4,true
480,proprietary_gpt,ow14-s0043,4,model-facing/candidate-snapshots/ow14-s0043.json,4,4,true
481,proprietary_gpt,ow14-s0043,5,model-facing/candidate-snapshots/ow14-s0043.json,4,4,true
482,proprietary_gpt,ow14-s0044,1,model-facing/candidate-snapshots/ow14-s0044.json,4,4,true
483,proprietary_gpt,ow14-s0044,2,model-facing/candidate-snapshots/ow14-s0044.json,4,4,true
484,proprietary_gpt,ow14-s0044,3,model-facing/candidate-snapshots/ow14-s0044.json,4,4,true
485,proprietary_gpt,ow14-s0044,4,model-facing/candidate-snapshots/ow14-s0044.json,4,4,true
486,proprietary_gpt,ow14-s0044,5,model-facing/candidate-snapshots/ow14-s0044.json,4,4,true
487,proprietary_gpt,ow14-s0045,1,model-facing/candidate-snapshots/ow14-s0045.json,4,4,true
488,proprietary_gpt,ow14-s0045,2,model-facing/candidate-snapshots/ow14-s0045.json,4,4,true
489,proprietary_gpt,ow14-s0045,3,model-facing/candidate-snapshots/ow14-s0045.json,4,4,true
490,proprietary_gpt,ow14-s0045,4,model-facing/candidate-snapshots/ow14-s0045.json,4,4,true
491,proprietary_gpt,ow14-s0045,5,model-facing/candidate-snapshots/ow14-s0045.json,4,4,true
492,proprietary_gpt,ow14-s0046,1,model-facing/candidate-snapshots/ow14-s0046.json,4,4,true
493,proprietary_gpt,ow14-s0046,2,model-facing/candidate-snapshots/ow14-s0046.json,4,4,true
494,proprietary_gpt,ow14-s0046,3,model-facing/candidate-snapshots/ow14-s0046.json,4,4,true
495,proprietary_gpt,ow14-s0046,4,model-facing/candidate-snapshots/ow14-s0046.json,4,4,true
496,proprietary_gpt,ow14-s0046,5,model-facing/candidate-snapshots/ow14-s0046.json,4,4,true
497,proprietary_gpt,ow14-s0047,1,model-facing/candidate-snapshots/ow14-s0047.json,4,4,true
498,proprietary_gpt,ow14-s0047,2,model-facing/candidate-snapshots/ow14-s0047.json,4,4,true
499,proprietary_gpt,ow14-s0047,3,model-facing/candidate-snapshots/ow14-s0047.json,4,4,true
500,proprietary_gpt,ow14-s0047,4,model-facing/candidate-snapshots/ow14-s0047.json,4,4,true
501,proprietary_gpt,ow14-s0047,5,model-facing/candidate-snapshots/ow14-s0047.json,4,4,true
502,proprietary_gpt,ow14-s0048,1,model-facing/candidate-snapshots/ow14-s0048.json,4,4,true
503,proprietary_gpt,ow14-s0048,2,model-facing/candidate-snapshots/ow14-s0048.json,4,4,true
504,proprietary_gpt,ow14-s0048,3,model-facing/candidate-snapshots/ow14-s0048.json,4,4,true
505,proprietary_gpt,ow14-s0048,4,model-facing/candidate-snapshots/ow14-s0048.json,4,4,true
506,proprietary_gpt,ow14-s0048,5,model-facing/candidate-snapshots/ow14-s0048.json,4,4,true
507,proprietary_gpt,ow14-s0049,1,model-facing/candidate-snapshots/ow14-s0049.json,4,4,true
508,proprietary_gpt,ow14-s0049,2,model-facing/candidate-snapshots/ow14-s0049.json,4,4,true
509,proprietary_gpt,ow14-s0049,3,model-facing/candidate-snapshots/ow14-s0049.json,4,4,true
510,proprietary_gpt,ow14-s0049,4,model-facing/candidate-snapshots/ow14-s0049.json,4,4,true
511,proprietary_gpt,ow14-s0049,5,model-facing/candidate-snapshots/ow14-s0049.json,4,4,true
512,proprietary_gpt,ow14-s0050,1,model-facing/candidate-snapshots/ow14-s0050.json,4,4,true
513,proprietary_gpt,ow14-s0050,2,model-facing/candidate-snapshots/ow14-s0050.json,4,4,true
514,proprietary_gpt,ow14-s0050,3,model-facing/candidate-snapshots/ow14-s0050.json,4,4,true
515,proprietary_gpt,ow14-s0050,4,model-facing/candidate-snapshots/ow14-s0050.json,4,4,true
516,proprietary_gpt,ow14-s0050,5,model-facing/candidate-snapshots/ow14-s0050.json,4,4,true
517,proprietary_gpt,ow14-s0051,1,model-facing/candidate-snapshots/ow14-s0051.json,4,4,true
518,proprietary_gpt,ow14-s0051,2,model-facing/candidate-snapshots/ow14-s0051.json,4,4,true
519,proprietary_gpt,ow14-s0051,3,model-facing/candidate-snapshots/ow14-s0051.json,4,4,true
520,proprietary_gpt,ow14-s0051,4,model-facing/candidate-snapshots/ow14-s0051.json,4,4,true
521,proprietary_gpt,ow14-s0051,5,model-facing/candidate-snapshots/ow14-s0051.json,4,4,true
522,proprietary_gpt,ow14-s0052,1,model-facing/candidate-snapshots/ow14-s0052.json,4,4,true
523,proprietary_gpt,ow14-s0052,2,model-facing/candidate-snapshots/ow14-s0052.json,4,4,true
524,proprietary_gpt,ow14-s0052,3,model-facing/candidate-snapshots/ow14-s0052.json,4,4,true
525,proprietary_gpt,ow14-s0052,4,model-facing/candidate-snapshots/ow14-s0052.json,4,4,true
526,proprietary_gpt,ow14-s0052,5,model-facing/candidate-snapshots/ow14-s0052.json,4,4,true
527,proprietary_gpt,ow14-s0053,1,model-facing/candidate-snapshots/ow14-s0053.json,4,4,true
528,proprietary_gpt,ow14-s0053,2,model-facing/candidate-snapshots/ow14-s0053.json,4,4,true
529,proprietary_gpt,ow14-s0053,3,model-facing/candidate-snapshots/ow14-s0053.json,4,4,true
530,proprietary_gpt,ow14-s0053,4,model-facing/candidate-snapshots/ow14-s0053.json,4,4,true
531,proprietary_gpt,ow14-s0053,5,model-facing/candidate-snapshots/ow14-s0053.json,4,4,true
532,proprietary_gpt,ow14-s0054,1,model-facing/candidate-snapshots/ow14-s0054.json,4,4,true
533,proprietary_gpt,ow14-s0054,2,model-facing/candidate-snapshots/ow14-s0054.json,4,4,true
534,proprietary_gpt,ow14-s0054,3,model-facing/candidate-snapshots/ow14-s0054.json,4,4,true
535,proprietary_gpt,ow14-s0054,4,model-facing/candidate-snapshots/ow14-s0054.json,4,4,true
536,proprietary_gpt,ow14-s0054,5,model-facing/candidate-snapshots/ow14-s0054.json,4,4,true
537,proprietary_gpt,ow14-s0055,1,model-facing/candidate-snapshots/ow14-s0055.json,4,4,true
538,proprietary_gpt,ow14-s0055,2,model-facing/candidate-snapshots/ow14-s0055.json,4,4,true
539,proprietary_gpt,ow14-s0055,3,model-facing/candidate-snapshots/ow14-s0055.json,4,4,true
540,proprietary_gpt,ow14-s0055,4,model-facing/candidate-snapshots/ow14-s0055.json,4,4,true
541,proprietary_gpt,ow14-s0055,5,model-facing/candidate-snapshots/ow14-s0055.json,4,4,true
542,proprietary_gpt,ow14-s0056,1,model-facing/candidate-snapshots/ow14-s0056.json,4,4,true
543,proprietary_gpt,ow14-s0056,2,model-facing/candidate-snapshots/ow14-s0056.json,4,4,true
544,proprietary_gpt,ow14-s0056,3,model-facing/candidate-snapshots/ow14-s0056.json,4,4,true
545,proprietary_gpt,ow14-s0056,4,model-facing/candidate-snapshots/ow14-s0056.json,4,4,true
546,proprietary_gpt,ow14-s0056,5,model-facing/candidate-snapshots/ow14-s0056.json,4,4,true
547,proprietary_gpt,ow14-s0057,1,model-facing/candidate-snapshots/ow14-s0057.json,4,4,true
548,proprietary_gpt,ow14-s0057,2,model-facing/candidate-snapshots/ow14-s0057.json,4,4,true
549,proprietary_gpt,ow14-s0057,3,model-facing/candidate-snapshots/ow14-s0057.json,4,4,true
550,proprietary_gpt,ow14-s0057,4,model-facing/candidate-snapshots/ow14-s0057.json,4,4,true
551,proprietary_gpt,ow14-s0057,5,model-facing/candidate-snapshots/ow14-s0057.json,4,4,true
552,proprietary_gpt,ow14-s0058,1,model-facing/candidate-snapshots/ow14-s0058.json,4,4,true
553,proprietary_gpt,ow14-s0058,2,model-facing/candidate-snapshots/ow14-s0058.json,4,4,true
554,proprietary_gpt,ow14-s0058,3,model-facing/candidate-snapshots/ow14-s0058.json,4,4,true
555,proprietary_gpt,ow14-s0058,4,model-facing/candidate-snapshots/ow14-s0058.json,4,4,true
556,proprietary_gpt,ow14-s0058,5,model-facing/candidate-snapshots/ow14-s0058.json,4,4,true
557,proprietary_gpt,ow14-s0059,1,model-facing/candidate-snapshots/ow14-s0059.json,4,4,true
558,proprietary_gpt,ow14-s0059,2,model-facing/candidate-snapshots/ow14-s0059.json,4,4,true
559,proprietary_gpt,ow14-s0059,3,model-facing/candidate-snapshots/ow14-s0059.json,4,4,true
560,proprietary_gpt,ow14-s0059,4,model-facing/candidate-snapshots/ow14-s0059.json,4,4,true
561,proprietary_gpt,ow14-s0059,5,model-facing/candidate-snapshots/ow14-s0059.json,4,4,true
562,proprietary_gpt,ow14-s0060,1,model-facing/candidate-snapshots/ow14-s0060.json,4,4,true
563,proprietary_gpt,ow14-s0060,2,model-facing/candidate-snapshots/ow14-s0060.json,4,4,true
564,proprietary_gpt,ow14-s0060,3,model-facing/candidate-snapshots/ow14-s0060.json,4,4,true
565,proprietary_gpt,ow14-s0060,4,model-facing/candidate-snapshots/ow14-s0060.json,4,4,true
566,proprietary_gpt,ow14-s0060,5,model-facing/candidate-snapshots/ow14-s0060.json,4,4,true
567,proprietary_gpt,ow14-s0061,1,model-facing/candidate-snapshots/ow14-s0061.json,4,4,true
568,proprietary_gpt,ow14-s0061,2,model-facing/candidate-snapshots/ow14-s0061.json,4,4,true
569,proprietary_gpt,ow14-s0061,3,model-facing/candidate-snapshots/ow14-s0061.json,4,4,true
570,proprietary_gpt,ow14-s0061,4,model-facing/candidate-snapshots/ow14-s0061.json,4,4,true
571,proprietary_gpt,ow14-s0061,5,model-facing/candidate-snapshots/ow14-s0061.json,4,4,true
572,proprietary_gpt,ow14-s0062,1,model-facing/candidate-snapshots/ow14-s0062.json,4,4,true
573,proprietary_gpt,ow14-s0062,2,model-facing/candidate-snapshots/ow14-s0062.json,4,4,true
574,proprietary_gpt,ow14-s0062,3,model-facing/candidate-snapshots/ow14-s0062.json,4,4,true
575,proprietary_gpt,ow14-s0062,4,model-facing/candidate-snapshots/ow14-s0062.json,4,4,true
576,proprietary_gpt,ow14-s0062,5,model-facing/candidate-snapshots/ow14-s0062.json,4,4,true
577,proprietary_gpt,ow14-s0063,1,model-facing/candidate-snapshots/ow14-s0063.json,4,4,true
578,proprietary_gpt,ow14-s0063,2,model-facing/candidate-snapshots/ow14-s0063.json,4,4,true
579,proprietary_gpt,ow14-s0063,3,model-facing/candidate-snapshots/ow14-s0063.json,4,4,true
580,proprietary_gpt,ow14-s0063,4,model-facing/candidate-snapshots/ow14-s0063.json,4,4,true
581,proprietary_gpt,ow14-s0063,5,model-facing/candidate-snapshots/ow14-s0063.json,4,4,true
582,proprietary_gpt,ow14-s0064,1,model-facing/candidate-snapshots/ow14-s0064.json,4,4,true
583,proprietary_gpt,ow14-s0064,2,model-facing/candidate-snapshots/ow14-s0064.json,4,4,true
584,proprietary_gpt,ow14-s0064,3,model-facing/candidate-snapshots/ow14-s0064.json,4,4,true
585,proprietary_gpt,ow14-s0064,4,model-facing/candidate-snapshots/ow14-s0064.json,4,4,true
586,proprietary_gpt,ow14-s0064,5,model-facing/candidate-snapshots/ow14-s0064.json,4,4,true
587,proprietary_gpt,ow14-s0065,1,model-facing/candidate-snapshots/ow14-s0065.json,4,4,true
588,proprietary_gpt,ow14-s0065,2,model-facing/candidate-snapshots/ow14-s0065.json,4,4,true
589,proprietary_gpt,ow14-s0065,3,model-facing/candidate-snapshots/ow14-s0065.json,4,4,true
590,proprietary_gpt,ow14-s0065,4,model-facing/candidate-snapshots/ow14-s0065.json,4,4,true
591,proprietary_gpt,ow14-s0065,5,model-facing/candidate-snapshots/ow14-s0065.json,4,4,true
592,proprietary_gpt,ow14-s0066,1,model-facing/candidate-snapshots/ow14-s0066.json,4,4,true
593,proprietary_gpt,ow14-s0066,2,model-facing/candidate-snapshots/ow14-s0066.json,4,4,true
594,proprietary_gpt,ow14-s0066,3,model-facing/candidate-snapshots/ow14-s0066.json,4,4,true
595,proprietary_gpt,ow14-s0066,4,model-facing/candidate-snapshots/ow14-s0066.json,4,4,true
596,proprietary_gpt,ow14-s0066,5,model-facing/candidate-snapshots/ow14-s0066.json,4,4,true
597,proprietary_gpt,ow14-s0067,1,model-facing/candidate-snapshots/ow14-s0067.json,4,4,true
598,proprietary_gpt,ow14-s0067,2,model-facing/candidate-snapshots/ow14-s0067.json,4,4,true
599,proprietary_gpt,ow14-s0067,3,model-facing/candidate-snapshots/ow14-s0067.json,4,4,true
600,proprietary_gpt,ow14-s0067,4,model-facing/candidate-snapshots/ow14-s0067.json,4,4,true
601,proprietary_gpt,ow14-s0067,5,model-facing/candidate-snapshots/ow14-s0067.json,4,4,true
602,proprietary_gpt,ow14-s0068,1,model-facing/candidate-snapshots/ow14-s0068.json,4,4,true
603,proprietary_gpt,ow14-s0068,2,model-facing/candidate-snapshots/ow14-s0068.json,4,4,true
604,proprietary_gpt,ow14-s0068,3,model-facing/candidate-snapshots/ow14-s0068.json,4,4,true
605,proprietary_gpt,ow14-s0068,4,model-facing/candidate-snapshots/ow14-s0068.json,4,4,true
606,proprietary_gpt,ow14-s0068,5,model-facing/candidate-snapshots/ow14-s0068.json,4,4,true
607,proprietary_gpt,ow14-s0069,1,model-facing/candidate-snapshots/ow14-s0069.json,4,4,true
608,proprietary_gpt,ow14-s0069,2,model-facing/candidate-snapshots/ow14-s0069.json,4,4,true
609,proprietary_gpt,ow14-s0069,3,model-facing/candidate-snapshots/ow14-s0069.json,4,4,true
610,proprietary_gpt,ow14-s0069,4,model-facing/candidate-snapshots/ow14-s0069.json,4,4,true
611,proprietary_gpt,ow14-s0069,5,model-facing/candidate-snapshots/ow14-s0069.json,4,4,true
612,proprietary_gpt,ow14-s0070,1,model-facing/candidate-snapshots/ow14-s0070.json,4,4,true
613,proprietary_gpt,ow14-s0070,2,model-facing/candidate-snapshots/ow14-s0070.json,4,4,true
614,proprietary_gpt,ow14-s0070,3,model-facing/candidate-snapshots/ow14-s0070.json,4,4,true
615,proprietary_gpt,ow14-s0070,4,model-facing/candidate-snapshots/ow14-s0070.json,4,4,true
616,proprietary_gpt,ow14-s0070,5,model-facing/candidate-snapshots/ow14-s0070.json,4,4,true
617,proprietary_gpt,ow14-s0071,1,model-facing/candidate-snapshots/ow14-s0071.json,4,4,true
618,proprietary_gpt,ow14-s0071,2,model-facing/candidate-snapshots/ow14-s0071.json,4,4,true
619,proprietary_gpt,ow14-s0071,3,model-facing/candidate-snapshots/ow14-s0071.json,4,4,true
620,proprietary_gpt,ow14-s0071,4,model-facing/candidate-snapshots/ow14-s0071.json,4,4,true
621,proprietary_gpt,ow14-s0071,5,model-facing/candidate-snapshots/ow14-s0071.json,4,4,true
622,proprietary_gpt,ow14-s0072,1,model-facing/candidate-snapshots/ow14-s0072.json,4,4,true
623,proprietary_gpt,ow14-s0072,2,model-facing/candidate-snapshots/ow14-s0072.json,4,4,true
624,proprietary_gpt,ow14-s0072,3,model-facing/candidate-snapshots/ow14-s0072.json,4,4,true
625,proprietary_gpt,ow14-s0072,4,model-facing/candidate-snapshots/ow14-s0072.json,4,4,true
626,proprietary_gpt,ow14-s0072,5,model-facing/candidate-snapshots/ow14-s0072.json,4,4,true
627,proprietary_gpt,ow14-s0073,1,model-facing/candidate-snapshots/ow14-s0073.json,4,4,true
628,proprietary_gpt,ow14-s0073,2,model-facing/candidate-snapshots/ow14-s0073.json,4,4,true
629,proprietary_gpt,ow14-s0073,3,model-facing/candidate-snapshots/ow14-s0073.json,4,4,true
630,proprietary_gpt,ow14-s0073,4,model-facing/candidate-snapshots/ow14-s0073.json,4,4,true
631,proprietary_gpt,ow14-s0073,5,model-facing/candidate-snapshots/ow14-s0073.json,4,4,true
632,proprietary_gpt,ow14-s0074,1,model-facing/candidate-snapshots/ow14-s0074.json,4,4,true
633,proprietary_gpt,ow14-s0074,2,model-facing/candidate-snapshots/ow14-s0074.json,4,4,true
634,proprietary_gpt,ow14-s0074,3,model-facing/candidate-snapshots/ow14-s0074.json,4,4,true
635,proprietary_gpt,ow14-s0074,4,model-facing/candidate-snapshots/ow14-s0074.json,4,4,true
636,proprietary_gpt,ow14-s0074,5,model-facing/candidate-snapshots/ow14-s0074.json,4,4,true
637,proprietary_gpt,ow14-s0075,1,model-facing/candidate-snapshots/ow14-s0075.json,4,4,true
638,proprietary_gpt,ow14-s0075,2,model-facing/candidate-snapshots/ow14-s0075.json,4,4,true
639,proprietary_gpt,ow14-s0075,3,model-facing/candidate-snapshots/ow14-s0075.json,4,4,true
640,proprietary_gpt,ow14-s0075,4,model-facing/candidate-snapshots/ow14-s0075.json,4,4,true
641,proprietary_gpt,ow14-s0075,5,model-facing/candidate-snapshots/ow14-s0075.json,4,4,true
642,proprietary_gpt,ow14-s0076,1,model-facing/candidate-snapshots/ow14-s0076.json,4,4,true
643,proprietary_gpt,ow14-s0076,2,model-facing/candidate-snapshots/ow14-s0076.json,4,4,true
644,proprietary_gpt,ow14-s0076,3,model-facing/candidate-snapshots/ow14-s0076.json,4,4,true
645,proprietary_gpt,ow14-s0076,4,model-facing/candidate-snapshots/ow14-s0076.json,4,4,true
646,proprietary_gpt,ow14-s0076,5,model-facing/candidate-snapshots/ow14-s0076.json,4,4,true
647,proprietary_gpt,ow14-s0077,1,model-facing/candidate-snapshots/ow14-s0077.json,4,4,true
648,proprietary_gpt,ow14-s0077,2,model-facing/candidate-snapshots/ow14-s0077.json,4,4,true
649,proprietary_gpt,ow14-s0077,3,model-facing/candidate-snapshots/ow14-s0077.json,4,4,true
650,proprietary_gpt,ow14-s0077,4,model-facing/candidate-snapshots/ow14-s0077.json,4,4,true
651,proprietary_gpt,ow14-s0077,5,model-facing/candidate-snapshots/ow14-s0077.json,4,4,true
652,proprietary_gpt,ow14-s0078,1,model-facing/candidate-snapshots/ow14-s0078.json,4,4,true
653,proprietary_gpt,ow14-s0078,2,model-facing/candidate-snapshots/ow14-s0078.json,4,4,true
654,proprietary_gpt,ow14-s0078,3,model-facing/candidate-snapshots/ow14-s0078.json,4,4,true
655,proprietary_gpt,ow14-s0078,4,model-facing/candidate-snapshots/ow14-s0078.json,4,4,true
656,proprietary_gpt,ow14-s0078,5,model-facing/candidate-snapshots/ow14-s0078.json,4,4,true
657,proprietary_gpt,ow14-s0079,1,model-facing/candidate-snapshots/ow14-s0079.json,4,4,true
658,proprietary_gpt,ow14-s0079,2,model-facing/candidate-snapshots/ow14-s0079.json,4,4,true
659,proprietary_gpt,ow14-s0079,3,model-facing/candidate-snapshots/ow14-s0079.json,4,4,true
660,proprietary_gpt,ow14-s0079,4,model-facing/candidate-snapshots/ow14-s0079.json,4,4,true
661,proprietary_gpt,ow14-s0079,5,model-facing/candidate-snapshots/ow14-s0079.json,4,4,true
662,proprietary_gpt,ow14-s0080,1,model-facing/candidate-snapshots/ow14-s0080.json,4,4,true
663,proprietary_gpt,ow14-s0080,2,model-facing/candidate-snapshots/ow14-s0080.json,4,4,true
664,proprietary_gpt,ow14-s0080,3,model-facing/candidate-snapshots/ow14-s0080.json,4,4,true
665,proprietary_gpt,ow14-s0080,4,model-facing/candidate-snapshots/ow14-s0080.json,4,4,true
666,proprietary_gpt,ow14-s0080,5,model-facing/candidate-snapshots/ow14-s0080.json,4,4,true
667,proprietary_gpt,ow14-s0081,1,model-facing/candidate-snapshots/ow14-s0081.json,4,4,true
668,proprietary_gpt,ow14-s0081,2,model-facing/candidate-snapshots/ow14-s0081.json,4,4,true
669,proprietary_gpt,ow14-s0081,3,model-facing/candidate-snapshots/ow14-s0081.json,4,4,true
670,proprietary_gpt,ow14-s0081,4,model-facing/candidate-snapshots/ow14-s0081.json,4,4,true
671,proprietary_gpt,ow14-s0081,5,model-facing/candidate-snapshots/ow14-s0081.json,4,4,true
672,proprietary_gpt,ow14-s0082,1,model-facing/candidate-snapshots/ow14-s0082.json,4,4,true
673,proprietary_gpt,ow14-s0082,2,model-facing/candidate-snapshots/ow14-s0082.json,4,4,true
674,proprietary_gpt,ow14-s0082,3,model-facing/candidate-snapshots/ow14-s0082.json,4,4,true
675,proprietary_gpt,ow14-s0082,4,model-facing/candidate-snapshots/ow14-s0082.json,4,4,true
676,proprietary_gpt,ow14-s0082,5,model-facing/candidate-snapshots/ow14-s0082.json,4,4,true
677,proprietary_gpt,ow14-s0083,1,model-facing/candidate-snapshots/ow14-s0083.json,4,4,true
678,proprietary_gpt,ow14-s0083,2,model-facing/candidate-snapshots/ow14-s0083.json,4,4,true
679,proprietary_gpt,ow14-s0083,3,model-facing/candidate-snapshots/ow14-s0083.json,4,4,true
680,proprietary_gpt,ow14-s0083,4,model-facing/candidate-snapshots/ow14-s0083.json,4,4,true
681,proprietary_gpt,ow14-s0083,5,model-facing/candidate-snapshots/ow14-s0083.json,4,4,true
682,proprietary_gpt,ow14-s0084,1,model-facing/candidate-snapshots/ow14-s0084.json,4,4,true
683,proprietary_gpt,ow14-s0084,2,model-facing/candidate-snapshots/ow14-s0084.json,4,4,true
684,proprietary_gpt,ow14-s0084,3,model-facing/candidate-snapshots/ow14-s0084.json,4,4,true
685,proprietary_gpt,ow14-s0084,4,model-facing/candidate-snapshots/ow14-s0084.json,4,4,true
686,proprietary_gpt,ow14-s0084,5,model-facing/candidate-snapshots/ow14-s0084.json,4,4,true
687,proprietary_gpt,ow14-s0085,1,model-facing/candidate-snapshots/ow14-s0085.json,4,4,true
688,proprietary_gpt,ow14-s0085,2,model-facing/candidate-snapshots/ow14-s0085.json,4,4,true
689,proprietary_gpt,ow14-s0085,3,model-facing/candidate-snapshots/ow14-s0085.json,4,4,true
690,proprietary_gpt,ow14-s0085,4,model-facing/candidate-snapshots/ow14-s0085.json,4,4,true
691,proprietary_gpt,ow14-s0085,5,model-facing/candidate-snapshots/ow14-s0085.json,4,4,true
692,proprietary_gpt,ow14-s0086,1,model-facing/candidate-snapshots/ow14-s0086.json,4,4,true
693,proprietary_gpt,ow14-s0086,2,model-facing/candidate-snapshots/ow14-s0086.json,4,4,true
694,proprietary_gpt,ow14-s0086,3,model-facing/candidate-snapshots/ow14-s0086.json,4,4,true
695,proprietary_gpt,ow14-s0086,4,model-facing/candidate-snapshots/ow14-s0086.json,4,4,true
696,proprietary_gpt,ow14-s0086,5,model-facing/candidate-snapshots/ow14-s0086.json,4,4,true
697,proprietary_gpt,ow14-s0087,1,model-facing/candidate-snapshots/ow14-s0087.json,4,4,true
698,proprietary_gpt,ow14-s0087,2,model-facing/candidate-snapshots/ow14-s0087.json,4,4,true
699,proprietary_gpt,ow14-s0087,3,model-facing/candidate-snapshots/ow14-s0087.json,4,4,true
700,proprietary_gpt,ow14-s0087,4,model-facing/candidate-snapshots/ow14-s0087.json,4,4,true
701,proprietary_gpt,ow14-s0087,5,model-facing/candidate-snapshots/ow14-s0087.json,4,4,true
702,proprietary_gpt,ow14-s0088,1,model-facing/candidate-snapshots/ow14-s0088.json,4,4,true
703,proprietary_gpt,ow14-s0088,2,model-facing/candidate-snapshots/ow14-s0088.json,4,4,true
704,proprietary_gpt,ow14-s0088,3,model-facing/candidate-snapshots/ow14-s0088.json,4,4,true
705,proprietary_gpt,ow14-s0088,4,model-facing/candidate-snapshots/ow14-s0088.json,4,4,true
706,proprietary_gpt,ow14-s0088,5,model-facing/candidate-snapshots/ow14-s0088.json,4,4,true
707,proprietary_gpt,ow14-s0089,1,model-facing/candidate-snapshots/ow14-s0089.json,4,4,true
708,proprietary_gpt,ow14-s0089,2,model-facing/candidate-snapshots/ow14-s0089.json,4,4,true
709,proprietary_gpt,ow14-s0089,3,model-facing/candidate-snapshots/ow14-s0089.json,4,4,true
710,proprietary_gpt,ow14-s0089,4,model-facing/candidate-snapshots/ow14-s0089.json,4,4,true
711,proprietary_gpt,ow14-s0089,5,model-facing/candidate-snapshots/ow14-s0089.json,4,4,true
712,proprietary_gpt,ow14-s0090,1,model-facing/candidate-snapshots/ow14-s0090.json,4,4,true
713,proprietary_gpt,ow14-s0090,2,model-facing/candidate-snapshots/ow14-s0090.json,4,4,true
714,proprietary_gpt,ow14-s0090,3,model-facing/candidate-snapshots/ow14-s0090.json,4,4,true
715,proprietary_gpt,ow14-s0090,4,model-facing/candidate-snapshots/ow14-s0090.json,4,4,true
716,proprietary_gpt,ow14-s0090,5,model-facing/candidate-snapshots/ow14-s0090.json,4,4,true
717,proprietary_gpt,ow14-s0091,1,model-facing/candidate-snapshots/ow14-s0091.json,4,4,true
718,proprietary_gpt,ow14-s0091,2,model-facing/candidate-snapshots/ow14-s0091.json,4,4,true
719,proprietary_gpt,ow14-s0091,3,model-facing/candidate-snapshots/ow14-s0091.json,4,4,true
720,proprietary_gpt,ow14-s0091,4,model-facing/candidate-snapshots/ow14-s0091.json,4,4,true
721,proprietary_gpt,ow14-s0091,5,model-facing/candidate-snapshots/ow14-s0091.json,4,4,true
722,proprietary_gpt,ow14-s0092,1,model-facing/candidate-snapshots/ow14-s0092.json,4,4,true
723,proprietary_gpt,ow14-s0092,2,model-facing/candidate-snapshots/ow14-s0092.json,4,4,true
724,proprietary_gpt,ow14-s0092,3,model-facing/candidate-snapshots/ow14-s0092.json,4,4,true
725,proprietary_gpt,ow14-s0092,4,model-facing/candidate-snapshots/ow14-s0092.json,4,4,true
726,proprietary_gpt,ow14-s0092,5,model-facing/candidate-snapshots/ow14-s0092.json,4,4,true
727,proprietary_gpt,ow14-s0093,1,model-facing/candidate-snapshots/ow14-s0093.json,4,4,true
728,proprietary_gpt,ow14-s0093,2,model-facing/candidate-snapshots/ow14-s0093.json,4,4,true
729,proprietary_gpt,ow14-s0093,3,model-facing/candidate-snapshots/ow14-s0093.json,4,4,true
730,proprietary_gpt,ow14-s0093,4,model-facing/candidate-snapshots/ow14-s0093.json,4,4,true
731,proprietary_gpt,ow14-s0093,5,model-facing/candidate-snapshots/ow14-s0093.json,4,4,true
732,proprietary_gpt,ow14-s0094,1,model-facing/candidate-snapshots/ow14-s0094.json,4,4,true
733,proprietary_gpt,ow14-s0094,2,model-facing/candidate-snapshots/ow14-s0094.json,4,4,true
734,proprietary_gpt,ow14-s0094,3,model-facing/candidate-snapshots/ow14-s0094.json,4,4,true
735,proprietary_gpt,ow14-s0094,4,model-facing/candidate-snapshots/ow14-s0094.json,4,4,true
736,proprietary_gpt,ow14-s0094,5,model-facing/candidate-snapshots/ow14-s0094.json,4,4,true
737,proprietary_gpt,ow14-s0095,1,model-facing/candidate-snapshots/ow14-s0095.json,4,4,true
738,proprietary_gpt,ow14-s0095,2,model-facing/candidate-snapshots/ow14-s0095.json,4,4,true
739,proprietary_gpt,ow14-s0095,3,model-facing/candidate-snapshots/ow14-s0095.json,4,4,true
740,proprietary_gpt,ow14-s0095,4,model-facing/candidate-snapshots/ow14-s0095.json,4,4,true
741,proprietary_gpt,ow14-s0095,5,model-facing/candidate-snapshots/ow14-s0095.json,4,4,true
742,proprietary_gpt,ow14-s0096,1,model-facing/candidate-snapshots/ow14-s0096.json,4,4,true
743,proprietary_gpt,ow14-s0096,2,model-facing/candidate-snapshots/ow14-s0096.json,4,4,true
744,proprietary_gpt,ow14-s0096,3,model-facing/candidate-snapshots/ow14-s0096.json,4,4,true
745,proprietary_gpt,ow14-s0096,4,model-facing/candidate-snapshots/ow14-s0096.json,4,4,true
746,proprietary_gpt,ow14-s0096,5,model-facing/candidate-snapshots/ow14-s0096.json,4,4,true
747,proprietary_gpt,ow14-s0097,1,model-facing/candidate-snapshots/ow14-s0097.json,4,4,true
748,proprietary_gpt,ow14-s0097,2,model-facing/candidate-snapshots/ow14-s0097.json,4,4,true
749,proprietary_gpt,ow14-s0097,3,model-facing/candidate-snapshots/ow14-s0097.json,4,4,true
750,proprietary_gpt,ow14-s0097,4,model-facing/candidate-snapshots/ow14-s0097.json,4,4,true
751,proprietary_gpt,ow14-s0097,5,model-facing/candidate-snapshots/ow14-s0097.json,4,4,true
752,proprietary_gpt,ow14-s0098,1,model-facing/candidate-snapshots/ow14-s0098.json,4,4,true
753,proprietary_gpt,ow14-s0098,2,model-facing/candidate-snapshots/ow14-s0098.json,4,4,true
754,proprietary_gpt,ow14-s0098,3,model-facing/candidate-snapshots/ow14-s0098.json,4,4,true
755,proprietary_gpt,ow14-s0098,4,model-facing/candidate-snapshots/ow14-s0098.json,4,4,true
756,proprietary_gpt,ow14-s0098,5,model-facing/candidate-snapshots/ow14-s0098.json,4,4,true
757,proprietary_gpt,ow14-s0099,1,model-facing/candidate-snapshots/ow14-s0099.json,4,4,true
758,proprietary_gpt,ow14-s0099,2,model-facing/candidate-snapshots/ow14-s0099.json,4,4,true
759,proprietary_gpt,ow14-s0099,3,model-facing/candidate-snapshots/ow14-s0099.json,4,4,true
760,proprietary_gpt,ow14-s0099,4,model-facing/candidate-snapshots/ow14-s0099.json,4,4,true
761,proprietary_gpt,ow14-s0099,5,model-facing/candidate-snapshots/ow14-s0099.json,4,4,true
762,proprietary_gpt,ow14-s0100,1,model-facing/candidate-snapshots/ow14-s0100.json,4,4,true
763,proprietary_gpt,ow14-s0100,2,model-facing/candidate-snapshots/ow14-s0100.json,4,4,true
764,proprietary_gpt,ow14-s0100,3,model-facing/candidate-snapshots/ow14-s0100.json,4,4,true
765,proprietary_gpt,ow14-s0100,4,model-facing/candidate-snapshots/ow14-s0100.json,4,4,true
766,proprietary_gpt,ow14-s0100,5,model-facing/candidate-snapshots/ow14-s0100.json,4,4,true
767,proprietary_gpt,ow14-s0101,1,model-facing/candidate-snapshots/ow14-s0101.json,4,4,true
768,proprietary_gpt,ow14-s0101,2,model-facing/candidate-snapshots/ow14-s0101.json,4,4,true
769,proprietary_gpt,ow14-s0101,3,model-facing/candidate-snapshots/ow14-s0101.json,4,4,true
770,proprietary_gpt,ow14-s0101,4,model-facing/candidate-snapshots/ow14-s0101.json,4,4,true
771,proprietary_gpt,ow14-s0101,5,model-facing/candidate-snapshots/ow14-s0101.json,4,4,true
772,proprietary_gpt,ow14-s0102,1,model-facing/candidate-snapshots/ow14-s0102.json,4,4,true
773,proprietary_gpt,ow14-s0102,2,model-facing/candidate-snapshots/ow14-s0102.json,4,4,true
774,proprietary_gpt,ow14-s0102,3,model-facing/candidate-snapshots/ow14-s0102.json,4,4,true
775,proprietary_gpt,ow14-s0102,4,model-facing/candidate-snapshots/ow14-s0102.json,4,4,true
776,proprietary_gpt,ow14-s0102,5,model-facing/candidate-snapshots/ow14-s0102.json,4,4,true
777,proprietary_gpt,ow14-s0103,1,model-facing/candidate-snapshots/ow14-s0103.json,4,4,true
778,proprietary_gpt,ow14-s0103,2,model-facing/candidate-snapshots/ow14-s0103.json,4,4,true
779,proprietary_gpt,ow14-s0103,3,model-facing/candidate-snapshots/ow14-s0103.json,4,4,true
780,proprietary_gpt,ow14-s0103,4,model-facing/candidate-snapshots/ow14-s0103.json,4,4,true
781,proprietary_gpt,ow14-s0103,5,model-facing/candidate-snapshots/ow14-s0103.json,4,4,true
782,proprietary_gpt,ow14-s0104,1,model-facing/candidate-snapshots/ow14-s0104.json,4,4,true
783,proprietary_gpt,ow14-s0104,2,model-facing/candidate-snapshots/ow14-s0104.json,4,4,true
784,proprietary_gpt,ow14-s0104,3,model-facing/candidate-snapshots/ow14-s0104.json,4,4,true
785,proprietary_gpt,ow14-s0104,4,model-facing/candidate-snapshots/ow14-s0104.json,4,4,true
786,proprietary_gpt,ow14-s0104,5,model-facing/candidate-snapshots/ow14-s0104.json,4,4,true
787,proprietary_gpt,ow14-s0105,1,model-facing/candidate-snapshots/ow14-s0105.json,4,4,true
788,proprietary_gpt,ow14-s0105,2,model-facing/candidate-snapshots/ow14-s0105.json,4,4,true
789,proprietary_gpt,ow14-s0105,3,model-facing/candidate-snapshots/ow14-s0105.json,4,4,true
790,proprietary_gpt,ow14-s0105,4,model-facing/candidate-snapshots/ow14-s0105.json,4,4,true
791,proprietary_gpt,ow14-s0105,5,model-facing/candidate-snapshots/ow14-s0105.json,4,4,true
792,proprietary_gpt,ow14-s0106,1,model-facing/candidate-snapshots/ow14-s0106.json,4,4,true
793,proprietary_gpt,ow14-s0106,2,model-facing/candidate-snapshots/ow14-s0106.json,4,4,true
794,proprietary_gpt,ow14-s0106,3,model-facing/candidate-snapshots/ow14-s0106.json,4,4,true
795,proprietary_gpt,ow14-s0106,4,model-facing/candidate-snapshots/ow14-s0106.json,4,4,true
796,proprietary_gpt,ow14-s0106,5,model-facing/candidate-snapshots/ow14-s0106.json,4,4,true
797,proprietary_gpt,ow14-s0107,1,model-facing/candidate-snapshots/ow14-s0107.json,4,4,true
798,proprietary_gpt,ow14-s0107,2,model-facing/candidate-snapshots/ow14-s0107.json,4,4,true
799,proprietary_gpt,ow14-s0107,3,model-facing/candidate-snapshots/ow14-s0107.json,4,4,true
800,proprietary_gpt,ow14-s0107,4,model-facing/candidate-snapshots/ow14-s0107.json,4,4,true
801,proprietary_gpt,ow14-s0107,5,model-facing/candidate-snapshots/ow14-s0107.json,4,4,true
802,proprietary_gpt,ow14-s0108,1,model-facing/candidate-snapshots/ow14-s0108.json,4,4,true
803,proprietary_gpt,ow14-s0108,2,model-facing/candidate-snapshots/ow14-s0108.json,4,4,true
804,proprietary_gpt,ow14-s0108,3,model-facing/candidate-snapshots/ow14-s0108.json,4,4,true
805,proprietary_gpt,ow14-s0108,4,model-facing/candidate-snapshots/ow14-s0108.json,4,4,true
806,proprietary_gpt,ow14-s0108,5,model-facing/candidate-snapshots/ow14-s0108.json,4,4,true
807,proprietary_gpt,ow14-s0109,1,model-facing/candidate-snapshots/ow14-s0109.json,4,4,true
808,proprietary_gpt,ow14-s0109,2,model-facing/candidate-snapshots/ow14-s0109.json,4,4,true
809,proprietary_gpt,ow14-s0109,3,model-facing/candidate-snapshots/ow14-s0109.json,4,4,true
810,proprietary_gpt,ow14-s0109,4,model-facing/candidate-snapshots/ow14-s0109.json,4,4,true
811,proprietary_gpt,ow14-s0109,5,model-facing/candidate-snapshots/ow14-s0109.json,4,4,true
812,proprietary_gpt,ow14-s0110,1,model-facing/candidate-snapshots/ow14-s0110.json,4,4,true
813,proprietary_gpt,ow14-s0110,2,model-facing/candidate-snapshots/ow14-s0110.json,4,4,true
814,proprietary_gpt,ow14-s0110,3,model-facing/candidate-snapshots/ow14-s0110.json,4,4,true
815,proprietary_gpt,ow14-s0110,4,model-facing/candidate-snapshots/ow14-s0110.json,4,4,true
816,proprietary_gpt,ow14-s0110,5,model-facing/candidate-snapshots/ow14-s0110.json,4,4,true
817,proprietary_gpt,ow14-s0111,1,model-facing/candidate-snapshots/ow14-s0111.json,4,4,true
818,proprietary_gpt,ow14-s0111,2,model-facing/candidate-snapshots/ow14-s0111.json,4,4,true
819,proprietary_gpt,ow14-s0111,3,model-facing/candidate-snapshots/ow14-s0111.json,4,4,true
820,proprietary_gpt,ow14-s0111,4,model-facing/candidate-snapshots/ow14-s0111.json,4,4,true
821,proprietary_gpt,ow14-s0111,5,model-facing/candidate-snapshots/ow14-s0111.json,4,4,true
822,proprietary_gpt,ow14-s0112,1,model-facing/candidate-snapshots/ow14-s0112.json,4,4,true
823,proprietary_gpt,ow14-s0112,2,model-facing/candidate-snapshots/ow14-s0112.json,4,4,true
824,proprietary_gpt,ow14-s0112,3,model-facing/candidate-snapshots/ow14-s0112.json,4,4,true
825,proprietary_gpt,ow14-s0112,4,model-facing/candidate-snapshots/ow14-s0112.json,4,4,true
826,proprietary_gpt,ow14-s0112,5,model-facing/candidate-snapshots/ow14-s0112.json,4,4,true
827,proprietary_gpt,ow14-s0113,1,model-facing/candidate-snapshots/ow14-s0113.json,4,4,true
828,proprietary_gpt,ow14-s0113,2,model-facing/candidate-snapshots/ow14-s0113.json,4,4,true
829,proprietary_gpt,ow14-s0113,3,model-facing/candidate-snapshots/ow14-s0113.json,4,4,true
830,proprietary_gpt,ow14-s0113,4,model-facing/candidate-snapshots/ow14-s0113.json,4,4,true
831,proprietary_gpt,ow14-s0113,5,model-facing/candidate-snapshots/ow14-s0113.json,4,4,true
832,proprietary_gpt,ow14-s0114,1,model-facing/candidate-snapshots/ow14-s0114.json,4,4,true
833,proprietary_gpt,ow14-s0114,2,model-facing/candidate-snapshots/ow14-s0114.json,4,4,true
834,proprietary_gpt,ow14-s0114,3,model-facing/candidate-snapshots/ow14-s0114.json,4,4,true
835,proprietary_gpt,ow14-s0114,4,model-facing/candidate-snapshots/ow14-s0114.json,4,4,true
836,proprietary_gpt,ow14-s0114,5,model-facing/candidate-snapshots/ow14-s0114.json,4,4,true
837,proprietary_gpt,ow14-s0115,1,model-facing/candidate-snapshots/ow14-s0115.json,4,4,true
838,proprietary_gpt,ow14-s0115,2,model-facing/candidate-snapshots/ow14-s0115.json,4,4,true
839,proprietary_gpt,ow14-s0115,3,model-facing/candidate-snapshots/ow14-s0115.json,4,4,true
840,proprietary_gpt,ow14-s0115,4,model-facing/candidate-snapshots/ow14-s0115.json,4,4,true
841,proprietary_gpt,ow14-s0115,5,model-facing/candidate-snapshots/ow14-s0115.json,4,4,true
842,proprietary_gpt,ow14-s0116,1,model-facing/candidate-snapshots/ow14-s0116.json,4,4,true
843,proprietary_gpt,ow14-s0116,2,model-facing/candidate-snapshots/ow14-s0116.json,4,4,true
844,proprietary_gpt,ow14-s0116,3,model-facing/candidate-snapshots/ow14-s0116.json,4,4,true
845,proprietary_gpt,ow14-s0116,4,model-facing/candidate-snapshots/ow14-s0116.json,4,4,true
846,proprietary_gpt,ow14-s0116,5,model-facing/candidate-snapshots/ow14-s0116.json,4,4,true
847,proprietary_gpt,ow14-s0117,1,model-facing/candidate-snapshots/ow14-s0117.json,4,4,true
848,proprietary_gpt,ow14-s0117,2,model-facing/candidate-snapshots/ow14-s0117.json,4,4,true
849,proprietary_gpt,ow14-s0117,3,model-facing/candidate-snapshots/ow14-s0117.json,4,4,true
850,proprietary_gpt,ow14-s0117,4,model-facing/candidate-snapshots/ow14-s0117.json,4,4,true
851,proprietary_gpt,ow14-s0117,5,model-facing/candidate-snapshots/ow14-s0117.json,4,4,true
852,proprietary_gpt,ow14-s0118,1,model-facing/candidate-snapshots/ow14-s0118.json,4,4,true
853,proprietary_gpt,ow14-s0118,2,model-facing/candidate-snapshots/ow14-s0118.json,4,4,true
854,proprietary_gpt,ow14-s0118,3,model-facing/candidate-snapshots/ow14-s0118.json,4,4,true
855,proprietary_gpt,ow14-s0118,4,model-facing/candidate-snapshots/ow14-s0118.json,4,4,true
856,proprietary_gpt,ow14-s0118,5,model-facing/candidate-snapshots/ow14-s0118.json,4,4,true
857,proprietary_gpt,ow14-s0119,1,model-facing/candidate-snapshots/ow14-s0119.json,4,4,true
858,proprietary_gpt,ow14-s0119,2,model-facing/candidate-snapshots/ow14-s0119.json,4,4,true
859,proprietary_gpt,ow14-s0119,3,model-facing/candidate-snapshots/ow14-s0119.json,4,4,true
860,proprietary_gpt,ow14-s0119,4,model-facing/candidate-snapshots/ow14-s0119.json,4,4,true
861,proprietary_gpt,ow14-s0119,5,model-facing/candidate-snapshots/ow14-s0119.json,4,4,true
862,proprietary_gpt,ow14-s0120,1,model-facing/candidate-snapshots/ow14-s0120.json,4,4,true
863,proprietary_gpt,ow14-s0120,2,model-facing/candidate-snapshots/ow14-s0120.json,4,4,true
864,proprietary_gpt,ow14-s0120,3,model-facing/candidate-snapshots/ow14-s0120.json,4,4,true
865,proprietary_gpt,ow14-s0120,4,model-facing/candidate-snapshots/ow14-s0120.json,4,4,true
866,proprietary_gpt,ow14-s0120,5,model-facing/candidate-snapshots/ow14-s0120.json,4,4,true
867,proprietary_gpt,ow14-s0121,1,model-facing/candidate-snapshots/ow14-s0121.json,4,4,true
868,proprietary_gpt,ow14-s0121,2,model-facing/candidate-snapshots/ow14-s0121.json,4,4,true
869,proprietary_gpt,ow14-s0121,3,model-facing/candidate-snapshots/ow14-s0121.json,4,4,true
870,proprietary_gpt,ow14-s0121,4,model-facing/candidate-snapshots/ow14-s0121.json,4,4,true
871,proprietary_gpt,ow14-s0121,5,model-facing/candidate-snapshots/ow14-s0121.json,4,4,true
872,proprietary_gpt,ow14-s0122,1,model-facing/candidate-snapshots/ow14-s0122.json,4,4,true
873,proprietary_gpt,ow14-s0122,2,model-facing/candidate-snapshots/ow14-s0122.json,4,4,true
874,proprietary_gpt,ow14-s0122,3,model-facing/candidate-snapshots/ow14-s0122.json,4,4,true
875,proprietary_gpt,ow14-s0122,4,model-facing/candidate-snapshots/ow14-s0122.json,4,4,true
876,proprietary_gpt,ow14-s0122,5,model-facing/candidate-snapshots/ow14-s0122.json,4,4,true
877,proprietary_gpt,ow14-s0123,1,model-facing/candidate-snapshots/ow14-s0123.json,4,4,true
878,proprietary_gpt,ow14-s0123,2,model-facing/candidate-snapshots/ow14-s0123.json,4,4,true
879,proprietary_gpt,ow14-s0123,3,model-facing/candidate-snapshots/ow14-s0123.json,4,4,true
880,proprietary_gpt,ow14-s0123,4,model-facing/candidate-snapshots/ow14-s0123.json,4,4,true
881,proprietary_gpt,ow14-s0123,5,model-facing/candidate-snapshots/ow14-s0123.json,4,4,true
882,proprietary_gpt,ow14-s0124,1,model-facing/candidate-snapshots/ow14-s0124.json,4,4,true
883,proprietary_gpt,ow14-s0124,2,model-facing/candidate-snapshots/ow14-s0124.json,4,4,true
884,proprietary_gpt,ow14-s0124,3,model-facing/candidate-snapshots/ow14-s0124.json,4,4,true
885,proprietary_gpt,ow14-s0124,4,model-facing/candidate-snapshots/ow14-s0124.json,4,4,true
886,proprietary_gpt,ow14-s0124,5,model-facing/candidate-snapshots/ow14-s0124.json,4,4,true
887,proprietary_gpt,ow14-s0125,1,model-facing/candidate-snapshots/ow14-s0125.json,4,4,true
888,proprietary_gpt,ow14-s0125,2,model-facing/candidate-snapshots/ow14-s0125.json,4,4,true
889,proprietary_gpt,ow14-s0125,3,model-facing/candidate-snapshots/ow14-s0125.json,4,4,true
890,proprietary_gpt,ow14-s0125,4,model-facing/candidate-snapshots/ow14-s0125.json,4,4,true
891,proprietary_gpt,ow14-s0125,5,model-facing/candidate-snapshots/ow14-s0125.json,4,4,true
892,proprietary_gpt,ow14-s0126,1,model-facing/candidate-snapshots/ow14-s0126.json,4,4,true
893,proprietary_gpt,ow14-s0126,2,model-facing/candidate-snapshots/ow14-s0126.json,4,4,true
894,proprietary_gpt,ow14-s0126,3,model-facing/candidate-snapshots/ow14-s0126.json,4,4,true
895,proprietary_gpt,ow14-s0126,4,model-facing/candidate-snapshots/ow14-s0126.json,4,4,true
896,proprietary_gpt,ow14-s0126,5,model-facing/candidate-snapshots/ow14-s0126.json,4,4,true
897,proprietary_gpt,ow14-s0127,1,model-facing/candidate-snapshots/ow14-s0127.json,4,4,true
898,proprietary_gpt,ow14-s0127,2,model-facing/candidate-snapshots/ow14-s0127.json,4,4,true
899,proprietary_gpt,ow14-s0127,3,model-facing/candidate-snapshots/ow14-s0127.json,4,4,true
900,proprietary_gpt,ow14-s0127,4,model-facing/candidate-snapshots/ow14-s0127.json,4,4,true
901,proprietary_gpt,ow14-s0127,5,model-facing/candidate-snapshots/ow14-s0127.json,4,4,true
902,proprietary_gpt,ow14-s0128,1,model-facing/candidate-snapshots/ow14-s0128.json,4,4,true
903,proprietary_gpt,ow14-s0128,2,model-facing/candidate-snapshots/ow14-s0128.json,4,4,true
904,proprietary_gpt,ow14-s0128,3,model-facing/candidate-snapshots/ow14-s0128.json,4,4,true
905,proprietary_gpt,ow14-s0128,4,model-facing/candidate-snapshots/ow14-s0128.json,4,4,true
906,proprietary_gpt,ow14-s0128,5,model-facing/candidate-snapshots/ow14-s0128.json,4,4,true
907,proprietary_gpt,ow14-s0129,1,model-facing/candidate-snapshots/ow14-s0129.json,4,4,true
908,proprietary_gpt,ow14-s0129,2,model-facing/candidate-snapshots/ow14-s0129.json,4,4,true
909,proprietary_gpt,ow14-s0129,3,model-facing/candidate-snapshots/ow14-s0129.json,4,4,true
910,proprietary_gpt,ow14-s0129,4,model-facing/candidate-snapshots/ow14-s0129.json,4,4,true
911,proprietary_gpt,ow14-s0129,5,model-facing/candidate-snapshots/ow14-s0129.json,4,4,true
912,proprietary_gpt,ow14-s0130,1,model-facing/candidate-snapshots/ow14-s0130.json,4,4,true
913,proprietary_gpt,ow14-s0130,2,model-facing/candidate-snapshots/ow14-s0130.json,4,4,true
914,proprietary_gpt,ow14-s0130,3,model-facing/candidate-snapshots/ow14-s0130.json,4,4,true
915,proprietary_gpt,ow14-s0130,4,model-facing/candidate-snapshots/ow14-s0130.json,4,4,true
916,proprietary_gpt,ow14-s0130,5,model-facing/candidate-snapshots/ow14-s0130.json,4,4,true
917,proprietary_gpt,ow14-s0131,1,model-facing/candidate-snapshots/ow14-s0131.json,4,4,true
918,proprietary_gpt,ow14-s0131,2,model-facing/candidate-snapshots/ow14-s0131.json,4,4,true
919,proprietary_gpt,ow14-s0131,3,model-facing/candidate-snapshots/ow14-s0131.json,4,4,true
920,proprietary_gpt,ow14-s0131,4,model-facing/candidate-snapshots/ow14-s0131.json,4,4,true
921,proprietary_gpt,ow14-s0131,5,model-facing/candidate-snapshots/ow14-s0131.json,4,4,true
922,proprietary_gpt,ow14-s0132,1,model-facing/candidate-snapshots/ow14-s0132.json,4,4,true
923,proprietary_gpt,ow14-s0132,2,model-facing/candidate-snapshots/ow14-s0132.json,4,4,true
924,proprietary_gpt,ow14-s0132,3,model-facing/candidate-snapshots/ow14-s0132.json,4,4,true
925,proprietary_gpt,ow14-s0132,4,model-facing/candidate-snapshots/ow14-s0132.json,4,4,true
926,proprietary_gpt,ow14-s0132,5,model-facing/candidate-snapshots/ow14-s0132.json,4,4,true
927,proprietary_gpt,ow14-s0133,1,model-facing/candidate-snapshots/ow14-s0133.json,4,4,true
928,proprietary_gpt,ow14-s0133,2,model-facing/candidate-snapshots/ow14-s0133.json,4,4,true
929,proprietary_gpt,ow14-s0133,3,model-facing/candidate-snapshots/ow14-s0133.json,4,4,true
930,proprietary_gpt,ow14-s0133,4,model-facing/candidate-snapshots/ow14-s0133.json,4,4,true
931,proprietary_gpt,ow14-s0133,5,model-facing/candidate-snapshots/ow14-s0133.json,4,4,true
932,proprietary_gpt,ow14-s0134,1,model-facing/candidate-snapshots/ow14-s0134.json,4,4,true
933,proprietary_gpt,ow14-s0134,2,model-facing/candidate-snapshots/ow14-s0134.json,4,4,true
934,proprietary_gpt,ow14-s0134,3,model-facing/candidate-snapshots/ow14-s0134.json,4,4,true
935,proprietary_gpt,ow14-s0134,4,model-facing/candidate-snapshots/ow14-s0134.json,4,4,true
936,proprietary_gpt,ow14-s0134,5,model-facing/candidate-snapshots/ow14-s0134.json,4,4,true
937,proprietary_gpt,ow14-s0135,1,model-facing/candidate-snapshots/ow14-s0135.json,4,4,true
938,proprietary_gpt,ow14-s0135,2,model-facing/candidate-snapshots/ow14-s0135.json,4,4,true
939,proprietary_gpt,ow14-s0135,3,model-facing/candidate-snapshots/ow14-s0135.json,4,4,true
940,proprietary_gpt,ow14-s0135,4,model-facing/candidate-snapshots/ow14-s0135.json,4,4,true
941,proprietary_gpt,ow14-s0135,5,model-facing/candidate-snapshots/ow14-s0135.json,4,4,true
942,proprietary_gpt,ow14-s0136,1,model-facing/candidate-snapshots/ow14-s0136.json,4,4,true
943,proprietary_gpt,ow14-s0136,2,model-facing/candidate-snapshots/ow14-s0136.json,4,4,true
944,proprietary_gpt,ow14-s0136,3,model-facing/candidate-snapshots/ow14-s0136.json,4,4,true
945,proprietary_gpt,ow14-s0136,4,model-facing/candidate-snapshots/ow14-s0136.json,4,4,true
946,proprietary_gpt,ow14-s0136,5,model-facing/candidate-snapshots/ow14-s0136.json,4,4,true
947,proprietary_gpt,ow14-s0137,1,model-facing/candidate-snapshots/ow14-s0137.json,4,4,true
948,proprietary_gpt,ow14-s0137,2,model-facing/candidate-snapshots/ow14-s0137.json,4,4,true
949,proprietary_gpt,ow14-s0137,3,model-facing/candidate-snapshots/ow14-s0137.json,4,4,true
950,proprietary_gpt,ow14-s0137,4,model-facing/candidate-snapshots/ow14-s0137.json,4,4,true
951,proprietary_gpt,ow14-s0137,5,model-facing/candidate-snapshots/ow14-s0137.json,4,4,true
952,proprietary_gpt,ow14-s0138,1,model-facing/candidate-snapshots/ow14-s0138.json,4,4,true
953,proprietary_gpt,ow14-s0138,2,model-facing/candidate-snapshots/ow14-s0138.json,4,4,true
954,proprietary_gpt,ow14-s0138,3,model-facing/candidate-snapshots/ow14-s0138.json,4,4,true
955,proprietary_gpt,ow14-s0138,4,model-facing/candidate-snapshots/ow14-s0138.json,4,4,true
956,proprietary_gpt,ow14-s0138,5,model-facing/candidate-snapshots/ow14-s0138.json,4,4,true
957,proprietary_gpt,ow14-s0139,1,model-facing/candidate-snapshots/ow14-s0139.json,4,4,true
958,proprietary_gpt,ow14-s0139,2,model-facing/candidate-snapshots/ow14-s0139.json,4,4,true
959,proprietary_gpt,ow14-s0139,3,model-facing/candidate-snapshots/ow14-s0139.json,4,4,true
960,proprietary_gpt,ow14-s0139,4,model-facing/candidate-snapshots/ow14-s0139.json,4,4,true
961,proprietary_gpt,ow14-s0139,5,model-facing/candidate-snapshots/ow14-s0139.json,4,4,true
962,proprietary_gpt,ow14-s0140,1,model-facing/candidate-snapshots/ow14-s0140.json,4,4,true
963,proprietary_gpt,ow14-s0140,2,model-facing/candidate-snapshots/ow14-s0140.json,4,4,true
964,proprietary_gpt,ow14-s0140,3,model-facing/candidate-snapshots/ow14-s0140.json,4,4,true
965,proprietary_gpt,ow14-s0140,4,model-facing/candidate-snapshots/ow14-s0140.json,4,4,true
966,proprietary_gpt,ow14-s0140,5,model-facing/candidate-snapshots/ow14-s0140.json,4,4,true
967,proprietary_gpt,ow14-s0141,1,model-facing/candidate-snapshots/ow14-s0141.json,4,4,true
968,proprietary_gpt,ow14-s0141,2,model-facing/candidate-snapshots/ow14-s0141.json,4,4,true
969,proprietary_gpt,ow14-s0141,3,model-facing/candidate-snapshots/ow14-s0141.json,4,4,true
970,proprietary_gpt,ow14-s0141,4,model-facing/candidate-snapshots/ow14-s0141.json,4,4,true
971,proprietary_gpt,ow14-s0141,5,model-facing/candidate-snapshots/ow14-s0141.json,4,4,true
972,proprietary_gpt,ow14-s0142,1,model-facing/candidate-snapshots/ow14-s0142.json,4,4,true
973,proprietary_gpt,ow14-s0142,2,model-facing/candidate-snapshots/ow14-s0142.json,4,4,true
974,proprietary_gpt,ow14-s0142,3,model-facing/candidate-snapshots/ow14-s0142.json,4,4,true
975,proprietary_gpt,ow14-s0142,4,model-facing/candidate-snapshots/ow14-s0142.json,4,4,true
976,proprietary_gpt,ow14-s0142,5,model-facing/candidate-snapshots/ow14-s0142.json,4,4,true
977,proprietary_gpt,ow14-s0143,1,model-facing/candidate-snapshots/ow14-s0143.json,4,4,true
978,proprietary_gpt,ow14-s0143,2,model-facing/candidate-snapshots/ow14-s0143.json,4,4,true
979,proprietary_gpt,ow14-s0143,3,model-facing/candidate-snapshots/ow14-s0143.json,4,4,true
980,proprietary_gpt,ow14-s0143,4,model-facing/candidate-snapshots/ow14-s0143.json,4,4,true
981,proprietary_gpt,ow14-s0143,5,model-facing/candidate-snapshots/ow14-s0143.json,4,4,true
982,proprietary_gpt,ow14-s0144,1,model-facing/candidate-snapshots/ow14-s0144.json,4,4,true
983,proprietary_gpt,ow14-s0144,2,model-facing/candidate-snapshots/ow14-s0144.json,4,4,true
984,proprietary_gpt,ow14-s0144,3,model-facing/candidate-snapshots/ow14-s0144.json,4,4,true
985,proprietary_gpt,ow14-s0144,4,model-facing/candidate-snapshots/ow14-s0144.json,4,4,true
986,proprietary_gpt,ow14-s0144,5,model-facing/candidate-snapshots/ow14-s0144.json,4,4,true
987,proprietary_gpt,ow14-s0145,1,model-facing/candidate-snapshots/ow14-s0145.json,4,4,true
988,proprietary_gpt,ow14-s0145,2,model-facing/candidate-snapshots/ow14-s0145.json,4,4,true
989,proprietary_gpt,ow14-s0145,3,model-facing/candidate-snapshots/ow14-s0145.json,4,4,true
990,proprietary_gpt,ow14-s0145,4,model-facing/candidate-snapshots/ow14-s0145.json,4,4,true
991,proprietary_gpt,ow14-s0145,5,model-facing/candidate-snapshots/ow14-s0145.json,4,4,true
992,proprietary_gpt,ow14-s0146,1,model-facing/candidate-snapshots/ow14-s0146.json,4,4,true
993,proprietary_gpt,ow14-s0146,2,model-facing/candidate-snapshots/ow14-s0146.json,4,4,true
994,proprietary_gpt,ow14-s0146,3,model-facing/candidate-snapshots/ow14-s0146.json,4,4,true
995,proprietary_gpt,ow14-s0146,4,model-facing/candidate-snapshots/ow14-s0146.json,4,4,true
996,proprietary_gpt,ow14-s0146,5,model-facing/candidate-snapshots/ow14-s0146.json,4,4,true
997,proprietary_gpt,ow14-s0147,1,model-facing/candidate-snapshots/ow14-s0147.json,4,4,true
998,proprietary_gpt,ow14-s0147,2,model-facing/candidate-snapshots/ow14-s0147.json,4,4,true
999,proprietary_gpt,ow14-s0147,3,model-facing/candidate-snapshots/ow14-s0147.json,4,4,true
1000,proprietary_gpt,ow14-s0147,4,model-facing/candidate-snapshots/ow14-s0147.json,4,4,true
1001,proprietary_gpt,ow14-s0147,5,model-facing/candidate-snapshots/ow14-s0147.json,4,4,true
1002,proprietary_gpt,ow14-s0148,1,model-facing/candidate-snapshots/ow14-s0148.json,4,4,true
1003,proprietary_gpt,ow14-s0148,2,model-facing/candidate-snapshots/ow14-s0148.json,4,4,true
1004,proprietary_gpt,ow14-s0148,3,model-facing/candidate-snapshots/ow14-s0148.json,4,4,true
1005,proprietary_gpt,ow14-s0148,4,model-facing/candidate-snapshots/ow14-s0148.json,4,4,true
1006,proprietary_gpt,ow14-s0148,5,model-facing/candidate-snapshots/ow14-s0148.json,4,4,true
1007,proprietary_gpt,ow14-s0149,1,model-facing/candidate-snapshots/ow14-s0149.json,4,4,true
1008,proprietary_gpt,ow14-s0149,2,model-facing/candidate-snapshots/ow14-s0149.json,4,4,true
1009,proprietary_gpt,ow14-s0149,3,model-facing/candidate-snapshots/ow14-s0149.json,4,4,true
1010,proprietary_gpt,ow14-s0149,4,model-facing/candidate-snapshots/ow14-s0149.json,4,4,true
1011,proprietary_gpt,ow14-s0149,5,model-facing/candidate-snapshots/ow14-s0149.json,4,4,true
1012,proprietary_gpt,ow14-s0150,1,model-facing/candidate-snapshots/ow14-s0150.json,4,4,true
1013,proprietary_gpt,ow14-s0150,2,model-facing/candidate-snapshots/ow14-s0150.json,4,4,true
1014,proprietary_gpt,ow14-s0150,3,model-facing/candidate-snapshots/ow14-s0150.json,4,4,true
1015,proprietary_gpt,ow14-s0150,4,model-facing/candidate-snapshots/ow14-s0150.json,4,4,true
1016,proprietary_gpt,ow14-s0150,5,model-facing/candidate-snapshots/ow14-s0150.json,4,4,true
1017,proprietary_gpt,ow14-s0151,1,model-facing/candidate-snapshots/ow14-s0151.json,4,4,true
1018,proprietary_gpt,ow14-s0151,2,model-facing/candidate-snapshots/ow14-s0151.json,4,4,true
1019,proprietary_gpt,ow14-s0151,3,model-facing/candidate-snapshots/ow14-s0151.json,4,4,true
1020,proprietary_gpt,ow14-s0151,4,model-facing/candidate-snapshots/ow14-s0151.json,4,4,true
1021,proprietary_gpt,ow14-s0151,5,model-facing/candidate-snapshots/ow14-s0151.json,4,4,true
1022,proprietary_gpt,ow14-s0152,1,model-facing/candidate-snapshots/ow14-s0152.json,4,4,true
1023,proprietary_gpt,ow14-s0152,2,model-facing/candidate-snapshots/ow14-s0152.json,4,4,true
1024,proprietary_gpt,ow14-s0152,3,model-facing/candidate-snapshots/ow14-s0152.json,4,4,true
1025,proprietary_gpt,ow14-s0152,4,model-facing/candidate-snapshots/ow14-s0152.json,4,4,true
1026,proprietary_gpt,ow14-s0152,5,model-facing/candidate-snapshots/ow14-s0152.json,4,4,true
1027,proprietary_gpt,ow14-s0153,1,model-facing/candidate-snapshots/ow14-s0153.json,4,4,true
1028,proprietary_gpt,ow14-s0153,2,model-facing/candidate-snapshots/ow14-s0153.json,4,4,true
1029,proprietary_gpt,ow14-s0153,3,model-facing/candidate-snapshots/ow14-s0153.json,4,4,true
1030,proprietary_gpt,ow14-s0153,4,model-facing/candidate-snapshots/ow14-s0153.json,4,4,true
1031,proprietary_gpt,ow14-s0153,5,model-facing/candidate-snapshots/ow14-s0153.json,4,4,true
1032,proprietary_gpt,ow14-s0154,1,model-facing/candidate-snapshots/ow14-s0154.json,4,4,true
1033,proprietary_gpt,ow14-s0154,2,model-facing/candidate-snapshots/ow14-s0154.json,4,4,true
1034,proprietary_gpt,ow14-s0154,3,model-facing/candidate-snapshots/ow14-s0154.json,4,4,true
1035,proprietary_gpt,ow14-s0154,4,model-facing/candidate-snapshots/ow14-s0154.json,4,4,true
1036,proprietary_gpt,ow14-s0154,5,model-facing/candidate-snapshots/ow14-s0154.json,4,4,true
1037,proprietary_gpt,ow14-s0155,1,model-facing/candidate-snapshots/ow14-s0155.json,4,4,true
1038,proprietary_gpt,ow14-s0155,2,model-facing/candidate-snapshots/ow14-s0155.json,4,4,true
1039,proprietary_gpt,ow14-s0155,3,model-facing/candidate-snapshots/ow14-s0155.json,4,4,true
1040,proprietary_gpt,ow14-s0155,4,model-facing/candidate-snapshots/ow14-s0155.json,4,4,true
1041,proprietary_gpt,ow14-s0155,5,model-facing/candidate-snapshots/ow14-s0155.json,4,4,true
1042,proprietary_gpt,ow14-s0156,1,model-facing/candidate-snapshots/ow14-s0156.json,4,4,true
1043,proprietary_gpt,ow14-s0156,2,model-facing/candidate-snapshots/ow14-s0156.json,4,4,true
1044,proprietary_gpt,ow14-s0156,3,model-facing/candidate-snapshots/ow14-s0156.json,4,4,true
1045,proprietary_gpt,ow14-s0156,4,model-facing/candidate-snapshots/ow14-s0156.json,4,4,true
1046,proprietary_gpt,ow14-s0156,5,model-facing/candidate-snapshots/ow14-s0156.json,4,4,true
1047,proprietary_gpt,ow14-s0157,1,model-facing/candidate-snapshots/ow14-s0157.json,4,4,true
1048,proprietary_gpt,ow14-s0157,2,model-facing/candidate-snapshots/ow14-s0157.json,4,4,true
1049,proprietary_gpt,ow14-s0157,3,model-facing/candidate-snapshots/ow14-s0157.json,4,4,true
1050,proprietary_gpt,ow14-s0157,4,model-facing/candidate-snapshots/ow14-s0157.json,4,4,true
1051,proprietary_gpt,ow14-s0157,5,model-facing/candidate-snapshots/ow14-s0157.json,4,4,true
1052,proprietary_gpt,ow14-s0158,1,model-facing/candidate-snapshots/ow14-s0158.json,4,4,true
1053,proprietary_gpt,ow14-s0158,2,model-facing/candidate-snapshots/ow14-s0158.json,4,4,true
1054,proprietary_gpt,ow14-s0158,3,model-facing/candidate-snapshots/ow14-s0158.json,4,4,true
1055,proprietary_gpt,ow14-s0158,4,model-facing/candidate-snapshots/ow14-s0158.json,4,4,true
1056,proprietary_gpt,ow14-s0158,5,model-facing/candidate-snapshots/ow14-s0158.json,4,4,true
1057,proprietary_gpt,ow14-s0159,1,model-facing/candidate-snapshots/ow14-s0159.json,4,4,true
1058,proprietary_gpt,ow14-s0159,2,model-facing/candidate-snapshots/ow14-s0159.json,4,4,true
1059,proprietary_gpt,ow14-s0159,3,model-facing/candidate-snapshots/ow14-s0159.json,4,4,true
1060,proprietary_gpt,ow14-s0159,4,model-facing/candidate-snapshots/ow14-s0159.json,4,4,true
1061,proprietary_gpt,ow14-s0159,5,model-facing/candidate-snapshots/ow14-s0159.json,4,4,true
1062,proprietary_gpt,ow14-s0160,1,model-facing/candidate-snapshots/ow14-s0160.json,4,4,true
1063,proprietary_gpt,ow14-s0160,2,model-facing/candidate-snapshots/ow14-s0160.json,4,4,true
1064,proprietary_gpt,ow14-s0160,3,model-facing/candidate-snapshots/ow14-s0160.json,4,4,true
1065,proprietary_gpt,ow14-s0160,4,model-facing/candidate-snapshots/ow14-s0160.json,4,4,true
1066,proprietary_gpt,ow14-s0160,5,model-facing/candidate-snapshots/ow14-s0160.json,4,4,true
1067,proprietary_gpt,ow14-s0161,1,model-facing/candidate-snapshots/ow14-s0161.json,4,4,true
1068,proprietary_gpt,ow14-s0161,2,model-facing/candidate-snapshots/ow14-s0161.json,4,4,true
1069,proprietary_gpt,ow14-s0161,3,model-facing/candidate-snapshots/ow14-s0161.json,4,4,true
1070,proprietary_gpt,ow14-s0161,4,model-facing/candidate-snapshots/ow14-s0161.json,4,4,true
1071,proprietary_gpt,ow14-s0161,5,model-facing/candidate-snapshots/ow14-s0161.json,4,4,true
1072,proprietary_gpt,ow14-s0162,1,model-facing/candidate-snapshots/ow14-s0162.json,4,4,true
1073,proprietary_gpt,ow14-s0162,2,model-facing/candidate-snapshots/ow14-s0162.json,4,4,true
1074,proprietary_gpt,ow14-s0162,3,model-facing/candidate-snapshots/ow14-s0162.json,4,4,true
1075,proprietary_gpt,ow14-s0162,4,model-facing/candidate-snapshots/ow14-s0162.json,4,4,true
1076,proprietary_gpt,ow14-s0162,5,model-facing/candidate-snapshots/ow14-s0162.json,4,4,true
1077,proprietary_gpt,ow14-s0163,1,model-facing/candidate-snapshots/ow14-s0163.json,4,4,true
1078,proprietary_gpt,ow14-s0163,2,model-facing/candidate-snapshots/ow14-s0163.json,4,4,true
1079,proprietary_gpt,ow14-s0163,3,model-facing/candidate-snapshots/ow14-s0163.json,4,4,true
1080,proprietary_gpt,ow14-s0163,4,model-facing/candidate-snapshots/ow14-s0163.json,4,4,true
1081,proprietary_gpt,ow14-s0163,5,model-facing/candidate-snapshots/ow14-s0163.json,4,4,true
1082,proprietary_gpt,ow14-s0164,1,model-facing/candidate-snapshots/ow14-s0164.json,4,4,true
1083,proprietary_gpt,ow14-s0164,2,model-facing/candidate-snapshots/ow14-s0164.json,4,4,true
1084,proprietary_gpt,ow14-s0164,3,model-facing/candidate-snapshots/ow14-s0164.json,4,4,true
1085,proprietary_gpt,ow14-s0164,4,model-facing/candidate-snapshots/ow14-s0164.json,4,4,true
1086,proprietary_gpt,ow14-s0164,5,model-facing/candidate-snapshots/ow14-s0164.json,4,4,true
1087,proprietary_gpt,ow14-s0165,1,model-facing/candidate-snapshots/ow14-s0165.json,4,4,true
1088,proprietary_gpt,ow14-s0165,2,model-facing/candidate-snapshots/ow14-s0165.json,4,4,true
1089,proprietary_gpt,ow14-s0165,3,model-facing/candidate-snapshots/ow14-s0165.json,4,4,true
1090,proprietary_gpt,ow14-s0165,4,model-facing/candidate-snapshots/ow14-s0165.json,4,4,true
1091,proprietary_gpt,ow14-s0165,5,model-facing/candidate-snapshots/ow14-s0165.json,4,4,true
1092,proprietary_gpt,ow14-s0166,1,model-facing/candidate-snapshots/ow14-s0166.json,4,4,true
1093,proprietary_gpt,ow14-s0166,2,model-facing/candidate-snapshots/ow14-s0166.json,4,4,true
1094,proprietary_gpt,ow14-s0166,3,model-facing/candidate-snapshots/ow14-s0166.json,4,4,true
1095,proprietary_gpt,ow14-s0166,4,model-facing/candidate-snapshots/ow14-s0166.json,4,4,true
1096,proprietary_gpt,ow14-s0166,5,model-facing/candidate-snapshots/ow14-s0166.json,4,4,true
1097,proprietary_gpt,ow14-s0167,1,model-facing/candidate-snapshots/ow14-s0167.json,4,4,true
1098,proprietary_gpt,ow14-s0167,2,model-facing/candidate-snapshots/ow14-s0167.json,4,4,true
1099,proprietary_gpt,ow14-s0167,3,model-facing/candidate-snapshots/ow14-s0167.json,4,4,true
1100,proprietary_gpt,ow14-s0167,4,model-facing/candidate-snapshots/ow14-s0167.json,4,4,true
1101,proprietary_gpt,ow14-s0167,5,model-facing/candidate-snapshots/ow14-s0167.json,4,4,true
1102,proprietary_gpt,ow14-s0168,1,model-facing/candidate-snapshots/ow14-s0168.json,4,4,true
1103,proprietary_gpt,ow14-s0168,2,model-facing/candidate-snapshots/ow14-s0168.json,4,4,true
1104,proprietary_gpt,ow14-s0168,3,model-facing/candidate-snapshots/ow14-s0168.json,4,4,true
1105,proprietary_gpt,ow14-s0168,4,model-facing/candidate-snapshots/ow14-s0168.json,4,4,true
1106,proprietary_gpt,ow14-s0168,5,model-facing/candidate-snapshots/ow14-s0168.json,4,4,true
1107,proprietary_gpt,ow14-s0169,1,model-facing/candidate-snapshots/ow14-s0169.json,4,4,true
1108,proprietary_gpt,ow14-s0169,2,model-facing/candidate-snapshots/ow14-s0169.json,4,4,true
1109,proprietary_gpt,ow14-s0169,3,model-facing/candidate-snapshots/ow14-s0169.json,4,4,true
1110,proprietary_gpt,ow14-s0169,4,model-facing/candidate-snapshots/ow14-s0169.json,4,4,true
1111,proprietary_gpt,ow14-s0169,5,model-facing/candidate-snapshots/ow14-s0169.json,4,4,true
1112,proprietary_gpt,ow14-s0170,1,model-facing/candidate-snapshots/ow14-s0170.json,4,4,true
1113,proprietary_gpt,ow14-s0170,2,model-facing/candidate-snapshots/ow14-s0170.json,4,4,true
1114,proprietary_gpt,ow14-s0170,3,model-facing/candidate-snapshots/ow14-s0170.json,4,4,true
1115,proprietary_gpt,ow14-s0170,4,model-facing/candidate-snapshots/ow14-s0170.json,4,4,true
1116,proprietary_gpt,ow14-s0170,5,model-facing/candidate-snapshots/ow14-s0170.json,4,4,true
1117,proprietary_gpt,ow14-s0171,1,model-facing/candidate-snapshots/ow14-s0171.json,4,4,true
1118,proprietary_gpt,ow14-s0171,2,model-facing/candidate-snapshots/ow14-s0171.json,4,4,true
1119,proprietary_gpt,ow14-s0171,3,model-facing/candidate-snapshots/ow14-s0171.json,4,4,true
1120,proprietary_gpt,ow14-s0171,4,model-facing/candidate-snapshots/ow14-s0171.json,4,4,true
1121,proprietary_gpt,ow14-s0171,5,model-facing/candidate-snapshots/ow14-s0171.json,4,4,true
1122,proprietary_gpt,ow14-s0172,1,model-facing/candidate-snapshots/ow14-s0172.json,4,4,true
1123,proprietary_gpt,ow14-s0172,2,model-facing/candidate-snapshots/ow14-s0172.json,4,4,true
1124,proprietary_gpt,ow14-s0172,3,model-facing/candidate-snapshots/ow14-s0172.json,4,4,true
1125,proprietary_gpt,ow14-s0172,4,model-facing/candidate-snapshots/ow14-s0172.json,4,4,true
1126,proprietary_gpt,ow14-s0172,5,model-facing/candidate-snapshots/ow14-s0172.json,4,4,true
1127,proprietary_gpt,ow14-s0173,1,model-facing/candidate-snapshots/ow14-s0173.json,4,4,true
1128,proprietary_gpt,ow14-s0173,2,model-facing/candidate-snapshots/ow14-s0173.json,4,4,true
1129,proprietary_gpt,ow14-s0173,3,model-facing/candidate-snapshots/ow14-s0173.json,4,4,true
1130,proprietary_gpt,ow14-s0173,4,model-facing/candidate-snapshots/ow14-s0173.json,4,4,true
1131,proprietary_gpt,ow14-s0173,5,model-facing/candidate-snapshots/ow14-s0173.json,4,4,true
1132,proprietary_gpt,ow14-s0174,1,model-facing/candidate-snapshots/ow14-s0174.json,4,4,true
1133,proprietary_gpt,ow14-s0174,2,model-facing/candidate-snapshots/ow14-s0174.json,4,4,true
1134,proprietary_gpt,ow14-s0174,3,model-facing/candidate-snapshots/ow14-s0174.json,4,4,true
1135,proprietary_gpt,ow14-s0174,4,model-facing/candidate-snapshots/ow14-s0174.json,4,4,true
1136,proprietary_gpt,ow14-s0174,5,model-facing/candidate-snapshots/ow14-s0174.json,4,4,true
1137,proprietary_gpt,ow14-s0175,1,model-facing/candidate-snapshots/ow14-s0175.json,4,4,true
1138,proprietary_gpt,ow14-s0175,2,model-facing/candidate-snapshots/ow14-s0175.json,4,4,true
1139,proprietary_gpt,ow14-s0175,3,model-facing/candidate-snapshots/ow14-s0175.json,4,4,true
1140,proprietary_gpt,ow14-s0175,4,model-facing/candidate-snapshots/ow14-s0175.json,4,4,true
1141,proprietary_gpt,ow14-s0175,5,model-facing/candidate-snapshots/ow14-s0175.json,4,4,true
1142,proprietary_gpt,ow14-s0176,1,model-facing/candidate-snapshots/ow14-s0176.json,4,4,true
1143,proprietary_gpt,ow14-s0176,2,model-facing/candidate-snapshots/ow14-s0176.json,4,4,true
1144,proprietary_gpt,ow14-s0176,3,model-facing/candidate-snapshots/ow14-s0176.json,4,4,true
1145,proprietary_gpt,ow14-s0176,4,model-facing/candidate-snapshots/ow14-s0176.json,4,4,true
1146,proprietary_gpt,ow14-s0176,5,model-facing/candidate-snapshots/ow14-s0176.json,4,4,true
1147,proprietary_gpt,ow14-s0177,1,model-facing/candidate-snapshots/ow14-s0177.json,4,4,true
1148,proprietary_gpt,ow14-s0177,2,model-facing/candidate-snapshots/ow14-s0177.json,4,4,true
1149,proprietary_gpt,ow14-s0177,3,model-facing/candidate-snapshots/ow14-s0177.json,4,4,true
1150,proprietary_gpt,ow14-s0177,4,model-facing/candidate-snapshots/ow14-s0177.json,4,4,true
1151,proprietary_gpt,ow14-s0177,5,model-facing/candidate-snapshots/ow14-s0177.json,4,4,true
1152,proprietary_gpt,ow14-s0178,1,model-facing/candidate-snapshots/ow14-s0178.json,4,4,true
1153,proprietary_gpt,ow14-s0178,2,model-facing/candidate-snapshots/ow14-s0178.json,4,4,true
1154,proprietary_gpt,ow14-s0178,3,model-facing/candidate-snapshots/ow14-s0178.json,4,4,true
1155,proprietary_gpt,ow14-s0178,4,model-facing/candidate-snapshots/ow14-s0178.json,4,4,true
1156,proprietary_gpt,ow14-s0178,5,model-facing/candidate-snapshots/ow14-s0178.json,4,4,true
1157,proprietary_gpt,ow14-s0179,1,model-facing/candidate-snapshots/ow14-s0179.json,4,4,true
1158,proprietary_gpt,ow14-s0179,2,model-facing/candidate-snapshots/ow14-s0179.json,4,4,true
1159,proprietary_gpt,ow14-s0179,3,model-facing/candidate-snapshots/ow14-s0179.json,4,4,true
1160,proprietary_gpt,ow14-s0179,4,model-facing/candidate-snapshots/ow14-s0179.json,4,4,true
1161,proprietary_gpt,ow14-s0179,5,model-facing/candidate-snapshots/ow14-s0179.json,4,4,true
1162,proprietary_gpt,ow14-s0180,1,model-facing/candidate-snapshots/ow14-s0180.json,4,4,true
1163,proprietary_gpt,ow14-s0180,2,model-facing/candidate-snapshots/ow14-s0180.json,4,4,true
1164,proprietary_gpt,ow14-s0180,3,model-facing/candidate-snapshots/ow14-s0180.json,4,4,true
1165,proprietary_gpt,ow14-s0180,4,model-facing/candidate-snapshots/ow14-s0180.json,4,4,true
1166,proprietary_gpt,ow14-s0180,5,model-facing/candidate-snapshots/ow14-s0180.json,4,4,true
1167,proprietary_gpt,ow14-s0181,1,model-facing/candidate-snapshots/ow14-s0181.json,4,4,true
1168,proprietary_gpt,ow14-s0181,2,model-facing/candidate-snapshots/ow14-s0181.json,4,4,true
1169,proprietary_gpt,ow14-s0181,3,model-facing/candidate-snapshots/ow14-s0181.json,4,4,true
1170,proprietary_gpt,ow14-s0181,4,model-facing/candidate-snapshots/ow14-s0181.json,4,4,true
1171,proprietary_gpt,ow14-s0181,5,model-facing/candidate-snapshots/ow14-s0181.json,4,4,true
1172,proprietary_gpt,ow14-s0182,1,model-facing/candidate-snapshots/ow14-s0182.json,4,4,true
1173,proprietary_gpt,ow14-s0182,2,model-facing/candidate-snapshots/ow14-s0182.json,4,4,true
1174,proprietary_gpt,ow14-s0182,3,model-facing/candidate-snapshots/ow14-s0182.json,4,4,true
1175,proprietary_gpt,ow14-s0182,4,model-facing/candidate-snapshots/ow14-s0182.json,4,4,true
1176,proprietary_gpt,ow14-s0182,5,model-facing/candidate-snapshots/ow14-s0182.json,4,4,true
1177,proprietary_gpt,ow14-s0183,1,model-facing/candidate-snapshots/ow14-s0183.json,4,4,true
1178,proprietary_gpt,ow14-s0183,2,model-facing/candidate-snapshots/ow14-s0183.json,4,4,true
1179,proprietary_gpt,ow14-s0183,3,model-facing/candidate-snapshots/ow14-s0183.json,4,4,true
1180,proprietary_gpt,ow14-s0183,4,model-facing/candidate-snapshots/ow14-s0183.json,4,4,true
1181,proprietary_gpt,ow14-s0183,5,model-facing/candidate-snapshots/ow14-s0183.json,4,4,true
1182,proprietary_gpt,ow14-s0184,1,model-facing/candidate-snapshots/ow14-s0184.json,4,4,true
1183,proprietary_gpt,ow14-s0184,2,model-facing/candidate-snapshots/ow14-s0184.json,4,4,true
1184,proprietary_gpt,ow14-s0184,3,model-facing/candidate-snapshots/ow14-s0184.json,4,4,true
1185,proprietary_gpt,ow14-s0184,4,model-facing/candidate-snapshots/ow14-s0184.json,4,4,true
1186,proprietary_gpt,ow14-s0184,5,model-facing/candidate-snapshots/ow14-s0184.json,4,4,true
1187,proprietary_gpt,ow14-s0185,1,model-facing/candidate-snapshots/ow14-s0185.json,4,4,true
1188,proprietary_gpt,ow14-s0185,2,model-facing/candidate-snapshots/ow14-s0185.json,4,4,true
1189,proprietary_gpt,ow14-s0185,3,model-facing/candidate-snapshots/ow14-s0185.json,4,4,true
1190,proprietary_gpt,ow14-s0185,4,model-facing/candidate-snapshots/ow14-s0185.json,4,4,true
1191,proprietary_gpt,ow14-s0185,5,model-facing/candidate-snapshots/ow14-s0185.json,4,4,true
1192,proprietary_gpt,ow14-s0186,1,model-facing/candidate-snapshots/ow14-s0186.json,4,4,true
1193,proprietary_gpt,ow14-s0186,2,model-facing/candidate-snapshots/ow14-s0186.json,4,4,true
1194,proprietary_gpt,ow14-s0186,3,model-facing/candidate-snapshots/ow14-s0186.json,4,4,true
1195,proprietary_gpt,ow14-s0186,4,model-facing/candidate-snapshots/ow14-s0186.json,4,4,true
1196,proprietary_gpt,ow14-s0186,5,model-facing/candidate-snapshots/ow14-s0186.json,4,4,true
1197,proprietary_gpt,ow14-s0187,1,model-facing/candidate-snapshots/ow14-s0187.json,4,4,true
1198,proprietary_gpt,ow14-s0187,2,model-facing/candidate-snapshots/ow14-s0187.json,4,4,true
1199,proprietary_gpt,ow14-s0187,3,model-facing/candidate-snapshots/ow14-s0187.json,4,4,true
1200,proprietary_gpt,ow14-s0187,4,model-facing/candidate-snapshots/ow14-s0187.json,4,4,true
1201,proprietary_gpt,ow14-s0187,5,model-facing/candidate-snapshots/ow14-s0187.json,4,4,true
1202,proprietary_gpt,ow14-s0188,1,model-facing/candidate-snapshots/ow14-s0188.json,4,4,true
1203,proprietary_gpt,ow14-s0188,2,model-facing/candidate-snapshots/ow14-s0188.json,4,4,true
1204,proprietary_gpt,ow14-s0188,3,model-facing/candidate-snapshots/ow14-s0188.json,4,4,true
1205,proprietary_gpt,ow14-s0188,4,model-facing/candidate-snapshots/ow14-s0188.json,4,4,true
1206,proprietary_gpt,ow14-s0188,5,model-facing/candidate-snapshots/ow14-s0188.json,4,4,true
1207,proprietary_gpt,ow14-s0189,1,model-facing/candidate-snapshots/ow14-s0189.json,4,4,true
1208,proprietary_gpt,ow14-s0189,2,model-facing/candidate-snapshots/ow14-s0189.json,4,4,true
1209,proprietary_gpt,ow14-s0189,3,model-facing/candidate-snapshots/ow14-s0189.json,4,4,true
1210,proprietary_gpt,ow14-s0189,4,model-facing/candidate-snapshots/ow14-s0189.json,4,4,true
1211,proprietary_gpt,ow14-s0189,5,model-facing/candidate-snapshots/ow14-s0189.json,4,4,true
1212,proprietary_gpt,ow14-s0190,1,model-facing/candidate-snapshots/ow14-s0190.json,4,4,true
1213,proprietary_gpt,ow14-s0190,2,model-facing/candidate-snapshots/ow14-s0190.json,4,4,true
1214,proprietary_gpt,ow14-s0190,3,model-facing/candidate-snapshots/ow14-s0190.json,4,4,true
1215,proprietary_gpt,ow14-s0190,4,model-facing/candidate-snapshots/ow14-s0190.json,4,4,true
1216,proprietary_gpt,ow14-s0190,5,model-facing/candidate-snapshots/ow14-s0190.json,4,4,true
1217,proprietary_gpt,ow14-s0191,1,model-facing/candidate-snapshots/ow14-s0191.json,4,4,true
1218,proprietary_gpt,ow14-s0191,2,model-facing/candidate-snapshots/ow14-s0191.json,4,4,true
1219,proprietary_gpt,ow14-s0191,3,model-facing/candidate-snapshots/ow14-s0191.json,4,4,true
1220,proprietary_gpt,ow14-s0191,4,model-facing/candidate-snapshots/ow14-s0191.json,4,4,true
1221,proprietary_gpt,ow14-s0191,5,model-facing/candidate-snapshots/ow14-s0191.json,4,4,true
1222,proprietary_gpt,ow14-s0192,1,model-facing/candidate-snapshots/ow14-s0192.json,4,4,true
1223,proprietary_gpt,ow14-s0192,2,model-facing/candidate-snapshots/ow14-s0192.json,4,4,true
1224,proprietary_gpt,ow14-s0192,3,model-facing/candidate-snapshots/ow14-s0192.json,4,4,true
1225,proprietary_gpt,ow14-s0192,4,model-facing/candidate-snapshots/ow14-s0192.json,4,4,true
1226,proprietary_gpt,ow14-s0192,5,model-facing/candidate-snapshots/ow14-s0192.json,4,4,true
1227,proprietary_gpt,ow14-s0193,1,model-facing/candidate-snapshots/ow14-s0193.json,4,4,true
1228,proprietary_gpt,ow14-s0193,2,model-facing/candidate-snapshots/ow14-s0193.json,4,4,true
1229,proprietary_gpt,ow14-s0193,3,model-facing/candidate-snapshots/ow14-s0193.json,4,4,true
1230,proprietary_gpt,ow14-s0193,4,model-facing/candidate-snapshots/ow14-s0193.json,4,4,true
1231,proprietary_gpt,ow14-s0193,5,model-facing/candidate-snapshots/ow14-s0193.json,4,4,true
1232,proprietary_gpt,ow14-s0194,1,model-facing/candidate-snapshots/ow14-s0194.json,4,4,true
1233,proprietary_gpt,ow14-s0194,2,model-facing/candidate-snapshots/ow14-s0194.json,4,4,true
1234,proprietary_gpt,ow14-s0194,3,model-facing/candidate-snapshots/ow14-s0194.json,4,4,true
1235,proprietary_gpt,ow14-s0194,4,model-facing/candidate-snapshots/ow14-s0194.json,4,4,true
1236,proprietary_gpt,ow14-s0194,5,model-facing/candidate-snapshots/ow14-s0194.json,4,4,true
1237,proprietary_gpt,ow14-s0195,1,model-facing/candidate-snapshots/ow14-s0195.json,4,4,true
1238,proprietary_gpt,ow14-s0195,2,model-facing/candidate-snapshots/ow14-s0195.json,4,4,true
1239,proprietary_gpt,ow14-s0195,3,model-facing/candidate-snapshots/ow14-s0195.json,4,4,true
1240,proprietary_gpt,ow14-s0195,4,model-facing/candidate-snapshots/ow14-s0195.json,4,4,true
1241,proprietary_gpt,ow14-s0195,5,model-facing/candidate-snapshots/ow14-s0195.json,4,4,true
1242,proprietary_gpt,ow14-s0196,1,model-facing/candidate-snapshots/ow14-s0196.json,4,4,true
1243,proprietary_gpt,ow14-s0196,2,model-facing/candidate-snapshots/ow14-s0196.json,4,4,true
1244,proprietary_gpt,ow14-s0196,3,model-facing/candidate-snapshots/ow14-s0196.json,4,4,true
1245,proprietary_gpt,ow14-s0196,4,model-facing/candidate-snapshots/ow14-s0196.json,4,4,true
1246,proprietary_gpt,ow14-s0196,5,model-facing/candidate-snapshots/ow14-s0196.json,4,4,true
1247,proprietary_gpt,ow14-s0197,1,model-facing/candidate-snapshots/ow14-s0197.json,4,4,true
1248,proprietary_gpt,ow14-s0197,2,model-facing/candidate-snapshots/ow14-s0197.json,4,4,true
1249,proprietary_gpt,ow14-s0197,3,model-facing/candidate-snapshots/ow14-s0197.json,4,4,true
1250,proprietary_gpt,ow14-s0197,4,model-facing/candidate-snapshots/ow14-s0197.json,4,4,true
1251,proprietary_gpt,ow14-s0197,5,model-facing/candidate-snapshots/ow14-s0197.json,4,4,true
1252,proprietary_gpt,ow14-s0198,1,model-facing/candidate-snapshots/ow14-s0198.json,4,4,true
1253,proprietary_gpt,ow14-s0198,2,model-facing/candidate-snapshots/ow14-s0198.json,4,4,true
1254,proprietary_gpt,ow14-s0198,3,model-facing/candidate-snapshots/ow14-s0198.json,4,4,true
1255,proprietary_gpt,ow14-s0198,4,model-facing/candidate-snapshots/ow14-s0198.json,4,4,true
1256,proprietary_gpt,ow14-s0198,5,model-facing/candidate-snapshots/ow14-s0198.json,4,4,true
1257,proprietary_gpt,ow14-s0199,1,model-facing/candidate-snapshots/ow14-s0199.json,4,4,true
1258,proprietary_gpt,ow14-s0199,2,model-facing/candidate-snapshots/ow14-s0199.json,4,4,true
1259,proprietary_gpt,ow14-s0199,3,model-facing/candidate-snapshots/ow14-s0199.json,4,4,true
1260,proprietary_gpt,ow14-s0199,4,model-facing/candidate-snapshots/ow14-s0199.json,4,4,true
1261,proprietary_gpt,ow14-s0199,5,model-facing/candidate-snapshots/ow14-s0199.json,4,4,true
1262,proprietary_gpt,ow14-s0200,1,model-facing/candidate-snapshots/ow14-s0200.json,4,4,true
1263,proprietary_gpt,ow14-s0200,2,model-facing/candidate-snapshots/ow14-s0200.json,4,4,true
1264,proprietary_gpt,ow14-s0200,3,model-facing/candidate-snapshots/ow14-s0200.json,4,4,true
1265,proprietary_gpt,ow14-s0200,4,model-facing/candidate-snapshots/ow14-s0200.json,4,4,true
1266,proprietary_gpt,ow14-s0200,5,model-facing/candidate-snapshots/ow14-s0200.json,4,4,true
1267,proprietary_gpt,ow14-s0201,1,model-facing/candidate-snapshots/ow14-s0201.json,4,4,true
1268,proprietary_gpt,ow14-s0201,2,model-facing/candidate-snapshots/ow14-s0201.json,4,4,true
1269,proprietary_gpt,ow14-s0201,3,model-facing/candidate-snapshots/ow14-s0201.json,4,4,true
1270,proprietary_gpt,ow14-s0201,4,model-facing/candidate-snapshots/ow14-s0201.json,4,4,true
1271,proprietary_gpt,ow14-s0201,5,model-facing/candidate-snapshots/ow14-s0201.json,4,4,true
1272,proprietary_gpt,ow14-s0202,1,model-facing/candidate-snapshots/ow14-s0202.json,4,4,true
1273,proprietary_gpt,ow14-s0202,2,model-facing/candidate-snapshots/ow14-s0202.json,4,4,true
1274,proprietary_gpt,ow14-s0202,3,model-facing/candidate-snapshots/ow14-s0202.json,4,4,true
1275,proprietary_gpt,ow14-s0202,4,model-facing/candidate-snapshots/ow14-s0202.json,4,4,true
1276,proprietary_gpt,ow14-s0202,5,model-facing/candidate-snapshots/ow14-s0202.json,4,4,true
1277,proprietary_gpt,ow14-s0203,1,model-facing/candidate-snapshots/ow14-s0203.json,4,4,true
1278,proprietary_gpt,ow14-s0203,2,model-facing/candidate-snapshots/ow14-s0203.json,4,4,true
1279,proprietary_gpt,ow14-s0203,3,model-facing/candidate-snapshots/ow14-s0203.json,4,4,true
1280,proprietary_gpt,ow14-s0203,4,model-facing/candidate-snapshots/ow14-s0203.json,4,4,true
1281,proprietary_gpt,ow14-s0203,5,model-facing/candidate-snapshots/ow14-s0203.json,4,4,true
1282,proprietary_gpt,ow14-s0204,1,model-facing/candidate-snapshots/ow14-s0204.json,4,4,true
1283,proprietary_gpt,ow14-s0204,2,model-facing/candidate-snapshots/ow14-s0204.json,4,4,true
1284,proprietary_gpt,ow14-s0204,3,model-facing/candidate-snapshots/ow14-s0204.json,4,4,true
1285,proprietary_gpt,ow14-s0204,4,model-facing/candidate-snapshots/ow14-s0204.json,4,4,true
1286,proprietary_gpt,ow14-s0204,5,model-facing/candidate-snapshots/ow14-s0204.json,4,4,true
1287,proprietary_gpt,ow14-s0205,1,model-facing/candidate-snapshots/ow14-s0205.json,4,4,true
1288,proprietary_gpt,ow14-s0205,2,model-facing/candidate-snapshots/ow14-s0205.json,4,4,true
1289,proprietary_gpt,ow14-s0205,3,model-facing/candidate-snapshots/ow14-s0205.json,4,4,true
1290,proprietary_gpt,ow14-s0205,4,model-facing/candidate-snapshots/ow14-s0205.json,4,4,true
1291,proprietary_gpt,ow14-s0205,5,model-facing/candidate-snapshots/ow14-s0205.json,4,4,true
1292,proprietary_gpt,ow14-s0206,1,model-facing/candidate-snapshots/ow14-s0206.json,4,4,true
1293,proprietary_gpt,ow14-s0206,2,model-facing/candidate-snapshots/ow14-s0206.json,4,4,true
1294,proprietary_gpt,ow14-s0206,3,model-facing/candidate-snapshots/ow14-s0206.json,4,4,true
1295,proprietary_gpt,ow14-s0206,4,model-facing/candidate-snapshots/ow14-s0206.json,4,4,true
1296,proprietary_gpt,ow14-s0206,5,model-facing/candidate-snapshots/ow14-s0206.json,4,4,true
1297,proprietary_gpt,ow14-s0207,1,model-facing/candidate-snapshots/ow14-s0207.json,4,4,true
1298,proprietary_gpt,ow14-s0207,2,model-facing/candidate-snapshots/ow14-s0207.json,4,4,true
1299,proprietary_gpt,ow14-s0207,3,model-facing/candidate-snapshots/ow14-s0207.json,4,4,true
1300,proprietary_gpt,ow14-s0207,4,model-facing/candidate-snapshots/ow14-s0207.json,4,4,true
1301,proprietary_gpt,ow14-s0207,5,model-facing/candidate-snapshots/ow14-s0207.json,4,4,true
1302,proprietary_gpt,ow14-s0208,1,model-facing/candidate-snapshots/ow14-s0208.json,4,4,true
1303,proprietary_gpt,ow14-s0208,2,model-facing/candidate-snapshots/ow14-s0208.json,4,4,true
1304,proprietary_gpt,ow14-s0208,3,model-facing/candidate-snapshots/ow14-s0208.json,4,4,true
1305,proprietary_gpt,ow14-s0208,4,model-facing/candidate-snapshots/ow14-s0208.json,4,4,true
1306,proprietary_gpt,ow14-s0208,5,model-facing/candidate-snapshots/ow14-s0208.json,4,4,true
1307,proprietary_gpt,ow14-s0209,1,model-facing/candidate-snapshots/ow14-s0209.json,4,4,true
1308,proprietary_gpt,ow14-s0209,2,model-facing/candidate-snapshots/ow14-s0209.json,4,4,true
1309,proprietary_gpt,ow14-s0209,3,model-facing/candidate-snapshots/ow14-s0209.json,4,4,true
1310,proprietary_gpt,ow14-s0209,4,model-facing/candidate-snapshots/ow14-s0209.json,4,4,true
1311,proprietary_gpt,ow14-s0209,5,model-facing/candidate-snapshots/ow14-s0209.json,4,4,true
1312,proprietary_gpt,ow14-s0210,1,model-facing/candidate-snapshots/ow14-s0210.json,4,4,true
1313,proprietary_gpt,ow14-s0210,2,model-facing/candidate-snapshots/ow14-s0210.json,4,4,true
1314,proprietary_gpt,ow14-s0210,3,model-facing/candidate-snapshots/ow14-s0210.json,4,4,true
1315,proprietary_gpt,ow14-s0210,4,model-facing/candidate-snapshots/ow14-s0210.json,4,4,true
1316,proprietary_gpt,ow14-s0210,5,model-facing/candidate-snapshots/ow14-s0210.json,4,4,true
1317,proprietary_gpt,ow14-s0211,1,model-facing/candidate-snapshots/ow14-s0211.json,4,4,true
1318,proprietary_gpt,ow14-s0211,2,model-facing/candidate-snapshots/ow14-s0211.json,4,4,true
1319,proprietary_gpt,ow14-s0211,3,model-facing/candidate-snapshots/ow14-s0211.json,4,4,true
1320,proprietary_gpt,ow14-s0211,4,model-facing/candidate-snapshots/ow14-s0211.json,4,4,true
1321,proprietary_gpt,ow14-s0211,5,model-facing/candidate-snapshots/ow14-s0211.json,4,4,true
1322,proprietary_gpt,ow14-s0212,1,model-facing/candidate-snapshots/ow14-s0212.json,4,4,true
1323,proprietary_gpt,ow14-s0212,2,model-facing/candidate-snapshots/ow14-s0212.json,4,4,true
1324,proprietary_gpt,ow14-s0212,3,model-facing/candidate-snapshots/ow14-s0212.json,4,4,true
1325,proprietary_gpt,ow14-s0212,4,model-facing/candidate-snapshots/ow14-s0212.json,4,4,true
1326,proprietary_gpt,ow14-s0212,5,model-facing/candidate-snapshots/ow14-s0212.json,4,4,true
1327,proprietary_gpt,ow14-s0213,1,model-facing/candidate-snapshots/ow14-s0213.json,4,4,true
1328,proprietary_gpt,ow14-s0213,2,model-facing/candidate-snapshots/ow14-s0213.json,4,4,true
1329,proprietary_gpt,ow14-s0213,3,model-facing/candidate-snapshots/ow14-s0213.json,4,4,true
1330,proprietary_gpt,ow14-s0213,4,model-facing/candidate-snapshots/ow14-s0213.json,4,4,true
1331,proprietary_gpt,ow14-s0213,5,model-facing/candidate-snapshots/ow14-s0213.json,4,4,true
1332,proprietary_gpt,ow14-s0214,1,model-facing/candidate-snapshots/ow14-s0214.json,4,4,true
1333,proprietary_gpt,ow14-s0214,2,model-facing/candidate-snapshots/ow14-s0214.json,4,4,true
1334,proprietary_gpt,ow14-s0214,3,model-facing/candidate-snapshots/ow14-s0214.json,4,4,true
1335,proprietary_gpt,ow14-s0214,4,model-facing/candidate-snapshots/ow14-s0214.json,4,4,true
1336,proprietary_gpt,ow14-s0214,5,model-facing/candidate-snapshots/ow14-s0214.json,4,4,true
1337,proprietary_gpt,ow14-s0215,1,model-facing/candidate-snapshots/ow14-s0215.json,4,4,true
1338,proprietary_gpt,ow14-s0215,2,model-facing/candidate-snapshots/ow14-s0215.json,4,4,true
1339,proprietary_gpt,ow14-s0215,3,model-facing/candidate-snapshots/ow14-s0215.json,4,4,true
1340,proprietary_gpt,ow14-s0215,4,model-facing/candidate-snapshots/ow14-s0215.json,4,4,true
1341,proprietary_gpt,ow14-s0215,5,model-facing/candidate-snapshots/ow14-s0215.json,4,4,true
1342,proprietary_gpt,ow14-s0216,1,model-facing/candidate-snapshots/ow14-s0216.json,4,4,true
1343,proprietary_gpt,ow14-s0216,2,model-facing/candidate-snapshots/ow14-s0216.json,4,4,true
1344,proprietary_gpt,ow14-s0216,3,model-facing/candidate-snapshots/ow14-s0216.json,4,4,true
1345,proprietary_gpt,ow14-s0216,4,model-facing/candidate-snapshots/ow14-s0216.json,4,4,true
1346,proprietary_gpt,ow14-s0216,5,model-facing/candidate-snapshots/ow14-s0216.json,4,4,true
1347,proprietary_gpt,ow14-s0217,1,model-facing/candidate-snapshots/ow14-s0217.json,4,4,true
1348,proprietary_gpt,ow14-s0217,2,model-facing/candidate-snapshots/ow14-s0217.json,4,4,true
1349,proprietary_gpt,ow14-s0217,3,model-facing/candidate-snapshots/ow14-s0217.json,4,4,true
1350,proprietary_gpt,ow14-s0217,4,model-facing/candidate-snapshots/ow14-s0217.json,4,4,true
1351,proprietary_gpt,ow14-s0217,5,model-facing/candidate-snapshots/ow14-s0217.json,4,4,true
1352,proprietary_gpt,ow14-s0218,1,model-facing/candidate-snapshots/ow14-s0218.json,4,4,true
1353,proprietary_gpt,ow14-s0218,2,model-facing/candidate-snapshots/ow14-s0218.json,4,4,true
1354,proprietary_gpt,ow14-s0218,3,model-facing/candidate-snapshots/ow14-s0218.json,4,4,true
1355,proprietary_gpt,ow14-s0218,4,model-facing/candidate-snapshots/ow14-s0218.json,4,4,true
1356,proprietary_gpt,ow14-s0218,5,model-facing/candidate-snapshots/ow14-s0218.json,4,4,true
1357,proprietary_gpt,ow14-s0219,1,model-facing/candidate-snapshots/ow14-s0219.json,4,4,true
1358,proprietary_gpt,ow14-s0219,2,model-facing/candidate-snapshots/ow14-s0219.json,4,4,true
1359,proprietary_gpt,ow14-s0219,3,model-facing/candidate-snapshots/ow14-s0219.json,4,4,true
1360,proprietary_gpt,ow14-s0219,4,model-facing/candidate-snapshots/ow14-s0219.json,4,4,true
1361,proprietary_gpt,ow14-s0219,5,model-facing/candidate-snapshots/ow14-s0219.json,4,4,true
1362,proprietary_gpt,ow14-s0220,1,model-facing/candidate-snapshots/ow14-s0220.json,4,4,true
1363,proprietary_gpt,ow14-s0220,2,model-facing/candidate-snapshots/ow14-s0220.json,4,4,true
1364,proprietary_gpt,ow14-s0220,3,model-facing/candidate-snapshots/ow14-s0220.json,4,4,true
1365,proprietary_gpt,ow14-s0220,4,model-facing/candidate-snapshots/ow14-s0220.json,4,4,true
1366,proprietary_gpt,ow14-s0220,5,model-facing/candidate-snapshots/ow14-s0220.json,4,4,true
1367,proprietary_gpt,ow14-s0221,1,model-facing/candidate-snapshots/ow14-s0221.json,4,4,true
1368,proprietary_gpt,ow14-s0221,2,model-facing/candidate-snapshots/ow14-s0221.json,4,4,true
1369,proprietary_gpt,ow14-s0221,3,model-facing/candidate-snapshots/ow14-s0221.json,4,4,true
1370,proprietary_gpt,ow14-s0221,4,model-facing/candidate-snapshots/ow14-s0221.json,4,4,true
1371,proprietary_gpt,ow14-s0221,5,model-facing/candidate-snapshots/ow14-s0221.json,4,4,true
1372,proprietary_gpt,ow14-s0222,1,model-facing/candidate-snapshots/ow14-s0222.json,4,4,true
1373,proprietary_gpt,ow14-s0222,2,model-facing/candidate-snapshots/ow14-s0222.json,4,4,true
1374,proprietary_gpt,ow14-s0222,3,model-facing/candidate-snapshots/ow14-s0222.json,4,4,true
1375,proprietary_gpt,ow14-s0222,4,model-facing/candidate-snapshots/ow14-s0222.json,4,4,true
1376,proprietary_gpt,ow14-s0222,5,model-facing/candidate-snapshots/ow14-s0222.json,4,4,true
1377,proprietary_gpt,ow14-s0223,1,model-facing/candidate-snapshots/ow14-s0223.json,4,4,true
1378,proprietary_gpt,ow14-s0223,2,model-facing/candidate-snapshots/ow14-s0223.json,4,4,true
1379,proprietary_gpt,ow14-s0223,3,model-facing/candidate-snapshots/ow14-s0223.json,4,4,true
1380,proprietary_gpt,ow14-s0223,4,model-facing/candidate-snapshots/ow14-s0223.json,4,4,true
1381,proprietary_gpt,ow14-s0223,5,model-facing/candidate-snapshots/ow14-s0223.json,4,4,true
1382,proprietary_gpt,ow14-s0224,1,model-facing/candidate-snapshots/ow14-s0224.json,4,4,true
1383,proprietary_gpt,ow14-s0224,2,model-facing/candidate-snapshots/ow14-s0224.json,4,4,true
1384,proprietary_gpt,ow14-s0224,3,model-facing/candidate-snapshots/ow14-s0224.json,4,4,true
1385,proprietary_gpt,ow14-s0224,4,model-facing/candidate-snapshots/ow14-s0224.json,4,4,true
1386,proprietary_gpt,ow14-s0224,5,model-facing/candidate-snapshots/ow14-s0224.json,4,4,true
1387,proprietary_gpt,ow14-s0225,1,model-facing/candidate-snapshots/ow14-s0225.json,4,4,true
1388,proprietary_gpt,ow14-s0225,2,model-facing/candidate-snapshots/ow14-s0225.json,4,4,true
1389,proprietary_gpt,ow14-s0225,3,model-facing/candidate-snapshots/ow14-s0225.json,4,4,true
1390,proprietary_gpt,ow14-s0225,4,model-facing/candidate-snapshots/ow14-s0225.json,4,4,true
1391,proprietary_gpt,ow14-s0225,5,model-facing/candidate-snapshots/ow14-s0225.json,4,4,true
1392,proprietary_gpt,ow14-s0226,1,model-facing/candidate-snapshots/ow14-s0226.json,4,4,true
1393,proprietary_gpt,ow14-s0226,2,model-facing/candidate-snapshots/ow14-s0226.json,4,4,true
1394,proprietary_gpt,ow14-s0226,3,model-facing/candidate-snapshots/ow14-s0226.json,4,4,true
1395,proprietary_gpt,ow14-s0226,4,model-facing/candidate-snapshots/ow14-s0226.json,4,4,true
1396,proprietary_gpt,ow14-s0226,5,model-facing/candidate-snapshots/ow14-s0226.json,4,4,true
1397,proprietary_gpt,ow14-s0227,1,model-facing/candidate-snapshots/ow14-s0227.json,4,4,true
1398,proprietary_gpt,ow14-s0227,2,model-facing/candidate-snapshots/ow14-s0227.json,4,4,true
1399,proprietary_gpt,ow14-s0227,3,model-facing/candidate-snapshots/ow14-s0227.json,4,4,true
1400,proprietary_gpt,ow14-s0227,4,model-facing/candidate-snapshots/ow14-s0227.json,4,4,true
1401,proprietary_gpt,ow14-s0227,5,model-facing/candidate-snapshots/ow14-s0227.json,4,4,true
1402,proprietary_gpt,ow14-s0228,1,model-facing/candidate-snapshots/ow14-s0228.json,4,4,true
1403,proprietary_gpt,ow14-s0228,2,model-facing/candidate-snapshots/ow14-s0228.json,4,4,true
1404,proprietary_gpt,ow14-s0228,3,model-facing/candidate-snapshots/ow14-s0228.json,4,4,true
1405,proprietary_gpt,ow14-s0228,4,model-facing/candidate-snapshots/ow14-s0228.json,4,4,true
1406,proprietary_gpt,ow14-s0228,5,model-facing/candidate-snapshots/ow14-s0228.json,4,4,true
1407,proprietary_gpt,ow14-s0229,1,model-facing/candidate-snapshots/ow14-s0229.json,4,4,true
1408,proprietary_gpt,ow14-s0229,2,model-facing/candidate-snapshots/ow14-s0229.json,4,4,true
1409,proprietary_gpt,ow14-s0229,3,model-facing/candidate-snapshots/ow14-s0229.json,4,4,true
1410,proprietary_gpt,ow14-s0229,4,model-facing/candidate-snapshots/ow14-s0229.json,4,4,true
1411,proprietary_gpt,ow14-s0229,5,model-facing/candidate-snapshots/ow14-s0229.json,4,4,true
1412,proprietary_gpt,ow14-s0230,1,model-facing/candidate-snapshots/ow14-s0230.json,4,4,true
1413,proprietary_gpt,ow14-s0230,2,model-facing/candidate-snapshots/ow14-s0230.json,4,4,true
1414,proprietary_gpt,ow14-s0230,3,model-facing/candidate-snapshots/ow14-s0230.json,4,4,true
1415,proprietary_gpt,ow14-s0230,4,model-facing/candidate-snapshots/ow14-s0230.json,4,4,true
1416,proprietary_gpt,ow14-s0230,5,model-facing/candidate-snapshots/ow14-s0230.json,4,4,true
1417,proprietary_gpt,ow14-s0231,1,model-facing/candidate-snapshots/ow14-s0231.json,4,4,true
1418,proprietary_gpt,ow14-s0231,2,model-facing/candidate-snapshots/ow14-s0231.json,4,4,true
1419,proprietary_gpt,ow14-s0231,3,model-facing/candidate-snapshots/ow14-s0231.json,4,4,true
1420,proprietary_gpt,ow14-s0231,4,model-facing/candidate-snapshots/ow14-s0231.json,4,4,true
1421,proprietary_gpt,ow14-s0231,5,model-facing/candidate-snapshots/ow14-s0231.json,4,4,true
1422,proprietary_gpt,ow14-s0232,1,model-facing/candidate-snapshots/ow14-s0232.json,4,4,true
1423,proprietary_gpt,ow14-s0232,2,model-facing/candidate-snapshots/ow14-s0232.json,4,4,true
1424,proprietary_gpt,ow14-s0232,3,model-facing/candidate-snapshots/ow14-s0232.json,4,4,true
1425,proprietary_gpt,ow14-s0232,4,model-facing/candidate-snapshots/ow14-s0232.json,4,4,true
1426,proprietary_gpt,ow14-s0232,5,model-facing/candidate-snapshots/ow14-s0232.json,4,4,true
1427,proprietary_gpt,ow14-s0233,1,model-facing/candidate-snapshots/ow14-s0233.json,4,4,true
1428,proprietary_gpt,ow14-s0233,2,model-facing/candidate-snapshots/ow14-s0233.json,4,4,true
1429,proprietary_gpt,ow14-s0233,3,model-facing/candidate-snapshots/ow14-s0233.json,4,4,true
1430,proprietary_gpt,ow14-s0233,4,model-facing/candidate-snapshots/ow14-s0233.json,4,4,true
1431,proprietary_gpt,ow14-s0233,5,model-facing/candidate-snapshots/ow14-s0233.json,4,4,true
1432,proprietary_gpt,ow14-s0234,1,model-facing/candidate-snapshots/ow14-s0234.json,4,4,true
1433,proprietary_gpt,ow14-s0234,2,model-facing/candidate-snapshots/ow14-s0234.json,4,4,true
1434,proprietary_gpt,ow14-s0234,3,model-facing/candidate-snapshots/ow14-s0234.json,4,4,true
1435,proprietary_gpt,ow14-s0234,4,model-facing/candidate-snapshots/ow14-s0234.json,4,4,true
1436,proprietary_gpt,ow14-s0234,5,model-facing/candidate-snapshots/ow14-s0234.json,4,4,true
1437,proprietary_gpt,ow14-s0235,1,model-facing/candidate-snapshots/ow14-s0235.json,4,4,true
1438,proprietary_gpt,ow14-s0235,2,model-facing/candidate-snapshots/ow14-s0235.json,4,4,true
1439,proprietary_gpt,ow14-s0235,3,model-facing/candidate-snapshots/ow14-s0235.json,4,4,true
1440,proprietary_gpt,ow14-s0235,4,model-facing/candidate-snapshots/ow14-s0235.json,4,4,true
1441,proprietary_gpt,ow14-s0235,5,model-facing/candidate-snapshots/ow14-s0235.json,4,4,true
1442,proprietary_gpt,ow14-s0236,1,model-facing/candidate-snapshots/ow14-s0236.json,4,4,true
1443,proprietary_gpt,ow14-s0236,2,model-facing/candidate-snapshots/ow14-s0236.json,4,4,true
1444,proprietary_gpt,ow14-s0236,3,model-facing/candidate-snapshots/ow14-s0236.json,4,4,true
1445,proprietary_gpt,ow14-s0236,4,model-facing/candidate-snapshots/ow14-s0236.json,4,4,true
1446,proprietary_gpt,ow14-s0236,5,model-facing/candidate-snapshots/ow14-s0236.json,4,4,true
1447,proprietary_gpt,ow14-s0237,1,model-facing/candidate-snapshots/ow14-s0237.json,4,4,true
1448,proprietary_gpt,ow14-s0237,2,model-facing/candidate-snapshots/ow14-s0237.json,4,4,true
1449,proprietary_gpt,ow14-s0237,3,model-facing/candidate-snapshots/ow14-s0237.json,4,4,true
1450,proprietary_gpt,ow14-s0237,4,model-facing/candidate-snapshots/ow14-s0237.json,4,4,true
1451,proprietary_gpt,ow14-s0237,5,model-facing/candidate-snapshots/ow14-s0237.json,4,4,true
1452,proprietary_gpt,ow14-s0238,1,model-facing/candidate-snapshots/ow14-s0238.json,4,4,true
1453,proprietary_gpt,ow14-s0238,2,model-facing/candidate-snapshots/ow14-s0238.json,4,4,true
1454,proprietary_gpt,ow14-s0238,3,model-facing/candidate-snapshots/ow14-s0238.json,4,4,true
1455,proprietary_gpt,ow14-s0238,4,model-facing/candidate-snapshots/ow14-s0238.json,4,4,true
1456,proprietary_gpt,ow14-s0238,5,model-facing/candidate-snapshots/ow14-s0238.json,4,4,true
1457,proprietary_gpt,ow14-s0239,1,model-facing/candidate-snapshots/ow14-s0239.json,4,4,true
1458,proprietary_gpt,ow14-s0239,2,model-facing/candidate-snapshots/ow14-s0239.json,4,4,true
1459,proprietary_gpt,ow14-s0239,3,model-facing/candidate-snapshots/ow14-s0239.json,4,4,true
1460,proprietary_gpt,ow14-s0239,4,model-facing/candidate-snapshots/ow14-s0239.json,4,4,true
1461,proprietary_gpt,ow14-s0239,5,model-facing/candidate-snapshots/ow14-s0239.json,4,4,true
1462,proprietary_gpt,ow14-s0240,1,model-facing/candidate-snapshots/ow14-s0240.json,4,4,true
1463,proprietary_gpt,ow14-s0240,2,model-facing/candidate-snapshots/ow14-s0240.json,4,4,true
1464,proprietary_gpt,ow14-s0240,3,model-facing/candidate-snapshots/ow14-s0240.json,4,4,true
1465,proprietary_gpt,ow14-s0240,4,model-facing/candidate-snapshots/ow14-s0240.json,4,4,true
1466,proprietary_gpt,ow14-s0240,5,model-facing/candidate-snapshots/ow14-s0240.json,4,4,true
1467,proprietary_gpt,ow14-s0241,1,model-facing/candidate-snapshots/ow14-s0241.json,4,4,true
1468,proprietary_gpt,ow14-s0241,2,model-facing/candidate-snapshots/ow14-s0241.json,4,4,true
1469,proprietary_gpt,ow14-s0241,3,model-facing/candidate-snapshots/ow14-s0241.json,4,4,true
1470,proprietary_gpt,ow14-s0241,4,model-facing/candidate-snapshots/ow14-s0241.json,4,4,true
1471,proprietary_gpt,ow14-s0241,5,model-facing/candidate-snapshots/ow14-s0241.json,4,4,true
1472,proprietary_gpt,ow14-s0242,1,model-facing/candidate-snapshots/ow14-s0242.json,4,4,true
1473,proprietary_gpt,ow14-s0242,2,model-facing/candidate-snapshots/ow14-s0242.json,4,4,true
1474,proprietary_gpt,ow14-s0242,3,model-facing/candidate-snapshots/ow14-s0242.json,4,4,true
1475,proprietary_gpt,ow14-s0242,4,model-facing/candidate-snapshots/ow14-s0242.json,4,4,true
1476,proprietary_gpt,ow14-s0242,5,model-facing/candidate-snapshots/ow14-s0242.json,4,4,true
1477,proprietary_gpt,ow14-s0243,1,model-facing/candidate-snapshots/ow14-s0243.json,4,4,true
1478,proprietary_gpt,ow14-s0243,2,model-facing/candidate-snapshots/ow14-s0243.json,4,4,true
1479,proprietary_gpt,ow14-s0243,3,model-facing/candidate-snapshots/ow14-s0243.json,4,4,true
1480,proprietary_gpt,ow14-s0243,4,model-facing/candidate-snapshots/ow14-s0243.json,4,4,true
1481,proprietary_gpt,ow14-s0243,5,model-facing/candidate-snapshots/ow14-s0243.json,4,4,true
1482,proprietary_gpt,ow14-s0244,1,model-facing/candidate-snapshots/ow14-s0244.json,4,4,true
1483,proprietary_gpt,ow14-s0244,2,model-facing/candidate-snapshots/ow14-s0244.json,4,4,true
1484,proprietary_gpt,ow14-s0244,3,model-facing/candidate-snapshots/ow14-s0244.json,4,4,true
1485,proprietary_gpt,ow14-s0244,4,model-facing/candidate-snapshots/ow14-s0244.json,4,4,true
1486,proprietary_gpt,ow14-s0244,5,model-facing/candidate-snapshots/ow14-s0244.json,4,4,true
1487,proprietary_gpt,ow14-s0245,1,model-facing/candidate-snapshots/ow14-s0245.json,4,4,true
1488,proprietary_gpt,ow14-s0245,2,model-facing/candidate-snapshots/ow14-s0245.json,4,4,true
1489,proprietary_gpt,ow14-s0245,3,model-facing/candidate-snapshots/ow14-s0245.json,4,4,true
1490,proprietary_gpt,ow14-s0245,4,model-facing/candidate-snapshots/ow14-s0245.json,4,4,true
1491,proprietary_gpt,ow14-s0245,5,model-facing/candidate-snapshots/ow14-s0245.json,4,4,true
1492,proprietary_gpt,ow14-s0246,1,model-facing/candidate-snapshots/ow14-s0246.json,4,4,true
1493,proprietary_gpt,ow14-s0246,2,model-facing/candidate-snapshots/ow14-s0246.json,4,4,true
1494,proprietary_gpt,ow14-s0246,3,model-facing/candidate-snapshots/ow14-s0246.json,4,4,true
1495,proprietary_gpt,ow14-s0246,4,model-facing/candidate-snapshots/ow14-s0246.json,4,4,true
1496,proprietary_gpt,ow14-s0246,5,model-facing/candidate-snapshots/ow14-s0246.json,4,4,true
1497,proprietary_gpt,ow14-s0247,1,model-facing/candidate-snapshots/ow14-s0247.json,4,4,true
1498,proprietary_gpt,ow14-s0247,2,model-facing/candidate-snapshots/ow14-s0247.json,4,4,true
1499,proprietary_gpt,ow14-s0247,3,model-facing/candidate-snapshots/ow14-s0247.json,4,4,true
1500,proprietary_gpt,ow14-s0247,4,model-facing/candidate-snapshots/ow14-s0247.json,4,4,true
1501,proprietary_gpt,ow14-s0247,5,model-facing/candidate-snapshots/ow14-s0247.json,4,4,true
1502,proprietary_gpt,ow14-s0248,1,model-facing/candidate-snapshots/ow14-s0248.json,4,4,true
1503,proprietary_gpt,ow14-s0248,2,model-facing/candidate-snapshots/ow14-s0248.json,4,4,true
1504,proprietary_gpt,ow14-s0248,3,model-facing/candidate-snapshots/ow14-s0248.json,4,4,true
1505,proprietary_gpt,ow14-s0248,4,model-facing/candidate-snapshots/ow14-s0248.json,4,4,true
1506,proprietary_gpt,ow14-s0248,5,model-facing/candidate-snapshots/ow14-s0248.json,4,4,true
1507,proprietary_gpt,ow14-s0249,1,model-facing/candidate-snapshots/ow14-s0249.json,4,4,true
1508,proprietary_gpt,ow14-s0249,2,model-facing/candidate-snapshots/ow14-s0249.json,4,4,true
1509,proprietary_gpt,ow14-s0249,3,model-facing/candidate-snapshots/ow14-s0249.json,4,4,true
1510,proprietary_gpt,ow14-s0249,4,model-facing/candidate-snapshots/ow14-s0249.json,4,4,true
1511,proprietary_gpt,ow14-s0249,5,model-facing/candidate-snapshots/ow14-s0249.json,4,4,true
1512,proprietary_gpt,ow14-s0250,1,model-facing/candidate-snapshots/ow14-s0250.json,4,4,true
1513,proprietary_gpt,ow14-s0250,2,model-facing/candidate-snapshots/ow14-s0250.json,4,4,true
1514,proprietary_gpt,ow14-s0250,3,model-facing/candidate-snapshots/ow14-s0250.json,4,4,true
1515,proprietary_gpt,ow14-s0250,4,model-facing/candidate-snapshots/ow14-s0250.json,4,4,true
1516,proprietary_gpt,ow14-s0250,5,model-facing/candidate-snapshots/ow14-s0250.json,4,4,true
1517,proprietary_gpt,ow14-s0251,1,model-facing/candidate-snapshots/ow14-s0251.json,4,4,true
1518,proprietary_gpt,ow14-s0251,2,model-facing/candidate-snapshots/ow14-s0251.json,4,4,true
1519,proprietary_gpt,ow14-s0251,3,model-facing/candidate-snapshots/ow14-s0251.json,4,4,true
1520,proprietary_gpt,ow14-s0251,4,model-facing/candidate-snapshots/ow14-s0251.json,4,4,true
1521,proprietary_gpt,ow14-s0251,5,model-facing/candidate-snapshots/ow14-s0251.json,4,4,true
1522,proprietary_gpt,ow14-s0252,1,model-facing/candidate-snapshots/ow14-s0252.json,4,4,true
1523,proprietary_gpt,ow14-s0252,2,model-facing/candidate-snapshots/ow14-s0252.json,4,4,true
1524,proprietary_gpt,ow14-s0252,3,model-facing/candidate-snapshots/ow14-s0252.json,4,4,true
1525,proprietary_gpt,ow14-s0252,4,model-facing/candidate-snapshots/ow14-s0252.json,4,4,true
1526,proprietary_gpt,ow14-s0252,5,model-facing/candidate-snapshots/ow14-s0252.json,4,4,true
1527,proprietary_gpt,ow14-s0253,1,model-facing/candidate-snapshots/ow14-s0253.json,4,4,true
1528,proprietary_gpt,ow14-s0253,2,model-facing/candidate-snapshots/ow14-s0253.json,4,4,true
1529,proprietary_gpt,ow14-s0253,3,model-facing/candidate-snapshots/ow14-s0253.json,4,4,true
1530,proprietary_gpt,ow14-s0253,4,model-facing/candidate-snapshots/ow14-s0253.json,4,4,true
1531,proprietary_gpt,ow14-s0253,5,model-facing/candidate-snapshots/ow14-s0253.json,4,4,true
1532,proprietary_gpt,ow14-s0254,1,model-facing/candidate-snapshots/ow14-s0254.json,4,4,true
1533,proprietary_gpt,ow14-s0254,2,model-facing/candidate-snapshots/ow14-s0254.json,4,4,true
1534,proprietary_gpt,ow14-s0254,3,model-facing/candidate-snapshots/ow14-s0254.json,4,4,true
1535,proprietary_gpt,ow14-s0254,4,model-facing/candidate-snapshots/ow14-s0254.json,4,4,true
1536,proprietary_gpt,ow14-s0254,5,model-facing/candidate-snapshots/ow14-s0254.json,4,4,true
1537,proprietary_gpt,ow14-s0255,1,model-facing/candidate-snapshots/ow14-s0255.json,4,4,true
1538,proprietary_gpt,ow14-s0255,2,model-facing/candidate-snapshots/ow14-s0255.json,4,4,true
1539,proprietary_gpt,ow14-s0255,3,model-facing/candidate-snapshots/ow14-s0255.json,4,4,true
1540,proprietary_gpt,ow14-s0255,4,model-facing/candidate-snapshots/ow14-s0255.json,4,4,true
1541,proprietary_gpt,ow14-s0255,5,model-facing/candidate-snapshots/ow14-s0255.json,4,4,true
1542,proprietary_gpt,ow14-s0256,1,model-facing/candidate-snapshots/ow14-s0256.json,4,4,true
1543,proprietary_gpt,ow14-s0256,2,model-facing/candidate-snapshots/ow14-s0256.json,4,4,true
1544,proprietary_gpt,ow14-s0256,3,model-facing/candidate-snapshots/ow14-s0256.json,4,4,true
1545,proprietary_gpt,ow14-s0256,4,model-facing/candidate-snapshots/ow14-s0256.json,4,4,true
1546,proprietary_gpt,ow14-s0256,5,model-facing/candidate-snapshots/ow14-s0256.json,4,4,true
1547,proprietary_gpt,ow14-s0257,1,model-facing/candidate-snapshots/ow14-s0257.json,4,4,true
1548,proprietary_gpt,ow14-s0257,2,model-facing/candidate-snapshots/ow14-s0257.json,4,4,true
1549,proprietary_gpt,ow14-s0257,3,model-facing/candidate-snapshots/ow14-s0257.json,4,4,true
1550,proprietary_gpt,ow14-s0257,4,model-facing/candidate-snapshots/ow14-s0257.json,4,4,true
1551,proprietary_gpt,ow14-s0257,5,model-facing/candidate-snapshots/ow14-s0257.json,4,4,true
1552,proprietary_gpt,ow14-s0258,1,model-facing/candidate-snapshots/ow14-s0258.json,4,4,true
1553,proprietary_gpt,ow14-s0258,2,model-facing/candidate-snapshots/ow14-s0258.json,4,4,true
1554,proprietary_gpt,ow14-s0258,3,model-facing/candidate-snapshots/ow14-s0258.json,4,4,true
1555,proprietary_gpt,ow14-s0258,4,model-facing/candidate-snapshots/ow14-s0258.json,4,4,true
1556,proprietary_gpt,ow14-s0258,5,model-facing/candidate-snapshots/ow14-s0258.json,4,4,true
1557,proprietary_gpt,ow14-s0259,1,model-facing/candidate-snapshots/ow14-s0259.json,4,4,true
1558,proprietary_gpt,ow14-s0259,2,model-facing/candidate-snapshots/ow14-s0259.json,4,4,true
1559,proprietary_gpt,ow14-s0259,3,model-facing/candidate-snapshots/ow14-s0259.json,4,4,true
1560,proprietary_gpt,ow14-s0259,4,model-facing/candidate-snapshots/ow14-s0259.json,4,4,true
1561,proprietary_gpt,ow14-s0259,5,model-facing/candidate-snapshots/ow14-s0259.json,4,4,true
1562,proprietary_gpt,ow14-s0260,1,model-facing/candidate-snapshots/ow14-s0260.json,4,4,true
1563,proprietary_gpt,ow14-s0260,2,model-facing/candidate-snapshots/ow14-s0260.json,4,4,true
1564,proprietary_gpt,ow14-s0260,3,model-facing/candidate-snapshots/ow14-s0260.json,4,4,true
1565,proprietary_gpt,ow14-s0260,4,model-facing/candidate-snapshots/ow14-s0260.json,4,4,true
1566,proprietary_gpt,ow14-s0260,5,model-facing/candidate-snapshots/ow14-s0260.json,4,4,true
1567,proprietary_gpt,ow14-s0261,1,model-facing/candidate-snapshots/ow14-s0261.json,4,4,true
1568,proprietary_gpt,ow14-s0261,2,model-facing/candidate-snapshots/ow14-s0261.json,4,4,true
1569,proprietary_gpt,ow14-s0261,3,model-facing/candidate-snapshots/ow14-s0261.json,4,4,true
1570,proprietary_gpt,ow14-s0261,4,model-facing/candidate-snapshots/ow14-s0261.json,4,4,true
1571,proprietary_gpt,ow14-s0261,5,model-facing/candidate-snapshots/ow14-s0261.json,4,4,true
1572,proprietary_gpt,ow14-s0262,1,model-facing/candidate-snapshots/ow14-s0262.json,4,4,true
1573,proprietary_gpt,ow14-s0262,2,model-facing/candidate-snapshots/ow14-s0262.json,4,4,true
1574,proprietary_gpt,ow14-s0262,3,model-facing/candidate-snapshots/ow14-s0262.json,4,4,true
1575,proprietary_gpt,ow14-s0262,4,model-facing/candidate-snapshots/ow14-s0262.json,4,4,true
1576,proprietary_gpt,ow14-s0262,5,model-facing/candidate-snapshots/ow14-s0262.json,4,4,true
1577,proprietary_gpt,ow14-s0263,1,model-facing/candidate-snapshots/ow14-s0263.json,4,4,true
1578,proprietary_gpt,ow14-s0263,2,model-facing/candidate-snapshots/ow14-s0263.json,4,4,true
1579,proprietary_gpt,ow14-s0263,3,model-facing/candidate-snapshots/ow14-s0263.json,4,4,true
1580,proprietary_gpt,ow14-s0263,4,model-facing/candidate-snapshots/ow14-s0263.json,4,4,true
1581,proprietary_gpt,ow14-s0263,5,model-facing/candidate-snapshots/ow14-s0263.json,4,4,true
1582,proprietary_gpt,ow14-s0264,1,model-facing/candidate-snapshots/ow14-s0264.json,4,4,true
1583,proprietary_gpt,ow14-s0264,2,model-facing/candidate-snapshots/ow14-s0264.json,4,4,true
1584,proprietary_gpt,ow14-s0264,3,model-facing/candidate-snapshots/ow14-s0264.json,4,4,true
1585,proprietary_gpt,ow14-s0264,4,model-facing/candidate-snapshots/ow14-s0264.json,4,4,true
1586,proprietary_gpt,ow14-s0264,5,model-facing/candidate-snapshots/ow14-s0264.json,4,4,true
1587,proprietary_gpt,ow14-s0265,1,model-facing/candidate-snapshots/ow14-s0265.json,4,4,true
1588,proprietary_gpt,ow14-s0265,2,model-facing/candidate-snapshots/ow14-s0265.json,4,4,true
1589,proprietary_gpt,ow14-s0265,3,model-facing/candidate-snapshots/ow14-s0265.json,4,4,true
1590,proprietary_gpt,ow14-s0265,4,model-facing/candidate-snapshots/ow14-s0265.json,4,4,true
1591,proprietary_gpt,ow14-s0265,5,model-facing/candidate-snapshots/ow14-s0265.json,4,4,true
1592,proprietary_gpt,ow14-s0266,1,model-facing/candidate-snapshots/ow14-s0266.json,4,4,true
1593,proprietary_gpt,ow14-s0266,2,model-facing/candidate-snapshots/ow14-s0266.json,4,4,true
1594,proprietary_gpt,ow14-s0266,3,model-facing/candidate-snapshots/ow14-s0266.json,4,4,true
1595,proprietary_gpt,ow14-s0266,4,model-facing/candidate-snapshots/ow14-s0266.json,4,4,true
1596,proprietary_gpt,ow14-s0266,5,model-facing/candidate-snapshots/ow14-s0266.json,4,4,true
1597,local_qwen,ow14-s0001,1,model-facing/candidate-snapshots/ow14-s0001.json,4,4,true
1598,local_qwen,ow14-s0001,2,model-facing/candidate-snapshots/ow14-s0001.json,4,4,true
1599,local_qwen,ow14-s0001,3,model-facing/candidate-snapshots/ow14-s0001.json,4,4,true
1600,local_qwen,ow14-s0001,4,model-facing/candidate-snapshots/ow14-s0001.json,4,4,true
1601,local_qwen,ow14-s0001,5,model-facing/candidate-snapshots/ow14-s0001.json,4,4,true
1602,local_qwen,ow14-s0002,1,model-facing/candidate-snapshots/ow14-s0002.json,4,4,true
1603,local_qwen,ow14-s0002,2,model-facing/candidate-snapshots/ow14-s0002.json,4,4,true
1604,local_qwen,ow14-s0002,3,model-facing/candidate-snapshots/ow14-s0002.json,4,4,true
1605,local_qwen,ow14-s0002,4,model-facing/candidate-snapshots/ow14-s0002.json,4,4,true
1606,local_qwen,ow14-s0002,5,model-facing/candidate-snapshots/ow14-s0002.json,4,4,true
1607,local_qwen,ow14-s0003,1,model-facing/candidate-snapshots/ow14-s0003.json,4,4,true
1608,local_qwen,ow14-s0003,2,model-facing/candidate-snapshots/ow14-s0003.json,4,4,true
1609,local_qwen,ow14-s0003,3,model-facing/candidate-snapshots/ow14-s0003.json,4,4,true
1610,local_qwen,ow14-s0003,4,model-facing/candidate-snapshots/ow14-s0003.json,4,4,true
1611,local_qwen,ow14-s0003,5,model-facing/candidate-snapshots/ow14-s0003.json,4,4,true
1612,local_qwen,ow14-s0004,1,model-facing/candidate-snapshots/ow14-s0004.json,4,4,true
1613,local_qwen,ow14-s0004,2,model-facing/candidate-snapshots/ow14-s0004.json,4,4,true
1614,local_qwen,ow14-s0004,3,model-facing/candidate-snapshots/ow14-s0004.json,4,4,true
1615,local_qwen,ow14-s0004,4,model-facing/candidate-snapshots/ow14-s0004.json,4,4,true
1616,local_qwen,ow14-s0004,5,model-facing/candidate-snapshots/ow14-s0004.json,4,4,true
1617,local_qwen,ow14-s0005,1,model-facing/candidate-snapshots/ow14-s0005.json,4,4,true
1618,local_qwen,ow14-s0005,2,model-facing/candidate-snapshots/ow14-s0005.json,4,4,true
1619,local_qwen,ow14-s0005,3,model-facing/candidate-snapshots/ow14-s0005.json,4,4,true
1620,local_qwen,ow14-s0005,4,model-facing/candidate-snapshots/ow14-s0005.json,4,4,true
1621,local_qwen,ow14-s0005,5,model-facing/candidate-snapshots/ow14-s0005.json,4,4,true
1622,local_qwen,ow14-s0006,1,model-facing/candidate-snapshots/ow14-s0006.json,4,4,true
1623,local_qwen,ow14-s0006,2,model-facing/candidate-snapshots/ow14-s0006.json,4,4,true
1624,local_qwen,ow14-s0006,3,model-facing/candidate-snapshots/ow14-s0006.json,4,4,true
1625,local_qwen,ow14-s0006,4,model-facing/candidate-snapshots/ow14-s0006.json,4,4,true
1626,local_qwen,ow14-s0006,5,model-facing/candidate-snapshots/ow14-s0006.json,4,4,true
1627,local_qwen,ow14-s0007,1,model-facing/candidate-snapshots/ow14-s0007.json,4,4,true
1628,local_qwen,ow14-s0007,2,model-facing/candidate-snapshots/ow14-s0007.json,4,4,true
1629,local_qwen,ow14-s0007,3,model-facing/candidate-snapshots/ow14-s0007.json,4,4,true
1630,local_qwen,ow14-s0007,4,model-facing/candidate-snapshots/ow14-s0007.json,4,4,true
1631,local_qwen,ow14-s0007,5,model-facing/candidate-snapshots/ow14-s0007.json,4,4,true
1632,local_qwen,ow14-s0008,1,model-facing/candidate-snapshots/ow14-s0008.json,4,4,true
1633,local_qwen,ow14-s0008,2,model-facing/candidate-snapshots/ow14-s0008.json,4,4,true
1634,local_qwen,ow14-s0008,3,model-facing/candidate-snapshots/ow14-s0008.json,4,4,true
1635,local_qwen,ow14-s0008,4,model-facing/candidate-snapshots/ow14-s0008.json,4,4,true
1636,local_qwen,ow14-s0008,5,model-facing/candidate-snapshots/ow14-s0008.json,4,4,true
1637,local_qwen,ow14-s0009,1,model-facing/candidate-snapshots/ow14-s0009.json,4,4,true
1638,local_qwen,ow14-s0009,2,model-facing/candidate-snapshots/ow14-s0009.json,4,4,true
1639,local_qwen,ow14-s0009,3,model-facing/candidate-snapshots/ow14-s0009.json,4,4,true
1640,local_qwen,ow14-s0009,4,model-facing/candidate-snapshots/ow14-s0009.json,4,4,true
1641,local_qwen,ow14-s0009,5,model-facing/candidate-snapshots/ow14-s0009.json,4,4,true
1642,local_qwen,ow14-s0010,1,model-facing/candidate-snapshots/ow14-s0010.json,4,4,true
1643,local_qwen,ow14-s0010,2,model-facing/candidate-snapshots/ow14-s0010.json,4,4,true
1644,local_qwen,ow14-s0010,3,model-facing/candidate-snapshots/ow14-s0010.json,4,4,true
1645,local_qwen,ow14-s0010,4,model-facing/candidate-snapshots/ow14-s0010.json,4,4,true
1646,local_qwen,ow14-s0010,5,model-facing/candidate-snapshots/ow14-s0010.json,4,4,true
1647,local_qwen,ow14-s0011,1,model-facing/candidate-snapshots/ow14-s0011.json,4,4,true
1648,local_qwen,ow14-s0011,2,model-facing/candidate-snapshots/ow14-s0011.json,4,4,true
1649,local_qwen,ow14-s0011,3,model-facing/candidate-snapshots/ow14-s0011.json,4,4,true
1650,local_qwen,ow14-s0011,4,model-facing/candidate-snapshots/ow14-s0011.json,4,4,true
1651,local_qwen,ow14-s0011,5,model-facing/candidate-snapshots/ow14-s0011.json,4,4,true
1652,local_qwen,ow14-s0012,1,model-facing/candidate-snapshots/ow14-s0012.json,4,4,true
1653,local_qwen,ow14-s0012,2,model-facing/candidate-snapshots/ow14-s0012.json,4,4,true
1654,local_qwen,ow14-s0012,3,model-facing/candidate-snapshots/ow14-s0012.json,4,4,true
1655,local_qwen,ow14-s0012,4,model-facing/candidate-snapshots/ow14-s0012.json,4,4,true
1656,local_qwen,ow14-s0012,5,model-facing/candidate-snapshots/ow14-s0012.json,4,4,true
1657,local_qwen,ow14-s0013,1,model-facing/candidate-snapshots/ow14-s0013.json,4,4,true
1658,local_qwen,ow14-s0013,2,model-facing/candidate-snapshots/ow14-s0013.json,4,4,true
1659,local_qwen,ow14-s0013,3,model-facing/candidate-snapshots/ow14-s0013.json,4,4,true
1660,local_qwen,ow14-s0013,4,model-facing/candidate-snapshots/ow14-s0013.json,4,4,true
1661,local_qwen,ow14-s0013,5,model-facing/candidate-snapshots/ow14-s0013.json,4,4,true
1662,local_qwen,ow14-s0014,1,model-facing/candidate-snapshots/ow14-s0014.json,4,4,true
1663,local_qwen,ow14-s0014,2,model-facing/candidate-snapshots/ow14-s0014.json,4,4,true
1664,local_qwen,ow14-s0014,3,model-facing/candidate-snapshots/ow14-s0014.json,4,4,true
1665,local_qwen,ow14-s0014,4,model-facing/candidate-snapshots/ow14-s0014.json,4,4,true
1666,local_qwen,ow14-s0014,5,model-facing/candidate-snapshots/ow14-s0014.json,4,4,true
1667,local_qwen,ow14-s0015,1,model-facing/candidate-snapshots/ow14-s0015.json,4,4,true
1668,local_qwen,ow14-s0015,2,model-facing/candidate-snapshots/ow14-s0015.json,4,4,true
1669,local_qwen,ow14-s0015,3,model-facing/candidate-snapshots/ow14-s0015.json,4,4,true
1670,local_qwen,ow14-s0015,4,model-facing/candidate-snapshots/ow14-s0015.json,4,4,true
1671,local_qwen,ow14-s0015,5,model-facing/candidate-snapshots/ow14-s0015.json,4,4,true
1672,local_qwen,ow14-s0016,1,model-facing/candidate-snapshots/ow14-s0016.json,4,4,true
1673,local_qwen,ow14-s0016,2,model-facing/candidate-snapshots/ow14-s0016.json,4,4,true
1674,local_qwen,ow14-s0016,3,model-facing/candidate-snapshots/ow14-s0016.json,4,4,true
1675,local_qwen,ow14-s0016,4,model-facing/candidate-snapshots/ow14-s0016.json,4,4,true
1676,local_qwen,ow14-s0016,5,model-facing/candidate-snapshots/ow14-s0016.json,4,4,true
1677,local_qwen,ow14-s0017,1,model-facing/candidate-snapshots/ow14-s0017.json,4,4,true
1678,local_qwen,ow14-s0017,2,model-facing/candidate-snapshots/ow14-s0017.json,4,4,true
1679,local_qwen,ow14-s0017,3,model-facing/candidate-snapshots/ow14-s0017.json,4,4,true
1680,local_qwen,ow14-s0017,4,model-facing/candidate-snapshots/ow14-s0017.json,4,4,true
1681,local_qwen,ow14-s0017,5,model-facing/candidate-snapshots/ow14-s0017.json,4,4,true
1682,local_qwen,ow14-s0018,1,model-facing/candidate-snapshots/ow14-s0018.json,4,4,true
1683,local_qwen,ow14-s0018,2,model-facing/candidate-snapshots/ow14-s0018.json,4,4,true
1684,local_qwen,ow14-s0018,3,model-facing/candidate-snapshots/ow14-s0018.json,4,4,true
1685,local_qwen,ow14-s0018,4,model-facing/candidate-snapshots/ow14-s0018.json,4,4,true
1686,local_qwen,ow14-s0018,5,model-facing/candidate-snapshots/ow14-s0018.json,4,4,true
1687,local_qwen,ow14-s0019,1,model-facing/candidate-snapshots/ow14-s0019.json,4,4,true
1688,local_qwen,ow14-s0019,2,model-facing/candidate-snapshots/ow14-s0019.json,4,4,true
1689,local_qwen,ow14-s0019,3,model-facing/candidate-snapshots/ow14-s0019.json,4,4,true
1690,local_qwen,ow14-s0019,4,model-facing/candidate-snapshots/ow14-s0019.json,4,4,true
1691,local_qwen,ow14-s0019,5,model-facing/candidate-snapshots/ow14-s0019.json,4,4,true
1692,local_qwen,ow14-s0020,1,model-facing/candidate-snapshots/ow14-s0020.json,4,4,true
1693,local_qwen,ow14-s0020,2,model-facing/candidate-snapshots/ow14-s0020.json,4,4,true
1694,local_qwen,ow14-s0020,3,model-facing/candidate-snapshots/ow14-s0020.json,4,4,true
1695,local_qwen,ow14-s0020,4,model-facing/candidate-snapshots/ow14-s0020.json,4,4,true
1696,local_qwen,ow14-s0020,5,model-facing/candidate-snapshots/ow14-s0020.json,4,4,true
1697,local_qwen,ow14-s0021,1,model-facing/candidate-snapshots/ow14-s0021.json,4,4,true
1698,local_qwen,ow14-s0021,2,model-facing/candidate-snapshots/ow14-s0021.json,4,4,true
1699,local_qwen,ow14-s0021,3,model-facing/candidate-snapshots/ow14-s0021.json,4,4,true
1700,local_qwen,ow14-s0021,4,model-facing/candidate-snapshots/ow14-s0021.json,4,4,true
1701,local_qwen,ow14-s0021,5,model-facing/candidate-snapshots/ow14-s0021.json,4,4,true
1702,local_qwen,ow14-s0022,1,model-facing/candidate-snapshots/ow14-s0022.json,4,4,true
1703,local_qwen,ow14-s0022,2,model-facing/candidate-snapshots/ow14-s0022.json,4,4,true
1704,local_qwen,ow14-s0022,3,model-facing/candidate-snapshots/ow14-s0022.json,4,4,true
1705,local_qwen,ow14-s0022,4,model-facing/candidate-snapshots/ow14-s0022.json,4,4,true
1706,local_qwen,ow14-s0022,5,model-facing/candidate-snapshots/ow14-s0022.json,4,4,true
1707,local_qwen,ow14-s0023,1,model-facing/candidate-snapshots/ow14-s0023.json,4,4,true
1708,local_qwen,ow14-s0023,2,model-facing/candidate-snapshots/ow14-s0023.json,4,4,true
1709,local_qwen,ow14-s0023,3,model-facing/candidate-snapshots/ow14-s0023.json,4,4,true
1710,local_qwen,ow14-s0023,4,model-facing/candidate-snapshots/ow14-s0023.json,4,4,true
1711,local_qwen,ow14-s0023,5,model-facing/candidate-snapshots/ow14-s0023.json,4,4,true
1712,local_qwen,ow14-s0024,1,model-facing/candidate-snapshots/ow14-s0024.json,4,4,true
1713,local_qwen,ow14-s0024,2,model-facing/candidate-snapshots/ow14-s0024.json,4,4,true
1714,local_qwen,ow14-s0024,3,model-facing/candidate-snapshots/ow14-s0024.json,4,4,true
1715,local_qwen,ow14-s0024,4,model-facing/candidate-snapshots/ow14-s0024.json,4,4,true
1716,local_qwen,ow14-s0024,5,model-facing/candidate-snapshots/ow14-s0024.json,4,4,true
1717,local_qwen,ow14-s0025,1,model-facing/candidate-snapshots/ow14-s0025.json,4,4,true
1718,local_qwen,ow14-s0025,2,model-facing/candidate-snapshots/ow14-s0025.json,4,4,true
1719,local_qwen,ow14-s0025,3,model-facing/candidate-snapshots/ow14-s0025.json,4,4,true
1720,local_qwen,ow14-s0025,4,model-facing/candidate-snapshots/ow14-s0025.json,4,4,true
1721,local_qwen,ow14-s0025,5,model-facing/candidate-snapshots/ow14-s0025.json,4,4,true
1722,local_qwen,ow14-s0026,1,model-facing/candidate-snapshots/ow14-s0026.json,4,4,true
1723,local_qwen,ow14-s0026,2,model-facing/candidate-snapshots/ow14-s0026.json,4,4,true
1724,local_qwen,ow14-s0026,3,model-facing/candidate-snapshots/ow14-s0026.json,4,4,true
1725,local_qwen,ow14-s0026,4,model-facing/candidate-snapshots/ow14-s0026.json,4,4,true
1726,local_qwen,ow14-s0026,5,model-facing/candidate-snapshots/ow14-s0026.json,4,4,true
1727,local_qwen,ow14-s0027,1,model-facing/candidate-snapshots/ow14-s0027.json,4,4,true
1728,local_qwen,ow14-s0027,2,model-facing/candidate-snapshots/ow14-s0027.json,4,4,true
1729,local_qwen,ow14-s0027,3,model-facing/candidate-snapshots/ow14-s0027.json,4,4,true
1730,local_qwen,ow14-s0027,4,model-facing/candidate-snapshots/ow14-s0027.json,4,4,true
1731,local_qwen,ow14-s0027,5,model-facing/candidate-snapshots/ow14-s0027.json,4,4,true
1732,local_qwen,ow14-s0028,1,model-facing/candidate-snapshots/ow14-s0028.json,4,4,true
1733,local_qwen,ow14-s0028,2,model-facing/candidate-snapshots/ow14-s0028.json,4,4,true
1734,local_qwen,ow14-s0028,3,model-facing/candidate-snapshots/ow14-s0028.json,4,4,true
1735,local_qwen,ow14-s0028,4,model-facing/candidate-snapshots/ow14-s0028.json,4,4,true
1736,local_qwen,ow14-s0028,5,model-facing/candidate-snapshots/ow14-s0028.json,4,4,true
1737,local_qwen,ow14-s0029,1,model-facing/candidate-snapshots/ow14-s0029.json,4,4,true
1738,local_qwen,ow14-s0029,2,model-facing/candidate-snapshots/ow14-s0029.json,4,4,true
1739,local_qwen,ow14-s0029,3,model-facing/candidate-snapshots/ow14-s0029.json,4,4,true
1740,local_qwen,ow14-s0029,4,model-facing/candidate-snapshots/ow14-s0029.json,4,4,true
1741,local_qwen,ow14-s0029,5,model-facing/candidate-snapshots/ow14-s0029.json,4,4,true
1742,local_qwen,ow14-s0030,1,model-facing/candidate-snapshots/ow14-s0030.json,4,4,true
1743,local_qwen,ow14-s0030,2,model-facing/candidate-snapshots/ow14-s0030.json,4,4,true
1744,local_qwen,ow14-s0030,3,model-facing/candidate-snapshots/ow14-s0030.json,4,4,true
1745,local_qwen,ow14-s0030,4,model-facing/candidate-snapshots/ow14-s0030.json,4,4,true
1746,local_qwen,ow14-s0030,5,model-facing/candidate-snapshots/ow14-s0030.json,4,4,true
1747,local_qwen,ow14-s0031,1,model-facing/candidate-snapshots/ow14-s0031.json,4,4,true
1748,local_qwen,ow14-s0031,2,model-facing/candidate-snapshots/ow14-s0031.json,4,4,true
1749,local_qwen,ow14-s0031,3,model-facing/candidate-snapshots/ow14-s0031.json,4,4,true
1750,local_qwen,ow14-s0031,4,model-facing/candidate-snapshots/ow14-s0031.json,4,4,true
1751,local_qwen,ow14-s0031,5,model-facing/candidate-snapshots/ow14-s0031.json,4,4,true
1752,local_qwen,ow14-s0032,1,model-facing/candidate-snapshots/ow14-s0032.json,4,4,true
1753,local_qwen,ow14-s0032,2,model-facing/candidate-snapshots/ow14-s0032.json,4,4,true
1754,local_qwen,ow14-s0032,3,model-facing/candidate-snapshots/ow14-s0032.json,4,4,true
1755,local_qwen,ow14-s0032,4,model-facing/candidate-snapshots/ow14-s0032.json,4,4,true
1756,local_qwen,ow14-s0032,5,model-facing/candidate-snapshots/ow14-s0032.json,4,4,true
1757,local_qwen,ow14-s0033,1,model-facing/candidate-snapshots/ow14-s0033.json,4,4,true
1758,local_qwen,ow14-s0033,2,model-facing/candidate-snapshots/ow14-s0033.json,4,4,true
1759,local_qwen,ow14-s0033,3,model-facing/candidate-snapshots/ow14-s0033.json,4,4,true
1760,local_qwen,ow14-s0033,4,model-facing/candidate-snapshots/ow14-s0033.json,4,4,true
1761,local_qwen,ow14-s0033,5,model-facing/candidate-snapshots/ow14-s0033.json,4,4,true
1762,local_qwen,ow14-s0034,1,model-facing/candidate-snapshots/ow14-s0034.json,4,4,true
1763,local_qwen,ow14-s0034,2,model-facing/candidate-snapshots/ow14-s0034.json,4,4,true
1764,local_qwen,ow14-s0034,3,model-facing/candidate-snapshots/ow14-s0034.json,4,4,true
1765,local_qwen,ow14-s0034,4,model-facing/candidate-snapshots/ow14-s0034.json,4,4,true
1766,local_qwen,ow14-s0034,5,model-facing/candidate-snapshots/ow14-s0034.json,4,4,true
1767,local_qwen,ow14-s0035,1,model-facing/candidate-snapshots/ow14-s0035.json,4,4,true
1768,local_qwen,ow14-s0035,2,model-facing/candidate-snapshots/ow14-s0035.json,4,4,true
1769,local_qwen,ow14-s0035,3,model-facing/candidate-snapshots/ow14-s0035.json,4,4,true
1770,local_qwen,ow14-s0035,4,model-facing/candidate-snapshots/ow14-s0035.json,4,4,true
1771,local_qwen,ow14-s0035,5,model-facing/candidate-snapshots/ow14-s0035.json,4,4,true
1772,local_qwen,ow14-s0036,1,model-facing/candidate-snapshots/ow14-s0036.json,4,4,true
1773,local_qwen,ow14-s0036,2,model-facing/candidate-snapshots/ow14-s0036.json,4,4,true
1774,local_qwen,ow14-s0036,3,model-facing/candidate-snapshots/ow14-s0036.json,4,4,true
1775,local_qwen,ow14-s0036,4,model-facing/candidate-snapshots/ow14-s0036.json,4,4,true
1776,local_qwen,ow14-s0036,5,model-facing/candidate-snapshots/ow14-s0036.json,4,4,true
1777,local_qwen,ow14-s0037,1,model-facing/candidate-snapshots/ow14-s0037.json,4,4,true
1778,local_qwen,ow14-s0037,2,model-facing/candidate-snapshots/ow14-s0037.json,4,4,true
1779,local_qwen,ow14-s0037,3,model-facing/candidate-snapshots/ow14-s0037.json,4,4,true
1780,local_qwen,ow14-s0037,4,model-facing/candidate-snapshots/ow14-s0037.json,4,4,true
1781,local_qwen,ow14-s0037,5,model-facing/candidate-snapshots/ow14-s0037.json,4,4,true
1782,local_qwen,ow14-s0038,1,model-facing/candidate-snapshots/ow14-s0038.json,4,4,true
1783,local_qwen,ow14-s0038,2,model-facing/candidate-snapshots/ow14-s0038.json,4,4,true
1784,local_qwen,ow14-s0038,3,model-facing/candidate-snapshots/ow14-s0038.json,4,4,true
1785,local_qwen,ow14-s0038,4,model-facing/candidate-snapshots/ow14-s0038.json,4,4,true
1786,local_qwen,ow14-s0038,5,model-facing/candidate-snapshots/ow14-s0038.json,4,4,true
1787,local_qwen,ow14-s0039,1,model-facing/candidate-snapshots/ow14-s0039.json,4,4,true
1788,local_qwen,ow14-s0039,2,model-facing/candidate-snapshots/ow14-s0039.json,4,4,true
1789,local_qwen,ow14-s0039,3,model-facing/candidate-snapshots/ow14-s0039.json,4,4,true
1790,local_qwen,ow14-s0039,4,model-facing/candidate-snapshots/ow14-s0039.json,4,4,true
1791,local_qwen,ow14-s0039,5,model-facing/candidate-snapshots/ow14-s0039.json,4,4,true
1792,local_qwen,ow14-s0040,1,model-facing/candidate-snapshots/ow14-s0040.json,4,4,true
1793,local_qwen,ow14-s0040,2,model-facing/candidate-snapshots/ow14-s0040.json,4,4,true
1794,local_qwen,ow14-s0040,3,model-facing/candidate-snapshots/ow14-s0040.json,4,4,true
1795,local_qwen,ow14-s0040,4,model-facing/candidate-snapshots/ow14-s0040.json,4,4,true
1796,local_qwen,ow14-s0040,5,model-facing/candidate-snapshots/ow14-s0040.json,4,4,true
1797,local_qwen,ow14-s0041,1,model-facing/candidate-snapshots/ow14-s0041.json,4,4,true
1798,local_qwen,ow14-s0041,2,model-facing/candidate-snapshots/ow14-s0041.json,4,4,true
1799,local_qwen,ow14-s0041,3,model-facing/candidate-snapshots/ow14-s0041.json,4,4,true
1800,local_qwen,ow14-s0041,4,model-facing/candidate-snapshots/ow14-s0041.json,4,4,true
1801,local_qwen,ow14-s0041,5,model-facing/candidate-snapshots/ow14-s0041.json,4,4,true
1802,local_qwen,ow14-s0042,1,model-facing/candidate-snapshots/ow14-s0042.json,4,4,true
1803,local_qwen,ow14-s0042,2,model-facing/candidate-snapshots/ow14-s0042.json,4,4,true
1804,local_qwen,ow14-s0042,3,model-facing/candidate-snapshots/ow14-s0042.json,4,4,true
1805,local_qwen,ow14-s0042,4,model-facing/candidate-snapshots/ow14-s0042.json,4,4,true
1806,local_qwen,ow14-s0042,5,model-facing/candidate-snapshots/ow14-s0042.json,4,4,true
1807,local_qwen,ow14-s0043,1,model-facing/candidate-snapshots/ow14-s0043.json,4,4,true
1808,local_qwen,ow14-s0043,2,model-facing/candidate-snapshots/ow14-s0043.json,4,4,true
1809,local_qwen,ow14-s0043,3,model-facing/candidate-snapshots/ow14-s0043.json,4,4,true
1810,local_qwen,ow14-s0043,4,model-facing/candidate-snapshots/ow14-s0043.json,4,4,true
1811,local_qwen,ow14-s0043,5,model-facing/candidate-snapshots/ow14-s0043.json,4,4,true
1812,local_qwen,ow14-s0044,1,model-facing/candidate-snapshots/ow14-s0044.json,4,4,true
1813,local_qwen,ow14-s0044,2,model-facing/candidate-snapshots/ow14-s0044.json,4,4,true
1814,local_qwen,ow14-s0044,3,model-facing/candidate-snapshots/ow14-s0044.json,4,4,true
1815,local_qwen,ow14-s0044,4,model-facing/candidate-snapshots/ow14-s0044.json,4,4,true
1816,local_qwen,ow14-s0044,5,model-facing/candidate-snapshots/ow14-s0044.json,4,4,true
1817,local_qwen,ow14-s0045,1,model-facing/candidate-snapshots/ow14-s0045.json,4,4,true
1818,local_qwen,ow14-s0045,2,model-facing/candidate-snapshots/ow14-s0045.json,4,4,true
1819,local_qwen,ow14-s0045,3,model-facing/candidate-snapshots/ow14-s0045.json,4,4,true
1820,local_qwen,ow14-s0045,4,model-facing/candidate-snapshots/ow14-s0045.json,4,4,true
1821,local_qwen,ow14-s0045,5,model-facing/candidate-snapshots/ow14-s0045.json,4,4,true
1822,local_qwen,ow14-s0046,1,model-facing/candidate-snapshots/ow14-s0046.json,4,4,true
1823,local_qwen,ow14-s0046,2,model-facing/candidate-snapshots/ow14-s0046.json,4,4,true
1824,local_qwen,ow14-s0046,3,model-facing/candidate-snapshots/ow14-s0046.json,4,4,true
1825,local_qwen,ow14-s0046,4,model-facing/candidate-snapshots/ow14-s0046.json,4,4,true
1826,local_qwen,ow14-s0046,5,model-facing/candidate-snapshots/ow14-s0046.json,4,4,true
1827,local_qwen,ow14-s0047,1,model-facing/candidate-snapshots/ow14-s0047.json,4,4,true
1828,local_qwen,ow14-s0047,2,model-facing/candidate-snapshots/ow14-s0047.json,4,4,true
1829,local_qwen,ow14-s0047,3,model-facing/candidate-snapshots/ow14-s0047.json,4,4,true
1830,local_qwen,ow14-s0047,4,model-facing/candidate-snapshots/ow14-s0047.json,4,4,true
1831,local_qwen,ow14-s0047,5,model-facing/candidate-snapshots/ow14-s0047.json,4,4,true
1832,local_qwen,ow14-s0048,1,model-facing/candidate-snapshots/ow14-s0048.json,4,4,true
1833,local_qwen,ow14-s0048,2,model-facing/candidate-snapshots/ow14-s0048.json,4,4,true
1834,local_qwen,ow14-s0048,3,model-facing/candidate-snapshots/ow14-s0048.json,4,4,true
1835,local_qwen,ow14-s0048,4,model-facing/candidate-snapshots/ow14-s0048.json,4,4,true
1836,local_qwen,ow14-s0048,5,model-facing/candidate-snapshots/ow14-s0048.json,4,4,true
1837,local_qwen,ow14-s0049,1,model-facing/candidate-snapshots/ow14-s0049.json,4,4,true
1838,local_qwen,ow14-s0049,2,model-facing/candidate-snapshots/ow14-s0049.json,4,4,true
1839,local_qwen,ow14-s0049,3,model-facing/candidate-snapshots/ow14-s0049.json,4,4,true
1840,local_qwen,ow14-s0049,4,model-facing/candidate-snapshots/ow14-s0049.json,4,4,true
1841,local_qwen,ow14-s0049,5,model-facing/candidate-snapshots/ow14-s0049.json,4,4,true
1842,local_qwen,ow14-s0050,1,model-facing/candidate-snapshots/ow14-s0050.json,4,4,true
1843,local_qwen,ow14-s0050,2,model-facing/candidate-snapshots/ow14-s0050.json,4,4,true
1844,local_qwen,ow14-s0050,3,model-facing/candidate-snapshots/ow14-s0050.json,4,4,true
1845,local_qwen,ow14-s0050,4,model-facing/candidate-snapshots/ow14-s0050.json,4,4,true
1846,local_qwen,ow14-s0050,5,model-facing/candidate-snapshots/ow14-s0050.json,4,4,true
1847,local_qwen,ow14-s0051,1,model-facing/candidate-snapshots/ow14-s0051.json,4,4,true
1848,local_qwen,ow14-s0051,2,model-facing/candidate-snapshots/ow14-s0051.json,4,4,true
1849,local_qwen,ow14-s0051,3,model-facing/candidate-snapshots/ow14-s0051.json,4,4,true
1850,local_qwen,ow14-s0051,4,model-facing/candidate-snapshots/ow14-s0051.json,4,4,true
1851,local_qwen,ow14-s0051,5,model-facing/candidate-snapshots/ow14-s0051.json,4,4,true
1852,local_qwen,ow14-s0052,1,model-facing/candidate-snapshots/ow14-s0052.json,4,4,true
1853,local_qwen,ow14-s0052,2,model-facing/candidate-snapshots/ow14-s0052.json,4,4,true
1854,local_qwen,ow14-s0052,3,model-facing/candidate-snapshots/ow14-s0052.json,4,4,true
1855,local_qwen,ow14-s0052,4,model-facing/candidate-snapshots/ow14-s0052.json,4,4,true
1856,local_qwen,ow14-s0052,5,model-facing/candidate-snapshots/ow14-s0052.json,4,4,true
1857,local_qwen,ow14-s0053,1,model-facing/candidate-snapshots/ow14-s0053.json,4,4,true
1858,local_qwen,ow14-s0053,2,model-facing/candidate-snapshots/ow14-s0053.json,4,4,true
1859,local_qwen,ow14-s0053,3,model-facing/candidate-snapshots/ow14-s0053.json,4,4,true
1860,local_qwen,ow14-s0053,4,model-facing/candidate-snapshots/ow14-s0053.json,4,4,true
1861,local_qwen,ow14-s0053,5,model-facing/candidate-snapshots/ow14-s0053.json,4,4,true
1862,local_qwen,ow14-s0054,1,model-facing/candidate-snapshots/ow14-s0054.json,4,4,true
1863,local_qwen,ow14-s0054,2,model-facing/candidate-snapshots/ow14-s0054.json,4,4,true
1864,local_qwen,ow14-s0054,3,model-facing/candidate-snapshots/ow14-s0054.json,4,4,true
1865,local_qwen,ow14-s0054,4,model-facing/candidate-snapshots/ow14-s0054.json,4,4,true
1866,local_qwen,ow14-s0054,5,model-facing/candidate-snapshots/ow14-s0054.json,4,4,true
1867,local_qwen,ow14-s0055,1,model-facing/candidate-snapshots/ow14-s0055.json,4,4,true
1868,local_qwen,ow14-s0055,2,model-facing/candidate-snapshots/ow14-s0055.json,4,4,true
1869,local_qwen,ow14-s0055,3,model-facing/candidate-snapshots/ow14-s0055.json,4,4,true
1870,local_qwen,ow14-s0055,4,model-facing/candidate-snapshots/ow14-s0055.json,4,4,true
1871,local_qwen,ow14-s0055,5,model-facing/candidate-snapshots/ow14-s0055.json,4,4,true
1872,local_qwen,ow14-s0056,1,model-facing/candidate-snapshots/ow14-s0056.json,4,4,true
1873,local_qwen,ow14-s0056,2,model-facing/candidate-snapshots/ow14-s0056.json,4,4,true
1874,local_qwen,ow14-s0056,3,model-facing/candidate-snapshots/ow14-s0056.json,4,4,true
1875,local_qwen,ow14-s0056,4,model-facing/candidate-snapshots/ow14-s0056.json,4,4,true
1876,local_qwen,ow14-s0056,5,model-facing/candidate-snapshots/ow14-s0056.json,4,4,true
1877,local_qwen,ow14-s0057,1,model-facing/candidate-snapshots/ow14-s0057.json,4,4,true
1878,local_qwen,ow14-s0057,2,model-facing/candidate-snapshots/ow14-s0057.json,4,4,true
1879,local_qwen,ow14-s0057,3,model-facing/candidate-snapshots/ow14-s0057.json,4,4,true
1880,local_qwen,ow14-s0057,4,model-facing/candidate-snapshots/ow14-s0057.json,4,4,true
1881,local_qwen,ow14-s0057,5,model-facing/candidate-snapshots/ow14-s0057.json,4,4,true
1882,local_qwen,ow14-s0058,1,model-facing/candidate-snapshots/ow14-s0058.json,4,4,true
1883,local_qwen,ow14-s0058,2,model-facing/candidate-snapshots/ow14-s0058.json,4,4,true
1884,local_qwen,ow14-s0058,3,model-facing/candidate-snapshots/ow14-s0058.json,4,4,true
1885,local_qwen,ow14-s0058,4,model-facing/candidate-snapshots/ow14-s0058.json,4,4,true
1886,local_qwen,ow14-s0058,5,model-facing/candidate-snapshots/ow14-s0058.json,4,4,true
1887,local_qwen,ow14-s0059,1,model-facing/candidate-snapshots/ow14-s0059.json,4,4,true
1888,local_qwen,ow14-s0059,2,model-facing/candidate-snapshots/ow14-s0059.json,4,4,true
1889,local_qwen,ow14-s0059,3,model-facing/candidate-snapshots/ow14-s0059.json,4,4,true
1890,local_qwen,ow14-s0059,4,model-facing/candidate-snapshots/ow14-s0059.json,4,4,true
1891,local_qwen,ow14-s0059,5,model-facing/candidate-snapshots/ow14-s0059.json,4,4,true
1892,local_qwen,ow14-s0060,1,model-facing/candidate-snapshots/ow14-s0060.json,4,4,true
1893,local_qwen,ow14-s0060,2,model-facing/candidate-snapshots/ow14-s0060.json,4,4,true
1894,local_qwen,ow14-s0060,3,model-facing/candidate-snapshots/ow14-s0060.json,4,4,true
1895,local_qwen,ow14-s0060,4,model-facing/candidate-snapshots/ow14-s0060.json,4,4,true
1896,local_qwen,ow14-s0060,5,model-facing/candidate-snapshots/ow14-s0060.json,4,4,true
1897,local_qwen,ow14-s0061,1,model-facing/candidate-snapshots/ow14-s0061.json,4,4,true
1898,local_qwen,ow14-s0061,2,model-facing/candidate-snapshots/ow14-s0061.json,4,4,true
1899,local_qwen,ow14-s0061,3,model-facing/candidate-snapshots/ow14-s0061.json,4,4,true
1900,local_qwen,ow14-s0061,4,model-facing/candidate-snapshots/ow14-s0061.json,4,4,true
1901,local_qwen,ow14-s0061,5,model-facing/candidate-snapshots/ow14-s0061.json,4,4,true
1902,local_qwen,ow14-s0062,1,model-facing/candidate-snapshots/ow14-s0062.json,4,4,true
1903,local_qwen,ow14-s0062,2,model-facing/candidate-snapshots/ow14-s0062.json,4,4,true
1904,local_qwen,ow14-s0062,3,model-facing/candidate-snapshots/ow14-s0062.json,4,4,true
1905,local_qwen,ow14-s0062,4,model-facing/candidate-snapshots/ow14-s0062.json,4,4,true
1906,local_qwen,ow14-s0062,5,model-facing/candidate-snapshots/ow14-s0062.json,4,4,true
1907,local_qwen,ow14-s0063,1,model-facing/candidate-snapshots/ow14-s0063.json,4,4,true
1908,local_qwen,ow14-s0063,2,model-facing/candidate-snapshots/ow14-s0063.json,4,4,true
1909,local_qwen,ow14-s0063,3,model-facing/candidate-snapshots/ow14-s0063.json,4,4,true
1910,local_qwen,ow14-s0063,4,model-facing/candidate-snapshots/ow14-s0063.json,4,4,true
1911,local_qwen,ow14-s0063,5,model-facing/candidate-snapshots/ow14-s0063.json,4,4,true
1912,local_qwen,ow14-s0064,1,model-facing/candidate-snapshots/ow14-s0064.json,4,4,true
1913,local_qwen,ow14-s0064,2,model-facing/candidate-snapshots/ow14-s0064.json,4,4,true
1914,local_qwen,ow14-s0064,3,model-facing/candidate-snapshots/ow14-s0064.json,4,4,true
1915,local_qwen,ow14-s0064,4,model-facing/candidate-snapshots/ow14-s0064.json,4,4,true
1916,local_qwen,ow14-s0064,5,model-facing/candidate-snapshots/ow14-s0064.json,4,4,true
1917,local_qwen,ow14-s0065,1,model-facing/candidate-snapshots/ow14-s0065.json,4,4,true
1918,local_qwen,ow14-s0065,2,model-facing/candidate-snapshots/ow14-s0065.json,4,4,true
1919,local_qwen,ow14-s0065,3,model-facing/candidate-snapshots/ow14-s0065.json,4,4,true
1920,local_qwen,ow14-s0065,4,model-facing/candidate-snapshots/ow14-s0065.json,4,4,true
1921,local_qwen,ow14-s0065,5,model-facing/candidate-snapshots/ow14-s0065.json,4,4,true
1922,local_qwen,ow14-s0066,1,model-facing/candidate-snapshots/ow14-s0066.json,4,4,true
1923,local_qwen,ow14-s0066,2,model-facing/candidate-snapshots/ow14-s0066.json,4,4,true
1924,local_qwen,ow14-s0066,3,model-facing/candidate-snapshots/ow14-s0066.json,4,4,true
1925,local_qwen,ow14-s0066,4,model-facing/candidate-snapshots/ow14-s0066.json,4,4,true
1926,local_qwen,ow14-s0066,5,model-facing/candidate-snapshots/ow14-s0066.json,4,4,true
1927,local_qwen,ow14-s0067,1,model-facing/candidate-snapshots/ow14-s0067.json,4,4,true
1928,local_qwen,ow14-s0067,2,model-facing/candidate-snapshots/ow14-s0067.json,4,4,true
1929,local_qwen,ow14-s0067,3,model-facing/candidate-snapshots/ow14-s0067.json,4,4,true
1930,local_qwen,ow14-s0067,4,model-facing/candidate-snapshots/ow14-s0067.json,4,4,true
1931,local_qwen,ow14-s0067,5,model-facing/candidate-snapshots/ow14-s0067.json,4,4,true
1932,local_qwen,ow14-s0068,1,model-facing/candidate-snapshots/ow14-s0068.json,4,4,true
1933,local_qwen,ow14-s0068,2,model-facing/candidate-snapshots/ow14-s0068.json,4,4,true
1934,local_qwen,ow14-s0068,3,model-facing/candidate-snapshots/ow14-s0068.json,4,4,true
1935,local_qwen,ow14-s0068,4,model-facing/candidate-snapshots/ow14-s0068.json,4,4,true
1936,local_qwen,ow14-s0068,5,model-facing/candidate-snapshots/ow14-s0068.json,4,4,true
1937,local_qwen,ow14-s0069,1,model-facing/candidate-snapshots/ow14-s0069.json,4,4,true
1938,local_qwen,ow14-s0069,2,model-facing/candidate-snapshots/ow14-s0069.json,4,4,true
1939,local_qwen,ow14-s0069,3,model-facing/candidate-snapshots/ow14-s0069.json,4,4,true
1940,local_qwen,ow14-s0069,4,model-facing/candidate-snapshots/ow14-s0069.json,4,4,true
1941,local_qwen,ow14-s0069,5,model-facing/candidate-snapshots/ow14-s0069.json,4,4,true
1942,local_qwen,ow14-s0070,1,model-facing/candidate-snapshots/ow14-s0070.json,4,4,true
1943,local_qwen,ow14-s0070,2,model-facing/candidate-snapshots/ow14-s0070.json,4,4,true
1944,local_qwen,ow14-s0070,3,model-facing/candidate-snapshots/ow14-s0070.json,4,4,true
1945,local_qwen,ow14-s0070,4,model-facing/candidate-snapshots/ow14-s0070.json,4,4,true
1946,local_qwen,ow14-s0070,5,model-facing/candidate-snapshots/ow14-s0070.json,4,4,true
1947,local_qwen,ow14-s0071,1,model-facing/candidate-snapshots/ow14-s0071.json,4,4,true
1948,local_qwen,ow14-s0071,2,model-facing/candidate-snapshots/ow14-s0071.json,4,4,true
1949,local_qwen,ow14-s0071,3,model-facing/candidate-snapshots/ow14-s0071.json,4,4,true
1950,local_qwen,ow14-s0071,4,model-facing/candidate-snapshots/ow14-s0071.json,4,4,true
1951,local_qwen,ow14-s0071,5,model-facing/candidate-snapshots/ow14-s0071.json,4,4,true
1952,local_qwen,ow14-s0072,1,model-facing/candidate-snapshots/ow14-s0072.json,4,4,true
1953,local_qwen,ow14-s0072,2,model-facing/candidate-snapshots/ow14-s0072.json,4,4,true
1954,local_qwen,ow14-s0072,3,model-facing/candidate-snapshots/ow14-s0072.json,4,4,true
1955,local_qwen,ow14-s0072,4,model-facing/candidate-snapshots/ow14-s0072.json,4,4,true
1956,local_qwen,ow14-s0072,5,model-facing/candidate-snapshots/ow14-s0072.json,4,4,true
1957,local_qwen,ow14-s0073,1,model-facing/candidate-snapshots/ow14-s0073.json,4,4,true
1958,local_qwen,ow14-s0073,2,model-facing/candidate-snapshots/ow14-s0073.json,4,4,true
1959,local_qwen,ow14-s0073,3,model-facing/candidate-snapshots/ow14-s0073.json,4,4,true
1960,local_qwen,ow14-s0073,4,model-facing/candidate-snapshots/ow14-s0073.json,4,4,true
1961,local_qwen,ow14-s0073,5,model-facing/candidate-snapshots/ow14-s0073.json,4,4,true
1962,local_qwen,ow14-s0074,1,model-facing/candidate-snapshots/ow14-s0074.json,4,4,true
1963,local_qwen,ow14-s0074,2,model-facing/candidate-snapshots/ow14-s0074.json,4,4,true
1964,local_qwen,ow14-s0074,3,model-facing/candidate-snapshots/ow14-s0074.json,4,4,true
1965,local_qwen,ow14-s0074,4,model-facing/candidate-snapshots/ow14-s0074.json,4,4,true
1966,local_qwen,ow14-s0074,5,model-facing/candidate-snapshots/ow14-s0074.json,4,4,true
1967,local_qwen,ow14-s0075,1,model-facing/candidate-snapshots/ow14-s0075.json,4,4,true
1968,local_qwen,ow14-s0075,2,model-facing/candidate-snapshots/ow14-s0075.json,4,4,true
1969,local_qwen,ow14-s0075,3,model-facing/candidate-snapshots/ow14-s0075.json,4,4,true
1970,local_qwen,ow14-s0075,4,model-facing/candidate-snapshots/ow14-s0075.json,4,4,true
1971,local_qwen,ow14-s0075,5,model-facing/candidate-snapshots/ow14-s0075.json,4,4,true
1972,local_qwen,ow14-s0076,1,model-facing/candidate-snapshots/ow14-s0076.json,4,4,true
1973,local_qwen,ow14-s0076,2,model-facing/candidate-snapshots/ow14-s0076.json,4,4,true
1974,local_qwen,ow14-s0076,3,model-facing/candidate-snapshots/ow14-s0076.json,4,4,true
1975,local_qwen,ow14-s0076,4,model-facing/candidate-snapshots/ow14-s0076.json,4,4,true
1976,local_qwen,ow14-s0076,5,model-facing/candidate-snapshots/ow14-s0076.json,4,4,true
1977,local_qwen,ow14-s0077,1,model-facing/candidate-snapshots/ow14-s0077.json,4,4,true
1978,local_qwen,ow14-s0077,2,model-facing/candidate-snapshots/ow14-s0077.json,4,4,true
1979,local_qwen,ow14-s0077,3,model-facing/candidate-snapshots/ow14-s0077.json,4,4,true
1980,local_qwen,ow14-s0077,4,model-facing/candidate-snapshots/ow14-s0077.json,4,4,true
1981,local_qwen,ow14-s0077,5,model-facing/candidate-snapshots/ow14-s0077.json,4,4,true
1982,local_qwen,ow14-s0078,1,model-facing/candidate-snapshots/ow14-s0078.json,4,4,true
1983,local_qwen,ow14-s0078,2,model-facing/candidate-snapshots/ow14-s0078.json,4,4,true
1984,local_qwen,ow14-s0078,3,model-facing/candidate-snapshots/ow14-s0078.json,4,4,true
1985,local_qwen,ow14-s0078,4,model-facing/candidate-snapshots/ow14-s0078.json,4,4,true
1986,local_qwen,ow14-s0078,5,model-facing/candidate-snapshots/ow14-s0078.json,4,4,true
1987,local_qwen,ow14-s0079,1,model-facing/candidate-snapshots/ow14-s0079.json,4,4,true
1988,local_qwen,ow14-s0079,2,model-facing/candidate-snapshots/ow14-s0079.json,4,4,true
1989,local_qwen,ow14-s0079,3,model-facing/candidate-snapshots/ow14-s0079.json,4,4,true
1990,local_qwen,ow14-s0079,4,model-facing/candidate-snapshots/ow14-s0079.json,4,4,true
1991,local_qwen,ow14-s0079,5,model-facing/candidate-snapshots/ow14-s0079.json,4,4,true
1992,local_qwen,ow14-s0080,1,model-facing/candidate-snapshots/ow14-s0080.json,4,4,true
1993,local_qwen,ow14-s0080,2,model-facing/candidate-snapshots/ow14-s0080.json,4,4,true
1994,local_qwen,ow14-s0080,3,model-facing/candidate-snapshots/ow14-s0080.json,4,4,true
1995,local_qwen,ow14-s0080,4,model-facing/candidate-snapshots/ow14-s0080.json,4,4,true
1996,local_qwen,ow14-s0080,5,model-facing/candidate-snapshots/ow14-s0080.json,4,4,true
1997,local_qwen,ow14-s0081,1,model-facing/candidate-snapshots/ow14-s0081.json,4,4,true
1998,local_qwen,ow14-s0081,2,model-facing/candidate-snapshots/ow14-s0081.json,4,4,true
1999,local_qwen,ow14-s0081,3,model-facing/candidate-snapshots/ow14-s0081.json,4,4,true
2000,local_qwen,ow14-s0081,4,model-facing/candidate-snapshots/ow14-s0081.json,4,4,true
2001,local_qwen,ow14-s0081,5,model-facing/candidate-snapshots/ow14-s0081.json,4,4,true
2002,local_qwen,ow14-s0082,1,model-facing/candidate-snapshots/ow14-s0082.json,4,4,true
2003,local_qwen,ow14-s0082,2,model-facing/candidate-snapshots/ow14-s0082.json,4,4,true
2004,local_qwen,ow14-s0082,3,model-facing/candidate-snapshots/ow14-s0082.json,4,4,true
2005,local_qwen,ow14-s0082,4,model-facing/candidate-snapshots/ow14-s0082.json,4,4,true
2006,local_qwen,ow14-s0082,5,model-facing/candidate-snapshots/ow14-s0082.json,4,4,true
2007,local_qwen,ow14-s0083,1,model-facing/candidate-snapshots/ow14-s0083.json,4,4,true
2008,local_qwen,ow14-s0083,2,model-facing/candidate-snapshots/ow14-s0083.json,4,4,true
2009,local_qwen,ow14-s0083,3,model-facing/candidate-snapshots/ow14-s0083.json,4,4,true
2010,local_qwen,ow14-s0083,4,model-facing/candidate-snapshots/ow14-s0083.json,4,4,true
2011,local_qwen,ow14-s0083,5,model-facing/candidate-snapshots/ow14-s0083.json,4,4,true
2012,local_qwen,ow14-s0084,1,model-facing/candidate-snapshots/ow14-s0084.json,4,4,true
2013,local_qwen,ow14-s0084,2,model-facing/candidate-snapshots/ow14-s0084.json,4,4,true
2014,local_qwen,ow14-s0084,3,model-facing/candidate-snapshots/ow14-s0084.json,4,4,true
2015,local_qwen,ow14-s0084,4,model-facing/candidate-snapshots/ow14-s0084.json,4,4,true
2016,local_qwen,ow14-s0084,5,model-facing/candidate-snapshots/ow14-s0084.json,4,4,true
2017,local_qwen,ow14-s0085,1,model-facing/candidate-snapshots/ow14-s0085.json,4,4,true
2018,local_qwen,ow14-s0085,2,model-facing/candidate-snapshots/ow14-s0085.json,4,4,true
2019,local_qwen,ow14-s0085,3,model-facing/candidate-snapshots/ow14-s0085.json,4,4,true
2020,local_qwen,ow14-s0085,4,model-facing/candidate-snapshots/ow14-s0085.json,4,4,true
2021,local_qwen,ow14-s0085,5,model-facing/candidate-snapshots/ow14-s0085.json,4,4,true
2022,local_qwen,ow14-s0086,1,model-facing/candidate-snapshots/ow14-s0086.json,4,4,true
2023,local_qwen,ow14-s0086,2,model-facing/candidate-snapshots/ow14-s0086.json,4,4,true
2024,local_qwen,ow14-s0086,3,model-facing/candidate-snapshots/ow14-s0086.json,4,4,true
2025,local_qwen,ow14-s0086,4,model-facing/candidate-snapshots/ow14-s0086.json,4,4,true
2026,local_qwen,ow14-s0086,5,model-facing/candidate-snapshots/ow14-s0086.json,4,4,true
2027,local_qwen,ow14-s0087,1,model-facing/candidate-snapshots/ow14-s0087.json,4,4,true
2028,local_qwen,ow14-s0087,2,model-facing/candidate-snapshots/ow14-s0087.json,4,4,true
2029,local_qwen,ow14-s0087,3,model-facing/candidate-snapshots/ow14-s0087.json,4,4,true
2030,local_qwen,ow14-s0087,4,model-facing/candidate-snapshots/ow14-s0087.json,4,4,true
2031,local_qwen,ow14-s0087,5,model-facing/candidate-snapshots/ow14-s0087.json,4,4,true
2032,local_qwen,ow14-s0088,1,model-facing/candidate-snapshots/ow14-s0088.json,4,4,true
2033,local_qwen,ow14-s0088,2,model-facing/candidate-snapshots/ow14-s0088.json,4,4,true
2034,local_qwen,ow14-s0088,3,model-facing/candidate-snapshots/ow14-s0088.json,4,4,true
2035,local_qwen,ow14-s0088,4,model-facing/candidate-snapshots/ow14-s0088.json,4,4,true
2036,local_qwen,ow14-s0088,5,model-facing/candidate-snapshots/ow14-s0088.json,4,4,true
2037,local_qwen,ow14-s0089,1,model-facing/candidate-snapshots/ow14-s0089.json,4,4,true
2038,local_qwen,ow14-s0089,2,model-facing/candidate-snapshots/ow14-s0089.json,4,4,true
2039,local_qwen,ow14-s0089,3,model-facing/candidate-snapshots/ow14-s0089.json,4,4,true
2040,local_qwen,ow14-s0089,4,model-facing/candidate-snapshots/ow14-s0089.json,4,4,true
2041,local_qwen,ow14-s0089,5,model-facing/candidate-snapshots/ow14-s0089.json,4,4,true
2042,local_qwen,ow14-s0090,1,model-facing/candidate-snapshots/ow14-s0090.json,4,4,true
2043,local_qwen,ow14-s0090,2,model-facing/candidate-snapshots/ow14-s0090.json,4,4,true
2044,local_qwen,ow14-s0090,3,model-facing/candidate-snapshots/ow14-s0090.json,4,4,true
2045,local_qwen,ow14-s0090,4,model-facing/candidate-snapshots/ow14-s0090.json,4,4,true
2046,local_qwen,ow14-s0090,5,model-facing/candidate-snapshots/ow14-s0090.json,4,4,true
2047,local_qwen,ow14-s0091,1,model-facing/candidate-snapshots/ow14-s0091.json,4,4,true
2048,local_qwen,ow14-s0091,2,model-facing/candidate-snapshots/ow14-s0091.json,4,4,true
2049,local_qwen,ow14-s0091,3,model-facing/candidate-snapshots/ow14-s0091.json,4,4,true
2050,local_qwen,ow14-s0091,4,model-facing/candidate-snapshots/ow14-s0091.json,4,4,true
2051,local_qwen,ow14-s0091,5,model-facing/candidate-snapshots/ow14-s0091.json,4,4,true
2052,local_qwen,ow14-s0092,1,model-facing/candidate-snapshots/ow14-s0092.json,4,4,true
2053,local_qwen,ow14-s0092,2,model-facing/candidate-snapshots/ow14-s0092.json,4,4,true
2054,local_qwen,ow14-s0092,3,model-facing/candidate-snapshots/ow14-s0092.json,4,4,true
2055,local_qwen,ow14-s0092,4,model-facing/candidate-snapshots/ow14-s0092.json,4,4,true
2056,local_qwen,ow14-s0092,5,model-facing/candidate-snapshots/ow14-s0092.json,4,4,true
2057,local_qwen,ow14-s0093,1,model-facing/candidate-snapshots/ow14-s0093.json,4,4,true
2058,local_qwen,ow14-s0093,2,model-facing/candidate-snapshots/ow14-s0093.json,4,4,true
2059,local_qwen,ow14-s0093,3,model-facing/candidate-snapshots/ow14-s0093.json,4,4,true
2060,local_qwen,ow14-s0093,4,model-facing/candidate-snapshots/ow14-s0093.json,4,4,true
2061,local_qwen,ow14-s0093,5,model-facing/candidate-snapshots/ow14-s0093.json,4,4,true
2062,local_qwen,ow14-s0094,1,model-facing/candidate-snapshots/ow14-s0094.json,4,4,true
2063,local_qwen,ow14-s0094,2,model-facing/candidate-snapshots/ow14-s0094.json,4,4,true
2064,local_qwen,ow14-s0094,3,model-facing/candidate-snapshots/ow14-s0094.json,4,4,true
2065,local_qwen,ow14-s0094,4,model-facing/candidate-snapshots/ow14-s0094.json,4,4,true
2066,local_qwen,ow14-s0094,5,model-facing/candidate-snapshots/ow14-s0094.json,4,4,true
2067,local_qwen,ow14-s0095,1,model-facing/candidate-snapshots/ow14-s0095.json,4,4,true
2068,local_qwen,ow14-s0095,2,model-facing/candidate-snapshots/ow14-s0095.json,4,4,true
2069,local_qwen,ow14-s0095,3,model-facing/candidate-snapshots/ow14-s0095.json,4,4,true
2070,local_qwen,ow14-s0095,4,model-facing/candidate-snapshots/ow14-s0095.json,4,4,true
2071,local_qwen,ow14-s0095,5,model-facing/candidate-snapshots/ow14-s0095.json,4,4,true
2072,local_qwen,ow14-s0096,1,model-facing/candidate-snapshots/ow14-s0096.json,4,4,true
2073,local_qwen,ow14-s0096,2,model-facing/candidate-snapshots/ow14-s0096.json,4,4,true
2074,local_qwen,ow14-s0096,3,model-facing/candidate-snapshots/ow14-s0096.json,4,4,true
2075,local_qwen,ow14-s0096,4,model-facing/candidate-snapshots/ow14-s0096.json,4,4,true
2076,local_qwen,ow14-s0096,5,model-facing/candidate-snapshots/ow14-s0096.json,4,4,true
2077,local_qwen,ow14-s0097,1,model-facing/candidate-snapshots/ow14-s0097.json,4,4,true
2078,local_qwen,ow14-s0097,2,model-facing/candidate-snapshots/ow14-s0097.json,4,4,true
2079,local_qwen,ow14-s0097,3,model-facing/candidate-snapshots/ow14-s0097.json,4,4,true
2080,local_qwen,ow14-s0097,4,model-facing/candidate-snapshots/ow14-s0097.json,4,4,true
2081,local_qwen,ow14-s0097,5,model-facing/candidate-snapshots/ow14-s0097.json,4,4,true
2082,local_qwen,ow14-s0098,1,model-facing/candidate-snapshots/ow14-s0098.json,4,4,true
2083,local_qwen,ow14-s0098,2,model-facing/candidate-snapshots/ow14-s0098.json,4,4,true
2084,local_qwen,ow14-s0098,3,model-facing/candidate-snapshots/ow14-s0098.json,4,4,true
2085,local_qwen,ow14-s0098,4,model-facing/candidate-snapshots/ow14-s0098.json,4,4,true
2086,local_qwen,ow14-s0098,5,model-facing/candidate-snapshots/ow14-s0098.json,4,4,true
2087,local_qwen,ow14-s0099,1,model-facing/candidate-snapshots/ow14-s0099.json,4,4,true
2088,local_qwen,ow14-s0099,2,model-facing/candidate-snapshots/ow14-s0099.json,4,4,true
2089,local_qwen,ow14-s0099,3,model-facing/candidate-snapshots/ow14-s0099.json,4,4,true
2090,local_qwen,ow14-s0099,4,model-facing/candidate-snapshots/ow14-s0099.json,4,4,true
2091,local_qwen,ow14-s0099,5,model-facing/candidate-snapshots/ow14-s0099.json,4,4,true
2092,local_qwen,ow14-s0100,1,model-facing/candidate-snapshots/ow14-s0100.json,4,4,true
2093,local_qwen,ow14-s0100,2,model-facing/candidate-snapshots/ow14-s0100.json,4,4,true
2094,local_qwen,ow14-s0100,3,model-facing/candidate-snapshots/ow14-s0100.json,4,4,true
2095,local_qwen,ow14-s0100,4,model-facing/candidate-snapshots/ow14-s0100.json,4,4,true
2096,local_qwen,ow14-s0100,5,model-facing/candidate-snapshots/ow14-s0100.json,4,4,true
2097,local_qwen,ow14-s0101,1,model-facing/candidate-snapshots/ow14-s0101.json,4,4,true
2098,local_qwen,ow14-s0101,2,model-facing/candidate-snapshots/ow14-s0101.json,4,4,true
2099,local_qwen,ow14-s0101,3,model-facing/candidate-snapshots/ow14-s0101.json,4,4,true
2100,local_qwen,ow14-s0101,4,model-facing/candidate-snapshots/ow14-s0101.json,4,4,true
2101,local_qwen,ow14-s0101,5,model-facing/candidate-snapshots/ow14-s0101.json,4,4,true
2102,local_qwen,ow14-s0102,1,model-facing/candidate-snapshots/ow14-s0102.json,4,4,true
2103,local_qwen,ow14-s0102,2,model-facing/candidate-snapshots/ow14-s0102.json,4,4,true
2104,local_qwen,ow14-s0102,3,model-facing/candidate-snapshots/ow14-s0102.json,4,4,true
2105,local_qwen,ow14-s0102,4,model-facing/candidate-snapshots/ow14-s0102.json,4,4,true
2106,local_qwen,ow14-s0102,5,model-facing/candidate-snapshots/ow14-s0102.json,4,4,true
2107,local_qwen,ow14-s0103,1,model-facing/candidate-snapshots/ow14-s0103.json,4,4,true
2108,local_qwen,ow14-s0103,2,model-facing/candidate-snapshots/ow14-s0103.json,4,4,true
2109,local_qwen,ow14-s0103,3,model-facing/candidate-snapshots/ow14-s0103.json,4,4,true
2110,local_qwen,ow14-s0103,4,model-facing/candidate-snapshots/ow14-s0103.json,4,4,true
2111,local_qwen,ow14-s0103,5,model-facing/candidate-snapshots/ow14-s0103.json,4,4,true
2112,local_qwen,ow14-s0104,1,model-facing/candidate-snapshots/ow14-s0104.json,4,4,true
2113,local_qwen,ow14-s0104,2,model-facing/candidate-snapshots/ow14-s0104.json,4,4,true
2114,local_qwen,ow14-s0104,3,model-facing/candidate-snapshots/ow14-s0104.json,4,4,true
2115,local_qwen,ow14-s0104,4,model-facing/candidate-snapshots/ow14-s0104.json,4,4,true
2116,local_qwen,ow14-s0104,5,model-facing/candidate-snapshots/ow14-s0104.json,4,4,true
2117,local_qwen,ow14-s0105,1,model-facing/candidate-snapshots/ow14-s0105.json,4,4,true
2118,local_qwen,ow14-s0105,2,model-facing/candidate-snapshots/ow14-s0105.json,4,4,true
2119,local_qwen,ow14-s0105,3,model-facing/candidate-snapshots/ow14-s0105.json,4,4,true
2120,local_qwen,ow14-s0105,4,model-facing/candidate-snapshots/ow14-s0105.json,4,4,true
2121,local_qwen,ow14-s0105,5,model-facing/candidate-snapshots/ow14-s0105.json,4,4,true
2122,local_qwen,ow14-s0106,1,model-facing/candidate-snapshots/ow14-s0106.json,4,4,true
2123,local_qwen,ow14-s0106,2,model-facing/candidate-snapshots/ow14-s0106.json,4,4,true
2124,local_qwen,ow14-s0106,3,model-facing/candidate-snapshots/ow14-s0106.json,4,4,true
2125,local_qwen,ow14-s0106,4,model-facing/candidate-snapshots/ow14-s0106.json,4,4,true
2126,local_qwen,ow14-s0106,5,model-facing/candidate-snapshots/ow14-s0106.json,4,4,true
2127,local_qwen,ow14-s0107,1,model-facing/candidate-snapshots/ow14-s0107.json,4,4,true
2128,local_qwen,ow14-s0107,2,model-facing/candidate-snapshots/ow14-s0107.json,4,4,true
2129,local_qwen,ow14-s0107,3,model-facing/candidate-snapshots/ow14-s0107.json,4,4,true
2130,local_qwen,ow14-s0107,4,model-facing/candidate-snapshots/ow14-s0107.json,4,4,true
2131,local_qwen,ow14-s0107,5,model-facing/candidate-snapshots/ow14-s0107.json,4,4,true
2132,local_qwen,ow14-s0108,1,model-facing/candidate-snapshots/ow14-s0108.json,4,4,true
2133,local_qwen,ow14-s0108,2,model-facing/candidate-snapshots/ow14-s0108.json,4,4,true
2134,local_qwen,ow14-s0108,3,model-facing/candidate-snapshots/ow14-s0108.json,4,4,true
2135,local_qwen,ow14-s0108,4,model-facing/candidate-snapshots/ow14-s0108.json,4,4,true
2136,local_qwen,ow14-s0108,5,model-facing/candidate-snapshots/ow14-s0108.json,4,4,true
2137,local_qwen,ow14-s0109,1,model-facing/candidate-snapshots/ow14-s0109.json,4,4,true
2138,local_qwen,ow14-s0109,2,model-facing/candidate-snapshots/ow14-s0109.json,4,4,true
2139,local_qwen,ow14-s0109,3,model-facing/candidate-snapshots/ow14-s0109.json,4,4,true
2140,local_qwen,ow14-s0109,4,model-facing/candidate-snapshots/ow14-s0109.json,4,4,true
2141,local_qwen,ow14-s0109,5,model-facing/candidate-snapshots/ow14-s0109.json,4,4,true
2142,local_qwen,ow14-s0110,1,model-facing/candidate-snapshots/ow14-s0110.json,4,4,true
2143,local_qwen,ow14-s0110,2,model-facing/candidate-snapshots/ow14-s0110.json,4,4,true
2144,local_qwen,ow14-s0110,3,model-facing/candidate-snapshots/ow14-s0110.json,4,4,true
2145,local_qwen,ow14-s0110,4,model-facing/candidate-snapshots/ow14-s0110.json,4,4,true
2146,local_qwen,ow14-s0110,5,model-facing/candidate-snapshots/ow14-s0110.json,4,4,true
2147,local_qwen,ow14-s0111,1,model-facing/candidate-snapshots/ow14-s0111.json,4,4,true
2148,local_qwen,ow14-s0111,2,model-facing/candidate-snapshots/ow14-s0111.json,4,4,true
2149,local_qwen,ow14-s0111,3,model-facing/candidate-snapshots/ow14-s0111.json,4,4,true
2150,local_qwen,ow14-s0111,4,model-facing/candidate-snapshots/ow14-s0111.json,4,4,true
2151,local_qwen,ow14-s0111,5,model-facing/candidate-snapshots/ow14-s0111.json,4,4,true
2152,local_qwen,ow14-s0112,1,model-facing/candidate-snapshots/ow14-s0112.json,4,4,true
2153,local_qwen,ow14-s0112,2,model-facing/candidate-snapshots/ow14-s0112.json,4,4,true
2154,local_qwen,ow14-s0112,3,model-facing/candidate-snapshots/ow14-s0112.json,4,4,true
2155,local_qwen,ow14-s0112,4,model-facing/candidate-snapshots/ow14-s0112.json,4,4,true
2156,local_qwen,ow14-s0112,5,model-facing/candidate-snapshots/ow14-s0112.json,4,4,true
2157,local_qwen,ow14-s0113,1,model-facing/candidate-snapshots/ow14-s0113.json,4,4,true
2158,local_qwen,ow14-s0113,2,model-facing/candidate-snapshots/ow14-s0113.json,4,4,true
2159,local_qwen,ow14-s0113,3,model-facing/candidate-snapshots/ow14-s0113.json,4,4,true
2160,local_qwen,ow14-s0113,4,model-facing/candidate-snapshots/ow14-s0113.json,4,4,true
2161,local_qwen,ow14-s0113,5,model-facing/candidate-snapshots/ow14-s0113.json,4,4,true
2162,local_qwen,ow14-s0114,1,model-facing/candidate-snapshots/ow14-s0114.json,4,4,true
2163,local_qwen,ow14-s0114,2,model-facing/candidate-snapshots/ow14-s0114.json,4,4,true
2164,local_qwen,ow14-s0114,3,model-facing/candidate-snapshots/ow14-s0114.json,4,4,true
2165,local_qwen,ow14-s0114,4,model-facing/candidate-snapshots/ow14-s0114.json,4,4,true
2166,local_qwen,ow14-s0114,5,model-facing/candidate-snapshots/ow14-s0114.json,4,4,true
2167,local_qwen,ow14-s0115,1,model-facing/candidate-snapshots/ow14-s0115.json,4,4,true
2168,local_qwen,ow14-s0115,2,model-facing/candidate-snapshots/ow14-s0115.json,4,4,true
2169,local_qwen,ow14-s0115,3,model-facing/candidate-snapshots/ow14-s0115.json,4,4,true
2170,local_qwen,ow14-s0115,4,model-facing/candidate-snapshots/ow14-s0115.json,4,4,true
2171,local_qwen,ow14-s0115,5,model-facing/candidate-snapshots/ow14-s0115.json,4,4,true
2172,local_qwen,ow14-s0116,1,model-facing/candidate-snapshots/ow14-s0116.json,4,4,true
2173,local_qwen,ow14-s0116,2,model-facing/candidate-snapshots/ow14-s0116.json,4,4,true
2174,local_qwen,ow14-s0116,3,model-facing/candidate-snapshots/ow14-s0116.json,4,4,true
2175,local_qwen,ow14-s0116,4,model-facing/candidate-snapshots/ow14-s0116.json,4,4,true
2176,local_qwen,ow14-s0116,5,model-facing/candidate-snapshots/ow14-s0116.json,4,4,true
2177,local_qwen,ow14-s0117,1,model-facing/candidate-snapshots/ow14-s0117.json,4,4,true
2178,local_qwen,ow14-s0117,2,model-facing/candidate-snapshots/ow14-s0117.json,4,4,true
2179,local_qwen,ow14-s0117,3,model-facing/candidate-snapshots/ow14-s0117.json,4,4,true
2180,local_qwen,ow14-s0117,4,model-facing/candidate-snapshots/ow14-s0117.json,4,4,true
2181,local_qwen,ow14-s0117,5,model-facing/candidate-snapshots/ow14-s0117.json,4,4,true
2182,local_qwen,ow14-s0118,1,model-facing/candidate-snapshots/ow14-s0118.json,4,4,true
2183,local_qwen,ow14-s0118,2,model-facing/candidate-snapshots/ow14-s0118.json,4,4,true
2184,local_qwen,ow14-s0118,3,model-facing/candidate-snapshots/ow14-s0118.json,4,4,true
2185,local_qwen,ow14-s0118,4,model-facing/candidate-snapshots/ow14-s0118.json,4,4,true
2186,local_qwen,ow14-s0118,5,model-facing/candidate-snapshots/ow14-s0118.json,4,4,true
2187,local_qwen,ow14-s0119,1,model-facing/candidate-snapshots/ow14-s0119.json,4,4,true
2188,local_qwen,ow14-s0119,2,model-facing/candidate-snapshots/ow14-s0119.json,4,4,true
2189,local_qwen,ow14-s0119,3,model-facing/candidate-snapshots/ow14-s0119.json,4,4,true
2190,local_qwen,ow14-s0119,4,model-facing/candidate-snapshots/ow14-s0119.json,4,4,true
2191,local_qwen,ow14-s0119,5,model-facing/candidate-snapshots/ow14-s0119.json,4,4,true
2192,local_qwen,ow14-s0120,1,model-facing/candidate-snapshots/ow14-s0120.json,4,4,true
2193,local_qwen,ow14-s0120,2,model-facing/candidate-snapshots/ow14-s0120.json,4,4,true
2194,local_qwen,ow14-s0120,3,model-facing/candidate-snapshots/ow14-s0120.json,4,4,true
2195,local_qwen,ow14-s0120,4,model-facing/candidate-snapshots/ow14-s0120.json,4,4,true
2196,local_qwen,ow14-s0120,5,model-facing/candidate-snapshots/ow14-s0120.json,4,4,true
2197,local_qwen,ow14-s0121,1,model-facing/candidate-snapshots/ow14-s0121.json,4,4,true
2198,local_qwen,ow14-s0121,2,model-facing/candidate-snapshots/ow14-s0121.json,4,4,true
2199,local_qwen,ow14-s0121,3,model-facing/candidate-snapshots/ow14-s0121.json,4,4,true
2200,local_qwen,ow14-s0121,4,model-facing/candidate-snapshots/ow14-s0121.json,4,4,true
2201,local_qwen,ow14-s0121,5,model-facing/candidate-snapshots/ow14-s0121.json,4,4,true
2202,local_qwen,ow14-s0122,1,model-facing/candidate-snapshots/ow14-s0122.json,4,4,true
2203,local_qwen,ow14-s0122,2,model-facing/candidate-snapshots/ow14-s0122.json,4,4,true
2204,local_qwen,ow14-s0122,3,model-facing/candidate-snapshots/ow14-s0122.json,4,4,true
2205,local_qwen,ow14-s0122,4,model-facing/candidate-snapshots/ow14-s0122.json,4,4,true
2206,local_qwen,ow14-s0122,5,model-facing/candidate-snapshots/ow14-s0122.json,4,4,true
2207,local_qwen,ow14-s0123,1,model-facing/candidate-snapshots/ow14-s0123.json,4,4,true
2208,local_qwen,ow14-s0123,2,model-facing/candidate-snapshots/ow14-s0123.json,4,4,true
2209,local_qwen,ow14-s0123,3,model-facing/candidate-snapshots/ow14-s0123.json,4,4,true
2210,local_qwen,ow14-s0123,4,model-facing/candidate-snapshots/ow14-s0123.json,4,4,true
2211,local_qwen,ow14-s0123,5,model-facing/candidate-snapshots/ow14-s0123.json,4,4,true
2212,local_qwen,ow14-s0124,1,model-facing/candidate-snapshots/ow14-s0124.json,4,4,true
2213,local_qwen,ow14-s0124,2,model-facing/candidate-snapshots/ow14-s0124.json,4,4,true
2214,local_qwen,ow14-s0124,3,model-facing/candidate-snapshots/ow14-s0124.json,4,4,true
2215,local_qwen,ow14-s0124,4,model-facing/candidate-snapshots/ow14-s0124.json,4,4,true
2216,local_qwen,ow14-s0124,5,model-facing/candidate-snapshots/ow14-s0124.json,4,4,true
2217,local_qwen,ow14-s0125,1,model-facing/candidate-snapshots/ow14-s0125.json,4,4,true
2218,local_qwen,ow14-s0125,2,model-facing/candidate-snapshots/ow14-s0125.json,4,4,true
2219,local_qwen,ow14-s0125,3,model-facing/candidate-snapshots/ow14-s0125.json,4,4,true
2220,local_qwen,ow14-s0125,4,model-facing/candidate-snapshots/ow14-s0125.json,4,4,true
2221,local_qwen,ow14-s0125,5,model-facing/candidate-snapshots/ow14-s0125.json,4,4,true
2222,local_qwen,ow14-s0126,1,model-facing/candidate-snapshots/ow14-s0126.json,4,4,true
2223,local_qwen,ow14-s0126,2,model-facing/candidate-snapshots/ow14-s0126.json,4,4,true
2224,local_qwen,ow14-s0126,3,model-facing/candidate-snapshots/ow14-s0126.json,4,4,true
2225,local_qwen,ow14-s0126,4,model-facing/candidate-snapshots/ow14-s0126.json,4,4,true
2226,local_qwen,ow14-s0126,5,model-facing/candidate-snapshots/ow14-s0126.json,4,4,true
2227,local_qwen,ow14-s0127,1,model-facing/candidate-snapshots/ow14-s0127.json,4,4,true
2228,local_qwen,ow14-s0127,2,model-facing/candidate-snapshots/ow14-s0127.json,4,4,true
2229,local_qwen,ow14-s0127,3,model-facing/candidate-snapshots/ow14-s0127.json,4,4,true
2230,local_qwen,ow14-s0127,4,model-facing/candidate-snapshots/ow14-s0127.json,4,4,true
2231,local_qwen,ow14-s0127,5,model-facing/candidate-snapshots/ow14-s0127.json,4,4,true
2232,local_qwen,ow14-s0128,1,model-facing/candidate-snapshots/ow14-s0128.json,4,4,true
2233,local_qwen,ow14-s0128,2,model-facing/candidate-snapshots/ow14-s0128.json,4,4,true
2234,local_qwen,ow14-s0128,3,model-facing/candidate-snapshots/ow14-s0128.json,4,4,true
2235,local_qwen,ow14-s0128,4,model-facing/candidate-snapshots/ow14-s0128.json,4,4,true
2236,local_qwen,ow14-s0128,5,model-facing/candidate-snapshots/ow14-s0128.json,4,4,true
2237,local_qwen,ow14-s0129,1,model-facing/candidate-snapshots/ow14-s0129.json,4,4,true
2238,local_qwen,ow14-s0129,2,model-facing/candidate-snapshots/ow14-s0129.json,4,4,true
2239,local_qwen,ow14-s0129,3,model-facing/candidate-snapshots/ow14-s0129.json,4,4,true
2240,local_qwen,ow14-s0129,4,model-facing/candidate-snapshots/ow14-s0129.json,4,4,true
2241,local_qwen,ow14-s0129,5,model-facing/candidate-snapshots/ow14-s0129.json,4,4,true
2242,local_qwen,ow14-s0130,1,model-facing/candidate-snapshots/ow14-s0130.json,4,4,true
2243,local_qwen,ow14-s0130,2,model-facing/candidate-snapshots/ow14-s0130.json,4,4,true
2244,local_qwen,ow14-s0130,3,model-facing/candidate-snapshots/ow14-s0130.json,4,4,true
2245,local_qwen,ow14-s0130,4,model-facing/candidate-snapshots/ow14-s0130.json,4,4,true
2246,local_qwen,ow14-s0130,5,model-facing/candidate-snapshots/ow14-s0130.json,4,4,true
2247,local_qwen,ow14-s0131,1,model-facing/candidate-snapshots/ow14-s0131.json,4,4,true
2248,local_qwen,ow14-s0131,2,model-facing/candidate-snapshots/ow14-s0131.json,4,4,true
2249,local_qwen,ow14-s0131,3,model-facing/candidate-snapshots/ow14-s0131.json,4,4,true
2250,local_qwen,ow14-s0131,4,model-facing/candidate-snapshots/ow14-s0131.json,4,4,true
2251,local_qwen,ow14-s0131,5,model-facing/candidate-snapshots/ow14-s0131.json,4,4,true
2252,local_qwen,ow14-s0132,1,model-facing/candidate-snapshots/ow14-s0132.json,4,4,true
2253,local_qwen,ow14-s0132,2,model-facing/candidate-snapshots/ow14-s0132.json,4,4,true
2254,local_qwen,ow14-s0132,3,model-facing/candidate-snapshots/ow14-s0132.json,4,4,true
2255,local_qwen,ow14-s0132,4,model-facing/candidate-snapshots/ow14-s0132.json,4,4,true
2256,local_qwen,ow14-s0132,5,model-facing/candidate-snapshots/ow14-s0132.json,4,4,true
2257,local_qwen,ow14-s0133,1,model-facing/candidate-snapshots/ow14-s0133.json,4,4,true
2258,local_qwen,ow14-s0133,2,model-facing/candidate-snapshots/ow14-s0133.json,4,4,true
2259,local_qwen,ow14-s0133,3,model-facing/candidate-snapshots/ow14-s0133.json,4,4,true
2260,local_qwen,ow14-s0133,4,model-facing/candidate-snapshots/ow14-s0133.json,4,4,true
2261,local_qwen,ow14-s0133,5,model-facing/candidate-snapshots/ow14-s0133.json,4,4,true
2262,local_qwen,ow14-s0134,1,model-facing/candidate-snapshots/ow14-s0134.json,4,4,true
2263,local_qwen,ow14-s0134,2,model-facing/candidate-snapshots/ow14-s0134.json,4,4,true
2264,local_qwen,ow14-s0134,3,model-facing/candidate-snapshots/ow14-s0134.json,4,4,true
2265,local_qwen,ow14-s0134,4,model-facing/candidate-snapshots/ow14-s0134.json,4,4,true
2266,local_qwen,ow14-s0134,5,model-facing/candidate-snapshots/ow14-s0134.json,4,4,true
2267,local_qwen,ow14-s0135,1,model-facing/candidate-snapshots/ow14-s0135.json,4,4,true
2268,local_qwen,ow14-s0135,2,model-facing/candidate-snapshots/ow14-s0135.json,4,4,true
2269,local_qwen,ow14-s0135,3,model-facing/candidate-snapshots/ow14-s0135.json,4,4,true
2270,local_qwen,ow14-s0135,4,model-facing/candidate-snapshots/ow14-s0135.json,4,4,true
2271,local_qwen,ow14-s0135,5,model-facing/candidate-snapshots/ow14-s0135.json,4,4,true
2272,local_qwen,ow14-s0136,1,model-facing/candidate-snapshots/ow14-s0136.json,4,4,true
2273,local_qwen,ow14-s0136,2,model-facing/candidate-snapshots/ow14-s0136.json,4,4,true
2274,local_qwen,ow14-s0136,3,model-facing/candidate-snapshots/ow14-s0136.json,4,4,true
2275,local_qwen,ow14-s0136,4,model-facing/candidate-snapshots/ow14-s0136.json,4,4,true
2276,local_qwen,ow14-s0136,5,model-facing/candidate-snapshots/ow14-s0136.json,4,4,true
2277,local_qwen,ow14-s0137,1,model-facing/candidate-snapshots/ow14-s0137.json,4,4,true
2278,local_qwen,ow14-s0137,2,model-facing/candidate-snapshots/ow14-s0137.json,4,4,true
2279,local_qwen,ow14-s0137,3,model-facing/candidate-snapshots/ow14-s0137.json,4,4,true
2280,local_qwen,ow14-s0137,4,model-facing/candidate-snapshots/ow14-s0137.json,4,4,true
2281,local_qwen,ow14-s0137,5,model-facing/candidate-snapshots/ow14-s0137.json,4,4,true
2282,local_qwen,ow14-s0138,1,model-facing/candidate-snapshots/ow14-s0138.json,4,4,true
2283,local_qwen,ow14-s0138,2,model-facing/candidate-snapshots/ow14-s0138.json,4,4,true
2284,local_qwen,ow14-s0138,3,model-facing/candidate-snapshots/ow14-s0138.json,4,4,true
2285,local_qwen,ow14-s0138,4,model-facing/candidate-snapshots/ow14-s0138.json,4,4,true
2286,local_qwen,ow14-s0138,5,model-facing/candidate-snapshots/ow14-s0138.json,4,4,true
2287,local_qwen,ow14-s0139,1,model-facing/candidate-snapshots/ow14-s0139.json,4,4,true
2288,local_qwen,ow14-s0139,2,model-facing/candidate-snapshots/ow14-s0139.json,4,4,true
2289,local_qwen,ow14-s0139,3,model-facing/candidate-snapshots/ow14-s0139.json,4,4,true
2290,local_qwen,ow14-s0139,4,model-facing/candidate-snapshots/ow14-s0139.json,4,4,true
2291,local_qwen,ow14-s0139,5,model-facing/candidate-snapshots/ow14-s0139.json,4,4,true
2292,local_qwen,ow14-s0140,1,model-facing/candidate-snapshots/ow14-s0140.json,4,4,true
2293,local_qwen,ow14-s0140,2,model-facing/candidate-snapshots/ow14-s0140.json,4,4,true
2294,local_qwen,ow14-s0140,3,model-facing/candidate-snapshots/ow14-s0140.json,4,4,true
2295,local_qwen,ow14-s0140,4,model-facing/candidate-snapshots/ow14-s0140.json,4,4,true
2296,local_qwen,ow14-s0140,5,model-facing/candidate-snapshots/ow14-s0140.json,4,4,true
2297,local_qwen,ow14-s0141,1,model-facing/candidate-snapshots/ow14-s0141.json,4,4,true
2298,local_qwen,ow14-s0141,2,model-facing/candidate-snapshots/ow14-s0141.json,4,4,true
2299,local_qwen,ow14-s0141,3,model-facing/candidate-snapshots/ow14-s0141.json,4,4,true
2300,local_qwen,ow14-s0141,4,model-facing/candidate-snapshots/ow14-s0141.json,4,4,true
2301,local_qwen,ow14-s0141,5,model-facing/candidate-snapshots/ow14-s0141.json,4,4,true
2302,local_qwen,ow14-s0142,1,model-facing/candidate-snapshots/ow14-s0142.json,4,4,true
2303,local_qwen,ow14-s0142,2,model-facing/candidate-snapshots/ow14-s0142.json,4,4,true
2304,local_qwen,ow14-s0142,3,model-facing/candidate-snapshots/ow14-s0142.json,4,4,true
2305,local_qwen,ow14-s0142,4,model-facing/candidate-snapshots/ow14-s0142.json,4,4,true
2306,local_qwen,ow14-s0142,5,model-facing/candidate-snapshots/ow14-s0142.json,4,4,true
2307,local_qwen,ow14-s0143,1,model-facing/candidate-snapshots/ow14-s0143.json,4,4,true
2308,local_qwen,ow14-s0143,2,model-facing/candidate-snapshots/ow14-s0143.json,4,4,true
2309,local_qwen,ow14-s0143,3,model-facing/candidate-snapshots/ow14-s0143.json,4,4,true
2310,local_qwen,ow14-s0143,4,model-facing/candidate-snapshots/ow14-s0143.json,4,4,true
2311,local_qwen,ow14-s0143,5,model-facing/candidate-snapshots/ow14-s0143.json,4,4,true
2312,local_qwen,ow14-s0144,1,model-facing/candidate-snapshots/ow14-s0144.json,4,4,true
2313,local_qwen,ow14-s0144,2,model-facing/candidate-snapshots/ow14-s0144.json,4,4,true
2314,local_qwen,ow14-s0144,3,model-facing/candidate-snapshots/ow14-s0144.json,4,4,true
2315,local_qwen,ow14-s0144,4,model-facing/candidate-snapshots/ow14-s0144.json,4,4,true
2316,local_qwen,ow14-s0144,5,model-facing/candidate-snapshots/ow14-s0144.json,4,4,true
2317,local_qwen,ow14-s0145,1,model-facing/candidate-snapshots/ow14-s0145.json,4,4,true
2318,local_qwen,ow14-s0145,2,model-facing/candidate-snapshots/ow14-s0145.json,4,4,true
2319,local_qwen,ow14-s0145,3,model-facing/candidate-snapshots/ow14-s0145.json,4,4,true
2320,local_qwen,ow14-s0145,4,model-facing/candidate-snapshots/ow14-s0145.json,4,4,true
2321,local_qwen,ow14-s0145,5,model-facing/candidate-snapshots/ow14-s0145.json,4,4,true
2322,local_qwen,ow14-s0146,1,model-facing/candidate-snapshots/ow14-s0146.json,4,4,true
2323,local_qwen,ow14-s0146,2,model-facing/candidate-snapshots/ow14-s0146.json,4,4,true
2324,local_qwen,ow14-s0146,3,model-facing/candidate-snapshots/ow14-s0146.json,4,4,true
2325,local_qwen,ow14-s0146,4,model-facing/candidate-snapshots/ow14-s0146.json,4,4,true
2326,local_qwen,ow14-s0146,5,model-facing/candidate-snapshots/ow14-s0146.json,4,4,true
2327,local_qwen,ow14-s0147,1,model-facing/candidate-snapshots/ow14-s0147.json,4,4,true
2328,local_qwen,ow14-s0147,2,model-facing/candidate-snapshots/ow14-s0147.json,4,4,true
2329,local_qwen,ow14-s0147,3,model-facing/candidate-snapshots/ow14-s0147.json,4,4,true
2330,local_qwen,ow14-s0147,4,model-facing/candidate-snapshots/ow14-s0147.json,4,4,true
2331,local_qwen,ow14-s0147,5,model-facing/candidate-snapshots/ow14-s0147.json,4,4,true
2332,local_qwen,ow14-s0148,1,model-facing/candidate-snapshots/ow14-s0148.json,4,4,true
2333,local_qwen,ow14-s0148,2,model-facing/candidate-snapshots/ow14-s0148.json,4,4,true
2334,local_qwen,ow14-s0148,3,model-facing/candidate-snapshots/ow14-s0148.json,4,4,true
2335,local_qwen,ow14-s0148,4,model-facing/candidate-snapshots/ow14-s0148.json,4,4,true
2336,local_qwen,ow14-s0148,5,model-facing/candidate-snapshots/ow14-s0148.json,4,4,true
2337,local_qwen,ow14-s0149,1,model-facing/candidate-snapshots/ow14-s0149.json,4,4,true
2338,local_qwen,ow14-s0149,2,model-facing/candidate-snapshots/ow14-s0149.json,4,4,true
2339,local_qwen,ow14-s0149,3,model-facing/candidate-snapshots/ow14-s0149.json,4,4,true
2340,local_qwen,ow14-s0149,4,model-facing/candidate-snapshots/ow14-s0149.json,4,4,true
2341,local_qwen,ow14-s0149,5,model-facing/candidate-snapshots/ow14-s0149.json,4,4,true
2342,local_qwen,ow14-s0150,1,model-facing/candidate-snapshots/ow14-s0150.json,4,4,true
2343,local_qwen,ow14-s0150,2,model-facing/candidate-snapshots/ow14-s0150.json,4,4,true
2344,local_qwen,ow14-s0150,3,model-facing/candidate-snapshots/ow14-s0150.json,4,4,true
2345,local_qwen,ow14-s0150,4,model-facing/candidate-snapshots/ow14-s0150.json,4,4,true
2346,local_qwen,ow14-s0150,5,model-facing/candidate-snapshots/ow14-s0150.json,4,4,true
2347,local_qwen,ow14-s0151,1,model-facing/candidate-snapshots/ow14-s0151.json,4,4,true
2348,local_qwen,ow14-s0151,2,model-facing/candidate-snapshots/ow14-s0151.json,4,4,true
2349,local_qwen,ow14-s0151,3,model-facing/candidate-snapshots/ow14-s0151.json,4,4,true
2350,local_qwen,ow14-s0151,4,model-facing/candidate-snapshots/ow14-s0151.json,4,4,true
2351,local_qwen,ow14-s0151,5,model-facing/candidate-snapshots/ow14-s0151.json,4,4,true
2352,local_qwen,ow14-s0152,1,model-facing/candidate-snapshots/ow14-s0152.json,4,4,true
2353,local_qwen,ow14-s0152,2,model-facing/candidate-snapshots/ow14-s0152.json,4,4,true
2354,local_qwen,ow14-s0152,3,model-facing/candidate-snapshots/ow14-s0152.json,4,4,true
2355,local_qwen,ow14-s0152,4,model-facing/candidate-snapshots/ow14-s0152.json,4,4,true
2356,local_qwen,ow14-s0152,5,model-facing/candidate-snapshots/ow14-s0152.json,4,4,true
2357,local_qwen,ow14-s0153,1,model-facing/candidate-snapshots/ow14-s0153.json,4,4,true
2358,local_qwen,ow14-s0153,2,model-facing/candidate-snapshots/ow14-s0153.json,4,4,true
2359,local_qwen,ow14-s0153,3,model-facing/candidate-snapshots/ow14-s0153.json,4,4,true
2360,local_qwen,ow14-s0153,4,model-facing/candidate-snapshots/ow14-s0153.json,4,4,true
2361,local_qwen,ow14-s0153,5,model-facing/candidate-snapshots/ow14-s0153.json,4,4,true
2362,local_qwen,ow14-s0154,1,model-facing/candidate-snapshots/ow14-s0154.json,4,4,true
2363,local_qwen,ow14-s0154,2,model-facing/candidate-snapshots/ow14-s0154.json,4,4,true
2364,local_qwen,ow14-s0154,3,model-facing/candidate-snapshots/ow14-s0154.json,4,4,true
2365,local_qwen,ow14-s0154,4,model-facing/candidate-snapshots/ow14-s0154.json,4,4,true
2366,local_qwen,ow14-s0154,5,model-facing/candidate-snapshots/ow14-s0154.json,4,4,true
2367,local_qwen,ow14-s0155,1,model-facing/candidate-snapshots/ow14-s0155.json,4,4,true
2368,local_qwen,ow14-s0155,2,model-facing/candidate-snapshots/ow14-s0155.json,4,4,true
2369,local_qwen,ow14-s0155,3,model-facing/candidate-snapshots/ow14-s0155.json,4,4,true
2370,local_qwen,ow14-s0155,4,model-facing/candidate-snapshots/ow14-s0155.json,4,4,true
2371,local_qwen,ow14-s0155,5,model-facing/candidate-snapshots/ow14-s0155.json,4,4,true
2372,local_qwen,ow14-s0156,1,model-facing/candidate-snapshots/ow14-s0156.json,4,4,true
2373,local_qwen,ow14-s0156,2,model-facing/candidate-snapshots/ow14-s0156.json,4,4,true
2374,local_qwen,ow14-s0156,3,model-facing/candidate-snapshots/ow14-s0156.json,4,4,true
2375,local_qwen,ow14-s0156,4,model-facing/candidate-snapshots/ow14-s0156.json,4,4,true
2376,local_qwen,ow14-s0156,5,model-facing/candidate-snapshots/ow14-s0156.json,4,4,true
2377,local_qwen,ow14-s0157,1,model-facing/candidate-snapshots/ow14-s0157.json,4,4,true
2378,local_qwen,ow14-s0157,2,model-facing/candidate-snapshots/ow14-s0157.json,4,4,true
2379,local_qwen,ow14-s0157,3,model-facing/candidate-snapshots/ow14-s0157.json,4,4,true
2380,local_qwen,ow14-s0157,4,model-facing/candidate-snapshots/ow14-s0157.json,4,4,true
2381,local_qwen,ow14-s0157,5,model-facing/candidate-snapshots/ow14-s0157.json,4,4,true
2382,local_qwen,ow14-s0158,1,model-facing/candidate-snapshots/ow14-s0158.json,4,4,true
2383,local_qwen,ow14-s0158,2,model-facing/candidate-snapshots/ow14-s0158.json,4,4,true
2384,local_qwen,ow14-s0158,3,model-facing/candidate-snapshots/ow14-s0158.json,4,4,true
2385,local_qwen,ow14-s0158,4,model-facing/candidate-snapshots/ow14-s0158.json,4,4,true
2386,local_qwen,ow14-s0158,5,model-facing/candidate-snapshots/ow14-s0158.json,4,4,true
2387,local_qwen,ow14-s0159,1,model-facing/candidate-snapshots/ow14-s0159.json,4,4,true
2388,local_qwen,ow14-s0159,2,model-facing/candidate-snapshots/ow14-s0159.json,4,4,true
2389,local_qwen,ow14-s0159,3,model-facing/candidate-snapshots/ow14-s0159.json,4,4,true
2390,local_qwen,ow14-s0159,4,model-facing/candidate-snapshots/ow14-s0159.json,4,4,true
2391,local_qwen,ow14-s0159,5,model-facing/candidate-snapshots/ow14-s0159.json,4,4,true
2392,local_qwen,ow14-s0160,1,model-facing/candidate-snapshots/ow14-s0160.json,4,4,true
2393,local_qwen,ow14-s0160,2,model-facing/candidate-snapshots/ow14-s0160.json,4,4,true
2394,local_qwen,ow14-s0160,3,model-facing/candidate-snapshots/ow14-s0160.json,4,4,true
2395,local_qwen,ow14-s0160,4,model-facing/candidate-snapshots/ow14-s0160.json,4,4,true
2396,local_qwen,ow14-s0160,5,model-facing/candidate-snapshots/ow14-s0160.json,4,4,true
2397,local_qwen,ow14-s0161,1,model-facing/candidate-snapshots/ow14-s0161.json,4,4,true
2398,local_qwen,ow14-s0161,2,model-facing/candidate-snapshots/ow14-s0161.json,4,4,true
2399,local_qwen,ow14-s0161,3,model-facing/candidate-snapshots/ow14-s0161.json,4,4,true
2400,local_qwen,ow14-s0161,4,model-facing/candidate-snapshots/ow14-s0161.json,4,4,true
2401,local_qwen,ow14-s0161,5,model-facing/candidate-snapshots/ow14-s0161.json,4,4,true
2402,local_qwen,ow14-s0162,1,model-facing/candidate-snapshots/ow14-s0162.json,4,4,true
2403,local_qwen,ow14-s0162,2,model-facing/candidate-snapshots/ow14-s0162.json,4,4,true
2404,local_qwen,ow14-s0162,3,model-facing/candidate-snapshots/ow14-s0162.json,4,4,true
2405,local_qwen,ow14-s0162,4,model-facing/candidate-snapshots/ow14-s0162.json,4,4,true
2406,local_qwen,ow14-s0162,5,model-facing/candidate-snapshots/ow14-s0162.json,4,4,true
2407,local_qwen,ow14-s0163,1,model-facing/candidate-snapshots/ow14-s0163.json,4,4,true
2408,local_qwen,ow14-s0163,2,model-facing/candidate-snapshots/ow14-s0163.json,4,4,true
2409,local_qwen,ow14-s0163,3,model-facing/candidate-snapshots/ow14-s0163.json,4,4,true
2410,local_qwen,ow14-s0163,4,model-facing/candidate-snapshots/ow14-s0163.json,4,4,true
2411,local_qwen,ow14-s0163,5,model-facing/candidate-snapshots/ow14-s0163.json,4,4,true
2412,local_qwen,ow14-s0164,1,model-facing/candidate-snapshots/ow14-s0164.json,4,4,true
2413,local_qwen,ow14-s0164,2,model-facing/candidate-snapshots/ow14-s0164.json,4,4,true
2414,local_qwen,ow14-s0164,3,model-facing/candidate-snapshots/ow14-s0164.json,4,4,true
2415,local_qwen,ow14-s0164,4,model-facing/candidate-snapshots/ow14-s0164.json,4,4,true
2416,local_qwen,ow14-s0164,5,model-facing/candidate-snapshots/ow14-s0164.json,4,4,true
2417,local_qwen,ow14-s0165,1,model-facing/candidate-snapshots/ow14-s0165.json,4,4,true
2418,local_qwen,ow14-s0165,2,model-facing/candidate-snapshots/ow14-s0165.json,4,4,true
2419,local_qwen,ow14-s0165,3,model-facing/candidate-snapshots/ow14-s0165.json,4,4,true
2420,local_qwen,ow14-s0165,4,model-facing/candidate-snapshots/ow14-s0165.json,4,4,true
2421,local_qwen,ow14-s0165,5,model-facing/candidate-snapshots/ow14-s0165.json,4,4,true
2422,local_qwen,ow14-s0166,1,model-facing/candidate-snapshots/ow14-s0166.json,4,4,true
2423,local_qwen,ow14-s0166,2,model-facing/candidate-snapshots/ow14-s0166.json,4,4,true
2424,local_qwen,ow14-s0166,3,model-facing/candidate-snapshots/ow14-s0166.json,4,4,true
2425,local_qwen,ow14-s0166,4,model-facing/candidate-snapshots/ow14-s0166.json,4,4,true
2426,local_qwen,ow14-s0166,5,model-facing/candidate-snapshots/ow14-s0166.json,4,4,true
2427,local_qwen,ow14-s0167,1,model-facing/candidate-snapshots/ow14-s0167.json,4,4,true
2428,local_qwen,ow14-s0167,2,model-facing/candidate-snapshots/ow14-s0167.json,4,4,true
2429,local_qwen,ow14-s0167,3,model-facing/candidate-snapshots/ow14-s0167.json,4,4,true
2430,local_qwen,ow14-s0167,4,model-facing/candidate-snapshots/ow14-s0167.json,4,4,true
2431,local_qwen,ow14-s0167,5,model-facing/candidate-snapshots/ow14-s0167.json,4,4,true
2432,local_qwen,ow14-s0168,1,model-facing/candidate-snapshots/ow14-s0168.json,4,4,true
2433,local_qwen,ow14-s0168,2,model-facing/candidate-snapshots/ow14-s0168.json,4,4,true
2434,local_qwen,ow14-s0168,3,model-facing/candidate-snapshots/ow14-s0168.json,4,4,true
2435,local_qwen,ow14-s0168,4,model-facing/candidate-snapshots/ow14-s0168.json,4,4,true
2436,local_qwen,ow14-s0168,5,model-facing/candidate-snapshots/ow14-s0168.json,4,4,true
2437,local_qwen,ow14-s0169,1,model-facing/candidate-snapshots/ow14-s0169.json,4,4,true
2438,local_qwen,ow14-s0169,2,model-facing/candidate-snapshots/ow14-s0169.json,4,4,true
2439,local_qwen,ow14-s0169,3,model-facing/candidate-snapshots/ow14-s0169.json,4,4,true
2440,local_qwen,ow14-s0169,4,model-facing/candidate-snapshots/ow14-s0169.json,4,4,true
2441,local_qwen,ow14-s0169,5,model-facing/candidate-snapshots/ow14-s0169.json,4,4,true
2442,local_qwen,ow14-s0170,1,model-facing/candidate-snapshots/ow14-s0170.json,4,4,true
2443,local_qwen,ow14-s0170,2,model-facing/candidate-snapshots/ow14-s0170.json,4,4,true
2444,local_qwen,ow14-s0170,3,model-facing/candidate-snapshots/ow14-s0170.json,4,4,true
2445,local_qwen,ow14-s0170,4,model-facing/candidate-snapshots/ow14-s0170.json,4,4,true
2446,local_qwen,ow14-s0170,5,model-facing/candidate-snapshots/ow14-s0170.json,4,4,true
2447,local_qwen,ow14-s0171,1,model-facing/candidate-snapshots/ow14-s0171.json,4,4,true
2448,local_qwen,ow14-s0171,2,model-facing/candidate-snapshots/ow14-s0171.json,4,4,true
2449,local_qwen,ow14-s0171,3,model-facing/candidate-snapshots/ow14-s0171.json,4,4,true
2450,local_qwen,ow14-s0171,4,model-facing/candidate-snapshots/ow14-s0171.json,4,4,true
2451,local_qwen,ow14-s0171,5,model-facing/candidate-snapshots/ow14-s0171.json,4,4,true
2452,local_qwen,ow14-s0172,1,model-facing/candidate-snapshots/ow14-s0172.json,4,4,true
2453,local_qwen,ow14-s0172,2,model-facing/candidate-snapshots/ow14-s0172.json,4,4,true
2454,local_qwen,ow14-s0172,3,model-facing/candidate-snapshots/ow14-s0172.json,4,4,true
2455,local_qwen,ow14-s0172,4,model-facing/candidate-snapshots/ow14-s0172.json,4,4,true
2456,local_qwen,ow14-s0172,5,model-facing/candidate-snapshots/ow14-s0172.json,4,4,true
2457,local_qwen,ow14-s0173,1,model-facing/candidate-snapshots/ow14-s0173.json,4,4,true
2458,local_qwen,ow14-s0173,2,model-facing/candidate-snapshots/ow14-s0173.json,4,4,true
2459,local_qwen,ow14-s0173,3,model-facing/candidate-snapshots/ow14-s0173.json,4,4,true
2460,local_qwen,ow14-s0173,4,model-facing/candidate-snapshots/ow14-s0173.json,4,4,true
2461,local_qwen,ow14-s0173,5,model-facing/candidate-snapshots/ow14-s0173.json,4,4,true
2462,local_qwen,ow14-s0174,1,model-facing/candidate-snapshots/ow14-s0174.json,4,4,true
2463,local_qwen,ow14-s0174,2,model-facing/candidate-snapshots/ow14-s0174.json,4,4,true
2464,local_qwen,ow14-s0174,3,model-facing/candidate-snapshots/ow14-s0174.json,4,4,true
2465,local_qwen,ow14-s0174,4,model-facing/candidate-snapshots/ow14-s0174.json,4,4,true
2466,local_qwen,ow14-s0174,5,model-facing/candidate-snapshots/ow14-s0174.json,4,4,true
2467,local_qwen,ow14-s0175,1,model-facing/candidate-snapshots/ow14-s0175.json,4,4,true
2468,local_qwen,ow14-s0175,2,model-facing/candidate-snapshots/ow14-s0175.json,4,4,true
2469,local_qwen,ow14-s0175,3,model-facing/candidate-snapshots/ow14-s0175.json,4,4,true
2470,local_qwen,ow14-s0175,4,model-facing/candidate-snapshots/ow14-s0175.json,4,4,true
2471,local_qwen,ow14-s0175,5,model-facing/candidate-snapshots/ow14-s0175.json,4,4,true
2472,local_qwen,ow14-s0176,1,model-facing/candidate-snapshots/ow14-s0176.json,4,4,true
2473,local_qwen,ow14-s0176,2,model-facing/candidate-snapshots/ow14-s0176.json,4,4,true
2474,local_qwen,ow14-s0176,3,model-facing/candidate-snapshots/ow14-s0176.json,4,4,true
2475,local_qwen,ow14-s0176,4,model-facing/candidate-snapshots/ow14-s0176.json,4,4,true
2476,local_qwen,ow14-s0176,5,model-facing/candidate-snapshots/ow14-s0176.json,4,4,true
2477,local_qwen,ow14-s0177,1,model-facing/candidate-snapshots/ow14-s0177.json,4,4,true
2478,local_qwen,ow14-s0177,2,model-facing/candidate-snapshots/ow14-s0177.json,4,4,true
2479,local_qwen,ow14-s0177,3,model-facing/candidate-snapshots/ow14-s0177.json,4,4,true
2480,local_qwen,ow14-s0177,4,model-facing/candidate-snapshots/ow14-s0177.json,4,4,true
2481,local_qwen,ow14-s0177,5,model-facing/candidate-snapshots/ow14-s0177.json,4,4,true
2482,local_qwen,ow14-s0178,1,model-facing/candidate-snapshots/ow14-s0178.json,4,4,true
2483,local_qwen,ow14-s0178,2,model-facing/candidate-snapshots/ow14-s0178.json,4,4,true
2484,local_qwen,ow14-s0178,3,model-facing/candidate-snapshots/ow14-s0178.json,4,4,true
2485,local_qwen,ow14-s0178,4,model-facing/candidate-snapshots/ow14-s0178.json,4,4,true
2486,local_qwen,ow14-s0178,5,model-facing/candidate-snapshots/ow14-s0178.json,4,4,true
2487,local_qwen,ow14-s0179,1,model-facing/candidate-snapshots/ow14-s0179.json,4,4,true
2488,local_qwen,ow14-s0179,2,model-facing/candidate-snapshots/ow14-s0179.json,4,4,true
2489,local_qwen,ow14-s0179,3,model-facing/candidate-snapshots/ow14-s0179.json,4,4,true
2490,local_qwen,ow14-s0179,4,model-facing/candidate-snapshots/ow14-s0179.json,4,4,true
2491,local_qwen,ow14-s0179,5,model-facing/candidate-snapshots/ow14-s0179.json,4,4,true
2492,local_qwen,ow14-s0180,1,model-facing/candidate-snapshots/ow14-s0180.json,4,4,true
2493,local_qwen,ow14-s0180,2,model-facing/candidate-snapshots/ow14-s0180.json,4,4,true
2494,local_qwen,ow14-s0180,3,model-facing/candidate-snapshots/ow14-s0180.json,4,4,true
2495,local_qwen,ow14-s0180,4,model-facing/candidate-snapshots/ow14-s0180.json,4,4,true
2496,local_qwen,ow14-s0180,5,model-facing/candidate-snapshots/ow14-s0180.json,4,4,true
2497,local_qwen,ow14-s0181,1,model-facing/candidate-snapshots/ow14-s0181.json,4,4,true
2498,local_qwen,ow14-s0181,2,model-facing/candidate-snapshots/ow14-s0181.json,4,4,true
2499,local_qwen,ow14-s0181,3,model-facing/candidate-snapshots/ow14-s0181.json,4,4,true
2500,local_qwen,ow14-s0181,4,model-facing/candidate-snapshots/ow14-s0181.json,4,4,true
2501,local_qwen,ow14-s0181,5,model-facing/candidate-snapshots/ow14-s0181.json,4,4,true
2502,local_qwen,ow14-s0182,1,model-facing/candidate-snapshots/ow14-s0182.json,4,4,true
2503,local_qwen,ow14-s0182,2,model-facing/candidate-snapshots/ow14-s0182.json,4,4,true
2504,local_qwen,ow14-s0182,3,model-facing/candidate-snapshots/ow14-s0182.json,4,4,true
2505,local_qwen,ow14-s0182,4,model-facing/candidate-snapshots/ow14-s0182.json,4,4,true
2506,local_qwen,ow14-s0182,5,model-facing/candidate-snapshots/ow14-s0182.json,4,4,true
2507,local_qwen,ow14-s0183,1,model-facing/candidate-snapshots/ow14-s0183.json,4,4,true
2508,local_qwen,ow14-s0183,2,model-facing/candidate-snapshots/ow14-s0183.json,4,4,true
2509,local_qwen,ow14-s0183,3,model-facing/candidate-snapshots/ow14-s0183.json,4,4,true
2510,local_qwen,ow14-s0183,4,model-facing/candidate-snapshots/ow14-s0183.json,4,4,true
2511,local_qwen,ow14-s0183,5,model-facing/candidate-snapshots/ow14-s0183.json,4,4,true
2512,local_qwen,ow14-s0184,1,model-facing/candidate-snapshots/ow14-s0184.json,4,4,true
2513,local_qwen,ow14-s0184,2,model-facing/candidate-snapshots/ow14-s0184.json,4,4,true
2514,local_qwen,ow14-s0184,3,model-facing/candidate-snapshots/ow14-s0184.json,4,4,true
2515,local_qwen,ow14-s0184,4,model-facing/candidate-snapshots/ow14-s0184.json,4,4,true
2516,local_qwen,ow14-s0184,5,model-facing/candidate-snapshots/ow14-s0184.json,4,4,true
2517,local_qwen,ow14-s0185,1,model-facing/candidate-snapshots/ow14-s0185.json,4,4,true
2518,local_qwen,ow14-s0185,2,model-facing/candidate-snapshots/ow14-s0185.json,4,4,true
2519,local_qwen,ow14-s0185,3,model-facing/candidate-snapshots/ow14-s0185.json,4,4,true
2520,local_qwen,ow14-s0185,4,model-facing/candidate-snapshots/ow14-s0185.json,4,4,true
2521,local_qwen,ow14-s0185,5,model-facing/candidate-snapshots/ow14-s0185.json,4,4,true
2522,local_qwen,ow14-s0186,1,model-facing/candidate-snapshots/ow14-s0186.json,4,4,true
2523,local_qwen,ow14-s0186,2,model-facing/candidate-snapshots/ow14-s0186.json,4,4,true
2524,local_qwen,ow14-s0186,3,model-facing/candidate-snapshots/ow14-s0186.json,4,4,true
2525,local_qwen,ow14-s0186,4,model-facing/candidate-snapshots/ow14-s0186.json,4,4,true
2526,local_qwen,ow14-s0186,5,model-facing/candidate-snapshots/ow14-s0186.json,4,4,true
2527,local_qwen,ow14-s0187,1,model-facing/candidate-snapshots/ow14-s0187.json,4,4,true
2528,local_qwen,ow14-s0187,2,model-facing/candidate-snapshots/ow14-s0187.json,4,4,true
2529,local_qwen,ow14-s0187,3,model-facing/candidate-snapshots/ow14-s0187.json,4,4,true
2530,local_qwen,ow14-s0187,4,model-facing/candidate-snapshots/ow14-s0187.json,4,4,true
2531,local_qwen,ow14-s0187,5,model-facing/candidate-snapshots/ow14-s0187.json,4,4,true
2532,local_qwen,ow14-s0188,1,model-facing/candidate-snapshots/ow14-s0188.json,4,4,true
2533,local_qwen,ow14-s0188,2,model-facing/candidate-snapshots/ow14-s0188.json,4,4,true
2534,local_qwen,ow14-s0188,3,model-facing/candidate-snapshots/ow14-s0188.json,4,4,true
2535,local_qwen,ow14-s0188,4,model-facing/candidate-snapshots/ow14-s0188.json,4,4,true
2536,local_qwen,ow14-s0188,5,model-facing/candidate-snapshots/ow14-s0188.json,4,4,true
2537,local_qwen,ow14-s0189,1,model-facing/candidate-snapshots/ow14-s0189.json,4,4,true
2538,local_qwen,ow14-s0189,2,model-facing/candidate-snapshots/ow14-s0189.json,4,4,true
2539,local_qwen,ow14-s0189,3,model-facing/candidate-snapshots/ow14-s0189.json,4,4,true
2540,local_qwen,ow14-s0189,4,model-facing/candidate-snapshots/ow14-s0189.json,4,4,true
2541,local_qwen,ow14-s0189,5,model-facing/candidate-snapshots/ow14-s0189.json,4,4,true
2542,local_qwen,ow14-s0190,1,model-facing/candidate-snapshots/ow14-s0190.json,4,4,true
2543,local_qwen,ow14-s0190,2,model-facing/candidate-snapshots/ow14-s0190.json,4,4,true
2544,local_qwen,ow14-s0190,3,model-facing/candidate-snapshots/ow14-s0190.json,4,4,true
2545,local_qwen,ow14-s0190,4,model-facing/candidate-snapshots/ow14-s0190.json,4,4,true
2546,local_qwen,ow14-s0190,5,model-facing/candidate-snapshots/ow14-s0190.json,4,4,true
2547,local_qwen,ow14-s0191,1,model-facing/candidate-snapshots/ow14-s0191.json,4,4,true
2548,local_qwen,ow14-s0191,2,model-facing/candidate-snapshots/ow14-s0191.json,4,4,true
2549,local_qwen,ow14-s0191,3,model-facing/candidate-snapshots/ow14-s0191.json,4,4,true
2550,local_qwen,ow14-s0191,4,model-facing/candidate-snapshots/ow14-s0191.json,4,4,true
2551,local_qwen,ow14-s0191,5,model-facing/candidate-snapshots/ow14-s0191.json,4,4,true
2552,local_qwen,ow14-s0192,1,model-facing/candidate-snapshots/ow14-s0192.json,4,4,true
2553,local_qwen,ow14-s0192,2,model-facing/candidate-snapshots/ow14-s0192.json,4,4,true
2554,local_qwen,ow14-s0192,3,model-facing/candidate-snapshots/ow14-s0192.json,4,4,true
2555,local_qwen,ow14-s0192,4,model-facing/candidate-snapshots/ow14-s0192.json,4,4,true
2556,local_qwen,ow14-s0192,5,model-facing/candidate-snapshots/ow14-s0192.json,4,4,true
2557,local_qwen,ow14-s0193,1,model-facing/candidate-snapshots/ow14-s0193.json,4,4,true
2558,local_qwen,ow14-s0193,2,model-facing/candidate-snapshots/ow14-s0193.json,4,4,true
2559,local_qwen,ow14-s0193,3,model-facing/candidate-snapshots/ow14-s0193.json,4,4,true
2560,local_qwen,ow14-s0193,4,model-facing/candidate-snapshots/ow14-s0193.json,4,4,true
2561,local_qwen,ow14-s0193,5,model-facing/candidate-snapshots/ow14-s0193.json,4,4,true
2562,local_qwen,ow14-s0194,1,model-facing/candidate-snapshots/ow14-s0194.json,4,4,true
2563,local_qwen,ow14-s0194,2,model-facing/candidate-snapshots/ow14-s0194.json,4,4,true
2564,local_qwen,ow14-s0194,3,model-facing/candidate-snapshots/ow14-s0194.json,4,4,true
2565,local_qwen,ow14-s0194,4,model-facing/candidate-snapshots/ow14-s0194.json,4,4,true
2566,local_qwen,ow14-s0194,5,model-facing/candidate-snapshots/ow14-s0194.json,4,4,true
2567,local_qwen,ow14-s0195,1,model-facing/candidate-snapshots/ow14-s0195.json,4,4,true
2568,local_qwen,ow14-s0195,2,model-facing/candidate-snapshots/ow14-s0195.json,4,4,true
2569,local_qwen,ow14-s0195,3,model-facing/candidate-snapshots/ow14-s0195.json,4,4,true
2570,local_qwen,ow14-s0195,4,model-facing/candidate-snapshots/ow14-s0195.json,4,4,true
2571,local_qwen,ow14-s0195,5,model-facing/candidate-snapshots/ow14-s0195.json,4,4,true
2572,local_qwen,ow14-s0196,1,model-facing/candidate-snapshots/ow14-s0196.json,4,4,true
2573,local_qwen,ow14-s0196,2,model-facing/candidate-snapshots/ow14-s0196.json,4,4,true
2574,local_qwen,ow14-s0196,3,model-facing/candidate-snapshots/ow14-s0196.json,4,4,true
2575,local_qwen,ow14-s0196,4,model-facing/candidate-snapshots/ow14-s0196.json,4,4,true
2576,local_qwen,ow14-s0196,5,model-facing/candidate-snapshots/ow14-s0196.json,4,4,true
2577,local_qwen,ow14-s0197,1,model-facing/candidate-snapshots/ow14-s0197.json,4,4,true
2578,local_qwen,ow14-s0197,2,model-facing/candidate-snapshots/ow14-s0197.json,4,4,true
2579,local_qwen,ow14-s0197,3,model-facing/candidate-snapshots/ow14-s0197.json,4,4,true
2580,local_qwen,ow14-s0197,4,model-facing/candidate-snapshots/ow14-s0197.json,4,4,true
2581,local_qwen,ow14-s0197,5,model-facing/candidate-snapshots/ow14-s0197.json,4,4,true
2582,local_qwen,ow14-s0198,1,model-facing/candidate-snapshots/ow14-s0198.json,4,4,true
2583,local_qwen,ow14-s0198,2,model-facing/candidate-snapshots/ow14-s0198.json,4,4,true
2584,local_qwen,ow14-s0198,3,model-facing/candidate-snapshots/ow14-s0198.json,4,4,true
2585,local_qwen,ow14-s0198,4,model-facing/candidate-snapshots/ow14-s0198.json,4,4,true
2586,local_qwen,ow14-s0198,5,model-facing/candidate-snapshots/ow14-s0198.json,4,4,true
2587,local_qwen,ow14-s0199,1,model-facing/candidate-snapshots/ow14-s0199.json,4,4,true
2588,local_qwen,ow14-s0199,2,model-facing/candidate-snapshots/ow14-s0199.json,4,4,true
2589,local_qwen,ow14-s0199,3,model-facing/candidate-snapshots/ow14-s0199.json,4,4,true
2590,local_qwen,ow14-s0199,4,model-facing/candidate-snapshots/ow14-s0199.json,4,4,true
2591,local_qwen,ow14-s0199,5,model-facing/candidate-snapshots/ow14-s0199.json,4,4,true
2592,local_qwen,ow14-s0200,1,model-facing/candidate-snapshots/ow14-s0200.json,4,4,true
2593,local_qwen,ow14-s0200,2,model-facing/candidate-snapshots/ow14-s0200.json,4,4,true
2594,local_qwen,ow14-s0200,3,model-facing/candidate-snapshots/ow14-s0200.json,4,4,true
2595,local_qwen,ow14-s0200,4,model-facing/candidate-snapshots/ow14-s0200.json,4,4,true
2596,local_qwen,ow14-s0200,5,model-facing/candidate-snapshots/ow14-s0200.json,4,4,true
2597,local_qwen,ow14-s0201,1,model-facing/candidate-snapshots/ow14-s0201.json,4,4,true
2598,local_qwen,ow14-s0201,2,model-facing/candidate-snapshots/ow14-s0201.json,4,4,true
2599,local_qwen,ow14-s0201,3,model-facing/candidate-snapshots/ow14-s0201.json,4,4,true
2600,local_qwen,ow14-s0201,4,model-facing/candidate-snapshots/ow14-s0201.json,4,4,true
2601,local_qwen,ow14-s0201,5,model-facing/candidate-snapshots/ow14-s0201.json,4,4,true
2602,local_qwen,ow14-s0202,1,model-facing/candidate-snapshots/ow14-s0202.json,4,4,true
2603,local_qwen,ow14-s0202,2,model-facing/candidate-snapshots/ow14-s0202.json,4,4,true
2604,local_qwen,ow14-s0202,3,model-facing/candidate-snapshots/ow14-s0202.json,4,4,true
2605,local_qwen,ow14-s0202,4,model-facing/candidate-snapshots/ow14-s0202.json,4,4,true
2606,local_qwen,ow14-s0202,5,model-facing/candidate-snapshots/ow14-s0202.json,4,4,true
2607,local_qwen,ow14-s0203,1,model-facing/candidate-snapshots/ow14-s0203.json,4,4,true
2608,local_qwen,ow14-s0203,2,model-facing/candidate-snapshots/ow14-s0203.json,4,4,true
2609,local_qwen,ow14-s0203,3,model-facing/candidate-snapshots/ow14-s0203.json,4,4,true
2610,local_qwen,ow14-s0203,4,model-facing/candidate-snapshots/ow14-s0203.json,4,4,true
2611,local_qwen,ow14-s0203,5,model-facing/candidate-snapshots/ow14-s0203.json,4,4,true
2612,local_qwen,ow14-s0204,1,model-facing/candidate-snapshots/ow14-s0204.json,4,4,true
2613,local_qwen,ow14-s0204,2,model-facing/candidate-snapshots/ow14-s0204.json,4,4,true
2614,local_qwen,ow14-s0204,3,model-facing/candidate-snapshots/ow14-s0204.json,4,4,true
2615,local_qwen,ow14-s0204,4,model-facing/candidate-snapshots/ow14-s0204.json,4,4,true
2616,local_qwen,ow14-s0204,5,model-facing/candidate-snapshots/ow14-s0204.json,4,4,true
2617,local_qwen,ow14-s0205,1,model-facing/candidate-snapshots/ow14-s0205.json,4,4,true
2618,local_qwen,ow14-s0205,2,model-facing/candidate-snapshots/ow14-s0205.json,4,4,true
2619,local_qwen,ow14-s0205,3,model-facing/candidate-snapshots/ow14-s0205.json,4,4,true
2620,local_qwen,ow14-s0205,4,model-facing/candidate-snapshots/ow14-s0205.json,4,4,true
2621,local_qwen,ow14-s0205,5,model-facing/candidate-snapshots/ow14-s0205.json,4,4,true
2622,local_qwen,ow14-s0206,1,model-facing/candidate-snapshots/ow14-s0206.json,4,4,true
2623,local_qwen,ow14-s0206,2,model-facing/candidate-snapshots/ow14-s0206.json,4,4,true
2624,local_qwen,ow14-s0206,3,model-facing/candidate-snapshots/ow14-s0206.json,4,4,true
2625,local_qwen,ow14-s0206,4,model-facing/candidate-snapshots/ow14-s0206.json,4,4,true
2626,local_qwen,ow14-s0206,5,model-facing/candidate-snapshots/ow14-s0206.json,4,4,true
2627,local_qwen,ow14-s0207,1,model-facing/candidate-snapshots/ow14-s0207.json,4,4,true
2628,local_qwen,ow14-s0207,2,model-facing/candidate-snapshots/ow14-s0207.json,4,4,true
2629,local_qwen,ow14-s0207,3,model-facing/candidate-snapshots/ow14-s0207.json,4,4,true
2630,local_qwen,ow14-s0207,4,model-facing/candidate-snapshots/ow14-s0207.json,4,4,true
2631,local_qwen,ow14-s0207,5,model-facing/candidate-snapshots/ow14-s0207.json,4,4,true
2632,local_qwen,ow14-s0208,1,model-facing/candidate-snapshots/ow14-s0208.json,4,4,true
2633,local_qwen,ow14-s0208,2,model-facing/candidate-snapshots/ow14-s0208.json,4,4,true
2634,local_qwen,ow14-s0208,3,model-facing/candidate-snapshots/ow14-s0208.json,4,4,true
2635,local_qwen,ow14-s0208,4,model-facing/candidate-snapshots/ow14-s0208.json,4,4,true
2636,local_qwen,ow14-s0208,5,model-facing/candidate-snapshots/ow14-s0208.json,4,4,true
2637,local_qwen,ow14-s0209,1,model-facing/candidate-snapshots/ow14-s0209.json,4,4,true
2638,local_qwen,ow14-s0209,2,model-facing/candidate-snapshots/ow14-s0209.json,4,4,true
2639,local_qwen,ow14-s0209,3,model-facing/candidate-snapshots/ow14-s0209.json,4,4,true
2640,local_qwen,ow14-s0209,4,model-facing/candidate-snapshots/ow14-s0209.json,4,4,true
2641,local_qwen,ow14-s0209,5,model-facing/candidate-snapshots/ow14-s0209.json,4,4,true
2642,local_qwen,ow14-s0210,1,model-facing/candidate-snapshots/ow14-s0210.json,4,4,true
2643,local_qwen,ow14-s0210,2,model-facing/candidate-snapshots/ow14-s0210.json,4,4,true
2644,local_qwen,ow14-s0210,3,model-facing/candidate-snapshots/ow14-s0210.json,4,4,true
2645,local_qwen,ow14-s0210,4,model-facing/candidate-snapshots/ow14-s0210.json,4,4,true
2646,local_qwen,ow14-s0210,5,model-facing/candidate-snapshots/ow14-s0210.json,4,4,true
2647,local_qwen,ow14-s0211,1,model-facing/candidate-snapshots/ow14-s0211.json,4,4,true
2648,local_qwen,ow14-s0211,2,model-facing/candidate-snapshots/ow14-s0211.json,4,4,true
2649,local_qwen,ow14-s0211,3,model-facing/candidate-snapshots/ow14-s0211.json,4,4,true
2650,local_qwen,ow14-s0211,4,model-facing/candidate-snapshots/ow14-s0211.json,4,4,true
2651,local_qwen,ow14-s0211,5,model-facing/candidate-snapshots/ow14-s0211.json,4,4,true
2652,local_qwen,ow14-s0212,1,model-facing/candidate-snapshots/ow14-s0212.json,4,4,true
2653,local_qwen,ow14-s0212,2,model-facing/candidate-snapshots/ow14-s0212.json,4,4,true
2654,local_qwen,ow14-s0212,3,model-facing/candidate-snapshots/ow14-s0212.json,4,4,true
2655,local_qwen,ow14-s0212,4,model-facing/candidate-snapshots/ow14-s0212.json,4,4,true
2656,local_qwen,ow14-s0212,5,model-facing/candidate-snapshots/ow14-s0212.json,4,4,true
2657,local_qwen,ow14-s0213,1,model-facing/candidate-snapshots/ow14-s0213.json,4,4,true
2658,local_qwen,ow14-s0213,2,model-facing/candidate-snapshots/ow14-s0213.json,4,4,true
2659,local_qwen,ow14-s0213,3,model-facing/candidate-snapshots/ow14-s0213.json,4,4,true
2660,local_qwen,ow14-s0213,4,model-facing/candidate-snapshots/ow14-s0213.json,4,4,true
2661,local_qwen,ow14-s0213,5,model-facing/candidate-snapshots/ow14-s0213.json,4,4,true
2662,local_qwen,ow14-s0214,1,model-facing/candidate-snapshots/ow14-s0214.json,4,4,true
2663,local_qwen,ow14-s0214,2,model-facing/candidate-snapshots/ow14-s0214.json,4,4,true
2664,local_qwen,ow14-s0214,3,model-facing/candidate-snapshots/ow14-s0214.json,4,4,true
2665,local_qwen,ow14-s0214,4,model-facing/candidate-snapshots/ow14-s0214.json,4,4,true
2666,local_qwen,ow14-s0214,5,model-facing/candidate-snapshots/ow14-s0214.json,4,4,true
2667,local_qwen,ow14-s0215,1,model-facing/candidate-snapshots/ow14-s0215.json,4,4,true
2668,local_qwen,ow14-s0215,2,model-facing/candidate-snapshots/ow14-s0215.json,4,4,true
2669,local_qwen,ow14-s0215,3,model-facing/candidate-snapshots/ow14-s0215.json,4,4,true
2670,local_qwen,ow14-s0215,4,model-facing/candidate-snapshots/ow14-s0215.json,4,4,true
2671,local_qwen,ow14-s0215,5,model-facing/candidate-snapshots/ow14-s0215.json,4,4,true
2672,local_qwen,ow14-s0216,1,model-facing/candidate-snapshots/ow14-s0216.json,4,4,true
2673,local_qwen,ow14-s0216,2,model-facing/candidate-snapshots/ow14-s0216.json,4,4,true
2674,local_qwen,ow14-s0216,3,model-facing/candidate-snapshots/ow14-s0216.json,4,4,true
2675,local_qwen,ow14-s0216,4,model-facing/candidate-snapshots/ow14-s0216.json,4,4,true
2676,local_qwen,ow14-s0216,5,model-facing/candidate-snapshots/ow14-s0216.json,4,4,true
2677,local_qwen,ow14-s0217,1,model-facing/candidate-snapshots/ow14-s0217.json,4,4,true
2678,local_qwen,ow14-s0217,2,model-facing/candidate-snapshots/ow14-s0217.json,4,4,true
2679,local_qwen,ow14-s0217,3,model-facing/candidate-snapshots/ow14-s0217.json,4,4,true
2680,local_qwen,ow14-s0217,4,model-facing/candidate-snapshots/ow14-s0217.json,4,4,true
2681,local_qwen,ow14-s0217,5,model-facing/candidate-snapshots/ow14-s0217.json,4,4,true
2682,local_qwen,ow14-s0218,1,model-facing/candidate-snapshots/ow14-s0218.json,4,4,true
2683,local_qwen,ow14-s0218,2,model-facing/candidate-snapshots/ow14-s0218.json,4,4,true
2684,local_qwen,ow14-s0218,3,model-facing/candidate-snapshots/ow14-s0218.json,4,4,true
2685,local_qwen,ow14-s0218,4,model-facing/candidate-snapshots/ow14-s0218.json,4,4,true
2686,local_qwen,ow14-s0218,5,model-facing/candidate-snapshots/ow14-s0218.json,4,4,true
2687,local_qwen,ow14-s0219,1,model-facing/candidate-snapshots/ow14-s0219.json,4,4,true
2688,local_qwen,ow14-s0219,2,model-facing/candidate-snapshots/ow14-s0219.json,4,4,true
2689,local_qwen,ow14-s0219,3,model-facing/candidate-snapshots/ow14-s0219.json,4,4,true
2690,local_qwen,ow14-s0219,4,model-facing/candidate-snapshots/ow14-s0219.json,4,4,true
2691,local_qwen,ow14-s0219,5,model-facing/candidate-snapshots/ow14-s0219.json,4,4,true
2692,local_qwen,ow14-s0220,1,model-facing/candidate-snapshots/ow14-s0220.json,4,4,true
2693,local_qwen,ow14-s0220,2,model-facing/candidate-snapshots/ow14-s0220.json,4,4,true
2694,local_qwen,ow14-s0220,3,model-facing/candidate-snapshots/ow14-s0220.json,4,4,true
2695,local_qwen,ow14-s0220,4,model-facing/candidate-snapshots/ow14-s0220.json,4,4,true
2696,local_qwen,ow14-s0220,5,model-facing/candidate-snapshots/ow14-s0220.json,4,4,true
2697,local_qwen,ow14-s0221,1,model-facing/candidate-snapshots/ow14-s0221.json,4,4,true
2698,local_qwen,ow14-s0221,2,model-facing/candidate-snapshots/ow14-s0221.json,4,4,true
2699,local_qwen,ow14-s0221,3,model-facing/candidate-snapshots/ow14-s0221.json,4,4,true
2700,local_qwen,ow14-s0221,4,model-facing/candidate-snapshots/ow14-s0221.json,4,4,true
2701,local_qwen,ow14-s0221,5,model-facing/candidate-snapshots/ow14-s0221.json,4,4,true
2702,local_qwen,ow14-s0222,1,model-facing/candidate-snapshots/ow14-s0222.json,4,4,true
2703,local_qwen,ow14-s0222,2,model-facing/candidate-snapshots/ow14-s0222.json,4,4,true
2704,local_qwen,ow14-s0222,3,model-facing/candidate-snapshots/ow14-s0222.json,4,4,true
2705,local_qwen,ow14-s0222,4,model-facing/candidate-snapshots/ow14-s0222.json,4,4,true
2706,local_qwen,ow14-s0222,5,model-facing/candidate-snapshots/ow14-s0222.json,4,4,true
2707,local_qwen,ow14-s0223,1,model-facing/candidate-snapshots/ow14-s0223.json,4,4,true
2708,local_qwen,ow14-s0223,2,model-facing/candidate-snapshots/ow14-s0223.json,4,4,true
2709,local_qwen,ow14-s0223,3,model-facing/candidate-snapshots/ow14-s0223.json,4,4,true
2710,local_qwen,ow14-s0223,4,model-facing/candidate-snapshots/ow14-s0223.json,4,4,true
2711,local_qwen,ow14-s0223,5,model-facing/candidate-snapshots/ow14-s0223.json,4,4,true
2712,local_qwen,ow14-s0224,1,model-facing/candidate-snapshots/ow14-s0224.json,4,4,true
2713,local_qwen,ow14-s0224,2,model-facing/candidate-snapshots/ow14-s0224.json,4,4,true
2714,local_qwen,ow14-s0224,3,model-facing/candidate-snapshots/ow14-s0224.json,4,4,true
2715,local_qwen,ow14-s0224,4,model-facing/candidate-snapshots/ow14-s0224.json,4,4,true
2716,local_qwen,ow14-s0224,5,model-facing/candidate-snapshots/ow14-s0224.json,4,4,true
2717,local_qwen,ow14-s0225,1,model-facing/candidate-snapshots/ow14-s0225.json,4,4,true
2718,local_qwen,ow14-s0225,2,model-facing/candidate-snapshots/ow14-s0225.json,4,4,true
2719,local_qwen,ow14-s0225,3,model-facing/candidate-snapshots/ow14-s0225.json,4,4,true
2720,local_qwen,ow14-s0225,4,model-facing/candidate-snapshots/ow14-s0225.json,4,4,true
2721,local_qwen,ow14-s0225,5,model-facing/candidate-snapshots/ow14-s0225.json,4,4,true
2722,local_qwen,ow14-s0226,1,model-facing/candidate-snapshots/ow14-s0226.json,4,4,true
2723,local_qwen,ow14-s0226,2,model-facing/candidate-snapshots/ow14-s0226.json,4,4,true
2724,local_qwen,ow14-s0226,3,model-facing/candidate-snapshots/ow14-s0226.json,4,4,true
2725,local_qwen,ow14-s0226,4,model-facing/candidate-snapshots/ow14-s0226.json,4,4,true
2726,local_qwen,ow14-s0226,5,model-facing/candidate-snapshots/ow14-s0226.json,4,4,true
2727,local_qwen,ow14-s0227,1,model-facing/candidate-snapshots/ow14-s0227.json,4,4,true
2728,local_qwen,ow14-s0227,2,model-facing/candidate-snapshots/ow14-s0227.json,4,4,true
2729,local_qwen,ow14-s0227,3,model-facing/candidate-snapshots/ow14-s0227.json,4,4,true
2730,local_qwen,ow14-s0227,4,model-facing/candidate-snapshots/ow14-s0227.json,4,4,true
2731,local_qwen,ow14-s0227,5,model-facing/candidate-snapshots/ow14-s0227.json,4,4,true
2732,local_qwen,ow14-s0228,1,model-facing/candidate-snapshots/ow14-s0228.json,4,4,true
2733,local_qwen,ow14-s0228,2,model-facing/candidate-snapshots/ow14-s0228.json,4,4,true
2734,local_qwen,ow14-s0228,3,model-facing/candidate-snapshots/ow14-s0228.json,4,4,true
2735,local_qwen,ow14-s0228,4,model-facing/candidate-snapshots/ow14-s0228.json,4,4,true
2736,local_qwen,ow14-s0228,5,model-facing/candidate-snapshots/ow14-s0228.json,4,4,true
2737,local_qwen,ow14-s0229,1,model-facing/candidate-snapshots/ow14-s0229.json,4,4,true
2738,local_qwen,ow14-s0229,2,model-facing/candidate-snapshots/ow14-s0229.json,4,4,true
2739,local_qwen,ow14-s0229,3,model-facing/candidate-snapshots/ow14-s0229.json,4,4,true
2740,local_qwen,ow14-s0229,4,model-facing/candidate-snapshots/ow14-s0229.json,4,4,true
2741,local_qwen,ow14-s0229,5,model-facing/candidate-snapshots/ow14-s0229.json,4,4,true
2742,local_qwen,ow14-s0230,1,model-facing/candidate-snapshots/ow14-s0230.json,4,4,true
2743,local_qwen,ow14-s0230,2,model-facing/candidate-snapshots/ow14-s0230.json,4,4,true
2744,local_qwen,ow14-s0230,3,model-facing/candidate-snapshots/ow14-s0230.json,4,4,true
2745,local_qwen,ow14-s0230,4,model-facing/candidate-snapshots/ow14-s0230.json,4,4,true
2746,local_qwen,ow14-s0230,5,model-facing/candidate-snapshots/ow14-s0230.json,4,4,true
2747,local_qwen,ow14-s0231,1,model-facing/candidate-snapshots/ow14-s0231.json,4,4,true
2748,local_qwen,ow14-s0231,2,model-facing/candidate-snapshots/ow14-s0231.json,4,4,true
2749,local_qwen,ow14-s0231,3,model-facing/candidate-snapshots/ow14-s0231.json,4,4,true
2750,local_qwen,ow14-s0231,4,model-facing/candidate-snapshots/ow14-s0231.json,4,4,true
2751,local_qwen,ow14-s0231,5,model-facing/candidate-snapshots/ow14-s0231.json,4,4,true
2752,local_qwen,ow14-s0232,1,model-facing/candidate-snapshots/ow14-s0232.json,4,4,true
2753,local_qwen,ow14-s0232,2,model-facing/candidate-snapshots/ow14-s0232.json,4,4,true
2754,local_qwen,ow14-s0232,3,model-facing/candidate-snapshots/ow14-s0232.json,4,4,true
2755,local_qwen,ow14-s0232,4,model-facing/candidate-snapshots/ow14-s0232.json,4,4,true
2756,local_qwen,ow14-s0232,5,model-facing/candidate-snapshots/ow14-s0232.json,4,4,true
2757,local_qwen,ow14-s0233,1,model-facing/candidate-snapshots/ow14-s0233.json,4,4,true
2758,local_qwen,ow14-s0233,2,model-facing/candidate-snapshots/ow14-s0233.json,4,4,true
2759,local_qwen,ow14-s0233,3,model-facing/candidate-snapshots/ow14-s0233.json,4,4,true
2760,local_qwen,ow14-s0233,4,model-facing/candidate-snapshots/ow14-s0233.json,4,4,true
2761,local_qwen,ow14-s0233,5,model-facing/candidate-snapshots/ow14-s0233.json,4,4,true
2762,local_qwen,ow14-s0234,1,model-facing/candidate-snapshots/ow14-s0234.json,4,4,true
2763,local_qwen,ow14-s0234,2,model-facing/candidate-snapshots/ow14-s0234.json,4,4,true
2764,local_qwen,ow14-s0234,3,model-facing/candidate-snapshots/ow14-s0234.json,4,4,true
2765,local_qwen,ow14-s0234,4,model-facing/candidate-snapshots/ow14-s0234.json,4,4,true
2766,local_qwen,ow14-s0234,5,model-facing/candidate-snapshots/ow14-s0234.json,4,4,true
2767,local_qwen,ow14-s0235,1,model-facing/candidate-snapshots/ow14-s0235.json,4,4,true
2768,local_qwen,ow14-s0235,2,model-facing/candidate-snapshots/ow14-s0235.json,4,4,true
2769,local_qwen,ow14-s0235,3,model-facing/candidate-snapshots/ow14-s0235.json,4,4,true
2770,local_qwen,ow14-s0235,4,model-facing/candidate-snapshots/ow14-s0235.json,4,4,true
2771,local_qwen,ow14-s0235,5,model-facing/candidate-snapshots/ow14-s0235.json,4,4,true
2772,local_qwen,ow14-s0236,1,model-facing/candidate-snapshots/ow14-s0236.json,4,4,true
2773,local_qwen,ow14-s0236,2,model-facing/candidate-snapshots/ow14-s0236.json,4,4,true
2774,local_qwen,ow14-s0236,3,model-facing/candidate-snapshots/ow14-s0236.json,4,4,true
2775,local_qwen,ow14-s0236,4,model-facing/candidate-snapshots/ow14-s0236.json,4,4,true
2776,local_qwen,ow14-s0236,5,model-facing/candidate-snapshots/ow14-s0236.json,4,4,true
2777,local_qwen,ow14-s0237,1,model-facing/candidate-snapshots/ow14-s0237.json,4,4,true
2778,local_qwen,ow14-s0237,2,model-facing/candidate-snapshots/ow14-s0237.json,4,4,true
2779,local_qwen,ow14-s0237,3,model-facing/candidate-snapshots/ow14-s0237.json,4,4,true
2780,local_qwen,ow14-s0237,4,model-facing/candidate-snapshots/ow14-s0237.json,4,4,true
2781,local_qwen,ow14-s0237,5,model-facing/candidate-snapshots/ow14-s0237.json,4,4,true
2782,local_qwen,ow14-s0238,1,model-facing/candidate-snapshots/ow14-s0238.json,4,4,true
2783,local_qwen,ow14-s0238,2,model-facing/candidate-snapshots/ow14-s0238.json,4,4,true
2784,local_qwen,ow14-s0238,3,model-facing/candidate-snapshots/ow14-s0238.json,4,4,true
2785,local_qwen,ow14-s0238,4,model-facing/candidate-snapshots/ow14-s0238.json,4,4,true
2786,local_qwen,ow14-s0238,5,model-facing/candidate-snapshots/ow14-s0238.json,4,4,true
2787,local_qwen,ow14-s0239,1,model-facing/candidate-snapshots/ow14-s0239.json,4,4,true
2788,local_qwen,ow14-s0239,2,model-facing/candidate-snapshots/ow14-s0239.json,4,4,true
2789,local_qwen,ow14-s0239,3,model-facing/candidate-snapshots/ow14-s0239.json,4,4,true
2790,local_qwen,ow14-s0239,4,model-facing/candidate-snapshots/ow14-s0239.json,4,4,true
2791,local_qwen,ow14-s0239,5,model-facing/candidate-snapshots/ow14-s0239.json,4,4,true
2792,local_qwen,ow14-s0240,1,model-facing/candidate-snapshots/ow14-s0240.json,4,4,true
2793,local_qwen,ow14-s0240,2,model-facing/candidate-snapshots/ow14-s0240.json,4,4,true
2794,local_qwen,ow14-s0240,3,model-facing/candidate-snapshots/ow14-s0240.json,4,4,true
2795,local_qwen,ow14-s0240,4,model-facing/candidate-snapshots/ow14-s0240.json,4,4,true
2796,local_qwen,ow14-s0240,5,model-facing/candidate-snapshots/ow14-s0240.json,4,4,true
2797,local_qwen,ow14-s0241,1,model-facing/candidate-snapshots/ow14-s0241.json,4,4,true
2798,local_qwen,ow14-s0241,2,model-facing/candidate-snapshots/ow14-s0241.json,4,4,true
2799,local_qwen,ow14-s0241,3,model-facing/candidate-snapshots/ow14-s0241.json,4,4,true
2800,local_qwen,ow14-s0241,4,model-facing/candidate-snapshots/ow14-s0241.json,4,4,true
2801,local_qwen,ow14-s0241,5,model-facing/candidate-snapshots/ow14-s0241.json,4,4,true
2802,local_qwen,ow14-s0242,1,model-facing/candidate-snapshots/ow14-s0242.json,4,4,true
2803,local_qwen,ow14-s0242,2,model-facing/candidate-snapshots/ow14-s0242.json,4,4,true
2804,local_qwen,ow14-s0242,3,model-facing/candidate-snapshots/ow14-s0242.json,4,4,true
2805,local_qwen,ow14-s0242,4,model-facing/candidate-snapshots/ow14-s0242.json,4,4,true
2806,local_qwen,ow14-s0242,5,model-facing/candidate-snapshots/ow14-s0242.json,4,4,true
2807,local_qwen,ow14-s0243,1,model-facing/candidate-snapshots/ow14-s0243.json,4,4,true
2808,local_qwen,ow14-s0243,2,model-facing/candidate-snapshots/ow14-s0243.json,4,4,true
2809,local_qwen,ow14-s0243,3,model-facing/candidate-snapshots/ow14-s0243.json,4,4,true
2810,local_qwen,ow14-s0243,4,model-facing/candidate-snapshots/ow14-s0243.json,4,4,true
2811,local_qwen,ow14-s0243,5,model-facing/candidate-snapshots/ow14-s0243.json,4,4,true
2812,local_qwen,ow14-s0244,1,model-facing/candidate-snapshots/ow14-s0244.json,4,4,true
2813,local_qwen,ow14-s0244,2,model-facing/candidate-snapshots/ow14-s0244.json,4,4,true
2814,local_qwen,ow14-s0244,3,model-facing/candidate-snapshots/ow14-s0244.json,4,4,true
2815,local_qwen,ow14-s0244,4,model-facing/candidate-snapshots/ow14-s0244.json,4,4,true
2816,local_qwen,ow14-s0244,5,model-facing/candidate-snapshots/ow14-s0244.json,4,4,true
2817,local_qwen,ow14-s0245,1,model-facing/candidate-snapshots/ow14-s0245.json,4,4,true
2818,local_qwen,ow14-s0245,2,model-facing/candidate-snapshots/ow14-s0245.json,4,4,true
2819,local_qwen,ow14-s0245,3,model-facing/candidate-snapshots/ow14-s0245.json,4,4,true
2820,local_qwen,ow14-s0245,4,model-facing/candidate-snapshots/ow14-s0245.json,4,4,true
2821,local_qwen,ow14-s0245,5,model-facing/candidate-snapshots/ow14-s0245.json,4,4,true
2822,local_qwen,ow14-s0246,1,model-facing/candidate-snapshots/ow14-s0246.json,4,4,true
2823,local_qwen,ow14-s0246,2,model-facing/candidate-snapshots/ow14-s0246.json,4,4,true
2824,local_qwen,ow14-s0246,3,model-facing/candidate-snapshots/ow14-s0246.json,4,4,true
2825,local_qwen,ow14-s0246,4,model-facing/candidate-snapshots/ow14-s0246.json,4,4,true
2826,local_qwen,ow14-s0246,5,model-facing/candidate-snapshots/ow14-s0246.json,4,4,true
2827,local_qwen,ow14-s0247,1,model-facing/candidate-snapshots/ow14-s0247.json,4,4,true
2828,local_qwen,ow14-s0247,2,model-facing/candidate-snapshots/ow14-s0247.json,4,4,true
2829,local_qwen,ow14-s0247,3,model-facing/candidate-snapshots/ow14-s0247.json,4,4,true
2830,local_qwen,ow14-s0247,4,model-facing/candidate-snapshots/ow14-s0247.json,4,4,true
2831,local_qwen,ow14-s0247,5,model-facing/candidate-snapshots/ow14-s0247.json,4,4,true
2832,local_qwen,ow14-s0248,1,model-facing/candidate-snapshots/ow14-s0248.json,4,4,true
2833,local_qwen,ow14-s0248,2,model-facing/candidate-snapshots/ow14-s0248.json,4,4,true
2834,local_qwen,ow14-s0248,3,model-facing/candidate-snapshots/ow14-s0248.json,4,4,true
2835,local_qwen,ow14-s0248,4,model-facing/candidate-snapshots/ow14-s0248.json,4,4,true
2836,local_qwen,ow14-s0248,5,model-facing/candidate-snapshots/ow14-s0248.json,4,4,true
2837,local_qwen,ow14-s0249,1,model-facing/candidate-snapshots/ow14-s0249.json,4,4,true
2838,local_qwen,ow14-s0249,2,model-facing/candidate-snapshots/ow14-s0249.json,4,4,true
2839,local_qwen,ow14-s0249,3,model-facing/candidate-snapshots/ow14-s0249.json,4,4,true
2840,local_qwen,ow14-s0249,4,model-facing/candidate-snapshots/ow14-s0249.json,4,4,true
2841,local_qwen,ow14-s0249,5,model-facing/candidate-snapshots/ow14-s0249.json,4,4,true
2842,local_qwen,ow14-s0250,1,model-facing/candidate-snapshots/ow14-s0250.json,4,4,true
2843,local_qwen,ow14-s0250,2,model-facing/candidate-snapshots/ow14-s0250.json,4,4,true
2844,local_qwen,ow14-s0250,3,model-facing/candidate-snapshots/ow14-s0250.json,4,4,true
2845,local_qwen,ow14-s0250,4,model-facing/candidate-snapshots/ow14-s0250.json,4,4,true
2846,local_qwen,ow14-s0250,5,model-facing/candidate-snapshots/ow14-s0250.json,4,4,true
2847,local_qwen,ow14-s0251,1,model-facing/candidate-snapshots/ow14-s0251.json,4,4,true
2848,local_qwen,ow14-s0251,2,model-facing/candidate-snapshots/ow14-s0251.json,4,4,true
2849,local_qwen,ow14-s0251,3,model-facing/candidate-snapshots/ow14-s0251.json,4,4,true
2850,local_qwen,ow14-s0251,4,model-facing/candidate-snapshots/ow14-s0251.json,4,4,true
2851,local_qwen,ow14-s0251,5,model-facing/candidate-snapshots/ow14-s0251.json,4,4,true
2852,local_qwen,ow14-s0252,1,model-facing/candidate-snapshots/ow14-s0252.json,4,4,true
2853,local_qwen,ow14-s0252,2,model-facing/candidate-snapshots/ow14-s0252.json,4,4,true
2854,local_qwen,ow14-s0252,3,model-facing/candidate-snapshots/ow14-s0252.json,4,4,true
2855,local_qwen,ow14-s0252,4,model-facing/candidate-snapshots/ow14-s0252.json,4,4,true
2856,local_qwen,ow14-s0252,5,model-facing/candidate-snapshots/ow14-s0252.json,4,4,true
2857,local_qwen,ow14-s0253,1,model-facing/candidate-snapshots/ow14-s0253.json,4,4,true
2858,local_qwen,ow14-s0253,2,model-facing/candidate-snapshots/ow14-s0253.json,4,4,true
2859,local_qwen,ow14-s0253,3,model-facing/candidate-snapshots/ow14-s0253.json,4,4,true
2860,local_qwen,ow14-s0253,4,model-facing/candidate-snapshots/ow14-s0253.json,4,4,true
2861,local_qwen,ow14-s0253,5,model-facing/candidate-snapshots/ow14-s0253.json,4,4,true
2862,local_qwen,ow14-s0254,1,model-facing/candidate-snapshots/ow14-s0254.json,4,4,true
2863,local_qwen,ow14-s0254,2,model-facing/candidate-snapshots/ow14-s0254.json,4,4,true
2864,local_qwen,ow14-s0254,3,model-facing/candidate-snapshots/ow14-s0254.json,4,4,true
2865,local_qwen,ow14-s0254,4,model-facing/candidate-snapshots/ow14-s0254.json,4,4,true
2866,local_qwen,ow14-s0254,5,model-facing/candidate-snapshots/ow14-s0254.json,4,4,true
2867,local_qwen,ow14-s0255,1,model-facing/candidate-snapshots/ow14-s0255.json,4,4,true
2868,local_qwen,ow14-s0255,2,model-facing/candidate-snapshots/ow14-s0255.json,4,4,true
2869,local_qwen,ow14-s0255,3,model-facing/candidate-snapshots/ow14-s0255.json,4,4,true
2870,local_qwen,ow14-s0255,4,model-facing/candidate-snapshots/ow14-s0255.json,4,4,true
2871,local_qwen,ow14-s0255,5,model-facing/candidate-snapshots/ow14-s0255.json,4,4,true
2872,local_qwen,ow14-s0256,1,model-facing/candidate-snapshots/ow14-s0256.json,4,4,true
2873,local_qwen,ow14-s0256,2,model-facing/candidate-snapshots/ow14-s0256.json,4,4,true
2874,local_qwen,ow14-s0256,3,model-facing/candidate-snapshots/ow14-s0256.json,4,4,true
2875,local_qwen,ow14-s0256,4,model-facing/candidate-snapshots/ow14-s0256.json,4,4,true
2876,local_qwen,ow14-s0256,5,model-facing/candidate-snapshots/ow14-s0256.json,4,4,true
2877,local_qwen,ow14-s0257,1,model-facing/candidate-snapshots/ow14-s0257.json,4,4,true
2878,local_qwen,ow14-s0257,2,model-facing/candidate-snapshots/ow14-s0257.json,4,4,true
2879,local_qwen,ow14-s0257,3,model-facing/candidate-snapshots/ow14-s0257.json,4,4,true
2880,local_qwen,ow14-s0257,4,model-facing/candidate-snapshots/ow14-s0257.json,4,4,true
2881,local_qwen,ow14-s0257,5,model-facing/candidate-snapshots/ow14-s0257.json,4,4,true
2882,local_qwen,ow14-s0258,1,model-facing/candidate-snapshots/ow14-s0258.json,4,4,true
2883,local_qwen,ow14-s0258,2,model-facing/candidate-snapshots/ow14-s0258.json,4,4,true
2884,local_qwen,ow14-s0258,3,model-facing/candidate-snapshots/ow14-s0258.json,4,4,true
2885,local_qwen,ow14-s0258,4,model-facing/candidate-snapshots/ow14-s0258.json,4,4,true
2886,local_qwen,ow14-s0258,5,model-facing/candidate-snapshots/ow14-s0258.json,4,4,true
2887,local_qwen,ow14-s0259,1,model-facing/candidate-snapshots/ow14-s0259.json,4,4,true
2888,local_qwen,ow14-s0259,2,model-facing/candidate-snapshots/ow14-s0259.json,4,4,true
2889,local_qwen,ow14-s0259,3,model-facing/candidate-snapshots/ow14-s0259.json,4,4,true
2890,local_qwen,ow14-s0259,4,model-facing/candidate-snapshots/ow14-s0259.json,4,4,true
2891,local_qwen,ow14-s0259,5,model-facing/candidate-snapshots/ow14-s0259.json,4,4,true
2892,local_qwen,ow14-s0260,1,model-facing/candidate-snapshots/ow14-s0260.json,4,4,true
2893,local_qwen,ow14-s0260,2,model-facing/candidate-snapshots/ow14-s0260.json,4,4,true
2894,local_qwen,ow14-s0260,3,model-facing/candidate-snapshots/ow14-s0260.json,4,4,true
2895,local_qwen,ow14-s0260,4,model-facing/candidate-snapshots/ow14-s0260.json,4,4,true
2896,local_qwen,ow14-s0260,5,model-facing/candidate-snapshots/ow14-s0260.json,4,4,true
2897,local_qwen,ow14-s0261,1,model-facing/candidate-snapshots/ow14-s0261.json,4,4,true
2898,local_qwen,ow14-s0261,2,model-facing/candidate-snapshots/ow14-s0261.json,4,4,true
2899,local_qwen,ow14-s0261,3,model-facing/candidate-snapshots/ow14-s0261.json,4,4,true
2900,local_qwen,ow14-s0261,4,model-facing/candidate-snapshots/ow14-s0261.json,4,4,true
2901,local_qwen,ow14-s0261,5,model-facing/candidate-snapshots/ow14-s0261.json,4,4,true
2902,local_qwen,ow14-s0262,1,model-facing/candidate-snapshots/ow14-s0262.json,4,4,true
2903,local_qwen,ow14-s0262,2,model-facing/candidate-snapshots/ow14-s0262.json,4,4,true
2904,local_qwen,ow14-s0262,3,model-facing/candidate-snapshots/ow14-s0262.json,4,4,true
2905,local_qwen,ow14-s0262,4,model-facing/candidate-snapshots/ow14-s0262.json,4,4,true
2906,local_qwen,ow14-s0262,5,model-facing/candidate-snapshots/ow14-s0262.json,4,4,true
2907,local_qwen,ow14-s0263,1,model-facing/candidate-snapshots/ow14-s0263.json,4,4,true
2908,local_qwen,ow14-s0263,2,model-facing/candidate-snapshots/ow14-s0263.json,4,4,true
2909,local_qwen,ow14-s0263,3,model-facing/candidate-snapshots/ow14-s0263.json,4,4,true
2910,local_qwen,ow14-s0263,4,model-facing/candidate-snapshots/ow14-s0263.json,4,4,true
2911,local_qwen,ow14-s0263,5,model-facing/candidate-snapshots/ow14-s0263.json,4,4,true
2912,local_qwen,ow14-s0264,1,model-facing/candidate-snapshots/ow14-s0264.json,4,4,true
2913,local_qwen,ow14-s0264,2,model-facing/candidate-snapshots/ow14-s0264.json,4,4,true
2914,local_qwen,ow14-s0264,3,model-facing/candidate-snapshots/ow14-s0264.json,4,4,true
2915,local_qwen,ow14-s0264,4,model-facing/candidate-snapshots/ow14-s0264.json,4,4,true
2916,local_qwen,ow14-s0264,5,model-facing/candidate-snapshots/ow14-s0264.json,4,4,true
2917,local_qwen,ow14-s0265,1,model-facing/candidate-snapshots/ow14-s0265.json,4,4,true
2918,local_qwen,ow14-s0265,2,model-facing/candidate-snapshots/ow14-s0265.json,4,4,true
2919,local_qwen,ow14-s0265,3,model-facing/candidate-snapshots/ow14-s0265.json,4,4,true
2920,local_qwen,ow14-s0265,4,model-facing/candidate-snapshots/ow14-s0265.json,4,4,true
2921,local_qwen,ow14-s0265,5,model-facing/candidate-snapshots/ow14-s0265.json,4,4,true
2922,local_qwen,ow14-s0266,1,model-facing/candidate-snapshots/ow14-s0266.json,4,4,true
2923,local_qwen,ow14-s0266,2,model-facing/candidate-snapshots/ow14-s0266.json,4,4,true
2924,local_qwen,ow14-s0266,3,model-facing/candidate-snapshots/ow14-s0266.json,4,4,true
2925,local_qwen,ow14-s0266,4,model-facing/candidate-snapshots/ow14-s0266.json,4,4,true
2926,local_qwen,ow14-s0266,5,model-facing/candidate-snapshots/ow14-s0266.json,4,4,true
